representation,comparison,relation,bin_left,bin_right,bin_center,density
bioclip,species,same,-0.2240044367313385,-0.20870438127219676,-0.2163544090017676,0.0
bioclip,species,same,-0.20870438127219676,-0.19340432581305503,-0.2010543535426259,0.0
bioclip,species,same,-0.19340432581305503,-0.1781042703539133,-0.18575429808348415,0.0
bioclip,species,same,-0.1781042703539133,-0.16280421489477157,-0.17045424262434244,0.0
bioclip,species,same,-0.16280421489477157,-0.14750415943562983,-0.15515418716520069,0.0
bioclip,species,same,-0.14750415943562983,-0.1322041039764881,-0.13985413170605898,0.0
bioclip,species,same,-0.1322041039764881,-0.11690404851734637,-0.12455407624691724,0.0
bioclip,species,same,-0.11690404851734637,-0.10160399305820464,-0.1092540207877755,0.0
bioclip,species,same,-0.10160399305820464,-0.08630393759906291,-0.09395396532863377,0.0
bioclip,species,same,-0.08630393759906291,-0.07100388213992118,-0.07865390986949204,0.0
bioclip,species,same,-0.07100388213992118,-0.055703826680779445,-0.06335385441035031,0.0
bioclip,species,same,-0.055703826680779445,-0.04040377122163771,-0.04805379895120858,0.0
bioclip,species,same,-0.04040377122163771,-0.02510371576249598,-0.03275374349206685,0.0
bioclip,species,same,-0.02510371576249598,-0.00980366030335425,-0.017453688032925116,0.0
bioclip,species,same,-0.00980366030335425,0.005496395155787481,-0.0021536325737833845,0.0
bioclip,species,same,0.005496395155787481,0.020796450614929213,0.013146422885358347,0.0
bioclip,species,same,0.020796450614929213,0.036096506074070916,0.028446478344500065,0.0
bioclip,species,same,0.036096506074070916,0.051396561533212676,0.043746533803641796,0.0
bioclip,species,same,0.051396561533212676,0.06669661699235443,0.059046589262783555,0.0
bioclip,species,same,0.06669661699235443,0.08199667245149614,0.07434664472192529,0.0
bioclip,species,same,0.08199667245149614,0.09729672791063784,0.08964670018106699,0.0
bioclip,species,same,0.09729672791063784,0.1125967833697796,0.10494675564020872,0.0
bioclip,species,same,0.1125967833697796,0.12789683882892136,0.12024681109935048,0.0
bioclip,species,same,0.12789683882892136,0.14319689428806306,0.1355468665584922,0.0028999574146456367
bioclip,species,same,0.14319689428806306,0.15849694974720477,0.15084692201763392,0.0057999148292912734
bioclip,species,same,0.15849694974720477,0.17379700520634653,0.16614697747677565,0.02319965931716501
bioclip,species,same,0.17379700520634653,0.1890970606654883,0.1814470329359174,0.01739974448787376
bioclip,species,same,0.1890970606654883,0.20439711612463,0.19674708839505914,0.08699872243936911
bioclip,species,same,0.20439711612463,0.2196971715837717,0.21204714385420084,0.09859855209795165
bioclip,species,same,0.2196971715837717,0.23499722704291345,0.22734719931334257,0.17109748746409195
bioclip,species,same,0.23499722704291345,0.2502972825020552,0.24264725477248433,0.19719710419590294
bioclip,species,same,0.2502972825020552,0.2655973379611969,0.25794731023162604,0.36539463424535024
bioclip,species,same,0.2655973379611969,0.2808973934203386,0.27324736569076774,0.3798944213185784
bioclip,species,same,0.2808973934203386,0.2961974488794803,0.28854742114990944,0.47269305858723876
bioclip,species,same,0.2961974488794803,0.3114975043386221,0.3038474766090512,0.5857913977584144
bioclip,species,same,0.3114975043386221,0.3267975597977638,0.31914753206819296,0.7858884593689676
bioclip,species,same,0.3267975597977638,0.3420976152569055,0.33444758752733467,0.9047867133694387
bioclip,species,same,0.3420976152569055,0.35739767071604733,0.3497476429864764,1.1628829232728919
bioclip,species,same,0.35739767071604733,0.37269772617518904,0.3650476984456182,1.365879942298095
bioclip,species,same,0.37269772617518904,0.38799778163433074,0.3803477539047599,1.3542801126395125
bioclip,species,same,0.38799778163433074,0.40329783709347244,0.3956478093639016,1.7022750023969888
bioclip,species,same,0.40329783709347244,0.41859789255261415,0.4109478648230433,1.7979735970802948
bioclip,species,same,0.41859789255261415,0.43389794801175596,0.42624792028218506,1.9255717233246887
bioclip,species,same,0.43389794801175596,0.44919800347089767,0.4415479757413268,1.9342715955686398
bioclip,species,same,0.44919800347089767,0.46449805893003937,0.4568480312004685,2.0560698069837566
bioclip,species,same,0.46449805893003937,0.4797981143891812,0.4721480866596103,2.1082690404473627
bioclip,species,same,0.4797981143891812,0.4950981698483229,0.48744814211875204,2.137268614593834
bioclip,species,same,0.4950981698483229,0.5103982253074646,0.5027481975778938,1.931371638153994
bioclip,species,same,0.5103982253074646,0.5256982807666063,0.5180482530370354,1.7776738951777753
bioclip,species,same,0.5256982807666063,0.540998336225748,0.5333483084961772,1.9603712123004506
bioclip,species,same,0.540998336225748,0.5562983916848898,0.5486483639553189,2.041570019910514
bioclip,species,same,0.5562983916848898,0.5715984471440315,0.5639484194144606,1.858872702787853
bioclip,species,same,0.5715984471440315,0.5868985026031732,0.5792484748736024,2.038670062495883
bioclip,species,same,0.5868985026031732,0.602198558062315,0.5945485303327441,2.2300672518624785
bioclip,species,same,0.602198558062315,0.6174986135214567,0.6098485857918858,2.0647696792276933
bioclip,species,same,0.6174986135214567,0.6327986689805984,0.6251486412510276,2.0067705309347805
bioclip,species,same,0.6327986689805984,0.6480987244397401,0.6404486967101692,1.9052720214221837
bioclip,species,same,0.6480987244397401,0.6633987798988819,0.655748752169311,1.5311775149328963
bioclip,species,same,0.6633987798988819,0.6786988353580237,0.6710488076284528,1.5746768761525693
bioclip,species,same,0.6786988353580237,0.6939988908171654,0.6863488630875945,1.452878664737464
bioclip,species,same,0.6939988908171654,0.7092989462763071,0.7016489185467363,1.3252805384930562
bioclip,species,same,0.7092989462763071,0.7245990017354489,0.716948974005878,1.1657828806875377
bioclip,species,same,0.7245990017354489,0.7398990571945906,0.7322490294650197,1.4325789628349448
bioclip,species,same,0.7398990571945906,0.7551991126537323,0.7475490849241615,1.4354789202495901
bioclip,species,same,0.7551991126537323,0.770499168112874,0.7628491403833031,1.3513801552248668
bioclip,species,same,0.770499168112874,0.7857992235720157,0.7781491958424449,1.470278409225338
bioclip,species,same,0.7857992235720157,0.8010992790311575,0.7934492513015866,1.4238790905909975
bioclip,species,same,0.8010992790311575,0.8163993344902991,0.8087493067607283,1.391979559029916
bioclip,species,same,0.8163993344902991,0.8316993899494409,0.82404936221987,1.3455802403955657
bioclip,species,same,0.8316993899494409,0.8469994454085827,0.8393494176790118,1.2962809643465902
bioclip,species,same,0.8469994454085827,0.8622995008677243,0.8546494731381535,1.3107807514198373
bioclip,species,same,0.8622995008677243,0.8775995563268661,0.8699495285972952,1.101983817565334
bioclip,species,same,0.8775995563268661,0.892899611786008,0.885249584056437,0.9975853506380918
bioclip,species,same,0.892899611786008,0.9081996672451496,0.9005496395155788,0.7684887148810994
bioclip,species,same,0.9081996672451496,0.9234997227042914,0.9158496949747205,0.7104895665881759
bioclip,species,same,0.9234997227042914,0.9387997781634332,0.9311497504338623,0.3972941658064494
bioclip,species,same,0.9387997781634332,0.9540998336225748,0.946449805893004,0.2754959543913375
bioclip,species,same,0.9540998336225748,0.9693998890817166,0.9617498613521457,0.10439846692724218
bioclip,species,same,0.9693998890817166,0.9846999445408582,0.9770499168112874,0.037699446390393555
bioclip,species,same,0.9846999445408582,1.0,0.9923499722704291,0.0
bioclip,species,different,-0.2240044367313385,-0.20870438127219676,-0.2163544090017676,0.0
bioclip,species,different,-0.20870438127219676,-0.19340432581305503,-0.2010543535426259,0.0
bioclip,species,different,-0.19340432581305503,-0.1781042703539133,-0.18575429808348415,0.0
bioclip,species,different,-0.1781042703539133,-0.16280421489477157,-0.17045424262434244,0.0
bioclip,species,different,-0.16280421489477157,-0.14750415943562983,-0.15515418716520069,0.0
bioclip,species,different,-0.14750415943562983,-0.1322041039764881,-0.13985413170605898,0.0
bioclip,species,different,-0.1322041039764881,-0.11690404851734637,-0.12455407624691724,0.0
bioclip,species,different,-0.11690404851734637,-0.10160399305820464,-0.1092540207877755,0.0
bioclip,species,different,-0.10160399305820464,-0.08630393759906291,-0.09395396532863377,0.0
bioclip,species,different,-0.08630393759906291,-0.07100388213992118,-0.07865390986949204,0.0
bioclip,species,different,-0.07100388213992118,-0.055703826680779445,-0.06335385441035031,0.0
bioclip,species,different,-0.055703826680779445,-0.04040377122163771,-0.04805379895120858,0.0
bioclip,species,different,-0.04040377122163771,-0.02510371576249598,-0.03275374349206685,0.0
bioclip,species,different,-0.02510371576249598,-0.00980366030335425,-0.017453688032925116,0.0
bioclip,species,different,-0.00980366030335425,0.005496395155787481,-0.0021536325737833845,0.0
bioclip,species,different,0.005496395155787481,0.020796450614929213,0.013146422885358347,0.0002480287263230879
bioclip,species,different,0.020796450614929213,0.036096506074070916,0.028446478344500065,0.0015873838484677654
bioclip,species,different,0.036096506074070916,0.051396561533212676,0.043746533803641796,0.004414911328550957
bioclip,species,different,0.051396561533212676,0.06669661699235443,0.059046589262783555,0.010962869703480467
bioclip,species,different,0.06669661699235443,0.08199667245149614,0.07434664472192529,0.025596564556542717
bioclip,species,different,0.08199667245149614,0.09729672791063784,0.08964670018106699,0.053326176159463994
bioclip,species,different,0.09729672791063784,0.1125967833697796,0.10494675564020872,0.0961359343228287
bioclip,species,different,0.1125967833697796,0.12789683882892136,0.12024681109935048,0.18785695731710644
bioclip,species,different,0.12789683882892136,0.14319689428806306,0.1355468665584922,0.2985273750024692
bioclip,species,different,0.14319689428806306,0.15849694974720477,0.15084692201763392,0.4757687028329481
bioclip,species,different,0.15849694974720477,0.17379700520634653,0.16614697747677565,0.7212179304022737
bioclip,species,different,0.17379700520634653,0.1890970606654883,0.1814470329359174,1.0402324781990286
bioclip,species,different,0.1890970606654883,0.20439711612463,0.19674708839505914,1.4398563620507925
bioclip,species,different,0.20439711612463,0.2196971715837717,0.21204714385420084,1.9128967488941866
bioclip,species,different,0.2196971715837717,0.23499722704291345,0.22734719931334257,2.4483907690257256
bioclip,species,different,0.23499722704291345,0.2502972825020552,0.24264725477248433,2.9896390556079724
bioclip,species,different,0.2502972825020552,0.2655973379611969,0.25794731023162604,3.548398170268631
bioclip,species,different,0.2655973379611969,0.2808973934203386,0.27324736569076774,4.003034825618853
bioclip,species,different,0.2808973934203386,0.2961974488794803,0.28854742114990944,4.359154470873542
bioclip,species,different,0.2961974488794803,0.3114975043386221,0.3038474766090512,4.555444404885602
bioclip,species,different,0.3114975043386221,0.3267975597977638,0.31914753206819296,4.584662188846495
bioclip,species,different,0.3267975597977638,0.3420976152569055,0.33444758752733467,4.473148473491634
bioclip,species,different,0.3420976152569055,0.35739767071604733,0.3497476429864764,4.220208778387318
bioclip,species,different,0.35739767071604733,0.37269772617518904,0.3650476984456182,3.848909775081685
bioclip,species,different,0.37269772617518904,0.38799778163433074,0.3803477539047599,3.4399104053749125
bioclip,species,different,0.38799778163433074,0.40329783709347244,0.3956478093639016,2.9998082333872245
bioclip,species,different,0.40329783709347244,0.41859789255261415,0.4109478648230433,2.5865923753329594
bioclip,species,different,0.41859789255261415,0.43389794801175596,0.42624792028218506,2.1716899219396812
bioclip,species,different,0.43389794801175596,0.44919800347089767,0.4415479757413268,1.8219694178241423
bioclip,species,different,0.44919800347089767,0.46449805893003937,0.4568480312004685,1.5108917892697251
bioclip,species,different,0.46449805893003937,0.4797981143891812,0.4721480866596103,1.2378121615879958
bioclip,species,different,0.4797981143891812,0.4950981698483229,0.48744814211875204,0.9985140464314891
bioclip,species,different,0.4950981698483229,0.5103982253074646,0.5027481975778938,0.7948328563749689
bioclip,species,different,0.5103982253074646,0.5256982807666063,0.5180482530370354,0.6117876563485297
bioclip,species,different,0.5256982807666063,0.540998336225748,0.5333483084961772,0.48395365080161
bioclip,species,different,0.540998336225748,0.5562983916848898,0.5486483639553189,0.35487950162307225
bioclip,species,different,0.5562983916848898,0.5715984471440315,0.5639484194144606,0.2628112384119444
bioclip,species,different,0.5715984471440315,0.5868985026031732,0.5792484748736024,0.19460333867309512
bioclip,species,different,0.5868985026031732,0.602198558062315,0.5945485303327441,0.14663458300220877
bioclip,species,different,0.602198558062315,0.6174986135214567,0.6098485857918858,0.10938066830848196
bioclip,species,different,0.6174986135214567,0.6327986689805984,0.6251486412510276,0.08110539350764989
bioclip,species,different,0.6327986689805984,0.6480987244397401,0.6404486967101692,0.0642890458629445
bioclip,species,different,0.6480987244397401,0.6633987798988819,0.655748752169311,0.0468774292750637
bioclip,species,different,0.6633987798988819,0.6786988353580237,0.6710488076284528,0.03923814450431229
bioclip,species,different,0.6786988353580237,0.6939988908171654,0.6863488630875945,0.02837448629136131
bioclip,species,different,0.6939988908171654,0.7092989462763071,0.7016489185467363,0.021925739406961013
bioclip,species,different,0.7092989462763071,0.7245990017354489,0.716948974005878,0.015873838484677542
bioclip,species,different,0.7245990017354489,0.7398990571945906,0.7322490294650197,0.01106208119400974
bioclip,species,different,0.7398990571945906,0.7551991126537323,0.7475490849241615,0.0076392847707511214
bioclip,species,different,0.7551991126537323,0.770499168112874,0.7628491403833031,0.005655054960166415
bioclip,species,different,0.770499168112874,0.7857992235720157,0.7781491958424449,0.004166882602227884
bioclip,species,different,0.7857992235720157,0.8010992790311575,0.7934492513015866,0.0022818642821723963
bioclip,species,different,0.8010992790311575,0.8163993344902991,0.8087493067607283,0.001736201084261631
bioclip,species,different,0.8163993344902991,0.8316993899494409,0.82404936221987,0.0012401436316154327
bioclip,species,different,0.8316993899494409,0.8469994454085827,0.8393494176790118,0.000644874688440025
bioclip,species,different,0.8469994454085827,0.8622995008677243,0.8546494731381535,0.0005456631979107984
bioclip,species,different,0.8622995008677243,0.8775995563268661,0.8699495285972952,0.00044645170738155584
bioclip,species,different,0.8775995563268661,0.892899611786008,0.885249584056437,0.0002480287263230866
bioclip,species,different,0.892899611786008,0.9081996672451496,0.9005496395155788,0.0001984229810584721
bioclip,species,different,0.9081996672451496,0.9234997227042914,0.9158496949747205,0.0
bioclip,species,different,0.9234997227042914,0.9387997781634332,0.9311497504338623,0.0
bioclip,species,different,0.9387997781634332,0.9540998336225748,0.946449805893004,0.0
bioclip,species,different,0.9540998336225748,0.9693998890817166,0.9617498613521457,0.0
bioclip,species,different,0.9693998890817166,0.9846999445408582,0.9770499168112874,0.0
bioclip,species,different,0.9846999445408582,1.0,0.9923499722704291,0.0
bioclip,normalized_organ,same,-0.2240044367313385,-0.20870438127219676,-0.2163544090017676,0.0
bioclip,normalized_organ,same,-0.20870438127219676,-0.19340432581305503,-0.2010543535426259,0.0
bioclip,normalized_organ,same,-0.19340432581305503,-0.1781042703539133,-0.18575429808348415,0.0
bioclip,normalized_organ,same,-0.1781042703539133,-0.16280421489477157,-0.17045424262434244,0.0
bioclip,normalized_organ,same,-0.16280421489477157,-0.14750415943562983,-0.15515418716520069,0.0
bioclip,normalized_organ,same,-0.14750415943562983,-0.1322041039764881,-0.13985413170605898,0.0
bioclip,normalized_organ,same,-0.1322041039764881,-0.11690404851734637,-0.12455407624691724,0.0
bioclip,normalized_organ,same,-0.11690404851734637,-0.10160399305820464,-0.1092540207877755,0.0
bioclip,normalized_organ,same,-0.10160399305820464,-0.08630393759906291,-0.09395396532863377,0.0
bioclip,normalized_organ,same,-0.08630393759906291,-0.07100388213992118,-0.07865390986949204,0.0
bioclip,normalized_organ,same,-0.07100388213992118,-0.055703826680779445,-0.06335385441035031,0.0
bioclip,normalized_organ,same,-0.055703826680779445,-0.04040377122163771,-0.04805379895120858,0.0
bioclip,normalized_organ,same,-0.04040377122163771,-0.02510371576249598,-0.03275374349206685,0.0
bioclip,normalized_organ,same,-0.02510371576249598,-0.00980366030335425,-0.017453688032925116,0.0
bioclip,normalized_organ,same,-0.00980366030335425,0.005496395155787481,-0.0021536325737833845,0.0
bioclip,normalized_organ,same,0.005496395155787481,0.020796450614929213,0.013146422885358347,0.0
bioclip,normalized_organ,same,0.020796450614929213,0.036096506074070916,0.028446478344500065,0.0005666019974450891
bioclip,normalized_organ,same,0.036096506074070916,0.051396561533212676,0.043746533803641796,0.0016998059923352613
bioclip,normalized_organ,same,0.051396561533212676,0.06669661699235443,0.059046589262783555,0.006799223969341045
bioclip,normalized_organ,same,0.06669661699235443,0.08199667245149614,0.07434664472192529,0.01671475892463013
bioclip,normalized_organ,same,0.08199667245149614,0.09729672791063784,0.08964670018106699,0.038528935826266056
bioclip,normalized_organ,same,0.09729672791063784,0.1125967833697796,0.10494675564020872,0.08102408563464744
bioclip,normalized_organ,same,0.1125967833697796,0.12789683882892136,0.12024681109935048,0.14165049936127175
bioclip,normalized_organ,same,0.12789683882892136,0.14319689428806306,0.1355468665584922,0.21530875902913388
bioclip,normalized_organ,same,0.14319689428806306,0.15849694974720477,0.15084692201763392,0.3493101314248974
bioclip,normalized_organ,same,0.15849694974720477,0.17379700520634653,0.16614697747677565,0.5150412156775841
bioclip,normalized_organ,same,0.17379700520634653,0.1890970606654883,0.1814470329359174,0.7362992956798907
bioclip,normalized_organ,same,0.1890970606654883,0.20439711612463,0.19674708839505914,0.9909868935314609
bioclip,normalized_organ,same,0.20439711612463,0.2196971715837717,0.21204714385420084,1.360411395865659
bioclip,normalized_organ,same,0.2196971715837717,0.23499722704291345,0.22734719931334257,1.7270028882126254
bioclip,normalized_organ,same,0.23499722704291345,0.2502972825020552,0.24264725477248433,2.119374771443352
bioclip,normalized_organ,same,0.2502972825020552,0.2655973379611969,0.25794731023162604,2.54517617252334
bioclip,normalized_organ,same,0.2655973379611969,0.2808973934203386,0.27324736569076774,2.92253310282177
bioclip,normalized_organ,same,0.2808973934203386,0.2961974488794803,0.28854742114990944,3.283175274195569
bioclip,normalized_organ,same,0.2961974488794803,0.3114975043386221,0.3038474766090512,3.6072716167341334
bioclip,normalized_organ,same,0.3114975043386221,0.3267975597977638,0.31914753206819296,3.7917005669025365
bioclip,normalized_organ,same,0.3267975597977638,0.3420976152569055,0.33444758752733467,3.8707415455461267
bioclip,normalized_organ,same,0.3420976152569055,0.35739767071604733,0.3497476429864764,3.9146532003480923
bioclip,normalized_organ,same,0.35739767071604733,0.37269772617518904,0.3650476984456182,3.7786687209612992
bioclip,normalized_organ,same,0.37269772617518904,0.38799778163433074,0.3803477539047599,3.659115699500385
bioclip,normalized_organ,same,0.38799778163433074,0.40329783709347244,0.3956478093639016,3.4979174312272576
bioclip,normalized_organ,same,0.40329783709347244,0.41859789255261415,0.4109478648230433,3.165605359725713
bioclip,normalized_organ,same,0.41859789255261415,0.43389794801175596,0.42624792028218506,2.854257562129616
bioclip,normalized_organ,same,0.43389794801175596,0.44919800347089767,0.4415479757413268,2.5516920954939586
bioclip,normalized_organ,same,0.44919800347089767,0.46449805893003937,0.4568480312004685,2.2168303150039113
bioclip,normalized_organ,same,0.46449805893003937,0.4797981143891812,0.4721480866596103,1.9255968883171213
bioclip,normalized_organ,same,0.4797981143891812,0.4950981698483229,0.48744814211875204,1.633513558634192
bioclip,normalized_organ,same,0.4950981698483229,0.5103982253074646,0.5027481975778938,1.3836420777609078
bioclip,normalized_organ,same,0.5103982253074646,0.5256982807666063,0.5180482530370354,1.122721857937444
bioclip,normalized_organ,same,0.5256982807666063,0.540998336225748,0.5333483084961772,0.9295105768086687
bioclip,normalized_organ,same,0.540998336225748,0.5562983916848898,0.5486483639553189,0.7402655096620036
bioclip,normalized_organ,same,0.5562983916848898,0.5715984471440315,0.5639484194144606,0.5595194724770255
bioclip,normalized_organ,same,0.5715984471440315,0.5868985026031732,0.5792484748736024,0.4742458718615396
bioclip,normalized_organ,same,0.5868985026031732,0.602198558062315,0.5945485303327441,0.37962333828820694
bioclip,normalized_organ,same,0.602198558062315,0.6174986135214567,0.6098485857918858,0.31134779759607645
bioclip,normalized_organ,same,0.6174986135214567,0.6327986689805984,0.6251486412510276,0.26035361782601846
bioclip,normalized_organ,same,0.6327986689805984,0.6480987244397401,0.6404486967101692,0.23117361495759636
bioclip,normalized_organ,same,0.6480987244397401,0.6633987798988819,0.655748752169311,0.16941399723608166
bioclip,normalized_organ,same,0.6633987798988819,0.6786988353580237,0.6710488076284528,0.16686428824757754
bioclip,normalized_organ,same,0.6786988353580237,0.6939988908171654,0.6863488630875945,0.1289019544187578
bioclip,normalized_organ,same,0.6939988908171654,0.7092989462763071,0.7016489185467363,0.11473690448263055
bioclip,normalized_organ,same,0.7092989462763071,0.7245990017354489,0.716948974005878,0.09235612558354886
bioclip,normalized_organ,same,0.7245990017354489,0.7398990571945906,0.7322490294650197,0.07620796865636449
bioclip,normalized_organ,same,0.7398990571945906,0.7551991126537323,0.7475490849241615,0.07337495866913904
bioclip,normalized_organ,same,0.7551991126537323,0.770499168112874,0.7628491403833031,0.060626413726624535
bioclip,normalized_organ,same,0.770499168112874,0.7857992235720157,0.7781491958424449,0.06402602571129508
bioclip,normalized_organ,same,0.7857992235720157,0.8010992790311575,0.7934492513015866,0.061476316722791725
bioclip,normalized_organ,same,0.8010992790311575,0.8163993344902991,0.8087493067607283,0.056943500743231866
bioclip,normalized_organ,same,0.8163993344902991,0.8316993899494409,0.82404936221987,0.05496039375217325
bioclip,normalized_organ,same,0.8316993899494409,0.8469994454085827,0.8393494176790118,0.05127748076878019
bioclip,normalized_organ,same,0.8469994454085827,0.8622995008677243,0.8546494731381535,0.056093597747064225
bioclip,normalized_organ,same,0.8622995008677243,0.8775995563268661,0.8699495285972952,0.04844447078155477
bioclip,normalized_organ,same,0.8775995563268661,0.892899611786008,0.885249584056437,0.04872777178027731
bioclip,normalized_organ,same,0.892899611786008,0.9081996672451496,0.9005496395155788,0.040795343816046714
bioclip,normalized_organ,same,0.9081996672451496,0.9234997227042914,0.9158496949747205,0.03512932384159527
bioclip,normalized_organ,same,0.9234997227042914,0.9387997781634332,0.9311497504338623,0.018981166914410347
bioclip,normalized_organ,same,0.9387997781634332,0.9540998336225748,0.946449805893004,0.016998059923352796
bioclip,normalized_organ,same,0.9540998336225748,0.9693998890817166,0.9617498613521457,0.00793242796423119
bioclip,normalized_organ,same,0.9693998890817166,0.9846999445408582,0.9770499168112874,0.0033996119846705594
bioclip,normalized_organ,same,0.9846999445408582,1.0,0.9923499722704291,0.0
bioclip,normalized_organ,different,-0.2240044367313385,-0.20870438127219676,-0.2163544090017676,0.0
bioclip,normalized_organ,different,-0.20870438127219676,-0.19340432581305503,-0.2010543535426259,0.0
bioclip,normalized_organ,different,-0.19340432581305503,-0.1781042703539133,-0.18575429808348415,0.0
bioclip,normalized_organ,different,-0.1781042703539133,-0.16280421489477157,-0.17045424262434244,0.0
bioclip,normalized_organ,different,-0.16280421489477157,-0.14750415943562983,-0.15515418716520069,0.0
bioclip,normalized_organ,different,-0.14750415943562983,-0.1322041039764881,-0.13985413170605898,0.0
bioclip,normalized_organ,different,-0.1322041039764881,-0.11690404851734637,-0.12455407624691724,0.0
bioclip,normalized_organ,different,-0.11690404851734637,-0.10160399305820464,-0.1092540207877755,0.0
bioclip,normalized_organ,different,-0.10160399305820464,-0.08630393759906291,-0.09395396532863377,0.0
bioclip,normalized_organ,different,-0.08630393759906291,-0.07100388213992118,-0.07865390986949204,0.0
bioclip,normalized_organ,different,-0.07100388213992118,-0.055703826680779445,-0.06335385441035031,0.0
bioclip,normalized_organ,different,-0.055703826680779445,-0.04040377122163771,-0.04805379895120858,0.0
bioclip,normalized_organ,different,-0.04040377122163771,-0.02510371576249598,-0.03275374349206685,0.0
bioclip,normalized_organ,different,-0.02510371576249598,-0.00980366030335425,-0.017453688032925116,0.0
bioclip,normalized_organ,different,-0.00980366030335425,0.005496395155787481,-0.0021536325737833845,0.0
bioclip,normalized_organ,different,0.005496395155787481,0.020796450614929213,0.013146422885358347,0.00029456862596417924
bioclip,normalized_organ,different,0.020796450614929213,0.036096506074070916,0.028446478344500065,0.0017674117557850786
bioclip,normalized_organ,different,0.036096506074070916,0.051396561533212676,0.043746533803641796,0.004889839191005367
bioclip,normalized_organ,different,0.051396561533212676,0.06669661699235443,0.059046589262783555,0.01160600386298864
bioclip,normalized_organ,different,0.06669661699235443,0.08199667245149614,0.07434664472192529,0.02692357241312603
bioclip,normalized_organ,different,0.08199667245149614,0.09729672791063784,0.08964670018106699,0.05531998795607296
bioclip,normalized_organ,different,0.09729672791063784,0.1125967833697796,0.10494675564020872,0.09732547401856464
bioclip,normalized_organ,different,0.1125967833697796,0.12789683882892136,0.12024681109935048,0.19364941470885105
bioclip,normalized_organ,different,0.12789683882892136,0.14319689428806306,0.1355468665584922,0.30982728078912425
bioclip,normalized_organ,different,0.14319689428806306,0.15849694974720477,0.15084692201763392,0.49251874261210854
bioclip,normalized_organ,different,0.15849694974720477,0.17379700520634653,0.16614697747677565,0.7499128079796061
bioclip,normalized_organ,different,0.17379700520634653,0.1890970606654883,0.1814470329359174,1.0826575278687425
bioclip,normalized_organ,different,0.1890970606654883,0.20439711612463,0.19674708839505914,1.5057169884785013
bioclip,normalized_organ,different,0.20439711612463,0.2196971715837717,0.21204714385420084,1.990930429166698
bioclip,normalized_organ,different,0.2196971715837717,0.23499722704291345,0.22734719931334257,2.552142575353644
bioclip,normalized_organ,different,0.23499722704291345,0.2502972825020552,0.24264725477248433,3.1138849450673387
bioclip,normalized_organ,different,0.2502972825020552,0.2655973379611969,0.25794731023162604,3.6923588127358005
bioclip,normalized_organ,different,0.2655973379611969,0.2808973934203386,0.27324736569076774,4.154124590797249
bioclip,normalized_organ,different,0.2808973934203386,0.2961974488794803,0.28854742114990944,4.503954290992309
bioclip,normalized_organ,different,0.2961974488794803,0.3114975043386221,0.3038474766090512,4.6719762352422425
bioclip,normalized_organ,different,0.3114975043386221,0.3267975597977638,0.31914753206819296,4.6723886313186265
bioclip,normalized_organ,different,0.3267975597977638,0.3420976152569055,0.33444758752733467,4.525929110489237
bioclip,normalized_organ,different,0.3420976152569055,0.35739767071604733,0.3497476429864764,4.221639719868208
bioclip,normalized_organ,different,0.35739767071604733,0.37269772617518904,0.3650476984456182,3.813073035655922
bioclip,normalized_organ,different,0.37269772617518904,0.38799778163433074,0.3803477539047599,3.3519553085715943
bioclip,normalized_organ,different,0.38799778163433074,0.40329783709347244,0.3956478093639016,2.869864295318618
bioclip,normalized_organ,different,0.40329783709347244,0.41859789255261415,0.4109478648230433,2.4501629170448544
bioclip,normalized_organ,different,0.41859789255261415,0.43389794801175596,0.42624792028218506,2.0247469074273714
bioclip,normalized_organ,different,0.43389794801175596,0.44919800347089767,0.4415479757413268,1.67250174449942
bioclip,normalized_organ,different,0.44919800347089767,0.46449805893003937,0.4568480312004685,1.3751641734511768
bioclip,normalized_organ,different,0.46449805893003937,0.4797981143891812,0.4721480866596103,1.1124678728163133
bioclip,normalized_organ,different,0.4797981143891812,0.4950981698483229,0.48744814211875204,0.8895972504118228
bioclip,normalized_organ,different,0.4950981698483229,0.5103982253074646,0.5027481975778938,0.6954765259014284
bioclip,normalized_organ,different,0.5103982253074646,0.5256982807666063,0.5180482530370354,0.5292219934072454
bioclip,normalized_organ,different,0.5256982807666063,0.540998336225748,0.5333483084961772,0.4212920488539699
bioclip,normalized_organ,different,0.540998336225748,0.5562983916848898,0.5486483639553189,0.3090024886364224
bioclip,normalized_organ,different,0.5562983916848898,0.5715984471440315,0.5639484194144606,0.23353400666440172
bioclip,normalized_organ,different,0.5715984471440315,0.5868985026031732,0.5792484748736024,0.17391331676925173
bioclip,normalized_organ,different,0.5868985026031732,0.602198558062315,0.5945485303327441,0.14050923458491274
bioclip,normalized_organ,different,0.602198558062315,0.6174986135214567,0.6098485857918858,0.10710515240057576
bioclip,normalized_organ,different,0.6174986135214567,0.6327986689805984,0.6251486412510276,0.08295052507151301
bioclip,normalized_organ,different,0.6327986689805984,0.6480987244397401,0.6404486967101692,0.06698490554425447
bioclip,normalized_organ,different,0.6480987244397401,0.6633987798988819,0.655748752169311,0.051549509543731456
bioclip,normalized_organ,different,0.6633987798988819,0.6786988353580237,0.6710488076284528,0.04389072526866247
bioclip,normalized_organ,different,0.6786988353580237,0.6939988908171654,0.6863488630875945,0.036408682169172625
bioclip,normalized_organ,different,0.6939988908171654,0.7092989462763071,0.7016489185467363,0.029103380245260962
bioclip,normalized_organ,different,0.7092989462763071,0.7245990017354489,0.716948974005878,0.02332983517636287
bioclip,normalized_organ,different,0.7245990017354489,0.7398990571945906,0.7322490294650197,0.026393348886390507
bioclip,normalized_organ,different,0.7398990571945906,0.7551991126537323,0.7475490849241615,0.022976352825206024
bioclip,normalized_organ,different,0.7551991126537323,0.770499168112874,0.7628491403833031,0.02156242342057796
bioclip,normalized_organ,different,0.770499168112874,0.7857992235720157,0.7781491958424449,0.02150350969538512
bioclip,normalized_organ,different,0.7857992235720157,0.8010992790311575,0.7934492513015866,0.01885239206170737
bioclip,normalized_organ,different,0.8010992790311575,0.8163993344902991,0.8087493067607283,0.018498909710550623
bioclip,normalized_organ,different,0.8163993344902991,0.8316993899494409,0.82404936221987,0.017379548931886483
bioclip,normalized_organ,different,0.8316993899494409,0.8469994454085827,0.8393494176790118,0.016436929328801114
bioclip,normalized_organ,different,0.8469994454085827,0.8622995008677243,0.8546494731381535,0.015612137176101642
bioclip,normalized_organ,different,0.8622995008677243,0.8775995563268661,0.8699495285972952,0.012843192092038146
bioclip,normalized_organ,different,0.8775995563268661,0.892899611786008,0.885249584056437,0.01042772935913189
bioclip,normalized_organ,different,0.892899611786008,0.9081996672451496,0.9005496395155788,0.007364215649104547
bioclip,normalized_organ,different,0.9081996672451496,0.9234997227042914,0.9158496949747205,0.007128560748333099
bioclip,normalized_organ,different,0.9234997227042914,0.9387997781634332,0.9311497504338623,0.004123960763498487
bioclip,normalized_organ,different,0.9387997781634332,0.9540998336225748,0.946449805893004,0.0020619803817492734
bioclip,normalized_organ,different,0.9540998336225748,0.9693998890817166,0.9617498613521457,0.0004713098015426843
bioclip,normalized_organ,different,0.9693998890817166,0.9846999445408582,0.9770499168112874,5.8913725192836374e-05
bioclip,normalized_organ,different,0.9846999445408582,1.0,0.9923499722704291,0.0
dinov3,species,same,-0.2240044367313385,-0.20870438127219676,-0.2163544090017676,0.0
dinov3,species,same,-0.20870438127219676,-0.19340432581305503,-0.2010543535426259,0.0
dinov3,species,same,-0.19340432581305503,-0.1781042703539133,-0.18575429808348415,0.0
dinov3,species,same,-0.1781042703539133,-0.16280421489477157,-0.17045424262434244,0.0
dinov3,species,same,-0.16280421489477157,-0.14750415943562983,-0.15515418716520069,0.0
dinov3,species,same,-0.14750415943562983,-0.1322041039764881,-0.13985413170605898,0.0
dinov3,species,same,-0.1322041039764881,-0.11690404851734637,-0.12455407624691724,0.002899957414645632
dinov3,species,same,-0.11690404851734637,-0.10160399305820464,-0.1092540207877755,0.02029970190251942
dinov3,species,same,-0.10160399305820464,-0.08630393759906291,-0.09395396532863377,0.0637990631222039
dinov3,species,same,-0.08630393759906291,-0.07100388213992118,-0.07865390986949204,0.110198381756534
dinov3,species,same,-0.07100388213992118,-0.055703826680779445,-0.06335385441035031,0.2464963802448787
dinov3,species,same,-0.055703826680779445,-0.04040377122163771,-0.04805379895120858,0.5103925049776312
dinov3,species,same,-0.04040377122163771,-0.02510371576249598,-0.03275374349206685,0.9279863726866021
dinov3,species,same,-0.02510371576249598,-0.00980366030335425,-0.017453688032925116,1.368779899712738
dinov3,species,same,-0.00980366030335425,0.005496395155787481,-0.0021536325737833845,2.053169849569107
dinov3,species,same,0.005496395155787481,0.020796450614929213,0.013146422885358347,2.6476611195714614
dinov3,species,same,0.020796450614929213,0.036096506074070916,0.028446478344500065,3.1667534967930355
dinov3,species,same,0.036096506074070916,0.051396561533212676,0.043746533803641796,3.1957530709394804
dinov3,species,same,0.051396561533212676,0.06669661699235443,0.059046589262783555,3.4712490253308146
dinov3,species,same,0.06669661699235443,0.08199667245149614,0.07434664472192529,3.514748386550512
dinov3,species,same,0.08199667245149614,0.09729672791063784,0.08964670018106699,3.4712490253308275
dinov3,species,same,0.09729672791063784,0.1125967833697796,0.10494675564020872,3.0391553705486163
dinov3,species,same,0.1125967833697796,0.12789683882892136,0.12024681109935048,2.781059160645156
dinov3,species,same,0.12789683882892136,0.14319689428806306,0.1355468665584922,2.250366953765014
dinov3,species,same,0.14319689428806306,0.15849694974720477,0.15084692201763392,1.8327730860560427
dinov3,species,same,0.15849694974720477,0.17379700520634653,0.16614697747677565,1.6326760244454877
dinov3,species,same,0.17379700520634653,0.1890970606654883,0.1814470329359174,1.5079778556157257
dinov3,species,same,0.1890970606654883,0.20439711612463,0.19674708839505914,1.4006794312738426
dinov3,species,same,0.20439711612463,0.2196971715837717,0.21204714385420084,1.246981688297624
dinov3,species,same,0.2196971715837717,0.23499722704291345,0.22734719931334257,1.1918824974193523
dinov3,species,same,0.23499722704291345,0.2502972825020552,0.24264725477248433,1.0381847544431362
dinov3,species,same,0.2502972825020552,0.2655973379611969,0.25794731023162604,0.9772856487355797
dinov3,species,same,0.2655973379611969,0.2808973934203386,0.27324736569076774,0.8902869262962104
dinov3,species,same,0.2808973934203386,0.2961974488794803,0.28854742114990944,0.846787565076526
dinov3,species,same,0.2961974488794803,0.3114975043386221,0.3038474766090512,0.9076866707840778
dinov3,species,same,0.3114975043386221,0.3267975597977638,0.31914753206819296,0.8264878631740065
dinov3,species,same,0.3267975597977638,0.3420976152569055,0.33444758752733467,0.7684887148810937
dinov3,species,same,0.3420976152569055,0.35739767071604733,0.3497476429864764,0.6669902053684916
dinov3,species,same,0.35739767071604733,0.37269772617518904,0.3650476984456182,0.614790971904875
dinov3,species,same,0.37269772617518904,0.38799778163433074,0.3803477539047599,0.6495904608806227
dinov3,species,same,0.38799778163433074,0.40329783709347244,0.3956478093639016,0.6292907589781032
dinov3,species,same,0.40329783709347244,0.41859789255261415,0.4109478648230433,0.6437905460513313
dinov3,species,same,0.41859789255261415,0.43389794801175596,0.42624792028218506,0.6292907589780987
dinov3,species,same,0.43389794801175596,0.44919800347089767,0.4415479757413268,0.6872899072710159
dinov3,species,same,0.44919800347089767,0.46449805893003937,0.4568480312004685,0.5654916958558992
dinov3,species,same,0.46449805893003937,0.4797981143891812,0.4721480866596103,0.5364921217094389
dinov3,species,same,0.4797981143891812,0.4950981698483229,0.48744814211875204,0.5016926327336951
dinov3,species,same,0.4950981698483229,0.5103982253074646,0.5027481975778938,0.46979310117259315
dinov3,species,same,0.5103982253074646,0.5256982807666063,0.5180482530370354,0.5190923772215691
dinov3,species,same,0.5256982807666063,0.540998336225748,0.5333483084961772,0.5161924198069233
dinov3,species,same,0.540998336225748,0.5562983916848898,0.5486483639553189,0.4900928030751091
dinov3,species,same,0.5562983916848898,0.5715984471440315,0.5639484194144606,0.47269305858723876
dinov3,species,same,0.5715984471440315,0.5868985026031732,0.5792484748736024,0.4610932289286563
dinov3,species,same,0.5868985026031732,0.602198558062315,0.5945485303327441,0.4552933140993617
dinov3,species,same,0.602198558062315,0.6174986135214567,0.6098485857918858,0.5190923772215691
dinov3,species,same,0.6174986135214567,0.6327986689805984,0.6251486412510276,0.5335921642947972
dinov3,species,same,0.6327986689805984,0.6480987244397401,0.6404486967101692,0.47269305858723876
dinov3,species,same,0.6480987244397401,0.6633987798988819,0.655748752169311,0.49299276048975826
dinov3,species,same,0.6633987798988819,0.6786988353580237,0.6710488076284528,0.43499361219684235
dinov3,species,same,0.6786988353580237,0.6939988908171654,0.6863488630875945,0.49299276048975826
dinov3,species,same,0.6939988908171654,0.7092989462763071,0.7016489185467363,0.40309408063574353
dinov3,species,same,0.7092989462763071,0.7245990017354489,0.716948974005878,0.3943942083918038
dinov3,species,same,0.7245990017354489,0.7398990571945906,0.7322490294650197,0.3827943787332241
dinov3,species,same,0.7398990571945906,0.7551991126537323,0.7475490849241615,0.36539463424535024
dinov3,species,same,0.7551991126537323,0.770499168112874,0.7628491403833031,0.31609535819637447
dinov3,species,same,0.770499168112874,0.7857992235720157,0.7781491958424449,0.3856943361478697
dinov3,species,same,0.7857992235720157,0.8010992790311575,0.7934492513015866,0.400194123221095
dinov3,species,same,0.8010992790311575,0.8163993344902991,0.8087493067607283,0.37699446390393554
dinov3,species,same,0.8163993344902991,0.8316993899494409,0.82404936221987,0.30739548595243527
dinov3,species,same,0.8316993899494409,0.8469994454085827,0.8393494176790118,0.2754959543913335
dinov3,species,same,0.8469994454085827,0.8622995008677243,0.8546494731381535,0.23489655058629827
dinov3,species,same,0.8622995008677243,0.8775995563268661,0.8699495285972952,0.2406964654155861
dinov3,species,same,0.8775995563268661,0.892899611786008,0.885249584056437,0.17109748746409134
dinov3,species,same,0.892899611786008,0.9081996672451496,0.9005496395155788,0.1594976578055112
dinov3,species,same,0.9081996672451496,0.9234997227042914,0.9158496949747205,0.22329672092771244
dinov3,species,same,0.9234997227042914,0.9387997781634332,0.9311497504338623,0.1449978707322808
dinov3,species,same,0.9387997781634332,0.9540998336225748,0.946449805893004,0.13919795590299158
dinov3,species,same,0.9540998336225748,0.9693998890817166,0.9617498613521457,0.06959897795149478
dinov3,species,same,0.9693998890817166,0.9846999445408582,0.9770499168112874,0.0028999574146456575
dinov3,species,same,0.9846999445408582,1.0,0.9923499722704291,0.0
dinov3,species,different,-0.2240044367313385,-0.20870438127219676,-0.2163544090017676,0.0
dinov3,species,different,-0.20870438127219676,-0.19340432581305503,-0.2010543535426259,0.0002480287263230879
dinov3,species,different,-0.19340432581305503,-0.1781042703539133,-0.18575429808348415,4.960574526461759e-05
dinov3,species,different,-0.1781042703539133,-0.16280421489477157,-0.17045424262434244,0.0003968459621169407
dinov3,species,different,-0.16280421489477157,-0.14750415943562983,-0.15515418716520069,0.00143856661267391
dinov3,species,different,-0.14750415943562983,-0.1322041039764881,-0.13985413170605898,0.004414911328550965
dinov3,species,different,-0.1322041039764881,-0.11690404851734637,-0.12455407624691724,0.015228963796237597
dinov3,species,different,-0.11690404851734637,-0.10160399305820464,-0.1092540207877755,0.038890904287460185
dinov3,species,different,-0.10160399305820464,-0.08630393759906291,-0.09395396532863377,0.10908303383689406
dinov3,species,different,-0.08630393759906291,-0.07100388213992118,-0.07865390986949204,0.2827527480083202
dinov3,species,different,-0.07100388213992118,-0.055703826680779445,-0.06335385441035031,0.6161033561865504
dinov3,species,different,-0.055703826680779445,-0.04040377122163771,-0.04805379895120858,1.1909843380582035
dinov3,species,different,-0.04040377122163771,-0.02510371576249598,-0.03275374349206685,1.968703212316878
dinov3,species,different,-0.02510371576249598,-0.00980366030335425,-0.017453688032925116,2.8943960246999065
dinov3,species,different,-0.00980366030335425,0.005496395155787481,-0.0021536325737833845,3.76954058265829
dinov3,species,different,0.005496395155787481,0.020796450614929213,0.013146422885358347,4.4017162003105765
dinov3,species,different,0.020796450614929213,0.036096506074070916,0.028446478344500065,4.708081283064863
dinov3,species,different,0.036096506074070916,0.051396561533212676,0.043746533803641796,4.696969596125571
dinov3,species,different,0.051396561533212676,0.06669661699235443,0.059046589262783555,4.440061441400118
dinov3,species,different,0.06669661699235443,0.08199667245149614,0.07434664472192529,4.038552539228318
dinov3,species,different,0.08199667245149614,0.09729672791063784,0.08964670018106699,3.6150682919042776
dinov3,species,different,0.09729672791063784,0.1125967833697796,0.10494675564020872,3.2067137968859334
dinov3,species,different,0.1125967833697796,0.12789683882892136,0.12024681109935048,2.804708837261473
dinov3,species,different,0.12789683882892136,0.14319689428806306,0.1355468665584922,2.4782038219297697
dinov3,species,different,0.14319689428806306,0.15849694974720477,0.15084692201763392,2.184438598472704
dinov3,species,different,0.15849694974720477,0.17379700520634653,0.16614697747677565,1.9465294441835903
dinov3,species,different,0.17379700520634653,0.1890970606654883,0.1814470329359174,1.7263295409539534
dinov3,species,different,0.1890970606654883,0.20439711612463,0.19674708839505914,1.5123799616276636
dinov3,species,different,0.20439711612463,0.2196971715837717,0.21204714385420084,1.368721723341331
dinov3,species,different,0.2196971715837717,0.23499722704291345,0.22734719931334257,1.2298256366003968
dinov3,species,different,0.23499722704291345,0.2502972825020552,0.24264725477248433,1.082099727202368
dinov3,species,different,0.2502972825020552,0.2655973379611969,0.25794731023162604,0.9573412778618565
dinov3,species,different,0.2655973379611969,0.2808973934203386,0.27324736569076774,0.8599651999074118
dinov3,species,different,0.2808973934203386,0.2961974488794803,0.28854742114990944,0.7785125661829098
dinov3,species,different,0.2961974488794803,0.3114975043386221,0.3038474766090512,0.6878828695844482
dinov3,species,different,0.3114975043386221,0.3267975597977638,0.31914753206819296,0.6140695206307022
dinov3,species,different,0.3267975597977638,0.3420976152569055,0.33444758752733467,0.5441254198075912
dinov3,species,different,0.3420976152569055,0.35739767071604733,0.3497476429864764,0.49243623324185604
dinov3,species,different,0.35739767071604733,0.37269772617518904,0.3650476984456182,0.43672898130969395
dinov3,species,different,0.37269772617518904,0.38799778163433074,0.3803477539047599,0.391835781845215
dinov3,species,different,0.38799778163433074,0.40329783709347244,0.3956478093639016,0.3524488201051086
dinov3,species,different,0.40329783709347244,0.41859789255261415,0.4109478648230433,0.31107762855441745
dinov3,species,different,0.41859789255261415,0.43389794801175596,0.42624792028218506,0.2792803458397955
dinov3,species,different,0.43389794801175596,0.44919800347089767,0.4415479757413268,0.2548743191696056
dinov3,species,different,0.44919800347089767,0.46449805893003937,0.4568480312004685,0.2307659269710014
dinov3,species,different,0.46449805893003937,0.4797981143891812,0.4721480866596103,0.2031355268586079
dinov3,species,different,0.4797981143891812,0.4950981698483229,0.48744814211875204,0.18061451850847296
dinov3,species,different,0.4950981698483229,0.5103982253074646,0.5027481975778938,0.1681138707017893
dinov3,species,different,0.5103982253074646,0.5256982807666063,0.5180482530370354,0.1473786691811791
dinov3,species,different,0.5256982807666063,0.540998336225748,0.5333483084961772,0.13234812836599993
dinov3,species,different,0.540998336225748,0.5562983916848898,0.5486483639553189,0.11969866332352158
dinov3,species,different,0.5562983916848898,0.5715984471440315,0.5639484194144606,0.10784289020527882
dinov3,species,different,0.5715984471440315,0.5868985026031732,0.5792484748736024,0.09926109627449997
dinov3,species,different,0.5868985026031732,0.602198558062315,0.5945485303327441,0.09117535979636661
dinov3,species,different,0.602198558062315,0.6174986135214567,0.6098485857918858,0.08110539350764989
dinov3,species,different,0.6174986135214567,0.6327986689805984,0.6251486412510276,0.06756302505040927
dinov3,species,different,0.6327986689805984,0.6480987244397401,0.6404486967101692,0.06309850797659368
dinov3,species,different,0.6480987244397401,0.6633987798988819,0.655748752169311,0.05342538764999323
dinov3,species,different,0.6633987798988819,0.6786988353580237,0.6710488076284528,0.045736497133977164
dinov3,species,different,0.6786988353580237,0.6939988908171654,0.6863488630875945,0.041420797295955755
dinov3,species,different,0.6939988908171654,0.7092989462763071,0.7016489185467363,0.03512086764734931
dinov3,species,different,0.7092989462763071,0.7245990017354489,0.716948974005878,0.03204531144094278
dinov3,species,different,0.7245990017354489,0.7398990571945906,0.7322490294650197,0.028771332253478252
dinov3,species,different,0.7398990571945906,0.7551991126537323,0.7475490849241615,0.027431977131333576
dinov3,species,different,0.7551991126537323,0.770499168112874,0.7628491403833031,0.023810757727016484
dinov3,species,different,0.770499168112874,0.7857992235720157,0.7781491958424449,0.020387961303757862
dinov3,species,different,0.7857992235720157,0.8010992790311575,0.7934492513015866,0.017461222333145295
dinov3,species,different,0.8010992790311575,0.8163993344902991,0.8087493067607283,0.01185577311824371
dinov3,species,different,0.8163993344902991,0.8316993899494409,0.82404936221987,0.011558138646655834
dinov3,species,different,0.8316993899494409,0.8469994454085827,0.8393494176790118,0.007540073280221832
dinov3,species,different,0.8469994454085827,0.8622995008677243,0.8546494731381535,0.005952689431754164
dinov3,species,different,0.8622995008677243,0.8775995563268661,0.8699495285972952,0.004266094092757089
dinov3,species,different,0.8775995563268661,0.892899611786008,0.885249584056437,0.004018065366434002
dinov3,species,different,0.892899611786008,0.9081996672451496,0.9005496395155788,0.0021826527916431935
dinov3,species,different,0.9081996672451496,0.9234997227042914,0.9158496949747205,0.0008432976694984944
dinov3,species,different,0.9234997227042914,0.9387997781634332,0.9311497504338623,9.921149052923463e-05
dinov3,species,different,0.9387997781634332,0.9540998336225748,0.946449805893004,0.0
dinov3,species,different,0.9540998336225748,0.9693998890817166,0.9617498613521457,0.0
dinov3,species,different,0.9693998890817166,0.9846999445408582,0.9770499168112874,0.0
dinov3,species,different,0.9846999445408582,1.0,0.9923499722704291,0.0
dinov3,normalized_organ,same,-0.2240044367313385,-0.20870438127219676,-0.2163544090017676,0.0
dinov3,normalized_organ,same,-0.20870438127219676,-0.19340432581305503,-0.2010543535426259,0.0
dinov3,normalized_organ,same,-0.19340432581305503,-0.1781042703539133,-0.18575429808348415,0.0
dinov3,normalized_organ,same,-0.1781042703539133,-0.16280421489477157,-0.17045424262434244,0.0008499029961676321
dinov3,normalized_organ,same,-0.16280421489477157,-0.14750415943562983,-0.15515418716520069,0.0019831069910578084
dinov3,normalized_organ,same,-0.14750415943562983,-0.1322041039764881,-0.13985413170605898,0.0031163109859479845
dinov3,normalized_organ,same,-0.1322041039764881,-0.11690404851734637,-0.12455407624691724,0.011332039948901761
dinov3,normalized_organ,same,-0.11690404851734637,-0.10160399305820464,-0.1092540207877755,0.020397671908023173
dinov3,normalized_organ,same,-0.10160399305820464,-0.08630393759906291,-0.09395396532863377,0.048444470781555025
dinov3,normalized_organ,same,-0.08630393759906291,-0.07100388213992118,-0.07865390986949204,0.10283826253628349
dinov3,normalized_organ,same,-0.07100388213992118,-0.055703826680779445,-0.06335385441035031,0.1691306962373588
dinov3,normalized_organ,same,-0.055703826680779445,-0.04040377122163771,-0.04805379895120858,0.2915167276854978
dinov3,normalized_organ,same,-0.04040377122163771,-0.02510371576249598,-0.03275374349206685,0.44194955800716873
dinov3,normalized_organ,same,-0.02510371576249598,-0.00980366030335425,-0.017453688032925116,0.678505891940493
dinov3,normalized_organ,same,-0.00980366030335425,0.005496395155787481,-0.0021536325737833845,0.8906983399836784
dinov3,normalized_organ,same,0.005496395155787481,0.020796450614929213,0.013146422885358347,1.14141972385313
dinov3,normalized_organ,same,0.020796450614929213,0.036096506074070916,0.028446478344500065,1.449934511461983
dinov3,normalized_organ,same,0.036096506074070916,0.051396561533212676,0.043746533803641796,1.6737423004527872
dinov3,normalized_organ,same,0.051396561533212676,0.06669661699235443,0.059046589262783555,1.9063324204039953
dinov3,normalized_organ,same,0.06669661699235443,0.08199667245149614,0.07434664472192529,2.0547821437346157
dinov3,normalized_organ,same,0.08199667245149614,0.09729672791063784,0.08964670018106699,2.2154138100102982
dinov3,normalized_organ,same,0.09729672791063784,0.1125967833697796,0.10494675564020872,2.3083365375912845
dinov3,normalized_organ,same,0.1125967833697796,0.12789683882892136,0.12024681109935048,2.3247679955171923
dinov3,normalized_organ,same,0.12789683882892136,0.14319689428806306,0.1355468665584922,2.380011690268097
dinov3,normalized_organ,same,0.14319689428806306,0.15849694974720477,0.15084692201763392,2.382844700255322
dinov3,normalized_organ,same,0.15849694974720477,0.17379700520634653,0.16614697747677565,2.357347610370285
dinov3,normalized_organ,same,0.17379700520634653,0.1890970606654883,0.1814470329359174,2.3310006174890883
dinov3,normalized_organ,same,0.1890970606654883,0.20439711612463,0.19674708839505914,2.1805677871674254
dinov3,normalized_organ,same,0.20439711612463,0.2196971715837717,0.21204714385420084,2.2091811880384027
dinov3,normalized_organ,same,0.2196971715837717,0.23499722704291345,0.22734719931334257,2.134389724375643
dinov3,normalized_organ,same,0.23499722704291345,0.2502972825020552,0.24264725477248433,2.04231689979082
dinov3,normalized_organ,same,0.2502972825020552,0.2655973379611969,0.25794731023162604,1.932112811287754
dinov3,normalized_organ,same,0.2655973379611969,0.2808973934203386,0.27324736569076774,1.8918840694691526
dinov3,normalized_organ,same,0.2808973934203386,0.2961974488794803,0.28854742114990944,1.8032108568689962
dinov3,normalized_organ,same,0.2961974488794803,0.3114975043386221,0.3038474766090512,1.7151042462662722
dinov3,normalized_organ,same,0.3114975043386221,0.3267975597977638,0.31914753206819296,1.6139657897223365
dinov3,normalized_organ,same,0.3267975597977638,0.3420976152569055,0.33444758752733467,1.5609885029612205
dinov3,normalized_organ,same,0.3420976152569055,0.35739767071604733,0.3497476429864764,1.470048882371273
dinov3,normalized_organ,same,0.35739767071604733,0.37269772617518904,0.3650476984456182,1.3128168280802717
dinov3,normalized_organ,same,0.37269772617518904,0.38799778163433074,0.3803477539047599,1.2779708052373986
dinov3,normalized_organ,same,0.38799778163433074,0.40329783709347244,0.3956478093639016,1.2133781775286583
dinov3,normalized_organ,same,0.40329783709347244,0.41859789255261415,0.4109478648230433,1.134053897886346
dinov3,normalized_organ,same,0.41859789255261415,0.43389794801175596,0.42624792028218506,1.0422643743002338
dinov3,normalized_organ,same,0.43389794801175596,0.44919800347089767,0.4415479757413268,1.021300100394773
dinov3,normalized_organ,same,0.44919800347089767,0.46449805893003937,0.4568480312004685,0.9391428107652352
dinov3,normalized_organ,same,0.46449805893003937,0.4797981143891812,0.4721480866596103,0.8609517351178066
dinov3,normalized_organ,same,0.4797981143891812,0.4950981698483229,0.48744814211875204,0.7935260974218473
dinov3,normalized_organ,same,0.4950981698483229,0.5103982253074646,0.5027481975778938,0.7654792985483154
dinov3,normalized_organ,same,0.5103982253074646,0.5256982807666063,0.5180482530370354,0.6960705538612919
dinov3,normalized_organ,same,0.5256982807666063,0.540998336225748,0.5333483084961772,0.6530088020554652
dinov3,normalized_organ,same,0.540998336225748,0.5562983916848898,0.5486483639553189,0.6000315152943451
dinov3,normalized_organ,same,0.5562983916848898,0.5715984471440315,0.5639484194144606,0.5442212185460081
dinov3,normalized_organ,same,0.5715984471440315,0.5868985026031732,0.5792484748736024,0.5079586907095224
dinov3,normalized_organ,same,0.5868985026031732,0.602198558062315,0.5945485303327441,0.48076179483215464
dinov3,normalized_organ,same,0.602198558062315,0.6174986135214567,0.6098485857918858,0.4427994610033371
dinov3,normalized_organ,same,0.6174986135214567,0.6327986689805984,0.6251486412510276,0.3793400372894872
dinov3,normalized_organ,same,0.6327986689805984,0.6480987244397401,0.6404486967101692,0.3606421713737992
dinov3,normalized_organ,same,0.6480987244397401,0.6633987798988819,0.655748752169311,0.31304760358841177
dinov3,normalized_organ,same,0.6633987798988819,0.6786988353580237,0.6710488076284528,0.2708357547787506
dinov3,normalized_organ,same,0.6786988353580237,0.6939988908171654,0.6863488630875945,0.25922041383112826
dinov3,normalized_organ,same,0.6939988908171654,0.7092989462763071,0.7016489185467363,0.21899167201252695
dinov3,normalized_organ,same,0.7092989462763071,0.7245990017354489,0.716948974005878,0.20114370909300516
dinov3,normalized_organ,same,0.7245990017354489,0.7398990571945906,0.7322490294650197,0.19349458212749795
dinov3,normalized_organ,same,0.7398990571945906,0.7551991126537323,0.7475490849241615,0.18329574617348632
dinov3,normalized_organ,same,0.7551991126537323,0.770499168112874,0.7628491403833031,0.16318137526418566
dinov3,normalized_organ,same,0.770499168112874,0.7857992235720157,0.7781491958424449,0.15014952932294862
dinov3,normalized_organ,same,0.7857992235720157,0.8010992790311575,0.7934492513015866,0.13626778038554294
dinov3,normalized_organ,same,0.8010992790311575,0.8163993344902991,0.8087493067607283,0.10340486453372952
dinov3,normalized_organ,same,0.8163993344902991,0.8316993899494409,0.82404936221987,0.09575573756821937
dinov3,normalized_organ,same,0.8316993899494409,0.8469994454085827,0.8393494176790118,0.06997534668446799
dinov3,normalized_organ,same,0.8469994454085827,0.8622995008677243,0.8546494731381535,0.056660199744509324
dinov3,normalized_organ,same,0.8622995008677243,0.8775995563268661,0.8699495285972952,0.047877868784109684
dinov3,normalized_organ,same,0.8775995563268661,0.892899611786008,0.885249584056437,0.03966213982115595
dinov3,normalized_organ,same,0.892899611786008,0.9081996672451496,0.9005496395155788,0.028046798873532112
dinov3,normalized_organ,same,0.9081996672451496,0.9234997227042914,0.9158496949747205,0.026630293879918995
dinov3,normalized_organ,same,0.9234997227042914,0.9387997781634332,0.9311497504338623,0.01473165193357221
dinov3,normalized_organ,same,0.9387997781634332,0.9540998336225748,0.946449805893004,0.013598447938682237
dinov3,normalized_organ,same,0.9540998336225748,0.9693998890817166,0.9617498613521457,0.00679922396934102
dinov3,normalized_organ,same,0.9693998890817166,0.9846999445408582,0.9770499168112874,0.0002833009987225466
dinov3,normalized_organ,same,0.9846999445408582,1.0,0.9923499722704291,0.0
dinov3,normalized_organ,different,-0.2240044367313385,-0.20870438127219676,-0.2163544090017676,0.0
dinov3,normalized_organ,different,-0.20870438127219676,-0.19340432581305503,-0.2010543535426259,0.00029456862596417924
dinov3,normalized_organ,different,-0.19340432581305503,-0.1781042703539133,-0.18575429808348415,5.891372519283585e-05
dinov3,normalized_organ,different,-0.1781042703539133,-0.16280421489477157,-0.17045424262434244,0.00029456862596417924
dinov3,normalized_organ,different,-0.16280421489477157,-0.14750415943562983,-0.15515418716520069,0.0012961019542423887
dinov3,normalized_organ,different,-0.14750415943562983,-0.1322041039764881,-0.13985413170605898,0.004595270565041196
dinov3,normalized_organ,different,-0.1322041039764881,-0.11690404851734637,-0.12455407624691724,0.015788878351680007
dinov3,normalized_organ,different,-0.11690404851734637,-0.10160399305820464,-0.1092540207877755,0.04235896841364897
dinov3,normalized_organ,different,-0.10160399305820464,-0.08630393759906291,-0.09395396532863377,0.1207731366453135
dinov3,normalized_organ,different,-0.08630393759906291,-0.07100388213992118,-0.07865390986949204,0.3166612729114927
dinov3,normalized_organ,different,-0.07100388213992118,-0.055703826680779445,-0.06335385441035031,0.7015446395962892
dinov3,normalized_organ,different,-0.055703826680779445,-0.04040377122163771,-0.04805379895120858,1.364206220565307
dinov3,normalized_organ,different,-0.04040377122163771,-0.02510371576249598,-0.03275374349206685,2.2650559924889597
dinov3,normalized_organ,different,-0.02510371576249598,-0.00980366030335425,-0.017453688032925116,3.3242069440057627
dinov3,normalized_organ,different,-0.00980366030335425,0.005496395155787481,-0.0021536325737833845,4.333340142833848
dinov3,normalized_organ,different,0.005496395155787481,0.020796450614929213,0.013146422885358347,5.04407532356022
dinov3,normalized_organ,different,0.020796450614929213,0.036096506074070916,0.028446478344500065,5.354315000425703
dinov3,normalized_organ,different,0.036096506074070916,0.051396561533212676,0.043746533803641796,5.295165620332076
dinov3,normalized_organ,different,0.051396561533212676,0.06669661699235443,0.059046589262783555,4.947280073068381
dinov3,normalized_organ,different,0.06669661699235443,0.08199667245149614,0.07434664472192529,4.440445295234432
dinov3,normalized_organ,different,0.08199667245149614,0.09729672791063784,0.08964670018106699,3.903211035200961
dinov3,normalized_organ,different,0.09729672791063784,0.1125967833697796,0.10494675564020872,3.39013140249654
dinov3,normalized_organ,different,0.1125967833697796,0.12789683882892136,0.12024681109935048,2.904034255930452
dinov3,normalized_organ,different,0.12789683882892136,0.14319689428806306,0.1355468665584922,2.4939947285883246
dinov3,normalized_organ,different,0.14319689428806306,0.15849694974720477,0.15084692201763392,2.1360349343166534
dinov3,normalized_organ,different,0.15849694974720477,0.17379700520634653,0.16614697747677565,1.8547218965208547
dinov3,normalized_organ,different,0.17379700520634653,0.1890970606654883,0.1814470329359174,1.5961495566494988
dinov3,normalized_organ,different,0.1890970606654883,0.20439711612463,0.19674708839505914,1.371158040138064
dinov3,normalized_organ,different,0.20439711612463,0.2196971715837717,0.21204714385420084,1.1914711782999143
dinov3,normalized_organ,different,0.2196971715837717,0.23499722704291345,0.22734719931334257,1.0409466104322147
dinov3,normalized_organ,different,0.23499722704291345,0.2502972825020552,0.24264725477248433,0.8815260700604028
dinov3,normalized_organ,different,0.2502972825020552,0.2655973379611969,0.25794731023162604,0.7550383020713856
dinov3,normalized_organ,different,0.2655973379611969,0.2808973934203386,0.27324736569076774,0.6459889967394462
dinov3,normalized_organ,different,0.2808973934203386,0.2961974488794803,0.28854742114990944,0.5668089500802748
dinov3,normalized_organ,different,0.2961974488794803,0.3114975043386221,0.3038474766090512,0.4787329309169815
dinov3,normalized_organ,different,0.3114975043386221,0.3267975597977638,0.31914753206819296,0.4104519234184881
dinov3,normalized_organ,different,0.3267975597977638,0.3420976152569055,0.33444758752733467,0.33722216300379304
dinov3,normalized_organ,different,0.3420976152569055,0.35739767071604733,0.3497476429864764,0.2926833867580069
dinov3,normalized_organ,different,0.35739767071604733,0.37269772617518904,0.3650476984456182,0.2581599437950072
dinov3,normalized_organ,different,0.37269772617518904,0.38799778163433074,0.3803477539047599,0.21279637539652346
dinov3,normalized_organ,different,0.38799778163433074,0.40329783709347244,0.3956478093639016,0.17903881086102846
dinov3,normalized_organ,different,0.40329783709347244,0.41859789255261415,0.4109478648230433,0.14669517573016153
dinov3,normalized_organ,different,0.41859789255261415,0.43389794801175596,0.42624792028218506,0.12772495621806743
dinov3,normalized_organ,different,0.43389794801175596,0.44919800347089767,0.4415479757413268,0.10427729359131963
dinov3,normalized_organ,different,0.44919800347089767,0.46449805893003937,0.4568480312004685,0.09025582699542468
dinov3,normalized_organ,different,0.46449805893003937,0.4797981143891812,0.4721480866596103,0.07311193296430889
dinov3,normalized_organ,different,0.4797981143891812,0.4950981698483229,0.48744814211875204,0.05967960362034282
dinov3,normalized_organ,different,0.4950981698483229,0.5103982253074646,0.5027481975778938,0.05001775268871773
dinov3,normalized_organ,different,0.5103982253074646,0.5256982807666063,0.5180482530370354,0.040827211558635314
dinov3,normalized_organ,different,0.5256982807666063,0.540998336225748,0.5333483084961772,0.031872325329324255
dinov3,normalized_organ,different,0.540998336225748,0.5562983916848898,0.5486483639553189,0.027335968489475684
dinov3,normalized_organ,different,0.5562983916848898,0.5715984471440315,0.5639484194144606,0.02450810968021976
dinov3,normalized_organ,different,0.5715984471440315,0.5868985026031732,0.5792484748736024,0.021621337145770796
dinov3,normalized_organ,different,0.5868985026031732,0.602198558062315,0.5945485303327441,0.017556290107464987
dinov3,normalized_organ,different,0.602198558062315,0.6174986135214567,0.6098485857918858,0.014787345023401826
dinov3,normalized_organ,different,0.6174986135214567,0.6327986689805984,0.6251486412510276,0.012195141114917043
dinov3,normalized_organ,different,0.6327986689805984,0.6480987244397401,0.6404486967101692,0.009544023481239424
dinov3,normalized_organ,different,0.6480987244397401,0.6633987798988819,0.655748752169311,0.008365748977382705
dinov3,normalized_organ,different,0.6633987798988819,0.6786988353580237,0.6710488076284528,0.006833992122368921
dinov3,normalized_organ,different,0.6786988353580237,0.6939988908171654,0.6863488630875945,0.005302235267355236
dinov3,normalized_organ,different,0.6939988908171654,0.7092989462763071,0.7016489185467363,0.004359615664269861
dinov3,normalized_organ,different,0.7092989462763071,0.7245990017354489,0.716948974005878,0.0042417882138841585
dinov3,normalized_organ,different,0.7245990017354489,0.7398990571945906,0.7322490294650197,0.0017084980305922426
dinov3,normalized_organ,different,0.7398990571945906,0.7551991126537323,0.7475490849241615,0.0018852392061707505
dinov3,normalized_organ,different,0.7551991126537323,0.770499168112874,0.7628491403833031,0.0007658784275068675
dinov3,normalized_organ,different,0.770499168112874,0.7857992235720157,0.7781491958424449,0.0008247921526997033
dinov3,normalized_organ,different,0.7857992235720157,0.8010992790311575,0.7934492513015866,0.0005302235267355198
dinov3,normalized_organ,different,0.8010992790311575,0.8163993344902991,0.8087493067607283,0.0002356549007713455
dinov3,normalized_organ,different,0.8163993344902991,0.8316993899494409,0.82404936221987,5.8913725192835534e-05
dinov3,normalized_organ,different,0.8316993899494409,0.8469994454085827,0.8393494176790118,0.0
dinov3,normalized_organ,different,0.8469994454085827,0.8622995008677243,0.8546494731381535,5.8913725192836374e-05
dinov3,normalized_organ,different,0.8622995008677243,0.8775995563268661,0.8699495285972952,0.0
dinov3,normalized_organ,different,0.8775995563268661,0.892899611786008,0.885249584056437,0.0
dinov3,normalized_organ,different,0.892899611786008,0.9081996672451496,0.9005496395155788,0.0
dinov3,normalized_organ,different,0.9081996672451496,0.9234997227042914,0.9158496949747205,0.0
dinov3,normalized_organ,different,0.9234997227042914,0.9387997781634332,0.9311497504338623,0.0
dinov3,normalized_organ,different,0.9387997781634332,0.9540998336225748,0.946449805893004,0.0
dinov3,normalized_organ,different,0.9540998336225748,0.9693998890817166,0.9617498613521457,0.0
dinov3,normalized_organ,different,0.9693998890817166,0.9846999445408582,0.9770499168112874,0.0
dinov3,normalized_organ,different,0.9846999445408582,1.0,0.9923499722704291,0.0
efficientnet_b0,species,same,-0.2240044367313385,-0.20870438127219676,-0.2163544090017676,0.0
efficientnet_b0,species,same,-0.20870438127219676,-0.19340432581305503,-0.2010543535426259,0.0
efficientnet_b0,species,same,-0.19340432581305503,-0.1781042703539133,-0.18575429808348415,0.0
efficientnet_b0,species,same,-0.1781042703539133,-0.16280421489477157,-0.17045424262434244,0.0
efficientnet_b0,species,same,-0.16280421489477157,-0.14750415943562983,-0.15515418716520069,0.0
efficientnet_b0,species,same,-0.14750415943562983,-0.1322041039764881,-0.13985413170605898,0.0
efficientnet_b0,species,same,-0.1322041039764881,-0.11690404851734637,-0.12455407624691724,0.0
efficientnet_b0,species,same,-0.11690404851734637,-0.10160399305820464,-0.1092540207877755,0.002899957414645632
efficientnet_b0,species,same,-0.10160399305820464,-0.08630393759906291,-0.09395396532863377,0.002899957414645632
efficientnet_b0,species,same,-0.08630393759906291,-0.07100388213992118,-0.07865390986949204,0.0
efficientnet_b0,species,same,-0.07100388213992118,-0.055703826680779445,-0.06335385441035031,0.04639931863433011
efficientnet_b0,species,same,-0.055703826680779445,-0.04040377122163771,-0.04805379895120858,0.1188982540004709
efficientnet_b0,species,same,-0.04040377122163771,-0.02510371576249598,-0.03275374349206685,0.220396763513068
efficientnet_b0,species,same,-0.02510371576249598,-0.00980366030335425,-0.017453688032925116,0.4146939102943253
efficientnet_b0,species,same,-0.00980366030335425,0.005496395155787481,-0.0021536325737833845,0.7539889278078642
efficientnet_b0,species,same,0.005496395155787481,0.020796450614929213,0.013146422885358347,1.2324819012243935
efficientnet_b0,species,same,0.020796450614929213,0.036096506074070916,0.028446478344500065,1.9748709993736788
efficientnet_b0,species,same,0.036096506074070916,0.051396561533212676,0.043746533803641796,2.7665593735719276
efficientnet_b0,species,same,0.051396561533212676,0.06669661699235443,0.059046589262783555,3.529248173623727
efficientnet_b0,species,same,0.06669661699235443,0.08199667245149614,0.07434664472192529,3.5234482587944487
efficientnet_b0,species,same,0.08199667245149614,0.09729672791063784,0.08964670018106699,3.6481464276242113
efficientnet_b0,species,same,0.09729672791063784,0.1125967833697796,0.10494675564020872,3.279851835964203
efficientnet_b0,species,same,0.1125967833697796,0.12789683882892136,0.12024681109935048,3.0913546040122375
efficientnet_b0,species,same,0.12789683882892136,0.14319689428806306,0.1355468665584922,2.8361583515234328
efficientnet_b0,species,same,0.14319689428806306,0.15849694974720477,0.15084692201763392,2.827458479279496
efficientnet_b0,species,same,0.15849694974720477,0.17379700520634653,0.16614697747677565,2.4591638876194915
efficientnet_b0,species,same,0.17379700520634653,0.1890970606654883,0.1814470329359174,2.1865678906428023
efficientnet_b0,species,same,0.1890970606654883,0.20439711612463,0.19674708839505914,2.1053690830327323
efficientnet_b0,species,same,0.20439711612463,0.2196971715837717,0.21204714385420084,1.9110719362514745
efficientnet_b0,species,same,0.2196971715837717,0.23499722704291345,0.22734719931334257,1.8965721491782397
efficientnet_b0,species,same,0.23499722704291345,0.2502972825020552,0.24264725477248433,1.7486743210313158
efficientnet_b0,species,same,0.2502972825020552,0.2655973379611969,0.25794731023162604,1.5079778556157313
efficientnet_b0,species,same,0.2655973379611969,0.2808973934203386,0.27324736569076774,1.429679005420299
efficientnet_b0,species,same,0.2808973934203386,0.2961974488794803,0.28854742114990944,1.4499787073228185
efficientnet_b0,species,same,0.2961974488794803,0.3114975043386221,0.3038474766090512,1.3223805810784008
efficientnet_b0,species,same,0.3114975043386221,0.3267975597977638,0.31914753206819296,1.1367833065410897
efficientnet_b0,species,same,0.3267975597977638,0.3420976152569055,0.33444758752733467,1.1570830084436092
efficientnet_b0,species,same,0.3420976152569055,0.35739767071604733,0.3497476429864764,1.0990838601506885
efficientnet_b0,species,same,0.35739767071604733,0.37269772617518904,0.3650476984456182,0.9482860745891233
efficientnet_b0,species,same,0.37269772617518904,0.38799778163433074,0.3803477539047599,0.8438876076618803
efficientnet_b0,species,same,0.38799778163433074,0.40329783709347244,0.3956478093639016,0.9714857339062885
efficientnet_b0,species,same,0.40329783709347244,0.41859789255261415,0.4109478648230433,0.8322877780032977
efficientnet_b0,species,same,0.41859789255261415,0.43389794801175596,0.42624792028218506,0.80038824644219
efficientnet_b0,species,same,0.43389794801175596,0.44919800347089767,0.4415479757413268,0.7394891407346373
efficientnet_b0,species,same,0.44919800347089767,0.46449805893003937,0.4568480312004685,0.7452890555639288
efficientnet_b0,species,same,0.46449805893003937,0.4797981143891812,0.4721480866596103,0.6060910996609338
efficientnet_b0,species,same,0.4797981143891812,0.4950981698483229,0.48744814211875204,0.6495904608806227
efficientnet_b0,species,same,0.4950981698483229,0.5103982253074646,0.5027481975778938,0.49009280307511266
efficientnet_b0,species,same,0.5103982253074646,0.5256982807666063,0.5180482530370354,0.4610932289286563
efficientnet_b0,species,same,0.5256982807666063,0.540998336225748,0.5333483084961772,0.5132924623922778
efficientnet_b0,species,same,0.540998336225748,0.5562983916848898,0.5486483639553189,0.42629373995290554
efficientnet_b0,species,same,0.5562983916848898,0.5715984471440315,0.5639484194144606,0.4117939528796804
efficientnet_b0,species,same,0.5715984471440315,0.5868985026031732,0.5792484748736024,0.4059940380503892
efficientnet_b0,species,same,0.5868985026031732,0.602198558062315,0.5945485303327441,0.37989442131857565
efficientnet_b0,species,same,0.602198558062315,0.6174986135214567,0.6098485857918858,0.3943942083918066
efficientnet_b0,species,same,0.6174986135214567,0.6327986689805984,0.6251486412510276,0.3131954007817288
efficientnet_b0,species,same,0.6327986689805984,0.6480987244397401,0.6404486967101692,0.2667960821473986
efficientnet_b0,species,same,0.6480987244397401,0.6633987798988819,0.655748752169311,0.28709578404991803
efficientnet_b0,species,same,0.6633987798988819,0.6786988353580237,0.6710488076284528,0.2841958266352704
efficientnet_b0,species,same,0.6786988353580237,0.6939988908171654,0.6863488630875945,0.24359642283023347
efficientnet_b0,species,same,0.6939988908171654,0.7092989462763071,0.7016489185467363,0.23199659317165094
efficientnet_b0,species,same,0.7092989462763071,0.7245990017354489,0.716948974005878,0.18559727453731942
efficientnet_b0,species,same,0.7245990017354489,0.7398990571945906,0.7322490294650197,0.14499787073228185
efficientnet_b0,species,same,0.7398990571945906,0.7551991126537323,0.7475490849241615,0.18269731712267512
efficientnet_b0,species,same,0.7551991126537323,0.770499168112874,0.7628491403833031,0.12469816882976238
efficientnet_b0,species,same,0.770499168112874,0.7857992235720157,0.7781491958424449,0.13629799848834492
efficientnet_b0,species,same,0.7857992235720157,0.8010992790311575,0.7934492513015866,0.12469816882976148
efficientnet_b0,species,same,0.8010992790311575,0.8163993344902991,0.8087493067607283,0.12179821141511762
efficientnet_b0,species,same,0.8163993344902991,0.8316993899494409,0.82404936221987,0.09859855209795094
efficientnet_b0,species,same,0.8316993899494409,0.8469994454085827,0.8393494176790118,0.09569859468330533
efficientnet_b0,species,same,0.8469994454085827,0.8622995008677243,0.8546494731381535,0.05799914829291316
efficientnet_b0,species,same,0.8622995008677243,0.8775995563268661,0.8699495285972952,0.05799914829291232
efficientnet_b0,species,same,0.8775995563268661,0.892899611786008,0.885249584056437,0.04929927604897547
efficientnet_b0,species,same,0.892899611786008,0.9081996672451496,0.9005496395155788,0.02319965931716526
efficientnet_b0,species,same,0.9081996672451496,0.9234997227042914,0.9158496949747205,0.02029970190251931
efficientnet_b0,species,same,0.9234997227042914,0.9387997781634332,0.9311497504338623,0.002899957414645616
efficientnet_b0,species,same,0.9387997781634332,0.9540998336225748,0.946449805893004,0.005799914829291315
efficientnet_b0,species,same,0.9540998336225748,0.9693998890817166,0.9617498613521457,0.0
efficientnet_b0,species,same,0.9693998890817166,0.9846999445408582,0.9770499168112874,0.0
efficientnet_b0,species,same,0.9846999445408582,1.0,0.9923499722704291,0.0
efficientnet_b0,species,different,-0.2240044367313385,-0.20870438127219676,-0.2163544090017676,0.0
efficientnet_b0,species,different,-0.20870438127219676,-0.19340432581305503,-0.2010543535426259,0.0
efficientnet_b0,species,different,-0.19340432581305503,-0.1781042703539133,-0.18575429808348415,0.0
efficientnet_b0,species,different,-0.1781042703539133,-0.16280421489477157,-0.17045424262434244,0.0
efficientnet_b0,species,different,-0.16280421489477157,-0.14750415943562983,-0.15515418716520069,0.0
efficientnet_b0,species,different,-0.14750415943562983,-0.1322041039764881,-0.13985413170605898,4.960574526461759e-05
efficientnet_b0,species,different,-0.1322041039764881,-0.11690404851734637,-0.12455407624691724,0.0002976344715877055
efficientnet_b0,species,different,-0.11690404851734637,-0.10160399305820464,-0.1092540207877755,0.0004960574526461758
efficientnet_b0,species,different,-0.10160399305820464,-0.08630393759906291,-0.09395396532863377,0.002083441301113938
efficientnet_b0,species,different,-0.08630393759906291,-0.07100388213992118,-0.07865390986949204,0.007688890516015724
efficientnet_b0,species,different,-0.07100388213992118,-0.055703826680779445,-0.06335385441035031,0.022570614095401
efficientnet_b0,species,different,-0.055703826680779445,-0.04040377122163771,-0.04805379895120858,0.06647169865458756
efficientnet_b0,species,different,-0.04040377122163771,-0.02510371576249598,-0.03275374349206685,0.16761781324914282
efficientnet_b0,species,different,-0.02510371576249598,-0.00980366030335425,-0.017453688032925116,0.37794617317112134
efficientnet_b0,species,different,-0.00980366030335425,0.005496395155787481,-0.0021536325737833845,0.7350083275858387
efficientnet_b0,species,different,0.005496395155787481,0.020796450614929213,0.013146422885358347,1.2661370421340992
efficientnet_b0,species,different,0.020796450614929213,0.036096506074070916,0.028446478344500065,1.8744026905688433
efficientnet_b0,species,different,0.036096506074070916,0.051396561533212676,0.043746533803641796,2.5036019635052447
efficientnet_b0,species,different,0.051396561533212676,0.06669661699235443,0.059046589262783555,3.037657417024117
efficientnet_b0,species,different,0.06669661699235443,0.08199667245149614,0.07434664472192529,3.4190263866185084
efficientnet_b0,species,different,0.08199667245149614,0.09729672791063784,0.08964670018106699,3.6035101532576217
efficientnet_b0,species,different,0.09729672791063784,0.1125967833697796,0.10494675564020872,3.7087735447091266
efficientnet_b0,species,different,0.1125967833697796,0.12789683882892136,0.12024681109935048,3.6700810634027254
efficientnet_b0,species,different,0.12789683882892136,0.14319689428806306,0.1355468665584922,3.5091600257643187
efficientnet_b0,species,different,0.14319689428806306,0.15849694974720477,0.15084692201763392,3.2948136004759054
efficientnet_b0,species,different,0.15849694974720477,0.17379700520634653,0.16614697747677565,3.1171754266832985
efficientnet_b0,species,different,0.17379700520634653,0.1890970606654883,0.1814470329359174,2.905210077167588
efficientnet_b0,species,different,0.1890970606654883,0.20439711612463,0.19674708839505914,2.692252612746595
efficientnet_b0,species,different,0.20439711612463,0.2196971715837717,0.21204714385420084,2.474781025506511
efficientnet_b0,species,different,0.2196971715837717,0.23499722704291345,0.22734719931334257,2.2868248566988663
efficientnet_b0,species,different,0.23499722704291345,0.2502972825020552,0.24264725477248433,2.106458366916721
efficientnet_b0,species,different,0.2502972825020552,0.2655973379611969,0.25794731023162604,1.9453389062972464
efficientnet_b0,species,different,0.2655973379611969,0.2808973934203386,0.27324736569076774,1.7803005918018637
efficientnet_b0,species,different,0.2808973934203386,0.2961974488794803,0.28854742114990944,1.6317313847343338
efficientnet_b0,species,different,0.2961974488794803,0.3114975043386221,0.3038474766090512,1.4593514199397768
efficientnet_b0,species,different,0.3114975043386221,0.3267975597977638,0.31914753206819296,1.3379661612772678
efficientnet_b0,species,different,0.3267975597977638,0.3420976152569055,0.33444758752733467,1.1983755941026337
efficientnet_b0,species,different,0.3420976152569055,0.35739767071604733,0.3497476429864764,1.0796690456843958
efficientnet_b0,species,different,0.35739767071604733,0.37269772617518904,0.3650476984456182,0.9671632154242508
efficientnet_b0,species,different,0.37269772617518904,0.38799778163433074,0.3803477539047599,0.8632391790948768
efficientnet_b0,species,different,0.38799778163433074,0.40329783709347244,0.3956478093639016,0.7693851090542201
efficientnet_b0,species,different,0.40329783709347244,0.41859789255261415,0.4109478648230433,0.6870395719149548
efficientnet_b0,species,different,0.41859789255261415,0.43389794801175596,0.42624792028218506,0.605735755426242
efficientnet_b0,species,different,0.43389794801175596,0.44919800347089767,0.4415479757413268,0.5347995396978431
efficientnet_b0,species,different,0.44919800347089767,0.46449805893003937,0.4568480312004685,0.4600436815840643
efficientnet_b0,species,different,0.46449805893003937,0.4797981143891812,0.4721480866596103,0.4306274746421429
efficientnet_b0,species,different,0.4797981143891812,0.4950981698483229,0.48744814211875204,0.3624195749032967
efficientnet_b0,species,different,0.4950981698483229,0.5103982253074646,0.5027481975778938,0.31861770183463933
efficientnet_b0,species,different,0.5103982253074646,0.5256982807666063,0.5180482530370354,0.2829511709893792
efficientnet_b0,species,different,0.5256982807666063,0.540998336225748,0.5333483084961772,0.2501121676242023
efficientnet_b0,species,different,0.540998336225748,0.5562983916848898,0.5486483639553189,0.22129122962545783
efficientnet_b0,species,different,0.5562983916848898,0.5715984471440315,0.5639484194144606,0.19594269379523982
efficientnet_b0,species,different,0.5715984471440315,0.5868985026031732,0.5792484748736024,0.1693044085881401
efficientnet_b0,species,different,0.5868985026031732,0.602198558062315,0.5945485303327441,0.1481723611054119
efficientnet_b0,species,different,0.602198558062315,0.6174986135214567,0.6098485857918858,0.12495687232157192
efficientnet_b0,species,different,0.6174986135214567,0.6327986689805984,0.6251486412510276,0.11012475448745122
efficientnet_b0,species,different,0.6327986689805984,0.6480987244397401,0.6404486967101692,0.10144374906614313
efficientnet_b0,species,different,0.6480987244397401,0.6633987798988819,0.655748752169311,0.08348646928035154
efficientnet_b0,species,different,0.6633987798988819,0.6786988353580237,0.6710488076284528,0.07113463870946123
efficientnet_b0,species,different,0.6786988353580237,0.6939988908171654,0.6863488630875945,0.06299929648606445
efficientnet_b0,species,different,0.6939988908171654,0.7092989462763071,0.7016489185467363,0.051639580820467
efficientnet_b0,species,different,0.7092989462763071,0.7245990017354489,0.716948974005878,0.04315699838021706
efficientnet_b0,species,different,0.7245990017354489,0.7398990571945906,0.7322490294650197,0.0353688963736724
efficientnet_b0,species,different,0.7398990571945906,0.7551991126537323,0.7475490849241615,0.03140043675250299
efficientnet_b0,species,different,0.7551991126537323,0.770499168112874,0.7628491403833031,0.02475326688704422
efficientnet_b0,species,different,0.770499168112874,0.7857992235720157,0.7781491958424449,0.017758856804733127
efficientnet_b0,species,different,0.7857992235720157,0.8010992790311575,0.7934492513015866,0.015824232739412924
efficientnet_b0,species,different,0.8010992790311575,0.8163993344902991,0.8087493067607283,0.01061562948662826
efficientnet_b0,species,different,0.8163993344902991,0.8316993899494409,0.82404936221987,0.00942509160027729
efficientnet_b0,species,different,0.8316993899494409,0.8469994454085827,0.8393494176790118,0.006399141139135633
efficientnet_b0,species,different,0.8469994454085827,0.8622995008677243,0.8546494731381535,0.0038196423853755885
efficientnet_b0,species,different,0.8622995008677243,0.8775995563268661,0.8699495285972952,0.0026291044990247175
efficientnet_b0,species,different,0.8775995563268661,0.892899611786008,0.885249584056437,0.0014881723579385194
efficientnet_b0,species,different,0.892899611786008,0.9081996672451496,0.9005496395155788,0.0007936919242338884
efficientnet_b0,species,different,0.9081996672451496,0.9234997227042914,0.9158496949747205,0.00029763447158770385
efficientnet_b0,species,different,0.9234997227042914,0.9387997781634332,0.9311497504338623,4.9605745264617316e-05
efficientnet_b0,species,different,0.9387997781634332,0.9540998336225748,0.946449805893004,0.0
efficientnet_b0,species,different,0.9540998336225748,0.9693998890817166,0.9617498613521457,0.0
efficientnet_b0,species,different,0.9693998890817166,0.9846999445408582,0.9770499168112874,0.0
efficientnet_b0,species,different,0.9846999445408582,1.0,0.9923499722704291,0.0
efficientnet_b0,normalized_organ,same,-0.2240044367313385,-0.20870438127219676,-0.2163544090017676,0.0
efficientnet_b0,normalized_organ,same,-0.20870438127219676,-0.19340432581305503,-0.2010543535426259,0.0
efficientnet_b0,normalized_organ,same,-0.19340432581305503,-0.1781042703539133,-0.18575429808348415,0.0
efficientnet_b0,normalized_organ,same,-0.1781042703539133,-0.16280421489477157,-0.17045424262434244,0.0
efficientnet_b0,normalized_organ,same,-0.16280421489477157,-0.14750415943562983,-0.15515418716520069,0.0
efficientnet_b0,normalized_organ,same,-0.14750415943562983,-0.1322041039764881,-0.13985413170605898,0.0
efficientnet_b0,normalized_organ,same,-0.1322041039764881,-0.11690404851734637,-0.12455407624691724,0.0
efficientnet_b0,normalized_organ,same,-0.11690404851734637,-0.10160399305820464,-0.1092540207877755,0.0005666019974450881
efficientnet_b0,normalized_organ,same,-0.10160399305820464,-0.08630393759906291,-0.09395396532863377,0.0
efficientnet_b0,normalized_organ,same,-0.08630393759906291,-0.07100388213992118,-0.07865390986949204,0.0025497089885028966
efficientnet_b0,normalized_organ,same,-0.07100388213992118,-0.055703826680779445,-0.06335385441035031,0.003966213982115617
efficientnet_b0,normalized_organ,same,-0.055703826680779445,-0.04040377122163771,-0.04805379895120858,0.017281360922075186
efficientnet_b0,normalized_organ,same,-0.04040377122163771,-0.02510371576249598,-0.03275374349206685,0.040795343816046346
efficientnet_b0,normalized_organ,same,-0.02510371576249598,-0.00980366030335425,-0.017453688032925116,0.07932427964231234
efficientnet_b0,normalized_organ,same,-0.00980366030335425,0.005496395155787481,-0.0021536325737833845,0.1306017604110928
efficientnet_b0,normalized_organ,same,0.005496395155787481,0.020796450614929213,0.013146422885358347,0.21757516701891383
efficientnet_b0,normalized_organ,same,0.020796450614929213,0.036096506074070916,0.028446478344500065,0.32154663355008806
efficientnet_b0,normalized_organ,same,0.036096506074070916,0.051396561533212676,0.043746533803641796,0.439399849018665
efficientnet_b0,normalized_organ,same,0.051396561533212676,0.06669661699235443,0.059046589262783555,0.5841666593658847
efficientnet_b0,normalized_organ,same,0.06669661699235443,0.08199667245149614,0.07434664472192529,0.7207177407501534
efficientnet_b0,normalized_organ,same,0.08199667245149614,0.09729672791063784,0.08964670018106699,0.8853156210079518
efficientnet_b0,normalized_organ,same,0.09729672791063784,0.1125967833697796,0.10494675564020872,1.063795250203151
efficientnet_b0,normalized_organ,same,0.1125967833697796,0.12789683882892136,0.12024681109935048,1.2289597324583938
efficientnet_b0,normalized_organ,same,0.12789683882892136,0.14319689428806306,0.1355468665584922,1.3655108138426648
efficientnet_b0,normalized_organ,same,0.14319689428806306,0.15849694974720477,0.15084692201763392,1.5306752960979082
efficientnet_b0,normalized_organ,same,0.15849694974720477,0.17379700520634653,0.16614697747677565,1.6864908453953016
efficientnet_b0,normalized_organ,same,0.17379700520634653,0.1890970606654883,0.1814470329359174,1.8247417327719029
efficientnet_b0,normalized_organ,same,0.1890970606654883,0.20439711612463,0.19674708839505914,1.97064174711402
efficientnet_b0,normalized_organ,same,0.20439711612463,0.2196971715837717,0.21204714385420084,2.028435150853419
efficientnet_b0,normalized_organ,same,0.2196971715837717,0.23499722704291345,0.22734719931334257,2.082262340610695
efficientnet_b0,normalized_organ,same,0.23499722704291345,0.2502972825020552,0.24264725477248433,2.1763182721865832
efficientnet_b0,normalized_organ,same,0.2502972825020552,0.2655973379611969,0.25794731023162604,2.2664079897803564
efficientnet_b0,normalized_organ,same,0.2655973379611969,0.2808973934203386,0.27324736569076774,2.3159856645568015
efficientnet_b0,normalized_organ,same,0.2808973934203386,0.2961974488794803,0.28854742114990944,2.3647134363370794
efficientnet_b0,normalized_organ,same,0.2961974488794803,0.3114975043386221,0.3038474766090512,2.2853891566947504
efficientnet_b0,normalized_organ,same,0.3114975043386221,0.3267975597977638,0.31914753206819296,2.359330717361351
efficientnet_b0,normalized_organ,same,0.3267975597977638,0.3420976152569055,0.33444758752733467,2.2995542066308943
efficientnet_b0,normalized_organ,same,0.3420976152569055,0.35739767071604733,0.3497476429864764,2.233545073928525
efficientnet_b0,normalized_organ,same,0.35739767071604733,0.37269772617518904,0.3650476984456182,2.2519596388455065
efficientnet_b0,normalized_organ,same,0.37269772617518904,0.38799778163433074,0.3803477539047599,2.156770503274732
efficientnet_b0,normalized_organ,same,0.38799778163433074,0.40329783709347244,0.3956478093639016,2.078862728626032
efficientnet_b0,normalized_organ,same,0.40329783709347244,0.41859789255261415,0.4109478648230433,2.005487769956893
efficientnet_b0,normalized_organ,same,0.41859789255261415,0.43389794801175596,0.42624792028218506,1.879985427522792
efficientnet_b0,normalized_organ,same,0.43389794801175596,0.44919800347089767,0.4415479757413268,1.7998112448843255
efficientnet_b0,normalized_organ,same,0.44919800347089767,0.46449805893003937,0.4568480312004685,1.650228317558822
efficientnet_b0,normalized_organ,same,0.46449805893003937,0.4797981143891812,0.4721480866596103,1.6193485086980528
efficientnet_b0,normalized_organ,same,0.4797981143891812,0.4950981698483229,0.48744814211875204,1.452484220450486
efficientnet_b0,normalized_organ,same,0.4950981698483229,0.5103982253074646,0.5027481975778938,1.3337811019857397
efficientnet_b0,normalized_organ,same,0.5103982253074646,0.5256982807666063,0.5180482530370354,1.2337758494366817
efficientnet_b0,normalized_organ,same,0.5256982807666063,0.540998336225748,0.5333483084961772,1.1448193358378027
efficientnet_b0,normalized_organ,same,0.540998336225748,0.5562983916848898,0.5486483639553189,1.0459472872836268
efficientnet_b0,normalized_organ,same,0.5562983916848898,0.5715984471440315,0.5639484194144606,0.9547243656949751
efficientnet_b0,normalized_organ,same,0.5715984471440315,0.5868985026031732,0.5792484748736024,0.8535859091510267
efficientnet_b0,normalized_organ,same,0.5868985026031732,0.602198558062315,0.5945485303327441,0.7765280374984891
efficientnet_b0,normalized_organ,same,0.602198558062315,0.6174986135214567,0.6098485857918858,0.6617911330158641
efficientnet_b0,normalized_organ,same,0.6174986135214567,0.6327986689805984,0.6251486412510276,0.5881328733480025
efficientnet_b0,normalized_organ,same,0.6327986689805984,0.6480987244397401,0.6404486967101692,0.5493206365230139
efficientnet_b0,normalized_organ,same,0.6480987244397401,0.6633987798988819,0.655748752169311,0.46631344389730833
efficientnet_b0,normalized_organ,same,0.6633987798988819,0.6786988353580237,0.6710488076284528,0.40172081618856526
efficientnet_b0,normalized_organ,same,0.6786988353580237,0.6939988908171654,0.6863488630875945,0.36460838535591483
efficientnet_b0,normalized_organ,same,0.6939988908171654,0.7092989462763071,0.7016489185467363,0.30313206863312264
efficientnet_b0,normalized_organ,same,0.7092989462763071,0.7245990017354489,0.716948974005878,0.25043808287072755
efficientnet_b0,normalized_organ,same,0.7245990017354489,0.7398990571945906,0.7322490294650197,0.2079429330623477
efficientnet_b0,normalized_organ,same,0.7398990571945906,0.7551991126537323,0.7475490849241615,0.18867846514921466
efficientnet_b0,normalized_organ,same,0.7551991126537323,0.770499168112874,0.7628491403833031,0.14986622832422605
efficientnet_b0,normalized_organ,same,0.770499168112874,0.7857992235720157,0.7781491958424449,0.11133729249796001
efficientnet_b0,normalized_organ,same,0.7857992235720157,0.8010992790311575,0.7934492513015866,0.09858874755544479
efficientnet_b0,normalized_organ,same,0.8010992790311575,0.8163993344902991,0.8087493067607283,0.07195845367552685
efficientnet_b0,normalized_organ,same,0.8163993344902991,0.8316993899494409,0.82404936221987,0.06260952071768189
efficientnet_b0,normalized_organ,same,0.8316993899494409,0.8469994454085827,0.8393494176790118,0.045611460794329345
efficientnet_b0,normalized_organ,same,0.8469994454085827,0.8622995008677243,0.8546494731381535,0.027196895877364475
efficientnet_b0,normalized_organ,same,0.8622995008677243,0.8775995563268661,0.8699495285972952,0.020397671908023062
efficientnet_b0,normalized_organ,same,0.8775995563268661,0.892899611786008,0.885249584056437,0.013315146939959497
efficientnet_b0,normalized_organ,same,0.892899611786008,0.9081996672451496,0.9005496395155788,0.006799223969341119
efficientnet_b0,normalized_organ,same,0.9081996672451496,0.9234997227042914,0.9158496949747205,0.0036829129833930523
efficientnet_b0,normalized_organ,same,0.9234997227042914,0.9387997781634332,0.9311497504338623,0.0005666019974450851
efficientnet_b0,normalized_organ,same,0.9387997781634332,0.9540998336225748,0.946449805893004,0.0005666019974450932
efficientnet_b0,normalized_organ,same,0.9540998336225748,0.9693998890817166,0.9617498613521457,0.0
efficientnet_b0,normalized_organ,same,0.9693998890817166,0.9846999445408582,0.9770499168112874,0.0
efficientnet_b0,normalized_organ,same,0.9846999445408582,1.0,0.9923499722704291,0.0
efficientnet_b0,normalized_organ,different,-0.2240044367313385,-0.20870438127219676,-0.2163544090017676,0.0
efficientnet_b0,normalized_organ,different,-0.20870438127219676,-0.19340432581305503,-0.2010543535426259,0.0
efficientnet_b0,normalized_organ,different,-0.19340432581305503,-0.1781042703539133,-0.18575429808348415,0.0
efficientnet_b0,normalized_organ,different,-0.1781042703539133,-0.16280421489477157,-0.17045424262434244,0.0
efficientnet_b0,normalized_organ,different,-0.16280421489477157,-0.14750415943562983,-0.15515418716520069,0.0
efficientnet_b0,normalized_organ,different,-0.14750415943562983,-0.1322041039764881,-0.13985413170605898,5.891372519283585e-05
efficientnet_b0,normalized_organ,different,-0.1322041039764881,-0.11690404851734637,-0.12455407624691724,0.0003534823511570151
efficientnet_b0,normalized_organ,different,-0.11690404851734637,-0.10160399305820464,-0.1092540207877755,0.0005302235267355226
efficientnet_b0,normalized_organ,different,-0.10160399305820464,-0.08630393759906291,-0.09395396532863377,0.0025332901832919416
efficientnet_b0,normalized_organ,different,-0.08630393759906291,-0.07100388213992118,-0.07865390986949204,0.008601403878154033
efficientnet_b0,normalized_organ,different,-0.07100388213992118,-0.055703826680779445,-0.06335385441035031,0.02692357241312598
efficientnet_b0,normalized_organ,different,-0.055703826680779445,-0.04040377122163771,-0.04805379895120858,0.07776611725454331
efficientnet_b0,normalized_organ,different,-0.04040377122163771,-0.02510371576249598,-0.03275374349206685,0.1950633441134795
efficientnet_b0,normalized_organ,different,-0.02510371576249598,-0.00980366030335425,-0.017453688032925116,0.44079249189279784
efficientnet_b0,normalized_organ,different,-0.00980366030335425,0.005496395155787481,-0.0021536325737833845,0.8610830074184888
efficientnet_b0,normalized_organ,different,0.005496395155787481,0.020796450614929213,0.013146422885358347,1.4835065140807995
efficientnet_b0,normalized_organ,different,0.020796450614929213,0.036096506074070916,0.028446478344500065,2.199367188898952
efficientnet_b0,normalized_organ,different,0.036096506074070916,0.051396561533212676,0.043746533803641796,2.938204216542297
efficientnet_b0,normalized_organ,different,0.051396561533212676,0.06669661699235443,0.059046589262783555,3.557858778120543
efficientnet_b0,normalized_organ,different,0.06669661699235443,0.08199667245149614,0.07434664472192529,3.982273254409746
efficientnet_b0,normalized_organ,different,0.08199667245149614,0.09729672791063784,0.08964670018106699,4.169677814248158
efficientnet_b0,normalized_organ,different,0.09729672791063784,0.1125967833697796,0.10494675564020872,4.250095049136363
efficientnet_b0,normalized_organ,different,0.1125967833697796,0.12789683882892136,0.12024681109935048,4.165966249560994
efficientnet_b0,normalized_organ,different,0.12789683882892136,0.14319689428806306,0.1355468665584922,3.9412693016755322
efficientnet_b0,normalized_organ,different,0.14319689428806306,0.15849694974720477,0.15084692201763392,3.6521796521542864
efficientnet_b0,normalized_organ,different,0.15849694974720477,0.17379700520634653,0.16614697747677565,3.4013250102831787
efficientnet_b0,normalized_organ,different,0.17379700520634653,0.1890970606654883,0.1814470329359174,3.115298874471961
efficientnet_b0,normalized_organ,different,0.1890970606654883,0.20439711612463,0.19674708839505914,2.830392099439418
efficientnet_b0,normalized_organ,different,0.20439711612463,0.2196971715837717,0.21204714385420084,2.5561487086667665
efficientnet_b0,normalized_organ,different,0.2196971715837717,0.23499722704291345,0.22734719931334257,2.3214364274984995
efficientnet_b0,normalized_organ,different,0.23499722704291345,0.2502972825020552,0.24264725477248433,2.0846621659484965
efficientnet_b0,normalized_organ,different,0.2502972825020552,0.2655973379611969,0.25794731023162604,1.8696859827198418
efficientnet_b0,normalized_organ,different,0.2655973379611969,0.2808973934203386,0.27324736569076774,1.6617794465143236
efficientnet_b0,normalized_organ,different,0.2808973934203386,0.2961974488794803,0.28854742114990944,1.4756120749049622
efficientnet_b0,normalized_organ,different,0.2961974488794803,0.3114975043386221,0.3038474766090512,1.284790519005357
efficientnet_b0,normalized_organ,different,0.3114975043386221,0.3267975597977638,0.31914753206819296,1.1214816727708252
efficientnet_b0,normalized_organ,different,0.3267975597977638,0.3420976152569055,0.33444758752733467,0.9685416421702231
efficientnet_b0,normalized_organ,different,0.3420976152569055,0.35739767071604733,0.3497476429864764,0.8401097212498345
efficientnet_b0,normalized_organ,different,0.35739767071604733,0.37269772617518904,0.3650476984456182,0.699600486664927
efficientnet_b0,normalized_organ,different,0.37269772617518904,0.38799778163433074,0.3803477539047599,0.5938503499437864
efficientnet_b0,normalized_organ,different,0.38799778163433074,0.40329783709347244,0.3956478093639016,0.5011790602154554
efficientnet_b0,normalized_organ,different,0.40329783709347244,0.41859789255261415,0.4109478648230433,0.41581307241103616
efficientnet_b0,normalized_organ,different,0.41859789255261415,0.43389794801175596,0.42624792028218506,0.3447042061032807
efficientnet_b0,normalized_organ,different,0.43389794801175596,0.44919800347089767,0.4415479757413268,0.2758929750780508
efficientnet_b0,normalized_organ,different,0.44919800347089767,0.46449805893003937,0.4568480312004685,0.21833426556465005
efficientnet_b0,normalized_organ,different,0.46449805893003937,0.4797981143891812,0.4721480866596103,0.18699216376205996
efficientnet_b0,normalized_organ,different,0.4797981143891812,0.4950981698483229,0.48744814211875204,0.1415696816383848
efficientnet_b0,normalized_organ,different,0.4950981698483229,0.5103982253074646,0.5027481975778938,0.11099345826330294
efficientnet_b0,normalized_organ,different,0.5103982253074646,0.5256982807666063,0.5180482530370354,0.08884189759079662
efficientnet_b0,normalized_organ,different,0.5256982807666063,0.540998336225748,0.5333483084961772,0.06940036827716076
efficientnet_b0,normalized_organ,different,0.540998336225748,0.5562983916848898,0.5486483639553189,0.053964972276637345
efficientnet_b0,normalized_organ,different,0.5562983916848898,0.5715984471440315,0.5639484194144606,0.04253570958922756
efficientnet_b0,normalized_organ,different,0.5715984471440315,0.5868985026031732,0.5792484748736024,0.03181341160413142
efficientnet_b0,normalized_organ,different,0.5868985026031732,0.602198558062315,0.5945485303327441,0.022210474397698996
efficientnet_b0,normalized_organ,different,0.602198558062315,0.6174986135214567,0.6098485857918858,0.01879347833651467
efficientnet_b0,normalized_organ,different,0.6174986135214567,0.6327986689805984,0.6251486412510276,0.01484625874859466
efficientnet_b0,normalized_organ,different,0.6327986689805984,0.6480987244397401,0.6404486967101692,0.01166491758818152
efficientnet_b0,normalized_organ,different,0.6480987244397401,0.6633987798988819,0.655748752169311,0.00801226662622569
efficientnet_b0,normalized_organ,different,0.6633987798988819,0.6786988353580237,0.6710488076284528,0.0067161646719832505
efficientnet_b0,normalized_organ,different,0.6786988353580237,0.6939988908171654,0.6863488630875945,0.003947219587920009
efficientnet_b0,normalized_organ,different,0.6939988908171654,0.7092989462763071,0.7016489185467363,0.0030045999848346337
efficientnet_b0,normalized_organ,different,0.7092989462763071,0.7245990017354489,0.716948974005878,0.0029456862596417763
efficientnet_b0,normalized_organ,different,0.7245990017354489,0.7398990571945906,0.7322490294650197,0.0017084980305922426
efficientnet_b0,normalized_organ,different,0.7398990571945906,0.7551991126537323,0.7475490849241615,0.0017674117557850786
efficientnet_b0,normalized_organ,different,0.7551991126537323,0.770499168112874,0.7628491403833031,0.0007658784275068675
efficientnet_b0,normalized_organ,different,0.770499168112874,0.7857992235720157,0.7781491958424449,0.0007069647023140315
efficientnet_b0,normalized_organ,different,0.7857992235720157,0.8010992790311575,0.7934492513015866,0.0008247921526996974
efficientnet_b0,normalized_organ,different,0.8010992790311575,0.8163993344902991,0.8087493067607283,0.00011782745038567275
efficientnet_b0,normalized_organ,different,0.8163993344902991,0.8316993899494409,0.82404936221987,0.00017674117557850658
efficientnet_b0,normalized_organ,different,0.8316993899494409,0.8469994454085827,0.8393494176790118,5.8913725192835534e-05
efficientnet_b0,normalized_organ,different,0.8469994454085827,0.8622995008677243,0.8546494731381535,5.8913725192836374e-05
efficientnet_b0,normalized_organ,different,0.8622995008677243,0.8775995563268661,0.8699495285972952,5.8913725192835534e-05
efficientnet_b0,normalized_organ,different,0.8775995563268661,0.892899611786008,0.885249584056437,0.0
efficientnet_b0,normalized_organ,different,0.892899611786008,0.9081996672451496,0.9005496395155788,0.0
efficientnet_b0,normalized_organ,different,0.9081996672451496,0.9234997227042914,0.9158496949747205,0.0
efficientnet_b0,normalized_organ,different,0.9234997227042914,0.9387997781634332,0.9311497504338623,0.0
efficientnet_b0,normalized_organ,different,0.9387997781634332,0.9540998336225748,0.946449805893004,0.0
efficientnet_b0,normalized_organ,different,0.9540998336225748,0.9693998890817166,0.9617498613521457,0.0
efficientnet_b0,normalized_organ,different,0.9693998890817166,0.9846999445408582,0.9770499168112874,0.0
efficientnet_b0,normalized_organ,different,0.9846999445408582,1.0,0.9923499722704291,0.0
