image_id,file,observation_id,organ_category,ground_truth_species,bioclip_prediction,bioclip_score,bioclip_top5,bioclip_correct,bioclip_top5_correct,dinov3_prediction,dinov3_score,dinov3_top5,dinov3_correct,dinov3_top5_correct,gpt_5_4_prediction,gpt_5_4_score,gpt_5_4_top5,gpt_5_4_correct,gpt_5_4_top5_correct,gemini_flash_lite_prediction,gemini_flash_lite_score,gemini_flash_lite_top5,gemini_flash_lite_correct,gemini_flash_lite_top5_correct,vernacular,family,organ_detail,subview,thumbnail_url,image_url,creator,license,observation_image_count,correct_count,correctness_pattern,prediction_unique_count,all_predictions_same,embedding_predictions_agree,vlm_predictions_agree,bucket_memberships
baskauf/10432,baskauf_10432.jpg,ind-baskauf/10432,bark,Fagus grandifolia,Fagus grandifolia,0.99959069,"[{""species"": ""Fagus grandifolia"", ""confidence"": 0.9995906949043274}, {""species"": ""Celtis occidentalis"", ""confidence"": 0.0002033850905718282}, {""species"": ""Amelanchier arborea"", ""confidence"": 9.607231186237186e-05}, {""species"": ""Carpinus caroliniana"", ""confidence"": 3.534302959451452e-05}, {""species"": ""Platanus occidentalis"", ""confidence"": 2.4290884539368562e-05}]",True,True,Carpinus caroliniana,0.46160825,"[{""species"": ""Carpinus caroliniana"", ""confidence"": 0.4616082471027067}, {""species"": ""Fagus grandifolia"", ""confidence"": 0.15683081764169682}, {""species"": ""Betula alleghaniensis"", ""confidence"": 0.03949132615536679}, {""species"": ""Celtis occidentalis"", ""confidence"": 0.02746003816759223}, {""species"": ""Toxicodendron radicans"", ""confidence"": 0.023389243679434985}]",False,True,Fagus grandifolia,0.38,"[{""species"": ""Fagus grandifolia"", ""confidence"": 0.38}, {""species"": ""Populus tremuloides"", ""confidence"": 0.26}, {""species"": ""Betula papyrifera"", ""confidence"": 0.15}, {""species"": ""Populus grandidentata"", ""confidence"": 0.11}, {""species"": ""Amelanchier arborea"", ""confidence"": 0.08}]",True,True,Fagus grandifolia,0.9,"[{""species"": ""Fagus grandifolia"", ""confidence"": 0.9}, {""species"": ""Carpinus caroliniana"", ""confidence"": 0.6}, {""species"": ""Ostrya virginiana"", ""confidence"": 0.4}, {""species"": ""Betula lenta"", ""confidence"": 0.3}, {""species"": ""Quercus alba"", ""confidence"": 0.2}]",True,True,American beech,Fagaceae,bark,of a large tree,https://bioimages.vanderbilt.edu/tn/baskauf/tfagr--br10432.jpg,https://bioimages.vanderbilt.edu/gq/baskauf/gfagr--br10432.jpg,Steven J. Baskauf,http://creativecommons.org/licenses/by/4.0/,5,3,1011,2,False,False,True,embedding_disagreement
baskauf/10550,baskauf_10550.jpg,ind-baskauf/10432,fruit,Fagus grandifolia,Fagus grandifolia,1.0,"[{""species"": ""Fagus grandifolia"", ""confidence"": 1.0}, {""species"": ""Castanea dentata"", ""confidence"": 5.315785500670245e-08}, {""species"": ""Ostrya virginiana"", ""confidence"": 3.850741947530878e-09}, {""species"": ""Viburnum lantanoides"", ""confidence"": 2.998960857425459e-09}, {""species"": ""Quercus muehlenbergii"", ""confidence"": 1.1032560420787263e-09}]",True,True,Platanus occidentalis,0.65410457,"[{""species"": ""Platanus occidentalis"", ""confidence"": 0.6541045727038917}, {""species"": ""Fagus grandifolia"", ""confidence"": 0.13392965043403512}, {""species"": ""Carya ovata"", ""confidence"": 0.04363956320906401}, {""species"": ""Castanea dentata"", ""confidence"": 0.029311967048060487}, {""species"": ""Ulmus americana"", ""confidence"": 0.017790319847818602}]",False,True,Fagus grandifolia,0.95,"[{""species"": ""Fagus grandifolia"", ""confidence"": 0.95}, {""species"": ""Castanea dentata"", ""confidence"": 0.18}, {""species"": ""Aesculus glabra"", ""confidence"": 0.06}, {""species"": ""Aesculus hippocastanum"", ""confidence"": 0.04}, {""species"": ""Carya ovata"", ""confidence"": 0.01}]",True,True,Fagus grandifolia,0.9,"[{""species"": ""Fagus grandifolia"", ""confidence"": 0.9}, {""species"": ""Castanea dentata"", ""confidence"": 0.7}, {""species"": ""Quercus alba"", ""confidence"": 0.5}, {""species"": ""Quercus bicolor"", ""confidence"": 0.4}, {""species"": ""Quercus macrocarpa"", ""confidence"": 0.3}]",True,True,American beech,Fagaceae,fruit,section or open,https://bioimages.vanderbilt.edu/tn/baskauf/tfagr--fr10550.jpg,https://bioimages.vanderbilt.edu/gq/baskauf/gfagr--fr10550.jpg,Steven J. Baskauf,http://creativecommons.org/licenses/by/4.0/,5,3,1011,2,False,False,True,embedding_disagreement
baskauf/29683,baskauf_29683.jpg,ind-baskauf/10432,leaf,Fagus grandifolia,Fagus grandifolia,0.9999975,"[{""species"": ""Fagus grandifolia"", ""confidence"": 0.9999974966049194}, {""species"": ""Castanea dentata"", ""confidence"": 1.994728791032685e-06}, {""species"": ""Quercus muehlenbergii"", ""confidence"": 2.6995715529665176e-07}, {""species"": ""Ostrya virginiana"", ""confidence"": 2.1024285956627864e-07}, {""species"": ""Carpinus caroliniana"", ""confidence"": 6.825586496006508e-08}]",True,True,Fagus grandifolia,0.41074913,"[{""species"": ""Fagus grandifolia"", ""confidence"": 0.41074913488551396}, {""species"": ""Betula alleghaniensis"", ""confidence"": 0.17464188649330908}, {""species"": ""Castanea dentata"", ""confidence"": 0.1200568631553074}, {""species"": ""Betula lenta"", ""confidence"": 0.03931620062173974}, {""species"": ""Carpinus caroliniana"", ""confidence"": 0.035718722585996704}]",True,True,Castanea dentata,0.79,"[{""species"": ""Castanea dentata"", ""confidence"": 0.79}, {""species"": ""Fagus grandifolia"", ""confidence"": 0.36}, {""species"": ""Betula alleghaniensis"", ""confidence"": 0.18}, {""species"": ""Ostrya virginiana"", ""confidence"": 0.12}, {""species"": ""Ulmus rubra"", ""confidence"": 0.08}]",False,True,Fagus grandifolia,0.8,"[{""species"": ""Fagus grandifolia"", ""confidence"": 0.8}, {""species"": ""Betula lenta"", ""confidence"": 0.3}, {""species"": ""Betula alleghaniensis"", ""confidence"": 0.2}, {""species"": ""Quercus muehlenbergii"", ""confidence"": 0.1}, {""species"": ""Tilia americana"", ""confidence"": 0.1}]",True,True,American beech,Fagaceae,leaf,whole upper surface,https://bioimages.vanderbilt.edu/tn/baskauf/tfagr--lf29683.jpg,https://bioimages.vanderbilt.edu/gq/baskauf/gfagr--lf29683.jpg,Steven J. Baskauf,http://creativecommons.org/licenses/by/4.0/,5,3,1101,2,False,True,False,
baskauf/29685,baskauf_29685.jpg,ind-baskauf/10432,twig,Fagus grandifolia,Fagus grandifolia,1.0,"[{""species"": ""Fagus grandifolia"", ""confidence"": 1.0}, {""species"": ""Quercus muehlenbergii"", ""confidence"": 2.510999053129126e-08}, {""species"": ""Ostrya virginiana"", ""confidence"": 2.510999053129126e-08}, {""species"": ""Carpinus caroliniana"", ""confidence"": 1.7257828943684217e-08}, {""species"": ""Amelanchier arborea"", ""confidence"": 1.3440409674103648e-08}]",True,True,Fagus grandifolia,0.45231315,"[{""species"": ""Fagus grandifolia"", ""confidence"": 0.45231315063915317}, {""species"": ""Nyssa sylvatica"", ""confidence"": 0.21953818612088008}, {""species"": ""Dirca palustris"", ""confidence"": 0.050314665371237216}, {""species"": ""Cephalanthus occidentalis"", ""confidence"": 0.04093946034596508}, {""species"": ""Amelanchier arborea"", ""confidence"": 0.025721010477241995}]",True,True,Fagus grandifolia,0.95,"[{""species"": ""Fagus grandifolia"", ""confidence"": 0.95}, {""species"": ""Castanea dentata"", ""confidence"": 0.18}, {""species"": ""Betula lenta"", ""confidence"": 0.11}, {""species"": ""Magnolia acuminata"", ""confidence"": 0.06}, {""species"": ""Lindera benzoin"", ""confidence"": 0.04}]",True,True,Fagus grandifolia,0.9,"[{""species"": ""Fagus grandifolia"", ""confidence"": 0.9}, {""species"": ""Carpinus caroliniana"", ""confidence"": 0.7}, {""species"": ""Ostrya virginiana"", ""confidence"": 0.6}, {""species"": ""Betula lenta"", ""confidence"": 0.5}, {""species"": ""Acer saccharum"", ""confidence"": 0.4}]",True,True,American beech,Fagaceae,twig,orientation of petioles,https://bioimages.vanderbilt.edu/tn/baskauf/tfagr--tw29685.jpg,https://bioimages.vanderbilt.edu/gq/baskauf/gfagr--tw29685.jpg,Steven J. Baskauf,http://creativecommons.org/licenses/by/4.0/,5,4,1111,1,True,True,True,all_four_correct
baskauf/29773,baskauf_29773.jpg,ind-baskauf/10432,whole tree (or vine),Fagus grandifolia,Fagus grandifolia,0.95202702,"[{""species"": ""Fagus grandifolia"", ""confidence"": 0.9520270228385925}, {""species"": ""Ostrya virginiana"", ""confidence"": 0.03691409155726433}, {""species"": ""Carpinus caroliniana"", ""confidence"": 0.010576065629720688}, {""species"": ""Ulmus americana"", ""confidence"": 0.0003193694865331054}, {""species"": ""Tilia americana"", ""confidence"": 7.126096897991374e-05}]",True,True,Fagus grandifolia,0.33102635,"[{""species"": ""Fagus grandifolia"", ""confidence"": 0.3310263522917529}, {""species"": ""Celtis occidentalis"", ""confidence"": 0.13918988920857445}, {""species"": ""Quercus palustris"", ""confidence"": 0.09601209248362592}, {""species"": ""Quercus alba"", ""confidence"": 0.08449540178378506}, {""species"": ""Nyssa sylvatica"", ""confidence"": 0.045249733370962976}]",True,True,Fagus grandifolia,0.44,"[{""species"": ""Fagus grandifolia"", ""confidence"": 0.44}, {""species"": ""Carpinus caroliniana"", ""confidence"": 0.19}, {""species"": ""Tilia americana"", ""confidence"": 0.14}, {""species"": ""Ostrya virginiana"", ""confidence"": 0.1}, {""species"": ""Nyssa sylvatica"", ""confidence"": 0.08}]",True,True,Ostrya virginiana,0.7,"[{""species"": ""Ostrya virginiana"", ""confidence"": 0.7}, {""species"": ""Carpinus caroliniana"", ""confidence"": 0.6}, {""species"": ""Fagus grandifolia"", ""confidence"": 0.5}, {""species"": ""Betula alleghaniensis"", ""confidence"": 0.4}, {""species"": ""Tilia americana"", ""confidence"": 0.3}]",False,True,American beech,Fagaceae,whole tree (or vine),general,https://bioimages.vanderbilt.edu/tn/baskauf/tfagr--wp29773.jpg,https://bioimages.vanderbilt.edu/gq/baskauf/gfagr--wp29773.jpg,Steven J. Baskauf,http://creativecommons.org/licenses/by/4.0/,5,3,1110,2,False,True,False,
baskauf/10904,baskauf_10904.jpg,ind-baskauf/10904,whole tree (or vine),Ailanthus altissima,Ailanthus altissima,0.99999321,"[{""species"": ""Ailanthus altissima"", ""confidence"": 0.9999932050704956}, {""species"": ""Rhus copallinum"", ""confidence"": 6.144170583866071e-06}, {""species"": ""Rhus glabra"", ""confidence"": 5.714969120163005e-07}, {""species"": ""Juglans nigra"", ""confidence"": 1.8189493244946675e-09}, {""species"": ""Carya cordiformis"", ""confidence"": 1.8189493244946675e-09}]",True,True,Gleditsia triacanthos,0.38346931,"[{""species"": ""Gleditsia triacanthos"", ""confidence"": 0.3834693122109757}, {""species"": ""Rhus glabra"", ""confidence"": 0.16939954753712946}, {""species"": ""Gymnocladus dioicus"", ""confidence"": 0.15082599717598372}, {""species"": ""Ailanthus altissima"", ""confidence"": 0.11114565521175718}, {""species"": ""Sorbus americana"", ""confidence"": 0.06508809822387858}]",False,True,Rhus glabra,0.95,"[{""species"": ""Rhus glabra"", ""confidence"": 0.95}, {""species"": ""Juglans nigra"", ""confidence"": 0.28}, {""species"": ""Sorbus americana"", ""confidence"": 0.17}, {""species"": ""Carya cordiformis"", ""confidence"": 0.12}, {""species"": ""Ailanthus altissima"", ""confidence"": 0.06}]",False,True,Rhus glabra,0.8,"[{""species"": ""Rhus glabra"", ""confidence"": 0.8}, {""species"": ""Rhus copallinum"", ""confidence"": 0.7}, {""species"": ""Rhus aromatica"", ""confidence"": 0.6}, {""species"": ""Ailanthus altissima"", ""confidence"": 0.4}, {""species"": ""Toxicodendron radicans"", ""confidence"": 0.3}]",False,True,tree of heaven,Simaroubaceae,whole tree (or vine),general,https://bioimages.vanderbilt.edu/tn/baskauf/taial--wpsmall10904.jpg,https://bioimages.vanderbilt.edu/gq/baskauf/gaial--wpsmall10904.jpg,Steven J. Baskauf,http://creativecommons.org/licenses/by/4.0/,1,1,1000,3,False,False,True,bioclip_only_correct|embedding_disagreement
baskauf/10938,baskauf_10938.jpg,ind-baskauf/10938,leaf,Rhus copallinum,Rhus copallinum,0.97061926,"[{""species"": ""Rhus copallinum"", ""confidence"": 0.970619261264801}, {""species"": ""Rhus glabra"", ""confidence"": 0.029310163110494614}, {""species"": ""Rhus aromatica"", ""confidence"": 3.4318672987865284e-05}, {""species"": ""Toxicodendron radicans"", ""confidence"": 1.4306149751064368e-05}, {""species"": ""Zanthoxylum americanum"", ""confidence"": 8.677118785271887e-06}]",True,True,Juglans nigra,0.41119166,"[{""species"": ""Juglans nigra"", ""confidence"": 0.4111916623178077}, {""species"": ""Rhus copallinum"", ""confidence"": 0.24413140542974915}, {""species"": ""Fraxinus americana"", ""confidence"": 0.11071957534293428}, {""species"": ""Fraxinus quadrangulata"", ""confidence"": 0.03554348439534929}, {""species"": ""Sambucus racemosa"", ""confidence"": 0.020995174701926182}]",False,True,Cornus amomum,0.68,"[{""species"": ""Cornus amomum"", ""confidence"": 0.68}, {""species"": ""Cornus sericea"", ""confidence"": 0.55}, {""species"": ""Cornus racemosa"", ""confidence"": 0.39}, {""species"": ""Cornus florida"", ""confidence"": 0.14}, {""species"": ""Salix nigra"", ""confidence"": 0.07}]",False,False,Juglans nigra,0.7,"[{""species"": ""Juglans nigra"", ""confidence"": 0.7}, {""species"": ""Juglans cinerea"", ""confidence"": 0.6}, {""species"": ""Gymnocladus dioicus"", ""confidence"": 0.5}, {""species"": ""Gleditsia triacanthos"", ""confidence"": 0.4}, {""species"": ""Ailanthus altissima"", ""confidence"": 0.3}]",False,False,winged sumac,Anacardiaceae,leaf,showing orientation on twig,https://bioimages.vanderbilt.edu/tn/baskauf/trhcol2lfseveral10938.jpg,https://bioimages.vanderbilt.edu/gq/baskauf/grhcol2lfseveral10938.jpg,Steven J. Baskauf,http://creativecommons.org/licenses/by/4.0/,3,1,1000,3,False,False,False,bioclip_only_correct|embedding_disagreement
baskauf/10939,baskauf_10939.jpg,ind-baskauf/10938,leaf,Rhus copallinum,Rhus copallinum,0.99806911,"[{""species"": ""Rhus copallinum"", ""confidence"": 0.9980691075325012}, {""species"": ""Rhus glabra"", ""confidence"": 0.0019267266616225243}, {""species"": ""Rhus aromatica"", ""confidence"": 3.7194572541920934e-06}, {""species"": ""Toxicodendron radicans"", ""confidence"": 1.1231787766519119e-07}, {""species"": ""Sorbus americana"", ""confidence"": 7.719487626900445e-08}]",True,True,Juglans nigra,0.48710879,"[{""species"": ""Juglans nigra"", ""confidence"": 0.4871087856885029}, {""species"": ""Rhus copallinum"", ""confidence"": 0.29845863597091504}, {""species"": ""Rhus glabra"", ""confidence"": 0.07557464325051295}, {""species"": ""Gleditsia triacanthos"", ""confidence"": 0.03320606167463892}, {""species"": ""Ailanthus altissima"", ""confidence"": 0.024064682095223923}]",False,True,Ailanthus altissima,0.97,"[{""species"": ""Ailanthus altissima"", ""confidence"": 0.97}, {""species"": ""Gymnocladus dioicus"", ""confidence"": 0.22}, {""species"": ""Gleditsia triacanthos"", ""confidence"": 0.13}, {""species"": ""Juglans nigra"", ""confidence"": 0.06}, {""species"": ""Rhus glabra"", ""confidence"": 0.03}]",False,False,Ailanthus altissima,0.7,"[{""species"": ""Ailanthus altissima"", ""confidence"": 0.7}, {""species"": ""Fraxinus americana"", ""confidence"": 0.5}, {""species"": ""Fraxinus pennsylvanica"", ""confidence"": 0.4}, {""species"": ""Juglans nigra"", ""confidence"": 0.3}, {""species"": ""Gleditsia triacanthos"", ""confidence"": 0.2}]",False,False,winged sumac,Anacardiaceae,leaf,whole upper surface,https://bioimages.vanderbilt.edu/tn/baskauf/trhcol2lf10939.jpg,https://bioimages.vanderbilt.edu/gq/baskauf/grhcol2lf10939.jpg,Steven J. Baskauf,http://creativecommons.org/licenses/by/4.0/,3,1,1000,3,False,False,True,bioclip_only_correct|embedding_disagreement
baskauf/10942,baskauf_10942.jpg,ind-baskauf/10938,twig,Rhus copallinum,Rhus glabra,0.73002172,"[{""species"": ""Rhus glabra"", ""confidence"": 0.7300217151641846}, {""species"": ""Rhus copallinum"", ""confidence"": 0.2685600221157074}, {""species"": ""Zanthoxylum americanum"", ""confidence"": 0.0010975432815030217}, {""species"": ""Rhus aromatica"", ""confidence"": 0.0003144514048472047}, {""species"": ""Sorbus americana"", ""confidence"": 1.8697963923841598e-06}]",False,True,Lindera benzoin,0.19684103,"[{""species"": ""Lindera benzoin"", ""confidence"": 0.1968410255584364}, {""species"": ""Carya cordiformis"", ""confidence"": 0.13623240602734907}, {""species"": ""Rhus copallinum"", ""confidence"": 0.07983444384253013}, {""species"": ""Fraxinus pennsylvanica"", ""confidence"": 0.07236312636463078}, {""species"": ""Celtis occidentalis"", ""confidence"": 0.06443747962300586}]",False,True,Betula lenta,0.36,"[{""species"": ""Betula lenta"", ""confidence"": 0.36}, {""species"": ""Prunus serotina"", ""confidence"": 0.28}, {""species"": ""Prunus pensylvanica"", ""confidence"": 0.18}, {""species"": ""Amelanchier arborea"", ""confidence"": 0.1}, {""species"": ""Pyrus calleryana"", ""confidence"": 0.07}]",False,False,Carpinus caroliniana,0.7,"[{""species"": ""Carpinus caroliniana"", ""confidence"": 0.7}, {""species"": ""Ostrya virginiana"", ""confidence"": 0.6}, {""species"": ""Amelanchier arborea"", ""confidence"": 0.5}, {""species"": ""Betula alleghaniensis"", ""confidence"": 0.4}, {""species"": ""Fagus grandifolia"", ""confidence"": 0.3}]",False,False,winged sumac,Anacardiaceae,twig,winter overall,https://bioimages.vanderbilt.edu/tn/baskauf/trhcol2twclose10942.jpg,https://bioimages.vanderbilt.edu/gq/baskauf/grhcol2twclose10942.jpg,Steven J. Baskauf,http://creativecommons.org/licenses/by/4.0/,3,0,0000,4,False,False,False,all_four_wrong|bioclip_and_dino_wrong|embedding_disagreement
baskauf/11037,baskauf_11037.jpg,ind-baskauf/11037,leaf,Ulmus rubra,Ulmus rubra,0.99330336,"[{""species"": ""Ulmus rubra"", ""confidence"": 0.9933033585548401}, {""species"": ""Ulmus americana"", ""confidence"": 0.006692825350910425}, {""species"": ""Ostrya virginiana"", ""confidence"": 1.9813758171949303e-06}, {""species"": ""Celtis occidentalis"", ""confidence"": 1.7485579064668855e-06}, {""species"": ""Carpinus caroliniana"", ""confidence"": 1.178169029003584e-08}]",True,True,Tilia americana,0.34325743,"[{""species"": ""Tilia americana"", ""confidence"": 0.3432574317923623}, {""species"": ""Ostrya virginiana"", ""confidence"": 0.20148793460721565}, {""species"": ""Betula alleghaniensis"", ""confidence"": 0.15465732807223567}, {""species"": ""Ulmus americana"", ""confidence"": 0.099230481208311}, {""species"": ""Betula lenta"", ""confidence"": 0.05418270706184604}]",False,False,Ostrya virginiana,0.72,"[{""species"": ""Ostrya virginiana"", ""confidence"": 0.72}, {""species"": ""Carpinus caroliniana"", ""confidence"": 0.58}, {""species"": ""Ulmus americana"", ""confidence"": 0.32}, {""species"": ""Ulmus rubra"", ""confidence"": 0.21}, {""species"": ""Betula alleghaniensis"", ""confidence"": 0.12}]",False,True,Ulmus rubra,0.7,"[{""species"": ""Ulmus rubra"", ""confidence"": 0.7}, {""species"": ""Ulmus americana"", ""confidence"": 0.6}, {""species"": ""Celtis occidentalis"", ""confidence"": 0.4}, {""species"": ""Carpinus caroliniana"", ""confidence"": 0.3}, {""species"": ""Ostrya virginiana"", ""confidence"": 0.2}]",True,True,slippery elm,Ulmaceae,leaf,showing orientation on twig,https://bioimages.vanderbilt.edu/tn/baskauf/tulru--lfseveral11037.jpg,https://bioimages.vanderbilt.edu/gq/baskauf/gulru--lfseveral11037.jpg,Steven J. Baskauf,http://creativecommons.org/licenses/by/4.0/,2,2,1001,3,False,False,False,embedding_disagreement
baskauf/11038,baskauf_11038.jpg,ind-baskauf/11037,leaf,Ulmus rubra,Ulmus rubra,0.99477899,"[{""species"": ""Ulmus rubra"", ""confidence"": 0.9947789907455444}, {""species"": ""Ulmus americana"", ""confidence"": 0.005220120772719383}, {""species"": ""Celtis occidentalis"", ""confidence"": 5.685169526259415e-07}, {""species"": ""Ostrya virginiana"", ""confidence"": 3.4482297905924497e-07}, {""species"": ""Quercus muehlenbergii"", ""confidence"": 3.634407264030415e-08}]",True,True,Betula alleghaniensis,0.34123859,"[{""species"": ""Betula alleghaniensis"", ""confidence"": 0.3412385866150063}, {""species"": ""Ostrya virginiana"", ""confidence"": 0.31593786681751446}, {""species"": ""Carya cordiformis"", ""confidence"": 0.07222929935128804}, {""species"": ""Betula lenta"", ""confidence"": 0.07217389587749684}, {""species"": ""Tilia americana"", ""confidence"": 0.06369168479354861}]",False,False,Ostrya virginiana,0.72,"[{""species"": ""Ostrya virginiana"", ""confidence"": 0.72}, {""species"": ""Ulmus rubra"", ""confidence"": 0.44}, {""species"": ""Carpinus caroliniana"", ""confidence"": 0.37}, {""species"": ""Betula lenta"", ""confidence"": 0.21}, {""species"": ""Ulmus americana"", ""confidence"": 0.18}]",False,True,Ulmus rubra,0.8,"[{""species"": ""Ulmus rubra"", ""confidence"": 0.8}, {""species"": ""Ulmus americana"", ""confidence"": 0.7}, {""species"": ""Celtis occidentalis"", ""confidence"": 0.5}, {""species"": ""Carpinus caroliniana"", ""confidence"": 0.4}, {""species"": ""Ostrya virginiana"", ""confidence"": 0.3}]",True,True,slippery elm,Ulmaceae,leaf,whole upper surface,https://bioimages.vanderbilt.edu/tn/baskauf/tulru--lf11038.jpg,https://bioimages.vanderbilt.edu/gq/baskauf/gulru--lf11038.jpg,Steven J. Baskauf,http://creativecommons.org/licenses/by/4.0/,2,2,1001,3,False,False,False,embedding_disagreement
baskauf/11064,baskauf_11064.jpg,ind-baskauf/11064,fruit,Populus deltoides,Populus deltoides,0.99999213,"[{""species"": ""Populus deltoides"", ""confidence"": 0.9999921321868896}, {""species"": ""Populus tremuloides"", ""confidence"": 7.889262633398175e-06}, {""species"": ""Zanthoxylum americanum"", ""confidence"": 4.9444111027696636e-09}, {""species"": ""Tilia americana"", ""confidence"": 2.0611372608669853e-09}, {""species"": ""Ginkgo biloba"", ""confidence"": 1.6052152940204678e-09}]",True,True,Populus deltoides,0.80870731,"[{""species"": ""Populus deltoides"", ""confidence"": 0.8087073106286798}, {""species"": ""Quercus rubra"", ""confidence"": 0.04939808324087932}, {""species"": ""Cercis canadensis"", ""confidence"": 0.03848243597651154}, {""species"": ""Celtis occidentalis"", ""confidence"": 0.011509896145065474}, {""species"": ""Toxicodendron radicans"", ""confidence"": 0.011057867012017721}]",True,True,Populus deltoides,0.9,"[{""species"": ""Populus deltoides"", ""confidence"": 0.9}, {""species"": ""Populus tremuloides"", ""confidence"": 0.42}, {""species"": ""Populus grandidentata"", ""confidence"": 0.21}, {""species"": ""Betula papyrifera"", ""confidence"": 0.08}, {""species"": ""Tilia americana"", ""confidence"": 0.05}]",True,True,Populus tremuloides,0.8,"[{""species"": ""Populus tremuloides"", ""confidence"": 0.8}, {""species"": ""Populus grandidentata"", ""confidence"": 0.7}, {""species"": ""Populus deltoides"", ""confidence"": 0.6}, {""species"": ""Acer negundo"", ""confidence"": 0.3}, {""species"": ""Ailanthus altissima"", ""confidence"": 0.2}]",False,True,eastern cottonwood,Salicaceae,fruit,as borne on the plant,https://bioimages.vanderbilt.edu/tn/baskauf/tpode3-frin-fruit11064.jpg,https://bioimages.vanderbilt.edu/gq/baskauf/gpode3-frin-fruit11064.jpg,Steven J. Baskauf,http://creativecommons.org/licenses/by/4.0/,3,3,1110,2,False,True,False,
baskauf/11066,baskauf_11066.jpg,ind-baskauf/11064,bark,Populus deltoides,Populus deltoides,0.99998963,"[{""species"": ""Populus deltoides"", ""confidence"": 0.9999896287918091}, {""species"": ""Populus tremuloides"", ""confidence"": 8.939683539210819e-06}, {""species"": ""Tilia americana"", ""confidence"": 1.2098546449124115e-06}, {""species"": ""Ostrya virginiana"", ""confidence"": 6.82553249475859e-08}, {""species"": ""Platanus occidentalis"", ""confidence"": 1.9555479013888544e-08}]",True,True,Quercus rubra,0.15861197,"[{""species"": ""Quercus rubra"", ""confidence"": 0.15861197223389312}, {""species"": ""Populus deltoides"", ""confidence"": 0.10009544100557619}, {""species"": ""Celtis occidentalis"", ""confidence"": 0.09611438117369006}, {""species"": ""Pyrus calleryana"", ""confidence"": 0.0790650170308662}, {""species"": ""Acer negundo"", ""confidence"": 0.05690037330009588}]",False,True,Populus deltoides,0.68,"[{""species"": ""Populus deltoides"", ""confidence"": 0.68}, {""species"": ""Populus grandidentata"", ""confidence"": 0.19}, {""species"": ""Tilia americana"", ""confidence"": 0.12}, {""species"": ""Ulmus americana"", ""confidence"": 0.08}, {""species"": ""Celtis occidentalis"", ""confidence"": 0.05}]",True,True,Juglans nigra,0.8,"[{""species"": ""Juglans nigra"", ""confidence"": 0.8}, {""species"": ""Juglans cinerea"", ""confidence"": 0.7}, {""species"": ""Carya laciniosa"", ""confidence"": 0.6}, {""species"": ""Carya ovata"", ""confidence"": 0.5}, {""species"": ""Carya cordiformis"", ""confidence"": 0.4}]",False,False,eastern cottonwood,Salicaceae,bark,of a large tree,https://bioimages.vanderbilt.edu/tn/baskauf/tpode3-brlarge11066.jpg,https://bioimages.vanderbilt.edu/gq/baskauf/gpode3-brlarge11066.jpg,Steven J. Baskauf,http://creativecommons.org/licenses/by/4.0/,3,2,1010,3,False,False,False,embedding_disagreement
baskauf/11070,baskauf_11070.jpg,ind-baskauf/11064,leaf,Populus deltoides,Populus deltoides,0.99998701,"[{""species"": ""Populus deltoides"", ""confidence"": 0.999987006187439}, {""species"": ""Populus tremuloides"", ""confidence"": 1.3007128472963814e-05}, {""species"": ""Tilia americana"", ""confidence"": 1.1860965543064594e-08}, {""species"": ""Toxicodendron radicans"", ""confidence"": 3.5817013244177076e-10}, {""species"": ""Zanthoxylum americanum"", ""confidence"": 3.1608404782446087e-10}]",True,True,Populus deltoides,0.33146024,"[{""species"": ""Populus deltoides"", ""confidence"": 0.3314602447527765}, {""species"": ""Populus tremuloides"", ""confidence"": 0.25635104458646707}, {""species"": ""Platanus occidentalis"", ""confidence"": 0.19026220191690474}, {""species"": ""Tilia americana"", ""confidence"": 0.10992780078595199}, {""species"": ""Pyrus calleryana"", ""confidence"": 0.052508188479987346}]",True,True,Populus tremuloides,0.92,"[{""species"": ""Populus tremuloides"", ""confidence"": 0.92}, {""species"": ""Populus grandidentata"", ""confidence"": 0.33}, {""species"": ""Populus deltoides"", ""confidence"": 0.11}, {""species"": ""Betula papyrifera"", ""confidence"": 0.05}, {""species"": ""Pyrus calleryana"", ""confidence"": 0.03}]",False,True,Populus tremuloides,0.7,"[{""species"": ""Populus tremuloides"", ""confidence"": 0.7}, {""species"": ""Populus grandidentata"", ""confidence"": 0.6}, {""species"": ""Populus deltoides"", ""confidence"": 0.5}, {""species"": ""Acer saccharum"", ""confidence"": 0.2}, {""species"": ""Betula papyrifera"", ""confidence"": 0.1}]",False,True,eastern cottonwood,Salicaceae,leaf,whole upper surface,https://bioimages.vanderbilt.edu/tn/baskauf/tpode3-lf11070.jpg,https://bioimages.vanderbilt.edu/gq/baskauf/gpode3-lf11070.jpg,Steven J. Baskauf,http://creativecommons.org/licenses/by/4.0/,3,2,1100,2,False,True,True,vlm_embedding_consensus_conflict
baskauf/11449,baskauf_11449.jpg,ind-baskauf/11449,bark,Betula alleghaniensis,Betula alleghaniensis,0.92396325,"[{""species"": ""Betula alleghaniensis"", ""confidence"": 0.9239632487297058}, {""species"": ""Betula lenta"", ""confidence"": 0.07584352046251297}, {""species"": ""Fagus grandifolia"", ""confidence"": 0.00018799729878082871}, {""species"": ""Ostrya virginiana"", ""confidence"": 1.4353771575770224e-06}, {""species"": ""Castanea dentata"", ""confidence"": 1.4353771575770224e-06}]",True,True,Prunus serotina,0.25348712,"[{""species"": ""Prunus serotina"", ""confidence"": 0.25348711698425336}, {""species"": ""Betula lenta"", ""confidence"": 0.21319901389508883}, {""species"": ""Betula alleghaniensis"", ""confidence"": 0.18166357497051397}, {""species"": ""Fraxinus americana"", ""confidence"": 0.0760493317911065}, {""species"": ""Carya cordiformis"", ""confidence"": 0.051087960918936734}]",False,True,Populus tremuloides,0.42,"[{""species"": ""Populus tremuloides"", ""confidence"": 0.42}, {""species"": ""Betula lenta"", ""confidence"": 0.24}, {""species"": ""Amelanchier arborea"", ""confidence"": 0.13}, {""species"": ""Prunus pensylvanica"", ""confidence"": 0.11}, {""species"": ""Fagus grandifolia"", ""confidence"": 0.08}]",False,False,Betula papyrifera,0.7,"[{""species"": ""Betula papyrifera"", ""confidence"": 0.7}, {""species"": ""Betula lenta"", ""confidence"": 0.6}, {""species"": ""Betula alleghaniensis"", ""confidence"": 0.5}, {""species"": ""Ostrya virginiana"", ""confidence"": 0.4}, {""species"": ""Carpinus caroliniana"", ""confidence"": 0.3}]",False,True,yellow birch,Betulaceae,bark,of a large tree,https://bioimages.vanderbilt.edu/tn/baskauf/tbeal2-brlarge11449.jpg,https://bioimages.vanderbilt.edu/gq/baskauf/gbeal2-brlarge11449.jpg,Steven J. Baskauf,http://creativecommons.org/licenses/by/4.0/,1,1,1000,4,False,False,False,bioclip_only_correct|embedding_disagreement
baskauf/11492,baskauf_11492.jpg,ind-baskauf/11492,whole tree,Tsuga canadensis,Tsuga canadensis,0.99999809,"[{""species"": ""Tsuga canadensis"", ""confidence"": 0.9999980926513672}, {""species"": ""Picea rubens"", ""confidence"": 1.5534973272224306e-06}, {""species"": ""Pinus strobus"", ""confidence"": 3.059017217310611e-07}, {""species"": ""Sorbus americana"", ""confidence"": 1.9555644215074608e-08}, {""species"": ""Quercus alba"", ""confidence"": 1.3440383916929477e-08}]",True,True,Tsuga canadensis,0.97667109,"[{""species"": ""Tsuga canadensis"", ""confidence"": 0.976671087546002}, {""species"": ""Robinia pseudoacacia"", ""confidence"": 0.0050535798659630425}, {""species"": ""Tilia americana"", ""confidence"": 0.004220929233572829}, {""species"": ""Juglans cinerea"", ""confidence"": 0.0023865396008534347}, {""species"": ""Picea rubens"", ""confidence"": 0.0023649726924326897}]",True,True,Tsuga canadensis,0.78,"[{""species"": ""Tsuga canadensis"", ""confidence"": 0.78}, {""species"": ""Picea glauca"", ""confidence"": 0.11}, {""species"": ""Picea rubens"", ""confidence"": 0.05}, {""species"": ""Picea mariana"", ""confidence"": 0.03}, {""species"": ""Thuja occidentalis"", ""confidence"": 0.01}]",True,True,Tsuga canadensis,0.9,"[{""species"": ""Tsuga canadensis"", ""confidence"": 0.9}, {""species"": ""Picea mariana"", ""confidence"": 0.7}, {""species"": ""Picea glauca"", ""confidence"": 0.6}, {""species"": ""Pinus strobus"", ""confidence"": 0.5}, {""species"": ""Thuja occidentalis"", ""confidence"": 0.4}]",True,True,eastern hemlock,Pinaceae,whole tree,general,https://bioimages.vanderbilt.edu/tn/baskauf/ttsca--wplarge-forest-11492.jpg,https://bioimages.vanderbilt.edu/gq/baskauf/gtsca--wplarge-forest-11492.jpg,Steven J. Baskauf,http://creativecommons.org/licenses/by/4.0/,2,4,1111,1,True,True,True,all_four_correct
baskauf/11493,baskauf_11493.jpg,ind-baskauf/11492,bark,Tsuga canadensis,Tsuga canadensis,0.99999559,"[{""species"": ""Tsuga canadensis"", ""confidence"": 0.9999955892562866}, {""species"": ""Pinus strobus"", ""confidence"": 2.902307869590004e-06}, {""species"": ""Picea rubens"", ""confidence"": 1.370953100376937e-06}, {""species"": ""Juniperus virginiana"", ""confidence"": 2.8453222000734968e-08}, {""species"": ""Sorbus americana"", ""confidence"": 7.194101758756233e-09}]",True,True,Tsuga canadensis,0.4153552,"[{""species"": ""Tsuga canadensis"", ""confidence"": 0.41535520131497455}, {""species"": ""Robinia pseudoacacia"", ""confidence"": 0.16420149573784926}, {""species"": ""Gleditsia triacanthos"", ""confidence"": 0.08087784044980928}, {""species"": ""Carya ovata"", ""confidence"": 0.057416661789514774}, {""species"": ""Juglans cinerea"", ""confidence"": 0.03595153074612372}]",True,True,Pinus strobus,0.67,"[{""species"": ""Pinus strobus"", ""confidence"": 0.67}, {""species"": ""Tsuga canadensis"", ""confidence"": 0.18}, {""species"": ""Picea glauca"", ""confidence"": 0.08}, {""species"": ""Pinus rigida"", ""confidence"": 0.05}, {""species"": ""Picea rubens"", ""confidence"": 0.04}]",False,True,Tsuga canadensis,0.7,"[{""species"": ""Tsuga canadensis"", ""confidence"": 0.7}, {""species"": ""Picea rubens"", ""confidence"": 0.6}, {""species"": ""Picea glauca"", ""confidence"": 0.5}, {""species"": ""Pinus strobus"", ""confidence"": 0.4}, {""species"": ""Picea mariana"", ""confidence"": 0.3}]",True,True,eastern hemlock,Pinaceae,bark,of a large tree,https://bioimages.vanderbilt.edu/tn/baskauf/ttsca--br11493.jpg,https://bioimages.vanderbilt.edu/gq/baskauf/gtsca--br11493.jpg,Steven J. Baskauf,http://creativecommons.org/licenses/by/4.0/,2,3,1101,2,False,True,False,
baskauf/11522,baskauf_11522.jpg,ind-baskauf/11522,whole tree,Juniperus virginiana,Juniperus virginiana,1.0,"[{""species"": ""Juniperus virginiana"", ""confidence"": 1.0}, {""species"": ""Pinus strobus"", ""confidence"": 1.9555681518568235e-08}, {""species"": ""Tsuga canadensis"", ""confidence"": 5.602796449011294e-09}, {""species"": ""Quercus palustris"", ""confidence"": 4.363462480228009e-09}, {""species"": ""Gymnocladus dioicus"", ""confidence"": 1.4166087192180044e-09}]",True,True,Juniperus virginiana,0.80078144,"[{""species"": ""Juniperus virginiana"", ""confidence"": 0.8007814355054628}, {""species"": ""Tsuga canadensis"", ""confidence"": 0.08441669502792647}, {""species"": ""Quercus alba"", ""confidence"": 0.03699988634213742}, {""species"": ""Juglans nigra"", ""confidence"": 0.022349252342921472}, {""species"": ""Acer saccharum"", ""confidence"": 0.008716371654511742}]",True,True,Juniperus virginiana,0.81,"[{""species"": ""Juniperus virginiana"", ""confidence"": 0.81}, {""species"": ""Thuja occidentalis"", ""confidence"": 0.58}, {""species"": ""Tsuga canadensis"", ""confidence"": 0.17}, {""species"": ""Picea glauca"", ""confidence"": 0.1}, {""species"": ""Picea rubens"", ""confidence"": 0.08}]",True,True,Juniperus virginiana,0.8,"[{""species"": ""Juniperus virginiana"", ""confidence"": 0.8}, {""species"": ""Thuja occidentalis"", ""confidence"": 0.6}, {""species"": ""Juniperus communis"", ""confidence"": 0.4}, {""species"": ""Tsuga canadensis"", ""confidence"": 0.3}, {""species"": ""Picea glauca"", ""confidence"": 0.2}]",True,True,eastern redcedar,Cupressaceae,whole tree,general,https://bioimages.vanderbilt.edu/tn/baskauf/tjuvi--wplarge11522.jpg,https://bioimages.vanderbilt.edu/gq/baskauf/gjuvi--wplarge11522.jpg,Steven J. Baskauf,http://creativecommons.org/licenses/by/4.0/,2,4,1111,1,True,True,True,all_four_correct
baskauf/11524,baskauf_11524.jpg,ind-baskauf/11522,bark,Juniperus virginiana,Juniperus virginiana,1.0,"[{""species"": ""Juniperus virginiana"", ""confidence"": 1.0}, {""species"": ""Ostrya virginiana"", ""confidence"": 4.691164434689199e-08}, {""species"": ""Platanus occidentalis"", ""confidence"": 2.061153470123145e-09}, {""species"": ""Carpinus caroliniana"", ""confidence"": 1.4166087192180044e-09}, {""species"": ""Gymnocladus dioicus"", ""confidence"": 1.1032560420787263e-09}]",True,True,Quercus alba,0.38775121,"[{""species"": ""Quercus alba"", ""confidence"": 0.387751209602174}, {""species"": ""Juniperus virginiana"", ""confidence"": 0.3346246444332854}, {""species"": ""Carpinus caroliniana"", ""confidence"": 0.04420088616479447}, {""species"": ""Quercus palustris"", ""confidence"": 0.03362855843164436}, {""species"": ""Gleditsia triacanthos"", ""confidence"": 0.02641101461097579}]",False,True,Thuja occidentalis,0.68,"[{""species"": ""Thuja occidentalis"", ""confidence"": 0.68}, {""species"": ""Juniperus virginiana"", ""confidence"": 0.22}, {""species"": ""Pinus rigida"", ""confidence"": 0.05}, {""species"": ""Pinus strobus"", ""confidence"": 0.03}, {""species"": ""Tsuga canadensis"", ""confidence"": 0.02}]",False,True,Juniperus virginiana,0.8,"[{""species"": ""Juniperus virginiana"", ""confidence"": 0.8}, {""species"": ""Thuja occidentalis"", ""confidence"": 0.7}, {""species"": ""Juniperus communis"", ""confidence"": 0.6}, {""species"": ""Tsuga canadensis"", ""confidence"": 0.5}, {""species"": ""Pinus strobus"", ""confidence"": 0.4}]",True,True,eastern redcedar,Cupressaceae,bark,of a large tree,https://bioimages.vanderbilt.edu/tn/baskauf/tjuvi--brlarge-tree11524.jpg,https://bioimages.vanderbilt.edu/gq/baskauf/gjuvi--brlarge-tree11524.jpg,Steven J. Baskauf,http://creativecommons.org/licenses/by/4.0/,2,2,1001,3,False,False,False,embedding_disagreement
baskauf/11534,baskauf_11534.jpg,ind-baskauf/11534,bark,Castanea dentata,Castanea dentata,0.72563386,"[{""species"": ""Castanea dentata"", ""confidence"": 0.7256338596343994}, {""species"": ""Lindera benzoin"", ""confidence"": 0.18346896767616272}, {""species"": ""Viburnum lantanoides"", ""confidence"": 0.03188212588429451}, {""species"": ""Gymnocladus dioicus"", ""confidence"": 0.0193374864757061}, {""species"": ""Fraxinus quadrangulata"", ""confidence"": 0.008061064407229424}]",True,True,Castanea dentata,0.28263073,"[{""species"": ""Castanea dentata"", ""confidence"": 0.28263073002498246}, {""species"": ""Fraxinus quadrangulata"", ""confidence"": 0.25927218355097453}, {""species"": ""Juglans cinerea"", ""confidence"": 0.20681622837766256}, {""species"": ""Tilia americana"", ""confidence"": 0.025086230696262306}, {""species"": ""Betula alleghaniensis"", ""confidence"": 0.021428022336060025}]",True,True,Carya ovata,0.42,"[{""species"": ""Carya ovata"", ""confidence"": 0.42}, {""species"": ""Carya laciniosa"", ""confidence"": 0.24}, {""species"": ""Tilia americana"", ""confidence"": 0.12}, {""species"": ""Betula alleghaniensis"", ""confidence"": 0.09}, {""species"": ""Ostrya virginiana"", ""confidence"": 0.06}]",False,False,Carpinus caroliniana,0.7,"[{""species"": ""Carpinus caroliniana"", ""confidence"": 0.7}, {""species"": ""Ostrya virginiana"", ""confidence"": 0.6}, {""species"": ""Betula alleghaniensis"", ""confidence"": 0.5}, {""species"": ""Fagus grandifolia"", ""confidence"": 0.4}, {""species"": ""Quercus rubra"", ""confidence"": 0.3}]",False,False,American chestnut,Fagaceae,bark,of a large tree,https://bioimages.vanderbilt.edu/tn/baskauf/tcade12wplog11534.jpg,https://bioimages.vanderbilt.edu/gq/baskauf/gcade12wplog11534.jpg,Steven J. Baskauf,http://creativecommons.org/licenses/by/4.0/,1,2,1100,3,False,True,False,
baskauf/11653,baskauf_11653.jpg,ind-baskauf/11653,twig,Tilia americana,Tilia americana,0.99981409,"[{""species"": ""Tilia americana"", ""confidence"": 0.9998140931129456}, {""species"": ""Sorbus americana"", ""confidence"": 9.609378321329132e-05}, {""species"": ""Amelanchier arborea"", ""confidence"": 4.539149085758254e-05}, {""species"": ""Populus tremuloides"", ""confidence"": 2.4296312403748743e-05}, {""species"": ""Viburnum lantanoides"", ""confidence"": 1.4736458069819491e-05}]",True,True,Tilia americana,0.38240295,"[{""species"": ""Tilia americana"", ""confidence"": 0.38240295401566654}, {""species"": ""Fraxinus pennsylvanica"", ""confidence"": 0.15403353422674645}, {""species"": ""Juglans cinerea"", ""confidence"": 0.07703739289350153}, {""species"": ""Ginkgo biloba"", ""confidence"": 0.07402879261593515}, {""species"": ""Acer negundo"", ""confidence"": 0.056192180059242855}]",True,True,Lindera benzoin,0.46,"[{""species"": ""Lindera benzoin"", ""confidence"": 0.46}, {""species"": ""Dirca palustris"", ""confidence"": 0.21}, {""species"": ""Cephalanthus occidentalis"", ""confidence"": 0.12}, {""species"": ""Prunus serotina"", ""confidence"": 0.08}, {""species"": ""Cornus amomum"", ""confidence"": 0.05}]",False,False,Carpinus caroliniana,0.7,"[{""species"": ""Carpinus caroliniana"", ""confidence"": 0.7}, {""species"": ""Ostrya virginiana"", ""confidence"": 0.6}, {""species"": ""Amelanchier arborea"", ""confidence"": 0.5}, {""species"": ""Celtis occidentalis"", ""confidence"": 0.4}, {""species"": ""Acer negundo"", ""confidence"": 0.3}]",False,False,white basswood,Tiliaceae,twig,orientation of petioles,https://bioimages.vanderbilt.edu/tn/baskauf/ttiamh-twbud11653.jpg,https://bioimages.vanderbilt.edu/gq/baskauf/gtiamh-twbud11653.jpg,Steven J. Baskauf,http://creativecommons.org/licenses/by/4.0/,2,2,1100,3,False,True,False,
baskauf/11656,baskauf_11656.jpg,ind-baskauf/11653,twig,Tilia americana,Tilia americana,0.99886864,"[{""species"": ""Tilia americana"", ""confidence"": 0.9988686442375183}, {""species"": ""Zanthoxylum americanum"", ""confidence"": 0.00043025522609241307}, {""species"": ""Amelanchier arborea"", ""confidence"": 0.00043025522609241307}, {""species"": ""Celtis occidentalis"", ""confidence"": 0.00015828205505385995}, {""species"": ""Cercis canadensis"", ""confidence"": 5.138666165294126e-05}]",True,True,Tilia americana,0.79005759,"[{""species"": ""Tilia americana"", ""confidence"": 0.7900575946717818}, {""species"": ""Acer negundo"", ""confidence"": 0.06427467234202976}, {""species"": ""Juglans cinerea"", ""confidence"": 0.042931660824674756}, {""species"": ""Rhus aromatica"", ""confidence"": 0.01569342707392208}, {""species"": ""Platanus occidentalis"", ""confidence"": 0.013627476156348527}]",True,True,Staphylea trifolia,0.42,"[{""species"": ""Staphylea trifolia"", ""confidence"": 0.42}, {""species"": ""Sambucus nigra"", ""confidence"": 0.24}, {""species"": ""Acer negundo"", ""confidence"": 0.14}, {""species"": ""Fraxinus americana"", ""confidence"": 0.11}, {""species"": ""Sambucus racemosa"", ""confidence"": 0.08}]",False,False,Tilia americana,0.8,"[{""species"": ""Tilia americana"", ""confidence"": 0.8}, {""species"": ""Acer saccharum"", ""confidence"": 0.7}, {""species"": ""Ulmus americana"", ""confidence"": 0.6}, {""species"": ""Populus tremuloides"", ""confidence"": 0.5}, {""species"": ""Betula papyrifera"", ""confidence"": 0.4}]",True,True,white basswood,Tiliaceae,twig,orientation of petioles,https://bioimages.vanderbilt.edu/tn/baskauf/ttiamh-tw11656.jpg,https://bioimages.vanderbilt.edu/gq/baskauf/gtiamh-tw11656.jpg,Steven J. Baskauf,http://creativecommons.org/licenses/by/4.0/,2,3,1101,2,False,True,False,
baskauf/11687,baskauf_11687.jpg,ind-baskauf/11687,leaf,Ulmus americana,Ulmus americana,0.99591583,"[{""species"": ""Ulmus americana"", ""confidence"": 0.9959158301353455}, {""species"": ""Ulmus rubra"", ""confidence"": 0.004070080351084471}, {""species"": ""Celtis occidentalis"", ""confidence"": 6.119118552305736e-06}, {""species"": ""Carpinus caroliniana"", ""confidence"": 6.119118552305736e-06}, {""species"": ""Fagus grandifolia"", ""confidence"": 1.365359935334709e-06}]",True,True,Betula alleghaniensis,0.23327088,"[{""species"": ""Betula alleghaniensis"", ""confidence"": 0.23327088156488984}, {""species"": ""Carpinus caroliniana"", ""confidence"": 0.13636732994929232}, {""species"": ""Betula lenta"", ""confidence"": 0.11184019586137194}, {""species"": ""Castanea dentata"", ""confidence"": 0.08529685835065938}, {""species"": ""Ulmus americana"", ""confidence"": 0.07708749058279371}]",False,True,Ostrya virginiana,0.57,"[{""species"": ""Ostrya virginiana"", ""confidence"": 0.57}, {""species"": ""Carpinus caroliniana"", ""confidence"": 0.23}, {""species"": ""Ulmus americana"", ""confidence"": 0.11}, {""species"": ""Ulmus rubra"", ""confidence"": 0.06}, {""species"": ""Betula lenta"", ""confidence"": 0.04}]",False,True,Ulmus rubra,0.8,"[{""species"": ""Ulmus rubra"", ""confidence"": 0.8}, {""species"": ""Ulmus americana"", ""confidence"": 0.7}, {""species"": ""Celtis occidentalis"", ""confidence"": 0.5}, {""species"": ""Carpinus caroliniana"", ""confidence"": 0.4}, {""species"": ""Ostrya virginiana"", ""confidence"": 0.3}]",False,True,American elm,Ulmaceae,leaf,showing orientation on twig,https://bioimages.vanderbilt.edu/tn/baskauf/tulam--lfseveral11687.jpg,https://bioimages.vanderbilt.edu/gq/baskauf/gulam--lfseveral11687.jpg,Steven J. Baskauf,http://creativecommons.org/licenses/by/4.0/,4,1,1000,4,False,False,False,bioclip_only_correct|embedding_disagreement
baskauf/11688,baskauf_11688.jpg,ind-baskauf/11687,leaf,Ulmus americana,Ulmus americana,0.99941862,"[{""species"": ""Ulmus americana"", ""confidence"": 0.9994186162948608}, {""species"": ""Ulmus rubra"", ""confidence"": 0.0005527628236450255}, {""species"": ""Carpinus caroliniana"", ""confidence"": 2.7520442017703317e-05}, {""species"": ""Ostrya virginiana"", ""confidence"": 3.925579790120537e-07}, {""species"": ""Sorbus americana"", ""confidence"": 2.3809845117739314e-07}]",True,True,Ulmus americana,0.30093759,"[{""species"": ""Ulmus americana"", ""confidence"": 0.300937593088154}, {""species"": ""Betula lenta"", ""confidence"": 0.13220378091568882}, {""species"": ""Ulmus rubra"", ""confidence"": 0.12181373306525403}, {""species"": ""Carpinus caroliniana"", ""confidence"": 0.10097219321627549}, {""species"": ""Ostrya virginiana"", ""confidence"": 0.08254024443163079}]",True,True,Ostrya virginiana,0.48,"[{""species"": ""Ostrya virginiana"", ""confidence"": 0.48}, {""species"": ""Carpinus caroliniana"", ""confidence"": 0.21}, {""species"": ""Ulmus americana"", ""confidence"": 0.14}, {""species"": ""Ulmus rubra"", ""confidence"": 0.1}, {""species"": ""Betula lenta"", ""confidence"": 0.06}]",False,True,Ostrya virginiana,0.7,"[{""species"": ""Ostrya virginiana"", ""confidence"": 0.7}, {""species"": ""Carpinus caroliniana"", ""confidence"": 0.6}, {""species"": ""Ulmus rubra"", ""confidence"": 0.5}, {""species"": ""Betula lenta"", ""confidence"": 0.4}, {""species"": ""Ulmus americana"", ""confidence"": 0.3}]",False,True,American elm,Ulmaceae,leaf,whole upper surface,https://bioimages.vanderbilt.edu/tn/baskauf/tulam--lf11688.jpg,https://bioimages.vanderbilt.edu/gq/baskauf/gulam--lf11688.jpg,Steven J. Baskauf,http://creativecommons.org/licenses/by/4.0/,4,2,1100,2,False,True,True,vlm_embedding_consensus_conflict
baskauf/11689,baskauf_11689.jpg,ind-baskauf/11687,leaf,Ulmus americana,Ulmus americana,0.99592859,"[{""species"": ""Ulmus americana"", ""confidence"": 0.9959285855293274}, {""species"": ""Ulmus rubra"", ""confidence"": 0.004070132505148649}, {""species"": ""Ostrya virginiana"", ""confidence"": 5.022942559662624e-07}, {""species"": ""Carpinus caroliniana"", ""confidence"": 4.43273108885478e-07}, {""species"": ""Celtis occidentalis"", ""confidence"": 1.4390971614375303e-07}]",True,True,Betula alleghaniensis,0.21415828,"[{""species"": ""Betula alleghaniensis"", ""confidence"": 0.21415827889348324}, {""species"": ""Carpinus caroliniana"", ""confidence"": 0.07780146484173635}, {""species"": ""Castanea dentata"", ""confidence"": 0.07569062740674234}, {""species"": ""Ulmus americana"", ""confidence"": 0.07353681668603726}, {""species"": ""Rhus glabra"", ""confidence"": 0.06968945250504266}]",False,True,Ostrya virginiana,0.52,"[{""species"": ""Ostrya virginiana"", ""confidence"": 0.52}, {""species"": ""Carpinus caroliniana"", ""confidence"": 0.22}, {""species"": ""Ulmus rubra"", ""confidence"": 0.13}, {""species"": ""Ulmus americana"", ""confidence"": 0.08}, {""species"": ""Betula lenta"", ""confidence"": 0.05}]",False,True,Ulmus americana,0.8,"[{""species"": ""Ulmus americana"", ""confidence"": 0.8}, {""species"": ""Ulmus rubra"", ""confidence"": 0.7}, {""species"": ""Tilia americana"", ""confidence"": 0.5}, {""species"": ""Carpinus caroliniana"", ""confidence"": 0.4}, {""species"": ""Celtis occidentalis"", ""confidence"": 0.3}]",True,True,American elm,Ulmaceae,leaf,margin of upper + lower surface,https://bioimages.vanderbilt.edu/tn/baskauf/tulam--lflower11689.jpg,https://bioimages.vanderbilt.edu/gq/baskauf/gulam--lflower11689.jpg,Steven J. Baskauf,http://creativecommons.org/licenses/by/4.0/,4,2,1001,3,False,False,False,embedding_disagreement
baskauf/11690,baskauf_11690.jpg,ind-baskauf/11687,bark,Ulmus americana,Robinia pseudoacacia,0.93680865,"[{""species"": ""Robinia pseudoacacia"", ""confidence"": 0.9368086457252502}, {""species"": ""Carya ovata"", ""confidence"": 0.017158249393105507}, {""species"": ""Gymnocladus dioicus"", ""confidence"": 0.013362857513129711}, {""species"": ""Gleditsia triacanthos"", ""confidence"": 0.013362857513129711}, {""species"": ""Carya cordiformis"", ""confidence"": 0.0071526216343045235}]",False,False,Carya ovata,0.41536965,"[{""species"": ""Carya ovata"", ""confidence"": 0.4153696508811942}, {""species"": ""Carpinus caroliniana"", ""confidence"": 0.2055934687314407}, {""species"": ""Robinia pseudoacacia"", ""confidence"": 0.08613499856801386}, {""species"": ""Fraxinus americana"", ""confidence"": 0.03670045587488609}, {""species"": ""Salix nigra"", ""confidence"": 0.02876187723908252}]",False,False,Ostrya virginiana,0.72,"[{""species"": ""Ostrya virginiana"", ""confidence"": 0.72}, {""species"": ""Betula alleghaniensis"", ""confidence"": 0.18}, {""species"": ""Carya ovata"", ""confidence"": 0.11}, {""species"": ""Ulmus rubra"", ""confidence"": 0.08}, {""species"": ""Castanea dentata"", ""confidence"": 0.06}]",False,False,Carpinus caroliniana,0.7,"[{""species"": ""Carpinus caroliniana"", ""confidence"": 0.7}, {""species"": ""Ostrya virginiana"", ""confidence"": 0.6}, {""species"": ""Ulmus rubra"", ""confidence"": 0.5}, {""species"": ""Carya ovata"", ""confidence"": 0.4}, {""species"": ""Quercus rubra"", ""confidence"": 0.3}]",False,False,American elm,Ulmaceae,bark,of a small tree or small branch,https://bioimages.vanderbilt.edu/tn/baskauf/tulam--brsmall11690.jpg,https://bioimages.vanderbilt.edu/gq/baskauf/gulam--brsmall11690.jpg,Steven J. Baskauf,http://creativecommons.org/licenses/by/4.0/,4,0,0000,4,False,False,False,all_four_wrong|bioclip_and_dino_wrong|embedding_disagreement
baskauf/11812,baskauf_11812.jpg,ind-baskauf/11812,bark,Juglans cinerea,Gleditsia triacanthos,0.38796893,"[{""species"": ""Gleditsia triacanthos"", ""confidence"": 0.38796892762184143}, {""species"": ""Gymnocladus dioicus"", ""confidence"": 0.3021504878997803}, {""species"": ""Carya ovata"", ""confidence"": 0.3021504878997803}, {""species"": ""Salix nigra"", ""confidence"": 0.007105898577719927}, {""species"": ""Carya cordiformis"", ""confidence"": 0.00014747821842320263}]",False,False,Gymnocladus dioicus,0.16334151,"[{""species"": ""Gymnocladus dioicus"", ""confidence"": 0.1633415061613669}, {""species"": ""Robinia pseudoacacia"", ""confidence"": 0.11804784235156211}, {""species"": ""Salix nigra"", ""confidence"": 0.08453415523508717}, {""species"": ""Quercus bicolor"", ""confidence"": 0.06506159285224272}, {""species"": ""Pyrus calleryana"", ""confidence"": 0.06472211937639827}]",False,False,Carya ovata,0.44,"[{""species"": ""Carya ovata"", ""confidence"": 0.44}, {""species"": ""Carya laciniosa"", ""confidence"": 0.24}, {""species"": ""Ostrya virginiana"", ""confidence"": 0.14}, {""species"": ""Robinia pseudoacacia"", ""confidence"": 0.1}, {""species"": ""Castanea dentata"", ""confidence"": 0.07}]",False,False,Juglans nigra,0.6,"[{""species"": ""Juglans nigra"", ""confidence"": 0.6}, {""species"": ""Carya laciniosa"", ""confidence"": 0.5}, {""species"": ""Carya ovata"", ""confidence"": 0.4}, {""species"": ""Ulmus rubra"", ""confidence"": 0.3}, {""species"": ""Quercus alba"", ""confidence"": 0.2}]",False,False,butternut,Juglandaceae,bark,of a medium tree or large branch,https://bioimages.vanderbilt.edu/tn/baskauf/tjuci--brmed-close11812.jpg,https://bioimages.vanderbilt.edu/gq/baskauf/gjuci--brmed-close11812.jpg,Steven J. Baskauf,http://creativecommons.org/licenses/by/4.0/,3,0,0000,4,False,False,False,all_four_wrong|bioclip_and_dino_wrong|embedding_disagreement
baskauf/11813,baskauf_11813.jpg,ind-baskauf/11812,bark,Juglans cinerea,Juglans cinerea,0.99224782,"[{""species"": ""Juglans cinerea"", ""confidence"": 0.9922478199005127}, {""species"": ""Ailanthus altissima"", ""confidence"": 0.004055090248584747}, {""species"": ""Carya cordiformis"", ""confidence"": 0.002459536539390683}, {""species"": ""Juglans nigra"", ""confidence"": 0.0011618026765063405}, {""species"": ""Ostrya virginiana"", ""confidence"": 3.096099680988118e-05}]",True,True,Robinia pseudoacacia,0.52385797,"[{""species"": ""Robinia pseudoacacia"", ""confidence"": 0.5238579740655966}, {""species"": ""Carya ovata"", ""confidence"": 0.09955064834966189}, {""species"": ""Juglans cinerea"", ""confidence"": 0.0893557969247912}, {""species"": ""Carya cordiformis"", ""confidence"": 0.07351559640159024}, {""species"": ""Toxicodendron radicans"", ""confidence"": 0.030453276228725665}]",False,True,Fraxinus americana,0.34,"[{""species"": ""Fraxinus americana"", ""confidence"": 0.34}, {""species"": ""Fraxinus pennsylvanica"", ""confidence"": 0.23}, {""species"": ""Carya cordiformis"", ""confidence"": 0.17}, {""species"": ""Juglans cinerea"", ""confidence"": 0.11}, {""species"": ""Acer negundo"", ""confidence"": 0.08}]",False,True,Ulmus rubra,0.6,"[{""species"": ""Ulmus rubra"", ""confidence"": 0.6}, {""species"": ""Ulmus americana"", ""confidence"": 0.55}, {""species"": ""Fraxinus americana"", ""confidence"": 0.4}, {""species"": ""Fraxinus pennsylvanica"", ""confidence"": 0.35}, {""species"": ""Celtis occidentalis"", ""confidence"": 0.3}]",False,False,butternut,Juglandaceae,bark,of a medium tree or large branch,https://bioimages.vanderbilt.edu/tn/baskauf/tjuci--brmedium11813.jpg,https://bioimages.vanderbilt.edu/gq/baskauf/gjuci--brmedium11813.jpg,Steven J. Baskauf,http://creativecommons.org/licenses/by/4.0/,3,1,1000,4,False,False,False,bioclip_only_correct|embedding_disagreement
baskauf/11815,baskauf_11815.jpg,ind-baskauf/11812,whole tree (or vine),Juglans cinerea,Juglans cinerea,0.99719572,"[{""species"": ""Juglans cinerea"", ""confidence"": 0.9971957206726074}, {""species"": ""Juglans nigra"", ""confidence"": 0.0024718011263757944}, {""species"": ""Gymnocladus dioicus"", ""confidence"": 0.00013944947568234056}, {""species"": ""Robinia pseudoacacia"", ""confidence"": 0.00010860336624318734}, {""species"": ""Fraxinus quadrangulata"", ""confidence"": 6.58712669974193e-05}]",True,True,Robinia pseudoacacia,0.19782651,"[{""species"": ""Robinia pseudoacacia"", ""confidence"": 0.1978265054150614}, {""species"": ""Sassafras albidum"", ""confidence"": 0.11969098215493813}, {""species"": ""Gymnocladus dioicus"", ""confidence"": 0.10292911714146465}, {""species"": ""Juglans cinerea"", ""confidence"": 0.09073446560262372}, {""species"": ""Acer negundo"", ""confidence"": 0.08166621525290153}]",False,True,Robinia pseudoacacia,0.76,"[{""species"": ""Robinia pseudoacacia"", ""confidence"": 0.76}, {""species"": ""Ailanthus altissima"", ""confidence"": 0.36}, {""species"": ""Gleditsia triacanthos"", ""confidence"": 0.24}, {""species"": ""Fraxinus americana"", ""confidence"": 0.16}, {""species"": ""Juglans nigra"", ""confidence"": 0.1}]",False,False,Gymnocladus dioicus,0.7,"[{""species"": ""Gymnocladus dioicus"", ""confidence"": 0.7}, {""species"": ""Juglans nigra"", ""confidence"": 0.6}, {""species"": ""Ailanthus altissima"", ""confidence"": 0.5}, {""species"": ""Gleditsia triacanthos"", ""confidence"": 0.4}, {""species"": ""Acer negundo"", ""confidence"": 0.3}]",False,False,butternut,Juglandaceae,whole tree (or vine),view up trunk,https://bioimages.vanderbilt.edu/tn/baskauf/tjuci--wplookup-med11815.jpg,https://bioimages.vanderbilt.edu/gq/baskauf/gjuci--wplookup-med11815.jpg,Steven J. Baskauf,http://creativecommons.org/licenses/by/4.0/,3,1,1000,3,False,False,False,bioclip_only_correct|embedding_disagreement
baskauf/11961,baskauf_11961.jpg,ind-baskauf/11961,leaf,Prunus serotina,Prunus serotina,0.99996281,"[{""species"": ""Prunus serotina"", ""confidence"": 0.9999628067016602}, {""species"": ""Amelanchier arborea"", ""confidence"": 3.535618816385977e-05}, {""species"": ""Castanea dentata"", ""confidence"": 1.209822130476823e-06}, {""species"": ""Nyssa sylvatica"", ""confidence"": 1.2751431199831131e-07}, {""species"": ""Ilex verticillata"", ""confidence"": 1.2751431199831131e-07}]",True,True,Salix nigra,0.19743788,"[{""species"": ""Salix nigra"", ""confidence"": 0.19743788258946252}, {""species"": ""Prunus serotina"", ""confidence"": 0.17654844561469887}, {""species"": ""Fagus grandifolia"", ""confidence"": 0.12692043339312742}, {""species"": ""Nyssa sylvatica"", ""confidence"": 0.10043005918882465}, {""species"": ""Pyrus calleryana"", ""confidence"": 0.07277052897378494}]",False,True,Betula lenta,0.42,"[{""species"": ""Betula lenta"", ""confidence"": 0.42}, {""species"": ""Prunus serotina"", ""confidence"": 0.25}, {""species"": ""Ulmus americana"", ""confidence"": 0.13}, {""species"": ""Ostrya virginiana"", ""confidence"": 0.11}, {""species"": ""Celtis occidentalis"", ""confidence"": 0.08}]",False,True,Prunus serotina,0.7,"[{""species"": ""Prunus serotina"", ""confidence"": 0.7}, {""species"": ""Prunus virginiana"", ""confidence"": 0.6}, {""species"": ""Ulmus rubra"", ""confidence"": 0.5}, {""species"": ""Prunus pensylvanica"", ""confidence"": 0.4}, {""species"": ""Ulmus americana"", ""confidence"": 0.3}]",True,True,black cherry,Rosaceae,leaf,showing orientation on twig,https://bioimages.vanderbilt.edu/tn/baskauf/tprse2-lfseveral11961.jpg,https://bioimages.vanderbilt.edu/gq/baskauf/gprse2-lfseveral11961.jpg,Steven J. Baskauf,http://creativecommons.org/licenses/by/4.0/,4,2,1001,3,False,False,False,embedding_disagreement
baskauf/11962,baskauf_11962.jpg,ind-baskauf/11961,leaf,Prunus serotina,Prunus serotina,0.99992347,"[{""species"": ""Prunus serotina"", ""confidence"": 0.9999234676361084}, {""species"": ""Amelanchier arborea"", ""confidence"": 7.484610978281125e-05}, {""species"": ""Castanea dentata"", ""confidence"": 9.421733579983993e-07}, {""species"": ""Ilex verticillata"", ""confidence"": 3.466062423740368e-07}, {""species"": ""Salix nigra"", ""confidence"": 9.930434430316382e-08}]",True,True,Prunus serotina,0.52076862,"[{""species"": ""Prunus serotina"", ""confidence"": 0.5207686182755046}, {""species"": ""Pyrus calleryana"", ""confidence"": 0.11131851939034722}, {""species"": ""Fagus grandifolia"", ""confidence"": 0.09209769429220839}, {""species"": ""Salix nigra"", ""confidence"": 0.07353333056636198}, {""species"": ""Nyssa sylvatica"", ""confidence"": 0.048278029052764765}]",True,True,Prunus serotina,0.43,"[{""species"": ""Prunus serotina"", ""confidence"": 0.43}, {""species"": ""Pyrus calleryana"", ""confidence"": 0.24}, {""species"": ""Salix nigra"", ""confidence"": 0.14}, {""species"": ""Prunus pensylvanica"", ""confidence"": 0.11}, {""species"": ""Amelanchier arborea"", ""confidence"": 0.08}]",True,True,Pyrus calleryana,0.7,"[{""species"": ""Pyrus calleryana"", ""confidence"": 0.7}, {""species"": ""Amelanchier arborea"", ""confidence"": 0.6}, {""species"": ""Prunus pensylvanica"", ""confidence"": 0.5}, {""species"": ""Prunus serotina"", ""confidence"": 0.4}, {""species"": ""Ulmus rubra"", ""confidence"": 0.3}]",False,True,black cherry,Rosaceae,leaf,whole upper surface,https://bioimages.vanderbilt.edu/tn/baskauf/tprse2-lf11962.jpg,https://bioimages.vanderbilt.edu/gq/baskauf/gprse2-lf11962.jpg,Steven J. Baskauf,http://creativecommons.org/licenses/by/4.0/,4,3,1110,2,False,True,False,
baskauf/11964,baskauf_11964.jpg,ind-baskauf/11961,fruit,Prunus serotina,Prunus serotina,0.99999511,"[{""species"": ""Prunus serotina"", ""confidence"": 0.9999951124191284}, {""species"": ""Amelanchier arborea"", ""confidence"": 4.785094461112749e-06}, {""species"": ""Ilex verticillata"", ""confidence"": 6.825570153523586e-08}, {""species"": ""Castanea dentata"", ""confidence"": 4.691141342050287e-08}, {""species"": ""Nyssa sylvatica"", ""confidence"": 3.2241711522829064e-08}]",True,True,Nyssa sylvatica,0.62110126,"[{""species"": ""Nyssa sylvatica"", ""confidence"": 0.6211012606921315}, {""species"": ""Prunus serotina"", ""confidence"": 0.20565171928355241}, {""species"": ""Tilia americana"", ""confidence"": 0.025148913519498307}, {""species"": ""Pyrus calleryana"", ""confidence"": 0.023022892239365763}, {""species"": ""Carpinus caroliniana"", ""confidence"": 0.013062412406840878}]",False,True,Prunus serotina,0.95,"[{""species"": ""Prunus serotina"", ""confidence"": 0.95}, {""species"": ""Prunus virginiana"", ""confidence"": 0.33}, {""species"": ""Prunus pensylvanica"", ""confidence"": 0.15}, {""species"": ""Pyrus calleryana"", ""confidence"": 0.07}, {""species"": ""Celtis occidentalis"", ""confidence"": 0.04}]",True,True,Prunus virginiana,0.7,"[{""species"": ""Prunus virginiana"", ""confidence"": 0.7}, {""species"": ""Prunus serotina"", ""confidence"": 0.6}, {""species"": ""Prunus pensylvanica"", ""confidence"": 0.5}, {""species"": ""Amelanchier arborea"", ""confidence"": 0.4}, {""species"": ""Sorbus americana"", ""confidence"": 0.3}]",False,True,black cherry,Rosaceae,fruit,as borne on the plant,https://bioimages.vanderbilt.edu/tn/baskauf/tprse2-frdevel-dist11964.jpg,https://bioimages.vanderbilt.edu/gq/baskauf/gprse2-frdevel-dist11964.jpg,Steven J. Baskauf,http://creativecommons.org/licenses/by/4.0/,4,2,1010,3,False,False,False,embedding_disagreement
baskauf/11966,baskauf_11966.jpg,ind-baskauf/11961,fruit,Prunus serotina,Prunus serotina,0.99999762,"[{""species"": ""Prunus serotina"", ""confidence"": 0.999997615814209}, {""species"": ""Amelanchier arborea"", ""confidence"": 2.2603239813179243e-06}, {""species"": ""Ilex verticillata"", ""confidence"": 9.931171263133365e-08}, {""species"": ""Zanthoxylum americanum"", ""confidence"": 5.315772710901001e-08}, {""species"": ""Castanea dentata"", ""confidence"": 9.237427711639157e-09}]",True,True,Prunus serotina,0.62668723,"[{""species"": ""Prunus serotina"", ""confidence"": 0.6266872254086555}, {""species"": ""Pyrus calleryana"", ""confidence"": 0.0987864966168246}, {""species"": ""Quercus palustris"", ""confidence"": 0.08124313024706799}, {""species"": ""Nyssa sylvatica"", ""confidence"": 0.05369926692431741}, {""species"": ""Populus deltoides"", ""confidence"": 0.03463049561026804}]",True,True,Prunus serotina,0.8,"[{""species"": ""Prunus serotina"", ""confidence"": 0.8}, {""species"": ""Prunus virginiana"", ""confidence"": 0.62}, {""species"": ""Amelanchier arborea"", ""confidence"": 0.22}, {""species"": ""Cornus racemosa"", ""confidence"": 0.12}, {""species"": ""Nyssa sylvatica"", ""confidence"": 0.08}]",True,True,Prunus virginiana,0.7,"[{""species"": ""Prunus virginiana"", ""confidence"": 0.7}, {""species"": ""Prunus pensylvanica"", ""confidence"": 0.6}, {""species"": ""Prunus serotina"", ""confidence"": 0.5}, {""species"": ""Sorbus americana"", ""confidence"": 0.4}, {""species"": ""Amelanchier arborea"", ""confidence"": 0.3}]",False,True,black cherry,Rosaceae,fruit,immature,https://bioimages.vanderbilt.edu/tn/baskauf/tprse2-frdevel11966.jpg,https://bioimages.vanderbilt.edu/gq/baskauf/gprse2-frdevel11966.jpg,Steven J. Baskauf,http://creativecommons.org/licenses/by/4.0/,4,3,1110,2,False,True,False,
baskauf/11993,baskauf_11993.jpg,ind-baskauf/11993,leaf,Carya cordiformis,Carya cordiformis,0.99993956,"[{""species"": ""Carya cordiformis"", ""confidence"": 0.9999395608901978}, {""species"": ""Carya ovata"", ""confidence"": 5.829114161315374e-05}, {""species"": ""Amelanchier arborea"", ""confidence"": 5.714662165701156e-07}, {""species"": ""Juglans cinerea"", ""confidence"": 3.927626153199526e-07}, {""species"": ""Zanthoxylum americanum"", ""confidence"": 3.4661181302908517e-07}]",True,True,Carya cordiformis,0.520124,"[{""species"": ""Carya cordiformis"", ""confidence"": 0.5201239960438793}, {""species"": ""Carya ovata"", ""confidence"": 0.2547522119172674}, {""species"": ""Juglans nigra"", ""confidence"": 0.06522211573131183}, {""species"": ""Fraxinus quadrangulata"", ""confidence"": 0.03169010592628822}, {""species"": ""Juglans cinerea"", ""confidence"": 0.02127923504847005}]",True,True,Fraxinus pennsylvanica,0.48,"[{""species"": ""Fraxinus pennsylvanica"", ""confidence"": 0.48}, {""species"": ""Fraxinus americana"", ""confidence"": 0.28}, {""species"": ""Sambucus nigra"", ""confidence"": 0.1}, {""species"": ""Fraxinus quadrangulata"", ""confidence"": 0.08}, {""species"": ""Carya cordiformis"", ""confidence"": 0.05}]",False,True,Fraxinus americana,0.7,"[{""species"": ""Fraxinus americana"", ""confidence"": 0.7}, {""species"": ""Fraxinus pennsylvanica"", ""confidence"": 0.6}, {""species"": ""Fraxinus quadrangulata"", ""confidence"": 0.5}, {""species"": ""Juglans nigra"", ""confidence"": 0.4}, {""species"": ""Carya laciniosa"", ""confidence"": 0.3}]",False,False,bitternut hickory,Juglandaceae,leaf,whole upper surface,https://bioimages.vanderbilt.edu/tn/baskauf/tcaco15lf11993.jpg,https://bioimages.vanderbilt.edu/gq/baskauf/gcaco15lf11993.jpg,Steven J. Baskauf,http://creativecommons.org/licenses/by/4.0/,4,2,1100,3,False,True,False,
baskauf/11995,baskauf_11995.jpg,ind-baskauf/11993,twig,Carya cordiformis,Carya cordiformis,0.91697967,"[{""species"": ""Carya cordiformis"", ""confidence"": 0.9169796705245972}, {""species"": ""Juglans cinerea"", ""confidence"": 0.05173245444893837}, {""species"": ""Carya ovata"", ""confidence"": 0.02443668060004711}, {""species"": ""Zanthoxylum americanum"", ""confidence"": 0.005452560260891914}, {""species"": ""Gymnocladus dioicus"", ""confidence"": 0.0006512154941447079}]",True,True,Tilia americana,0.31408489,"[{""species"": ""Tilia americana"", ""confidence"": 0.3140848864362443}, {""species"": ""Fraxinus pennsylvanica"", ""confidence"": 0.24330304643432013}, {""species"": ""Aesculus glabra"", ""confidence"": 0.09007623544905799}, {""species"": ""Fraxinus quadrangulata"", ""confidence"": 0.08364331429438523}, {""species"": ""Carya cordiformis"", ""confidence"": 0.03198282298471753}]",False,True,Lonicera morrowii,0.38,"[{""species"": ""Lonicera morrowii"", ""confidence"": 0.38}, {""species"": ""Cornus amomum"", ""confidence"": 0.2}, {""species"": ""Cornus racemosa"", ""confidence"": 0.16}, {""species"": ""Cornus sericea"", ""confidence"": 0.13}, {""species"": ""Acer negundo"", ""confidence"": 0.08}]",False,False,Carpinus caroliniana,0.7,"[{""species"": ""Carpinus caroliniana"", ""confidence"": 0.7}, {""species"": ""Lindera benzoin"", ""confidence"": 0.6}, {""species"": ""Cornus racemosa"", ""confidence"": 0.5}, {""species"": ""Amelanchier arborea"", ""confidence"": 0.4}, {""species"": ""Viburnum opulus"", ""confidence"": 0.3}]",False,False,bitternut hickory,Juglandaceae,twig,close-up winter leaf scar/bud,https://bioimages.vanderbilt.edu/tn/baskauf/tcaco15twax-bud11995.jpg,https://bioimages.vanderbilt.edu/gq/baskauf/gcaco15twax-bud11995.jpg,Steven J. Baskauf,http://creativecommons.org/licenses/by/4.0/,4,1,1000,4,False,False,False,bioclip_only_correct|embedding_disagreement
baskauf/11996,baskauf_11996.jpg,ind-baskauf/11993,whole tree (or vine),Carya cordiformis,Carya cordiformis,0.88550961,"[{""species"": ""Carya cordiformis"", ""confidence"": 0.8855096101760864}, {""species"": ""Fraxinus americana"", ""confidence"": 0.0726870596408844}, {""species"": ""Fraxinus pennsylvanica"", ""confidence"": 0.0343349352478981}, {""species"": ""Carya ovata"", ""confidence"": 0.0028183830436319113}, {""species"": ""Juglans cinerea"", ""confidence"": 0.001709435717202723}]",True,True,Robinia pseudoacacia,0.1862655,"[{""species"": ""Robinia pseudoacacia"", ""confidence"": 0.18626550272099246}, {""species"": ""Ostrya virginiana"", ""confidence"": 0.16141251971777254}, {""species"": ""Fraxinus quadrangulata"", ""confidence"": 0.09314775255473566}, {""species"": ""Tilia americana"", ""confidence"": 0.08608504011428977}, {""species"": ""Ulmus rubra"", ""confidence"": 0.05910674777038611}]",False,False,Ailanthus altissima,0.82,"[{""species"": ""Ailanthus altissima"", ""confidence"": 0.82}, {""species"": ""Fraxinus americana"", ""confidence"": 0.27}, {""species"": ""Fraxinus pennsylvanica"", ""confidence"": 0.21}, {""species"": ""Juglans nigra"", ""confidence"": 0.14}, {""species"": ""Rhus glabra"", ""confidence"": 0.1}]",False,False,Fraxinus americana,0.7,"[{""species"": ""Fraxinus americana"", ""confidence"": 0.7}, {""species"": ""Fraxinus pennsylvanica"", ""confidence"": 0.65}, {""species"": ""Ulmus americana"", ""confidence"": 0.5}, {""species"": ""Ulmus rubra"", ""confidence"": 0.45}, {""species"": ""Acer negundo"", ""confidence"": 0.4}]",False,False,bitternut hickory,Juglandaceae,whole tree (or vine),general,https://bioimages.vanderbilt.edu/tn/baskauf/tcaco15wpsmall11996.jpg,https://bioimages.vanderbilt.edu/gq/baskauf/gcaco15wpsmall11996.jpg,Steven J. Baskauf,http://creativecommons.org/licenses/by/4.0/,4,1,1000,4,False,False,False,bioclip_only_correct|embedding_disagreement
baskauf/11997,baskauf_11997.jpg,ind-baskauf/11993,twig,Carya cordiformis,Carya cordiformis,0.99939871,"[{""species"": ""Carya cordiformis"", ""confidence"": 0.9993987083435059}, {""species"": ""Zanthoxylum americanum"", ""confidence"": 0.0003352609055582434}, {""species"": ""Juglans cinerea"", ""confidence"": 0.00023042122484184802}, {""species"": ""Carya ovata"", ""confidence"": 2.751989450189285e-05}, {""species"": ""Fraxinus pennsylvanica"", ""confidence"": 2.2589704258280108e-06}]",True,True,Fraxinus pennsylvanica,0.3639806,"[{""species"": ""Fraxinus pennsylvanica"", ""confidence"": 0.36398060144539013}, {""species"": ""Aesculus glabra"", ""confidence"": 0.11692036773722499}, {""species"": ""Carya cordiformis"", ""confidence"": 0.07877100932078351}, {""species"": ""Acer negundo"", ""confidence"": 0.06824011899823434}, {""species"": ""Tilia americana"", ""confidence"": 0.049860441374361894}]",False,True,Tilia americana,0.34,"[{""species"": ""Tilia americana"", ""confidence"": 0.34}, {""species"": ""Ulmus rubra"", ""confidence"": 0.24}, {""species"": ""Ostrya virginiana"", ""confidence"": 0.17}, {""species"": ""Fagus grandifolia"", ""confidence"": 0.11}, {""species"": ""Carpinus caroliniana"", ""confidence"": 0.08}]",False,False,Gleditsia triacanthos,0.7,"[{""species"": ""Gleditsia triacanthos"", ""confidence"": 0.7}, {""species"": ""Gymnocladus dioicus"", ""confidence"": 0.6}, {""species"": ""Robinia pseudoacacia"", ""confidence"": 0.5}, {""species"": ""Cercis canadensis"", ""confidence"": 0.4}, {""species"": ""Acer negundo"", ""confidence"": 0.3}]",False,False,bitternut hickory,Juglandaceae,twig,close-up winter terminal bud,https://bioimages.vanderbilt.edu/tn/baskauf/tcaco15twterm-bud11997.jpg,https://bioimages.vanderbilt.edu/gq/baskauf/gcaco15twterm-bud11997.jpg,Steven J. Baskauf,http://creativecommons.org/licenses/by/4.0/,4,1,1000,4,False,False,False,bioclip_only_correct|embedding_disagreement
baskauf/12021,baskauf_12021.jpg,ind-baskauf/12021,bark,Ostrya virginiana,Ostrya virginiana,0.99983239,"[{""species"": ""Ostrya virginiana"", ""confidence"": 0.9998323917388916}, {""species"": ""Carpinus caroliniana"", ""confidence"": 0.00012338912347331643}, {""species"": ""Carya cordiformis"", ""confidence"": 3.535157520673238e-05}, {""species"": ""Carya ovata"", ""confidence"": 7.888002073741518e-06}, {""species"": ""Quercus alba"", ""confidence"": 2.699125900562649e-07}]",True,True,Robinia pseudoacacia,0.50957417,"[{""species"": ""Robinia pseudoacacia"", ""confidence"": 0.5095741662863306}, {""species"": ""Carya ovata"", ""confidence"": 0.16725383975326585}, {""species"": ""Cephalanthus occidentalis"", ""confidence"": 0.041028095958019636}, {""species"": ""Acer negundo"", ""confidence"": 0.040335169415327936}, {""species"": ""Fraxinus americana"", ""confidence"": 0.035001964116028614}]",False,False,Ostrya virginiana,0.62,"[{""species"": ""Ostrya virginiana"", ""confidence"": 0.62}, {""species"": ""Prunus serotina"", ""confidence"": 0.22}, {""species"": ""Betula lenta"", ""confidence"": 0.14}, {""species"": ""Cornus florida"", ""confidence"": 0.09}, {""species"": ""Juniperus virginiana"", ""confidence"": 0.05}]",True,True,Carpinus caroliniana,0.7,"[{""species"": ""Carpinus caroliniana"", ""confidence"": 0.7}, {""species"": ""Ostrya virginiana"", ""confidence"": 0.6}, {""species"": ""Carya ovata"", ""confidence"": 0.5}, {""species"": ""Quercus muehlenbergii"", ""confidence"": 0.4}, {""species"": ""Ulmus rubra"", ""confidence"": 0.3}]",False,True,hophornbeam,Betulaceae,bark,of a small tree or small branch,https://bioimages.vanderbilt.edu/tn/baskauf/tosvi--brmedium12021.jpg,https://bioimages.vanderbilt.edu/gq/baskauf/gosvi--brmedium12021.jpg,Steven J. Baskauf,http://creativecommons.org/licenses/by/4.0/,1,2,1010,3,False,False,False,embedding_disagreement
baskauf/12050,baskauf_12050.jpg,ind-baskauf/12050,bark,Quercus muehlenbergii,Quercus muehlenbergii,0.68389326,"[{""species"": ""Quercus muehlenbergii"", ""confidence"": 0.6838932633399963}, {""species"": ""Quercus alba"", ""confidence"": 0.2515902817249298}, {""species"": ""Quercus macrocarpa"", ""confidence"": 0.03404903784394264}, {""species"": ""Quercus bicolor"", ""confidence"": 0.026517419144511223}, {""species"": ""Fraxinus quadrangulata"", ""confidence"": 0.003588742343708873}]",True,True,Carya ovata,0.32526021,"[{""species"": ""Carya ovata"", ""confidence"": 0.32526021374616987}, {""species"": ""Robinia pseudoacacia"", ""confidence"": 0.20864761954046826}, {""species"": ""Gymnocladus dioicus"", ""confidence"": 0.06480886054782144}, {""species"": ""Salix nigra"", ""confidence"": 0.056213890587952065}, {""species"": ""Fraxinus americana"", ""confidence"": 0.04019747182955731}]",False,False,Ostrya virginiana,0.7,"[{""species"": ""Ostrya virginiana"", ""confidence"": 0.7}, {""species"": ""Betula alleghaniensis"", ""confidence"": 0.18}, {""species"": ""Pinus rigida"", ""confidence"": 0.08}, {""species"": ""Tsuga canadensis"", ""confidence"": 0.05}, {""species"": ""Prunus serotina"", ""confidence"": 0.04}]",False,False,Ostrya virginiana,0.7,"[{""species"": ""Ostrya virginiana"", ""confidence"": 0.7}, {""species"": ""Carpinus caroliniana"", ""confidence"": 0.6}, {""species"": ""Quercus alba"", ""confidence"": 0.5}, {""species"": ""Carya ovata"", ""confidence"": 0.4}, {""species"": ""Ulmus rubra"", ""confidence"": 0.3}]",False,False,chinkapin oak,Fagaceae,bark,of a medium tree or large branch,https://bioimages.vanderbilt.edu/tn/baskauf/tqumu--brmed12050.jpg,https://bioimages.vanderbilt.edu/gq/baskauf/gqumu--brmed12050.jpg,Steven J. Baskauf,http://creativecommons.org/licenses/by/4.0/,2,1,1000,3,False,False,True,bioclip_only_correct|embedding_disagreement
baskauf/12055,baskauf_12055.jpg,ind-baskauf/12050,whole tree (or vine),Quercus muehlenbergii,Quercus muehlenbergii,0.93977171,"[{""species"": ""Quercus muehlenbergii"", ""confidence"": 0.9397717118263245}, {""species"": ""Quercus macrocarpa"", ""confidence"": 0.046788476407527924}, {""species"": ""Quercus bicolor"", ""confidence"": 0.01340512279421091}, {""species"": ""Quercus alba"", ""confidence"": 3.322797783766873e-05}, {""species"": ""Quercus rubra"", ""confidence"": 1.003397983367904e-06}]",True,True,Tilia americana,0.25967358,"[{""species"": ""Tilia americana"", ""confidence"": 0.2596735836358618}, {""species"": ""Juglans cinerea"", ""confidence"": 0.17306100503092525}, {""species"": ""Quercus bicolor"", ""confidence"": 0.1234700987422498}, {""species"": ""Carpinus caroliniana"", ""confidence"": 0.06822687497310428}, {""species"": ""Carya ovata"", ""confidence"": 0.04570119829890729}]",False,False,Ostrya virginiana,0.84,"[{""species"": ""Ostrya virginiana"", ""confidence"": 0.84}, {""species"": ""Carpinus caroliniana"", ""confidence"": 0.47}, {""species"": ""Ulmus rubra"", ""confidence"": 0.23}, {""species"": ""Betula alleghaniensis"", ""confidence"": 0.18}, {""species"": ""Castanea dentata"", ""confidence"": 0.11}]",False,False,Quercus alba,0.8,"[{""species"": ""Quercus alba"", ""confidence"": 0.8}, {""species"": ""Quercus bicolor"", ""confidence"": 0.7}, {""species"": ""Quercus macrocarpa"", ""confidence"": 0.6}, {""species"": ""Quercus rubra"", ""confidence"": 0.5}, {""species"": ""Quercus muehlenbergii"", ""confidence"": 0.4}]",False,True,chinkapin oak,Fagaceae,whole tree (or vine),view up trunk,https://bioimages.vanderbilt.edu/tn/baskauf/tqumu--wpmed-in-forest12055.jpg,https://bioimages.vanderbilt.edu/gq/baskauf/gqumu--wpmed-in-forest12055.jpg,Steven J. Baskauf,http://creativecommons.org/licenses/by/4.0/,2,1,1000,4,False,False,False,bioclip_only_correct|embedding_disagreement
baskauf/13650,baskauf_13650.jpg,ind-baskauf/13650,bark,Carya ovata,Carya ovata,0.99966466,"[{""species"": ""Carya ovata"", ""confidence"": 0.9996646642684937}, {""species"": ""Carya cordiformis"", ""confidence"": 0.00033535013790242374}, {""species"": ""Ostrya virginiana"", ""confidence"": 1.4925939650911602e-10}, {""species"": ""Castanea dentata"", ""confidence"": 4.845743251102874e-11}, {""species"": ""Carpinus caroliniana"", ""confidence"": 4.276353229859531e-11}]",True,True,Robinia pseudoacacia,0.19992929,"[{""species"": ""Robinia pseudoacacia"", ""confidence"": 0.19992929140697788}, {""species"": ""Sassafras albidum"", ""confidence"": 0.10693757855479044}, {""species"": ""Quercus alba"", ""confidence"": 0.10052742727435411}, {""species"": ""Salix nigra"", ""confidence"": 0.09041328037468334}, {""species"": ""Gleditsia triacanthos"", ""confidence"": 0.0850750785175372}]",False,False,Carya ovata,0.8,"[{""species"": ""Carya ovata"", ""confidence"": 0.8}, {""species"": ""Carya laciniosa"", ""confidence"": 0.48}, {""species"": ""Juniperus virginiana"", ""confidence"": 0.16}, {""species"": ""Thuja occidentalis"", ""confidence"": 0.11}, {""species"": ""Betula alleghaniensis"", ""confidence"": 0.08}]",True,True,Ostrya virginiana,0.7,"[{""species"": ""Ostrya virginiana"", ""confidence"": 0.7}, {""species"": ""Carpinus caroliniana"", ""confidence"": 0.6}, {""species"": ""Carya laciniosa"", ""confidence"": 0.5}, {""species"": ""Carya ovata"", ""confidence"": 0.4}, {""species"": ""Juglans nigra"", ""confidence"": 0.3}]",False,True,shagbark hickory,Juglandaceae,bark,of a large tree,https://bioimages.vanderbilt.edu/tn/baskauf/tcaov2-brlarge-tree13650.jpg,https://bioimages.vanderbilt.edu/gq/baskauf/gcaov2-brlarge-tree13650.jpg,Steven J. Baskauf,http://creativecommons.org/licenses/by/4.0/,2,2,1010,3,False,False,False,embedding_disagreement
baskauf/13654,baskauf_13654.jpg,ind-baskauf/13650,whole tree (or vine),Carya ovata,Carya ovata,0.99987662,"[{""species"": ""Carya ovata"", ""confidence"": 0.9998766183853149}, {""species"": ""Carya cordiformis"", ""confidence"": 0.00012339458044152707}, {""species"": ""Ostrya virginiana"", ""confidence"": 3.850266772076338e-09}, {""species"": ""Quercus alba"", ""confidence"": 2.3353048383967234e-09}, {""species"": ""Quercus macrocarpa"", ""confidence"": 2.0608992290505057e-09}]",True,True,Quercus alba,0.39361739,"[{""species"": ""Quercus alba"", ""confidence"": 0.39361739189626416}, {""species"": ""Sassafras albidum"", ""confidence"": 0.16714661028898178}, {""species"": ""Robinia pseudoacacia"", ""confidence"": 0.07989288658392345}, {""species"": ""Acer saccharum"", ""confidence"": 0.07723917950108275}, {""species"": ""Juglans cinerea"", ""confidence"": 0.06911719691561433}]",False,False,Acer saccharinum,0.82,"[{""species"": ""Acer saccharinum"", ""confidence"": 0.82}, {""species"": ""Acer rubrum"", ""confidence"": 0.33}, {""species"": ""Acer saccharum"", ""confidence"": 0.2}, {""species"": ""Acer platanoides"", ""confidence"": 0.11}, {""species"": ""Acer nigrum"", ""confidence"": 0.08}]",False,False,Aesculus hippocastanum,0.7,"[{""species"": ""Aesculus hippocastanum"", ""confidence"": 0.7}, {""species"": ""Aesculus glabra"", ""confidence"": 0.65}, {""species"": ""Acer saccharum"", ""confidence"": 0.5}, {""species"": ""Acer platanoides"", ""confidence"": 0.45}, {""species"": ""Acer rubrum"", ""confidence"": 0.4}]",False,False,shagbark hickory,Juglandaceae,whole tree (or vine),view up trunk,https://bioimages.vanderbilt.edu/tn/baskauf/tcaov2-wplookup-large13654.jpg,https://bioimages.vanderbilt.edu/gq/baskauf/gcaov2-wplookup-large13654.jpg,Steven J. Baskauf,http://creativecommons.org/licenses/by/4.0/,2,1,1000,4,False,False,False,bioclip_only_correct|embedding_disagreement
baskauf/15103,baskauf_15103.jpg,ind-baskauf/15103,fruit,Cornus florida,Cornus florida,0.99956948,"[{""species"": ""Cornus florida"", ""confidence"": 0.9995694756507874}, {""species"": ""Cornus amomum"", ""confidence"": 0.0004305570910219103}, {""species"": ""Lindera benzoin"", ""confidence"": 1.3434623191699302e-08}, {""species"": ""Sassafras albidum"", ""confidence"": 2.0602661798818644e-09}, {""species"": ""Cephalanthus occidentalis"", ""confidence"": 1.8181786076709727e-09}]",True,True,Cornus florida,0.9157878,"[{""species"": ""Cornus florida"", ""confidence"": 0.9157877981173994}, {""species"": ""Nyssa sylvatica"", ""confidence"": 0.025634307576650636}, {""species"": ""Ilex verticillata"", ""confidence"": 0.007124412548073984}, {""species"": ""Cephalanthus occidentalis"", ""confidence"": 0.006991460616417862}, {""species"": ""Lindera benzoin"", ""confidence"": 0.006976489317468636}]",True,True,Cornus florida,0.89,"[{""species"": ""Cornus florida"", ""confidence"": 0.89}, {""species"": ""Lindera benzoin"", ""confidence"": 0.17}, {""species"": ""Cornus amomum"", ""confidence"": 0.08}, {""species"": ""Cornus sericea"", ""confidence"": 0.03}, {""species"": ""Cornus racemosa"", ""confidence"": 0.02}]",True,True,Cornus florida,0.8,"[{""species"": ""Cornus florida"", ""confidence"": 0.8}, {""species"": ""Cornus amomum"", ""confidence"": 0.6}, {""species"": ""Cornus racemosa"", ""confidence"": 0.5}, {""species"": ""Cornus sericea"", ""confidence"": 0.5}, {""species"": ""Nyssa sylvatica"", ""confidence"": 0.3}]",True,True,flowering dogwood,Cornaceae,fruit,as borne on the plant,https://bioimages.vanderbilt.edu/tn/baskauf/tcofl2-fr15103.jpg,https://bioimages.vanderbilt.edu/gq/baskauf/gcofl2-fr15103.jpg,Steven J. Baskauf,http://creativecommons.org/licenses/by/4.0/,3,4,1111,1,True,True,True,all_four_correct
baskauf/15104,baskauf_15104.jpg,ind-baskauf/15103,twig,Cornus florida,Cornus florida,0.9988305,"[{""species"": ""Cornus florida"", ""confidence"": 0.9988304972648621}, {""species"": ""Cornus amomum"", ""confidence"": 0.0011695101857185364}, {""species"": ""Lindera benzoin"", ""confidence"": 6.341375424767648e-09}, {""species"": ""Ilex verticillata"", ""confidence"": 2.643478769215335e-09}, {""species"": ""Sassafras albidum"", ""confidence"": 9.72481428718197e-10}]",True,True,Cornus florida,0.98130185,"[{""species"": ""Cornus florida"", ""confidence"": 0.9813018548447298}, {""species"": ""Nyssa sylvatica"", ""confidence"": 0.004432861024428838}, {""species"": ""Cornus amomum"", ""confidence"": 0.001971838813138407}, {""species"": ""Cephalanthus occidentalis"", ""confidence"": 0.0017292330677115045}, {""species"": ""Lindera benzoin"", ""confidence"": 0.0012996069255871252}]",True,True,Cornus florida,0.95,"[{""species"": ""Cornus florida"", ""confidence"": 0.95}, {""species"": ""Cornus amomum"", ""confidence"": 0.08}, {""species"": ""Cornus racemosa"", ""confidence"": 0.05}, {""species"": ""Cornus sericea"", ""confidence"": 0.04}, {""species"": ""Lonicera morrowii"", ""confidence"": 0.03}]",True,True,Cornus sericea,0.8,"[{""species"": ""Cornus sericea"", ""confidence"": 0.8}, {""species"": ""Cornus racemosa"", ""confidence"": 0.7}, {""species"": ""Cornus amomum"", ""confidence"": 0.6}, {""species"": ""Cornus florida"", ""confidence"": 0.5}, {""species"": ""Sambucus nigra"", ""confidence"": 0.3}]",False,True,flowering dogwood,Cornaceae,twig,close-up winter terminal bud,https://bioimages.vanderbilt.edu/tn/baskauf/tcofl2-twbuds-fruit15104.jpg,https://bioimages.vanderbilt.edu/gq/baskauf/gcofl2-twbuds-fruit15104.jpg,Steven J. Baskauf,http://creativecommons.org/licenses/by/4.0/,3,3,1110,2,False,True,False,
baskauf/15105,baskauf_15105.jpg,ind-baskauf/15103,twig,Cornus florida,Cornus florida,0.9988305,"[{""species"": ""Cornus florida"", ""confidence"": 0.9988304972648621}, {""species"": ""Cornus amomum"", ""confidence"": 0.0011695101857185364}, {""species"": ""Lindera benzoin"", ""confidence"": 6.341375424767648e-09}, {""species"": ""Sassafras albidum"", ""confidence"": 1.6033506744506099e-09}, {""species"": ""Ilex verticillata"", ""confidence"": 1.4149520444206587e-09}]",True,True,Cornus florida,0.98256549,"[{""species"": ""Cornus florida"", ""confidence"": 0.9825654904804372}, {""species"": ""Nyssa sylvatica"", ""confidence"": 0.003153499037582417}, {""species"": ""Cornus amomum"", ""confidence"": 0.002818831692082358}, {""species"": ""Fagus grandifolia"", ""confidence"": 0.001720903770981022}, {""species"": ""Amelanchier arborea"", ""confidence"": 0.0013011540220559596}]",True,True,Cornus florida,0.97,"[{""species"": ""Cornus florida"", ""confidence"": 0.97}, {""species"": ""Cornus amomum"", ""confidence"": 0.08}, {""species"": ""Cornus racemosa"", ""confidence"": 0.04}, {""species"": ""Cornus sericea"", ""confidence"": 0.03}, {""species"": ""Viburnum opulus"", ""confidence"": 0.02}]",True,True,Cornus florida,0.8,"[{""species"": ""Cornus florida"", ""confidence"": 0.8}, {""species"": ""Cornus amomum"", ""confidence"": 0.7}, {""species"": ""Cornus racemosa"", ""confidence"": 0.6}, {""species"": ""Cornus sericea"", ""confidence"": 0.5}, {""species"": ""Nyssa sylvatica"", ""confidence"": 0.4}]",True,True,flowering dogwood,Cornaceae,twig,close-up winter terminal bud,https://bioimages.vanderbilt.edu/tn/baskauf/tcofl2-tw15105.jpg,https://bioimages.vanderbilt.edu/gq/baskauf/gcofl2-tw15105.jpg,Steven J. Baskauf,http://creativecommons.org/licenses/by/4.0/,3,4,1111,1,True,True,True,all_four_correct
baskauf/15307,baskauf_15307.jpg,ind-baskauf/15307,leaf,Acer negundo,Acer negundo,0.99126446,"[{""species"": ""Acer negundo"", ""confidence"": 0.9912644624710083}, {""species"": ""Toxicodendron radicans"", ""confidence"": 0.00857611745595932}, {""species"": ""Fraxinus pennsylvanica"", ""confidence"": 0.0001386200456181541}, {""species"": ""Fraxinus americana"", ""confidence"": 6.901484994159546e-06}, {""species"": ""Fraxinus quadrangulata"", ""confidence"": 4.185962097835727e-06}]",True,True,Acer negundo,0.96674357,"[{""species"": ""Acer negundo"", ""confidence"": 0.9667435667967218}, {""species"": ""Rhus aromatica"", ""confidence"": 0.009229379579302567}, {""species"": ""Toxicodendron radicans"", ""confidence"": 0.004839277311353378}, {""species"": ""Fraxinus quadrangulata"", ""confidence"": 0.0033264443139958584}, {""species"": ""Ostrya virginiana"", ""confidence"": 0.0026728802192009554}]",True,True,Cornus amomum,0.46,"[{""species"": ""Cornus amomum"", ""confidence"": 0.46}, {""species"": ""Cornus sericea"", ""confidence"": 0.26}, {""species"": ""Cornus racemosa"", ""confidence"": 0.15}, {""species"": ""Cornus florida"", ""confidence"": 0.08}, {""species"": ""Acer negundo"", ""confidence"": 0.04}]",False,True,Acer negundo,0.7,"[{""species"": ""Acer negundo"", ""confidence"": 0.7}, {""species"": ""Acer rubrum"", ""confidence"": 0.6}, {""species"": ""Acer saccharinum"", ""confidence"": 0.5}, {""species"": ""Acer platanoides"", ""confidence"": 0.4}, {""species"": ""Acer saccharum"", ""confidence"": 0.3}]",True,True,boxelder,Aceraceae,leaf,whole upper surface,https://bioimages.vanderbilt.edu/tn/baskauf/tacne2-lf5-lflets15307.jpg,https://bioimages.vanderbilt.edu/gq/baskauf/gacne2-lf5-lflets15307.jpg,Steven J. Baskauf,http://creativecommons.org/licenses/by/4.0/,5,3,1101,2,False,True,False,
baskauf/15308,baskauf_15308.jpg,ind-baskauf/15307,twig,Acer negundo,Acer negundo,0.99721587,"[{""species"": ""Acer negundo"", ""confidence"": 0.9972158670425415}, {""species"": ""Acer saccharum"", ""confidence"": 0.0011676197173073888}, {""species"": ""Cornus amomum"", ""confidence"": 0.0006249817670322955}, {""species"": ""Fraxinus quadrangulata"", ""confidence"": 0.000260531174717471}, {""species"": ""Cephalanthus occidentalis"", ""confidence"": 0.000260531174717471}]",True,True,Juglans nigra,0.30618783,"[{""species"": ""Juglans nigra"", ""confidence"": 0.30618782763058605}, {""species"": ""Populus deltoides"", ""confidence"": 0.11283565304425364}, {""species"": ""Acer negundo"", ""confidence"": 0.0681109066713069}, {""species"": ""Platanus occidentalis"", ""confidence"": 0.06299751878326046}, {""species"": ""Tilia americana"", ""confidence"": 0.04831538921969692}]",False,True,Populus deltoides,0.77,"[{""species"": ""Populus deltoides"", ""confidence"": 0.77}, {""species"": ""Populus grandidentata"", ""confidence"": 0.33}, {""species"": ""Populus tremuloides"", ""confidence"": 0.18}, {""species"": ""Salix nigra"", ""confidence"": 0.11}, {""species"": ""Betula papyrifera"", ""confidence"": 0.06}]",False,False,Populus tremuloides,0.7,"[{""species"": ""Populus tremuloides"", ""confidence"": 0.7}, {""species"": ""Populus grandidentata"", ""confidence"": 0.6}, {""species"": ""Populus deltoides"", ""confidence"": 0.5}, {""species"": ""Betula papyrifera"", ""confidence"": 0.4}, {""species"": ""Betula lenta"", ""confidence"": 0.3}]",False,False,boxelder,Aceraceae,twig,orientation of petioles,https://bioimages.vanderbilt.edu/tn/baskauf/tacne2-tw15308.jpg,https://bioimages.vanderbilt.edu/gq/baskauf/gacne2-tw15308.jpg,Steven J. Baskauf,http://creativecommons.org/licenses/by/4.0/,5,1,1000,4,False,False,False,bioclip_only_correct|embedding_disagreement
baskauf/15313,baskauf_15313.jpg,ind-baskauf/15307,leaf,Acer negundo,Acer negundo,0.99981254,"[{""species"": ""Acer negundo"", ""confidence"": 0.9998125433921814}, {""species"": ""Toxicodendron radicans"", ""confidence"": 8.480232645524666e-05}, {""species"": ""Fraxinus pennsylvanica"", ""confidence"": 7.483780063921586e-05}, {""species"": ""Fraxinus quadrangulata"", ""confidence"": 8.938100108935032e-06}, {""species"": ""Fraxinus americana"", ""confidence"": 7.887845640652813e-06}]",True,True,Acer negundo,0.98463857,"[{""species"": ""Acer negundo"", ""confidence"": 0.9846385665877534}, {""species"": ""Ostrya virginiana"", ""confidence"": 0.0033071341073287056}, {""species"": ""Acer rubrum"", ""confidence"": 0.0014274390088326889}, {""species"": ""Rhus aromatica"", ""confidence"": 0.0012507066704746357}, {""species"": ""Toxicodendron radicans"", ""confidence"": 0.001118768410746356}]",True,True,Acer negundo,0.92,"[{""species"": ""Acer negundo"", ""confidence"": 0.92}, {""species"": ""Toxicodendron radicans"", ""confidence"": 0.18}, {""species"": ""Sambucus nigra"", ""confidence"": 0.1}, {""species"": ""Fraxinus pennsylvanica"", ""confidence"": 0.07}, {""species"": ""Aesculus glabra"", ""confidence"": 0.05}]",True,True,Acer saccharum,0.8,"[{""species"": ""Acer saccharum"", ""confidence"": 0.8}, {""species"": ""Acer rubrum"", ""confidence"": 0.7}, {""species"": ""Acer platanoides"", ""confidence"": 0.6}, {""species"": ""Acer saccharinum"", ""confidence"": 0.5}, {""species"": ""Acer nigrum"", ""confidence"": 0.4}]",False,False,boxelder,Aceraceae,leaf,whole upper surface,https://bioimages.vanderbilt.edu/tn/baskauf/tacne2-lf3-lflets15313.jpg,https://bioimages.vanderbilt.edu/gq/baskauf/gacne2-lf3-lflets15313.jpg,Steven J. Baskauf,http://creativecommons.org/licenses/by/4.0/,5,3,1110,2,False,True,False,
baskauf/15316,baskauf_15316.jpg,ind-baskauf/15307,leaf,Acer negundo,Acer negundo,0.98481768,"[{""species"": ""Acer negundo"", ""confidence"": 0.9848176836967468}, {""species"": ""Toxicodendron radicans"", ""confidence"": 0.010940336622297764}, {""species"": ""Rhus copallinum"", ""confidence"": 0.003551807254552841}, {""species"": ""Zanthoxylum americanum"", ""confidence"": 0.00033036951208487153}, {""species"": ""Fraxinus pennsylvanica"", ""confidence"": 0.00025729203480295837}]",True,True,Acer negundo,0.5672077,"[{""species"": ""Acer negundo"", ""confidence"": 0.567207695883943}, {""species"": ""Acer rubrum"", ""confidence"": 0.1333453844071894}, {""species"": ""Rhus aromatica"", ""confidence"": 0.06797001675840929}, {""species"": ""Cephalanthus occidentalis"", ""confidence"": 0.03967885398258858}, {""species"": ""Carpinus caroliniana"", ""confidence"": 0.03244104372367004}]",True,True,Cornus sericea,0.58,"[{""species"": ""Cornus sericea"", ""confidence"": 0.58}, {""species"": ""Cornus amomum"", ""confidence"": 0.2}, {""species"": ""Cornus racemosa"", ""confidence"": 0.12}, {""species"": ""Cornus florida"", ""confidence"": 0.07}, {""species"": ""Viburnum opulus"", ""confidence"": 0.03}]",False,False,Cornus amomum,0.7,"[{""species"": ""Cornus amomum"", ""confidence"": 0.7}, {""species"": ""Cornus racemosa"", ""confidence"": 0.6}, {""species"": ""Cornus sericea"", ""confidence"": 0.5}, {""species"": ""Viburnum opulus"", ""confidence"": 0.4}, {""species"": ""Viburnum lantanoides"", ""confidence"": 0.3}]",False,False,boxelder,Aceraceae,leaf,margin of upper + lower surface,https://bioimages.vanderbilt.edu/tn/baskauf/tacne2-lfmargin-uplow15316.jpg,https://bioimages.vanderbilt.edu/gq/baskauf/gacne2-lfmargin-uplow15316.jpg,Steven J. Baskauf,http://creativecommons.org/licenses/by/4.0/,5,2,1100,3,False,True,False,
baskauf/15320,baskauf_15320.jpg,ind-baskauf/15307,bark,Acer negundo,Acer negundo,0.99767119,"[{""species"": ""Acer negundo"", ""confidence"": 0.9976711869239807}, {""species"": ""Fraxinus pennsylvanica"", ""confidence"": 0.0021823968272656202}, {""species"": ""Acer saccharum"", ""confidence"": 0.0001395159779349342}, {""species"": ""Ailanthus altissima"", ""confidence"": 2.8955616926396033e-06}, {""species"": ""Cornus amomum"", ""confidence"": 1.5498825405302341e-06}]",True,True,Ulmus rubra,0.19056031,"[{""species"": ""Ulmus rubra"", ""confidence"": 0.19056031310136468}, {""species"": ""Fraxinus americana"", ""confidence"": 0.18255827406495542}, {""species"": ""Salix nigra"", ""confidence"": 0.12220649716649291}, {""species"": ""Rhus glabra"", ""confidence"": 0.04705364697020047}, {""species"": ""Carya cordiformis"", ""confidence"": 0.03922773755438536}]",False,False,Prunus serotina,0.34,"[{""species"": ""Prunus serotina"", ""confidence"": 0.34}, {""species"": ""Betula lenta"", ""confidence"": 0.22}, {""species"": ""Amelanchier arborea"", ""confidence"": 0.16}, {""species"": ""Prunus pensylvanica"", ""confidence"": 0.12}, {""species"": ""Cornus florida"", ""confidence"": 0.08}]",False,False,Carpinus caroliniana,0.7,"[{""species"": ""Carpinus caroliniana"", ""confidence"": 0.7}, {""species"": ""Ostrya virginiana"", ""confidence"": 0.6}, {""species"": ""Betula lenta"", ""confidence"": 0.5}, {""species"": ""Acer rubrum"", ""confidence"": 0.4}, {""species"": ""Ulmus rubra"", ""confidence"": 0.3}]",False,False,boxelder,Aceraceae,bark,of a small tree or small branch,https://bioimages.vanderbilt.edu/tn/baskauf/tacne2-brsmall15320.jpg,https://bioimages.vanderbilt.edu/gq/baskauf/gacne2-brsmall15320.jpg,Steven J. Baskauf,http://creativecommons.org/licenses/by/4.0/,5,1,1000,4,False,False,False,bioclip_only_correct|embedding_disagreement
baskauf/15477,baskauf_15477.jpg,ind-baskauf/15477,whole tree (or vine),Rhus glabra,Rhus glabra,0.97068125,"[{""species"": ""Rhus glabra"", ""confidence"": 0.9706812500953674}, {""species"": ""Rhus copallinum"", ""confidence"": 0.02931203506886959}, {""species"": ""Ailanthus altissima"", ""confidence"": 4.644824002753012e-06}, {""species"": ""Rhus aromatica"", ""confidence"": 1.9362507828191156e-06}, {""species"": ""Sorbus americana"", ""confidence"": 1.2378035307847313e-07}]",True,True,Rhus copallinum,0.37835396,"[{""species"": ""Rhus copallinum"", ""confidence"": 0.37835395623554663}, {""species"": ""Gymnocladus dioicus"", ""confidence"": 0.22551478499026753}, {""species"": ""Rhus glabra"", ""confidence"": 0.22353333391117}, {""species"": ""Gleditsia triacanthos"", ""confidence"": 0.08242535876670812}, {""species"": ""Juglans nigra"", ""confidence"": 0.026413862603025494}]",False,True,Rhus glabra,0.72,"[{""species"": ""Rhus glabra"", ""confidence"": 0.72}, {""species"": ""Ailanthus altissima"", ""confidence"": 0.56}, {""species"": ""Rhus copallinum"", ""confidence"": 0.31}, {""species"": ""Juglans cinerea"", ""confidence"": 0.12}, {""species"": ""Sorbus americana"", ""confidence"": 0.09}]",True,True,Rhus glabra,0.8,"[{""species"": ""Rhus glabra"", ""confidence"": 0.8}, {""species"": ""Rhus copallinum"", ""confidence"": 0.7}, {""species"": ""Rhus aromatica"", ""confidence"": 0.6}, {""species"": ""Ailanthus altissima"", ""confidence"": 0.3}, {""species"": ""Toxicodendron radicans"", ""confidence"": 0.2}]",True,True,smooth sumac,Anacardiaceae,whole tree (or vine),general,https://bioimages.vanderbilt.edu/tn/baskauf/trhgl--wp15477.jpg,https://bioimages.vanderbilt.edu/gq/baskauf/grhgl--wp15477.jpg,Steven J. Baskauf,http://creativecommons.org/licenses/by/4.0/,1,3,1011,2,False,False,True,embedding_disagreement
baskauf/15687,baskauf_15687.jpg,ind-baskauf/15687,fruit,Sambucus nigra,Sambucus nigra,0.99293935,"[{""species"": ""Sambucus nigra"", ""confidence"": 0.9929393529891968}, {""species"": ""Sambucus racemosa"", ""confidence"": 0.006690372712910175}, {""species"": ""Fraxinus quadrangulata"", ""confidence"": 0.00020203176245559007}, {""species"": ""Fraxinus pennsylvanica"", ""confidence"": 9.54330462263897e-05}, {""species"": ""Zanthoxylum americanum"", ""confidence"": 2.7342026442056522e-05}]",True,True,Rhus copallinum,0.50447003,"[{""species"": ""Rhus copallinum"", ""confidence"": 0.5044700343993801}, {""species"": ""Sambucus racemosa"", ""confidence"": 0.26534017159048195}, {""species"": ""Toxicodendron radicans"", ""confidence"": 0.06739704123899275}, {""species"": ""Sambucus nigra"", ""confidence"": 0.03946634516412944}, {""species"": ""Cornus florida"", ""confidence"": 0.0372606768782365}]",False,True,Sambucus nigra,0.96,"[{""species"": ""Sambucus nigra"", ""confidence"": 0.96}, {""species"": ""Sambucus racemosa"", ""confidence"": 0.18}, {""species"": ""Cornus amomum"", ""confidence"": 0.08}, {""species"": ""Cornus racemosa"", ""confidence"": 0.04}, {""species"": ""Prunus virginiana"", ""confidence"": 0.03}]",True,True,Sambucus nigra,0.9,"[{""species"": ""Sambucus nigra"", ""confidence"": 0.9}, {""species"": ""Sambucus racemosa"", ""confidence"": 0.8}, {""species"": ""Cornus sericea"", ""confidence"": 0.6}, {""species"": ""Cornus racemosa"", ""confidence"": 0.5}, {""species"": ""Cornus amomum"", ""confidence"": 0.4}]",True,True,American black elderberry,Caprifoliaceae,fruit,as borne on the plant,https://bioimages.vanderbilt.edu/tn/baskauf/tsanic4frin-fruit15687.jpg,https://bioimages.vanderbilt.edu/gq/baskauf/gsanic4frin-fruit15687.jpg,Steven J. Baskauf,http://creativecommons.org/licenses/by/4.0/,2,3,1011,2,False,False,True,embedding_disagreement
baskauf/15688,baskauf_15688.jpg,ind-baskauf/15687,fruit,Sambucus nigra,Sambucus nigra,0.99949574,"[{""species"": ""Sambucus nigra"", ""confidence"": 0.9994957447052002}, {""species"": ""Sambucus racemosa"", ""confidence"": 0.0004878491454292089}, {""species"": ""Zanthoxylum americanum"", ""confidence"": 5.4195143093238585e-06}, {""species"": ""Fraxinus quadrangulata"", ""confidence"": 4.7827047637838405e-06}, {""species"": ""Cephalanthus occidentalis"", ""confidence"": 3.724774160218658e-06}]",True,True,Sambucus racemosa,0.34080687,"[{""species"": ""Sambucus racemosa"", ""confidence"": 0.34080687048893676}, {""species"": ""Cornus florida"", ""confidence"": 0.12371873026834146}, {""species"": ""Sambucus nigra"", ""confidence"": 0.09988158463460867}, {""species"": ""Cornus amomum"", ""confidence"": 0.07148249116299007}, {""species"": ""Rhus copallinum"", ""confidence"": 0.05509326419343165}]",False,True,Sambucus nigra,0.93,"[{""species"": ""Sambucus nigra"", ""confidence"": 0.93}, {""species"": ""Sambucus racemosa"", ""confidence"": 0.19}, {""species"": ""Prunus virginiana"", ""confidence"": 0.11}, {""species"": ""Cornus amomum"", ""confidence"": 0.08}, {""species"": ""Cornus racemosa"", ""confidence"": 0.05}]",True,True,Sambucus nigra,0.9,"[{""species"": ""Sambucus nigra"", ""confidence"": 0.9}, {""species"": ""Sambucus racemosa"", ""confidence"": 0.8}, {""species"": ""Cornus sericea"", ""confidence"": 0.7}, {""species"": ""Cornus racemosa"", ""confidence"": 0.6}, {""species"": ""Cornus amomum"", ""confidence"": 0.5}]",True,True,American black elderberry,Caprifoliaceae,fruit,lateral or general close-up,https://bioimages.vanderbilt.edu/tn/baskauf/tsanic4frcloseup15688.jpg,https://bioimages.vanderbilt.edu/gq/baskauf/gsanic4frcloseup15688.jpg,Steven J. Baskauf,http://creativecommons.org/licenses/by/4.0/,2,3,1011,2,False,False,True,embedding_disagreement
baskauf/21454,baskauf_21454.jpg,ind-baskauf/21454,inflorescence,Salix nigra,Salix nigra,1.0,"[{""species"": ""Salix nigra"", ""confidence"": 1.0}, {""species"": ""Populus deltoides"", ""confidence"": 6.348800152267131e-09}, {""species"": ""Cephalanthus occidentalis"", ""confidence"": 2.646573848963385e-09}, {""species"": ""Amelanchier arborea"", ""confidence"": 2.1724398668876432e-10}, {""species"": ""Sassafras albidum"", ""confidence"": 1.493094675675266e-10}]",True,True,Salix nigra,0.33706915,"[{""species"": ""Salix nigra"", ""confidence"": 0.33706915076913446}, {""species"": ""Populus deltoides"", ""confidence"": 0.18811543144950105}, {""species"": ""Carpinus caroliniana"", ""confidence"": 0.07358197474197996}, {""species"": ""Rhus glabra"", ""confidence"": 0.06376806395224868}, {""species"": ""Ostrya virginiana"", ""confidence"": 0.06078776815860072}]",True,True,Salix nigra,0.97,"[{""species"": ""Salix nigra"", ""confidence"": 0.97}, {""species"": ""Betula papyrifera"", ""confidence"": 0.08}, {""species"": ""Betula lenta"", ""confidence"": 0.05}, {""species"": ""Populus deltoides"", ""confidence"": 0.03}, {""species"": ""Populus tremuloides"", ""confidence"": 0.02}]",True,True,Salix nigra,0.8,"[{""species"": ""Salix nigra"", ""confidence"": 0.8}, {""species"": ""Populus deltoides"", ""confidence"": 0.5}, {""species"": ""Populus grandidentata"", ""confidence"": 0.4}, {""species"": ""Populus tremuloides"", ""confidence"": 0.3}, {""species"": ""Betula papyrifera"", ""confidence"": 0.2}]",True,True,black willow,Salicaceae,inflorescence,whole - male,https://bioimages.vanderbilt.edu/tn/baskauf/tsani--flinflor21454.jpg,https://bioimages.vanderbilt.edu/gq/baskauf/gsani--flinflor21454.jpg,Steven J. Baskauf,http://creativecommons.org/licenses/by/4.0/,3,4,1111,1,True,True,True,all_four_correct
baskauf/21457,baskauf_21457.jpg,ind-baskauf/21454,inflorescence,Salix nigra,Salix nigra,0.9999615,"[{""species"": ""Salix nigra"", ""confidence"": 0.9999614953994751}, {""species"": ""Gleditsia triacanthos"", ""confidence"": 1.8924776668427512e-05}, {""species"": ""Populus deltoides"", ""confidence"": 1.3006796507397667e-05}, {""species"": ""Populus tremuloides"", ""confidence"": 4.22268840338802e-06}, {""species"": ""Zanthoxylum americanum"", ""confidence"": 1.0676628789951792e-06}]",True,True,Quercus palustris,0.27255315,"[{""species"": ""Quercus palustris"", ""confidence"": 0.2725531537363181}, {""species"": ""Populus deltoides"", ""confidence"": 0.183396677911486}, {""species"": ""Ostrya virginiana"", ""confidence"": 0.05317105934328257}, {""species"": ""Aesculus glabra"", ""confidence"": 0.04777181990330278}, {""species"": ""Salix nigra"", ""confidence"": 0.045832318621075216}]",False,True,Salix nigra,0.92,"[{""species"": ""Salix nigra"", ""confidence"": 0.92}, {""species"": ""Betula papyrifera"", ""confidence"": 0.18}, {""species"": ""Betula lenta"", ""confidence"": 0.11}, {""species"": ""Populus tremuloides"", ""confidence"": 0.08}, {""species"": ""Populus deltoides"", ""confidence"": 0.06}]",True,True,Salix nigra,0.9,"[{""species"": ""Salix nigra"", ""confidence"": 0.9}, {""species"": ""Populus tremuloides"", ""confidence"": 0.3}, {""species"": ""Populus grandidentata"", ""confidence"": 0.2}, {""species"": ""Populus deltoides"", ""confidence"": 0.2}, {""species"": ""Betula papyrifera"", ""confidence"": 0.1}]",True,True,black willow,Salicaceae,inflorescence,whole - male,https://bioimages.vanderbilt.edu/tn/baskauf/tsani--fl21457.jpg,https://bioimages.vanderbilt.edu/gq/baskauf/gsani--fl21457.jpg,Steven J. Baskauf,http://creativecommons.org/licenses/by/4.0/,3,3,1011,2,False,False,True,embedding_disagreement
baskauf/21465,baskauf_21465.jpg,ind-baskauf/21454,fruit,Salix nigra,Salix nigra,0.99984097,"[{""species"": ""Salix nigra"", ""confidence"": 0.9998409748077393}, {""species"": ""Populus deltoides"", ""confidence"": 0.0001584361307322979}, {""species"": ""Populus tremuloides"", ""confidence"": 5.714098847420246e-07}, {""species"": ""Gleditsia triacanthos"", ""confidence"": 3.3977276547858537e-09}, {""species"": ""Cephalanthus occidentalis"", ""confidence"": 3.160378903022121e-10}]",True,True,Salix nigra,0.24366051,"[{""species"": ""Salix nigra"", ""confidence"": 0.2436605062423383}, {""species"": ""Populus deltoides"", ""confidence"": 0.1499087799307039}, {""species"": ""Prunus serotina"", ""confidence"": 0.11651148200750756}, {""species"": ""Betula alleghaniensis"", ""confidence"": 0.09928280856143035}, {""species"": ""Carya cordiformis"", ""confidence"": 0.08992601825738988}]",True,True,Populus deltoides,0.62,"[{""species"": ""Populus deltoides"", ""confidence"": 0.62}, {""species"": ""Populus tremuloides"", ""confidence"": 0.2}, {""species"": ""Populus grandidentata"", ""confidence"": 0.11}, {""species"": ""Salix nigra"", ""confidence"": 0.05}, {""species"": ""Prunus serotina"", ""confidence"": 0.03}]",False,True,Salix nigra,0.7,"[{""species"": ""Salix nigra"", ""confidence"": 0.7}, {""species"": ""Populus deltoides"", ""confidence"": 0.6}, {""species"": ""Populus grandidentata"", ""confidence"": 0.5}, {""species"": ""Populus tremuloides"", ""confidence"": 0.4}, {""species"": ""Ulmus americana"", ""confidence"": 0.3}]",True,True,black willow,Salicaceae,fruit,immature,https://bioimages.vanderbilt.edu/tn/baskauf/tsani--frdevel21465.jpg,https://bioimages.vanderbilt.edu/gq/baskauf/gsani--frdevel21465.jpg,Steven J. Baskauf,http://creativecommons.org/licenses/by/4.0/,3,3,1101,2,False,True,False,
baskauf/21865,baskauf_21865.jpg,ind-baskauf/21860,bark,Fraxinus quadrangulata,Fraxinus quadrangulata,0.97408789,"[{""species"": ""Fraxinus quadrangulata"", ""confidence"": 0.9740878939628601}, {""species"": ""Quercus muehlenbergii"", ""confidence"": 0.017841042950749397}, {""species"": ""Quercus macrocarpa"", ""confidence"": 0.003100308356806636}, {""species"": ""Fraxinus pennsylvanica"", ""confidence"": 0.002414522459730506}, {""species"": ""Gymnocladus dioicus"", ""confidence"": 0.00146448181476444}]",True,True,Sorbus americana,0.08411937,"[{""species"": ""Sorbus americana"", ""confidence"": 0.08411937368586915}, {""species"": ""Picea rubens"", ""confidence"": 0.07637331230262122}, {""species"": ""Fraxinus americana"", ""confidence"": 0.07573766167807656}, {""species"": ""Sassafras albidum"", ""confidence"": 0.06867846944904867}, {""species"": ""Gymnocladus dioicus"", ""confidence"": 0.06846131515466387}]",False,False,Betula lenta,0.44,"[{""species"": ""Betula lenta"", ""confidence"": 0.44}, {""species"": ""Ostrya virginiana"", ""confidence"": 0.22}, {""species"": ""Betula alleghaniensis"", ""confidence"": 0.15}, {""species"": ""Prunus serotina"", ""confidence"": 0.1}, {""species"": ""Populus grandidentata"", ""confidence"": 0.06}]",False,False,Betula papyrifera,0.7,"[{""species"": ""Betula papyrifera"", ""confidence"": 0.7}, {""species"": ""Betula lenta"", ""confidence"": 0.6}, {""species"": ""Betula alleghaniensis"", ""confidence"": 0.5}, {""species"": ""Ostrya virginiana"", ""confidence"": 0.4}, {""species"": ""Carpinus caroliniana"", ""confidence"": 0.3}]",False,False,blue ash,Oleaceae,bark,of a medium tree or large branch,https://bioimages.vanderbilt.edu/tn/baskauf/tfrqu--br21865.jpg,https://bioimages.vanderbilt.edu/gq/baskauf/gfrqu--br21865.jpg,Steven J. Baskauf,http://creativecommons.org/licenses/by/4.0/,1,1,1000,4,False,False,False,bioclip_only_correct|embedding_disagreement
baskauf/21999,baskauf_21999.jpg,ind-baskauf/21999,inflorescence,Robinia pseudoacacia,Robinia pseudoacacia,0.99999523,"[{""species"": ""Robinia pseudoacacia"", ""confidence"": 0.999995231628418}, {""species"": ""Gleditsia triacanthos"", ""confidence"": 4.7850949158601e-06}, {""species"": ""Gymnocladus dioicus"", ""confidence"": 6.69155453270065e-10}, {""species"": ""Cercis canadensis"", ""confidence"": 7.991921707750649e-11}, {""species"": ""Zanthoxylum americanum"", ""confidence"": 7.052846501265364e-11}]",True,True,Robinia pseudoacacia,0.90317925,"[{""species"": ""Robinia pseudoacacia"", ""confidence"": 0.9031792522341516}, {""species"": ""Pyrus calleryana"", ""confidence"": 0.026103677535835677}, {""species"": ""Amelanchier arborea"", ""confidence"": 0.019093492486976373}, {""species"": ""Prunus serotina"", ""confidence"": 0.01540550620003867}, {""species"": ""Sorbus americana"", ""confidence"": 0.009765224039963319}]",True,True,Robinia pseudoacacia,0.98,"[{""species"": ""Robinia pseudoacacia"", ""confidence"": 0.98}, {""species"": ""Gleditsia triacanthos"", ""confidence"": 0.08}, {""species"": ""Staphylea trifolia"", ""confidence"": 0.05}, {""species"": ""Pyrus calleryana"", ""confidence"": 0.03}, {""species"": ""Sambucus nigra"", ""confidence"": 0.02}]",True,True,Robinia pseudoacacia,0.9,"[{""species"": ""Robinia pseudoacacia"", ""confidence"": 0.9}, {""species"": ""Gleditsia triacanthos"", ""confidence"": 0.7}, {""species"": ""Cercis canadensis"", ""confidence"": 0.4}, {""species"": ""Amelanchier arborea"", ""confidence"": 0.3}, {""species"": ""Pyrus calleryana"", ""confidence"": 0.2}]",True,True,black locust,Fabaceae,inflorescence,whole - unspecified,https://bioimages.vanderbilt.edu/tn/baskauf/trops--flinflor21999.jpg,https://bioimages.vanderbilt.edu/gq/baskauf/grops--flinflor21999.jpg,Steven J. Baskauf,http://creativecommons.org/licenses/by/4.0/,3,4,1111,1,True,True,True,all_four_correct
baskauf/22004,baskauf_22004.jpg,ind-baskauf/21999,inflorescence,Robinia pseudoacacia,Robinia pseudoacacia,0.99999523,"[{""species"": ""Robinia pseudoacacia"", ""confidence"": 0.999995231628418}, {""species"": ""Gleditsia triacanthos"", ""confidence"": 4.7850949158601e-06}, {""species"": ""Tilia americana"", ""confidence"": 6.348769954200861e-09}, {""species"": ""Gymnocladus dioicus"", ""confidence"": 2.6465611924209043e-09}, {""species"": ""Ailanthus altissima"", ""confidence"": 1.1032508240305106e-09}]",True,True,Robinia pseudoacacia,0.68785005,"[{""species"": ""Robinia pseudoacacia"", ""confidence"": 0.687850051902318}, {""species"": ""Pyrus calleryana"", ""confidence"": 0.12154492987470497}, {""species"": ""Cercis canadensis"", ""confidence"": 0.10636148078406878}, {""species"": ""Aesculus glabra"", ""confidence"": 0.01854943234523919}, {""species"": ""Yucca filamentosa"", ""confidence"": 0.01580432232895254}]",True,True,Robinia pseudoacacia,0.98,"[{""species"": ""Robinia pseudoacacia"", ""confidence"": 0.98}, {""species"": ""Gleditsia triacanthos"", ""confidence"": 0.08}, {""species"": ""Cercis canadensis"", ""confidence"": 0.04}, {""species"": ""Amelanchier arborea"", ""confidence"": 0.02}, {""species"": ""Prunus virginiana"", ""confidence"": 0.01}]",True,True,Robinia pseudoacacia,0.9,"[{""species"": ""Robinia pseudoacacia"", ""confidence"": 0.9}, {""species"": ""Gleditsia triacanthos"", ""confidence"": 0.7}, {""species"": ""Cercis canadensis"", ""confidence"": 0.4}, {""species"": ""Amelanchier arborea"", ""confidence"": 0.2}, {""species"": ""Pyrus calleryana"", ""confidence"": 0.1}]",True,True,black locust,Fabaceae,inflorescence,frontal view of flower,https://bioimages.vanderbilt.edu/tn/baskauf/trops--fl22004.jpg,https://bioimages.vanderbilt.edu/gq/baskauf/grops--fl22004.jpg,Steven J. Baskauf,http://creativecommons.org/licenses/by/4.0/,3,4,1111,1,True,True,True,all_four_correct
baskauf/22014,baskauf_22014.jpg,ind-baskauf/21999,inflorescence,Robinia pseudoacacia,Robinia pseudoacacia,0.9999994,"[{""species"": ""Robinia pseudoacacia"", ""confidence"": 0.9999994039535522}, {""species"": ""Gleditsia triacanthos"", ""confidence"": 6.475948453044111e-07}, {""species"": ""Cercis canadensis"", ""confidence"": 3.1608796136062267e-10}, {""species"": ""Gymnocladus dioicus"", ""confidence"": 2.7894664356153953e-10}, {""species"": ""Tilia americana"", ""confidence"": 1.4930938430079976e-10}]",True,True,Robinia pseudoacacia,0.95455604,"[{""species"": ""Robinia pseudoacacia"", ""confidence"": 0.9545560440203124}, {""species"": ""Pyrus calleryana"", ""confidence"": 0.0133497839835713}, {""species"": ""Cercis canadensis"", ""confidence"": 0.01036274575416354}, {""species"": ""Gymnocladus dioicus"", ""confidence"": 0.0032415593224436735}, {""species"": ""Yucca filamentosa"", ""confidence"": 0.0023208294031650304}]",True,True,Robinia pseudoacacia,0.98,"[{""species"": ""Robinia pseudoacacia"", ""confidence"": 0.98}, {""species"": ""Gleditsia triacanthos"", ""confidence"": 0.08}, {""species"": ""Amelanchier arborea"", ""confidence"": 0.03}, {""species"": ""Pyrus calleryana"", ""confidence"": 0.02}, {""species"": ""Cercis canadensis"", ""confidence"": 0.01}]",True,True,Robinia pseudoacacia,0.9,"[{""species"": ""Robinia pseudoacacia"", ""confidence"": 0.9}, {""species"": ""Gleditsia triacanthos"", ""confidence"": 0.7}, {""species"": ""Gymnocladus dioicus"", ""confidence"": 0.5}, {""species"": ""Cercis canadensis"", ""confidence"": 0.3}, {""species"": ""Amelanchier arborea"", ""confidence"": 0.2}]",True,True,black locust,Fabaceae,inflorescence,lateral view of flower,https://bioimages.vanderbilt.edu/tn/baskauf/trops--flinflor-close22014.jpg,https://bioimages.vanderbilt.edu/gq/baskauf/grops--flinflor-close22014.jpg,Steven J. Baskauf,http://creativecommons.org/licenses/by/4.0/,3,4,1111,1,True,True,True,all_four_correct
baskauf/23022,baskauf_23022.jpg,ind-baskauf/23021,inflorescence,Juglans nigra,Juglans nigra,0.98194045,"[{""species"": ""Juglans nigra"", ""confidence"": 0.9819404482841492}, {""species"": ""Juglans cinerea"", ""confidence"": 0.017984867095947266}, {""species"": ""Carya cordiformis"", ""confidence"": 7.350004307227209e-05}, {""species"": ""Carya ovata"", ""confidence"": 1.188017449749168e-06}, {""species"": ""Fraxinus quadrangulata"", ""confidence"": 5.914790790484403e-08}]",True,True,Juglans nigra,0.88518229,"[{""species"": ""Juglans nigra"", ""confidence"": 0.8851822882740562}, {""species"": ""Carya cordiformis"", ""confidence"": 0.0305470747147637}, {""species"": ""Rhus glabra"", ""confidence"": 0.017969972250265944}, {""species"": ""Rhus copallinum"", ""confidence"": 0.012005508929168693}, {""species"": ""Quercus muehlenbergii"", ""confidence"": 0.010459563219061429}]",True,True,Juglans cinerea,0.88,"[{""species"": ""Juglans cinerea"", ""confidence"": 0.88}, {""species"": ""Juglans nigra"", ""confidence"": 0.62}, {""species"": ""Carya cordiformis"", ""confidence"": 0.24}, {""species"": ""Carya ovata"", ""confidence"": 0.16}, {""species"": ""Carya laciniosa"", ""confidence"": 0.12}]",False,True,Juglans nigra,0.9,"[{""species"": ""Juglans nigra"", ""confidence"": 0.9}, {""species"": ""Juglans cinerea"", ""confidence"": 0.7}, {""species"": ""Ailanthus altissima"", ""confidence"": 0.5}, {""species"": ""Gleditsia triacanthos"", ""confidence"": 0.3}, {""species"": ""Gymnocladus dioicus"", ""confidence"": 0.2}]",True,True,black walnut,Juglandaceae,inflorescence,whole - unspecified,https://bioimages.vanderbilt.edu/tn/baskauf/tjuni--fl23022.jpg,https://bioimages.vanderbilt.edu/gq/baskauf/gjuni--fl23022.jpg,Steven J. Baskauf,http://creativecommons.org/licenses/by/4.0/,2,3,1101,2,False,True,False,
baskauf/23025,baskauf_23025.jpg,ind-baskauf/23021,inflorescence,Juglans nigra,Juglans nigra,0.73053116,"[{""species"": ""Juglans nigra"", ""confidence"": 0.7305311560630798}, {""species"": ""Juglans cinerea"", ""confidence"": 0.2687474191188812}, {""species"": ""Carya cordiformis"", ""confidence"": 0.0006661581574007869}, {""species"": ""Carya ovata"", ""confidence"": 5.468159724841826e-05}, {""species"": ""Ailanthus altissima"", ""confidence"": 2.2347117578647158e-07}]",True,True,Rhus glabra,0.45810997,"[{""species"": ""Rhus glabra"", ""confidence"": 0.4581099654712247}, {""species"": ""Juglans nigra"", ""confidence"": 0.25466378655155725}, {""species"": ""Carya cordiformis"", ""confidence"": 0.08015081241950571}, {""species"": ""Ulmus rubra"", ""confidence"": 0.026566469106621964}, {""species"": ""Gleditsia triacanthos"", ""confidence"": 0.024302842450397145}]",False,True,Castanea dentata,0.4,"[{""species"": ""Castanea dentata"", ""confidence"": 0.4}, {""species"": ""Juglans nigra"", ""confidence"": 0.24}, {""species"": ""Carya cordiformis"", ""confidence"": 0.14}, {""species"": ""Carya ovata"", ""confidence"": 0.12}, {""species"": ""Quercus alba"", ""confidence"": 0.08}]",False,True,Juglans nigra,0.8,"[{""species"": ""Juglans nigra"", ""confidence"": 0.8}, {""species"": ""Juglans cinerea"", ""confidence"": 0.7}, {""species"": ""Gymnocladus dioicus"", ""confidence"": 0.6}, {""species"": ""Gleditsia triacanthos"", ""confidence"": 0.5}, {""species"": ""Carya laciniosa"", ""confidence"": 0.4}]",True,True,black walnut,Juglandaceae,inflorescence,whole - male,https://bioimages.vanderbilt.edu/tn/baskauf/tjuni--flmale23025.jpg,https://bioimages.vanderbilt.edu/gq/baskauf/gjuni--flmale23025.jpg,Steven J. Baskauf,http://creativecommons.org/licenses/by/4.0/,2,2,1001,3,False,False,False,embedding_disagreement
baskauf/26131,baskauf_26131.jpg,ind-baskauf/26128,leaf,Picea rubens,Picea rubens,0.99999893,"[{""species"": ""Picea rubens"", ""confidence"": 0.999998927116394}, {""species"": ""Tsuga canadensis"", ""confidence"": 1.0677028967620572e-06}, {""species"": ""Ilex verticillata"", ""confidence"": 4.1399331962566066e-08}, {""species"": ""Juniperus virginiana"", ""confidence"": 2.99895774880099e-09}, {""species"": ""Viburnum lantanoides"", ""confidence"": 2.646570962383521e-09}]",True,True,Picea rubens,0.87639903,"[{""species"": ""Picea rubens"", ""confidence"": 0.876399030232163}, {""species"": ""Pinus strobus"", ""confidence"": 0.057347947791442325}, {""species"": ""Tsuga canadensis"", ""confidence"": 0.042195919563920166}, {""species"": ""Juniperus virginiana"", ""confidence"": 0.008664809737977197}, {""species"": ""Nyssa sylvatica"", ""confidence"": 0.0012645316767371409}]",True,True,Picea glauca,0.74,"[{""species"": ""Picea glauca"", ""confidence"": 0.74}, {""species"": ""Picea rubens"", ""confidence"": 0.15}, {""species"": ""Picea mariana"", ""confidence"": 0.07}, {""species"": ""Tsuga canadensis"", ""confidence"": 0.03}, {""species"": ""Pinus strobus"", ""confidence"": 0.01}]",False,True,Picea glauca,0.8,"[{""species"": ""Picea glauca"", ""confidence"": 0.8}, {""species"": ""Picea mariana"", ""confidence"": 0.7}, {""species"": ""Picea rubens"", ""confidence"": 0.6}, {""species"": ""Tsuga canadensis"", ""confidence"": 0.3}, {""species"": ""Pinus strobus"", ""confidence"": 0.2}]",False,True,red spruce,Pinaceae,leaf,showing orientation on twig,https://bioimages.vanderbilt.edu/tn/baskauf/tpiru--lf26131.jpg,https://bioimages.vanderbilt.edu/gq/baskauf/gpiru--lf26131.jpg,Steven J. Baskauf,http://creativecommons.org/licenses/by/4.0/,1,2,1100,2,False,True,True,vlm_embedding_consensus_conflict
baskauf/26308,baskauf_26308.jpg,ind-baskauf/26298,twig,Viburnum lantanoides,Viburnum lantanoides,1.0,"[{""species"": ""Viburnum lantanoides"", ""confidence"": 1.0}, {""species"": ""Sorbus americana"", ""confidence"": 3.850741947530878e-09}, {""species"": ""Sambucus racemosa"", ""confidence"": 1.6052279505629485e-09}, {""species"": ""Fraxinus quadrangulata"", ""confidence"": 3.581747953784742e-10}, {""species"": ""Cornus amomum"", ""confidence"": 3.581747953784742e-10}]",True,True,Viburnum lantanoides,0.46383419,"[{""species"": ""Viburnum lantanoides"", ""confidence"": 0.4638341945644349}, {""species"": ""Carya cordiformis"", ""confidence"": 0.33514493283521934}, {""species"": ""Ostrya virginiana"", ""confidence"": 0.054289784493550236}, {""species"": ""Sambucus racemosa"", ""confidence"": 0.021878700119652063}, {""species"": ""Rhus aromatica"", ""confidence"": 0.021474608639384697}]",True,True,Hamamelis virginiana,0.81,"[{""species"": ""Hamamelis virginiana"", ""confidence"": 0.81}, {""species"": ""Viburnum lantanoides"", ""confidence"": 0.29}, {""species"": ""Ulmus rubra"", ""confidence"": 0.16}, {""species"": ""Ostrya virginiana"", ""confidence"": 0.11}, {""species"": ""Amelanchier arborea"", ""confidence"": 0.07}]",False,True,Carpinus caroliniana,0.7,"[{""species"": ""Carpinus caroliniana"", ""confidence"": 0.7}, {""species"": ""Ostrya virginiana"", ""confidence"": 0.6}, {""species"": ""Betula lenta"", ""confidence"": 0.4}, {""species"": ""Amelanchier arborea"", ""confidence"": 0.3}, {""species"": ""Fagus grandifolia"", ""confidence"": 0.2}]",False,False,hobblebush,Caprifoliaceae,twig,orientation of petioles,https://bioimages.vanderbilt.edu/tn/baskauf/tvila11tw26308.jpg,https://bioimages.vanderbilt.edu/gq/baskauf/gvila11tw26308.jpg,Steven J. Baskauf,http://creativecommons.org/licenses/by/4.0/,4,2,1100,3,False,True,False,
baskauf/26311,baskauf_26311.jpg,ind-baskauf/26298,leaf,Viburnum lantanoides,Viburnum lantanoides,1.0,"[{""species"": ""Viburnum lantanoides"", ""confidence"": 1.0}, {""species"": ""Sorbus americana"", ""confidence"": 7.194133289090132e-09}, {""species"": ""Amelanchier arborea"", ""confidence"": 1.2501528701136522e-09}, {""species"": ""Ilex verticillata"", ""confidence"": 3.16088155649652e-10}, {""species"": ""Tilia americana"", ""confidence"": 1.493094675675266e-10}]",True,True,Viburnum lantanoides,0.79104252,"[{""species"": ""Viburnum lantanoides"", ""confidence"": 0.7910425204123579}, {""species"": ""Tilia americana"", ""confidence"": 0.05302216919901197}, {""species"": ""Ulmus rubra"", ""confidence"": 0.051046227467655754}, {""species"": ""Ostrya virginiana"", ""confidence"": 0.01877241061933372}, {""species"": ""Fraxinus quadrangulata"", ""confidence"": 0.01446567720980842}]",True,True,Ostrya virginiana,0.62,"[{""species"": ""Ostrya virginiana"", ""confidence"": 0.62}, {""species"": ""Carpinus caroliniana"", ""confidence"": 0.18}, {""species"": ""Ulmus rubra"", ""confidence"": 0.08}, {""species"": ""Betula lenta"", ""confidence"": 0.07}, {""species"": ""Hamamelis virginiana"", ""confidence"": 0.04}]",False,False,Viburnum opulus,0.7,"[{""species"": ""Viburnum opulus"", ""confidence"": 0.7}, {""species"": ""Viburnum lantanoides"", ""confidence"": 0.65}, {""species"": ""Cornus racemosa"", ""confidence"": 0.55}, {""species"": ""Cornus sericea"", ""confidence"": 0.5}, {""species"": ""Cornus amomum"", ""confidence"": 0.45}]",False,True,hobblebush,Caprifoliaceae,leaf,showing orientation on twig,https://bioimages.vanderbilt.edu/tn/baskauf/tvila11lfseveral26311.jpg,https://bioimages.vanderbilt.edu/gq/baskauf/gvila11lfseveral26311.jpg,Steven J. Baskauf,http://creativecommons.org/licenses/by/4.0/,4,2,1100,3,False,True,False,
baskauf/26321,baskauf_26321.jpg,ind-baskauf/26298,fruit,Viburnum lantanoides,Viburnum lantanoides,0.99999988,"[{""species"": ""Viburnum lantanoides"", ""confidence"": 0.9999998807907104}, {""species"": ""Cornus amomum"", ""confidence"": 7.734421103577915e-08}, {""species"": ""Sorbus americana"", ""confidence"": 1.1032559310564238e-09}, {""species"": ""Sambucus nigra"", ""confidence"": 3.5817473986732296e-10}, {""species"": ""Sambucus racemosa"", ""confidence"": 2.789467823394176e-10}]",True,True,Tilia americana,0.79349141,"[{""species"": ""Tilia americana"", ""confidence"": 0.7934914103398913}, {""species"": ""Viburnum lantanoides"", ""confidence"": 0.052447923332837904}, {""species"": ""Sassafras albidum"", ""confidence"": 0.04006028544396588}, {""species"": ""Acer negundo"", ""confidence"": 0.02201043651502674}, {""species"": ""Celtis occidentalis"", ""confidence"": 0.018502908335908796}]",False,True,Aesculus glabra,0.86,"[{""species"": ""Aesculus glabra"", ""confidence"": 0.86}, {""species"": ""Aesculus hippocastanum"", ""confidence"": 0.52}, {""species"": ""Acer negundo"", ""confidence"": 0.08}, {""species"": ""Carya cordiformis"", ""confidence"": 0.04}, {""species"": ""Fraxinus americana"", ""confidence"": 0.03}]",False,False,Viburnum opulus,0.8,"[{""species"": ""Viburnum opulus"", ""confidence"": 0.8}, {""species"": ""Viburnum lantanoides"", ""confidence"": 0.7}, {""species"": ""Cornus amomum"", ""confidence"": 0.6}, {""species"": ""Cornus racemosa"", ""confidence"": 0.5}, {""species"": ""Cornus sericea"", ""confidence"": 0.4}]",False,True,hobblebush,Caprifoliaceae,fruit,as borne on the plant,https://bioimages.vanderbilt.edu/tn/baskauf/tvila11frdevel-infruct26321.jpg,https://bioimages.vanderbilt.edu/gq/baskauf/gvila11frdevel-infruct26321.jpg,Steven J. Baskauf,http://creativecommons.org/licenses/by/4.0/,4,1,1000,4,False,False,False,bioclip_only_correct|embedding_disagreement
baskauf/26325,baskauf_26325.jpg,ind-baskauf/26298,fruit,Viburnum lantanoides,Viburnum lantanoides,0.99999917,"[{""species"": ""Viburnum lantanoides"", ""confidence"": 0.9999991655349731}, {""species"": ""Sambucus racemosa"", ""confidence"": 8.315280410897685e-07}, {""species"": ""Sorbus americana"", ""confidence"": 4.13993426207071e-08}, {""species"": ""Sambucus nigra"", ""confidence"": 1.7257814732829502e-08}, {""species"": ""Cornus amomum"", ""confidence"": 1.3440398127784192e-08}]",True,True,Tilia americana,0.42868081,"[{""species"": ""Tilia americana"", ""confidence"": 0.4286808147295006}, {""species"": ""Sassafras albidum"", ""confidence"": 0.19517860500534823}, {""species"": ""Viburnum lantanoides"", ""confidence"": 0.07758271927397087}, {""species"": ""Cornus florida"", ""confidence"": 0.04582663613930531}, {""species"": ""Acer negundo"", ""confidence"": 0.02753746529912901}]",False,True,Staphylea trifolia,0.89,"[{""species"": ""Staphylea trifolia"", ""confidence"": 0.89}, {""species"": ""Cornus amomum"", ""confidence"": 0.2}, {""species"": ""Cornus racemosa"", ""confidence"": 0.12}, {""species"": ""Lindera benzoin"", ""confidence"": 0.08}, {""species"": ""Prunus virginiana"", ""confidence"": 0.05}]",False,False,Cornus racemosa,0.7,"[{""species"": ""Cornus racemosa"", ""confidence"": 0.7}, {""species"": ""Cornus sericea"", ""confidence"": 0.65}, {""species"": ""Cornus amomum"", ""confidence"": 0.6}, {""species"": ""Viburnum opulus"", ""confidence"": 0.5}, {""species"": ""Sambucus nigra"", ""confidence"": 0.45}]",False,False,hobblebush,Caprifoliaceae,fruit,immature,https://bioimages.vanderbilt.edu/tn/baskauf/tvila11frdevel26325.jpg,https://bioimages.vanderbilt.edu/gq/baskauf/gvila11frdevel26325.jpg,Steven J. Baskauf,http://creativecommons.org/licenses/by/4.0/,4,1,1000,4,False,False,False,bioclip_only_correct|embedding_disagreement
baskauf/27132,baskauf_27132.jpg,ind-baskauf/27131,fruit,Yucca filamentosa,Yucca filamentosa,0.99578887,"[{""species"": ""Yucca filamentosa"", ""confidence"": 0.9957888722419739}, {""species"": ""Gymnocladus dioicus"", ""confidence"": 0.00406956160441041}, {""species"": ""Carya ovata"", ""confidence"": 6.577833119081333e-05}, {""species"": ""Ailanthus altissima"", ""confidence"": 3.520860627759248e-05}, {""species"": ""Sassafras albidum"", ""confidence"": 8.902129593479913e-06}]",True,True,Gymnocladus dioicus,0.31371723,"[{""species"": ""Gymnocladus dioicus"", ""confidence"": 0.31371723362654097}, {""species"": ""Gleditsia triacanthos"", ""confidence"": 0.1864125244266865}, {""species"": ""Quercus rubra"", ""confidence"": 0.07891829810664377}, {""species"": ""Yucca filamentosa"", ""confidence"": 0.05191917758571494}, {""species"": ""Carya cordiformis"", ""confidence"": 0.04320281729216787}]",False,True,Yucca filamentosa,0.98,"[{""species"": ""Yucca filamentosa"", ""confidence"": 0.98}, {""species"": ""Aesculus hippocastanum"", ""confidence"": 0.08}, {""species"": ""Aesculus glabra"", ""confidence"": 0.05}, {""species"": ""Magnolia acuminata"", ""confidence"": 0.03}, {""species"": ""Lindera benzoin"", ""confidence"": 0.02}]",True,True,Yucca filamentosa,0.7,"[{""species"": ""Yucca filamentosa"", ""confidence"": 0.7}, {""species"": ""Magnolia acuminata"", ""confidence"": 0.5}, {""species"": ""Ailanthus altissima"", ""confidence"": 0.4}, {""species"": ""Gleditsia triacanthos"", ""confidence"": 0.3}, {""species"": ""Robinia pseudoacacia"", ""confidence"": 0.2}]",True,True,Adam's needle,Agavaceae,fruit,lateral or general close-up,https://bioimages.vanderbilt.edu/tn/baskauf/tyufl2-fr27132.jpg,https://bioimages.vanderbilt.edu/gq/baskauf/gyufl2-fr27132.jpg,Steven J. Baskauf,http://creativecommons.org/licenses/by/4.0/,4,3,1011,2,False,False,True,embedding_disagreement
baskauf/27137,baskauf_27137.jpg,ind-baskauf/27131,fruit,Yucca filamentosa,Yucca filamentosa,0.98776245,"[{""species"": ""Yucca filamentosa"", ""confidence"": 0.987762451171875}, {""species"": ""Gymnocladus dioicus"", ""confidence"": 0.00854581966996193}, {""species"": ""Sorbus americana"", ""confidence"": 0.0031438313890248537}, {""species"": ""Carya ovata"", ""confidence"": 0.0002277383755426854}, {""species"": ""Rhus copallinum"", ""confidence"": 0.00013813031546305865}]",True,True,Gymnocladus dioicus,0.70709649,"[{""species"": ""Gymnocladus dioicus"", ""confidence"": 0.7070964874252744}, {""species"": ""Robinia pseudoacacia"", ""confidence"": 0.12801350090722544}, {""species"": ""Carya cordiformis"", ""confidence"": 0.01467561684117044}, {""species"": ""Yucca filamentosa"", ""confidence"": 0.012491628569519025}, {""species"": ""Ostrya virginiana"", ""confidence"": 0.012381570415777319}]",False,True,Yucca filamentosa,0.96,"[{""species"": ""Yucca filamentosa"", ""confidence"": 0.96}, {""species"": ""Magnolia acuminata"", ""confidence"": 0.08}, {""species"": ""Staphylea trifolia"", ""confidence"": 0.05}, {""species"": ""Aesculus glabra"", ""confidence"": 0.03}, {""species"": ""Aesculus hippocastanum"", ""confidence"": 0.02}]",True,True,Staphylea trifolia,0.8,"[{""species"": ""Staphylea trifolia"", ""confidence"": 0.8}, {""species"": ""Lindera benzoin"", ""confidence"": 0.6}, {""species"": ""Yucca filamentosa"", ""confidence"": 0.5}, {""species"": ""Ilex verticillata"", ""confidence"": 0.4}, {""species"": ""Cornus racemosa"", ""confidence"": 0.3}]",False,True,Adam's needle,Agavaceae,fruit,lateral or general close-up,https://bioimages.vanderbilt.edu/tn/baskauf/tyufl2-fr27137.jpg,https://bioimages.vanderbilt.edu/gq/baskauf/gyufl2-fr27137.jpg,Steven J. Baskauf,http://creativecommons.org/licenses/by/4.0/,4,2,1010,3,False,False,False,embedding_disagreement
baskauf/27139,baskauf_27139.jpg,ind-baskauf/27131,bark,Yucca filamentosa,Yucca filamentosa,0.4924655,"[{""species"": ""Yucca filamentosa"", ""confidence"": 0.4924654960632324}, {""species"": ""Gymnocladus dioicus"", ""confidence"": 0.20529015362262726}, {""species"": ""Gleditsia triacanthos"", ""confidence"": 0.14109373092651367}, {""species"": ""Zanthoxylum americanum"", ""confidence"": 0.058816615492105484}, {""species"": ""Cornus amomum"", ""confidence"": 0.04580642655491829}]",True,True,Rhus glabra,0.24100876,"[{""species"": ""Rhus glabra"", ""confidence"": 0.2410087564458962}, {""species"": ""Yucca filamentosa"", ""confidence"": 0.1800526306286683}, {""species"": ""Fraxinus americana"", ""confidence"": 0.09988095001370399}, {""species"": ""Robinia pseudoacacia"", ""confidence"": 0.06853475707125012}, {""species"": ""Ulmus rubra"", ""confidence"": 0.06738645168955427}]",False,True,Ostrya virginiana,0.38,"[{""species"": ""Ostrya virginiana"", ""confidence"": 0.38}, {""species"": ""Carpinus caroliniana"", ""confidence"": 0.23}, {""species"": ""Fagus grandifolia"", ""confidence"": 0.16}, {""species"": ""Ulmus americana"", ""confidence"": 0.1}, {""species"": ""Castanea dentata"", ""confidence"": 0.07}]",False,False,Carpinus caroliniana,0.7,"[{""species"": ""Carpinus caroliniana"", ""confidence"": 0.7}, {""species"": ""Ostrya virginiana"", ""confidence"": 0.6}, {""species"": ""Amelanchier arborea"", ""confidence"": 0.5}, {""species"": ""Betula alleghaniensis"", ""confidence"": 0.4}, {""species"": ""Acer saccharum"", ""confidence"": 0.3}]",False,False,Adam's needle,Agavaceae,bark,of a small tree or small branch,https://bioimages.vanderbilt.edu/tn/baskauf/tyufl2-br27139.jpg,https://bioimages.vanderbilt.edu/gq/baskauf/gyufl2-br27139.jpg,Steven J. Baskauf,http://creativecommons.org/licenses/by/4.0/,4,1,1000,4,False,False,False,bioclip_only_correct|embedding_disagreement
baskauf/27143,baskauf_27143.jpg,ind-baskauf/27131,twig,Yucca filamentosa,Yucca filamentosa,0.77829295,"[{""species"": ""Yucca filamentosa"", ""confidence"": 0.7782929539680481}, {""species"": ""Gymnocladus dioicus"", ""confidence"": 0.11935509741306305}, {""species"": ""Zanthoxylum americanum"", ""confidence"": 0.02663172036409378}, {""species"": ""Cornus florida"", ""confidence"": 0.020740805193781853}, {""species"": ""Gleditsia triacanthos"", ""confidence"": 0.01615295372903347}]",True,True,Juglans nigra,0.30233382,"[{""species"": ""Juglans nigra"", ""confidence"": 0.30233381627389555}, {""species"": ""Ulmus rubra"", ""confidence"": 0.2091128138666985}, {""species"": ""Gymnocladus dioicus"", ""confidence"": 0.07681042940013247}, {""species"": ""Gleditsia triacanthos"", ""confidence"": 0.05925190711508269}, {""species"": ""Carya ovata"", ""confidence"": 0.05798924830868675}]",False,False,Sambucus racemosa,0.42,"[{""species"": ""Sambucus racemosa"", ""confidence"": 0.42}, {""species"": ""Sambucus nigra"", ""confidence"": 0.27}, {""species"": ""Cornus amomum"", ""confidence"": 0.14}, {""species"": ""Viburnum lantanoides"", ""confidence"": 0.1}, {""species"": ""Cornus sericea"", ""confidence"": 0.08}]",False,False,Rhus glabra,0.7,"[{""species"": ""Rhus glabra"", ""confidence"": 0.7}, {""species"": ""Rhus aromatica"", ""confidence"": 0.6}, {""species"": ""Rhus copallinum"", ""confidence"": 0.5}, {""species"": ""Toxicodendron radicans"", ""confidence"": 0.4}, {""species"": ""Cornus racemosa"", ""confidence"": 0.3}]",False,False,Adam's needle,Agavaceae,twig,orientation of petioles,https://bioimages.vanderbilt.edu/tn/baskauf/tyufl2-tw27143.jpg,https://bioimages.vanderbilt.edu/gq/baskauf/gyufl2-tw27143.jpg,Steven J. Baskauf,http://creativecommons.org/licenses/by/4.0/,4,1,1000,4,False,False,False,bioclip_only_correct|embedding_disagreement
baskauf/28751,baskauf_28751.jpg,ind-baskauf/28751,fruit,Sambucus racemosa,Sambucus racemosa,0.99906296,"[{""species"": ""Sambucus racemosa"", ""confidence"": 0.9990629553794861}, {""species"": ""Sorbus americana"", ""confidence"": 0.0009110274841077626}, {""species"": ""Viburnum lantanoides"", ""confidence"": 1.2995108590985183e-05}, {""species"": ""Sambucus nigra"", ""confidence"": 1.2995108590985183e-05}, {""species"": ""Rhus copallinum"", ""confidence"": 4.686768662054419e-08}]",True,True,Sambucus racemosa,0.59857721,"[{""species"": ""Sambucus racemosa"", ""confidence"": 0.5985772079540778}, {""species"": ""Rhus aromatica"", ""confidence"": 0.18521431046672576}, {""species"": ""Toxicodendron radicans"", ""confidence"": 0.04756659336915445}, {""species"": ""Cornus florida"", ""confidence"": 0.03811196573006879}, {""species"": ""Zanthoxylum americanum"", ""confidence"": 0.02615687894459271}]",True,True,Viburnum opulus,0.93,"[{""species"": ""Viburnum opulus"", ""confidence"": 0.93}, {""species"": ""Sambucus racemosa"", ""confidence"": 0.18}, {""species"": ""Viburnum lantanoides"", ""confidence"": 0.08}, {""species"": ""Cornus racemosa"", ""confidence"": 0.03}, {""species"": ""Sambucus nigra"", ""confidence"": 0.02}]",False,True,Sambucus nigra,0.8,"[{""species"": ""Sambucus nigra"", ""confidence"": 0.8}, {""species"": ""Sambucus racemosa"", ""confidence"": 0.7}, {""species"": ""Viburnum opulus"", ""confidence"": 0.5}, {""species"": ""Cornus sericea"", ""confidence"": 0.4}, {""species"": ""Ilex verticillata"", ""confidence"": 0.3}]",False,True,red elderberry,Caprifoliaceae,fruit,as borne on the plant,https://bioimages.vanderbilt.edu/tn/baskauf/tsarar3frinfruct28751.jpg,https://bioimages.vanderbilt.edu/gq/baskauf/gsarar3frinfruct28751.jpg,Steven J. Baskauf,http://creativecommons.org/licenses/by/4.0/,3,2,1100,3,False,True,False,
baskauf/28754,baskauf_28754.jpg,ind-baskauf/28751,fruit,Sambucus racemosa,Sambucus racemosa,0.99849355,"[{""species"": ""Sambucus racemosa"", ""confidence"": 0.9984935522079468}, {""species"": ""Sorbus americana"", ""confidence"": 0.0015011742943897843}, {""species"": ""Sambucus nigra"", ""confidence"": 2.897948434110731e-06}, {""species"": ""Viburnum lantanoides"", ""confidence"": 2.256924290122697e-06}, {""species"": ""Ilex verticillata"", ""confidence"": 3.647978275012065e-08}]",True,True,Sambucus racemosa,0.4755589,"[{""species"": ""Sambucus racemosa"", ""confidence"": 0.4755589019428745}, {""species"": ""Ilex verticillata"", ""confidence"": 0.17502502073816847}, {""species"": ""Cornus florida"", ""confidence"": 0.09942525584684246}, {""species"": ""Sorbus americana"", ""confidence"": 0.0619878403691766}, {""species"": ""Rhus aromatica"", ""confidence"": 0.050719404644147696}]",True,True,Sambucus racemosa,0.78,"[{""species"": ""Sambucus racemosa"", ""confidence"": 0.78}, {""species"": ""Viburnum opulus"", ""confidence"": 0.42}, {""species"": ""Cornus amomum"", ""confidence"": 0.12}, {""species"": ""Cornus racemosa"", ""confidence"": 0.08}, {""species"": ""Ilex verticillata"", ""confidence"": 0.05}]",True,True,Sambucus nigra,0.8,"[{""species"": ""Sambucus nigra"", ""confidence"": 0.8}, {""species"": ""Sambucus racemosa"", ""confidence"": 0.7}, {""species"": ""Viburnum opulus"", ""confidence"": 0.5}, {""species"": ""Ilex verticillata"", ""confidence"": 0.4}, {""species"": ""Cornus sericea"", ""confidence"": 0.3}]",False,True,red elderberry,Caprifoliaceae,fruit,lateral or general close-up,https://bioimages.vanderbilt.edu/tn/baskauf/tsarar3fr28754.jpg,https://bioimages.vanderbilt.edu/gq/baskauf/gsarar3fr28754.jpg,Steven J. Baskauf,http://creativecommons.org/licenses/by/4.0/,3,3,1110,2,False,True,False,
baskauf/28756,baskauf_28756.jpg,ind-baskauf/28751,leaf,Sambucus racemosa,Sambucus racemosa,0.99435222,"[{""species"": ""Sambucus racemosa"", ""confidence"": 0.9943522214889526}, {""species"": ""Sorbus americana"", ""confidence"": 0.005217881873250008}, {""species"": ""Sambucus nigra"", ""confidence"": 0.00042830980964936316}, {""species"": ""Viburnum lantanoides"", ""confidence"": 7.296770831999311e-07}, {""species"": ""Rhus copallinum"", ""confidence"": 3.041746481358132e-07}]",True,True,Sambucus racemosa,0.9517528,"[{""species"": ""Sambucus racemosa"", ""confidence"": 0.9517527992520389}, {""species"": ""Sambucus nigra"", ""confidence"": 0.016407277006341807}, {""species"": ""Fraxinus quadrangulata"", ""confidence"": 0.01376901221727145}, {""species"": ""Rhus glabra"", ""confidence"": 0.004129598000411015}, {""species"": ""Carya cordiformis"", ""confidence"": 0.0035421462744818417}]",True,True,Sambucus nigra,0.78,"[{""species"": ""Sambucus nigra"", ""confidence"": 0.78}, {""species"": ""Sambucus racemosa"", ""confidence"": 0.66}, {""species"": ""Fraxinus pennsylvanica"", ""confidence"": 0.24}, {""species"": ""Acer negundo"", ""confidence"": 0.18}, {""species"": ""Fraxinus americana"", ""confidence"": 0.15}]",False,True,Sambucus nigra,0.8,"[{""species"": ""Sambucus nigra"", ""confidence"": 0.8}, {""species"": ""Sambucus racemosa"", ""confidence"": 0.7}, {""species"": ""Rhus glabra"", ""confidence"": 0.6}, {""species"": ""Rhus copallinum"", ""confidence"": 0.5}, {""species"": ""Rhus aromatica"", ""confidence"": 0.4}]",False,True,red elderberry,Caprifoliaceae,leaf,whole upper surface,https://bioimages.vanderbilt.edu/tn/baskauf/tsarar3lf28756.jpg,https://bioimages.vanderbilt.edu/gq/baskauf/gsarar3lf28756.jpg,Steven J. Baskauf,http://creativecommons.org/licenses/by/4.0/,3,2,1100,2,False,True,True,vlm_embedding_consensus_conflict
baskauf/30941,baskauf_30941.jpg,ind-baskauf/30937,twig,Cornus amomum,Cornus amomum,0.99977857,"[{""species"": ""Cornus amomum"", ""confidence"": 0.9997785687446594}, {""species"": ""Acer rubrum"", ""confidence"": 0.0002034233184531331}, {""species"": ""Cornus florida"", ""confidence"": 1.1476357940409798e-05}, {""species"": ""Cephalanthus occidentalis"", ""confidence"": 4.2219162423862144e-06}, {""species"": ""Ilex verticillata"", ""confidence"": 1.3706555819226196e-06}]",True,True,Cornus amomum,0.43767693,"[{""species"": ""Cornus amomum"", ""confidence"": 0.43767692985203754}, {""species"": ""Robinia pseudoacacia"", ""confidence"": 0.06509605907398533}, {""species"": ""Pyrus calleryana"", ""confidence"": 0.064128890931859}, {""species"": ""Quercus palustris"", ""confidence"": 0.04133582749457338}, {""species"": ""Prunus serotina"", ""confidence"": 0.04063249171523887}]",True,True,Cornus sericea,0.78,"[{""species"": ""Cornus sericea"", ""confidence"": 0.78}, {""species"": ""Cornus amomum"", ""confidence"": 0.44}, {""species"": ""Cornus racemosa"", ""confidence"": 0.22}, {""species"": ""Cornus florida"", ""confidence"": 0.12}, {""species"": ""Lonicera morrowii"", ""confidence"": 0.08}]",False,True,Acer rubrum,0.8,"[{""species"": ""Acer rubrum"", ""confidence"": 0.8}, {""species"": ""Acer saccharinum"", ""confidence"": 0.7}, {""species"": ""Acer platanoides"", ""confidence"": 0.6}, {""species"": ""Acer negundo"", ""confidence"": 0.5}, {""species"": ""Acer nigrum"", ""confidence"": 0.4}]",False,False,silky dogwood,Cornaceae,twig,unspecified,https://bioimages.vanderbilt.edu/tn/baskauf/tcoob9-twpith30941.jpg,https://bioimages.vanderbilt.edu/gq/baskauf/gcoob9-twpith30941.jpg,Steven J. Baskauf,http://creativecommons.org/licenses/by/4.0/,1,2,1100,3,False,True,False,
baskauf/32255,baskauf_32255.jpg,ind-baskauf/32253,whole tree (or vine),Rhus aromatica,Rhus aromatica,0.98762673,"[{""species"": ""Rhus aromatica"", ""confidence"": 0.9876267313957214}, {""species"": ""Lindera benzoin"", ""confidence"": 0.009682351723313332}, {""species"": ""Sassafras albidum"", ""confidence"": 0.0014848366845399141}, {""species"": ""Rhus copallinum"", ""confidence"": 0.0007947758422233164}, {""species"": ""Rhus glabra"", ""confidence"": 0.00010756121628219262}]",True,True,Sassafras albidum,0.72278278,"[{""species"": ""Sassafras albidum"", ""confidence"": 0.7227827760946169}, {""species"": ""Dirca palustris"", ""confidence"": 0.05661779005064447}, {""species"": ""Rhus aromatica"", ""confidence"": 0.04030446124095617}, {""species"": ""Tilia americana"", ""confidence"": 0.026616871388034515}, {""species"": ""Carpinus caroliniana"", ""confidence"": 0.01643661529878713}]",False,True,Lindera benzoin,0.87,"[{""species"": ""Lindera benzoin"", ""confidence"": 0.87}, {""species"": ""Dirca palustris"", ""confidence"": 0.46}, {""species"": ""Hamamelis virginiana"", ""confidence"": 0.14}, {""species"": ""Cornus amomum"", ""confidence"": 0.09}, {""species"": ""Staphylea trifolia"", ""confidence"": 0.06}]",False,False,Lindera benzoin,0.7,"[{""species"": ""Lindera benzoin"", ""confidence"": 0.7}, {""species"": ""Hamamelis virginiana"", ""confidence"": 0.6}, {""species"": ""Cornus racemosa"", ""confidence"": 0.5}, {""species"": ""Cornus sericea"", ""confidence"": 0.4}, {""species"": ""Ilex verticillata"", ""confidence"": 0.3}]",False,False,fragrant sumac,Anacardiaceae,whole tree (or vine),winter,https://bioimages.vanderbilt.edu/tn/baskauf/trhar4-wpin-bloom32255.jpg,https://bioimages.vanderbilt.edu/gq/baskauf/grhar4-wpin-bloom32255.jpg,Steven J. Baskauf,http://creativecommons.org/licenses/by/4.0/,2,1,1000,3,False,False,True,bioclip_only_correct|embedding_disagreement
baskauf/32257,baskauf_32257.jpg,ind-baskauf/32253,inflorescence,Rhus aromatica,Rhus aromatica,0.81545663,"[{""species"": ""Rhus aromatica"", ""confidence"": 0.8154566287994385}, {""species"": ""Lindera benzoin"", ""confidence"": 0.18195296823978424}, {""species"": ""Rhus copallinum"", ""confidence"": 0.0013892281567677855}, {""species"": ""Sassafras albidum"", ""confidence"": 0.001081931870430708}, {""species"": ""Ilex verticillata"", ""confidence"": 3.702167305164039e-05}]",True,True,Sassafras albidum,0.20575655,"[{""species"": ""Sassafras albidum"", ""confidence"": 0.20575654745258448}, {""species"": ""Ulmus americana"", ""confidence"": 0.14604134051870643}, {""species"": ""Sorbus americana"", ""confidence"": 0.060388951818890285}, {""species"": ""Toxicodendron radicans"", ""confidence"": 0.048975111890728854}, {""species"": ""Lindera benzoin"", ""confidence"": 0.04728655129259912}]",False,False,Acer platanoides,0.74,"[{""species"": ""Acer platanoides"", ""confidence"": 0.74}, {""species"": ""Acer saccharum"", ""confidence"": 0.46}, {""species"": ""Acer nigrum"", ""confidence"": 0.28}, {""species"": ""Acer rubrum"", ""confidence"": 0.08}, {""species"": ""Acer negundo"", ""confidence"": 0.04}]",False,False,Cephalanthus occidentalis,0.8,"[{""species"": ""Cephalanthus occidentalis"", ""confidence"": 0.8}, {""species"": ""Lindera benzoin"", ""confidence"": 0.6}, {""species"": ""Hamamelis virginiana"", ""confidence"": 0.5}, {""species"": ""Staphylea trifolia"", ""confidence"": 0.4}, {""species"": ""Dirca palustris"", ""confidence"": 0.3}]",False,False,fragrant sumac,Anacardiaceae,inflorescence,whole - unspecified,https://bioimages.vanderbilt.edu/tn/baskauf/trhar4-fl32257.jpg,https://bioimages.vanderbilt.edu/gq/baskauf/grhar4-fl32257.jpg,Steven J. Baskauf,http://creativecommons.org/licenses/by/4.0/,2,1,1000,4,False,False,False,bioclip_only_correct|embedding_disagreement
baskauf/32478,baskauf_32478.jpg,ind-baskauf/32477,fruit,Amelanchier arborea,Amelanchier arborea,1.0,"[{""species"": ""Amelanchier arborea"", ""confidence"": 1.0}, {""species"": ""Prunus serotina"", ""confidence"": 9.23744991609965e-09}, {""species"": ""Ostrya virginiana"", ""confidence"": 1.493094675675266e-10}, {""species"": ""Sorbus americana"", ""confidence"": 1.1628233792526643e-10}, {""species"": ""Viburnum lantanoides"", ""confidence"": 7.052879807956103e-11}]",True,True,Amelanchier arborea,0.68204084,"[{""species"": ""Amelanchier arborea"", ""confidence"": 0.682040843287915}, {""species"": ""Cornus amomum"", ""confidence"": 0.10813300193751109}, {""species"": ""Nyssa sylvatica"", ""confidence"": 0.06067805875457954}, {""species"": ""Cornus florida"", ""confidence"": 0.038945225013241214}, {""species"": ""Sassafras albidum"", ""confidence"": 0.02224137549103323}]",True,True,Amelanchier arborea,0.84,"[{""species"": ""Amelanchier arborea"", ""confidence"": 0.84}, {""species"": ""Pyrus calleryana"", ""confidence"": 0.33}, {""species"": ""Sorbus americana"", ""confidence"": 0.14}, {""species"": ""Prunus virginiana"", ""confidence"": 0.08}, {""species"": ""Sambucus racemosa"", ""confidence"": 0.04}]",True,True,Amelanchier arborea,0.7,"[{""species"": ""Amelanchier arborea"", ""confidence"": 0.7}, {""species"": ""Sorbus americana"", ""confidence"": 0.6}, {""species"": ""Prunus virginiana"", ""confidence"": 0.5}, {""species"": ""Pyrus calleryana"", ""confidence"": 0.4}, {""species"": ""Prunus pensylvanica"", ""confidence"": 0.3}]",True,True,common serviceberry,Rosaceae,fruit,immature,https://bioimages.vanderbilt.edu/tn/baskauf/tamar3-frdevel32478.jpg,https://bioimages.vanderbilt.edu/gq/baskauf/gamar3-frdevel32478.jpg,Steven J. Baskauf,http://creativecommons.org/licenses/by/4.0/,3,4,1111,1,True,True,True,all_four_correct
baskauf/32481,baskauf_32481.jpg,ind-baskauf/32477,fruit,Amelanchier arborea,Amelanchier arborea,1.0,"[{""species"": ""Amelanchier arborea"", ""confidence"": 1.0}, {""species"": ""Prunus serotina"", ""confidence"": 8.592166977905435e-10}, {""species"": ""Ostrya virginiana"", ""confidence"": 5.905304023556823e-10}, {""species"": ""Pyrus calleryana"", ""confidence"": 2.4616969573898473e-10}, {""species"": ""Viburnum lantanoides"", ""confidence"": 7.99195987166712e-11}]",True,True,Amelanchier arborea,0.83790123,"[{""species"": ""Amelanchier arborea"", ""confidence"": 0.837901229762461}, {""species"": ""Nyssa sylvatica"", ""confidence"": 0.10299460591869809}, {""species"": ""Cornus florida"", ""confidence"": 0.01866081375840781}, {""species"": ""Toxicodendron radicans"", ""confidence"": 0.006166631469839836}, {""species"": ""Lindera benzoin"", ""confidence"": 0.0048206260968567845}]",True,True,Pyrus calleryana,0.84,"[{""species"": ""Pyrus calleryana"", ""confidence"": 0.84}, {""species"": ""Amelanchier arborea"", ""confidence"": 0.4}, {""species"": ""Cornus florida"", ""confidence"": 0.17}, {""species"": ""Prunus virginiana"", ""confidence"": 0.08}, {""species"": ""Sambucus nigra"", ""confidence"": 0.04}]",False,True,Amelanchier arborea,0.7,"[{""species"": ""Amelanchier arborea"", ""confidence"": 0.7}, {""species"": ""Sorbus americana"", ""confidence"": 0.5}, {""species"": ""Pyrus calleryana"", ""confidence"": 0.4}, {""species"": ""Prunus pensylvanica"", ""confidence"": 0.3}, {""species"": ""Prunus virginiana"", ""confidence"": 0.2}]",True,True,common serviceberry,Rosaceae,fruit,as borne on the plant,https://bioimages.vanderbilt.edu/tn/baskauf/tamar3-frdevel-infruct32481.jpg,https://bioimages.vanderbilt.edu/gq/baskauf/gamar3-frdevel-infruct32481.jpg,Steven J. Baskauf,http://creativecommons.org/licenses/by/4.0/,3,3,1101,2,False,True,False,
baskauf/32482,baskauf_32482.jpg,ind-baskauf/32477,leaf,Amelanchier arborea,Amelanchier arborea,1.0,"[{""species"": ""Amelanchier arborea"", ""confidence"": 1.0}, {""species"": ""Pyrus calleryana"", ""confidence"": 9.736200734522527e-10}, {""species"": ""Ostrya virginiana"", ""confidence"": 7.582560135332983e-10}, {""species"": ""Prunus serotina"", ""confidence"": 5.905304023556823e-10}, {""species"": ""Gymnocladus dioicus"", ""confidence"": 9.056077415747765e-11}]",True,True,Amelanchier arborea,0.6476323,"[{""species"": ""Amelanchier arborea"", ""confidence"": 0.6476323010346083}, {""species"": ""Pyrus calleryana"", ""confidence"": 0.08578705249665959}, {""species"": ""Ostrya virginiana"", ""confidence"": 0.057688433209969754}, {""species"": ""Ulmus rubra"", ""confidence"": 0.03353445479777893}, {""species"": ""Toxicodendron radicans"", ""confidence"": 0.033234223109482194}]",True,True,Cornus florida,0.94,"[{""species"": ""Cornus florida"", ""confidence"": 0.94}, {""species"": ""Cornus amomum"", ""confidence"": 0.18}, {""species"": ""Cornus racemosa"", ""confidence"": 0.11}, {""species"": ""Cornus sericea"", ""confidence"": 0.09}, {""species"": ""Viburnum lantanoides"", ""confidence"": 0.05}]",False,False,Pyrus calleryana,0.6,"[{""species"": ""Pyrus calleryana"", ""confidence"": 0.6}, {""species"": ""Amelanchier arborea"", ""confidence"": 0.5}, {""species"": ""Prunus pensylvanica"", ""confidence"": 0.4}, {""species"": ""Prunus virginiana"", ""confidence"": 0.3}, {""species"": ""Sorbus americana"", ""confidence"": 0.3}]",False,True,common serviceberry,Rosaceae,leaf,whole upper surface,https://bioimages.vanderbilt.edu/tn/baskauf/tamar3-lf32482.jpg,https://bioimages.vanderbilt.edu/gq/baskauf/gamar3-lf32482.jpg,Steven J. Baskauf,http://creativecommons.org/licenses/by/4.0/,3,2,1100,3,False,True,False,
baskauf/32768,baskauf_32768.jpg,ind-baskauf/32766,leaf,Pyrus calleryana,Rhus copallinum,0.68902433,"[{""species"": ""Rhus copallinum"", ""confidence"": 0.6890243291854858}, {""species"": ""Amelanchier arborea"", ""confidence"": 0.22369344532489777}, {""species"": ""Pyrus calleryana"", ""confidence"": 0.08229222148656845}, {""species"": ""Zanthoxylum americanum"", ""confidence"": 0.002815885003656149}, {""species"": ""Rhus aromatica"", ""confidence"": 0.0004893274162895977}]",False,True,Pyrus calleryana,0.96457867,"[{""species"": ""Pyrus calleryana"", ""confidence"": 0.9645786660799699}, {""species"": ""Carya ovata"", ""confidence"": 0.006046284219598596}, {""species"": ""Tilia americana"", ""confidence"": 0.005114409194397542}, {""species"": ""Castanea dentata"", ""confidence"": 0.0027013118855928656}, {""species"": ""Ulmus rubra"", ""confidence"": 0.0021333590313953213}]",True,True,Fagus grandifolia,0.42,"[{""species"": ""Fagus grandifolia"", ""confidence"": 0.42}, {""species"": ""Hamamelis virginiana"", ""confidence"": 0.23}, {""species"": ""Viburnum lantanoides"", ""confidence"": 0.16}, {""species"": ""Tilia americana"", ""confidence"": 0.1}, {""species"": ""Acer saccharum"", ""confidence"": 0.07}]",False,False,Lonicera morrowii,0.7,"[{""species"": ""Lonicera morrowii"", ""confidence"": 0.7}, {""species"": ""Rhus glabra"", ""confidence"": 0.6}, {""species"": ""Cornus racemosa"", ""confidence"": 0.5}, {""species"": ""Sambucus nigra"", ""confidence"": 0.4}, {""species"": ""Viburnum opulus"", ""confidence"": 0.3}]",False,False,Callery pear,Rosaceae,leaf,margin of upper + lower surface,https://bioimages.vanderbilt.edu/tn/baskauf/tpyca80lfmargin-micro32768.jpg,https://bioimages.vanderbilt.edu/gq/baskauf/gpyca80lfmargin-micro32768.jpg,Steven J. Baskauf,http://creativecommons.org/licenses/by/4.0/,2,1,0100,4,False,False,False,embedding_disagreement
baskauf/32770,baskauf_32770.jpg,ind-baskauf/32766,leaf,Pyrus calleryana,Amelanchier arborea,0.9999696,"[{""species"": ""Amelanchier arborea"", ""confidence"": 0.9999696016311646}, {""species"": ""Sorbus americana"", ""confidence"": 8.93950436875457e-06}, {""species"": ""Ostrya virginiana"", ""confidence"": 8.93950436875457e-06}, {""species"": ""Viburnum lantanoides"", ""confidence"": 5.422083631856367e-06}, {""species"": ""Carpinus caroliniana"", ""confidence"": 2.260260771436151e-06}]",False,False,Pyrus calleryana,0.50827469,"[{""species"": ""Pyrus calleryana"", ""confidence"": 0.5082746858968591}, {""species"": ""Ulmus rubra"", ""confidence"": 0.24374590533874563}, {""species"": ""Carya ovata"", ""confidence"": 0.16688876340776138}, {""species"": ""Ostrya virginiana"", ""confidence"": 0.016466999685464914}, {""species"": ""Toxicodendron radicans"", ""confidence"": 0.011039185187809192}]",True,True,Fagus grandifolia,0.42,"[{""species"": ""Fagus grandifolia"", ""confidence"": 0.42}, {""species"": ""Ostrya virginiana"", ""confidence"": 0.22}, {""species"": ""Carpinus caroliniana"", ""confidence"": 0.14}, {""species"": ""Betula lenta"", ""confidence"": 0.11}, {""species"": ""Betula alleghaniensis"", ""confidence"": 0.09}]",False,False,Lonicera morrowii,0.7,"[{""species"": ""Lonicera morrowii"", ""confidence"": 0.7}, {""species"": ""Rhus glabra"", ""confidence"": 0.6}, {""species"": ""Sambucus nigra"", ""confidence"": 0.5}, {""species"": ""Sambucus racemosa"", ""confidence"": 0.4}, {""species"": ""Cornus racemosa"", ""confidence"": 0.3}]",False,False,Callery pear,Rosaceae,leaf,margin of upper + lower surface,https://bioimages.vanderbilt.edu/tn/baskauf/tpyca80lfmargin-micro32770.jpg,https://bioimages.vanderbilt.edu/gq/baskauf/gpyca80lfmargin-micro32770.jpg,Steven J. Baskauf,http://creativecommons.org/licenses/by/4.0/,2,1,0100,4,False,False,False,embedding_disagreement
baskauf/35627,baskauf_35627.jpg,ind-baskauf/35627,inflorescence,Ilex verticillata,Ilex verticillata,1.0,"[{""species"": ""Ilex verticillata"", ""confidence"": 1.0}, {""species"": ""Cephalanthus occidentalis"", ""confidence"": 5.211412412720051e-10}, {""species"": ""Lindera benzoin"", ""confidence"": 3.16088155649652e-10}, {""species"": ""Rhus copallinum"", ""confidence"": 3.7010116651046976e-13}, {""species"": ""Rhus aromatica"", ""confidence"": 1.9810088085995409e-13}]",True,True,Ilex verticillata,0.57859908,"[{""species"": ""Ilex verticillata"", ""confidence"": 0.5785990763906617}, {""species"": ""Lindera benzoin"", ""confidence"": 0.21318879073298436}, {""species"": ""Cornus amomum"", ""confidence"": 0.054976029250398635}, {""species"": ""Tilia americana"", ""confidence"": 0.030593349963084458}, {""species"": ""Prunus serotina"", ""confidence"": 0.030347848058451244}]",True,True,Lonicera morrowii,0.96,"[{""species"": ""Lonicera morrowii"", ""confidence"": 0.96}, {""species"": ""Ilex verticillata"", ""confidence"": 0.12}, {""species"": ""Cornus amomum"", ""confidence"": 0.08}, {""species"": ""Cornus sericea"", ""confidence"": 0.06}, {""species"": ""Viburnum opulus"", ""confidence"": 0.05}]",False,True,Cephalanthus occidentalis,0.7,"[{""species"": ""Cephalanthus occidentalis"", ""confidence"": 0.7}, {""species"": ""Lindera benzoin"", ""confidence"": 0.5}, {""species"": ""Cornus amomum"", ""confidence"": 0.4}, {""species"": ""Cornus racemosa"", ""confidence"": 0.3}, {""species"": ""Cornus sericea"", ""confidence"": 0.3}]",False,False,common winterberry,Aquifoliaceae,inflorescence,whole - male,https://bioimages.vanderbilt.edu/tn/baskauf/tilve--flmale-several35627.jpg,https://bioimages.vanderbilt.edu/gq/baskauf/gilve--flmale-several35627.jpg,Steven J. Baskauf,http://creativecommons.org/licenses/by/4.0/,2,2,1100,3,False,True,False,
baskauf/35633,baskauf_35633.jpg,ind-baskauf/35627,inflorescence,Ilex verticillata,Ilex verticillata,0.99999988,"[{""species"": ""Ilex verticillata"", ""confidence"": 0.9999998807907104}, {""species"": ""Cephalanthus occidentalis"", ""confidence"": 8.764247638737288e-08}, {""species"": ""Lindera benzoin"", ""confidence"": 6.3487992640887114e-09}, {""species"": ""Cornus amomum"", ""confidence"": 9.545034033997535e-12}, {""species"": ""Rhus aromatica"", ""confidence"": 5.1090884994886565e-12}]",True,True,Ilex verticillata,0.65403466,"[{""species"": ""Ilex verticillata"", ""confidence"": 0.6540346568635094}, {""species"": ""Cornus amomum"", ""confidence"": 0.09748019559601022}, {""species"": ""Toxicodendron radicans"", ""confidence"": 0.04009157171335018}, {""species"": ""Tilia americana"", ""confidence"": 0.02949487346403094}, {""species"": ""Lindera benzoin"", ""confidence"": 0.02701616101709969}]",True,True,Ilex verticillata,0.52,"[{""species"": ""Ilex verticillata"", ""confidence"": 0.52}, {""species"": ""Cornus amomum"", ""confidence"": 0.18}, {""species"": ""Cornus racemosa"", ""confidence"": 0.12}, {""species"": ""Cornus sericea"", ""confidence"": 0.1}, {""species"": ""Lindera benzoin"", ""confidence"": 0.06}]",True,True,Cephalanthus occidentalis,0.7,"[{""species"": ""Cephalanthus occidentalis"", ""confidence"": 0.7}, {""species"": ""Lindera benzoin"", ""confidence"": 0.5}, {""species"": ""Ilex verticillata"", ""confidence"": 0.4}, {""species"": ""Cornus amomum"", ""confidence"": 0.3}, {""species"": ""Cornus racemosa"", ""confidence"": 0.2}]",False,True,common winterberry,Aquifoliaceae,inflorescence,frontal view of flower,https://bioimages.vanderbilt.edu/tn/baskauf/tilve--flmale35633.jpg,https://bioimages.vanderbilt.edu/gq/baskauf/gilve--flmale35633.jpg,Steven J. Baskauf,http://creativecommons.org/licenses/by/4.0/,2,3,1110,2,False,True,False,
baskauf/37287,baskauf_37287.jpg,ind-baskauf/37284,bark,Betula lenta,Prunus serotina,0.83887666,"[{""species"": ""Prunus serotina"", ""confidence"": 0.8388766646385193}, {""species"": ""Amelanchier arborea"", ""confidence"": 0.11352960765361786}, {""species"": ""Ilex verticillata"", ""confidence"": 0.01741032861173153}, {""species"": ""Fagus grandifolia"", ""confidence"": 0.010559898801147938}, {""species"": ""Betula lenta"", ""confidence"": 0.008224057964980602}]",False,True,Betula alleghaniensis,0.23740053,"[{""species"": ""Betula alleghaniensis"", ""confidence"": 0.23740052735976205}, {""species"": ""Betula lenta"", ""confidence"": 0.23681325202927672}, {""species"": ""Prunus serotina"", ""confidence"": 0.12897054767211183}, {""species"": ""Juglans cinerea"", ""confidence"": 0.0786562420968721}, {""species"": ""Pinus strobus"", ""confidence"": 0.06082156391509867}]",False,True,Betula lenta,0.44,"[{""species"": ""Betula lenta"", ""confidence"": 0.44}, {""species"": ""Prunus pensylvanica"", ""confidence"": 0.23}, {""species"": ""Prunus serotina"", ""confidence"": 0.15}, {""species"": ""Populus tremuloides"", ""confidence"": 0.11}, {""species"": ""Betula papyrifera"", ""confidence"": 0.08}]",True,True,Betula lenta,0.7,"[{""species"": ""Betula lenta"", ""confidence"": 0.7}, {""species"": ""Betula papyrifera"", ""confidence"": 0.6}, {""species"": ""Carpinus caroliniana"", ""confidence"": 0.5}, {""species"": ""Ostrya virginiana"", ""confidence"": 0.4}, {""species"": ""Acer saccharum"", ""confidence"": 0.3}]",True,True,sweet birch,Betulaceae,bark,of a medium tree or large branch,https://bioimages.vanderbilt.edu/tn/baskauf/tbele--br37287.jpg,https://bioimages.vanderbilt.edu/gq/baskauf/gbele--br37287.jpg,Steven J. Baskauf,http://creativecommons.org/licenses/by/4.0/,3,2,0011,3,False,False,True,bioclip_wrong_vlm_rescue|bioclip_and_dino_wrong|embedding_disagreement
baskauf/37293,baskauf_37293.jpg,ind-baskauf/37284,bark,Betula lenta,Betula alleghaniensis,0.93834269,"[{""species"": ""Betula alleghaniensis"", ""confidence"": 0.9383426904678345}, {""species"": ""Ilex verticillata"", ""confidence"": 0.017186345532536507}, {""species"": ""Betula lenta"", ""confidence"": 0.017186345532536507}, {""species"": ""Prunus serotina"", ""confidence"": 0.010424045845866203}, {""species"": ""Sorbus americana"", ""confidence"": 0.00811825506389141}]",False,True,Prunus serotina,0.21063469,"[{""species"": ""Prunus serotina"", ""confidence"": 0.2106346877550127}, {""species"": ""Pinus strobus"", ""confidence"": 0.20460346164605833}, {""species"": ""Juglans cinerea"", ""confidence"": 0.10381991365213765}, {""species"": ""Fagus grandifolia"", ""confidence"": 0.05201958085956597}, {""species"": ""Acer rubrum"", ""confidence"": 0.03764960288944915}]",False,False,Prunus serotina,0.63,"[{""species"": ""Prunus serotina"", ""confidence"": 0.63}, {""species"": ""Prunus pensylvanica"", ""confidence"": 0.57}, {""species"": ""Prunus virginiana"", ""confidence"": 0.34}, {""species"": ""Betula lenta"", ""confidence"": 0.18}, {""species"": ""Amelanchier arborea"", ""confidence"": 0.11}]",False,True,Carpinus caroliniana,0.6,"[{""species"": ""Carpinus caroliniana"", ""confidence"": 0.6}, {""species"": ""Ostrya virginiana"", ""confidence"": 0.5}, {""species"": ""Amelanchier arborea"", ""confidence"": 0.4}, {""species"": ""Betula papyrifera"", ""confidence"": 0.3}, {""species"": ""Acer rubrum"", ""confidence"": 0.2}]",False,False,sweet birch,Betulaceae,bark,of a small tree or small branch,https://bioimages.vanderbilt.edu/tn/baskauf/tbele--brsmall37293.jpg,https://bioimages.vanderbilt.edu/gq/baskauf/gbele--brsmall37293.jpg,Steven J. Baskauf,http://creativecommons.org/licenses/by/4.0/,3,0,0000,3,False,False,False,all_four_wrong|bioclip_and_dino_wrong|embedding_disagreement
baskauf/37296,baskauf_37296.jpg,ind-baskauf/37284,twig,Betula lenta,Amelanchier arborea,0.61507678,"[{""species"": ""Amelanchier arborea"", ""confidence"": 0.6150767803192139}, {""species"": ""Sorbus americana"", ""confidence"": 0.22627413272857666}, {""species"": ""Betula alleghaniensis"", ""confidence"": 0.1372421830892563}, {""species"": ""Betula lenta"", ""confidence"": 0.012765510939061642}, {""species"": ""Ostrya virginiana"", ""confidence"": 0.004144354723393917}]",False,True,Rhus aromatica,0.2114889,"[{""species"": ""Rhus aromatica"", ""confidence"": 0.21148890361657002}, {""species"": ""Prunus serotina"", ""confidence"": 0.20641949361530312}, {""species"": ""Cercis canadensis"", ""confidence"": 0.08236292232138583}, {""species"": ""Carpinus caroliniana"", ""confidence"": 0.044158821316706655}, {""species"": ""Cornus amomum"", ""confidence"": 0.0438364160724922}]",False,False,Ostrya virginiana,0.42,"[{""species"": ""Ostrya virginiana"", ""confidence"": 0.42}, {""species"": ""Betula lenta"", ""confidence"": 0.24}, {""species"": ""Carpinus caroliniana"", ""confidence"": 0.14}, {""species"": ""Fagus grandifolia"", ""confidence"": 0.11}, {""species"": ""Prunus pensylvanica"", ""confidence"": 0.08}]",False,True,Carpinus caroliniana,0.7,"[{""species"": ""Carpinus caroliniana"", ""confidence"": 0.7}, {""species"": ""Ostrya virginiana"", ""confidence"": 0.6}, {""species"": ""Betula lenta"", ""confidence"": 0.5}, {""species"": ""Acer saccharum"", ""confidence"": 0.4}, {""species"": ""Fagus grandifolia"", ""confidence"": 0.3}]",False,True,sweet birch,Betulaceae,twig,winter overall,https://bioimages.vanderbilt.edu/tn/baskauf/tbele--tw37296.jpg,https://bioimages.vanderbilt.edu/gq/baskauf/gbele--tw37296.jpg,Steven J. Baskauf,http://creativecommons.org/licenses/by/4.0/,3,0,0000,4,False,False,False,all_four_wrong|bioclip_and_dino_wrong|embedding_disagreement
baskauf/39140,baskauf_39140.jpg,ind-baskauf/39138,twig,Acer saccharum,Acer saccharum,0.98234326,"[{""species"": ""Acer saccharum"", ""confidence"": 0.9823432564735413}, {""species"": ""Zanthoxylum americanum"", ""confidence"": 0.008498934097588062}, {""species"": ""Fraxinus pennsylvanica"", ""confidence"": 0.0024349854793399572}, {""species"": ""Fraxinus quadrangulata"", ""confidence"": 0.0018963685724884272}, {""species"": ""Fraxinus americana"", ""confidence"": 0.0018963685724884272}]",True,True,Ailanthus altissima,0.66808757,"[{""species"": ""Ailanthus altissima"", ""confidence"": 0.6680875739257616}, {""species"": ""Gymnocladus dioicus"", ""confidence"": 0.04358976480151054}, {""species"": ""Pinus strobus"", ""confidence"": 0.040517778947153714}, {""species"": ""Fagus grandifolia"", ""confidence"": 0.032576427682280126}, {""species"": ""Quercus rubra"", ""confidence"": 0.029504258528020605}]",False,False,Magnolia acuminata,0.78,"[{""species"": ""Magnolia acuminata"", ""confidence"": 0.78}, {""species"": ""Tilia americana"", ""confidence"": 0.18}, {""species"": ""Fagus grandifolia"", ""confidence"": 0.08}, {""species"": ""Aesculus glabra"", ""confidence"": 0.04}, {""species"": ""Platanus occidentalis"", ""confidence"": 0.03}]",False,False,Fraxinus americana,0.7,"[{""species"": ""Fraxinus americana"", ""confidence"": 0.7}, {""species"": ""Fraxinus pennsylvanica"", ""confidence"": 0.65}, {""species"": ""Fraxinus quadrangulata"", ""confidence"": 0.6}, {""species"": ""Acer saccharum"", ""confidence"": 0.55}, {""species"": ""Ulmus americana"", ""confidence"": 0.5}]",False,True,sugar maple,Aceraceae,twig,close-up winter terminal bud,https://bioimages.vanderbilt.edu/tn/baskauf/tacsa3-twleaf-scar39140.jpg,https://bioimages.vanderbilt.edu/gq/baskauf/gacsa3-twleaf-scar39140.jpg,Steven J. Baskauf,http://creativecommons.org/licenses/by/4.0/,4,1,1000,4,False,False,False,bioclip_only_correct|embedding_disagreement
baskauf/39144,baskauf_39144.jpg,ind-baskauf/39138,twig,Acer saccharum,Acer saccharum,0.95025802,"[{""species"": ""Acer saccharum"", ""confidence"": 0.9502580165863037}, {""species"": ""Fraxinus quadrangulata"", ""confidence"": 0.013554702512919903}, {""species"": ""Sorbus americana"", ""confidence"": 0.011961983516812325}, {""species"": ""Quercus macrocarpa"", ""confidence"": 0.0044005680829286575}, {""species"": ""Fraxinus americana"", ""confidence"": 0.0044005680829286575}]",True,True,Ailanthus altissima,0.21073092,"[{""species"": ""Ailanthus altissima"", ""confidence"": 0.2107309239723193}, {""species"": ""Fagus grandifolia"", ""confidence"": 0.1258082853486872}, {""species"": ""Gymnocladus dioicus"", ""confidence"": 0.08526625636286796}, {""species"": ""Juglans cinerea"", ""confidence"": 0.06326826522454827}, {""species"": ""Fraxinus pennsylvanica"", ""confidence"": 0.06080055590817095}]",False,False,Betula lenta,0.34,"[{""species"": ""Betula lenta"", ""confidence"": 0.34}, {""species"": ""Populus tremuloides"", ""confidence"": 0.21}, {""species"": ""Betula papyrifera"", ""confidence"": 0.18}, {""species"": ""Prunus pensylvanica"", ""confidence"": 0.13}, {""species"": ""Carpinus caroliniana"", ""confidence"": 0.09}]",False,False,Fraxinus americana,0.8,"[{""species"": ""Fraxinus americana"", ""confidence"": 0.8}, {""species"": ""Fraxinus pennsylvanica"", ""confidence"": 0.7}, {""species"": ""Fraxinus quadrangulata"", ""confidence"": 0.6}, {""species"": ""Ulmus americana"", ""confidence"": 0.5}, {""species"": ""Ulmus rubra"", ""confidence"": 0.4}]",False,False,sugar maple,Aceraceae,twig,close-up winter terminal bud,https://bioimages.vanderbilt.edu/tn/baskauf/tacsa3-twterm-bud39144.jpg,https://bioimages.vanderbilt.edu/gq/baskauf/gacsa3-twterm-bud39144.jpg,Steven J. Baskauf,http://creativecommons.org/licenses/by/4.0/,4,1,1000,4,False,False,False,bioclip_only_correct|embedding_disagreement
baskauf/39161,baskauf_39161.jpg,ind-baskauf/39138,twig,Acer saccharum,Acer saccharum,0.9999944,"[{""species"": ""Acer saccharum"", ""confidence"": 0.9999943971633911}, {""species"": ""Fraxinus quadrangulata"", ""confidence"": 4.785090823133942e-06}, {""species"": ""Acer negundo"", ""confidence"": 6.475916052295361e-07}, {""species"": ""Quercus alba"", ""confidence"": 4.691138144607976e-08}, {""species"": ""Quercus palustris"", ""confidence"": 2.2159365897778116e-08}]",True,True,Quercus palustris,0.24372844,"[{""species"": ""Quercus palustris"", ""confidence"": 0.24372843714113293}, {""species"": ""Prunus serotina"", ""confidence"": 0.0915060689950286}, {""species"": ""Fagus grandifolia"", ""confidence"": 0.07979659396273053}, {""species"": ""Juglans cinerea"", ""confidence"": 0.06184422494089588}, {""species"": ""Ailanthus altissima"", ""confidence"": 0.05817370580317438}]",False,False,Acer saccharum,0.58,"[{""species"": ""Acer saccharum"", ""confidence"": 0.58}, {""species"": ""Acer nigrum"", ""confidence"": 0.18}, {""species"": ""Acer rubrum"", ""confidence"": 0.12}, {""species"": ""Acer platanoides"", ""confidence"": 0.08}, {""species"": ""Amelanchier arborea"", ""confidence"": 0.05}]",True,True,Fraxinus americana,0.7,"[{""species"": ""Fraxinus americana"", ""confidence"": 0.7}, {""species"": ""Fraxinus pennsylvanica"", ""confidence"": 0.6}, {""species"": ""Fraxinus quadrangulata"", ""confidence"": 0.5}, {""species"": ""Acer negundo"", ""confidence"": 0.4}, {""species"": ""Ulmus americana"", ""confidence"": 0.3}]",False,False,sugar maple,Aceraceae,twig,close-up winter leaf scar/bud,https://bioimages.vanderbilt.edu/tn/baskauf/tacsa3-twopposite-buds39161.jpg,https://bioimages.vanderbilt.edu/gq/baskauf/gacsa3-twopposite-buds39161.jpg,Steven J. Baskauf,http://creativecommons.org/licenses/by/4.0/,4,2,1010,3,False,False,False,embedding_disagreement
baskauf/39181,baskauf_39181.jpg,ind-baskauf/39138,twig,Acer saccharum,Acer saccharum,0.99989307,"[{""species"": ""Acer saccharum"", ""confidence"": 0.999893069267273}, {""species"": ""Fraxinus quadrangulata"", ""confidence"": 7.484383240807801e-05}, {""species"": ""Fraxinus americana"", ""confidence"": 7.888481377449352e-06}, {""species"": ""Ilex verticillata"", ""confidence"": 4.222399638820207e-06}, {""species"": ""Acer negundo"", ""confidence"": 3.7262548175931443e-06}]",True,True,Ailanthus altissima,0.67579712,"[{""species"": ""Ailanthus altissima"", ""confidence"": 0.6757971165547954}, {""species"": ""Pinus strobus"", ""confidence"": 0.12235850715730835}, {""species"": ""Gymnocladus dioicus"", ""confidence"": 0.033372397606733877}, {""species"": ""Quercus rubra"", ""confidence"": 0.024698682480733734}, {""species"": ""Platanus occidentalis"", ""confidence"": 0.02209485164248991}]",False,False,Magnolia acuminata,0.83,"[{""species"": ""Magnolia acuminata"", ""confidence"": 0.83}, {""species"": ""Fagus grandifolia"", ""confidence"": 0.18}, {""species"": ""Quercus alba"", ""confidence"": 0.12}, {""species"": ""Betula alleghaniensis"", ""confidence"": 0.08}, {""species"": ""Aesculus glabra"", ""confidence"": 0.06}]",False,False,Fraxinus americana,0.7,"[{""species"": ""Fraxinus americana"", ""confidence"": 0.7}, {""species"": ""Fraxinus pennsylvanica"", ""confidence"": 0.65}, {""species"": ""Fraxinus quadrangulata"", ""confidence"": 0.6}, {""species"": ""Ulmus americana"", ""confidence"": 0.5}, {""species"": ""Ulmus rubra"", ""confidence"": 0.45}]",False,False,sugar maple,Aceraceae,twig,close-up winter terminal bud,https://bioimages.vanderbilt.edu/tn/baskauf/tacsa3-twterm-leaf-scar39181.jpg,https://bioimages.vanderbilt.edu/gq/baskauf/gacsa3-twterm-leaf-scar39181.jpg,Steven J. Baskauf,http://creativecommons.org/licenses/by/4.0/,4,1,1000,4,False,False,False,bioclip_only_correct|embedding_disagreement
baskauf/39880,baskauf_39880.jpg,ind-baskauf/39879,fruit,Aesculus glabra,Aesculus glabra,0.99998689,"[{""species"": ""Aesculus glabra"", ""confidence"": 0.9999868869781494}, {""species"": ""Castanea dentata"", ""confidence"": 1.300712665397441e-05}, {""species"": ""Ostrya virginiana"", ""confidence"": 6.825514020647461e-08}, {""species"": ""Carya ovata"", ""confidence"": 4.944385345595492e-09}, {""species"": ""Fraxinus quadrangulata"", ""confidence"": 4.363405192719938e-09}]",True,True,Aesculus glabra,0.92049981,"[{""species"": ""Aesculus glabra"", ""confidence"": 0.9204998130787485}, {""species"": ""Fagus grandifolia"", ""confidence"": 0.024064758597917617}, {""species"": ""Carya ovata"", ""confidence"": 0.016566817147457648}, {""species"": ""Castanea dentata"", ""confidence"": 0.010172367162455374}, {""species"": ""Carya cordiformis"", ""confidence"": 0.006840970238760654}]",True,True,Aesculus hippocastanum,0.92,"[{""species"": ""Aesculus hippocastanum"", ""confidence"": 0.92}, {""species"": ""Aesculus glabra"", ""confidence"": 0.68}, {""species"": ""Acer platanoides"", ""confidence"": 0.05}, {""species"": ""Acer saccharum"", ""confidence"": 0.03}, {""species"": ""Carya ovata"", ""confidence"": 0.02}]",False,True,Aesculus hippocastanum,0.9,"[{""species"": ""Aesculus hippocastanum"", ""confidence"": 0.9}, {""species"": ""Aesculus glabra"", ""confidence"": 0.7}, {""species"": ""Gymnocladus dioicus"", ""confidence"": 0.4}, {""species"": ""Gleditsia triacanthos"", ""confidence"": 0.3}, {""species"": ""Robinia pseudoacacia"", ""confidence"": 0.2}]",False,True,Ohio buckeye,Hippocastanaceae,fruit,immature,https://bioimages.vanderbilt.edu/tn/baskauf/taegl--frdevel39880.jpg,https://bioimages.vanderbilt.edu/gq/baskauf/gaegl--frdevel39880.jpg,Steven J. Baskauf,http://creativecommons.org/licenses/by/4.0/,1,2,1100,2,False,True,True,vlm_embedding_consensus_conflict
baskauf/49335,baskauf_49335.jpg,ind-baskauf/49335,whole tree (or vine),Sorbus americana,Sorbus americana,1.0,"[{""species"": ""Sorbus americana"", ""confidence"": 1.0}, {""species"": ""Rhus copallinum"", ""confidence"": 1.9555681518568235e-08}, {""species"": ""Viburnum lantanoides"", ""confidence"": 1.3440409674103648e-08}, {""species"": ""Ailanthus altissima"", ""confidence"": 6.348800152267131e-09}, {""species"": ""Sambucus racemosa"", ""confidence"": 4.94445018262013e-09}]",True,True,Ailanthus altissima,0.4979974,"[{""species"": ""Ailanthus altissima"", ""confidence"": 0.4979974013460564}, {""species"": ""Sorbus americana"", ""confidence"": 0.10253637415485022}, {""species"": ""Juglans nigra"", ""confidence"": 0.04087995253717226}, {""species"": ""Pinus strobus"", ""confidence"": 0.03732079479340838}, {""species"": ""Gymnocladus dioicus"", ""confidence"": 0.03414152425769605}]",False,True,Sorbus americana,0.82,"[{""species"": ""Sorbus americana"", ""confidence"": 0.82}, {""species"": ""Sambucus nigra"", ""confidence"": 0.48}, {""species"": ""Fraxinus americana"", ""confidence"": 0.18}, {""species"": ""Ailanthus altissima"", ""confidence"": 0.1}, {""species"": ""Rhus glabra"", ""confidence"": 0.07}]",True,True,Sorbus americana,0.7,"[{""species"": ""Sorbus americana"", ""confidence"": 0.7}, {""species"": ""Amelanchier arborea"", ""confidence"": 0.4}, {""species"": ""Prunus pensylvanica"", ""confidence"": 0.3}, {""species"": ""Prunus virginiana"", ""confidence"": 0.2}, {""species"": ""Acer rubrum"", ""confidence"": 0.1}]",True,True,American mountain ash,Rosaceae,whole tree (or vine),general,https://bioimages.vanderbilt.edu/tn/baskauf/tsoam3-wpin-flower49335.jpg,https://bioimages.vanderbilt.edu/gq/baskauf/gsoam3-wpin-flower49335.jpg,Steven J. Baskauf,http://creativecommons.org/licenses/by/4.0/,4,3,1011,2,False,False,True,embedding_disagreement
baskauf/49339,baskauf_49339.jpg,ind-baskauf/49335,inflorescence,Sorbus americana,Sorbus americana,0.99966371,"[{""species"": ""Sorbus americana"", ""confidence"": 0.9996637105941772}, {""species"": ""Rhus copallinum"", ""confidence"": 0.0002611706731840968}, {""species"": ""Rhus glabra"", ""confidence"": 7.482666114810854e-05}, {""species"": ""Sambucus racemosa"", ""confidence"": 1.6368264255106624e-07}, {""species"": ""Ailanthus altissima"", ""confidence"": 8.761301018012091e-08}]",True,True,Sorbus americana,0.4949796,"[{""species"": ""Sorbus americana"", ""confidence"": 0.49497960471908753}, {""species"": ""Sambucus racemosa"", ""confidence"": 0.2490324699527153}, {""species"": ""Rhus glabra"", ""confidence"": 0.1175314415968083}, {""species"": ""Ailanthus altissima"", ""confidence"": 0.06778493304229224}, {""species"": ""Sambucus nigra"", ""confidence"": 0.039320312141821065}]",True,True,Sambucus nigra,0.93,"[{""species"": ""Sambucus nigra"", ""confidence"": 0.93}, {""species"": ""Sambucus racemosa"", ""confidence"": 0.18}, {""species"": ""Sorbus americana"", ""confidence"": 0.11}, {""species"": ""Rhus glabra"", ""confidence"": 0.05}, {""species"": ""Prunus virginiana"", ""confidence"": 0.03}]",False,True,Sorbus americana,0.8,"[{""species"": ""Sorbus americana"", ""confidence"": 0.8}, {""species"": ""Amelanchier arborea"", ""confidence"": 0.6}, {""species"": ""Prunus serotina"", ""confidence"": 0.4}, {""species"": ""Pyrus calleryana"", ""confidence"": 0.3}, {""species"": ""Acer rubrum"", ""confidence"": 0.2}]",True,True,American mountain ash,Rosaceae,inflorescence,whole - unspecified,https://bioimages.vanderbilt.edu/tn/baskauf/tsoam3-flinflor49339.jpg,https://bioimages.vanderbilt.edu/gq/baskauf/gsoam3-flinflor49339.jpg,Steven J. Baskauf,http://creativecommons.org/licenses/by/4.0/,4,3,1101,2,False,True,False,
baskauf/49341,baskauf_49341.jpg,ind-baskauf/49335,inflorescence,Sorbus americana,Sorbus americana,0.99999726,"[{""species"": ""Sorbus americana"", ""confidence"": 0.9999972581863403}, {""species"": ""Rhus copallinum"", ""confidence"": 2.561281689850148e-06}, {""species"": ""Sambucus racemosa"", ""confidence"": 7.734400497838578e-08}, {""species"": ""Ailanthus altissima"", ""confidence"": 4.691151644919955e-08}, {""species"": ""Amelanchier arborea"", ""confidence"": 4.139926446100617e-08}]",True,True,Sorbus americana,0.25789501,"[{""species"": ""Sorbus americana"", ""confidence"": 0.25789501343344257}, {""species"": ""Ailanthus altissima"", ""confidence"": 0.19459509725535043}, {""species"": ""Prunus serotina"", ""confidence"": 0.17608144646620474}, {""species"": ""Sambucus nigra"", ""confidence"": 0.0633912434975889}, {""species"": ""Cornus amomum"", ""confidence"": 0.04896446687697359}]",True,True,Sorbus americana,0.74,"[{""species"": ""Sorbus americana"", ""confidence"": 0.74}, {""species"": ""Pyrus calleryana"", ""confidence"": 0.41}, {""species"": ""Sambucus nigra"", ""confidence"": 0.16}, {""species"": ""Amelanchier arborea"", ""confidence"": 0.11}, {""species"": ""Prunus virginiana"", ""confidence"": 0.08}]",True,True,Sorbus americana,0.7,"[{""species"": ""Sorbus americana"", ""confidence"": 0.7}, {""species"": ""Amelanchier arborea"", ""confidence"": 0.5}, {""species"": ""Pyrus calleryana"", ""confidence"": 0.4}, {""species"": ""Prunus virginiana"", ""confidence"": 0.3}, {""species"": ""Prunus pensylvanica"", ""confidence"": 0.2}]",True,True,American mountain ash,Rosaceae,inflorescence,frontal view of flower,https://bioimages.vanderbilt.edu/tn/baskauf/tsoam3-fl49341.jpg,https://bioimages.vanderbilt.edu/gq/baskauf/gsoam3-fl49341.jpg,Steven J. Baskauf,http://creativecommons.org/licenses/by/4.0/,4,4,1111,1,True,True,True,all_four_correct
baskauf/49344,baskauf_49344.jpg,ind-baskauf/49335,inflorescence,Sorbus americana,Sorbus americana,0.99999917,"[{""species"": ""Sorbus americana"", ""confidence"": 0.9999991655349731}, {""species"": ""Rhus copallinum"", ""confidence"": 6.475946747741546e-07}, {""species"": ""Sambucus racemosa"", ""confidence"": 9.931186184530816e-08}, {""species"": ""Amelanchier arborea"", ""confidence"": 1.522996839753432e-08}, {""species"": ""Viburnum lantanoides"", ""confidence"": 1.3440398127784192e-08}]",True,True,Prunus serotina,0.22906415,"[{""species"": ""Prunus serotina"", ""confidence"": 0.22906415234847494}, {""species"": ""Cephalanthus occidentalis"", ""confidence"": 0.17705486284956007}, {""species"": ""Cornus amomum"", ""confidence"": 0.1153468012495257}, {""species"": ""Sorbus americana"", ""confidence"": 0.09513660149781998}, {""species"": ""Ailanthus altissima"", ""confidence"": 0.08494491382153932}]",False,True,Prunus serotina,0.82,"[{""species"": ""Prunus serotina"", ""confidence"": 0.82}, {""species"": ""Prunus virginiana"", ""confidence"": 0.63}, {""species"": ""Amelanchier arborea"", ""confidence"": 0.22}, {""species"": ""Pyrus calleryana"", ""confidence"": 0.14}, {""species"": ""Sorbus americana"", ""confidence"": 0.08}]",False,True,Sorbus americana,0.7,"[{""species"": ""Sorbus americana"", ""confidence"": 0.7}, {""species"": ""Amelanchier arborea"", ""confidence"": 0.6}, {""species"": ""Pyrus calleryana"", ""confidence"": 0.5}, {""species"": ""Prunus virginiana"", ""confidence"": 0.4}, {""species"": ""Prunus pensylvanica"", ""confidence"": 0.3}]",True,True,American mountain ash,Rosaceae,inflorescence,lateral view of flower,https://bioimages.vanderbilt.edu/tn/baskauf/tsoam3-fl49344.jpg,https://bioimages.vanderbilt.edu/gq/baskauf/gsoam3-fl49344.jpg,Steven J. Baskauf,http://creativecommons.org/licenses/by/4.0/,4,2,1001,2,False,False,False,embedding_disagreement
baskauf/50460,baskauf_50460.jpg,ind-baskauf/50458,inflorescence,Lindera benzoin,Lindera benzoin,0.99999976,"[{""species"": ""Lindera benzoin"", ""confidence"": 0.9999997615814209}, {""species"": ""Ilex verticillata"", ""confidence"": 1.637376669805235e-07}, {""species"": ""Sassafras albidum"", ""confidence"": 7.734419682492444e-08}, {""species"": ""Cephalanthus occidentalis"", ""confidence"": 2.510998520222074e-08}, {""species"": ""Zanthoxylum americanum"", ""confidence"": 2.172439311776131e-10}]",True,True,Lindera benzoin,0.54851916,"[{""species"": ""Lindera benzoin"", ""confidence"": 0.548519158000321}, {""species"": ""Sassafras albidum"", ""confidence"": 0.05003902356149483}, {""species"": ""Prunus serotina"", ""confidence"": 0.04742798678334834}, {""species"": ""Carpinus caroliniana"", ""confidence"": 0.044606510042334}, {""species"": ""Nyssa sylvatica"", ""confidence"": 0.03361861158084038}]",True,True,Acer saccharum,0.62,"[{""species"": ""Acer saccharum"", ""confidence"": 0.62}, {""species"": ""Acer nigrum"", ""confidence"": 0.31}, {""species"": ""Acer platanoides"", ""confidence"": 0.24}, {""species"": ""Acer rubrum"", ""confidence"": 0.1}, {""species"": ""Lindera benzoin"", ""confidence"": 0.07}]",False,True,Hamamelis virginiana,0.7,"[{""species"": ""Hamamelis virginiana"", ""confidence"": 0.7}, {""species"": ""Lindera benzoin"", ""confidence"": 0.6}, {""species"": ""Amelanchier arborea"", ""confidence"": 0.4}, {""species"": ""Cercis canadensis"", ""confidence"": 0.3}, {""species"": ""Cornus racemosa"", ""confidence"": 0.2}]",False,True,northern spicebush,Lauraceae,inflorescence,whole - unspecified,https://bioimages.vanderbilt.edu/tn/baskauf/tlibe3-flinflor50460.jpg,https://bioimages.vanderbilt.edu/gq/baskauf/glibe3-flinflor50460.jpg,Steven J. Baskauf,http://creativecommons.org/licenses/by/4.0/,3,2,1100,3,False,True,False,
baskauf/50462,baskauf_50462.jpg,ind-baskauf/50458,inflorescence,Lindera benzoin,Lindera benzoin,0.99999774,"[{""species"": ""Lindera benzoin"", ""confidence"": 0.9999977350234985}, {""species"": ""Sassafras albidum"", ""confidence"": 2.2603242086915998e-06}, {""species"": ""Cephalanthus occidentalis"", ""confidence"": 1.725778986383375e-08}, {""species"": ""Ilex verticillata"", ""confidence"": 2.9989539740427062e-09}, {""species"": ""Dirca palustris"", ""confidence"": 1.5737066164089875e-11}]",True,True,Lindera benzoin,0.37464496,"[{""species"": ""Lindera benzoin"", ""confidence"": 0.37464496068545355}, {""species"": ""Sassafras albidum"", ""confidence"": 0.1702527459989348}, {""species"": ""Nyssa sylvatica"", ""confidence"": 0.09344063208235369}, {""species"": ""Fraxinus americana"", ""confidence"": 0.033879523700566044}, {""species"": ""Carpinus caroliniana"", ""confidence"": 0.03178053064123509}]",True,True,Acer platanoides,0.67,"[{""species"": ""Acer platanoides"", ""confidence"": 0.67}, {""species"": ""Acer saccharum"", ""confidence"": 0.58}, {""species"": ""Acer nigrum"", ""confidence"": 0.36}, {""species"": ""Acer saccharinum"", ""confidence"": 0.14}, {""species"": ""Acer rubrum"", ""confidence"": 0.07}]",False,False,Lindera benzoin,0.7,"[{""species"": ""Lindera benzoin"", ""confidence"": 0.7}, {""species"": ""Hamamelis virginiana"", ""confidence"": 0.6}, {""species"": ""Carpinus caroliniana"", ""confidence"": 0.5}, {""species"": ""Cercis canadensis"", ""confidence"": 0.4}, {""species"": ""Amelanchier arborea"", ""confidence"": 0.3}]",True,True,northern spicebush,Lauraceae,inflorescence,lateral view of flower,https://bioimages.vanderbilt.edu/tn/baskauf/tlibe3-fl50462.jpg,https://bioimages.vanderbilt.edu/gq/baskauf/glibe3-fl50462.jpg,Steven J. Baskauf,http://creativecommons.org/licenses/by/4.0/,3,3,1101,2,False,True,False,
baskauf/50467,baskauf_50467.jpg,ind-baskauf/50458,whole tree (or vine),Lindera benzoin,Lindera benzoin,1.0,"[{""species"": ""Lindera benzoin"", ""confidence"": 1.0}, {""species"": ""Ilex verticillata"", ""confidence"": 3.6534821390432626e-08}, {""species"": ""Sassafras albidum"", ""confidence"": 2.510999053129126e-08}, {""species"": ""Cephalanthus occidentalis"", ""confidence"": 7.194133289090132e-09}, {""species"": ""Fraxinus quadrangulata"", ""confidence"": 2.020683967374204e-11}]",True,True,Lindera benzoin,0.35999884,"[{""species"": ""Lindera benzoin"", ""confidence"": 0.3599988390444858}, {""species"": ""Carpinus caroliniana"", ""confidence"": 0.26193460984822775}, {""species"": ""Sassafras albidum"", ""confidence"": 0.08142387120479504}, {""species"": ""Ulmus americana"", ""confidence"": 0.07424239806974098}, {""species"": ""Ilex verticillata"", ""confidence"": 0.03479318774922099}]",True,True,Lindera benzoin,0.88,"[{""species"": ""Lindera benzoin"", ""confidence"": 0.88}, {""species"": ""Dirca palustris"", ""confidence"": 0.28}, {""species"": ""Hamamelis virginiana"", ""confidence"": 0.12}, {""species"": ""Cornus amomum"", ""confidence"": 0.06}, {""species"": ""Cornus sericea"", ""confidence"": 0.05}]",True,True,Lindera benzoin,0.8,"[{""species"": ""Lindera benzoin"", ""confidence"": 0.8}, {""species"": ""Hamamelis virginiana"", ""confidence"": 0.7}, {""species"": ""Cornus racemosa"", ""confidence"": 0.6}, {""species"": ""Cornus sericea"", ""confidence"": 0.5}, {""species"": ""Amelanchier arborea"", ""confidence"": 0.4}]",True,True,northern spicebush,Lauraceae,whole tree (or vine),general,https://bioimages.vanderbilt.edu/tn/baskauf/tlibe3-fldistant50467.jpg,https://bioimages.vanderbilt.edu/gq/baskauf/glibe3-fldistant50467.jpg,Steven J. Baskauf,http://creativecommons.org/licenses/by/4.0/,3,4,1111,1,True,True,True,all_four_correct
baskauf/51813,baskauf_51813.jpg,ind-baskauf/51813,inflorescence,Zanthoxylum americanum,Zanthoxylum americanum,0.99998832,"[{""species"": ""Zanthoxylum americanum"", ""confidence"": 0.999988317489624}, {""species"": ""Ilex verticillata"", ""confidence"": 7.889232620073017e-06}, {""species"": ""Cephalanthus occidentalis"", ""confidence"": 1.9947106011386495e-06}, {""species"": ""Lindera benzoin"", ""confidence"": 1.3709430959352176e-06}, {""species"": ""Sassafras albidum"", ""confidence"": 2.3823417905077804e-07}]",True,True,Quercus palustris,0.21162798,"[{""species"": ""Quercus palustris"", ""confidence"": 0.21162797618584822}, {""species"": ""Quercus macrocarpa"", ""confidence"": 0.20777312083700047}, {""species"": ""Amelanchier arborea"", ""confidence"": 0.0622700082139961}, {""species"": ""Pyrus calleryana"", ""confidence"": 0.05890669620300078}, {""species"": ""Fraxinus pennsylvanica"", ""confidence"": 0.050238619470154275}]",False,False,Cornus amomum,0.46,"[{""species"": ""Cornus amomum"", ""confidence"": 0.46}, {""species"": ""Cornus racemosa"", ""confidence"": 0.22}, {""species"": ""Cornus sericea"", ""confidence"": 0.16}, {""species"": ""Hamamelis virginiana"", ""confidence"": 0.08}, {""species"": ""Lonicera morrowii"", ""confidence"": 0.05}]",False,False,Lindera benzoin,0.7,"[{""species"": ""Lindera benzoin"", ""confidence"": 0.7}, {""species"": ""Staphylea trifolia"", ""confidence"": 0.5}, {""species"": ""Cornus amomum"", ""confidence"": 0.4}, {""species"": ""Cornus racemosa"", ""confidence"": 0.3}, {""species"": ""Cornus sericea"", ""confidence"": 0.2}]",False,False,common pricklyash,Rutaceae,inflorescence,frontal view of flower,https://bioimages.vanderbilt.edu/tn/baskauf/tzaam--flfemale-front51813.jpg,https://bioimages.vanderbilt.edu/gq/baskauf/gzaam--flfemale-front51813.jpg,Steven J. Baskauf,http://creativecommons.org/licenses/by/4.0/,4,1,1000,4,False,False,False,bioclip_only_correct|embedding_disagreement
baskauf/51814,baskauf_51814.jpg,ind-baskauf/51813,inflorescence,Zanthoxylum americanum,Zanthoxylum americanum,0.99999356,"[{""species"": ""Zanthoxylum americanum"", ""confidence"": 0.9999935626983643}, {""species"": ""Fraxinus pennsylvanica"", ""confidence"": 2.2603148863709066e-06}, {""species"": ""Ilex verticillata"", ""confidence"": 1.5534902786384919e-06}, {""species"": ""Cephalanthus occidentalis"", ""confidence"": 1.0676972124201711e-06}, {""species"": ""Fraxinus americana"", ""confidence"": 5.043444275543152e-07}]",True,True,Gleditsia triacanthos,0.47153093,"[{""species"": ""Gleditsia triacanthos"", ""confidence"": 0.4715309319377917}, {""species"": ""Zanthoxylum americanum"", ""confidence"": 0.22255338542492364}, {""species"": ""Fraxinus pennsylvanica"", ""confidence"": 0.12281613588784258}, {""species"": ""Quercus palustris"", ""confidence"": 0.029857788558708225}, {""species"": ""Ilex verticillata"", ""confidence"": 0.022687831359440074}]",False,True,Lonicera morrowii,0.83,"[{""species"": ""Lonicera morrowii"", ""confidence"": 0.83}, {""species"": ""Cornus amomum"", ""confidence"": 0.13}, {""species"": ""Cornus racemosa"", ""confidence"": 0.09}, {""species"": ""Cornus sericea"", ""confidence"": 0.06}, {""species"": ""Lindera benzoin"", ""confidence"": 0.04}]",False,False,Rhus glabra,0.7,"[{""species"": ""Rhus glabra"", ""confidence"": 0.7}, {""species"": ""Rhus aromatica"", ""confidence"": 0.6}, {""species"": ""Rhus copallinum"", ""confidence"": 0.5}, {""species"": ""Zanthoxylum americanum"", ""confidence"": 0.4}, {""species"": ""Toxicodendron radicans"", ""confidence"": 0.3}]",False,True,common pricklyash,Rutaceae,inflorescence,whole - female,https://bioimages.vanderbilt.edu/tn/baskauf/tzaam--flfemale-inflor51814.jpg,https://bioimages.vanderbilt.edu/gq/baskauf/gzaam--flfemale-inflor51814.jpg,Steven J. Baskauf,http://creativecommons.org/licenses/by/4.0/,4,1,1000,4,False,False,False,bioclip_only_correct|embedding_disagreement
baskauf/51815,baskauf_51815.jpg,ind-baskauf/51813,inflorescence,Zanthoxylum americanum,Zanthoxylum americanum,0.99987388,"[{""species"": ""Zanthoxylum americanum"", ""confidence"": 0.9998738765716553}, {""species"": ""Cephalanthus occidentalis"", ""confidence"": 8.480753604089841e-05}, {""species"": ""Ilex verticillata"", ""confidence"": 2.1442703655338846e-05}, {""species"": ""Rhus copallinum"", ""confidence"": 6.961426606721943e-06}, {""species"": ""Quercus palustris"", ""confidence"": 6.961426606721943e-06}]",True,True,Acer negundo,0.1738343,"[{""species"": ""Acer negundo"", ""confidence"": 0.17383429557141192}, {""species"": ""Acer saccharum"", ""confidence"": 0.10887018944448139}, {""species"": ""Sassafras albidum"", ""confidence"": 0.08207636421216782}, {""species"": ""Cercis canadensis"", ""confidence"": 0.08014964167849531}, {""species"": ""Zanthoxylum americanum"", ""confidence"": 0.07139500556089731}]",False,True,Acer saccharum,0.76,"[{""species"": ""Acer saccharum"", ""confidence"": 0.76}, {""species"": ""Acer nigrum"", ""confidence"": 0.62}, {""species"": ""Acer platanoides"", ""confidence"": 0.31}, {""species"": ""Acer rubrum"", ""confidence"": 0.12}, {""species"": ""Viburnum opulus"", ""confidence"": 0.05}]",False,False,Rhus glabra,0.7,"[{""species"": ""Rhus glabra"", ""confidence"": 0.7}, {""species"": ""Rhus aromatica"", ""confidence"": 0.6}, {""species"": ""Rhus copallinum"", ""confidence"": 0.5}, {""species"": ""Toxicodendron radicans"", ""confidence"": 0.4}, {""species"": ""Amelanchier arborea"", ""confidence"": 0.3}]",False,False,common pricklyash,Rutaceae,inflorescence,lateral view of flower,https://bioimages.vanderbilt.edu/tn/baskauf/tzaam--flfemale-side51815.jpg,https://bioimages.vanderbilt.edu/gq/baskauf/gzaam--flfemale-side51815.jpg,Steven J. Baskauf,http://creativecommons.org/licenses/by/4.0/,4,1,1000,4,False,False,False,bioclip_only_correct|embedding_disagreement
baskauf/51816,baskauf_51816.jpg,ind-baskauf/51813,twig,Zanthoxylum americanum,Zanthoxylum americanum,0.99999952,"[{""species"": ""Zanthoxylum americanum"", ""confidence"": 0.9999995231628418}, {""species"": ""Rhus copallinum"", ""confidence"": 3.05902176478412e-07}, {""species"": ""Sorbus americana"", ""confidence"": 1.1253511900122248e-07}, {""species"": ""Rhus glabra"", ""confidence"": 2.2159479584615838e-08}, {""species"": ""Fraxinus pennsylvanica"", ""confidence"": 1.9555672636784038e-08}]",True,True,Quercus palustris,0.3452518,"[{""species"": ""Quercus palustris"", ""confidence"": 0.3452518031557755}, {""species"": ""Zanthoxylum americanum"", ""confidence"": 0.09558342792599525}, {""species"": ""Quercus macrocarpa"", ""confidence"": 0.09229423615422265}, {""species"": ""Acer saccharum"", ""confidence"": 0.08328809663764453}, {""species"": ""Gleditsia triacanthos"", ""confidence"": 0.0490229413621854}]",False,True,Pyrus calleryana,0.62,"[{""species"": ""Pyrus calleryana"", ""confidence"": 0.62}, {""species"": ""Amelanchier arborea"", ""confidence"": 0.18}, {""species"": ""Prunus virginiana"", ""confidence"": 0.08}, {""species"": ""Prunus pensylvanica"", ""confidence"": 0.05}, {""species"": ""Cornus florida"", ""confidence"": 0.04}]",False,False,Rhus glabra,0.7,"[{""species"": ""Rhus glabra"", ""confidence"": 0.7}, {""species"": ""Rhus aromatica"", ""confidence"": 0.6}, {""species"": ""Rhus copallinum"", ""confidence"": 0.5}, {""species"": ""Zanthoxylum americanum"", ""confidence"": 0.4}, {""species"": ""Amelanchier arborea"", ""confidence"": 0.3}]",False,True,common pricklyash,Rutaceae,twig,orientation of petioles,https://bioimages.vanderbilt.edu/tn/baskauf/tzaam--twwith-flowers51816.jpg,https://bioimages.vanderbilt.edu/gq/baskauf/gzaam--twwith-flowers51816.jpg,Steven J. Baskauf,http://creativecommons.org/licenses/by/4.0/,4,1,1000,4,False,False,False,bioclip_only_correct|embedding_disagreement
baskauf/54564,baskauf_54564.jpg,ind-baskauf/54562,whole tree (or vine),Lonicera morrowii,Lonicera morrowii,0.73094869,"[{""species"": ""Lonicera morrowii"", ""confidence"": 0.7309486865997314}, {""species"": ""Ilex verticillata"", ""confidence"": 0.2689010202884674}, {""species"": ""Amelanchier arborea"", ""confidence"": 0.00014872493920847774}, {""species"": ""Lindera benzoin"", ""confidence"": 1.6521847783224075e-06}, {""species"": ""Zanthoxylum americanum"", ""confidence"": 2.670507903701491e-08}]",True,True,Ilex verticillata,0.28597807,"[{""species"": ""Ilex verticillata"", ""confidence"": 0.2859780650467659}, {""species"": ""Ulmus rubra"", ""confidence"": 0.18459045976353305}, {""species"": ""Lonicera morrowii"", ""confidence"": 0.13120888481497822}, {""species"": ""Rhus aromatica"", ""confidence"": 0.04935397823123845}, {""species"": ""Cornus amomum"", ""confidence"": 0.04798357335639317}]",False,True,Lonicera morrowii,0.87,"[{""species"": ""Lonicera morrowii"", ""confidence"": 0.87}, {""species"": ""Ilex verticillata"", ""confidence"": 0.24}, {""species"": ""Cornus racemosa"", ""confidence"": 0.15}, {""species"": ""Prunus virginiana"", ""confidence"": 0.1}, {""species"": ""Viburnum opulus"", ""confidence"": 0.08}]",True,True,Lonicera morrowii,0.8,"[{""species"": ""Lonicera morrowii"", ""confidence"": 0.8}, {""species"": ""Sambucus nigra"", ""confidence"": 0.6}, {""species"": ""Sambucus racemosa"", ""confidence"": 0.55}, {""species"": ""Cornus racemosa"", ""confidence"": 0.4}, {""species"": ""Cornus sericea"", ""confidence"": 0.35}]",True,True,Morrow's honeysuckle,Caprifoliaceae,whole tree (or vine),general,https://bioimages.vanderbilt.edu/tn/baskauf/tlomo2-wpin-fruit54564.jpg,https://bioimages.vanderbilt.edu/gq/baskauf/glomo2-wpin-fruit54564.jpg,Steven J. Baskauf,http://creativecommons.org/licenses/by/4.0/,3,3,1011,2,False,False,True,embedding_disagreement
baskauf/54565,baskauf_54565.jpg,ind-baskauf/54562,fruit,Lonicera morrowii,Lonicera morrowii,0.99979347,"[{""species"": ""Lonicera morrowii"", ""confidence"": 0.9997934699058533}, {""species"": ""Ilex verticillata"", ""confidence"": 0.0002034263452515006}, {""species"": ""Amelanchier arborea"", ""confidence"": 1.3706759318665718e-06}, {""species"": ""Lindera benzoin"", ""confidence"": 9.420508604307543e-07}, {""species"": ""Zanthoxylum americanum"", ""confidence"": 8.313569992424164e-07}]",True,True,Ilex verticillata,0.27153401,"[{""species"": ""Ilex verticillata"", ""confidence"": 0.2715340136576636}, {""species"": ""Rhus aromatica"", ""confidence"": 0.20059018900137093}, {""species"": ""Zanthoxylum americanum"", ""confidence"": 0.08070142067411232}, {""species"": ""Pyrus calleryana"", ""confidence"": 0.07511314799808662}, {""species"": ""Lonicera morrowii"", ""confidence"": 0.05317836435728022}]",False,True,Lonicera morrowii,0.98,"[{""species"": ""Lonicera morrowii"", ""confidence"": 0.98}, {""species"": ""Ilex verticillata"", ""confidence"": 0.08}, {""species"": ""Cornus florida"", ""confidence"": 0.06}, {""species"": ""Lindera benzoin"", ""confidence"": 0.05}, {""species"": ""Cornus amomum"", ""confidence"": 0.04}]",True,True,Lonicera morrowii,0.9,"[{""species"": ""Lonicera morrowii"", ""confidence"": 0.9}, {""species"": ""Sambucus nigra"", ""confidence"": 0.6}, {""species"": ""Sambucus racemosa"", ""confidence"": 0.55}, {""species"": ""Cornus sericea"", ""confidence"": 0.4}, {""species"": ""Cornus racemosa"", ""confidence"": 0.35}]",True,True,Morrow's honeysuckle,Caprifoliaceae,fruit,as borne on the plant,https://bioimages.vanderbilt.edu/tn/baskauf/tlomo2-frdistant54565.jpg,https://bioimages.vanderbilt.edu/gq/baskauf/glomo2-frdistant54565.jpg,Steven J. Baskauf,http://creativecommons.org/licenses/by/4.0/,3,3,1011,2,False,False,True,embedding_disagreement
baskauf/54568,baskauf_54568.jpg,ind-baskauf/54562,fruit,Lonicera morrowii,Lonicera morrowii,0.99568164,"[{""species"": ""Lonicera morrowii"", ""confidence"": 0.995681643486023}, {""species"": ""Ilex verticillata"", ""confidence"": 0.003590988926589489}, {""species"": ""Viburnum lantanoides"", ""confidence"": 0.0007071075960993767}, {""species"": ""Celtis occidentalis"", ""confidence"": 6.9322391027526464e-06}, {""species"": ""Lindera benzoin"", ""confidence"": 4.764453933603363e-06}]",True,True,Pyrus calleryana,0.31253008,"[{""species"": ""Pyrus calleryana"", ""confidence"": 0.31253007849061587}, {""species"": ""Ilex verticillata"", ""confidence"": 0.28351638948078484}, {""species"": ""Cornus amomum"", ""confidence"": 0.06012394734751982}, {""species"": ""Zanthoxylum americanum"", ""confidence"": 0.04953363260589764}, {""species"": ""Betula alleghaniensis"", ""confidence"": 0.03038569118940277}]",False,False,Lonicera morrowii,0.95,"[{""species"": ""Lonicera morrowii"", ""confidence"": 0.95}, {""species"": ""Cornus amomum"", ""confidence"": 0.28}, {""species"": ""Cornus racemosa"", ""confidence"": 0.18}, {""species"": ""Viburnum opulus"", ""confidence"": 0.12}, {""species"": ""Sambucus racemosa"", ""confidence"": 0.07}]",True,True,Sambucus nigra,0.8,"[{""species"": ""Sambucus nigra"", ""confidence"": 0.8}, {""species"": ""Sambucus racemosa"", ""confidence"": 0.7}, {""species"": ""Viburnum opulus"", ""confidence"": 0.6}, {""species"": ""Viburnum lantanoides"", ""confidence"": 0.5}, {""species"": ""Cornus sericea"", ""confidence"": 0.4}]",False,False,Morrow's honeysuckle,Caprifoliaceae,fruit,lateral or general close-up,https://bioimages.vanderbilt.edu/tn/baskauf/tlomo2-frclose54568.jpg,https://bioimages.vanderbilt.edu/gq/baskauf/glomo2-frclose54568.jpg,Steven J. Baskauf,http://creativecommons.org/licenses/by/4.0/,3,2,1010,3,False,False,False,embedding_disagreement
baskauf/65657,baskauf_65657.jpg,ind-baskauf/65657,whole tree (or vine),Dirca palustris,Lindera benzoin,0.89642239,"[{""species"": ""Lindera benzoin"", ""confidence"": 0.8964223861694336}, {""species"": ""Aesculus glabra"", ""confidence"": 0.04463024437427521}, {""species"": ""Sassafras albidum"", ""confidence"": 0.0347580686211586}, {""species"": ""Castanea dentata"", ""confidence"": 0.0210818350315094}, {""species"": ""Dirca palustris"", ""confidence"": 0.001730502350255847}]",False,True,Dirca palustris,0.70589868,"[{""species"": ""Dirca palustris"", ""confidence"": 0.7058986770834695}, {""species"": ""Sassafras albidum"", ""confidence"": 0.10345077442313483}, {""species"": ""Cornus florida"", ""confidence"": 0.0683041555661539}, {""species"": ""Carya ovata"", ""confidence"": 0.024741788146356206}, {""species"": ""Aesculus glabra"", ""confidence"": 0.011918722796879702}]",True,True,Lindera benzoin,0.72,"[{""species"": ""Lindera benzoin"", ""confidence"": 0.72}, {""species"": ""Dirca palustris"", ""confidence"": 0.28}, {""species"": ""Lonicera morrowii"", ""confidence"": 0.19}, {""species"": ""Cornus amomum"", ""confidence"": 0.12}, {""species"": ""Cornus racemosa"", ""confidence"": 0.08}]",False,True,Lindera benzoin,0.7,"[{""species"": ""Lindera benzoin"", ""confidence"": 0.7}, {""species"": ""Cornus racemosa"", ""confidence"": 0.6}, {""species"": ""Rhus glabra"", ""confidence"": 0.5}, {""species"": ""Sambucus nigra"", ""confidence"": 0.4}, {""species"": ""Amelanchier arborea"", ""confidence"": 0.3}]",False,False,eastern leatherwood,Thymelaeaceae,whole tree (or vine),general,https://bioimages.vanderbilt.edu/tn/baskauf/tdipa9-wp65657.jpg,https://bioimages.vanderbilt.edu/gq/baskauf/gdipa9-wp65657.jpg,Steven J. Baskauf,http://creativecommons.org/licenses/by/4.0/,1,1,0100,2,False,False,True,embedding_disagreement
baskauf/66180,baskauf_66180.jpg,ind-baskauf/66180,whole tree (or vine),Gleditsia triacanthos,Gleditsia triacanthos,0.99998736,"[{""species"": ""Gleditsia triacanthos"", ""confidence"": 0.9999873638153076}, {""species"": ""Robinia pseudoacacia"", ""confidence"": 1.01299647212727e-05}, {""species"": ""Gymnocladus dioicus"", ""confidence"": 2.260300789203029e-06}, {""species"": ""Zanthoxylum americanum"", ""confidence"": 2.1024072793807136e-07}, {""species"": ""Juniperus virginiana"", ""confidence"": 1.725761045179297e-08}]",True,True,Gleditsia triacanthos,0.23201954,"[{""species"": ""Gleditsia triacanthos"", ""confidence"": 0.23201953909519427}, {""species"": ""Gymnocladus dioicus"", ""confidence"": 0.15535829175909285}, {""species"": ""Juglans nigra"", ""confidence"": 0.11163173371518949}, {""species"": ""Quercus palustris"", ""confidence"": 0.059687122770559646}, {""species"": ""Fraxinus americana"", ""confidence"": 0.057847717277253095}]",True,True,Ailanthus altissima,0.8,"[{""species"": ""Ailanthus altissima"", ""confidence"": 0.8}, {""species"": ""Robinia pseudoacacia"", ""confidence"": 0.42}, {""species"": ""Gleditsia triacanthos"", ""confidence"": 0.3}, {""species"": ""Juglans nigra"", ""confidence"": 0.22}, {""species"": ""Fraxinus americana"", ""confidence"": 0.17}]",False,True,Gleditsia triacanthos,0.7,"[{""species"": ""Gleditsia triacanthos"", ""confidence"": 0.7}, {""species"": ""Gymnocladus dioicus"", ""confidence"": 0.6}, {""species"": ""Ailanthus altissima"", ""confidence"": 0.5}, {""species"": ""Robinia pseudoacacia"", ""confidence"": 0.4}, {""species"": ""Celtis occidentalis"", ""confidence"": 0.3}]",True,True,honeylocust,Fabaceae,whole tree (or vine),general,https://bioimages.vanderbilt.edu/tn/baskauf/tgltr--wp66180.jpg,https://bioimages.vanderbilt.edu/gq/baskauf/ggltr--wp66180.jpg,Steven J. Baskauf,http://creativecommons.org/licenses/by/4.0/,11,3,1101,2,False,True,False,
baskauf/66181,baskauf_66181.jpg,ind-baskauf/66180,bark,Gleditsia triacanthos,Gleditsia triacanthos,0.9999994,"[{""species"": ""Gleditsia triacanthos"", ""confidence"": 0.9999994039535522}, {""species"": ""Zanthoxylum americanum"", ""confidence"": 3.9278612007365155e-07}, {""species"": ""Robinia pseudoacacia"", ""confidence"": 7.734417550864237e-08}, {""species"": ""Rhus copallinum"", ""confidence"": 6.825599285775752e-08}, {""species"": ""Gymnocladus dioicus"", ""confidence"": 9.237444587029131e-09}]",True,True,Gleditsia triacanthos,0.97647758,"[{""species"": ""Gleditsia triacanthos"", ""confidence"": 0.976477575732316}, {""species"": ""Acer rubrum"", ""confidence"": 0.004243819543352852}, {""species"": ""Pyrus calleryana"", ""confidence"": 0.00262050067257803}, {""species"": ""Quercus palustris"", ""confidence"": 0.002016857746871943}, {""species"": ""Rhus copallinum"", ""confidence"": 0.001238137455244324}]",True,True,Gleditsia triacanthos,0.98,"[{""species"": ""Gleditsia triacanthos"", ""confidence"": 0.98}, {""species"": ""Zanthoxylum americanum"", ""confidence"": 0.12}, {""species"": ""Robinia pseudoacacia"", ""confidence"": 0.08}, {""species"": ""Celtis occidentalis"", ""confidence"": 0.03}, {""species"": ""Gymnocladus dioicus"", ""confidence"": 0.02}]",True,True,Gleditsia triacanthos,0.9,"[{""species"": ""Gleditsia triacanthos"", ""confidence"": 0.9}, {""species"": ""Robinia pseudoacacia"", ""confidence"": 0.7}, {""species"": ""Gymnocladus dioicus"", ""confidence"": 0.5}, {""species"": ""Zanthoxylum americanum"", ""confidence"": 0.3}, {""species"": ""Cercis canadensis"", ""confidence"": 0.2}]",True,True,honeylocust,Fabaceae,bark,of a medium tree or large branch,https://bioimages.vanderbilt.edu/tn/baskauf/tgltr--brmedium66181.jpg,https://bioimages.vanderbilt.edu/gq/baskauf/ggltr--brmedium66181.jpg,Steven J. Baskauf,http://creativecommons.org/licenses/by/4.0/,11,4,1111,1,True,True,True,all_four_correct
baskauf/66182,baskauf_66182.jpg,ind-baskauf/66180,bark,Gleditsia triacanthos,Gleditsia triacanthos,0.99999714,"[{""species"": ""Gleditsia triacanthos"", ""confidence"": 0.9999971389770508}, {""species"": ""Zanthoxylum americanum"", ""confidence"": 1.7603413198230555e-06}, {""species"": ""Rhus copallinum"", ""confidence"": 8.315263357872027e-07}, {""species"": ""Gymnocladus dioicus"", ""confidence"": 2.382362822572759e-07}, {""species"": ""Robinia pseudoacacia"", ""confidence"": 3.653471836173594e-08}]",True,True,Gleditsia triacanthos,0.75076048,"[{""species"": ""Gleditsia triacanthos"", ""confidence"": 0.7507604755237407}, {""species"": ""Acer rubrum"", ""confidence"": 0.06906088049218269}, {""species"": ""Pyrus calleryana"", ""confidence"": 0.05620517337670725}, {""species"": ""Zanthoxylum americanum"", ""confidence"": 0.042358997806132864}, {""species"": ""Acer negundo"", ""confidence"": 0.01489066450403525}]",True,True,Gleditsia triacanthos,0.98,"[{""species"": ""Gleditsia triacanthos"", ""confidence"": 0.98}, {""species"": ""Zanthoxylum americanum"", ""confidence"": 0.08}, {""species"": ""Robinia pseudoacacia"", ""confidence"": 0.05}, {""species"": ""Ailanthus altissima"", ""confidence"": 0.02}, {""species"": ""Celtis occidentalis"", ""confidence"": 0.01}]",True,True,Gleditsia triacanthos,0.9,"[{""species"": ""Gleditsia triacanthos"", ""confidence"": 0.9}, {""species"": ""Robinia pseudoacacia"", ""confidence"": 0.7}, {""species"": ""Gymnocladus dioicus"", ""confidence"": 0.5}, {""species"": ""Zanthoxylum americanum"", ""confidence"": 0.4}, {""species"": ""Cercis canadensis"", ""confidence"": 0.3}]",True,True,honeylocust,Fabaceae,bark,of a medium tree or large branch,https://bioimages.vanderbilt.edu/tn/baskauf/tgltr--brmedium66182.jpg,https://bioimages.vanderbilt.edu/gq/baskauf/ggltr--brmedium66182.jpg,Steven J. Baskauf,http://creativecommons.org/licenses/by/4.0/,11,4,1111,1,True,True,True,all_four_correct
baskauf/66183,baskauf_66183.jpg,ind-baskauf/66180,inflorescence,Gleditsia triacanthos,Gleditsia triacanthos,0.99999666,"[{""species"": ""Gleditsia triacanthos"", ""confidence"": 0.9999966621398926}, {""species"": ""Zanthoxylum americanum"", ""confidence"": 2.5612800982344197e-06}, {""species"": ""Robinia pseudoacacia"", ""confidence"": 5.043459623266244e-07}, {""species"": ""Gymnocladus dioicus"", ""confidence"": 2.699569279229763e-07}, {""species"": ""Rhus copallinum"", ""confidence"": 6.348778835985058e-09}]",True,True,Gleditsia triacanthos,0.97175039,"[{""species"": ""Gleditsia triacanthos"", ""confidence"": 0.9717503891501729}, {""species"": ""Rhus glabra"", ""confidence"": 0.015919121960426424}, {""species"": ""Juglans nigra"", ""confidence"": 0.0030929440622838263}, {""species"": ""Robinia pseudoacacia"", ""confidence"": 0.0014368314472755126}, {""species"": ""Fraxinus americana"", ""confidence"": 0.0011134437460287925}]",True,True,Gleditsia triacanthos,0.99,"[{""species"": ""Gleditsia triacanthos"", ""confidence"": 0.99}, {""species"": ""Robinia pseudoacacia"", ""confidence"": 0.12}, {""species"": ""Zanthoxylum americanum"", ""confidence"": 0.08}, {""species"": ""Gymnocladus dioicus"", ""confidence"": 0.04}, {""species"": ""Ailanthus altissima"", ""confidence"": 0.02}]",True,True,Gleditsia triacanthos,0.8,"[{""species"": ""Gleditsia triacanthos"", ""confidence"": 0.8}, {""species"": ""Gymnocladus dioicus"", ""confidence"": 0.6}, {""species"": ""Robinia pseudoacacia"", ""confidence"": 0.5}, {""species"": ""Ailanthus altissima"", ""confidence"": 0.3}, {""species"": ""Cercis canadensis"", ""confidence"": 0.2}]",True,True,honeylocust,Fabaceae,inflorescence,whole - male,https://bioimages.vanderbilt.edu/tn/baskauf/tgltr--flmale-distant66183.jpg,https://bioimages.vanderbilt.edu/gq/baskauf/ggltr--flmale-distant66183.jpg,Steven J. Baskauf,http://creativecommons.org/licenses/by/4.0/,11,4,1111,1,True,True,True,all_four_correct
baskauf/66184,baskauf_66184.jpg,ind-baskauf/66180,inflorescence,Gleditsia triacanthos,Gleditsia triacanthos,0.9999994,"[{""species"": ""Gleditsia triacanthos"", ""confidence"": 0.9999994039535522}, {""species"": ""Robinia pseudoacacia"", ""confidence"": 3.9278612007365155e-07}, {""species"": ""Gymnocladus dioicus"", ""confidence"": 2.1024325747021066e-07}, {""species"": ""Zanthoxylum americanum"", ""confidence"": 5.315782303227934e-08}, {""species"": ""Salix nigra"", ""confidence"": 3.1608796136062267e-10}]",True,True,Gleditsia triacanthos,0.87268755,"[{""species"": ""Gleditsia triacanthos"", ""confidence"": 0.872687554058923}, {""species"": ""Rhus glabra"", ""confidence"": 0.09277371787222949}, {""species"": ""Sambucus racemosa"", ""confidence"": 0.006498690534887984}, {""species"": ""Fraxinus americana"", ""confidence"": 0.005625535637129536}, {""species"": ""Ailanthus altissima"", ""confidence"": 0.002679700868866594}]",True,True,Juglans nigra,0.62,"[{""species"": ""Juglans nigra"", ""confidence"": 0.62}, {""species"": ""Juglans cinerea"", ""confidence"": 0.18}, {""species"": ""Carya cordiformis"", ""confidence"": 0.1}, {""species"": ""Ailanthus altissima"", ""confidence"": 0.06}, {""species"": ""Fraxinus americana"", ""confidence"": 0.04}]",False,False,Gleditsia triacanthos,0.7,"[{""species"": ""Gleditsia triacanthos"", ""confidence"": 0.7}, {""species"": ""Gymnocladus dioicus"", ""confidence"": 0.6}, {""species"": ""Robinia pseudoacacia"", ""confidence"": 0.5}, {""species"": ""Cercis canadensis"", ""confidence"": 0.3}, {""species"": ""Ailanthus altissima"", ""confidence"": 0.2}]",True,True,honeylocust,Fabaceae,inflorescence,whole - male,https://bioimages.vanderbilt.edu/tn/baskauf/tgltr--flmale-inflor66184.jpg,https://bioimages.vanderbilt.edu/gq/baskauf/ggltr--flmale-inflor66184.jpg,Steven J. Baskauf,http://creativecommons.org/licenses/by/4.0/,11,3,1101,2,False,True,False,
baskauf/66185,baskauf_66185.jpg,ind-baskauf/66180,inflorescence,Gleditsia triacanthos,Gleditsia triacanthos,0.99999857,"[{""species"": ""Gleditsia triacanthos"", ""confidence"": 0.9999985694885254}, {""species"": ""Gymnocladus dioicus"", ""confidence"": 7.338205136875331e-07}, {""species"": ""Robinia pseudoacacia"", ""confidence"": 4.450845949577342e-07}, {""species"": ""Zanthoxylum americanum"", ""confidence"": 2.3823662331778905e-07}, {""species"": ""Rhus copallinum"", ""confidence"": 2.6465700742051013e-09}]",True,True,Rhus glabra,0.38372584,"[{""species"": ""Rhus glabra"", ""confidence"": 0.3837258375142508}, {""species"": ""Gleditsia triacanthos"", ""confidence"": 0.29601476242740304}, {""species"": ""Sambucus racemosa"", ""confidence"": 0.1786014157499005}, {""species"": ""Ailanthus altissima"", ""confidence"": 0.02215067581837379}, {""species"": ""Fraxinus americana"", ""confidence"": 0.017801384082722034}]",False,True,Gleditsia triacanthos,0.84,"[{""species"": ""Gleditsia triacanthos"", ""confidence"": 0.84}, {""species"": ""Gymnocladus dioicus"", ""confidence"": 0.36}, {""species"": ""Ailanthus altissima"", ""confidence"": 0.21}, {""species"": ""Juglans nigra"", ""confidence"": 0.12}, {""species"": ""Rhus glabra"", ""confidence"": 0.08}]",True,True,Gleditsia triacanthos,0.7,"[{""species"": ""Gleditsia triacanthos"", ""confidence"": 0.7}, {""species"": ""Gymnocladus dioicus"", ""confidence"": 0.6}, {""species"": ""Robinia pseudoacacia"", ""confidence"": 0.5}, {""species"": ""Cercis canadensis"", ""confidence"": 0.4}, {""species"": ""Fraxinus americana"", ""confidence"": 0.3}]",True,True,honeylocust,Fabaceae,inflorescence,frontal view of flower,https://bioimages.vanderbilt.edu/tn/baskauf/tgltr--flmale-front66185.jpg,https://bioimages.vanderbilt.edu/gq/baskauf/ggltr--flmale-front66185.jpg,Steven J. Baskauf,http://creativecommons.org/licenses/by/4.0/,11,3,1011,2,False,False,True,embedding_disagreement
baskauf/66187,baskauf_66187.jpg,ind-baskauf/66180,inflorescence,Gleditsia triacanthos,Gleditsia triacanthos,0.99979573,"[{""species"": ""Gleditsia triacanthos"", ""confidence"": 0.9997957348823547}, {""species"": ""Zanthoxylum americanum"", ""confidence"": 0.00020342681091278791}, {""species"": ""Robinia pseudoacacia"", ""confidence"": 6.474629685726541e-07}, {""species"": ""Salix nigra"", ""confidence"": 1.2749300992709323e-07}, {""species"": ""Gymnocladus dioicus"", ""confidence"": 8.762457781585908e-08}]",True,True,Gleditsia triacanthos,0.23086144,"[{""species"": ""Gleditsia triacanthos"", ""confidence"": 0.2308614355147611}, {""species"": ""Aesculus glabra"", ""confidence"": 0.10789482790464881}, {""species"": ""Toxicodendron radicans"", ""confidence"": 0.09124618012477821}, {""species"": ""Rhus glabra"", ""confidence"": 0.08256616686287589}, {""species"": ""Fraxinus americana"", ""confidence"": 0.0660979109405039}]",True,True,Prunus serotina,0.52,"[{""species"": ""Prunus serotina"", ""confidence"": 0.52}, {""species"": ""Prunus virginiana"", ""confidence"": 0.18}, {""species"": ""Amelanchier arborea"", ""confidence"": 0.11}, {""species"": ""Castanea dentata"", ""confidence"": 0.08}, {""species"": ""Salix nigra"", ""confidence"": 0.05}]",False,False,Gleditsia triacanthos,0.7,"[{""species"": ""Gleditsia triacanthos"", ""confidence"": 0.7}, {""species"": ""Gymnocladus dioicus"", ""confidence"": 0.5}, {""species"": ""Robinia pseudoacacia"", ""confidence"": 0.4}, {""species"": ""Cercis canadensis"", ""confidence"": 0.3}, {""species"": ""Zanthoxylum americanum"", ""confidence"": 0.2}]",True,True,honeylocust,Fabaceae,inflorescence,lateral view of flower,https://bioimages.vanderbilt.edu/tn/baskauf/tgltr--flmale-side66187.jpg,https://bioimages.vanderbilt.edu/gq/baskauf/ggltr--flmale-side66187.jpg,Steven J. Baskauf,http://creativecommons.org/licenses/by/4.0/,11,3,1101,2,False,True,False,
baskauf/66188,baskauf_66188.jpg,ind-baskauf/66180,inflorescence,Gleditsia triacanthos,Gleditsia triacanthos,0.99999058,"[{""species"": ""Gleditsia triacanthos"", ""confidence"": 0.9999905824661255}, {""species"": ""Zanthoxylum americanum"", ""confidence"": 8.939691724663135e-06}, {""species"": ""Robinia pseudoacacia"", ""confidence"": 3.9278265262510104e-07}, {""species"": ""Gymnocladus dioicus"", ""confidence"": 6.825539600185948e-08}, {""species"": ""Ginkgo biloba"", ""confidence"": 5.211363562906968e-10}]",True,True,Gleditsia triacanthos,0.94058116,"[{""species"": ""Gleditsia triacanthos"", ""confidence"": 0.9405811590978292}, {""species"": ""Rhus glabra"", ""confidence"": 0.011836239629508635}, {""species"": ""Robinia pseudoacacia"", ""confidence"": 0.00900160170498581}, {""species"": ""Ailanthus altissima"", ""confidence"": 0.004999564684122666}, {""species"": ""Betula alleghaniensis"", ""confidence"": 0.004042930777767786}]",True,True,Gleditsia triacanthos,0.88,"[{""species"": ""Gleditsia triacanthos"", ""confidence"": 0.88}, {""species"": ""Zanthoxylum americanum"", ""confidence"": 0.32}, {""species"": ""Gymnocladus dioicus"", ""confidence"": 0.15}, {""species"": ""Ailanthus altissima"", ""confidence"": 0.1}, {""species"": ""Juglans nigra"", ""confidence"": 0.07}]",True,True,Gleditsia triacanthos,0.7,"[{""species"": ""Gleditsia triacanthos"", ""confidence"": 0.7}, {""species"": ""Gymnocladus dioicus"", ""confidence"": 0.6}, {""species"": ""Robinia pseudoacacia"", ""confidence"": 0.5}, {""species"": ""Cercis canadensis"", ""confidence"": 0.3}, {""species"": ""Ailanthus altissima"", ""confidence"": 0.2}]",True,True,honeylocust,Fabaceae,inflorescence,frontal view of flower,https://bioimages.vanderbilt.edu/tn/baskauf/tgltr--flmale-front66188.jpg,https://bioimages.vanderbilt.edu/gq/baskauf/ggltr--flmale-front66188.jpg,Steven J. Baskauf,http://creativecommons.org/licenses/by/4.0/,11,4,1111,1,True,True,True,all_four_correct
baskauf/66190,baskauf_66190.jpg,ind-baskauf/66180,twig,Gleditsia triacanthos,Gleditsia triacanthos,0.99997735,"[{""species"": ""Gleditsia triacanthos"", ""confidence"": 0.9999773502349854}, {""species"": ""Zanthoxylum americanum"", ""confidence"": 2.1444922822411172e-05}, {""species"": ""Gymnocladus dioicus"", ""confidence"": 1.0676798183339997e-06}, {""species"": ""Robinia pseudoacacia"", ""confidence"": 1.27516173620279e-07}, {""species"": ""Rhus copallinum"", ""confidence"": 2.8452703304537863e-08}]",True,True,Gleditsia triacanthos,0.98569808,"[{""species"": ""Gleditsia triacanthos"", ""confidence"": 0.9856980836961626}, {""species"": ""Sambucus racemosa"", ""confidence"": 0.0034982862819175307}, {""species"": ""Robinia pseudoacacia"", ""confidence"": 0.0015729531294057955}, {""species"": ""Salix nigra"", ""confidence"": 0.0015197181044823856}, {""species"": ""Sorbus americana"", ""confidence"": 0.0014277807785413202}]",True,True,Gleditsia triacanthos,0.99,"[{""species"": ""Gleditsia triacanthos"", ""confidence"": 0.99}, {""species"": ""Zanthoxylum americanum"", ""confidence"": 0.18}, {""species"": ""Robinia pseudoacacia"", ""confidence"": 0.08}, {""species"": ""Gymnocladus dioicus"", ""confidence"": 0.03}, {""species"": ""Ailanthus altissima"", ""confidence"": 0.01}]",True,True,Gleditsia triacanthos,0.8,"[{""species"": ""Gleditsia triacanthos"", ""confidence"": 0.8}, {""species"": ""Robinia pseudoacacia"", ""confidence"": 0.7}, {""species"": ""Gymnocladus dioicus"", ""confidence"": 0.6}, {""species"": ""Zanthoxylum americanum"", ""confidence"": 0.5}, {""species"": ""Cercis canadensis"", ""confidence"": 0.4}]",True,True,honeylocust,Fabaceae,twig,orientation of petioles,https://bioimages.vanderbilt.edu/tn/baskauf/tgltr--twthorn66190.jpg,https://bioimages.vanderbilt.edu/gq/baskauf/ggltr--twthorn66190.jpg,Steven J. Baskauf,http://creativecommons.org/licenses/by/4.0/,11,4,1111,1,True,True,True,all_four_correct
baskauf/66191,baskauf_66191.jpg,ind-baskauf/66180,inflorescence,Gleditsia triacanthos,Gleditsia triacanthos,0.99994648,"[{""species"": ""Gleditsia triacanthos"", ""confidence"": 0.9999464750289917}, {""species"": ""Zanthoxylum americanum"", ""confidence"": 4.5397500798571855e-05}, {""species"": ""Gymnocladus dioicus"", ""confidence"": 6.961932285776129e-06}, {""species"": ""Robinia pseudoacacia"", ""confidence"": 1.0676468491510605e-06}, {""species"": ""Rhus copallinum"", ""confidence"": 6.825238330065986e-08}]",True,True,Gleditsia triacanthos,0.94900217,"[{""species"": ""Gleditsia triacanthos"", ""confidence"": 0.9490021708863376}, {""species"": ""Rhus glabra"", ""confidence"": 0.03289340888573487}, {""species"": ""Juglans nigra"", ""confidence"": 0.0025161364431929207}, {""species"": ""Ailanthus altissima"", ""confidence"": 0.0024750008966312725}, {""species"": ""Sorbus americana"", ""confidence"": 0.0018234308402217026}]",True,True,Gleditsia triacanthos,0.98,"[{""species"": ""Gleditsia triacanthos"", ""confidence"": 0.98}, {""species"": ""Robinia pseudoacacia"", ""confidence"": 0.18}, {""species"": ""Gymnocladus dioicus"", ""confidence"": 0.08}, {""species"": ""Ailanthus altissima"", ""confidence"": 0.05}, {""species"": ""Zanthoxylum americanum"", ""confidence"": 0.03}]",True,True,Gleditsia triacanthos,0.8,"[{""species"": ""Gleditsia triacanthos"", ""confidence"": 0.8}, {""species"": ""Gymnocladus dioicus"", ""confidence"": 0.6}, {""species"": ""Robinia pseudoacacia"", ""confidence"": 0.5}, {""species"": ""Cercis canadensis"", ""confidence"": 0.3}, {""species"": ""Ailanthus altissima"", ""confidence"": 0.2}]",True,True,honeylocust,Fabaceae,inflorescence,whole - male,https://bioimages.vanderbilt.edu/tn/baskauf/tgltr--flmale-distant66191.jpg,https://bioimages.vanderbilt.edu/gq/baskauf/ggltr--flmale-distant66191.jpg,Steven J. Baskauf,http://creativecommons.org/licenses/by/4.0/,11,4,1111,1,True,True,True,all_four_correct
baskauf/66192,baskauf_66192.jpg,ind-baskauf/66180,inflorescence,Gleditsia triacanthos,Gleditsia triacanthos,0.93984699,"[{""species"": ""Gleditsia triacanthos"", ""confidence"": 0.9398469924926758}, {""species"": ""Zanthoxylum americanum"", ""confidence"": 0.06008240580558777}, {""species"": ""Gymnocladus dioicus"", ""confidence"": 5.4788062698207796e-05}, {""species"": ""Ginkgo biloba"", ""confidence"": 7.414757874357747e-06}, {""species"": ""Carya ovata"", ""confidence"": 5.096083441458177e-06}]",True,True,Gleditsia triacanthos,0.89626863,"[{""species"": ""Gleditsia triacanthos"", ""confidence"": 0.8962686314613725}, {""species"": ""Rhus glabra"", ""confidence"": 0.02065053216091618}, {""species"": ""Sambucus racemosa"", ""confidence"": 0.02013507852825058}, {""species"": ""Fraxinus americana"", ""confidence"": 0.009722170302164336}, {""species"": ""Zanthoxylum americanum"", ""confidence"": 0.0058313408510670016}]",True,True,Prunus virginiana,0.42,"[{""species"": ""Prunus virginiana"", ""confidence"": 0.42}, {""species"": ""Prunus serotina"", ""confidence"": 0.31}, {""species"": ""Castanea dentata"", ""confidence"": 0.13}, {""species"": ""Salix nigra"", ""confidence"": 0.08}, {""species"": ""Cephalanthus occidentalis"", ""confidence"": 0.03}]",False,False,Zanthoxylum americanum,0.7,"[{""species"": ""Zanthoxylum americanum"", ""confidence"": 0.7}, {""species"": ""Gleditsia triacanthos"", ""confidence"": 0.5}, {""species"": ""Gymnocladus dioicus"", ""confidence"": 0.4}, {""species"": ""Robinia pseudoacacia"", ""confidence"": 0.3}, {""species"": ""Cercis canadensis"", ""confidence"": 0.2}]",False,True,honeylocust,Fabaceae,inflorescence,whole - male,https://bioimages.vanderbilt.edu/tn/baskauf/tgltr--flmale66192.jpg,https://bioimages.vanderbilt.edu/gq/baskauf/ggltr--flmale66192.jpg,Steven J. Baskauf,http://creativecommons.org/licenses/by/4.0/,11,2,1100,3,False,True,False,
kaufmannm/ke064,kaufmannm_ke064.jpg,ind-kaufmannm/ke064,whole tree (or vine),Populus tremuloides,Populus tremuloides,1.0,"[{""species"": ""Populus tremuloides"", ""confidence"": 1.0}, {""species"": ""Populus deltoides"", ""confidence"": 6.348800152267131e-09}, {""species"": ""Fraxinus quadrangulata"", ""confidence"": 7.99195987166712e-11}, {""species"": ""Picea rubens"", ""confidence"": 4.2777878461741636e-11}, {""species"": ""Acer saccharum"", ""confidence"": 3.3315444153414475e-11}]",True,True,Populus tremuloides,0.8722459,"[{""species"": ""Populus tremuloides"", ""confidence"": 0.87224590474631}, {""species"": ""Pyrus calleryana"", ""confidence"": 0.04381488376542662}, {""species"": ""Prunus serotina"", ""confidence"": 0.010180269582481841}, {""species"": ""Sambucus racemosa"", ""confidence"": 0.009475280481953095}, {""species"": ""Castanea dentata"", ""confidence"": 0.005386959542160294}]",True,True,Populus tremuloides,0.79,"[{""species"": ""Populus tremuloides"", ""confidence"": 0.79}, {""species"": ""Populus grandidentata"", ""confidence"": 0.34}, {""species"": ""Picea glauca"", ""confidence"": 0.27}, {""species"": ""Betula papyrifera"", ""confidence"": 0.22}, {""species"": ""Picea mariana"", ""confidence"": 0.18}]",True,True,Populus tremuloides,0.8,"[{""species"": ""Populus tremuloides"", ""confidence"": 0.8}, {""species"": ""Populus grandidentata"", ""confidence"": 0.7}, {""species"": ""Populus deltoides"", ""confidence"": 0.6}, {""species"": ""Betula papyrifera"", ""confidence"": 0.4}, {""species"": ""Betula lenta"", ""confidence"": 0.3}]",True,True,quaking aspen,Salicaceae,whole tree (or vine),general,https://bioimages.vanderbilt.edu/tn/kaufmannm/tpotr5-wpfall-color-mke064.jpg,https://bioimages.vanderbilt.edu/gq/kaufmannm/gpotr5-wpfall-color-mke064.jpg,Maurice J. Kaufmann,http://creativecommons.org/licenses/by-nc-sa/4.0/,1,4,1111,1,True,True,True,all_four_correct
kirchoff/em2338,kirchoff_em2338.jpg,ind-kirchoff/mason19,whole tree (or vine),Quercus palustris,Quercus palustris,0.99994934,"[{""species"": ""Quercus palustris"", ""confidence"": 0.9999493360519409}, {""species"": ""Quercus rubra"", ""confidence"": 2.1444322555908002e-05}, {""species"": ""Quercus bicolor"", ""confidence"": 1.6700854757800698e-05}, {""species"": ""Quercus macrocarpa"", ""confidence"": 7.888925210863817e-06}, {""species"": ""Quercus muehlenbergii"", ""confidence"": 3.726464456121903e-06}]",True,True,Quercus palustris,0.49648021,"[{""species"": ""Quercus palustris"", ""confidence"": 0.4964802076689665}, {""species"": ""Fagus grandifolia"", ""confidence"": 0.3045228269120735}, {""species"": ""Quercus alba"", ""confidence"": 0.12853130962445586}, {""species"": ""Fraxinus pennsylvanica"", ""confidence"": 0.011369597357536655}, {""species"": ""Celtis occidentalis"", ""confidence"": 0.01047736152663837}]",True,True,Gleditsia triacanthos,0.42,"[{""species"": ""Gleditsia triacanthos"", ""confidence"": 0.42}, {""species"": ""Fraxinus americana"", ""confidence"": 0.24}, {""species"": ""Gymnocladus dioicus"", ""confidence"": 0.14}, {""species"": ""Ailanthus altissima"", ""confidence"": 0.11}, {""species"": ""Juglans nigra"", ""confidence"": 0.08}]",False,False,Quercus alba,0.7,"[{""species"": ""Quercus alba"", ""confidence"": 0.7}, {""species"": ""Quercus rubra"", ""confidence"": 0.6}, {""species"": ""Quercus bicolor"", ""confidence"": 0.5}, {""species"": ""Quercus macrocarpa"", ""confidence"": 0.4}, {""species"": ""Quercus muehlenbergii"", ""confidence"": 0.3}]",False,False,pin oak,Fagaceae,whole tree (or vine),general,https://bioimages.vanderbilt.edu/tn/kirchoff/tem2338.jpg,https://bioimages.vanderbilt.edu/gq/kirchoff/gem2338.jpg,Emily C. Mason,http://creativecommons.org/licenses/by/4.0/,16,2,1100,3,False,True,False,
kirchoff/em2339,kirchoff_em2339.jpg,ind-kirchoff/mason19,bark,Quercus palustris,Quercus palustris,0.9998405,"[{""species"": ""Quercus palustris"", ""confidence"": 0.999840497970581}, {""species"": ""Quercus rubra"", ""confidence"": 0.00015843604342080653}, {""species"": ""Quercus alba"", ""confidence"": 5.042672341915022e-07}, {""species"": ""Quercus muehlenbergii"", ""confidence"": 3.4657747960409324e-07}, {""species"": ""Quercus bicolor"", ""confidence"": 1.4447498131175962e-07}]",True,True,Quercus palustris,0.96185306,"[{""species"": ""Quercus palustris"", ""confidence"": 0.9618530599529015}, {""species"": ""Quercus rubra"", ""confidence"": 0.02849804029587118}, {""species"": ""Quercus macrocarpa"", ""confidence"": 0.0031865496470830784}, {""species"": ""Quercus alba"", ""confidence"": 0.000730996091339369}, {""species"": ""Ginkgo biloba"", ""confidence"": 0.0006599391937626814}]",True,True,Tilia americana,0.42,"[{""species"": ""Tilia americana"", ""confidence"": 0.42}, {""species"": ""Acer saccharum"", ""confidence"": 0.26}, {""species"": ""Fraxinus americana"", ""confidence"": 0.18}, {""species"": ""Ulmus americana"", ""confidence"": 0.11}, {""species"": ""Quercus rubra"", ""confidence"": 0.08}]",False,False,Quercus alba,0.7,"[{""species"": ""Quercus alba"", ""confidence"": 0.7}, {""species"": ""Quercus rubra"", ""confidence"": 0.6}, {""species"": ""Quercus velutina"", ""confidence"": 0.5}, {""species"": ""Quercus bicolor"", ""confidence"": 0.4}, {""species"": ""Quercus macrocarpa"", ""confidence"": 0.3}]",False,False,pin oak,Fagaceae,bark,of a large tree,https://bioimages.vanderbilt.edu/tn/kirchoff/tem2339.jpg,https://bioimages.vanderbilt.edu/gq/kirchoff/gem2339.jpg,Emily C. Mason,http://creativecommons.org/licenses/by/4.0/,16,2,1100,3,False,True,False,
kirchoff/em2341,kirchoff_em2341.jpg,ind-kirchoff/mason19,leaf,Quercus palustris,Quercus palustris,0.99999249,"[{""species"": ""Quercus palustris"", ""confidence"": 0.9999924898147583}, {""species"": ""Quercus rubra"", ""confidence"": 5.422207323135808e-06}, {""species"": ""Quercus muehlenbergii"", ""confidence"": 1.9947187865909655e-06}, {""species"": ""Quercus bicolor"", ""confidence"": 1.2751810629652027e-07}, {""species"": ""Quercus alba"", ""confidence"": 4.1399065509040156e-08}]",True,True,Quercus palustris,0.97282013,"[{""species"": ""Quercus palustris"", ""confidence"": 0.9728201265570559}, {""species"": ""Quercus rubra"", ""confidence"": 0.02595710214697362}, {""species"": ""Platanus occidentalis"", ""confidence"": 0.0003278476627159498}, {""species"": ""Fagus grandifolia"", ""confidence"": 0.0001933639984302336}, {""species"": ""Acer saccharum"", ""confidence"": 0.00014408693379200203}]",True,True,Quercus palustris,0.7,"[{""species"": ""Quercus palustris"", ""confidence"": 0.7}, {""species"": ""Quercus velutina"", ""confidence"": 0.45}, {""species"": ""Quercus rubra"", ""confidence"": 0.26}, {""species"": ""Quercus alba"", ""confidence"": 0.08}, {""species"": ""Quercus macrocarpa"", ""confidence"": 0.04}]",True,True,Quercus rubra,0.8,"[{""species"": ""Quercus rubra"", ""confidence"": 0.8}, {""species"": ""Quercus palustris"", ""confidence"": 0.7}, {""species"": ""Quercus velutina"", ""confidence"": 0.6}, {""species"": ""Quercus alba"", ""confidence"": 0.5}, {""species"": ""Quercus bicolor"", ""confidence"": 0.4}]",False,True,pin oak,Fagaceae,leaf,showing orientation on twig,https://bioimages.vanderbilt.edu/tn/kirchoff/tem2341.jpg,https://bioimages.vanderbilt.edu/gq/kirchoff/gem2341.jpg,Emily C. Mason,http://creativecommons.org/licenses/by/4.0/,16,3,1110,2,False,True,False,
kirchoff/em2342,kirchoff_em2342.jpg,ind-kirchoff/mason19,leaf,Quercus palustris,Quercus palustris,0.99978083,"[{""species"": ""Quercus palustris"", ""confidence"": 0.9997808337211609}, {""species"": ""Quercus rubra"", ""confidence"": 0.00020342376956250519}, {""species"": ""Quercus bicolor"", ""confidence"": 7.887595529609825e-06}, {""species"": ""Quercus muehlenbergii"", ""confidence"": 6.96077859174693e-06}, {""species"": ""Quercus alba"", ""confidence"": 8.313464832099271e-07}]",True,True,Quercus palustris,0.86929251,"[{""species"": ""Quercus palustris"", ""confidence"": 0.8692925051531306}, {""species"": ""Quercus rubra"", ""confidence"": 0.12676545622928737}, {""species"": ""Platanus occidentalis"", ""confidence"": 0.0016017655954416873}, {""species"": ""Acer saccharum"", ""confidence"": 0.0006221424607826007}, {""species"": ""Nyssa sylvatica"", ""confidence"": 0.00027852908964816255}]",True,True,Quercus palustris,0.8,"[{""species"": ""Quercus palustris"", ""confidence"": 0.8}, {""species"": ""Quercus velutina"", ""confidence"": 0.5}, {""species"": ""Quercus rubra"", ""confidence"": 0.28}, {""species"": ""Quercus alba"", ""confidence"": 0.04}, {""species"": ""Quercus bicolor"", ""confidence"": 0.03}]",True,True,Quercus alba,0.8,"[{""species"": ""Quercus alba"", ""confidence"": 0.8}, {""species"": ""Quercus rubra"", ""confidence"": 0.7}, {""species"": ""Quercus bicolor"", ""confidence"": 0.6}, {""species"": ""Quercus macrocarpa"", ""confidence"": 0.5}, {""species"": ""Quercus velutina"", ""confidence"": 0.4}]",False,False,pin oak,Fagaceae,leaf,showing orientation on twig,https://bioimages.vanderbilt.edu/tn/kirchoff/tem2342.jpg,https://bioimages.vanderbilt.edu/gq/kirchoff/gem2342.jpg,Emily C. Mason,http://creativecommons.org/licenses/by/4.0/,16,3,1110,2,False,True,False,
kirchoff/em2343,kirchoff_em2343.jpg,ind-kirchoff/mason19,leaf,Quercus palustris,Quercus palustris,0.99987435,"[{""species"": ""Quercus palustris"", ""confidence"": 0.9998743534088135}, {""species"": ""Quercus rubra"", ""confidence"": 0.00012339430395513773}, {""species"": ""Quercus muehlenbergii"", ""confidence"": 1.9944832274632063e-06}, {""species"": ""Quercus bicolor"", ""confidence"": 1.8551584446413472e-07}, {""species"": ""Quercus alba"", ""confidence"": 2.5106835721544485e-08}]",True,True,Quercus palustris,0.60389985,"[{""species"": ""Quercus palustris"", ""confidence"": 0.6038998549059689}, {""species"": ""Quercus rubra"", ""confidence"": 0.3797536926558175}, {""species"": ""Platanus occidentalis"", ""confidence"": 0.010277412351063478}, {""species"": ""Acer saccharum"", ""confidence"": 0.0037384367005384536}, {""species"": ""Quercus muehlenbergii"", ""confidence"": 0.0004087158789499381}]",True,True,Quercus palustris,0.8,"[{""species"": ""Quercus palustris"", ""confidence"": 0.8}, {""species"": ""Quercus velutina"", ""confidence"": 0.48}, {""species"": ""Quercus rubra"", ""confidence"": 0.31}, {""species"": ""Quercus bicolor"", ""confidence"": 0.07}, {""species"": ""Quercus alba"", ""confidence"": 0.03}]",True,True,Quercus rubra,0.8,"[{""species"": ""Quercus rubra"", ""confidence"": 0.8}, {""species"": ""Quercus velutina"", ""confidence"": 0.7}, {""species"": ""Quercus palustris"", ""confidence"": 0.6}, {""species"": ""Quercus alba"", ""confidence"": 0.5}, {""species"": ""Quercus bicolor"", ""confidence"": 0.4}]",False,True,pin oak,Fagaceae,leaf,showing orientation on twig,https://bioimages.vanderbilt.edu/tn/kirchoff/tem2343.jpg,https://bioimages.vanderbilt.edu/gq/kirchoff/gem2343.jpg,Emily C. Mason,http://creativecommons.org/licenses/by/4.0/,16,3,1110,2,False,True,False,
kirchoff/em2344,kirchoff_em2344.jpg,ind-kirchoff/mason19,twig,Quercus palustris,Quercus palustris,0.99846268,"[{""species"": ""Quercus palustris"", ""confidence"": 0.9984626770019531}, {""species"": ""Quercus rubra"", ""confidence"": 0.0015011278446763754}, {""species"": ""Quercus muehlenbergii"", ""confidence"": 2.74941176030552e-05}, {""species"": ""Quercus bicolor"", ""confidence"": 7.877195457695052e-06}, {""species"": ""Quercus macrocarpa"", ""confidence"": 3.921824998087686e-07}]",True,True,Quercus rubra,0.69175399,"[{""species"": ""Quercus rubra"", ""confidence"": 0.6917539912954173}, {""species"": ""Quercus palustris"", ""confidence"": 0.2776141742038916}, {""species"": ""Quercus alba"", ""confidence"": 0.009053944826484403}, {""species"": ""Ginkgo biloba"", ""confidence"": 0.0032444369796936893}, {""species"": ""Quercus macrocarpa"", ""confidence"": 0.0026880527698481546}]",False,True,Acer saccharinum,0.95,"[{""species"": ""Acer saccharinum"", ""confidence"": 0.95}, {""species"": ""Acer rubrum"", ""confidence"": 0.28}, {""species"": ""Acer platanoides"", ""confidence"": 0.14}, {""species"": ""Acer saccharum"", ""confidence"": 0.08}, {""species"": ""Acer nigrum"", ""confidence"": 0.04}]",False,False,Quercus alba,0.8,"[{""species"": ""Quercus alba"", ""confidence"": 0.8}, {""species"": ""Quercus bicolor"", ""confidence"": 0.7}, {""species"": ""Quercus macrocarpa"", ""confidence"": 0.6}, {""species"": ""Quercus rubra"", ""confidence"": 0.5}, {""species"": ""Quercus muehlenbergii"", ""confidence"": 0.4}]",False,False,pin oak,Fagaceae,twig,orientation of petioles,https://bioimages.vanderbilt.edu/tn/kirchoff/tem2344.jpg,https://bioimages.vanderbilt.edu/gq/kirchoff/gem2344.jpg,Emily C. Mason,http://creativecommons.org/licenses/by/4.0/,16,1,1000,4,False,False,False,bioclip_only_correct|embedding_disagreement
kirchoff/em2347,kirchoff_em2347.jpg,ind-kirchoff/mason19,fruit,Quercus palustris,Quercus palustris,0.99999774,"[{""species"": ""Quercus palustris"", ""confidence"": 0.9999977350234985}, {""species"": ""Quercus muehlenbergii"", ""confidence"": 1.3709560562347178e-06}, {""species"": ""Quercus rubra"", ""confidence"": 8.315268473779724e-07}, {""species"": ""Quercus bicolor"", ""confidence"": 8.152001740313608e-09}, {""species"": ""Quercus alba"", ""confidence"": 8.592147549002505e-10}]",True,True,Quercus palustris,0.96146411,"[{""species"": ""Quercus palustris"", ""confidence"": 0.9614641145954904}, {""species"": ""Quercus alba"", ""confidence"": 0.0144924901310021}, {""species"": ""Juglans nigra"", ""confidence"": 0.006251988706473482}, {""species"": ""Pyrus calleryana"", ""confidence"": 0.004313205465604034}, {""species"": ""Prunus serotina"", ""confidence"": 0.0016751628338131702}]",True,True,Quercus alba,0.66,"[{""species"": ""Quercus alba"", ""confidence"": 0.66}, {""species"": ""Quercus bicolor"", ""confidence"": 0.21}, {""species"": ""Quercus muehlenbergii"", ""confidence"": 0.17}, {""species"": ""Quercus palustris"", ""confidence"": 0.11}, {""species"": ""Quercus velutina"", ""confidence"": 0.08}]",False,True,Quercus alba,0.8,"[{""species"": ""Quercus alba"", ""confidence"": 0.8}, {""species"": ""Quercus bicolor"", ""confidence"": 0.7}, {""species"": ""Quercus macrocarpa"", ""confidence"": 0.6}, {""species"": ""Quercus muehlenbergii"", ""confidence"": 0.5}, {""species"": ""Quercus rubra"", ""confidence"": 0.4}]",False,False,pin oak,Fagaceae,fruit,as borne on the plant,https://bioimages.vanderbilt.edu/tn/kirchoff/tem2347.jpg,https://bioimages.vanderbilt.edu/gq/kirchoff/gem2347.jpg,Emily C. Mason,http://creativecommons.org/licenses/by/4.0/,16,2,1100,2,False,True,True,vlm_embedding_consensus_conflict
kirchoff/em2348,kirchoff_em2348.jpg,ind-kirchoff/mason19,fruit,Quercus palustris,Quercus palustris,0.99999833,"[{""species"": ""Quercus palustris"", ""confidence"": 0.9999983310699463}, {""species"": ""Quercus rubra"", ""confidence"": 1.0677022146410309e-06}, {""species"": ""Quercus muehlenbergii"", ""confidence"": 5.714998110306624e-07}, {""species"": ""Quercus bicolor"", ""confidence"": 7.734409024351407e-08}, {""species"": ""Quercus macrocarpa"", ""confidence"": 3.3982621161499083e-09}]",True,True,Quercus palustris,0.97842567,"[{""species"": ""Quercus palustris"", ""confidence"": 0.9784256742790534}, {""species"": ""Quercus rubra"", ""confidence"": 0.008522673214754485}, {""species"": ""Pyrus calleryana"", ""confidence"": 0.002020100438903576}, {""species"": ""Juglans nigra"", ""confidence"": 0.0019013316714547562}, {""species"": ""Fagus grandifolia"", ""confidence"": 0.0012445258963277397}]",True,True,Quercus alba,0.46,"[{""species"": ""Quercus alba"", ""confidence"": 0.46}, {""species"": ""Quercus bicolor"", ""confidence"": 0.24}, {""species"": ""Quercus muehlenbergii"", ""confidence"": 0.12}, {""species"": ""Quercus palustris"", ""confidence"": 0.09}, {""species"": ""Quercus velutina"", ""confidence"": 0.07}]",False,True,Quercus alba,0.8,"[{""species"": ""Quercus alba"", ""confidence"": 0.8}, {""species"": ""Quercus bicolor"", ""confidence"": 0.7}, {""species"": ""Quercus macrocarpa"", ""confidence"": 0.6}, {""species"": ""Quercus muehlenbergii"", ""confidence"": 0.5}, {""species"": ""Quercus rubra"", ""confidence"": 0.4}]",False,False,pin oak,Fagaceae,fruit,lateral or general close-up,https://bioimages.vanderbilt.edu/tn/kirchoff/tem2348.jpg,https://bioimages.vanderbilt.edu/gq/kirchoff/gem2348.jpg,Emily C. Mason,http://creativecommons.org/licenses/by/4.0/,16,2,1100,2,False,True,True,vlm_embedding_consensus_conflict
kirchoff/em2349,kirchoff_em2349.jpg,ind-kirchoff/mason19,fruit,Quercus palustris,Quercus palustris,0.99989343,"[{""species"": ""Quercus palustris"", ""confidence"": 0.9998934268951416}, {""species"": ""Quercus muehlenbergii"", ""confidence"": 9.610140841687098e-05}, {""species"": ""Quercus rubra"", ""confidence"": 1.0129013389814645e-05}, {""species"": ""Quercus bicolor"", ""confidence"": 3.058697188862425e-07}, {""species"": ""Quercus macrocarpa"", ""confidence"": 8.151151753565955e-09}]",True,True,Quercus palustris,0.88371894,"[{""species"": ""Quercus palustris"", ""confidence"": 0.8837189407585023}, {""species"": ""Quercus rubra"", ""confidence"": 0.040172017302809705}, {""species"": ""Pyrus calleryana"", ""confidence"": 0.0240841851096086}, {""species"": ""Nyssa sylvatica"", ""confidence"": 0.01739730394909515}, {""species"": ""Quercus muehlenbergii"", ""confidence"": 0.005917971272542014}]",True,True,Quercus palustris,0.62,"[{""species"": ""Quercus palustris"", ""confidence"": 0.62}, {""species"": ""Quercus rubra"", ""confidence"": 0.2}, {""species"": ""Quercus velutina"", ""confidence"": 0.09}, {""species"": ""Quercus alba"", ""confidence"": 0.05}, {""species"": ""Quercus bicolor"", ""confidence"": 0.03}]",True,True,Quercus alba,0.8,"[{""species"": ""Quercus alba"", ""confidence"": 0.8}, {""species"": ""Quercus bicolor"", ""confidence"": 0.7}, {""species"": ""Quercus macrocarpa"", ""confidence"": 0.6}, {""species"": ""Quercus muehlenbergii"", ""confidence"": 0.5}, {""species"": ""Quercus rubra"", ""confidence"": 0.4}]",False,False,pin oak,Fagaceae,fruit,as borne on the plant,https://bioimages.vanderbilt.edu/tn/kirchoff/tem2349.jpg,https://bioimages.vanderbilt.edu/gq/kirchoff/gem2349.jpg,Emily C. Mason,http://creativecommons.org/licenses/by/4.0/,16,3,1110,2,False,True,False,
kirchoff/em2350,kirchoff_em2350.jpg,ind-kirchoff/mason19,fruit,Quercus palustris,Quercus palustris,0.99996209,"[{""species"": ""Quercus palustris"", ""confidence"": 0.9999620914459229}, {""species"": ""Quercus rubra"", ""confidence"": 2.753540684352629e-05}, {""species"": ""Quercus muehlenbergii"", ""confidence"": 1.0129709153261501e-05}, {""species"": ""Quercus bicolor"", ""confidence"": 1.4449256013904233e-07}, {""species"": ""Quercus alba"", ""confidence"": 7.734128359970782e-08}]",True,True,Quercus palustris,0.85227883,"[{""species"": ""Quercus palustris"", ""confidence"": 0.8522788336870405}, {""species"": ""Quercus rubra"", ""confidence"": 0.0871742863545367}, {""species"": ""Quercus alba"", ""confidence"": 0.04042406385601869}, {""species"": ""Nyssa sylvatica"", ""confidence"": 0.0016498837251199064}, {""species"": ""Quercus bicolor"", ""confidence"": 0.0015749591066758109}]",True,True,Quercus alba,0.37,"[{""species"": ""Quercus alba"", ""confidence"": 0.37}, {""species"": ""Quercus bicolor"", ""confidence"": 0.24}, {""species"": ""Quercus muehlenbergii"", ""confidence"": 0.18}, {""species"": ""Quercus palustris"", ""confidence"": 0.11}, {""species"": ""Quercus rubra"", ""confidence"": 0.07}]",False,True,Quercus alba,0.8,"[{""species"": ""Quercus alba"", ""confidence"": 0.8}, {""species"": ""Quercus bicolor"", ""confidence"": 0.7}, {""species"": ""Quercus macrocarpa"", ""confidence"": 0.6}, {""species"": ""Quercus muehlenbergii"", ""confidence"": 0.5}, {""species"": ""Quercus rubra"", ""confidence"": 0.4}]",False,False,pin oak,Fagaceae,fruit,lateral or general close-up,https://bioimages.vanderbilt.edu/tn/kirchoff/tem2350.jpg,https://bioimages.vanderbilt.edu/gq/kirchoff/gem2350.jpg,Emily C. Mason,http://creativecommons.org/licenses/by/4.0/,16,2,1100,2,False,True,True,vlm_embedding_consensus_conflict
kirchoff/em2352,kirchoff_em2352.jpg,ind-kirchoff/mason19,leaf,Quercus palustris,Quercus palustris,0.9999994,"[{""species"": ""Quercus palustris"", ""confidence"": 0.9999994039535522}, {""species"": ""Quercus rubra"", ""confidence"": 5.04347383412096e-07}, {""species"": ""Quercus muehlenbergii"", ""confidence"": 6.825599285775752e-08}, {""species"": ""Quercus bicolor"", ""confidence"": 1.0467395838986704e-08}, {""species"": ""Quercus macrocarpa"", ""confidence"": 3.398265890908192e-09}]",True,True,Quercus palustris,0.85961527,"[{""species"": ""Quercus palustris"", ""confidence"": 0.8596152739275349}, {""species"": ""Quercus rubra"", ""confidence"": 0.13850170746894228}, {""species"": ""Quercus alba"", ""confidence"": 0.0005682467151802612}, {""species"": ""Platanus occidentalis"", ""confidence"": 0.0005653140202713516}, {""species"": ""Acer saccharum"", ""confidence"": 0.0001506338633409925}]",True,True,Quercus palustris,0.68,"[{""species"": ""Quercus palustris"", ""confidence"": 0.68}, {""species"": ""Quercus velutina"", ""confidence"": 0.2}, {""species"": ""Quercus rubra"", ""confidence"": 0.08}, {""species"": ""Quercus alba"", ""confidence"": 0.02}, {""species"": ""Quercus macrocarpa"", ""confidence"": 0.01}]",True,True,Quercus alba,0.8,"[{""species"": ""Quercus alba"", ""confidence"": 0.8}, {""species"": ""Quercus bicolor"", ""confidence"": 0.7}, {""species"": ""Quercus macrocarpa"", ""confidence"": 0.6}, {""species"": ""Quercus rubra"", ""confidence"": 0.5}, {""species"": ""Quercus muehlenbergii"", ""confidence"": 0.4}]",False,False,pin oak,Fagaceae,leaf,whole upper surface,https://bioimages.vanderbilt.edu/tn/kirchoff/tem2352.jpg,https://bioimages.vanderbilt.edu/gq/kirchoff/gem2352.jpg,Emily C. Mason,http://creativecommons.org/licenses/by/4.0/,16,3,1110,2,False,True,False,
kirchoff/em2353,kirchoff_em2353.jpg,ind-kirchoff/mason19,leaf,Quercus palustris,Quercus palustris,0.99911278,"[{""species"": ""Quercus palustris"", ""confidence"": 0.9991127848625183}, {""species"": ""Quercus rubra"", ""confidence"": 0.0007095443434081972}, {""species"": ""Quercus bicolor"", ""confidence"": 0.00013971756561659276}, {""species"": ""Quercus muehlenbergii"", ""confidence"": 3.532613118295558e-05}, {""species"": ""Quercus alba"", ""confidence"": 2.2583240024687257e-06}]",True,True,Quercus rubra,0.55896381,"[{""species"": ""Quercus rubra"", ""confidence"": 0.5589638147968524}, {""species"": ""Quercus palustris"", ""confidence"": 0.4280368746568598}, {""species"": ""Platanus occidentalis"", ""confidence"": 0.0045996912078753605}, {""species"": ""Quercus bicolor"", ""confidence"": 0.002534148882037332}, {""species"": ""Quercus alba"", ""confidence"": 0.0009147440109988293}]",False,True,Quercus palustris,0.73,"[{""species"": ""Quercus palustris"", ""confidence"": 0.73}, {""species"": ""Quercus velutina"", ""confidence"": 0.56}, {""species"": ""Quercus rubra"", ""confidence"": 0.35}, {""species"": ""Quercus bicolor"", ""confidence"": 0.09}, {""species"": ""Quercus alba"", ""confidence"": 0.04}]",True,True,Quercus rubra,0.8,"[{""species"": ""Quercus rubra"", ""confidence"": 0.8}, {""species"": ""Quercus velutina"", ""confidence"": 0.7}, {""species"": ""Quercus alba"", ""confidence"": 0.6}, {""species"": ""Quercus bicolor"", ""confidence"": 0.5}, {""species"": ""Quercus palustris"", ""confidence"": 0.4}]",False,True,pin oak,Fagaceae,leaf,whole upper surface,https://bioimages.vanderbilt.edu/tn/kirchoff/tem2353.jpg,https://bioimages.vanderbilt.edu/gq/kirchoff/gem2353.jpg,Emily C. Mason,http://creativecommons.org/licenses/by/4.0/,16,2,1010,2,False,False,False,embedding_disagreement
kirchoff/em2354,kirchoff_em2354.jpg,ind-kirchoff/mason19,leaf,Quercus palustris,Quercus palustris,0.99999332,"[{""species"": ""Quercus palustris"", ""confidence"": 0.9999933242797852}, {""species"": ""Quercus rubra"", ""confidence"": 6.144171493360773e-06}, {""species"": ""Quercus muehlenbergii"", ""confidence"": 5.043443138674775e-07}, {""species"": ""Quercus bicolor"", ""confidence"": 1.522987957969235e-08}, {""species"": ""Quercus macrocarpa"", ""confidence"": 9.23738863178869e-09}]",True,True,Quercus palustris,0.93624657,"[{""species"": ""Quercus palustris"", ""confidence"": 0.9362465651127209}, {""species"": ""Quercus rubra"", ""confidence"": 0.05803008372770861}, {""species"": ""Quercus alba"", ""confidence"": 0.0024985613459850282}, {""species"": ""Quercus macrocarpa"", ""confidence"": 0.0013048896996405875}, {""species"": ""Platanus occidentalis"", ""confidence"": 0.0010735845645506244}]",True,True,Quercus palustris,0.86,"[{""species"": ""Quercus palustris"", ""confidence"": 0.86}, {""species"": ""Quercus velutina"", ""confidence"": 0.48}, {""species"": ""Quercus rubra"", ""confidence"": 0.31}, {""species"": ""Quercus bicolor"", ""confidence"": 0.08}, {""species"": ""Quercus alba"", ""confidence"": 0.04}]",True,True,Quercus rubra,0.8,"[{""species"": ""Quercus rubra"", ""confidence"": 0.8}, {""species"": ""Quercus velutina"", ""confidence"": 0.7}, {""species"": ""Quercus alba"", ""confidence"": 0.6}, {""species"": ""Quercus palustris"", ""confidence"": 0.5}, {""species"": ""Quercus bicolor"", ""confidence"": 0.4}]",False,True,pin oak,Fagaceae,leaf,whole upper surface,https://bioimages.vanderbilt.edu/tn/kirchoff/tem2354.jpg,https://bioimages.vanderbilt.edu/gq/kirchoff/gem2354.jpg,Emily C. Mason,http://creativecommons.org/licenses/by/4.0/,16,3,1110,2,False,True,False,
kirchoff/em2355,kirchoff_em2355.jpg,ind-kirchoff/mason19,leaf,Quercus palustris,Quercus palustris,0.99999034,"[{""species"": ""Quercus palustris"", ""confidence"": 0.9999903440475464}, {""species"": ""Quercus rubra"", ""confidence"": 8.939689905673731e-06}, {""species"": ""Quercus muehlenbergii"", ""confidence"": 6.475889904322685e-07}, {""species"": ""Quercus bicolor"", ""confidence"": 5.31573434159327e-08}, {""species"": ""Quercus alba"", ""confidence"": 9.23736109825768e-09}]",True,True,Quercus palustris,0.94596432,"[{""species"": ""Quercus palustris"", ""confidence"": 0.9459643241026996}, {""species"": ""Quercus rubra"", ""confidence"": 0.05277440037853362}, {""species"": ""Quercus alba"", ""confidence"": 0.0006253330774749795}, {""species"": ""Quercus macrocarpa"", ""confidence"": 0.00024251381364423592}, {""species"": ""Platanus occidentalis"", ""confidence"": 0.00016335584960507643}]",True,True,Quercus palustris,0.71,"[{""species"": ""Quercus palustris"", ""confidence"": 0.71}, {""species"": ""Quercus velutina"", ""confidence"": 0.43}, {""species"": ""Quercus rubra"", ""confidence"": 0.26}, {""species"": ""Quercus alba"", ""confidence"": 0.08}, {""species"": ""Quercus bicolor"", ""confidence"": 0.05}]",True,True,Quercus rubra,0.8,"[{""species"": ""Quercus rubra"", ""confidence"": 0.8}, {""species"": ""Quercus velutina"", ""confidence"": 0.7}, {""species"": ""Quercus alba"", ""confidence"": 0.6}, {""species"": ""Quercus bicolor"", ""confidence"": 0.5}, {""species"": ""Quercus palustris"", ""confidence"": 0.4}]",False,True,pin oak,Fagaceae,leaf,whole upper surface,https://bioimages.vanderbilt.edu/tn/kirchoff/tem2355.jpg,https://bioimages.vanderbilt.edu/gq/kirchoff/gem2355.jpg,Emily C. Mason,http://creativecommons.org/licenses/by/4.0/,16,3,1110,2,False,True,False,
kirchoff/em2356,kirchoff_em2356.jpg,ind-kirchoff/mason19,leaf,Quercus palustris,Quercus palustris,0.76591861,"[{""species"": ""Quercus palustris"", ""confidence"": 0.7659186124801636}, {""species"": ""Quercus rubra"", ""confidence"": 0.21943935751914978}, {""species"": ""Quercus muehlenbergii"", ""confidence"": 0.009641492739319801}, {""species"": ""Quercus bicolor"", ""confidence"": 0.003546907100826502}, {""species"": ""Quercus alba"", ""confidence"": 0.0008967984467744827}]",True,True,Quercus palustris,0.76126675,"[{""species"": ""Quercus palustris"", ""confidence"": 0.761266752831511}, {""species"": ""Quercus rubra"", ""confidence"": 0.20690285800929997}, {""species"": ""Platanus occidentalis"", ""confidence"": 0.0122370778084959}, {""species"": ""Quercus alba"", ""confidence"": 0.01011959876623133}, {""species"": ""Quercus bicolor"", ""confidence"": 0.0014399285531056067}]",True,True,Quercus rubra,0.83,"[{""species"": ""Quercus rubra"", ""confidence"": 0.83}, {""species"": ""Quercus velutina"", ""confidence"": 0.48}, {""species"": ""Quercus palustris"", ""confidence"": 0.31}, {""species"": ""Quercus alba"", ""confidence"": 0.09}, {""species"": ""Quercus bicolor"", ""confidence"": 0.05}]",False,True,Quercus alba,0.8,"[{""species"": ""Quercus alba"", ""confidence"": 0.8}, {""species"": ""Quercus rubra"", ""confidence"": 0.7}, {""species"": ""Quercus bicolor"", ""confidence"": 0.6}, {""species"": ""Quercus macrocarpa"", ""confidence"": 0.5}, {""species"": ""Quercus muehlenbergii"", ""confidence"": 0.4}]",False,False,pin oak,Fagaceae,leaf,margin of upper + lower surface,https://bioimages.vanderbilt.edu/tn/kirchoff/tem2356.jpg,https://bioimages.vanderbilt.edu/gq/kirchoff/gem2356.jpg,Emily C. Mason,http://creativecommons.org/licenses/by/4.0/,16,2,1100,3,False,True,False,
kirchoff/em2358,kirchoff_em2358.jpg,ind-kirchoff/mason19,leaf,Quercus palustris,Quercus palustris,0.99820375,"[{""species"": ""Quercus palustris"", ""confidence"": 0.9982037544250488}, {""species"": ""Quercus rubra"", ""confidence"": 0.0010314416140317917}, {""species"": ""Quercus muehlenbergii"", ""confidence"": 0.0005520908744074404}, {""species"": ""Quercus bicolor"", ""confidence"": 0.00013959044008515775}, {""species"": ""Quercus macrocarpa"", ""confidence"": 5.135245373821817e-05}]",True,True,Quercus palustris,0.92565416,"[{""species"": ""Quercus palustris"", ""confidence"": 0.925654156095303}, {""species"": ""Quercus rubra"", ""confidence"": 0.06602753950932679}, {""species"": ""Quercus alba"", ""confidence"": 0.004039653201005773}, {""species"": ""Platanus occidentalis"", ""confidence"": 0.0022183251117845037}, {""species"": ""Quercus macrocarpa"", ""confidence"": 0.0005869521515179187}]",True,True,Quercus rubra,0.72,"[{""species"": ""Quercus rubra"", ""confidence"": 0.72}, {""species"": ""Quercus velutina"", ""confidence"": 0.56}, {""species"": ""Quercus palustris"", ""confidence"": 0.36}, {""species"": ""Quercus alba"", ""confidence"": 0.18}, {""species"": ""Quercus bicolor"", ""confidence"": 0.12}]",False,True,Quercus alba,0.8,"[{""species"": ""Quercus alba"", ""confidence"": 0.8}, {""species"": ""Quercus bicolor"", ""confidence"": 0.7}, {""species"": ""Quercus macrocarpa"", ""confidence"": 0.6}, {""species"": ""Quercus rubra"", ""confidence"": 0.5}, {""species"": ""Quercus muehlenbergii"", ""confidence"": 0.4}]",False,False,pin oak,Fagaceae,leaf,margin of upper + lower surface,https://bioimages.vanderbilt.edu/tn/kirchoff/tem2358.jpg,https://bioimages.vanderbilt.edu/gq/kirchoff/gem2358.jpg,Emily C. Mason,http://creativecommons.org/licenses/by/4.0/,16,2,1100,3,False,True,False,
thomas/0049-08-01,thomas_0049-08-01.jpg,thomas/0049-08,whole tree (or vine),Cercis canadensis,Cercis canadensis,0.99999976,"[{""species"": ""Cercis canadensis"", ""confidence"": 0.9999997615814209}, {""species"": ""Cornus florida"", ""confidence"": 1.2751903000207676e-07}, {""species"": ""Amelanchier arborea"", ""confidence"": 4.1399367489702854e-08}, {""species"": ""Gleditsia triacanthos"", ""confidence"": 2.2159484913686356e-08}, {""species"": ""Robinia pseudoacacia"", ""confidence"": 3.3982670011312166e-09}]",True,True,Cercis canadensis,0.94969576,"[{""species"": ""Cercis canadensis"", ""confidence"": 0.9496957610338779}, {""species"": ""Pyrus calleryana"", ""confidence"": 0.005568818135380515}, {""species"": ""Acer rubrum"", ""confidence"": 0.004136765209393622}, {""species"": ""Ulmus americana"", ""confidence"": 0.0039058032532217402}, {""species"": ""Lonicera morrowii"", ""confidence"": 0.0035598033613919054}]",True,True,Cercis canadensis,0.98,"[{""species"": ""Cercis canadensis"", ""confidence"": 0.98}, {""species"": ""Cornus florida"", ""confidence"": 0.12}, {""species"": ""Amelanchier arborea"", ""confidence"": 0.05}, {""species"": ""Prunus pensylvanica"", ""confidence"": 0.03}, {""species"": ""Magnolia acuminata"", ""confidence"": 0.01}]",True,True,Cercis canadensis,0.9,"[{""species"": ""Cercis canadensis"", ""confidence"": 0.9}, {""species"": ""Acer rubrum"", ""confidence"": 0.6}, {""species"": ""Cornus florida"", ""confidence"": 0.5}, {""species"": ""Amelanchier arborea"", ""confidence"": 0.4}, {""species"": ""Prunus pensylvanica"", ""confidence"": 0.3}]",True,True,eastern redbud,Fabaceae,whole tree (or vine),general,https://bioimages.vanderbilt.edu/tn/thomas/t0049-08-01.jpg,https://bioimages.vanderbilt.edu/gq/thomas/g0049-08-01.jpg,Ron Thomas,http://creativecommons.org/licenses/by-nc-sa/4.0/,5,4,1111,1,True,True,True,all_four_correct
thomas/0049-08-02,thomas_0049-08-02.jpg,thomas/0049-08,inflorescence,Cercis canadensis,Cercis canadensis,1.0,"[{""species"": ""Cercis canadensis"", ""confidence"": 1.0}, {""species"": ""Gleditsia triacanthos"", ""confidence"": 8.152020392060422e-09}, {""species"": ""Robinia pseudoacacia"", ""confidence"": 2.998960857425459e-09}, {""species"": ""Amelanchier arborea"", ""confidence"": 9.736200734522527e-10}, {""species"": ""Rhus copallinum"", ""confidence"": 4.05865202557365e-10}]",True,True,Cercis canadensis,0.98509729,"[{""species"": ""Cercis canadensis"", ""confidence"": 0.9850972922679325}, {""species"": ""Amelanchier arborea"", ""confidence"": 0.00427456245897337}, {""species"": ""Carpinus caroliniana"", ""confidence"": 0.0026638471546260047}, {""species"": ""Acer rubrum"", ""confidence"": 0.0023255811285215226}, {""species"": ""Prunus serotina"", ""confidence"": 0.0010175408449290021}]",True,True,Cercis canadensis,0.99,"[{""species"": ""Cercis canadensis"", ""confidence"": 0.99}, {""species"": ""Robinia pseudoacacia"", ""confidence"": 0.08}, {""species"": ""Cornus florida"", ""confidence"": 0.04}, {""species"": ""Amelanchier arborea"", ""confidence"": 0.03}, {""species"": ""Prunus pensylvanica"", ""confidence"": 0.02}]",True,True,Cercis canadensis,0.9,"[{""species"": ""Cercis canadensis"", ""confidence"": 0.9}, {""species"": ""Magnolia acuminata"", ""confidence"": 0.3}, {""species"": ""Lonicera morrowii"", ""confidence"": 0.1}, {""species"": ""Amelanchier arborea"", ""confidence"": 0.1}, {""species"": ""Prunus pensylvanica"", ""confidence"": 0.1}]",True,True,eastern redbud,Fabaceae,inflorescence,whole - unspecified,https://bioimages.vanderbilt.edu/tn/thomas/t0049-08-02.jpg,https://bioimages.vanderbilt.edu/gq/thomas/g0049-08-02.jpg,Ron Thomas,http://creativecommons.org/licenses/by-nc-sa/4.0/,5,4,1111,1,True,True,True,all_four_correct
thomas/0049-08-03,thomas_0049-08-03.jpg,thomas/0049-08,inflorescence,Cercis canadensis,Cercis canadensis,1.0,"[{""species"": ""Cercis canadensis"", ""confidence"": 1.0}, {""species"": ""Gleditsia triacanthos"", ""confidence"": 1.1861120086109622e-08}, {""species"": ""Robinia pseudoacacia"", ""confidence"": 1.0467402056235642e-08}, {""species"": ""Amelanchier arborea"", ""confidence"": 6.691586174056852e-10}, {""species"": ""Gymnocladus dioicus"", ""confidence"": 2.4616969573898473e-10}]",True,True,Cercis canadensis,0.96142237,"[{""species"": ""Cercis canadensis"", ""confidence"": 0.961422366779364}, {""species"": ""Amelanchier arborea"", ""confidence"": 0.009861867167594717}, {""species"": ""Toxicodendron radicans"", ""confidence"": 0.007824454267292544}, {""species"": ""Acer rubrum"", ""confidence"": 0.006260192900206733}, {""species"": ""Prunus serotina"", ""confidence"": 0.0015764416055764573}]",True,True,Cercis canadensis,0.99,"[{""species"": ""Cercis canadensis"", ""confidence"": 0.99}, {""species"": ""Robinia pseudoacacia"", ""confidence"": 0.08}, {""species"": ""Cornus florida"", ""confidence"": 0.03}, {""species"": ""Amelanchier arborea"", ""confidence"": 0.02}, {""species"": ""Prunus pensylvanica"", ""confidence"": 0.01}]",True,True,Cercis canadensis,0.9,"[{""species"": ""Cercis canadensis"", ""confidence"": 0.9}, {""species"": ""Lonicera morrowii"", ""confidence"": 0.1}, {""species"": ""Amelanchier arborea"", ""confidence"": 0.05}, {""species"": ""Prunus pensylvanica"", ""confidence"": 0.05}, {""species"": ""Robinia pseudoacacia"", ""confidence"": 0.05}]",True,True,eastern redbud,Fabaceae,inflorescence,whole - unspecified,https://bioimages.vanderbilt.edu/tn/thomas/t0049-08-03.jpg,https://bioimages.vanderbilt.edu/gq/thomas/g0049-08-03.jpg,Ron Thomas,http://creativecommons.org/licenses/by-nc-sa/4.0/,5,4,1111,1,True,True,True,all_four_correct
thomas/0049-08-04,thomas_0049-08-04.jpg,thomas/0049-08,inflorescence,Cercis canadensis,Cercis canadensis,1.0,"[{""species"": ""Cercis canadensis"", ""confidence"": 1.0}, {""species"": ""Robinia pseudoacacia"", ""confidence"": 2.510999053129126e-08}, {""species"": ""Gleditsia triacanthos"", ""confidence"": 2.998960857425459e-09}, {""species"": ""Amelanchier arborea"", ""confidence"": 5.905304023556823e-10}, {""species"": ""Rhus copallinum"", ""confidence"": 4.05865202557365e-10}]",True,True,Cercis canadensis,0.55036742,"[{""species"": ""Cercis canadensis"", ""confidence"": 0.5503674226547716}, {""species"": ""Acer rubrum"", ""confidence"": 0.3944947560988886}, {""species"": ""Amelanchier arborea"", ""confidence"": 0.006851915942972901}, {""species"": ""Pyrus calleryana"", ""confidence"": 0.006367742361932126}, {""species"": ""Sassafras albidum"", ""confidence"": 0.006158547419090338}]",True,True,Cercis canadensis,0.97,"[{""species"": ""Cercis canadensis"", ""confidence"": 0.97}, {""species"": ""Robinia pseudoacacia"", ""confidence"": 0.12}, {""species"": ""Cornus florida"", ""confidence"": 0.05}, {""species"": ""Prunus pensylvanica"", ""confidence"": 0.03}, {""species"": ""Amelanchier arborea"", ""confidence"": 0.02}]",True,True,Cercis canadensis,0.9,"[{""species"": ""Cercis canadensis"", ""confidence"": 0.9}, {""species"": ""Robinia pseudoacacia"", ""confidence"": 0.6}, {""species"": ""Gleditsia triacanthos"", ""confidence"": 0.5}, {""species"": ""Amelanchier arborea"", ""confidence"": 0.4}, {""species"": ""Prunus pensylvanica"", ""confidence"": 0.3}]",True,True,eastern redbud,Fabaceae,inflorescence,lateral view of flower,https://bioimages.vanderbilt.edu/tn/thomas/t0049-08-04.jpg,https://bioimages.vanderbilt.edu/gq/thomas/g0049-08-04.jpg,Ron Thomas,http://creativecommons.org/licenses/by-nc-sa/4.0/,5,4,1111,1,True,True,True,all_four_correct
thomas/0049-08-05,thomas_0049-08-05.jpg,thomas/0049-08,inflorescence,Cercis canadensis,Cercis canadensis,1.0,"[{""species"": ""Cercis canadensis"", ""confidence"": 1.0}, {""species"": ""Robinia pseudoacacia"", ""confidence"": 1.1861120086109622e-08}, {""species"": ""Gleditsia triacanthos"", ""confidence"": 8.152020392060422e-09}, {""species"": ""Rhus copallinum"", ""confidence"": 5.905304023556823e-10}, {""species"": ""Amelanchier arborea"", ""confidence"": 2.1724398668876432e-10}]",True,True,Cercis canadensis,0.9441813,"[{""species"": ""Cercis canadensis"", ""confidence"": 0.9441813028475057}, {""species"": ""Acer rubrum"", ""confidence"": 0.021904568779851852}, {""species"": ""Robinia pseudoacacia"", ""confidence"": 0.01673305537232098}, {""species"": ""Amelanchier arborea"", ""confidence"": 0.004378219076235073}, {""species"": ""Pyrus calleryana"", ""confidence"": 0.0014750532452565224}]",True,True,Cercis canadensis,0.99,"[{""species"": ""Cercis canadensis"", ""confidence"": 0.99}, {""species"": ""Robinia pseudoacacia"", ""confidence"": 0.05}, {""species"": ""Cornus florida"", ""confidence"": 0.03}, {""species"": ""Aesculus glabra"", ""confidence"": 0.02}, {""species"": ""Amelanchier arborea"", ""confidence"": 0.01}]",True,True,Cercis canadensis,0.9,"[{""species"": ""Cercis canadensis"", ""confidence"": 0.9}, {""species"": ""Lonicera morrowii"", ""confidence"": 0.1}, {""species"": ""Robinia pseudoacacia"", ""confidence"": 0.05}, {""species"": ""Gleditsia triacanthos"", ""confidence"": 0.05}, {""species"": ""Amelanchier arborea"", ""confidence"": 0.05}]",True,True,eastern redbud,Fabaceae,inflorescence,frontal view of flower,https://bioimages.vanderbilt.edu/tn/thomas/t0049-08-05.jpg,https://bioimages.vanderbilt.edu/gq/thomas/g0049-08-05.jpg,Ron Thomas,http://creativecommons.org/licenses/by-nc-sa/4.0/,5,4,1111,1,True,True,True,all_four_correct
thomas/0104-01-01,thomas_0104-01-01.jpg,thomas/0104-01,inflorescence,Cephalanthus occidentalis,Cephalanthus occidentalis,1.0,"[{""species"": ""Cephalanthus occidentalis"", ""confidence"": 1.0}, {""species"": ""Castanea dentata"", ""confidence"": 4.94445018262013e-09}, {""species"": ""Zanthoxylum americanum"", ""confidence"": 8.592166977905435e-10}, {""species"": ""Salix nigra"", ""confidence"": 1.0261879540562902e-10}, {""species"": ""Cornus amomum"", ""confidence"": 9.056077415747765e-11}]",True,True,Cephalanthus occidentalis,0.98662826,"[{""species"": ""Cephalanthus occidentalis"", ""confidence"": 0.98662826080719}, {""species"": ""Tilia americana"", ""confidence"": 0.0041977752239466095}, {""species"": ""Fagus grandifolia"", ""confidence"": 0.0029766615535819457}, {""species"": ""Aesculus glabra"", ""confidence"": 0.0009133806555011255}, {""species"": ""Nyssa sylvatica"", ""confidence"": 0.0008825975528908563}]",True,True,Cephalanthus occidentalis,0.99,"[{""species"": ""Cephalanthus occidentalis"", ""confidence"": 0.99}, {""species"": ""Cornus amomum"", ""confidence"": 0.08}, {""species"": ""Cornus sericea"", ""confidence"": 0.04}, {""species"": ""Cornus racemosa"", ""confidence"": 0.03}, {""species"": ""Ilex verticillata"", ""confidence"": 0.02}]",True,True,Cephalanthus occidentalis,0.9,"[{""species"": ""Cephalanthus occidentalis"", ""confidence"": 0.9}, {""species"": ""Cornus racemosa"", ""confidence"": 0.3}, {""species"": ""Cornus sericea"", ""confidence"": 0.2}, {""species"": ""Cornus amomum"", ""confidence"": 0.2}, {""species"": ""Sambucus nigra"", ""confidence"": 0.1}]",True,True,common buttonbush,Rubiaceae,inflorescence,whole - unspecified,https://bioimages.vanderbilt.edu/tn/thomas/t0104-01-01.jpg,https://bioimages.vanderbilt.edu/gq/thomas/g0104-01-01.jpg,Ron Thomas,http://creativecommons.org/licenses/by-nc-sa/4.0/,4,4,1111,1,True,True,True,all_four_correct
thomas/0104-01-02,thomas_0104-01-02.jpg,thomas/0104-01,inflorescence,Cephalanthus occidentalis,Cephalanthus occidentalis,1.0,"[{""species"": ""Cephalanthus occidentalis"", ""confidence"": 1.0}, {""species"": ""Cornus amomum"", ""confidence"": 5.4927885156930145e-11}, {""species"": ""Gymnocladus dioicus"", ""confidence"": 3.775134718719819e-11}, {""species"": ""Lindera benzoin"", ""confidence"": 2.4133626954497833e-12}, {""species"": ""Castanea dentata"", ""confidence"": 7.835042293777295e-13}]",True,True,Cephalanthus occidentalis,0.49193484,"[{""species"": ""Cephalanthus occidentalis"", ""confidence"": 0.4919348407019682}, {""species"": ""Cornus amomum"", ""confidence"": 0.07243637932803053}, {""species"": ""Fraxinus americana"", ""confidence"": 0.045585608774273804}, {""species"": ""Ailanthus altissima"", ""confidence"": 0.040532850563841996}, {""species"": ""Robinia pseudoacacia"", ""confidence"": 0.03833685485603571}]",True,True,Cephalanthus occidentalis,0.98,"[{""species"": ""Cephalanthus occidentalis"", ""confidence"": 0.98}, {""species"": ""Cornus amomum"", ""confidence"": 0.12}, {""species"": ""Cornus sericea"", ""confidence"": 0.08}, {""species"": ""Cornus racemosa"", ""confidence"": 0.06}, {""species"": ""Sambucus nigra"", ""confidence"": 0.05}]",True,True,Cephalanthus occidentalis,0.8,"[{""species"": ""Cephalanthus occidentalis"", ""confidence"": 0.8}, {""species"": ""Lindera benzoin"", ""confidence"": 0.6}, {""species"": ""Sambucus nigra"", ""confidence"": 0.5}, {""species"": ""Sambucus racemosa"", ""confidence"": 0.4}, {""species"": ""Cornus amomum"", ""confidence"": 0.3}]",True,True,common buttonbush,Rubiaceae,inflorescence,close-up of flower interior,https://bioimages.vanderbilt.edu/tn/thomas/t0104-01-02.jpg,https://bioimages.vanderbilt.edu/gq/thomas/g0104-01-02.jpg,Ron Thomas,http://creativecommons.org/licenses/by-nc-sa/4.0/,4,4,1111,1,True,True,True,all_four_correct
thomas/0104-01-03,thomas_0104-01-03.jpg,thomas/0104-01,inflorescence,Cephalanthus occidentalis,Cephalanthus occidentalis,0.99999988,"[{""species"": ""Cephalanthus occidentalis"", ""confidence"": 0.9999998807907104}, {""species"": ""Gymnocladus dioicus"", ""confidence"": 3.653481783771895e-08}, {""species"": ""Aesculus glabra"", ""confidence"": 2.8453344569356886e-08}, {""species"": ""Zanthoxylum americanum"", ""confidence"": 1.5229979055675358e-08}, {""species"": ""Sorbus americana"", ""confidence"": 8.152019503882002e-09}]",True,True,Cephalanthus occidentalis,0.89498152,"[{""species"": ""Cephalanthus occidentalis"", ""confidence"": 0.8949815181293412}, {""species"": ""Quercus rubra"", ""confidence"": 0.015335421805371537}, {""species"": ""Cornus amomum"", ""confidence"": 0.013193784094275438}, {""species"": ""Fraxinus americana"", ""confidence"": 0.01074614539208911}, {""species"": ""Prunus serotina"", ""confidence"": 0.007344809989215907}]",True,True,Cephalanthus occidentalis,0.99,"[{""species"": ""Cephalanthus occidentalis"", ""confidence"": 0.99}, {""species"": ""Sambucus nigra"", ""confidence"": 0.08}, {""species"": ""Cornus amomum"", ""confidence"": 0.04}, {""species"": ""Cornus sericea"", ""confidence"": 0.03}, {""species"": ""Ilex verticillata"", ""confidence"": 0.02}]",True,True,Cephalanthus occidentalis,0.9,"[{""species"": ""Cephalanthus occidentalis"", ""confidence"": 0.9}, {""species"": ""Lindera benzoin"", ""confidence"": 0.6}, {""species"": ""Hamamelis virginiana"", ""confidence"": 0.5}, {""species"": ""Cornus racemosa"", ""confidence"": 0.4}, {""species"": ""Sambucus nigra"", ""confidence"": 0.3}]",True,True,common buttonbush,Rubiaceae,inflorescence,frontal view of flower,https://bioimages.vanderbilt.edu/tn/thomas/t0104-01-03.jpg,https://bioimages.vanderbilt.edu/gq/thomas/g0104-01-03.jpg,Ron Thomas,http://creativecommons.org/licenses/by-nc-sa/4.0/,4,4,1111,1,True,True,True,all_four_correct
thomas/0104-01-04,thomas_0104-01-04.jpg,thomas/0104-01,leaf,Cephalanthus occidentalis,Cephalanthus occidentalis,1.0,"[{""species"": ""Cephalanthus occidentalis"", ""confidence"": 1.0}, {""species"": ""Zanthoxylum americanum"", ""confidence"": 2.646573848963385e-09}, {""species"": ""Castanea dentata"", ""confidence"": 1.6052279505629485e-09}, {""species"": ""Lindera benzoin"", ""confidence"": 1.493094675675266e-10}, {""species"": ""Nyssa sylvatica"", ""confidence"": 7.052879807956103e-11}]",True,True,Cephalanthus occidentalis,0.94362247,"[{""species"": ""Cephalanthus occidentalis"", ""confidence"": 0.9436224706429206}, {""species"": ""Fagus grandifolia"", ""confidence"": 0.01074280431166916}, {""species"": ""Zanthoxylum americanum"", ""confidence"": 0.0071281168985821205}, {""species"": ""Lindera benzoin"", ""confidence"": 0.0054945920102852245}, {""species"": ""Cornus amomum"", ""confidence"": 0.003913371897733653}]",True,True,Cornus florida,0.79,"[{""species"": ""Cornus florida"", ""confidence"": 0.79}, {""species"": ""Cornus amomum"", ""confidence"": 0.41}, {""species"": ""Cornus racemosa"", ""confidence"": 0.28}, {""species"": ""Cornus sericea"", ""confidence"": 0.21}, {""species"": ""Cephalanthus occidentalis"", ""confidence"": 0.12}]",False,True,Cephalanthus occidentalis,0.8,"[{""species"": ""Cephalanthus occidentalis"", ""confidence"": 0.8}, {""species"": ""Cornus amomum"", ""confidence"": 0.6}, {""species"": ""Cornus racemosa"", ""confidence"": 0.5}, {""species"": ""Cornus sericea"", ""confidence"": 0.4}, {""species"": ""Lindera benzoin"", ""confidence"": 0.3}]",True,True,common buttonbush,Rubiaceae,leaf,whole upper surface,https://bioimages.vanderbilt.edu/tn/thomas/t0104-01-04.jpg,https://bioimages.vanderbilt.edu/gq/thomas/g0104-01-04.jpg,Ron Thomas,http://creativecommons.org/licenses/by-nc-sa/4.0/,4,3,1101,2,False,True,False,
thomas/0301-02-01,thomas_0301-02-01.jpg,thomas/0301-02,inflorescence,Toxicodendron radicans,Toxicodendron radicans,1.0,"[{""species"": ""Toxicodendron radicans"", ""confidence"": 1.0}, {""species"": ""Rhus copallinum"", ""confidence"": 4.139937814784389e-08}, {""species"": ""Rhus aromatica"", ""confidence"": 2.4616969573898473e-10}, {""species"": ""Rhus glabra"", ""confidence"": 1.917171560394948e-10}, {""species"": ""Zanthoxylum americanum"", ""confidence"": 6.224144116773189e-11}]",True,True,Toxicodendron radicans,0.90942092,"[{""species"": ""Toxicodendron radicans"", ""confidence"": 0.9094209163635324}, {""species"": ""Sambucus racemosa"", ""confidence"": 0.016520727211348694}, {""species"": ""Cornus amomum"", ""confidence"": 0.013948098217995218}, {""species"": ""Aesculus glabra"", ""confidence"": 0.010151049285178656}, {""species"": ""Lindera benzoin"", ""confidence"": 0.008480008270118546}]",True,True,Cornus sericea,0.36,"[{""species"": ""Cornus sericea"", ""confidence"": 0.36}, {""species"": ""Cornus amomum"", ""confidence"": 0.24}, {""species"": ""Cornus racemosa"", ""confidence"": 0.16}, {""species"": ""Acer negundo"", ""confidence"": 0.08}, {""species"": ""Ilex verticillata"", ""confidence"": 0.05}]",False,False,Ailanthus altissima,0.8,"[{""species"": ""Ailanthus altissima"", ""confidence"": 0.8}, {""species"": ""Fraxinus americana"", ""confidence"": 0.6}, {""species"": ""Fraxinus pennsylvanica"", ""confidence"": 0.5}, {""species"": ""Fraxinus quadrangulata"", ""confidence"": 0.4}, {""species"": ""Gleditsia triacanthos"", ""confidence"": 0.3}]",False,False,eastern poison ivy,Anacardiaceae,inflorescence,frontal view of flower,https://bioimages.vanderbilt.edu/tn/thomas/t0301-02-01.jpg,https://bioimages.vanderbilt.edu/gq/thomas/g0301-02-01.jpg,Ron Thomas,http://creativecommons.org/licenses/by-nc-sa/4.0/,3,2,1100,3,False,True,False,
thomas/0301-02-02,thomas_0301-02-02.jpg,thomas/0301-02,leaf,Toxicodendron radicans,Toxicodendron radicans,1.0,"[{""species"": ""Toxicodendron radicans"", ""confidence"": 1.0}, {""species"": ""Rhus copallinum"", ""confidence"": 3.581747953784742e-10}, {""species"": ""Zanthoxylum americanum"", ""confidence"": 1.0261879540562902e-10}, {""species"": ""Rhus aromatica"", ""confidence"": 1.2256066821147993e-11}, {""species"": ""Acer negundo"", ""confidence"": 3.098819161342914e-12}]",True,True,Toxicodendron radicans,0.98282091,"[{""species"": ""Toxicodendron radicans"", ""confidence"": 0.9828209055037737}, {""species"": ""Rhus aromatica"", ""confidence"": 0.009288374447488729}, {""species"": ""Acer negundo"", ""confidence"": 0.0013953286570401828}, {""species"": ""Robinia pseudoacacia"", ""confidence"": 0.0006127728047791926}, {""species"": ""Aesculus glabra"", ""confidence"": 0.0005750202997934822}]",True,True,Toxicodendron radicans,0.96,"[{""species"": ""Toxicodendron radicans"", ""confidence"": 0.96}, {""species"": ""Rhus aromatica"", ""confidence"": 0.33}, {""species"": ""Acer negundo"", ""confidence"": 0.14}, {""species"": ""Staphylea trifolia"", ""confidence"": 0.08}, {""species"": ""Aesculus glabra"", ""confidence"": 0.03}]",True,True,Toxicodendron radicans,0.9,"[{""species"": ""Toxicodendron radicans"", ""confidence"": 0.9}, {""species"": ""Rhus glabra"", ""confidence"": 0.3}, {""species"": ""Rhus copallinum"", ""confidence"": 0.2}, {""species"": ""Rhus aromatica"", ""confidence"": 0.1}, {""species"": ""Cornus amomum"", ""confidence"": 0.05}]",True,True,eastern poison ivy,Anacardiaceae,leaf,whole upper surface,https://bioimages.vanderbilt.edu/tn/thomas/t0301-02-02.jpg,https://bioimages.vanderbilt.edu/gq/thomas/g0301-02-02.jpg,Ron Thomas,http://creativecommons.org/licenses/by-nc-sa/4.0/,3,4,1111,1,True,True,True,all_four_correct
thomas/0301-02-03,thomas_0301-02-03.jpg,thomas/0301-02,inflorescence,Toxicodendron radicans,Toxicodendron radicans,0.99999988,"[{""species"": ""Toxicodendron radicans"", ""confidence"": 0.9999998807907104}, {""species"": ""Rhus copallinum"", ""confidence"": 7.734421103577915e-08}, {""species"": ""Zanthoxylum americanum"", ""confidence"": 2.335592830249311e-09}, {""species"": ""Rhus aromatica"", ""confidence"": 2.335592830249311e-09}, {""species"": ""Rhus glabra"", ""confidence"": 1.3176512658752415e-10}]",True,True,Toxicodendron radicans,0.93335694,"[{""species"": ""Toxicodendron radicans"", ""confidence"": 0.9333569405113856}, {""species"": ""Sambucus racemosa"", ""confidence"": 0.010624120543967693}, {""species"": ""Lindera benzoin"", ""confidence"": 0.010416744273463127}, {""species"": ""Juglans nigra"", ""confidence"": 0.007532358851893428}, {""species"": ""Aesculus glabra"", ""confidence"": 0.0047934425937030956}]",True,True,Cornus amomum,0.43,"[{""species"": ""Cornus amomum"", ""confidence"": 0.43}, {""species"": ""Cornus racemosa"", ""confidence"": 0.19}, {""species"": ""Cornus sericea"", ""confidence"": 0.14}, {""species"": ""Lonicera morrowii"", ""confidence"": 0.12}, {""species"": ""Ilex verticillata"", ""confidence"": 0.08}]",False,False,Lindera benzoin,0.8,"[{""species"": ""Lindera benzoin"", ""confidence"": 0.8}, {""species"": ""Cornus amomum"", ""confidence"": 0.6}, {""species"": ""Cornus racemosa"", ""confidence"": 0.5}, {""species"": ""Cornus sericea"", ""confidence"": 0.5}, {""species"": ""Viburnum opulus"", ""confidence"": 0.4}]",False,False,eastern poison ivy,Anacardiaceae,inflorescence,whole - unspecified,https://bioimages.vanderbilt.edu/tn/thomas/t0301-02-03.jpg,https://bioimages.vanderbilt.edu/gq/thomas/g0301-02-03.jpg,Ron Thomas,http://creativecommons.org/licenses/by-nc-sa/4.0/,3,2,1100,3,False,True,False,
baskauf/89954,baskauf_89954.jpg,vanderbilt/11-283,whole tree (or vine),Platanus occidentalis,Platanus occidentalis,1.0,"[{""species"": ""Platanus occidentalis"", ""confidence"": 1.0}, {""species"": ""Castanea dentata"", ""confidence"": 1.6052279505629485e-09}, {""species"": ""Tilia americana"", ""confidence"": 1.4166087192180044e-09}, {""species"": ""Quercus bicolor"", ""confidence"": 6.691586174056852e-10}, {""species"": ""Fagus grandifolia"", ""confidence"": 3.16088155649652e-10}]",True,True,Platanus occidentalis,0.9662499,"[{""species"": ""Platanus occidentalis"", ""confidence"": 0.9662498984899648}, {""species"": ""Populus deltoides"", ""confidence"": 0.012127403384552458}, {""species"": ""Ulmus americana"", ""confidence"": 0.004737769490384972}, {""species"": ""Juglans cinerea"", ""confidence"": 0.0030027937051647223}, {""species"": ""Celtis occidentalis"", ""confidence"": 0.002827034586827493}]",True,True,Platanus occidentalis,0.99,"[{""species"": ""Platanus occidentalis"", ""confidence"": 0.99}, {""species"": ""Betula papyrifera"", ""confidence"": 0.18}, {""species"": ""Populus deltoides"", ""confidence"": 0.11}, {""species"": ""Fagus grandifolia"", ""confidence"": 0.08}, {""species"": ""Acer saccharinum"", ""confidence"": 0.06}]",True,True,Platanus occidentalis,0.9,"[{""species"": ""Platanus occidentalis"", ""confidence"": 0.9}, {""species"": ""Populus tremuloides"", ""confidence"": 0.6}, {""species"": ""Populus grandidentata"", ""confidence"": 0.5}, {""species"": ""Populus deltoides"", ""confidence"": 0.4}, {""species"": ""Betula papyrifera"", ""confidence"": 0.2}]",True,True,American sycamore,Platanaceae,whole tree (or vine),view up trunk,https://bioimages.vanderbilt.edu/tn/baskauf/t89954.jpg,https://bioimages.vanderbilt.edu/gq/baskauf/g89954.jpg,Steven J. Baskauf,http://creativecommons.org/licenses/by/4.0/,6,4,1111,1,True,True,True,all_four_correct
baskauf/89955,baskauf_89955.jpg,vanderbilt/11-283,bark,Platanus occidentalis,Platanus occidentalis,0.99998522,"[{""species"": ""Platanus occidentalis"", ""confidence"": 0.9999852180480957}, {""species"": ""Quercus alba"", ""confidence"": 8.939644430938642e-06}, {""species"": ""Celtis occidentalis"", ""confidence"": 2.260296014355845e-06}, {""species"": ""Quercus bicolor"", ""confidence"": 1.2098493016310385e-06}, {""species"": ""Quercus palustris"", ""confidence"": 9.422315656593128e-07}]",True,True,Aesculus glabra,0.32765915,"[{""species"": ""Aesculus glabra"", ""confidence"": 0.3276591501133912}, {""species"": ""Celtis occidentalis"", ""confidence"": 0.15241940384912855}, {""species"": ""Quercus macrocarpa"", ""confidence"": 0.10488882542747854}, {""species"": ""Ulmus americana"", ""confidence"": 0.04936590192974517}, {""species"": ""Quercus muehlenbergii"", ""confidence"": 0.044306280031280086}]",False,False,Pyrus calleryana,0.56,"[{""species"": ""Pyrus calleryana"", ""confidence"": 0.56}, {""species"": ""Tilia americana"", ""confidence"": 0.24}, {""species"": ""Ulmus americana"", ""confidence"": 0.11}, {""species"": ""Acer rubrum"", ""confidence"": 0.08}, {""species"": ""Quercus alba"", ""confidence"": 0.05}]",False,False,Platanus occidentalis,0.8,"[{""species"": ""Platanus occidentalis"", ""confidence"": 0.8}, {""species"": ""Quercus alba"", ""confidence"": 0.6}, {""species"": ""Quercus bicolor"", ""confidence"": 0.5}, {""species"": ""Quercus macrocarpa"", ""confidence"": 0.4}, {""species"": ""Carya ovata"", ""confidence"": 0.3}]",True,True,American sycamore,Platanaceae,bark,of a large tree,https://bioimages.vanderbilt.edu/tn/baskauf/t89955.jpg,https://bioimages.vanderbilt.edu/gq/baskauf/g89955.jpg,Steven J. Baskauf,http://creativecommons.org/licenses/by/4.0/,6,2,1001,3,False,False,False,embedding_disagreement
baskauf/89960a,baskauf_89960a.jpg,vanderbilt/11-283,whole tree (or vine),Platanus occidentalis,Platanus occidentalis,1.0,"[{""species"": ""Platanus occidentalis"", ""confidence"": 1.0}, {""species"": ""Tilia americana"", ""confidence"": 2.061153470123145e-09}, {""species"": ""Castanea dentata"", ""confidence"": 4.5990555808117506e-10}, {""species"": ""Quercus bicolor"", ""confidence"": 3.581747953784742e-10}, {""species"": ""Gymnocladus dioicus"", ""confidence"": 2.789468100949932e-10}]",True,True,Platanus occidentalis,0.97135946,"[{""species"": ""Platanus occidentalis"", ""confidence"": 0.9713594601815118}, {""species"": ""Ulmus americana"", ""confidence"": 0.010072009649069655}, {""species"": ""Quercus alba"", ""confidence"": 0.00565242851749356}, {""species"": ""Populus deltoides"", ""confidence"": 0.0035490084056562184}, {""species"": ""Fagus grandifolia"", ""confidence"": 0.0013425259649973928}]",True,True,Platanus occidentalis,0.98,"[{""species"": ""Platanus occidentalis"", ""confidence"": 0.98}, {""species"": ""Betula papyrifera"", ""confidence"": 0.08}, {""species"": ""Populus deltoides"", ""confidence"": 0.05}, {""species"": ""Fagus grandifolia"", ""confidence"": 0.04}, {""species"": ""Acer saccharinum"", ""confidence"": 0.03}]",True,True,Platanus occidentalis,0.9,"[{""species"": ""Platanus occidentalis"", ""confidence"": 0.9}, {""species"": ""Acer saccharinum"", ""confidence"": 0.5}, {""species"": ""Populus deltoides"", ""confidence"": 0.4}, {""species"": ""Populus grandidentata"", ""confidence"": 0.3}, {""species"": ""Populus tremuloides"", ""confidence"": 0.2}]",True,True,American sycamore,Platanaceae,whole tree (or vine),winter,https://bioimages.vanderbilt.edu/tn/baskauf/t89960a.jpg,https://bioimages.vanderbilt.edu/gq/baskauf/g89960a.jpg,Steven J. Baskauf,http://creativecommons.org/licenses/by/4.0/,6,4,1111,1,True,True,True,all_four_correct
baskauf/89963,baskauf_89963.jpg,vanderbilt/11-283,whole tree (or vine),Platanus occidentalis,Platanus occidentalis,1.0,"[{""species"": ""Platanus occidentalis"", ""confidence"": 1.0}, {""species"": ""Tilia americana"", ""confidence"": 6.691586174056852e-10}, {""species"": ""Quercus bicolor"", ""confidence"": 2.4616969573898473e-10}, {""species"": ""Castanea dentata"", ""confidence"": 2.4616969573898473e-10}, {""species"": ""Fagus grandifolia"", ""confidence"": 9.056077415747765e-11}]",True,True,Platanus occidentalis,0.9605602,"[{""species"": ""Platanus occidentalis"", ""confidence"": 0.9605602033790102}, {""species"": ""Ulmus americana"", ""confidence"": 0.009608137211062079}, {""species"": ""Quercus rubra"", ""confidence"": 0.00631972510658948}, {""species"": ""Populus tremuloides"", ""confidence"": 0.004508401666541568}, {""species"": ""Quercus muehlenbergii"", ""confidence"": 0.002649300802174246}]",True,True,Platanus occidentalis,0.98,"[{""species"": ""Platanus occidentalis"", ""confidence"": 0.98}, {""species"": ""Betula papyrifera"", ""confidence"": 0.18}, {""species"": ""Populus deltoides"", ""confidence"": 0.09}, {""species"": ""Betula alleghaniensis"", ""confidence"": 0.04}, {""species"": ""Acer saccharinum"", ""confidence"": 0.03}]",True,True,Platanus occidentalis,0.9,"[{""species"": ""Platanus occidentalis"", ""confidence"": 0.9}, {""species"": ""Acer saccharinum"", ""confidence"": 0.6}, {""species"": ""Populus grandidentata"", ""confidence"": 0.5}, {""species"": ""Populus deltoides"", ""confidence"": 0.4}, {""species"": ""Populus tremuloides"", ""confidence"": 0.3}]",True,True,American sycamore,Platanaceae,whole tree (or vine),winter,https://bioimages.vanderbilt.edu/tn/baskauf/t89963.jpg,https://bioimages.vanderbilt.edu/gq/baskauf/g89963.jpg,Steven J. Baskauf,http://creativecommons.org/licenses/by/4.0/,6,4,1111,1,True,True,True,all_four_correct
baskauf/90872,baskauf_90872.jpg,vanderbilt/11-283,whole tree (or vine),Platanus occidentalis,Platanus occidentalis,1.0,"[{""species"": ""Platanus occidentalis"", ""confidence"": 1.0}, {""species"": ""Tilia americana"", ""confidence"": 2.646573848963385e-09}, {""species"": ""Quercus bicolor"", ""confidence"": 2.061153470123145e-09}, {""species"": ""Quercus alba"", ""confidence"": 2.061153470123145e-09}, {""species"": ""Fagus grandifolia"", ""confidence"": 1.1032560420787263e-09}]",True,True,Platanus occidentalis,0.93090966,"[{""species"": ""Platanus occidentalis"", ""confidence"": 0.930909662153985}, {""species"": ""Quercus alba"", ""confidence"": 0.030242066824078533}, {""species"": ""Quercus muehlenbergii"", ""confidence"": 0.006730464310600861}, {""species"": ""Fraxinus pennsylvanica"", ""confidence"": 0.0050156090346535455}, {""species"": ""Fagus grandifolia"", ""confidence"": 0.0034797188427325002}]",True,True,Platanus occidentalis,0.95,"[{""species"": ""Platanus occidentalis"", ""confidence"": 0.95}, {""species"": ""Acer platanoides"", ""confidence"": 0.12}, {""species"": ""Acer saccharinum"", ""confidence"": 0.08}, {""species"": ""Acer rubrum"", ""confidence"": 0.05}, {""species"": ""Tilia americana"", ""confidence"": 0.03}]",True,True,Platanus occidentalis,0.9,"[{""species"": ""Platanus occidentalis"", ""confidence"": 0.9}, {""species"": ""Acer saccharinum"", ""confidence"": 0.6}, {""species"": ""Acer platanoides"", ""confidence"": 0.4}, {""species"": ""Acer rubrum"", ""confidence"": 0.3}, {""species"": ""Populus deltoides"", ""confidence"": 0.2}]",True,True,American sycamore,Platanaceae,whole tree (or vine),general,https://bioimages.vanderbilt.edu/tn/baskauf/t90872.jpg,https://bioimages.vanderbilt.edu/gq/baskauf/g90872.jpg,Steven J. Baskauf,http://creativecommons.org/licenses/by/4.0/,6,4,1111,1,True,True,True,all_four_correct
baskauf/90874,baskauf_90874.jpg,vanderbilt/11-283,whole tree (or vine),Platanus occidentalis,Platanus occidentalis,1.0,"[{""species"": ""Platanus occidentalis"", ""confidence"": 1.0}, {""species"": ""Tilia americana"", ""confidence"": 1.8189616479702408e-09}, {""species"": ""Quercus bicolor"", ""confidence"": 1.2501528701136522e-09}, {""species"": ""Populus deltoides"", ""confidence"": 1.2501528701136522e-09}, {""species"": ""Populus tremuloides"", ""confidence"": 1.1032560420787263e-09}]",True,True,Platanus occidentalis,0.98635439,"[{""species"": ""Platanus occidentalis"", ""confidence"": 0.9863543942694367}, {""species"": ""Quercus alba"", ""confidence"": 0.0037632570047271075}, {""species"": ""Quercus palustris"", ""confidence"": 0.0023978076336800265}, {""species"": ""Populus deltoides"", ""confidence"": 0.0017443044809746131}, {""species"": ""Quercus rubra"", ""confidence"": 0.0016322821834068686}]",True,True,Platanus occidentalis,0.97,"[{""species"": ""Platanus occidentalis"", ""confidence"": 0.97}, {""species"": ""Acer platanoides"", ""confidence"": 0.08}, {""species"": ""Acer saccharinum"", ""confidence"": 0.05}, {""species"": ""Acer rubrum"", ""confidence"": 0.03}, {""species"": ""Populus deltoides"", ""confidence"": 0.02}]",True,True,Platanus occidentalis,0.9,"[{""species"": ""Platanus occidentalis"", ""confidence"": 0.9}, {""species"": ""Acer saccharinum"", ""confidence"": 0.5}, {""species"": ""Populus deltoides"", ""confidence"": 0.4}, {""species"": ""Populus grandidentata"", ""confidence"": 0.3}, {""species"": ""Populus tremuloides"", ""confidence"": 0.2}]",True,True,American sycamore,Platanaceae,whole tree (or vine),general,https://bioimages.vanderbilt.edu/tn/baskauf/t90874.jpg,https://bioimages.vanderbilt.edu/gq/baskauf/g90874.jpg,Steven J. Baskauf,http://creativecommons.org/licenses/by/4.0/,6,4,1111,1,True,True,True,all_four_correct
baskauf/51183,baskauf_51183.jpg,vanderbilt/12-11,inflorescence,Quercus bicolor,Quercus muehlenbergii,0.79827452,"[{""species"": ""Quercus muehlenbergii"", ""confidence"": 0.7982745170593262}, {""species"": ""Quercus palustris"", ""confidence"": 0.17811912298202515}, {""species"": ""Quercus macrocarpa"", ""confidence"": 0.01877361722290516}, {""species"": ""Quercus bicolor"", ""confidence"": 0.004188960418105125}, {""species"": ""Quercus alba"", ""confidence"": 0.000566914095543325}]",False,True,Quercus bicolor,0.22148149,"[{""species"": ""Quercus bicolor"", ""confidence"": 0.22148148663904388}, {""species"": ""Quercus alba"", ""confidence"": 0.15592983254163975}, {""species"": ""Acer saccharum"", ""confidence"": 0.12386002309796057}, {""species"": ""Rhus copallinum"", ""confidence"": 0.12168158965455014}, {""species"": ""Quercus muehlenbergii"", ""confidence"": 0.09144685036307534}]",True,True,Quercus rubra,0.42,"[{""species"": ""Quercus rubra"", ""confidence"": 0.42}, {""species"": ""Quercus velutina"", ""confidence"": 0.24}, {""species"": ""Quercus palustris"", ""confidence"": 0.15}, {""species"": ""Quercus alba"", ""confidence"": 0.11}, {""species"": ""Quercus bicolor"", ""confidence"": 0.08}]",False,True,Quercus alba,0.8,"[{""species"": ""Quercus alba"", ""confidence"": 0.8}, {""species"": ""Quercus rubra"", ""confidence"": 0.7}, {""species"": ""Quercus bicolor"", ""confidence"": 0.6}, {""species"": ""Quercus macrocarpa"", ""confidence"": 0.5}, {""species"": ""Quercus muehlenbergii"", ""confidence"": 0.4}]",False,True,swamp white oak,Fagaceae,inflorescence,whole - unspecified,https://bioimages.vanderbilt.edu/tn/baskauf/tqubi--flinflor51183.jpg,https://bioimages.vanderbilt.edu/gq/baskauf/gqubi--flinflor51183.jpg,Steven J. Baskauf,http://creativecommons.org/licenses/by/4.0/,4,1,0100,4,False,False,False,embedding_disagreement
baskauf/51186,baskauf_51186.jpg,vanderbilt/12-11,inflorescence,Quercus bicolor,Quercus palustris,0.89822119,"[{""species"": ""Quercus palustris"", ""confidence"": 0.8982211947441101}, {""species"": ""Quercus muehlenbergii"", ""confidence"": 0.0946718156337738}, {""species"": ""Quercus rubra"", ""confidence"": 0.0028588413260877132}, {""species"": ""Quercus bicolor"", ""confidence"": 0.0022264677099883556}, {""species"": ""Quercus alba"", ""confidence"": 0.001964850816875696}]",False,True,Quercus palustris,0.31776012,"[{""species"": ""Quercus palustris"", ""confidence"": 0.31776011570623014}, {""species"": ""Carya cordiformis"", ""confidence"": 0.0642339043764193}, {""species"": ""Quercus muehlenbergii"", ""confidence"": 0.058847245533068276}, {""species"": ""Populus deltoides"", ""confidence"": 0.04954855977218578}, {""species"": ""Quercus bicolor"", ""confidence"": 0.04657692361534598}]",False,True,Quercus alba,0.42,"[{""species"": ""Quercus alba"", ""confidence"": 0.42}, {""species"": ""Quercus bicolor"", ""confidence"": 0.22}, {""species"": ""Quercus macrocarpa"", ""confidence"": 0.14}, {""species"": ""Quercus muehlenbergii"", ""confidence"": 0.11}, {""species"": ""Quercus rubra"", ""confidence"": 0.08}]",False,True,Quercus alba,0.8,"[{""species"": ""Quercus alba"", ""confidence"": 0.8}, {""species"": ""Quercus rubra"", ""confidence"": 0.7}, {""species"": ""Quercus bicolor"", ""confidence"": 0.6}, {""species"": ""Quercus macrocarpa"", ""confidence"": 0.5}, {""species"": ""Quercus velutina"", ""confidence"": 0.4}]",False,True,swamp white oak,Fagaceae,inflorescence,whole - male,https://bioimages.vanderbilt.edu/tn/baskauf/tqubi--flmale51186.jpg,https://bioimages.vanderbilt.edu/gq/baskauf/gqubi--flmale51186.jpg,Steven J. Baskauf,http://creativecommons.org/licenses/by/4.0/,4,0,0000,2,False,True,True,all_four_wrong|bioclip_and_dino_wrong|vlm_embedding_consensus_conflict
baskauf/52483,baskauf_52483.jpg,vanderbilt/12-11,leaf,Quercus bicolor,Quercus bicolor,0.91679919,"[{""species"": ""Quercus bicolor"", ""confidence"": 0.9167991876602173}, {""species"": ""Quercus muehlenbergii"", ""confidence"": 0.07525546103715897}, {""species"": ""Quercus macrocarpa"", ""confidence"": 0.007931866683065891}, {""species"": ""Quercus alba"", ""confidence"": 1.1925079888897017e-05}, {""species"": ""Quercus palustris"", ""confidence"": 8.638498911750503e-07}]",True,True,Quercus bicolor,0.40479378,"[{""species"": ""Quercus bicolor"", ""confidence"": 0.40479377925779747}, {""species"": ""Quercus muehlenbergii"", ""confidence"": 0.15294711485100865}, {""species"": ""Quercus macrocarpa"", ""confidence"": 0.1487267981331452}, {""species"": ""Quercus rubra"", ""confidence"": 0.08654770032245118}, {""species"": ""Platanus occidentalis"", ""confidence"": 0.04565420622455167}]",True,True,Quercus bicolor,0.44,"[{""species"": ""Quercus bicolor"", ""confidence"": 0.44}, {""species"": ""Quercus macrocarpa"", ""confidence"": 0.23}, {""species"": ""Quercus alba"", ""confidence"": 0.14}, {""species"": ""Quercus velutina"", ""confidence"": 0.09}, {""species"": ""Quercus rubra"", ""confidence"": 0.07}]",True,True,Quercus alba,0.8,"[{""species"": ""Quercus alba"", ""confidence"": 0.8}, {""species"": ""Quercus bicolor"", ""confidence"": 0.7}, {""species"": ""Quercus macrocarpa"", ""confidence"": 0.6}, {""species"": ""Quercus muehlenbergii"", ""confidence"": 0.5}, {""species"": ""Quercus velutina"", ""confidence"": 0.4}]",False,True,swamp white oak,Fagaceae,leaf,margin of upper + lower surface,https://bioimages.vanderbilt.edu/tn/baskauf/tqubi--lfmargin-uplow52483.jpg,https://bioimages.vanderbilt.edu/gq/baskauf/gqubi--lfmargin-uplow52483.jpg,Steven J. Baskauf,http://creativecommons.org/licenses/by/4.0/,4,3,1110,2,False,True,False,
baskauf/91110,baskauf_91110.jpg,vanderbilt/12-11,whole tree (or vine),Quercus bicolor,Ostrya virginiana,0.73424089,"[{""species"": ""Ostrya virginiana"", ""confidence"": 0.7342408895492554}, {""species"": ""Amelanchier arborea"", ""confidence"": 0.12759192287921906}, {""species"": ""Pyrus calleryana"", ""confidence"": 0.07738841325044632}, {""species"": ""Juglans cinerea"", ""confidence"": 0.015238682739436626}, {""species"": ""Quercus macrocarpa"", ""confidence"": 0.011867898516356945}]",False,False,Fraxinus americana,0.24221475,"[{""species"": ""Fraxinus americana"", ""confidence"": 0.24221475222628178}, {""species"": ""Juglans nigra"", ""confidence"": 0.1424185454274228}, {""species"": ""Quercus rubra"", ""confidence"": 0.12407884529537777}, {""species"": ""Quercus muehlenbergii"", ""confidence"": 0.07116224468399764}, {""species"": ""Fraxinus pennsylvanica"", ""confidence"": 0.05028334449317431}]",False,False,Quercus alba,0.43,"[{""species"": ""Quercus alba"", ""confidence"": 0.43}, {""species"": ""Quercus rubra"", ""confidence"": 0.26}, {""species"": ""Quercus palustris"", ""confidence"": 0.12}, {""species"": ""Quercus bicolor"", ""confidence"": 0.09}, {""species"": ""Quercus velutina"", ""confidence"": 0.07}]",False,True,Quercus alba,0.7,"[{""species"": ""Quercus alba"", ""confidence"": 0.7}, {""species"": ""Quercus rubra"", ""confidence"": 0.6}, {""species"": ""Quercus bicolor"", ""confidence"": 0.5}, {""species"": ""Quercus macrocarpa"", ""confidence"": 0.4}, {""species"": ""Quercus velutina"", ""confidence"": 0.3}]",False,True,swamp white oak,Fagaceae,whole tree (or vine),general,https://bioimages.vanderbilt.edu/tn/baskauf/t91110.jpg,https://bioimages.vanderbilt.edu/gq/baskauf/g91110.jpg,Steven J. Baskauf,http://creativecommons.org/licenses/by/4.0/,4,0,0000,3,False,False,True,all_four_wrong|bioclip_and_dino_wrong|embedding_disagreement
baskauf/10502,baskauf_10502.jpg,vanderbilt/12-126,twig,Ginkgo biloba,Ginkgo biloba,0.99313545,"[{""species"": ""Ginkgo biloba"", ""confidence"": 0.9931354522705078}, {""species"": ""Zanthoxylum americanum"", ""confidence"": 0.006691694259643555}, {""species"": ""Gleditsia triacanthos"", ""confidence"": 0.00015737354988232255}, {""species"": ""Gymnocladus dioicus"", ""confidence"": 4.752269887831062e-06}, {""species"": ""Rhus copallinum"", ""confidence"": 4.193863333057379e-06}]",True,True,Ginkgo biloba,0.38533916,"[{""species"": ""Ginkgo biloba"", ""confidence"": 0.38533916092475196}, {""species"": ""Cercis canadensis"", ""confidence"": 0.15226484954939676}, {""species"": ""Ulmus americana"", ""confidence"": 0.14056959827573223}, {""species"": ""Ulmus rubra"", ""confidence"": 0.061526706067906854}, {""species"": ""Juglans nigra"", ""confidence"": 0.04808161772347141}]",True,True,Ginkgo biloba,0.99,"[{""species"": ""Ginkgo biloba"", ""confidence"": 0.99}, {""species"": ""Acer saccharinum"", ""confidence"": 0.06}, {""species"": ""Acer platanoides"", ""confidence"": 0.03}, {""species"": ""Acer rubrum"", ""confidence"": 0.02}, {""species"": ""Sassafras albidum"", ""confidence"": 0.01}]",True,True,Ginkgo biloba,0.9,"[{""species"": ""Ginkgo biloba"", ""confidence"": 0.9}, {""species"": ""Carpinus caroliniana"", ""confidence"": 0.3}, {""species"": ""Ostrya virginiana"", ""confidence"": 0.2}, {""species"": ""Betula lenta"", ""confidence"": 0.1}, {""species"": ""Acer saccharum"", ""confidence"": 0.1}]",True,True,maidenhair tree,Ginkgoaceae,twig,showing attachment of needles,https://bioimages.vanderbilt.edu/tn/baskauf/tgibi2-lfdevel10502.jpg,https://bioimages.vanderbilt.edu/gq/baskauf/ggibi2-lfdevel10502.jpg,Steven J. Baskauf,http://creativecommons.org/licenses/by/4.0/,5,4,1111,1,True,True,True,all_four_correct
baskauf/10554,baskauf_10554.jpg,vanderbilt/12-126,cone,Ginkgo biloba,Ginkgo biloba,0.99998796,"[{""species"": ""Ginkgo biloba"", ""confidence"": 0.9999879598617554}, {""species"": ""Gleditsia triacanthos"", ""confidence"": 1.1478761734906584e-05}, {""species"": ""Zanthoxylum americanum"", ""confidence"": 2.102408558357638e-07}, {""species"": ""Tilia americana"", ""confidence"": 8.764142478412396e-08}, {""species"": ""Populus deltoides"", ""confidence"": 6.023501697427491e-08}]",True,True,Ginkgo biloba,0.89376993,"[{""species"": ""Ginkgo biloba"", ""confidence"": 0.8937699334095422}, {""species"": ""Populus deltoides"", ""confidence"": 0.04608610610315508}, {""species"": ""Quercus muehlenbergii"", ""confidence"": 0.009132196951104515}, {""species"": ""Dirca palustris"", ""confidence"": 0.008457370071354872}, {""species"": ""Toxicodendron radicans"", ""confidence"": 0.005727254389426094}]",True,True,Ginkgo biloba,0.99,"[{""species"": ""Ginkgo biloba"", ""confidence"": 0.99}, {""species"": ""Populus tremuloides"", ""confidence"": 0.04}, {""species"": ""Populus grandidentata"", ""confidence"": 0.03}, {""species"": ""Betula papyrifera"", ""confidence"": 0.02}, {""species"": ""Amelanchier arborea"", ""confidence"": 0.01}]",True,True,Ginkgo biloba,1.0,"[{""species"": ""Ginkgo biloba"", ""confidence"": 1.0}, {""species"": ""Carpinus caroliniana"", ""confidence"": 0.3}, {""species"": ""Ostrya virginiana"", ""confidence"": 0.2}, {""species"": ""Celtis occidentalis"", ""confidence"": 0.1}, {""species"": ""Acer negundo"", ""confidence"": 0.1}]",True,True,maidenhair tree,Ginkgoaceae,cone,male,https://bioimages.vanderbilt.edu/tn/baskauf/tgibi2-comale10554.jpg,https://bioimages.vanderbilt.edu/gq/baskauf/ggibi2-comale10554.jpg,Steven J. Baskauf,http://creativecommons.org/licenses/by/4.0/,5,4,1111,1,True,True,True,all_four_correct
baskauf/10556,baskauf_10556.jpg,vanderbilt/12-126,leaf,Ginkgo biloba,Ginkgo biloba,0.24933225,"[{""species"": ""Ginkgo biloba"", ""confidence"": 0.2493322491645813}, {""species"": ""Fraxinus pennsylvanica"", ""confidence"": 0.22003494203090668}, {""species"": ""Tilia americana"", ""confidence"": 0.19418014585971832}, {""species"": ""Gymnocladus dioicus"", ""confidence"": 0.0917242169380188}, {""species"": ""Fraxinus quadrangulata"", ""confidence"": 0.055633544921875}]",True,True,Ginkgo biloba,0.95484931,"[{""species"": ""Ginkgo biloba"", ""confidence"": 0.9548493123390014}, {""species"": ""Platanus occidentalis"", ""confidence"": 0.013896179911863637}, {""species"": ""Dirca palustris"", ""confidence"": 0.004996698709033242}, {""species"": ""Cercis canadensis"", ""confidence"": 0.0037262274177493272}, {""species"": ""Acer saccharum"", ""confidence"": 0.0027495863983808245}]",True,True,Ginkgo biloba,0.87,"[{""species"": ""Ginkgo biloba"", ""confidence"": 0.87}, {""species"": ""Lindera benzoin"", ""confidence"": 0.08}, {""species"": ""Cornus florida"", ""confidence"": 0.04}, {""species"": ""Cephalanthus occidentalis"", ""confidence"": 0.02}, {""species"": ""Lonicera morrowii"", ""confidence"": 0.02}]",True,True,Ginkgo biloba,0.9,"[{""species"": ""Ginkgo biloba"", ""confidence"": 0.9}, {""species"": ""Carpinus caroliniana"", ""confidence"": 0.3}, {""species"": ""Ostrya virginiana"", ""confidence"": 0.2}, {""species"": ""Cercis canadensis"", ""confidence"": 0.1}, {""species"": ""Amelanchier arborea"", ""confidence"": 0.1}]",True,True,maidenhair tree,Ginkgoaceae,leaf,showing orientation on twig,https://bioimages.vanderbilt.edu/tn/baskauf/tgibi2-lfpetiole-close10556.jpg,https://bioimages.vanderbilt.edu/gq/baskauf/ggibi2-lfpetiole-close10556.jpg,Steven J. Baskauf,http://creativecommons.org/licenses/by/4.0/,5,4,1111,1,True,True,True,all_four_correct
baskauf/10557,baskauf_10557.jpg,vanderbilt/12-126,twig,Ginkgo biloba,Ginkgo biloba,0.99996936,"[{""species"": ""Ginkgo biloba"", ""confidence"": 0.9999693632125854}, {""species"": ""Gleditsia triacanthos"", ""confidence"": 1.8924925825558603e-05}, {""species"": ""Zanthoxylum americanum"", ""confidence"": 7.889082553447224e-06}, {""species"": ""Gymnocladus dioicus"", ""confidence"": 3.288659172540065e-06}, {""species"": ""Quercus palustris"", ""confidence"": 2.382296599989786e-07}]",True,True,Ginkgo biloba,0.92703828,"[{""species"": ""Ginkgo biloba"", ""confidence"": 0.9270382773438074}, {""species"": ""Acer saccharum"", ""confidence"": 0.01691570027180341}, {""species"": ""Aesculus glabra"", ""confidence"": 0.014165924249439025}, {""species"": ""Toxicodendron radicans"", ""confidence"": 0.009882883484528614}, {""species"": ""Pyrus calleryana"", ""confidence"": 0.0032133086134496537}]",True,True,Ginkgo biloba,0.99,"[{""species"": ""Ginkgo biloba"", ""confidence"": 0.99}, {""species"": ""Acer saccharinum"", ""confidence"": 0.03}, {""species"": ""Populus tremuloides"", ""confidence"": 0.02}, {""species"": ""Betula papyrifera"", ""confidence"": 0.01}, {""species"": ""Tilia americana"", ""confidence"": 0.01}]",True,True,Ginkgo biloba,0.95,"[{""species"": ""Ginkgo biloba"", ""confidence"": 0.95}, {""species"": ""Acer platanoides"", ""confidence"": 0.1}, {""species"": ""Acer saccharum"", ""confidence"": 0.05}, {""species"": ""Populus tremuloides"", ""confidence"": 0.05}, {""species"": ""Betula papyrifera"", ""confidence"": 0.05}]",True,True,maidenhair tree,Ginkgoaceae,twig,showing attachment of needles,https://bioimages.vanderbilt.edu/tn/baskauf/tgibi2-twdevel-lf10557.jpg,https://bioimages.vanderbilt.edu/gq/baskauf/ggibi2-twdevel-lf10557.jpg,Steven J. Baskauf,http://creativecommons.org/licenses/by/4.0/,5,4,1111,1,True,True,True,all_four_correct
baskauf/91126,baskauf_91126.jpg,vanderbilt/12-126,whole tree,Ginkgo biloba,Ginkgo biloba,0.92769545,"[{""species"": ""Ginkgo biloba"", ""confidence"": 0.9276954531669617}, {""species"": ""Populus tremuloides"", ""confidence"": 0.0593055821955204}, {""species"": ""Populus deltoides"", ""confidence"": 0.009094806388020515}, {""species"": ""Gymnocladus dioicus"", ""confidence"": 0.0015804404392838478}, {""species"": ""Gleditsia triacanthos"", ""confidence"": 0.0012308481382206082}]",True,True,Ginkgo biloba,0.67286474,"[{""species"": ""Ginkgo biloba"", ""confidence"": 0.6728647396888837}, {""species"": ""Quercus palustris"", ""confidence"": 0.14513501013364768}, {""species"": ""Quercus rubra"", ""confidence"": 0.06763496403410506}, {""species"": ""Ulmus americana"", ""confidence"": 0.015901760233809587}, {""species"": ""Fraxinus pennsylvanica"", ""confidence"": 0.01478410429370803}]",True,True,Ginkgo biloba,0.97,"[{""species"": ""Ginkgo biloba"", ""confidence"": 0.97}, {""species"": ""Populus tremuloides"", ""confidence"": 0.12}, {""species"": ""Populus grandidentata"", ""confidence"": 0.08}, {""species"": ""Betula papyrifera"", ""confidence"": 0.05}, {""species"": ""Pyrus calleryana"", ""confidence"": 0.04}]",True,True,Ginkgo biloba,0.9,"[{""species"": ""Ginkgo biloba"", ""confidence"": 0.9}, {""species"": ""Populus tremuloides"", ""confidence"": 0.6}, {""species"": ""Populus grandidentata"", ""confidence"": 0.5}, {""species"": ""Populus deltoides"", ""confidence"": 0.4}, {""species"": ""Ailanthus altissima"", ""confidence"": 0.3}]",True,True,maidenhair tree,Ginkgoaceae,whole tree,general,https://bioimages.vanderbilt.edu/tn/baskauf/t91126.jpg,https://bioimages.vanderbilt.edu/gq/baskauf/g91126.jpg,Steven J. Baskauf,http://creativecommons.org/licenses/by/4.0/,5,4,1111,1,True,True,True,all_four_correct
baskauf/15984,baskauf_15984.jpg,vanderbilt/12-177,whole tree (or vine),Gymnocladus dioicus,Gymnocladus dioicus,0.99998903,"[{""species"": ""Gymnocladus dioicus"", ""confidence"": 0.9999890327453613}, {""species"": ""Gleditsia triacanthos"", ""confidence"": 7.889238077041227e-06}, {""species"": ""Celtis occidentalis"", ""confidence"": 2.9022887702012667e-06}, {""species"": ""Zanthoxylum americanum"", ""confidence"": 7.734337259535096e-08}, {""species"": ""Robinia pseudoacacia"", ""confidence"": 4.6911129203408564e-08}]",True,True,Acer saccharum,0.24182814,"[{""species"": ""Acer saccharum"", ""confidence"": 0.2418281444105156}, {""species"": ""Robinia pseudoacacia"", ""confidence"": 0.13461209465473256}, {""species"": ""Quercus rubra"", ""confidence"": 0.1173330146754714}, {""species"": ""Prunus serotina"", ""confidence"": 0.10989833916901977}, {""species"": ""Quercus palustris"", ""confidence"": 0.07149413035077941}]",False,False,Robinia pseudoacacia,0.71,"[{""species"": ""Robinia pseudoacacia"", ""confidence"": 0.71}, {""species"": ""Gleditsia triacanthos"", ""confidence"": 0.44}, {""species"": ""Ailanthus altissima"", ""confidence"": 0.26}, {""species"": ""Fraxinus americana"", ""confidence"": 0.16}, {""species"": ""Juglans nigra"", ""confidence"": 0.11}]",False,False,Gymnocladus dioicus,0.7,"[{""species"": ""Gymnocladus dioicus"", ""confidence"": 0.7}, {""species"": ""Gleditsia triacanthos"", ""confidence"": 0.6}, {""species"": ""Robinia pseudoacacia"", ""confidence"": 0.5}, {""species"": ""Juglans nigra"", ""confidence"": 0.4}, {""species"": ""Carya laciniosa"", ""confidence"": 0.3}]",True,True,Kentucky coffeetree,Fabaceae,whole tree (or vine),view up trunk,https://bioimages.vanderbilt.edu/tn/baskauf/tgydi--wplookup-large15984.jpg,https://bioimages.vanderbilt.edu/gq/baskauf/ggydi--wplookup-large15984.jpg,Steven J. Baskauf,http://creativecommons.org/licenses/by/4.0/,3,2,1001,3,False,False,False,embedding_disagreement
baskauf/15988,baskauf_15988.jpg,vanderbilt/12-177,bark,Gymnocladus dioicus,Gleditsia triacanthos,0.73100847,"[{""species"": ""Gleditsia triacanthos"", ""confidence"": 0.7310084700584412}, {""species"": ""Gymnocladus dioicus"", ""confidence"": 0.2689230144023895}, {""species"": ""Carya ovata"", ""confidence"": 2.2809574147686362e-05}, {""species"": ""Robinia pseudoacacia"", ""confidence"": 1.7764112271834165e-05}, {""species"": ""Prunus serotina"", ""confidence"": 1.2209084161440842e-05}]",False,True,Gymnocladus dioicus,0.29892333,"[{""species"": ""Gymnocladus dioicus"", ""confidence"": 0.2989233288157363}, {""species"": ""Fraxinus americana"", ""confidence"": 0.11146388649260282}, {""species"": ""Quercus bicolor"", ""confidence"": 0.08590459590329812}, {""species"": ""Ginkgo biloba"", ""confidence"": 0.07742998415051937}, {""species"": ""Sassafras albidum"", ""confidence"": 0.05855044264090384}]",True,True,Prunus serotina,0.45,"[{""species"": ""Prunus serotina"", ""confidence"": 0.45}, {""species"": ""Betula lenta"", ""confidence"": 0.24}, {""species"": ""Tsuga canadensis"", ""confidence"": 0.12}, {""species"": ""Acer saccharum"", ""confidence"": 0.08}, {""species"": ""Ulmus rubra"", ""confidence"": 0.06}]",False,False,Carpinus caroliniana,0.7,"[{""species"": ""Carpinus caroliniana"", ""confidence"": 0.7}, {""species"": ""Ostrya virginiana"", ""confidence"": 0.6}, {""species"": ""Betula alleghaniensis"", ""confidence"": 0.4}, {""species"": ""Betula lenta"", ""confidence"": 0.3}, {""species"": ""Fagus grandifolia"", ""confidence"": 0.2}]",False,False,Kentucky coffeetree,Fabaceae,bark,of a large tree,https://bioimages.vanderbilt.edu/tn/baskauf/tgydi--brlarge15988.jpg,https://bioimages.vanderbilt.edu/gq/baskauf/ggydi--brlarge15988.jpg,Steven J. Baskauf,http://creativecommons.org/licenses/by/4.0/,3,1,0100,4,False,False,False,embedding_disagreement
baskauf/91144,baskauf_91144.jpg,vanderbilt/12-177,whole tree (or vine),Gymnocladus dioicus,Gymnocladus dioicus,0.95047671,"[{""species"": ""Gymnocladus dioicus"", ""confidence"": 0.9504767060279846}, {""species"": ""Ostrya virginiana"", ""confidence"": 0.022353069856762886}, {""species"": ""Ailanthus altissima"", ""confidence"": 0.017408588901162148}, {""species"": ""Platanus occidentalis"", ""confidence"": 0.003025159239768982}, {""species"": ""Fagus grandifolia"", ""confidence"": 0.001428983872756362}]",True,True,Fraxinus americana,0.5311235,"[{""species"": ""Fraxinus americana"", ""confidence"": 0.5311234991890973}, {""species"": ""Ulmus americana"", ""confidence"": 0.10787829585828282}, {""species"": ""Fagus grandifolia"", ""confidence"": 0.07878307530176643}, {""species"": ""Quercus alba"", ""confidence"": 0.07637180668330691}, {""species"": ""Juglans nigra"", ""confidence"": 0.05562549867673603}]",False,False,Gleditsia triacanthos,0.73,"[{""species"": ""Gleditsia triacanthos"", ""confidence"": 0.73}, {""species"": ""Gymnocladus dioicus"", ""confidence"": 0.36}, {""species"": ""Ailanthus altissima"", ""confidence"": 0.23}, {""species"": ""Fraxinus americana"", ""confidence"": 0.15}, {""species"": ""Juglans nigra"", ""confidence"": 0.1}]",False,True,Magnolia acuminata,0.7,"[{""species"": ""Magnolia acuminata"", ""confidence"": 0.7}, {""species"": ""Ailanthus altissima"", ""confidence"": 0.6}, {""species"": ""Gleditsia triacanthos"", ""confidence"": 0.5}, {""species"": ""Celtis occidentalis"", ""confidence"": 0.4}, {""species"": ""Ulmus americana"", ""confidence"": 0.3}]",False,False,Kentucky coffeetree,Fabaceae,whole tree (or vine),general,https://bioimages.vanderbilt.edu/tn/baskauf/t91144.jpg,https://bioimages.vanderbilt.edu/gq/baskauf/g91144.jpg,Steven J. Baskauf,http://creativecommons.org/licenses/by/4.0/,3,1,1000,4,False,False,False,bioclip_only_correct|embedding_disagreement
baskauf/50992,baskauf_50992.jpg,vanderbilt/12-33,inflorescence,Celtis occidentalis,Celtis occidentalis,1.0,"[{""species"": ""Celtis occidentalis"", ""confidence"": 1.0}, {""species"": ""Ilex verticillata"", ""confidence"": 7.194133289090132e-09}, {""species"": ""Ulmus americana"", ""confidence"": 1.2501528701136522e-09}, {""species"": ""Tilia americana"", ""confidence"": 3.16088155649652e-10}, {""species"": ""Acer negundo"", ""confidence"": 2.789468100949932e-10}]",True,True,Viburnum lantanoides,0.36854451,"[{""species"": ""Viburnum lantanoides"", ""confidence"": 0.36854450716450854}, {""species"": ""Acer negundo"", ""confidence"": 0.20705569944381833}, {""species"": ""Celtis occidentalis"", ""confidence"": 0.1057736317735677}, {""species"": ""Ostrya virginiana"", ""confidence"": 0.036944843790122285}, {""species"": ""Quercus palustris"", ""confidence"": 0.0346270120551332}]",False,True,Cornus amomum,0.56,"[{""species"": ""Cornus amomum"", ""confidence"": 0.56}, {""species"": ""Cornus sericea"", ""confidence"": 0.23}, {""species"": ""Cornus racemosa"", ""confidence"": 0.12}, {""species"": ""Cornus florida"", ""confidence"": 0.05}, {""species"": ""Viburnum lantanoides"", ""confidence"": 0.03}]",False,False,Celtis occidentalis,0.7,"[{""species"": ""Celtis occidentalis"", ""confidence"": 0.7}, {""species"": ""Ulmus rubra"", ""confidence"": 0.6}, {""species"": ""Ulmus americana"", ""confidence"": 0.5}, {""species"": ""Gleditsia triacanthos"", ""confidence"": 0.4}, {""species"": ""Robinia pseudoacacia"", ""confidence"": 0.3}]",True,True,common hackberry,Ulmaceae,inflorescence,whole - unspecified,https://bioimages.vanderbilt.edu/tn/baskauf/tceoco2flinflor50992.jpg,https://bioimages.vanderbilt.edu/gq/baskauf/gceoco2flinflor50992.jpg,Steven J. Baskauf,http://creativecommons.org/licenses/by/4.0/,2,2,1001,3,False,False,False,embedding_disagreement
baskauf/50993,baskauf_50993.jpg,vanderbilt/12-33,inflorescence,Celtis occidentalis,Celtis occidentalis,1.0,"[{""species"": ""Celtis occidentalis"", ""confidence"": 1.0}, {""species"": ""Ilex verticillata"", ""confidence"": 5.211412412720051e-10}, {""species"": ""Carya cordiformis"", ""confidence"": 1.3176514046531196e-10}, {""species"": ""Ulmus americana"", ""confidence"": 1.1628233792526643e-10}, {""species"": ""Acer negundo"", ""confidence"": 9.056077415747765e-11}]",True,True,Acer negundo,0.31299563,"[{""species"": ""Acer negundo"", ""confidence"": 0.3129956313129298}, {""species"": ""Viburnum lantanoides"", ""confidence"": 0.24635389279493108}, {""species"": ""Celtis occidentalis"", ""confidence"": 0.0712654198354634}, {""species"": ""Carya cordiformis"", ""confidence"": 0.05947366285540332}, {""species"": ""Cornus amomum"", ""confidence"": 0.036194647523808986}]",False,True,Ulmus rubra,0.79,"[{""species"": ""Ulmus rubra"", ""confidence"": 0.79}, {""species"": ""Ulmus americana"", ""confidence"": 0.42}, {""species"": ""Celtis occidentalis"", ""confidence"": 0.2}, {""species"": ""Ostrya virginiana"", ""confidence"": 0.15}, {""species"": ""Carpinus caroliniana"", ""confidence"": 0.09}]",False,True,Carpinus caroliniana,0.7,"[{""species"": ""Carpinus caroliniana"", ""confidence"": 0.7}, {""species"": ""Ostrya virginiana"", ""confidence"": 0.6}, {""species"": ""Acer negundo"", ""confidence"": 0.4}, {""species"": ""Betula alleghaniensis"", ""confidence"": 0.3}, {""species"": ""Celtis occidentalis"", ""confidence"": 0.2}]",False,True,common hackberry,Ulmaceae,inflorescence,lateral view of flower,https://bioimages.vanderbilt.edu/tn/baskauf/tceoco2fl50993.jpg,https://bioimages.vanderbilt.edu/gq/baskauf/gceoco2fl50993.jpg,Steven J. Baskauf,http://creativecommons.org/licenses/by/4.0/,2,1,1000,4,False,False,False,bioclip_only_correct|embedding_disagreement
ssmv/2-638-01,ssmv_2-638-01.jpg,vanderbilt/3-108,bark,Fraxinus americana,Fraxinus pennsylvanica,0.58801085,"[{""species"": ""Fraxinus pennsylvanica"", ""confidence"": 0.588010847568512}, {""species"": ""Fraxinus americana"", ""confidence"": 0.2777566611766815}, {""species"": ""Celtis occidentalis"", ""confidence"": 0.11578619480133057}, {""species"": ""Fraxinus quadrangulata"", ""confidence"": 0.009504309855401516}, {""species"": ""Tilia americana"", ""confidence"": 0.0021206983365118504}]",False,True,Sassafras albidum,0.48752604,"[{""species"": ""Sassafras albidum"", ""confidence"": 0.4875260359673901}, {""species"": ""Salix nigra"", ""confidence"": 0.10657208368570101}, {""species"": ""Acer saccharum"", ""confidence"": 0.07963880840508304}, {""species"": ""Fraxinus americana"", ""confidence"": 0.05034894080876215}, {""species"": ""Quercus alba"", ""confidence"": 0.04050952013239581}]",False,True,Quercus alba,0.45,"[{""species"": ""Quercus alba"", ""confidence"": 0.45}, {""species"": ""Quercus macrocarpa"", ""confidence"": 0.22}, {""species"": ""Quercus bicolor"", ""confidence"": 0.13}, {""species"": ""Carya ovata"", ""confidence"": 0.1}, {""species"": ""Platanus occidentalis"", ""confidence"": 0.06}]",False,False,Quercus alba,0.7,"[{""species"": ""Quercus alba"", ""confidence"": 0.7}, {""species"": ""Quercus bicolor"", ""confidence"": 0.6}, {""species"": ""Quercus macrocarpa"", ""confidence"": 0.5}, {""species"": ""Quercus muehlenbergii"", ""confidence"": 0.4}, {""species"": ""Quercus rubra"", ""confidence"": 0.3}]",False,False,white ash,Oleaceae,bark,of a large tree,https://bioimages.vanderbilt.edu/tn/ssmv/t2-638-01.jpg,https://bioimages.vanderbilt.edu/gq/ssmv/g2-638-01.jpg,Vamsi Subraveti,http://creativecommons.org/licenses/by/4.0/,4,0,0000,3,False,False,True,all_four_wrong|bioclip_and_dino_wrong|embedding_disagreement
ssmv/2-638-02,ssmv_2-638-02.jpg,vanderbilt/3-108,whole tree (or vine),Fraxinus americana,Quercus palustris,0.64122391,"[{""species"": ""Quercus palustris"", ""confidence"": 0.6412239074707031}, {""species"": ""Quercus macrocarpa"", ""confidence"": 0.18371373414993286}, {""species"": ""Fraxinus pennsylvanica"", ""confidence"": 0.08678022027015686}, {""species"": ""Quercus bicolor"", ""confidence"": 0.06758449971675873}, {""species"": ""Fraxinus quadrangulata"", ""confidence"": 0.011744425632059574}]",False,False,Quercus alba,0.4874627,"[{""species"": ""Quercus alba"", ""confidence"": 0.4874626976934793}, {""species"": ""Fraxinus americana"", ""confidence"": 0.14215219343625188}, {""species"": ""Celtis occidentalis"", ""confidence"": 0.13991688311276226}, {""species"": ""Quercus macrocarpa"", ""confidence"": 0.050067165331398336}, {""species"": ""Quercus rubra"", ""confidence"": 0.03519175459136254}]",False,True,Gleditsia triacanthos,0.58,"[{""species"": ""Gleditsia triacanthos"", ""confidence"": 0.58}, {""species"": ""Fraxinus americana"", ""confidence"": 0.24}, {""species"": ""Juglans nigra"", ""confidence"": 0.14}, {""species"": ""Gymnocladus dioicus"", ""confidence"": 0.08}, {""species"": ""Ailanthus altissima"", ""confidence"": 0.05}]",False,True,Quercus alba,0.7,"[{""species"": ""Quercus alba"", ""confidence"": 0.7}, {""species"": ""Quercus rubra"", ""confidence"": 0.6}, {""species"": ""Quercus velutina"", ""confidence"": 0.5}, {""species"": ""Quercus bicolor"", ""confidence"": 0.4}, {""species"": ""Quercus macrocarpa"", ""confidence"": 0.3}]",False,False,white ash,Oleaceae,whole tree (or vine),general,https://bioimages.vanderbilt.edu/tn/ssmv/t2-638-02.jpg,https://bioimages.vanderbilt.edu/gq/ssmv/g2-638-02.jpg,Vamsi Subraveti,http://creativecommons.org/licenses/by/4.0/,4,0,0000,3,False,False,False,all_four_wrong|bioclip_and_dino_wrong|embedding_disagreement
ssmv/2-638-03,ssmv_2-638-03.jpg,vanderbilt/3-108,leaf,Fraxinus americana,Fraxinus pennsylvanica,0.61914062,"[{""species"": ""Fraxinus pennsylvanica"", ""confidence"": 0.619140625}, {""species"": ""Fraxinus americana"", ""confidence"": 0.3755277693271637}, {""species"": ""Fraxinus quadrangulata"", ""confidence"": 0.004171736538410187}, {""species"": ""Juglans nigra"", ""confidence"": 0.0008214636472985148}, {""species"": ""Juglans cinerea"", ""confidence"": 0.00014274897694122046}]",False,True,Fraxinus americana,0.33081418,"[{""species"": ""Fraxinus americana"", ""confidence"": 0.3308141779609939}, {""species"": ""Carya ovata"", ""confidence"": 0.13058911429711437}, {""species"": ""Sambucus racemosa"", ""confidence"": 0.10785612673902903}, {""species"": ""Robinia pseudoacacia"", ""confidence"": 0.07596480480408158}, {""species"": ""Carya cordiformis"", ""confidence"": 0.06903316013609684}]",True,True,Fraxinus americana,0.72,"[{""species"": ""Fraxinus americana"", ""confidence"": 0.72}, {""species"": ""Ailanthus altissima"", ""confidence"": 0.43}, {""species"": ""Fraxinus pennsylvanica"", ""confidence"": 0.22}, {""species"": ""Juglans cinerea"", ""confidence"": 0.11}, {""species"": ""Carya cordiformis"", ""confidence"": 0.08}]",True,True,Ailanthus altissima,0.7,"[{""species"": ""Ailanthus altissima"", ""confidence"": 0.7}, {""species"": ""Fraxinus americana"", ""confidence"": 0.6}, {""species"": ""Fraxinus pennsylvanica"", ""confidence"": 0.55}, {""species"": ""Gleditsia triacanthos"", ""confidence"": 0.5}, {""species"": ""Robinia pseudoacacia"", ""confidence"": 0.45}]",False,True,white ash,Oleaceae,leaf,whole upper surface,https://bioimages.vanderbilt.edu/tn/ssmv/t2-638-03.jpg,https://bioimages.vanderbilt.edu/gq/ssmv/g2-638-03.jpg,Vamsi Subraveti,http://creativecommons.org/licenses/by/4.0/,4,2,0110,3,False,False,False,bioclip_wrong_vlm_rescue|embedding_disagreement
ssmv/2-638-04,ssmv_2-638-04.jpg,vanderbilt/3-108,whole tree (or vine),Fraxinus americana,Quercus palustris,0.68342853,"[{""species"": ""Quercus palustris"", ""confidence"": 0.6834285259246826}, {""species"": ""Fraxinus quadrangulata"", ""confidence"": 0.0924919918179512}, {""species"": ""Quercus macrocarpa"", ""confidence"": 0.07203283160924911}, {""species"": ""Gymnocladus dioicus"", ""confidence"": 0.07203283160924911}, {""species"": ""Quercus muehlenbergii"", ""confidence"": 0.034025900065898895}]",False,False,Quercus alba,0.45695058,"[{""species"": ""Quercus alba"", ""confidence"": 0.45695057910641895}, {""species"": ""Fraxinus americana"", ""confidence"": 0.3588636506579729}, {""species"": ""Fraxinus pennsylvanica"", ""confidence"": 0.05535316439957577}, {""species"": ""Ulmus americana"", ""confidence"": 0.023175650918939174}, {""species"": ""Quercus macrocarpa"", ""confidence"": 0.023111162513750942}]",False,True,Fraxinus americana,0.42,"[{""species"": ""Fraxinus americana"", ""confidence"": 0.42}, {""species"": ""Fraxinus pennsylvanica"", ""confidence"": 0.24}, {""species"": ""Carya laciniosa"", ""confidence"": 0.12}, {""species"": ""Juglans nigra"", ""confidence"": 0.09}, {""species"": ""Gleditsia triacanthos"", ""confidence"": 0.06}]",True,True,Quercus alba,0.7,"[{""species"": ""Quercus alba"", ""confidence"": 0.7}, {""species"": ""Platanus occidentalis"", ""confidence"": 0.6}, {""species"": ""Acer saccharum"", ""confidence"": 0.5}, {""species"": ""Tilia americana"", ""confidence"": 0.4}, {""species"": ""Fagus grandifolia"", ""confidence"": 0.3}]",False,False,white ash,Oleaceae,whole tree (or vine),general,https://bioimages.vanderbilt.edu/tn/ssmv/t2-638-04.jpg,https://bioimages.vanderbilt.edu/gq/ssmv/g2-638-04.jpg,Vamsi Subraveti,http://creativecommons.org/licenses/by/4.0/,4,1,0010,3,False,False,False,bioclip_wrong_vlm_rescue|bioclip_and_dino_wrong|embedding_disagreement
baskauf/15615,baskauf_15615.jpg,vanderbilt/6-135,fruit,Quercus macrocarpa,Quercus macrocarpa,0.99999166,"[{""species"": ""Quercus macrocarpa"", ""confidence"": 0.9999916553497314}, {""species"": ""Quercus bicolor"", ""confidence"": 4.785077635460766e-06}, {""species"": ""Quercus alba"", ""confidence"": 2.260310566271073e-06}, {""species"": ""Quercus palustris"", ""confidence"": 8.315217883136938e-07}, {""species"": ""Quercus muehlenbergii"", ""confidence"": 5.043434612161946e-07}]",True,True,Quercus alba,0.65126906,"[{""species"": ""Quercus alba"", ""confidence"": 0.6512690560810532}, {""species"": ""Quercus bicolor"", ""confidence"": 0.08459637415014423}, {""species"": ""Quercus rubra"", ""confidence"": 0.07700256168130057}, {""species"": ""Quercus palustris"", ""confidence"": 0.037317693996729864}, {""species"": ""Platanus occidentalis"", ""confidence"": 0.03541354436849421}]",False,False,Quercus macrocarpa,0.97,"[{""species"": ""Quercus macrocarpa"", ""confidence"": 0.97}, {""species"": ""Quercus bicolor"", ""confidence"": 0.48}, {""species"": ""Quercus alba"", ""confidence"": 0.17}, {""species"": ""Quercus muehlenbergii"", ""confidence"": 0.07}, {""species"": ""Quercus velutina"", ""confidence"": 0.03}]",True,True,Quercus alba,0.9,"[{""species"": ""Quercus alba"", ""confidence"": 0.9}, {""species"": ""Quercus bicolor"", ""confidence"": 0.8}, {""species"": ""Quercus macrocarpa"", ""confidence"": 0.7}, {""species"": ""Quercus muehlenbergii"", ""confidence"": 0.6}, {""species"": ""Quercus palustris"", ""confidence"": 0.5}]",False,True,bur oak,Fagaceae,fruit,as borne on the plant,https://bioimages.vanderbilt.edu/tn/baskauf/tquma2-fr15615.jpg,https://bioimages.vanderbilt.edu/gq/baskauf/gquma2-fr15615.jpg,Steven J. Baskauf,http://creativecommons.org/licenses/by/4.0/,4,2,1010,2,False,False,False,embedding_disagreement
baskauf/15620,baskauf_15620.jpg,vanderbilt/6-135,twig,Quercus macrocarpa,Quercus macrocarpa,0.55942434,"[{""species"": ""Quercus macrocarpa"", ""confidence"": 0.5594243407249451}, {""species"": ""Quercus muehlenbergii"", ""confidence"": 0.4356801211833954}, {""species"": ""Quercus bicolor"", ""confidence"": 0.004839968867599964}, {""species"": ""Quercus alba"", ""confidence"": 5.376719855121337e-05}, {""species"": ""Quercus palustris"", ""confidence"": 1.6236288047366543e-06}]",True,True,Quercus alba,0.77827649,"[{""species"": ""Quercus alba"", ""confidence"": 0.7782764861863504}, {""species"": ""Acer saccharum"", ""confidence"": 0.050262342027186775}, {""species"": ""Quercus macrocarpa"", ""confidence"": 0.04697399472871848}, {""species"": ""Quercus muehlenbergii"", ""confidence"": 0.0447778942183668}, {""species"": ""Quercus palustris"", ""confidence"": 0.01622082870590211}]",False,True,Quercus alba,0.54,"[{""species"": ""Quercus alba"", ""confidence"": 0.54}, {""species"": ""Quercus bicolor"", ""confidence"": 0.21}, {""species"": ""Quercus macrocarpa"", ""confidence"": 0.11}, {""species"": ""Sassafras albidum"", ""confidence"": 0.09}, {""species"": ""Quercus muehlenbergii"", ""confidence"": 0.05}]",False,True,Quercus alba,0.7,"[{""species"": ""Quercus alba"", ""confidence"": 0.7}, {""species"": ""Quercus rubra"", ""confidence"": 0.6}, {""species"": ""Quercus velutina"", ""confidence"": 0.5}, {""species"": ""Quercus bicolor"", ""confidence"": 0.4}, {""species"": ""Quercus macrocarpa"", ""confidence"": 0.3}]",False,True,bur oak,Fagaceae,twig,orientation of petioles,https://bioimages.vanderbilt.edu/tn/baskauf/tquma2-tw15620.jpg,https://bioimages.vanderbilt.edu/gq/baskauf/gquma2-tw15620.jpg,Steven J. Baskauf,http://creativecommons.org/licenses/by/4.0/,4,1,1000,2,False,False,True,bioclip_only_correct|embedding_disagreement
baskauf/15624,baskauf_15624.jpg,vanderbilt/6-135,leaf,Quercus macrocarpa,Quercus macrocarpa,0.97551471,"[{""species"": ""Quercus macrocarpa"", ""confidence"": 0.9755147099494934}, {""species"": ""Quercus bicolor"", ""confidence"": 0.017867175862193108}, {""species"": ""Quercus muehlenbergii"", ""confidence"": 0.00657296646386385}, {""species"": ""Quercus alba"", ""confidence"": 4.428829925018363e-05}, {""species"": ""Quercus rubra"", ""confidence"": 7.158536732276843e-07}]",True,True,Quercus bicolor,0.39480956,"[{""species"": ""Quercus bicolor"", ""confidence"": 0.3948095648872903}, {""species"": ""Quercus macrocarpa"", ""confidence"": 0.24152775895328762}, {""species"": ""Quercus alba"", ""confidence"": 0.17943622038571305}, {""species"": ""Platanus occidentalis"", ""confidence"": 0.03714394099318667}, {""species"": ""Sassafras albidum"", ""confidence"": 0.03085670505354103}]",False,True,Quercus alba,0.73,"[{""species"": ""Quercus alba"", ""confidence"": 0.73}, {""species"": ""Quercus bicolor"", ""confidence"": 0.61}, {""species"": ""Quercus macrocarpa"", ""confidence"": 0.29}, {""species"": ""Quercus muehlenbergii"", ""confidence"": 0.09}, {""species"": ""Quercus rubra"", ""confidence"": 0.04}]",False,True,Quercus alba,0.9,"[{""species"": ""Quercus alba"", ""confidence"": 0.9}, {""species"": ""Quercus bicolor"", ""confidence"": 0.8}, {""species"": ""Quercus macrocarpa"", ""confidence"": 0.7}, {""species"": ""Quercus muehlenbergii"", ""confidence"": 0.6}, {""species"": ""Quercus rubra"", ""confidence"": 0.5}]",False,True,bur oak,Fagaceae,leaf,margin of upper + lower surface,https://bioimages.vanderbilt.edu/tn/baskauf/tquma2-lfmargin-uplow15624.jpg,https://bioimages.vanderbilt.edu/gq/baskauf/gquma2-lfmargin-uplow15624.jpg,Steven J. Baskauf,http://creativecommons.org/licenses/by/4.0/,4,1,1000,3,False,False,True,bioclip_only_correct|embedding_disagreement
baskauf/90661,baskauf_90661.jpg,vanderbilt/6-135,whole tree (or vine),Quercus macrocarpa,Quercus macrocarpa,0.69323432,"[{""species"": ""Quercus macrocarpa"", ""confidence"": 0.6932343244552612}, {""species"": ""Quercus muehlenbergii"", ""confidence"": 0.2550266683101654}, {""species"": ""Quercus palustris"", ""confidence"": 0.03451410308480263}, {""species"": ""Quercus bicolor"", ""confidence"": 0.016303308308124542}, {""species"": ""Quercus alba"", ""confidence"": 0.0008116938988678157}]",True,True,Fraxinus pennsylvanica,0.3511053,"[{""species"": ""Fraxinus pennsylvanica"", ""confidence"": 0.3511052971675784}, {""species"": ""Quercus rubra"", ""confidence"": 0.2835504453844542}, {""species"": ""Celtis occidentalis"", ""confidence"": 0.053267487746886395}, {""species"": ""Fagus grandifolia"", ""confidence"": 0.03956587652838728}, {""species"": ""Quercus muehlenbergii"", ""confidence"": 0.030954739281784233}]",False,False,Quercus alba,0.38,"[{""species"": ""Quercus alba"", ""confidence"": 0.38}, {""species"": ""Quercus macrocarpa"", ""confidence"": 0.26}, {""species"": ""Quercus rubra"", ""confidence"": 0.19}, {""species"": ""Quercus bicolor"", ""confidence"": 0.11}, {""species"": ""Quercus velutina"", ""confidence"": 0.08}]",False,True,Quercus alba,0.7,"[{""species"": ""Quercus alba"", ""confidence"": 0.7}, {""species"": ""Quercus rubra"", ""confidence"": 0.6}, {""species"": ""Quercus bicolor"", ""confidence"": 0.5}, {""species"": ""Quercus macrocarpa"", ""confidence"": 0.4}, {""species"": ""Quercus velutina"", ""confidence"": 0.3}]",False,True,bur oak,Fagaceae,whole tree (or vine),general,https://bioimages.vanderbilt.edu/tn/baskauf/t90661.jpg,https://bioimages.vanderbilt.edu/gq/baskauf/g90661.jpg,Steven J. Baskauf,http://creativecommons.org/licenses/by/4.0/,4,1,1000,3,False,False,True,bioclip_only_correct|embedding_disagreement
baskauf/17542,baskauf_17542.jpg,vanderbilt/6-15,twig,Pinus strobus,Pinus strobus,0.99999964,"[{""species"": ""Pinus strobus"", ""confidence"": 0.9999996423721313}, {""species"": ""Sorbus americana"", ""confidence"": 1.2751901579122205e-07}, {""species"": ""Quercus palustris"", ""confidence"": 6.825601417403959e-08}, {""species"": ""Picea rubens"", ""confidence"": 6.023572041158332e-08}, {""species"": ""Tsuga canadensis"", ""confidence"": 4.1399363936989175e-08}]",True,True,Pinus strobus,0.92004147,"[{""species"": ""Pinus strobus"", ""confidence"": 0.9200414732350837}, {""species"": ""Picea rubens"", ""confidence"": 0.03931004742328706}, {""species"": ""Juglans nigra"", ""confidence"": 0.00915223402084606}, {""species"": ""Nyssa sylvatica"", ""confidence"": 0.006955205022887417}, {""species"": ""Tsuga canadensis"", ""confidence"": 0.0030320825212549985}]",True,True,Pinus strobus,0.98,"[{""species"": ""Pinus strobus"", ""confidence"": 0.98}, {""species"": ""Pinus resinosa"", ""confidence"": 0.08}, {""species"": ""Pinus rigida"", ""confidence"": 0.04}, {""species"": ""Tsuga canadensis"", ""confidence"": 0.02}, {""species"": ""Picea glauca"", ""confidence"": 0.01}]",True,True,Pinus strobus,0.8,"[{""species"": ""Pinus strobus"", ""confidence"": 0.8}, {""species"": ""Pinus resinosa"", ""confidence"": 0.7}, {""species"": ""Pinus rigida"", ""confidence"": 0.6}, {""species"": ""Picea glauca"", ""confidence"": 0.3}, {""species"": ""Picea rubens"", ""confidence"": 0.2}]",True,True,eastern white pine,Pinaceae,twig,showing attachment of needles,https://bioimages.vanderbilt.edu/tn/baskauf/tpist--tw17542.jpg,https://bioimages.vanderbilt.edu/gq/baskauf/gpist--tw17542.jpg,Steven J. Baskauf,http://creativecommons.org/licenses/by/4.0/,3,4,1111,1,True,True,True,all_four_correct
baskauf/17544,baskauf_17544.jpg,vanderbilt/6-15,bark,Pinus strobus,Pinus strobus,0.98624086,"[{""species"": ""Pinus strobus"", ""confidence"": 0.9862408638000488}, {""species"": ""Quercus palustris"", ""confidence"": 0.00853265542536974}, {""species"": ""Tsuga canadensis"", ""confidence"": 0.002157393144443631}, {""species"": ""Gleditsia triacanthos"", ""confidence"": 0.0014827531995251775}, {""species"": ""Gymnocladus dioicus"", ""confidence"": 0.0011547693284228444}]",True,True,Quercus bicolor,0.18682411,"[{""species"": ""Quercus bicolor"", ""confidence"": 0.18682410641169972}, {""species"": ""Quercus palustris"", ""confidence"": 0.12331365397721492}, {""species"": ""Gymnocladus dioicus"", ""confidence"": 0.09999647088946152}, {""species"": ""Juglans nigra"", ""confidence"": 0.0503369655618153}, {""species"": ""Acer saccharum"", ""confidence"": 0.0455173396220449}]",False,False,Robinia pseudoacacia,0.7,"[{""species"": ""Robinia pseudoacacia"", ""confidence"": 0.7}, {""species"": ""Quercus velutina"", ""confidence"": 0.4}, {""species"": ""Ulmus rubra"", ""confidence"": 0.25}, {""species"": ""Fraxinus americana"", ""confidence"": 0.18}, {""species"": ""Celtis occidentalis"", ""confidence"": 0.12}]",False,False,Pinus strobus,0.7,"[{""species"": ""Pinus strobus"", ""confidence"": 0.7}, {""species"": ""Pinus resinosa"", ""confidence"": 0.6}, {""species"": ""Pinus rigida"", ""confidence"": 0.5}, {""species"": ""Picea glauca"", ""confidence"": 0.4}, {""species"": ""Picea rubens"", ""confidence"": 0.3}]",True,True,eastern white pine,Pinaceae,bark,of a medium tree or large branch,https://bioimages.vanderbilt.edu/tn/baskauf/tpist--brmedium17544.jpg,https://bioimages.vanderbilt.edu/gq/baskauf/gpist--brmedium17544.jpg,Steven J. Baskauf,http://creativecommons.org/licenses/by/4.0/,3,2,1001,3,False,False,False,embedding_disagreement
baskauf/17546,baskauf_17546.jpg,vanderbilt/6-15,bark,Pinus strobus,Pinus strobus,0.99980134,"[{""species"": ""Pinus strobus"", ""confidence"": 0.9998013377189636}, {""species"": ""Prunus serotina"", ""confidence"": 0.00015842982975300401}, {""species"": ""Ostrya virginiana"", ""confidence"": 2.1441148419398814e-05}, {""species"": ""Amelanchier arborea"", ""confidence"": 5.421170953923138e-06}, {""species"": ""Betula alleghaniensis"", ""confidence"": 2.9017439828749048e-06}]",True,True,Pinus strobus,0.45403212,"[{""species"": ""Pinus strobus"", ""confidence"": 0.4540321157281826}, {""species"": ""Juglans cinerea"", ""confidence"": 0.15429098032890187}, {""species"": ""Tsuga canadensis"", ""confidence"": 0.07460920264457964}, {""species"": ""Prunus serotina"", ""confidence"": 0.04124890224515508}, {""species"": ""Gleditsia triacanthos"", ""confidence"": 0.03749566597345363}]",True,True,Betula papyrifera,0.88,"[{""species"": ""Betula papyrifera"", ""confidence"": 0.88}, {""species"": ""Populus tremuloides"", ""confidence"": 0.44}, {""species"": ""Betula alleghaniensis"", ""confidence"": 0.19}, {""species"": ""Prunus pensylvanica"", ""confidence"": 0.11}, {""species"": ""Betula lenta"", ""confidence"": 0.06}]",False,False,Pinus strobus,0.8,"[{""species"": ""Pinus strobus"", ""confidence"": 0.8}, {""species"": ""Pinus rigida"", ""confidence"": 0.7}, {""species"": ""Pinus resinosa"", ""confidence"": 0.6}, {""species"": ""Tsuga canadensis"", ""confidence"": 0.4}, {""species"": ""Picea glauca"", ""confidence"": 0.3}]",True,True,eastern white pine,Pinaceae,bark,of a small tree or small branch,https://bioimages.vanderbilt.edu/tn/baskauf/tpist--brsmall17546.jpg,https://bioimages.vanderbilt.edu/gq/baskauf/gpist--brsmall17546.jpg,Steven J. Baskauf,http://creativecommons.org/licenses/by/4.0/,3,3,1101,2,False,True,False,
baskauf/43789,baskauf_43789.jpg,vanderbilt/6-189,fruit,Carpinus caroliniana,Carpinus caroliniana,0.99999213,"[{""species"": ""Carpinus caroliniana"", ""confidence"": 0.9999921321868896}, {""species"": ""Ostrya virginiana"", ""confidence"": 7.889262633398175e-06}, {""species"": ""Fagus grandifolia"", ""confidence"": 1.416597616987758e-09}, {""species"": ""Amelanchier arborea"", ""confidence"": 2.5945891268808197e-11}, {""species"": ""Gleditsia triacanthos"", ""confidence"": 1.5736979427916076e-11}]",True,True,Carpinus caroliniana,0.20288979,"[{""species"": ""Carpinus caroliniana"", ""confidence"": 0.20288978839595515}, {""species"": ""Cercis canadensis"", ""confidence"": 0.19094348079971935}, {""species"": ""Acer negundo"", ""confidence"": 0.17240686486616538}, {""species"": ""Acer saccharum"", ""confidence"": 0.06292831547921626}, {""species"": ""Acer rubrum"", ""confidence"": 0.06233368379431339}]",True,True,Acer negundo,0.74,"[{""species"": ""Acer negundo"", ""confidence"": 0.74}, {""species"": ""Acer saccharinum"", ""confidence"": 0.33}, {""species"": ""Acer rubrum"", ""confidence"": 0.18}, {""species"": ""Acer platanoides"", ""confidence"": 0.12}, {""species"": ""Acer saccharum"", ""confidence"": 0.08}]",False,False,Carpinus caroliniana,0.7,"[{""species"": ""Carpinus caroliniana"", ""confidence"": 0.7}, {""species"": ""Ostrya virginiana"", ""confidence"": 0.6}, {""species"": ""Betula alleghaniensis"", ""confidence"": 0.4}, {""species"": ""Betula lenta"", ""confidence"": 0.3}, {""species"": ""Fagus grandifolia"", ""confidence"": 0.2}]",True,True,American hornbeam,Betulaceae,fruit,lateral or general close-up,https://bioimages.vanderbilt.edu/tn/baskauf/tcaca18frmature43789.jpg,https://bioimages.vanderbilt.edu/gq/baskauf/gcaca18frmature43789.jpg,Steven J. Baskauf,http://creativecommons.org/licenses/by/4.0/,6,3,1101,2,False,True,False,
baskauf/43792,baskauf_43792.jpg,vanderbilt/6-189,fruit,Carpinus caroliniana,Carpinus caroliniana,0.99956948,"[{""species"": ""Carpinus caroliniana"", ""confidence"": 0.9995694756507874}, {""species"": ""Ostrya virginiana"", ""confidence"": 0.0004305570910219103}, {""species"": ""Fagus grandifolia"", ""confidence"": 1.522342429893797e-08}, {""species"": ""Tilia americana"", ""confidence"": 5.600384156423388e-09}, {""species"": ""Amelanchier arborea"", ""confidence"": 1.8181786076709727e-09}]",True,True,Carpinus caroliniana,0.17983348,"[{""species"": ""Carpinus caroliniana"", ""confidence"": 0.17983348273498984}, {""species"": ""Acer negundo"", ""confidence"": 0.13962887161175166}, {""species"": ""Ulmus americana"", ""confidence"": 0.13788281481448691}, {""species"": ""Cercis canadensis"", ""confidence"": 0.095552669417174}, {""species"": ""Gleditsia triacanthos"", ""confidence"": 0.07576283851717912}]",True,True,Acer negundo,0.8,"[{""species"": ""Acer negundo"", ""confidence"": 0.8}, {""species"": ""Acer saccharinum"", ""confidence"": 0.42}, {""species"": ""Acer rubrum"", ""confidence"": 0.23}, {""species"": ""Acer saccharum"", ""confidence"": 0.16}, {""species"": ""Acer nigrum"", ""confidence"": 0.12}]",False,False,Acer saccharum,0.8,"[{""species"": ""Acer saccharum"", ""confidence"": 0.8}, {""species"": ""Acer nigrum"", ""confidence"": 0.75}, {""species"": ""Acer saccharinum"", ""confidence"": 0.7}, {""species"": ""Acer rubrum"", ""confidence"": 0.65}, {""species"": ""Acer platanoides"", ""confidence"": 0.6}]",False,False,American hornbeam,Betulaceae,fruit,lateral or general close-up,https://bioimages.vanderbilt.edu/tn/baskauf/tcaca18frmature43792.jpg,https://bioimages.vanderbilt.edu/gq/baskauf/gcaca18frmature43792.jpg,Steven J. Baskauf,http://creativecommons.org/licenses/by/4.0/,6,2,1100,3,False,True,False,
baskauf/50597,baskauf_50597.jpg,vanderbilt/6-189,inflorescence,Carpinus caroliniana,Carpinus caroliniana,0.98545849,"[{""species"": ""Carpinus caroliniana"", ""confidence"": 0.985458493232727}, {""species"": ""Ostrya virginiana"", ""confidence"": 0.014056810177862644}, {""species"": ""Ulmus americana"", ""confidence"": 0.00042447890155017376}, {""species"": ""Amelanchier arborea"", ""confidence"": 3.4843349567381665e-05}, {""species"": ""Ulmus rubra"", ""confidence"": 2.3947459339979105e-05}]",True,True,Carpinus caroliniana,0.75366569,"[{""species"": ""Carpinus caroliniana"", ""confidence"": 0.7536656855583432}, {""species"": ""Ostrya virginiana"", ""confidence"": 0.07179856502374563}, {""species"": ""Ilex verticillata"", ""confidence"": 0.05033327579783753}, {""species"": ""Acer rubrum"", ""confidence"": 0.030805836502760243}, {""species"": ""Ulmus americana"", ""confidence"": 0.010195253746505317}]",True,True,Ostrya virginiana,0.72,"[{""species"": ""Ostrya virginiana"", ""confidence"": 0.72}, {""species"": ""Betula lenta"", ""confidence"": 0.33}, {""species"": ""Carpinus caroliniana"", ""confidence"": 0.26}, {""species"": ""Betula alleghaniensis"", ""confidence"": 0.16}, {""species"": ""Ulmus americana"", ""confidence"": 0.09}]",False,True,Carpinus caroliniana,0.7,"[{""species"": ""Carpinus caroliniana"", ""confidence"": 0.7}, {""species"": ""Ostrya virginiana"", ""confidence"": 0.6}, {""species"": ""Betula lenta"", ""confidence"": 0.4}, {""species"": ""Betula papyrifera"", ""confidence"": 0.3}, {""species"": ""Fagus grandifolia"", ""confidence"": 0.2}]",True,True,American hornbeam,Betulaceae,inflorescence,whole - female,https://bioimages.vanderbilt.edu/tn/baskauf/tcaca18flfemale50597.jpg,https://bioimages.vanderbilt.edu/gq/baskauf/gcaca18flfemale50597.jpg,Steven J. Baskauf,http://creativecommons.org/licenses/by/4.0/,6,3,1101,2,False,True,False,
baskauf/50598,baskauf_50598.jpg,vanderbilt/6-189,inflorescence,Carpinus caroliniana,Carpinus caroliniana,0.99998701,"[{""species"": ""Carpinus caroliniana"", ""confidence"": 0.999987006187439}, {""species"": ""Ostrya virginiana"", ""confidence"": 1.3007128472963814e-05}, {""species"": ""Castanea dentata"", ""confidence"": 2.3355626321830414e-09}, {""species"": ""Fagus grandifolia"", ""confidence"": 1.6052070783700856e-09}, {""species"": ""Carya ovata"", ""confidence"": 8.592055400491461e-10}]",True,True,Carpinus caroliniana,0.82522776,"[{""species"": ""Carpinus caroliniana"", ""confidence"": 0.8252277587889677}, {""species"": ""Ostrya virginiana"", ""confidence"": 0.07424760973318197}, {""species"": ""Prunus serotina"", ""confidence"": 0.015155726909877928}, {""species"": ""Carya cordiformis"", ""confidence"": 0.014893676835528781}, {""species"": ""Salix nigra"", ""confidence"": 0.006172199582938753}]",True,True,Ostrya virginiana,0.7,"[{""species"": ""Ostrya virginiana"", ""confidence"": 0.7}, {""species"": ""Carpinus caroliniana"", ""confidence"": 0.4}, {""species"": ""Betula lenta"", ""confidence"": 0.25}, {""species"": ""Betula alleghaniensis"", ""confidence"": 0.18}, {""species"": ""Betula papyrifera"", ""confidence"": 0.1}]",False,True,Ostrya virginiana,0.8,"[{""species"": ""Ostrya virginiana"", ""confidence"": 0.8}, {""species"": ""Carpinus caroliniana"", ""confidence"": 0.6}, {""species"": ""Betula alleghaniensis"", ""confidence"": 0.5}, {""species"": ""Betula lenta"", ""confidence"": 0.4}, {""species"": ""Betula papyrifera"", ""confidence"": 0.3}]",False,True,American hornbeam,Betulaceae,inflorescence,whole - male,https://bioimages.vanderbilt.edu/tn/baskauf/tcaca18flmale50598.jpg,https://bioimages.vanderbilt.edu/gq/baskauf/gcaca18flmale50598.jpg,Steven J. Baskauf,http://creativecommons.org/licenses/by/4.0/,6,2,1100,2,False,True,True,vlm_embedding_consensus_conflict
baskauf/50601,baskauf_50601.jpg,vanderbilt/6-189,inflorescence,Carpinus caroliniana,Carpinus caroliniana,0.98877305,"[{""species"": ""Carpinus caroliniana"", ""confidence"": 0.9887730479240417}, {""species"": ""Ostrya virginiana"", ""confidence"": 0.010984277352690697}, {""species"": ""Betula alleghaniensis"", ""confidence"": 0.0001566822757013142}, {""species"": ""Betula lenta"", ""confidence"": 7.401147740893066e-05}, {""species"": ""Amelanchier arborea"", ""confidence"": 5.3613730415236205e-06}]",True,True,Carpinus caroliniana,0.49617565,"[{""species"": ""Carpinus caroliniana"", ""confidence"": 0.49617564687432675}, {""species"": ""Ostrya virginiana"", ""confidence"": 0.17265447681473783}, {""species"": ""Prunus serotina"", ""confidence"": 0.034671444936657005}, {""species"": ""Quercus palustris"", ""confidence"": 0.03466865788076884}, {""species"": ""Carya cordiformis"", ""confidence"": 0.025922654459184923}]",True,True,Betula lenta,0.56,"[{""species"": ""Betula lenta"", ""confidence"": 0.56}, {""species"": ""Ostrya virginiana"", ""confidence"": 0.2}, {""species"": ""Betula papyrifera"", ""confidence"": 0.14}, {""species"": ""Populus tremuloides"", ""confidence"": 0.08}, {""species"": ""Carpinus caroliniana"", ""confidence"": 0.06}]",False,True,Ostrya virginiana,0.8,"[{""species"": ""Ostrya virginiana"", ""confidence"": 0.8}, {""species"": ""Carpinus caroliniana"", ""confidence"": 0.7}, {""species"": ""Betula papyrifera"", ""confidence"": 0.5}, {""species"": ""Betula lenta"", ""confidence"": 0.4}, {""species"": ""Populus tremuloides"", ""confidence"": 0.3}]",False,True,American hornbeam,Betulaceae,inflorescence,whole - unspecified,https://bioimages.vanderbilt.edu/tn/baskauf/tcaca18flinflor50601.jpg,https://bioimages.vanderbilt.edu/gq/baskauf/gcaca18flinflor50601.jpg,Steven J. Baskauf,http://creativecommons.org/licenses/by/4.0/,6,2,1100,3,False,True,False,
baskauf/91059,baskauf_91059.jpg,vanderbilt/6-189,whole tree (or vine),Carpinus caroliniana,Fagus grandifolia,0.52703249,"[{""species"": ""Fagus grandifolia"", ""confidence"": 0.5270324945449829}, {""species"": ""Carpinus caroliniana"", ""confidence"": 0.41045334935188293}, {""species"": ""Ostrya virginiana"", ""confidence"": 0.029733141884207726}, {""species"": ""Celtis occidentalis"", ""confidence"": 0.020435268059372902}, {""species"": ""Amelanchier arborea"", ""confidence"": 0.010938210412859917}]",False,True,Cornus florida,0.17821449,"[{""species"": ""Cornus florida"", ""confidence"": 0.17821449354044813}, {""species"": ""Juglans nigra"", ""confidence"": 0.15114506444290046}, {""species"": ""Fraxinus americana"", ""confidence"": 0.12212851085733561}, {""species"": ""Ostrya virginiana"", ""confidence"": 0.07619688838960074}, {""species"": ""Quercus muehlenbergii"", ""confidence"": 0.06909601954685615}]",False,False,Cornus florida,0.35,"[{""species"": ""Cornus florida"", ""confidence"": 0.35}, {""species"": ""Amelanchier arborea"", ""confidence"": 0.24}, {""species"": ""Ostrya virginiana"", ""confidence"": 0.15}, {""species"": ""Acer negundo"", ""confidence"": 0.11}, {""species"": ""Prunus virginiana"", ""confidence"": 0.08}]",False,False,Carpinus caroliniana,0.7,"[{""species"": ""Carpinus caroliniana"", ""confidence"": 0.7}, {""species"": ""Ostrya virginiana"", ""confidence"": 0.6}, {""species"": ""Ulmus rubra"", ""confidence"": 0.5}, {""species"": ""Celtis occidentalis"", ""confidence"": 0.4}, {""species"": ""Acer negundo"", ""confidence"": 0.3}]",True,True,American hornbeam,Betulaceae,whole tree (or vine),general,https://bioimages.vanderbilt.edu/tn/baskauf/t91059.jpg,https://bioimages.vanderbilt.edu/gq/baskauf/g91059.jpg,Steven J. Baskauf,http://creativecommons.org/licenses/by/4.0/,6,1,0001,3,False,False,False,bioclip_wrong_vlm_rescue|bioclip_and_dino_wrong|embedding_disagreement
baskauf/50973,baskauf_50973.jpg,vanderbilt/6-215,inflorescence,Sassafras albidum,Sassafras albidum,0.99997246,"[{""species"": ""Sassafras albidum"", ""confidence"": 0.9999724626541138}, {""species"": ""Lindera benzoin"", ""confidence"": 2.7535692424862646e-05}, {""species"": ""Carya cordiformis"", ""confidence"": 5.602642350055476e-09}, {""species"": ""Carya ovata"", ""confidence"": 3.850635810209724e-09}, {""species"": ""Cephalanthus occidentalis"", ""confidence"": 1.2501184531998888e-09}]",True,True,Fraxinus pennsylvanica,0.22545329,"[{""species"": ""Fraxinus pennsylvanica"", ""confidence"": 0.22545328644626225}, {""species"": ""Sassafras albidum"", ""confidence"": 0.1719926713308771}, {""species"": ""Quercus palustris"", ""confidence"": 0.1163296017891648}, {""species"": ""Fagus grandifolia"", ""confidence"": 0.07097236371304182}, {""species"": ""Tilia americana"", ""confidence"": 0.049487968950482845}]",False,True,Acer saccharum,0.72,"[{""species"": ""Acer saccharum"", ""confidence"": 0.72}, {""species"": ""Acer nigrum"", ""confidence"": 0.48}, {""species"": ""Acer platanoides"", ""confidence"": 0.31}, {""species"": ""Acer negundo"", ""confidence"": 0.12}, {""species"": ""Acer saccharinum"", ""confidence"": 0.08}]",False,False,Carpinus caroliniana,0.7,"[{""species"": ""Carpinus caroliniana"", ""confidence"": 0.7}, {""species"": ""Ostrya virginiana"", ""confidence"": 0.6}, {""species"": ""Betula alleghaniensis"", ""confidence"": 0.4}, {""species"": ""Betula lenta"", ""confidence"": 0.3}, {""species"": ""Fagus grandifolia"", ""confidence"": 0.2}]",False,False,sassafras,Lauraceae,inflorescence,whole - female,https://bioimages.vanderbilt.edu/tn/baskauf/tsaal5-flfemale50973.jpg,https://bioimages.vanderbilt.edu/gq/baskauf/gsaal5-flfemale50973.jpg,Steven J. Baskauf,http://creativecommons.org/licenses/by/4.0/,5,1,1000,4,False,False,False,bioclip_only_correct|embedding_disagreement
baskauf/50974,baskauf_50974.jpg,vanderbilt/6-215,inflorescence,Sassafras albidum,Sassafras albidum,0.99998701,"[{""species"": ""Sassafras albidum"", ""confidence"": 0.999987006187439}, {""species"": ""Lindera benzoin"", ""confidence"": 1.3007128472963814e-05}, {""species"": ""Carya cordiformis"", ""confidence"": 5.602723618380878e-09}, {""species"": ""Carya ovata"", ""confidence"": 1.6052070783700856e-09}, {""species"": ""Acer saccharum"", ""confidence"": 1.2501366608574926e-09}]",True,True,Sassafras albidum,0.41179985,"[{""species"": ""Sassafras albidum"", ""confidence"": 0.4117998453549658}, {""species"": ""Quercus palustris"", ""confidence"": 0.2011995682029619}, {""species"": ""Fagus grandifolia"", ""confidence"": 0.059376424836722584}, {""species"": ""Quercus rubra"", ""confidence"": 0.03313729815346939}, {""species"": ""Ginkgo biloba"", ""confidence"": 0.024305158482946707}]",True,True,Acer saccharinum,0.42,"[{""species"": ""Acer saccharinum"", ""confidence"": 0.42}, {""species"": ""Acer saccharum"", ""confidence"": 0.28}, {""species"": ""Acer nigrum"", ""confidence"": 0.14}, {""species"": ""Acer negundo"", ""confidence"": 0.1}, {""species"": ""Acer rubrum"", ""confidence"": 0.06}]",False,False,Carpinus caroliniana,0.7,"[{""species"": ""Carpinus caroliniana"", ""confidence"": 0.7}, {""species"": ""Ostrya virginiana"", ""confidence"": 0.6}, {""species"": ""Amelanchier arborea"", ""confidence"": 0.5}, {""species"": ""Celtis occidentalis"", ""confidence"": 0.4}, {""species"": ""Lindera benzoin"", ""confidence"": 0.3}]",False,False,sassafras,Lauraceae,inflorescence,lateral view of flower,https://bioimages.vanderbilt.edu/tn/baskauf/tsaal5-flfemale-side50974.jpg,https://bioimages.vanderbilt.edu/gq/baskauf/gsaal5-flfemale-side50974.jpg,Steven J. Baskauf,http://creativecommons.org/licenses/by/4.0/,5,2,1100,3,False,True,False,
baskauf/50977,baskauf_50977.jpg,vanderbilt/6-215,inflorescence,Sassafras albidum,Sassafras albidum,0.99999571,"[{""species"": ""Sassafras albidum"", ""confidence"": 0.9999957084655762}, {""species"": ""Lindera benzoin"", ""confidence"": 4.2228330130456015e-06}, {""species"": ""Cornus amomum"", ""confidence"": 1.275185042004523e-07}, {""species"": ""Acer saccharum"", ""confidence"": 6.34877306282533e-09}, {""species"": ""Carya cordiformis"", ""confidence"": 4.363443828481195e-09}]",True,True,Sassafras albidum,0.59436946,"[{""species"": ""Sassafras albidum"", ""confidence"": 0.594369455840401}, {""species"": ""Quercus palustris"", ""confidence"": 0.06776349941402991}, {""species"": ""Toxicodendron radicans"", ""confidence"": 0.03982336102806832}, {""species"": ""Tilia americana"", ""confidence"": 0.022670016302323147}, {""species"": ""Fraxinus pennsylvanica"", ""confidence"": 0.02210346580947397}]",True,True,Tilia americana,0.98,"[{""species"": ""Tilia americana"", ""confidence"": 0.98}, {""species"": ""Acer saccharum"", ""confidence"": 0.08}, {""species"": ""Acer rubrum"", ""confidence"": 0.05}, {""species"": ""Acer platanoides"", ""confidence"": 0.04}, {""species"": ""Acer saccharinum"", ""confidence"": 0.03}]",False,False,Acer saccharum,0.8,"[{""species"": ""Acer saccharum"", ""confidence"": 0.8}, {""species"": ""Acer nigrum"", ""confidence"": 0.7}, {""species"": ""Acer rubrum"", ""confidence"": 0.6}, {""species"": ""Acer saccharinum"", ""confidence"": 0.5}, {""species"": ""Acer platanoides"", ""confidence"": 0.4}]",False,False,sassafras,Lauraceae,inflorescence,frontal view of flower,https://bioimages.vanderbilt.edu/tn/baskauf/tsaal5-flfemale-front50977.jpg,https://bioimages.vanderbilt.edu/gq/baskauf/gsaal5-flfemale-front50977.jpg,Steven J. Baskauf,http://creativecommons.org/licenses/by/4.0/,5,2,1100,3,False,True,False,
baskauf/50978,baskauf_50978.jpg,vanderbilt/6-215,inflorescence,Sassafras albidum,Sassafras albidum,0.99989331,"[{""species"": ""Sassafras albidum"", ""confidence"": 0.999893307685852}, {""species"": ""Lindera benzoin"", ""confidence"": 9.610140114091337e-05}, {""species"": ""Cornus amomum"", ""confidence"": 7.888483196438756e-06}, {""species"": ""Cornus florida"", ""confidence"": 2.561015435276204e-06}, {""species"": ""Cephalanthus occidentalis"", ""confidence"": 7.733596874004434e-08}]",True,True,Fraxinus pennsylvanica,0.43630862,"[{""species"": ""Fraxinus pennsylvanica"", ""confidence"": 0.436308617316847}, {""species"": ""Acer negundo"", ""confidence"": 0.2705529922634956}, {""species"": ""Tilia americana"", ""confidence"": 0.08557754655031012}, {""species"": ""Sassafras albidum"", ""confidence"": 0.033733476031748394}, {""species"": ""Quercus rubra"", ""confidence"": 0.024871862444799813}]",False,True,Acer saccharum,0.79,"[{""species"": ""Acer saccharum"", ""confidence"": 0.79}, {""species"": ""Acer nigrum"", ""confidence"": 0.46}, {""species"": ""Acer platanoides"", ""confidence"": 0.31}, {""species"": ""Acer rubrum"", ""confidence"": 0.11}, {""species"": ""Acer saccharinum"", ""confidence"": 0.05}]",False,False,Gymnocladus dioicus,0.7,"[{""species"": ""Gymnocladus dioicus"", ""confidence"": 0.7}, {""species"": ""Gleditsia triacanthos"", ""confidence"": 0.6}, {""species"": ""Cercis canadensis"", ""confidence"": 0.5}, {""species"": ""Robinia pseudoacacia"", ""confidence"": 0.4}, {""species"": ""Aesculus hippocastanum"", ""confidence"": 0.3}]",False,False,sassafras,Lauraceae,inflorescence,whole - female,https://bioimages.vanderbilt.edu/tn/baskauf/tsaal5-flfemale-inflor50978.jpg,https://bioimages.vanderbilt.edu/gq/baskauf/gsaal5-flfemale-inflor50978.jpg,Steven J. Baskauf,http://creativecommons.org/licenses/by/4.0/,5,1,1000,4,False,False,False,bioclip_only_correct|embedding_disagreement
baskauf/91056,baskauf_91056.jpg,vanderbilt/6-215,whole tree (or vine),Sassafras albidum,Sassafras albidum,0.54089016,"[{""species"": ""Sassafras albidum"", ""confidence"": 0.5408901572227478}, {""species"": ""Gymnocladus dioicus"", ""confidence"": 0.42124566435813904}, {""species"": ""Celtis occidentalis"", ""confidence"": 0.026929333806037903}, {""species"": ""Fraxinus quadrangulata"", ""confidence"": 0.004129746928811073}, {""species"": ""Carya ovata"", ""confidence"": 0.0013407326769083738}]",True,True,Quercus macrocarpa,0.31510001,"[{""species"": ""Quercus macrocarpa"", ""confidence"": 0.31510000509032454}, {""species"": ""Juglans nigra"", ""confidence"": 0.18064625516521005}, {""species"": ""Fraxinus americana"", ""confidence"": 0.10179001654888242}, {""species"": ""Ginkgo biloba"", ""confidence"": 0.08176141357375054}, {""species"": ""Celtis occidentalis"", ""confidence"": 0.07106240768804824}]",False,False,Ailanthus altissima,0.54,"[{""species"": ""Ailanthus altissima"", ""confidence"": 0.54}, {""species"": ""Gymnocladus dioicus"", ""confidence"": 0.2}, {""species"": ""Juglans nigra"", ""confidence"": 0.14}, {""species"": ""Fraxinus americana"", ""confidence"": 0.08}, {""species"": ""Carya cordiformis"", ""confidence"": 0.05}]",False,False,Quercus alba,0.6,"[{""species"": ""Quercus alba"", ""confidence"": 0.6}, {""species"": ""Quercus rubra"", ""confidence"": 0.5}, {""species"": ""Quercus bicolor"", ""confidence"": 0.4}, {""species"": ""Quercus macrocarpa"", ""confidence"": 0.3}, {""species"": ""Quercus muehlenbergii"", ""confidence"": 0.2}]",False,False,sassafras,Lauraceae,whole tree (or vine),general,https://bioimages.vanderbilt.edu/tn/baskauf/t91056.jpg,https://bioimages.vanderbilt.edu/gq/baskauf/g91056.jpg,Steven J. Baskauf,http://creativecommons.org/licenses/by/4.0/,5,1,1000,4,False,False,False,bioclip_only_correct|embedding_disagreement
baskauf/51397,baskauf_51397.jpg,vanderbilt/6-239,inflorescence,Nyssa sylvatica,Sassafras albidum,0.40656304,"[{""species"": ""Sassafras albidum"", ""confidence"": 0.40656304359436035}, {""species"": ""Cephalanthus occidentalis"", ""confidence"": 0.21761752665042877}, {""species"": ""Nyssa sylvatica"", ""confidence"": 0.19204679131507874}, {""species"": ""Lindera benzoin"", ""confidence"": 0.16948068141937256}, {""species"": ""Ostrya virginiana"", ""confidence"": 0.005799310281872749}]",False,True,Nyssa sylvatica,0.58223987,"[{""species"": ""Nyssa sylvatica"", ""confidence"": 0.5822398719279593}, {""species"": ""Toxicodendron radicans"", ""confidence"": 0.1513850290476521}, {""species"": ""Cornus amomum"", ""confidence"": 0.056775439703680076}, {""species"": ""Dirca palustris"", ""confidence"": 0.052729160646793886}, {""species"": ""Lonicera morrowii"", ""confidence"": 0.02744810466456407}]",True,True,Lonicera morrowii,0.56,"[{""species"": ""Lonicera morrowii"", ""confidence"": 0.56}, {""species"": ""Cornus amomum"", ""confidence"": 0.18}, {""species"": ""Cornus racemosa"", ""confidence"": 0.11}, {""species"": ""Dirca palustris"", ""confidence"": 0.06}, {""species"": ""Lindera benzoin"", ""confidence"": 0.04}]",False,False,Lindera benzoin,0.7,"[{""species"": ""Lindera benzoin"", ""confidence"": 0.7}, {""species"": ""Cornus amomum"", ""confidence"": 0.6}, {""species"": ""Cornus racemosa"", ""confidence"": 0.5}, {""species"": ""Cornus sericea"", ""confidence"": 0.5}, {""species"": ""Viburnum opulus"", ""confidence"": 0.4}]",False,False,blackgum,Cornaceae,inflorescence,frontal view of flower,https://bioimages.vanderbilt.edu/tn/baskauf/tnysy--flfem-front51397.jpg,https://bioimages.vanderbilt.edu/gq/baskauf/gnysy--flfem-front51397.jpg,Steven J. Baskauf,http://creativecommons.org/licenses/by/4.0/,5,1,0100,4,False,False,False,embedding_disagreement
baskauf/51398,baskauf_51398.jpg,vanderbilt/6-239,inflorescence,Nyssa sylvatica,Lindera benzoin,0.64254552,"[{""species"": ""Lindera benzoin"", ""confidence"": 0.6425455212593079}, {""species"": ""Cephalanthus occidentalis"", ""confidence"": 0.12652471661567688}, {""species"": ""Cornus florida"", ""confidence"": 0.11165766417980194}, {""species"": ""Viburnum lantanoides"", ""confidence"": 0.05976604297757149}, {""species"": ""Ostrya virginiana"", ""confidence"": 0.028231481090188026}]",False,False,Cornus amomum,0.2205907,"[{""species"": ""Cornus amomum"", ""confidence"": 0.2205906981248297}, {""species"": ""Acer saccharum"", ""confidence"": 0.19075977996958246}, {""species"": ""Nyssa sylvatica"", ""confidence"": 0.11057270427426755}, {""species"": ""Toxicodendron radicans"", ""confidence"": 0.079774194567187}, {""species"": ""Lonicera morrowii"", ""confidence"": 0.05779082853655603}]",False,True,Lonicera morrowii,0.93,"[{""species"": ""Lonicera morrowii"", ""confidence"": 0.93}, {""species"": ""Cornus amomum"", ""confidence"": 0.12}, {""species"": ""Cornus sericea"", ""confidence"": 0.08}, {""species"": ""Cornus racemosa"", ""confidence"": 0.06}, {""species"": ""Dirca palustris"", ""confidence"": 0.04}]",False,False,Lonicera morrowii,0.7,"[{""species"": ""Lonicera morrowii"", ""confidence"": 0.7}, {""species"": ""Cornus sericea"", ""confidence"": 0.3}, {""species"": ""Cornus racemosa"", ""confidence"": 0.2}, {""species"": ""Cornus amomum"", ""confidence"": 0.2}, {""species"": ""Sambucus nigra"", ""confidence"": 0.15}]",False,False,blackgum,Cornaceae,inflorescence,lateral view of flower,https://bioimages.vanderbilt.edu/tn/baskauf/tnysy--flfemside51398.jpg,https://bioimages.vanderbilt.edu/gq/baskauf/gnysy--flfemside51398.jpg,Steven J. Baskauf,http://creativecommons.org/licenses/by/4.0/,5,0,0000,3,False,False,True,all_four_wrong|bioclip_and_dino_wrong|embedding_disagreement
baskauf/51402,baskauf_51402.jpg,vanderbilt/6-239,inflorescence,Nyssa sylvatica,Nyssa sylvatica,0.89608264,"[{""species"": ""Nyssa sylvatica"", ""confidence"": 0.8960826396942139}, {""species"": ""Sassafras albidum"", ""confidence"": 0.05055352672934532}, {""species"": ""Lindera benzoin"", ""confidence"": 0.02705935202538967}, {""species"": ""Pyrus calleryana"", ""confidence"": 0.00995458010584116}, {""species"": ""Amelanchier arborea"", ""confidence"": 0.006841675378382206}]",True,True,Nyssa sylvatica,0.66133075,"[{""species"": ""Nyssa sylvatica"", ""confidence"": 0.6613307540805331}, {""species"": ""Dirca palustris"", ""confidence"": 0.04223596836199625}, {""species"": ""Acer saccharum"", ""confidence"": 0.03675660734959778}, {""species"": ""Gymnocladus dioicus"", ""confidence"": 0.03384262972290756}, {""species"": ""Toxicodendron radicans"", ""confidence"": 0.03063125353177769}]",True,True,Lonicera morrowii,0.95,"[{""species"": ""Lonicera morrowii"", ""confidence"": 0.95}, {""species"": ""Cornus amomum"", ""confidence"": 0.08}, {""species"": ""Cornus sericea"", ""confidence"": 0.06}, {""species"": ""Cornus racemosa"", ""confidence"": 0.04}, {""species"": ""Viburnum opulus"", ""confidence"": 0.03}]",False,False,Cornus florida,0.7,"[{""species"": ""Cornus florida"", ""confidence"": 0.7}, {""species"": ""Cornus amomum"", ""confidence"": 0.6}, {""species"": ""Cornus racemosa"", ""confidence"": 0.5}, {""species"": ""Cornus sericea"", ""confidence"": 0.4}, {""species"": ""Viburnum opulus"", ""confidence"": 0.3}]",False,False,blackgum,Cornaceae,inflorescence,lateral view of flower,https://bioimages.vanderbilt.edu/tn/baskauf/tnysy--flfem51402.jpg,https://bioimages.vanderbilt.edu/gq/baskauf/gnysy--flfem51402.jpg,Steven J. Baskauf,http://creativecommons.org/licenses/by/4.0/,5,2,1100,3,False,True,False,
baskauf/51406,baskauf_51406.jpg,vanderbilt/6-239,inflorescence,Nyssa sylvatica,Amelanchier arborea,0.58522868,"[{""species"": ""Amelanchier arborea"", ""confidence"": 0.585228681564331}, {""species"": ""Cephalanthus occidentalis"", ""confidence"": 0.24395962059497833}, {""species"": ""Lindera benzoin"", ""confidence"": 0.10169748961925507}, {""species"": ""Nyssa sylvatica"", ""confidence"": 0.029136821627616882}, {""species"": ""Sassafras albidum"", ""confidence"": 0.020025424659252167}]",False,True,Nyssa sylvatica,0.22742427,"[{""species"": ""Nyssa sylvatica"", ""confidence"": 0.2274242733096577}, {""species"": ""Celtis occidentalis"", ""confidence"": 0.11775748707176267}, {""species"": ""Gymnocladus dioicus"", ""confidence"": 0.10402222728292236}, {""species"": ""Dirca palustris"", ""confidence"": 0.08965798812115099}, {""species"": ""Lonicera morrowii"", ""confidence"": 0.06564087216418604}]",True,True,Cornus amomum,0.64,"[{""species"": ""Cornus amomum"", ""confidence"": 0.64}, {""species"": ""Cornus racemosa"", ""confidence"": 0.15}, {""species"": ""Cornus sericea"", ""confidence"": 0.11}, {""species"": ""Lindera benzoin"", ""confidence"": 0.05}, {""species"": ""Lonicera morrowii"", ""confidence"": 0.03}]",False,False,Lindera benzoin,0.8,"[{""species"": ""Lindera benzoin"", ""confidence"": 0.8}, {""species"": ""Cornus amomum"", ""confidence"": 0.7}, {""species"": ""Cornus racemosa"", ""confidence"": 0.6}, {""species"": ""Cornus sericea"", ""confidence"": 0.5}, {""species"": ""Viburnum opulus"", ""confidence"": 0.4}]",False,False,blackgum,Cornaceae,inflorescence,whole - female,https://bioimages.vanderbilt.edu/tn/baskauf/tnysy--flfem-inflor51406.jpg,https://bioimages.vanderbilt.edu/gq/baskauf/gnysy--flfem-inflor51406.jpg,Steven J. Baskauf,http://creativecommons.org/licenses/by/4.0/,5,1,0100,4,False,False,False,embedding_disagreement
baskauf/91065,baskauf_91065.jpg,vanderbilt/6-239,whole tree (or vine),Nyssa sylvatica,Ilex verticillata,0.51074648,"[{""species"": ""Ilex verticillata"", ""confidence"": 0.5107464790344238}, {""species"": ""Quercus alba"", ""confidence"": 0.309783399105072}, {""species"": ""Quercus palustris"", ""confidence"": 0.11396294087171555}, {""species"": ""Celtis occidentalis"", ""confidence"": 0.019803788512945175}, {""species"": ""Ostrya virginiana"", ""confidence"": 0.015423206612467766}]",False,False,Tilia americana,0.21988692,"[{""species"": ""Tilia americana"", ""confidence"": 0.2198869161956935}, {""species"": ""Nyssa sylvatica"", ""confidence"": 0.14875119299962605}, {""species"": ""Quercus macrocarpa"", ""confidence"": 0.10912891109757746}, {""species"": ""Quercus alba"", ""confidence"": 0.07891367212879122}, {""species"": ""Fraxinus pennsylvanica"", ""confidence"": 0.07850219344370131}]",False,True,Pyrus calleryana,0.68,"[{""species"": ""Pyrus calleryana"", ""confidence"": 0.68}, {""species"": ""Tilia americana"", ""confidence"": 0.24}, {""species"": ""Acer platanoides"", ""confidence"": 0.16}, {""species"": ""Ulmus americana"", ""confidence"": 0.09}, {""species"": ""Celtis occidentalis"", ""confidence"": 0.07}]",False,False,Acer rubrum,0.7,"[{""species"": ""Acer rubrum"", ""confidence"": 0.7}, {""species"": ""Acer saccharum"", ""confidence"": 0.6}, {""species"": ""Quercus rubra"", ""confidence"": 0.5}, {""species"": ""Tilia americana"", ""confidence"": 0.4}, {""species"": ""Ulmus americana"", ""confidence"": 0.3}]",False,False,blackgum,Cornaceae,whole tree (or vine),general,https://bioimages.vanderbilt.edu/tn/baskauf/t91065.jpg,https://bioimages.vanderbilt.edu/gq/baskauf/g91065.jpg,Steven J. Baskauf,http://creativecommons.org/licenses/by/4.0/,5,0,0000,4,False,False,False,all_four_wrong|bioclip_and_dino_wrong|embedding_disagreement
baskauf/89381,baskauf_89381.jpg,vanderbilt/7-298,whole tree (or vine),Acer rubrum,Gleditsia triacanthos,0.9854123,"[{""species"": ""Gleditsia triacanthos"", ""confidence"": 0.9854122996330261}, {""species"": ""Gymnocladus dioicus"", ""confidence"": 0.014056150801479816}, {""species"": ""Quercus palustris"", ""confidence"": 0.00020050023158546537}, {""species"": ""Zanthoxylum americanum"", ""confidence"": 0.0001561497338116169}, {""species"": ""Ailanthus altissima"", ""confidence"": 0.0001073200473911129}]",False,False,Juglans cinerea,0.21052764,"[{""species"": ""Juglans cinerea"", ""confidence"": 0.21052764454079256}, {""species"": ""Acer saccharum"", ""confidence"": 0.1517187779796913}, {""species"": ""Juglans nigra"", ""confidence"": 0.11079213325367031}, {""species"": ""Gleditsia triacanthos"", ""confidence"": 0.0945616205403576}, {""species"": ""Platanus occidentalis"", ""confidence"": 0.07310514120826177}]",False,False,Fraxinus americana,0.42,"[{""species"": ""Fraxinus americana"", ""confidence"": 0.42}, {""species"": ""Fraxinus pennsylvanica"", ""confidence"": 0.24}, {""species"": ""Acer saccharum"", ""confidence"": 0.14}, {""species"": ""Acer rubrum"", ""confidence"": 0.1}, {""species"": ""Ulmus americana"", ""confidence"": 0.07}]",False,True,Platanus occidentalis,0.6,"[{""species"": ""Platanus occidentalis"", ""confidence"": 0.6}, {""species"": ""Acer saccharum"", ""confidence"": 0.4}, {""species"": ""Ulmus americana"", ""confidence"": 0.3}, {""species"": ""Tilia americana"", ""confidence"": 0.2}, {""species"": ""Fagus grandifolia"", ""confidence"": 0.1}]",False,False,red maple,Aceraceae,whole tree (or vine),winter,https://bioimages.vanderbilt.edu/tn/baskauf/t89381.jpg,https://bioimages.vanderbilt.edu/gq/baskauf/g89381.jpg,Steven J. Baskauf,http://creativecommons.org/licenses/by/4.0/,3,0,0000,4,False,False,False,all_four_wrong|bioclip_and_dino_wrong|embedding_disagreement
baskauf/91011,baskauf_91011.jpg,vanderbilt/7-298,whole tree (or vine),Acer rubrum,Acer saccharum,0.99014777,"[{""species"": ""Acer saccharum"", ""confidence"": 0.9901477694511414}, {""species"": ""Acer rubrum"", ""confidence"": 0.0045852940529584885}, {""species"": ""Celtis occidentalis"", ""confidence"": 0.0031514232978224754}, {""species"": ""Quercus palustris"", ""confidence"": 0.001686835428699851}, {""species"": ""Fagus grandifolia"", ""confidence"": 0.0002931280469056219}]",False,True,Ginkgo biloba,0.19653423,"[{""species"": ""Ginkgo biloba"", ""confidence"": 0.19653423388077954}, {""species"": ""Juglans nigra"", ""confidence"": 0.17319513048688712}, {""species"": ""Quercus muehlenbergii"", ""confidence"": 0.1257521401703962}, {""species"": ""Carya cordiformis"", ""confidence"": 0.09804508054742536}, {""species"": ""Aesculus glabra"", ""confidence"": 0.08127311839221943}]",False,False,Fraxinus americana,0.36,"[{""species"": ""Fraxinus americana"", ""confidence"": 0.36}, {""species"": ""Fraxinus pennsylvanica"", ""confidence"": 0.28}, {""species"": ""Acer negundo"", ""confidence"": 0.13}, {""species"": ""Carya cordiformis"", ""confidence"": 0.1}, {""species"": ""Ailanthus altissima"", ""confidence"": 0.08}]",False,False,Acer saccharum,0.6,"[{""species"": ""Acer saccharum"", ""confidence"": 0.6}, {""species"": ""Acer platanoides"", ""confidence"": 0.5}, {""species"": ""Acer rubrum"", ""confidence"": 0.4}, {""species"": ""Tilia americana"", ""confidence"": 0.3}, {""species"": ""Fagus grandifolia"", ""confidence"": 0.2}]",False,True,red maple,Aceraceae,whole tree (or vine),general,https://bioimages.vanderbilt.edu/tn/baskauf/t91011.jpg,https://bioimages.vanderbilt.edu/gq/baskauf/g91011.jpg,Steven J. Baskauf,http://creativecommons.org/licenses/by/4.0/,3,0,0000,3,False,False,False,all_four_wrong|bioclip_and_dino_wrong|embedding_disagreement
baskauf/91016,baskauf_91016.jpg,vanderbilt/7-298,whole tree (or vine),Acer rubrum,Pyrus calleryana,0.95014876,"[{""species"": ""Pyrus calleryana"", ""confidence"": 0.9501487612724304}, {""species"": ""Amelanchier arborea"", ""confidence"": 0.036841265857219696}, {""species"": ""Quercus palustris"", ""confidence"": 0.009314930997788906}, {""species"": ""Acer rubrum"", ""confidence"": 0.0016186924185603857}, {""species"": ""Zanthoxylum americanum"", ""confidence"": 0.0009817865211516619}]",False,True,Quercus bicolor,0.15531439,"[{""species"": ""Quercus bicolor"", ""confidence"": 0.15531439247168188}, {""species"": ""Juglans nigra"", ""confidence"": 0.1317555030829549}, {""species"": ""Nyssa sylvatica"", ""confidence"": 0.11828015867832305}, {""species"": ""Quercus alba"", ""confidence"": 0.10536593762337894}, {""species"": ""Fraxinus americana"", ""confidence"": 0.0785323069063669}]",False,False,Gleditsia triacanthos,0.48,"[{""species"": ""Gleditsia triacanthos"", ""confidence"": 0.48}, {""species"": ""Fraxinus americana"", ""confidence"": 0.24}, {""species"": ""Juglans nigra"", ""confidence"": 0.13}, {""species"": ""Ailanthus altissima"", ""confidence"": 0.09}, {""species"": ""Gymnocladus dioicus"", ""confidence"": 0.06}]",False,False,Acer saccharum,0.7,"[{""species"": ""Acer saccharum"", ""confidence"": 0.7}, {""species"": ""Acer rubrum"", ""confidence"": 0.6}, {""species"": ""Acer platanoides"", ""confidence"": 0.5}, {""species"": ""Acer saccharinum"", ""confidence"": 0.4}, {""species"": ""Acer negundo"", ""confidence"": 0.3}]",False,True,red maple,Aceraceae,whole tree (or vine),general,https://bioimages.vanderbilt.edu/tn/baskauf/t91016.jpg,https://bioimages.vanderbilt.edu/gq/baskauf/g91016.jpg,Steven J. Baskauf,http://creativecommons.org/licenses/by/4.0/,3,0,0000,4,False,False,False,all_four_wrong|bioclip_and_dino_wrong|embedding_disagreement
baskauf/15643,baskauf_15643.jpg,vanderbilt/7-306,leaf,Quercus rubra,Quercus rubra,0.95211172,"[{""species"": ""Quercus rubra"", ""confidence"": 0.9521117210388184}, {""species"": ""Quercus palustris"", ""confidence"": 0.04740285128355026}, {""species"": ""Quercus muehlenbergii"", ""confidence"": 0.00046472123358398676}, {""species"": ""Quercus bicolor"", ""confidence"": 9.644980309531093e-06}, {""species"": ""Quercus macrocarpa"", ""confidence"": 7.511518560932018e-06}]",True,True,Quercus rubra,0.64122675,"[{""species"": ""Quercus rubra"", ""confidence"": 0.6412267539660117}, {""species"": ""Quercus palustris"", ""confidence"": 0.15873809717127496}, {""species"": ""Platanus occidentalis"", ""confidence"": 0.07004046870386035}, {""species"": ""Quercus bicolor"", ""confidence"": 0.030128227303334615}, {""species"": ""Quercus muehlenbergii"", ""confidence"": 0.027576158437076625}]",True,True,Quercus rubra,0.74,"[{""species"": ""Quercus rubra"", ""confidence"": 0.74}, {""species"": ""Quercus velutina"", ""confidence"": 0.58}, {""species"": ""Quercus palustris"", ""confidence"": 0.33}, {""species"": ""Quercus alba"", ""confidence"": 0.08}, {""species"": ""Quercus bicolor"", ""confidence"": 0.05}]",True,True,Quercus alba,0.8,"[{""species"": ""Quercus alba"", ""confidence"": 0.8}, {""species"": ""Quercus rubra"", ""confidence"": 0.7}, {""species"": ""Quercus bicolor"", ""confidence"": 0.6}, {""species"": ""Quercus macrocarpa"", ""confidence"": 0.5}, {""species"": ""Quercus muehlenbergii"", ""confidence"": 0.4}]",False,True,northern red oak,Fagaceae,leaf,margin of upper + lower surface,https://bioimages.vanderbilt.edu/tn/baskauf/tquru--lfmargin-uplow15643.jpg,https://bioimages.vanderbilt.edu/gq/baskauf/gquru--lfmargin-uplow15643.jpg,Steven J. Baskauf,http://creativecommons.org/licenses/by/4.0/,4,3,1110,2,False,True,False,
baskauf/89376,baskauf_89376.jpg,vanderbilt/7-306,whole tree (or vine),Quercus rubra,Fagus grandifolia,0.76808923,"[{""species"": ""Fagus grandifolia"", ""confidence"": 0.768089234828949}, {""species"": ""Quercus rubra"", ""confidence"": 0.08095600455999374}, {""species"": ""Quercus muehlenbergii"", ""confidence"": 0.08095600455999374}, {""species"": ""Amelanchier arborea"", ""confidence"": 0.04333262890577316}, {""species"": ""Carpinus caroliniana"", ""confidence"": 0.012415005825459957}]",False,True,Ulmus americana,0.47096377,"[{""species"": ""Ulmus americana"", ""confidence"": 0.47096376660157346}, {""species"": ""Fraxinus americana"", ""confidence"": 0.1438025254278262}, {""species"": ""Carya cordiformis"", ""confidence"": 0.11066869138208968}, {""species"": ""Quercus rubra"", ""confidence"": 0.0565928336417851}, {""species"": ""Aesculus glabra"", ""confidence"": 0.032634354660661974}]",False,True,Fraxinus americana,0.39,"[{""species"": ""Fraxinus americana"", ""confidence"": 0.39}, {""species"": ""Fraxinus pennsylvanica"", ""confidence"": 0.24}, {""species"": ""Fraxinus quadrangulata"", ""confidence"": 0.13}, {""species"": ""Juglans nigra"", ""confidence"": 0.11}, {""species"": ""Ulmus americana"", ""confidence"": 0.08}]",False,False,Quercus alba,0.7,"[{""species"": ""Quercus alba"", ""confidence"": 0.7}, {""species"": ""Quercus rubra"", ""confidence"": 0.6}, {""species"": ""Quercus velutina"", ""confidence"": 0.5}, {""species"": ""Quercus bicolor"", ""confidence"": 0.4}, {""species"": ""Quercus macrocarpa"", ""confidence"": 0.3}]",False,True,northern red oak,Fagaceae,whole tree (or vine),winter,https://bioimages.vanderbilt.edu/tn/baskauf/t89376.jpg,https://bioimages.vanderbilt.edu/gq/baskauf/g89376.jpg,Steven J. Baskauf,http://creativecommons.org/licenses/by/4.0/,4,0,0000,4,False,False,False,all_four_wrong|bioclip_and_dino_wrong|embedding_disagreement
baskauf/90969,baskauf_90969.jpg,vanderbilt/7-306,whole tree (or vine),Quercus rubra,Amelanchier arborea,0.92158687,"[{""species"": ""Amelanchier arborea"", ""confidence"": 0.9215868711471558}, {""species"": ""Tilia americana"", ""confidence"": 0.03573380038142204}, {""species"": ""Gymnocladus dioicus"", ""confidence"": 0.009034920483827591}, {""species"": ""Platanus occidentalis"", ""confidence"": 0.006209603510797024}, {""species"": ""Celtis occidentalis"", ""confidence"": 0.006209603510797024}]",False,False,Quercus rubra,0.1847519,"[{""species"": ""Quercus rubra"", ""confidence"": 0.18475189692158847}, {""species"": ""Quercus palustris"", ""confidence"": 0.1794398852715788}, {""species"": ""Fraxinus americana"", ""confidence"": 0.13887705597211944}, {""species"": ""Fagus grandifolia"", ""confidence"": 0.1352450132363806}, {""species"": ""Quercus muehlenbergii"", ""confidence"": 0.05947025656950733}]",True,True,Acer platanoides,0.61,"[{""species"": ""Acer platanoides"", ""confidence"": 0.61}, {""species"": ""Acer saccharum"", ""confidence"": 0.18}, {""species"": ""Acer rubrum"", ""confidence"": 0.11}, {""species"": ""Acer nigrum"", ""confidence"": 0.06}, {""species"": ""Platanus occidentalis"", ""confidence"": 0.03}]",False,False,Quercus alba,0.7,"[{""species"": ""Quercus alba"", ""confidence"": 0.7}, {""species"": ""Quercus rubra"", ""confidence"": 0.6}, {""species"": ""Quercus bicolor"", ""confidence"": 0.5}, {""species"": ""Quercus macrocarpa"", ""confidence"": 0.4}, {""species"": ""Quercus muehlenbergii"", ""confidence"": 0.3}]",False,True,northern red oak,Fagaceae,whole tree (or vine),general,https://bioimages.vanderbilt.edu/tn/baskauf/t90969.jpg,https://bioimages.vanderbilt.edu/gq/baskauf/g90969.jpg,Steven J. Baskauf,http://creativecommons.org/licenses/by/4.0/,4,1,0100,4,False,False,False,embedding_disagreement
baskauf/90972,baskauf_90972.jpg,vanderbilt/7-306,whole tree (or vine),Quercus rubra,Amelanchier arborea,0.92292809,"[{""species"": ""Amelanchier arborea"", ""confidence"": 0.9229280948638916}, {""species"": ""Acer rubrum"", ""confidence"": 0.03578580543398857}, {""species"": ""Quercus muehlenbergii"", ""confidence"": 0.013164862059056759}, {""species"": ""Quercus rubra"", ""confidence"": 0.00704664271324873}, {""species"": ""Platanus occidentalis"", ""confidence"": 0.006218640599399805}]",False,True,Fraxinus americana,0.21943117,"[{""species"": ""Fraxinus americana"", ""confidence"": 0.21943116669885993}, {""species"": ""Quercus alba"", ""confidence"": 0.19788576123402946}, {""species"": ""Ulmus americana"", ""confidence"": 0.10850088150772448}, {""species"": ""Fagus grandifolia"", ""confidence"": 0.08371707064595714}, {""species"": ""Quercus rubra"", ""confidence"": 0.07798862912682145}]",False,True,Gleditsia triacanthos,0.46,"[{""species"": ""Gleditsia triacanthos"", ""confidence"": 0.46}, {""species"": ""Fraxinus americana"", ""confidence"": 0.24}, {""species"": ""Fraxinus pennsylvanica"", ""confidence"": 0.12}, {""species"": ""Juglans nigra"", ""confidence"": 0.09}, {""species"": ""Ailanthus altissima"", ""confidence"": 0.07}]",False,False,Quercus alba,0.7,"[{""species"": ""Quercus alba"", ""confidence"": 0.7}, {""species"": ""Quercus rubra"", ""confidence"": 0.6}, {""species"": ""Quercus bicolor"", ""confidence"": 0.5}, {""species"": ""Quercus macrocarpa"", ""confidence"": 0.4}, {""species"": ""Quercus muehlenbergii"", ""confidence"": 0.3}]",False,True,northern red oak,Fagaceae,whole tree (or vine),general,https://bioimages.vanderbilt.edu/tn/baskauf/t90972.jpg,https://bioimages.vanderbilt.edu/gq/baskauf/g90972.jpg,Steven J. Baskauf,http://creativecommons.org/licenses/by/4.0/,4,0,0000,4,False,False,False,all_four_wrong|bioclip_and_dino_wrong|embedding_disagreement
baskauf/12403,baskauf_12403.jpg,vanderbilt/7-324,leaf,Quercus alba,Quercus alba,0.99844801,"[{""species"": ""Quercus alba"", ""confidence"": 0.9984480142593384}, {""species"": ""Quercus macrocarpa"", ""confidence"": 0.00150110584218055}, {""species"": ""Quercus bicolor"", ""confidence"": 4.532947059487924e-05}, {""species"": ""Quercus palustris"", ""confidence"": 4.777691174240317e-06}, {""species"": ""Quercus muehlenbergii"", ""confidence"": 3.921767586234637e-07}]",True,True,Quercus alba,0.97492667,"[{""species"": ""Quercus alba"", ""confidence"": 0.9749266674679863}, {""species"": ""Quercus macrocarpa"", ""confidence"": 0.02266681360525172}, {""species"": ""Sassafras albidum"", ""confidence"": 0.0012057250005163937}, {""species"": ""Quercus palustris"", ""confidence"": 0.0008889313640229515}, {""species"": ""Quercus rubra"", ""confidence"": 0.00011538923682793296}]",True,True,Quercus alba,0.87,"[{""species"": ""Quercus alba"", ""confidence"": 0.87}, {""species"": ""Quercus bicolor"", ""confidence"": 0.42}, {""species"": ""Quercus macrocarpa"", ""confidence"": 0.24}, {""species"": ""Quercus muehlenbergii"", ""confidence"": 0.08}, {""species"": ""Quercus palustris"", ""confidence"": 0.02}]",True,True,Quercus alba,0.8,"[{""species"": ""Quercus alba"", ""confidence"": 0.8}, {""species"": ""Quercus bicolor"", ""confidence"": 0.7}, {""species"": ""Quercus macrocarpa"", ""confidence"": 0.6}, {""species"": ""Quercus muehlenbergii"", ""confidence"": 0.5}, {""species"": ""Quercus rubra"", ""confidence"": 0.4}]",True,True,white oak,Fagaceae,leaf,showing orientation on twig,https://bioimages.vanderbilt.edu/tn/baskauf/tqual--lfsun12403.jpg,https://bioimages.vanderbilt.edu/gq/baskauf/gqual--lfsun12403.jpg,Steven J. Baskauf,http://creativecommons.org/licenses/by/4.0/,7,4,1111,1,True,True,True,all_four_correct
baskauf/12405,baskauf_12405.jpg,vanderbilt/7-324,fruit,Quercus alba,Quercus alba,0.99890435,"[{""species"": ""Quercus alba"", ""confidence"": 0.9989043474197388}, {""species"": ""Quercus macrocarpa"", ""confidence"": 0.0009108828962780535}, {""species"": ""Quercus bicolor"", ""confidence"": 0.00015828770119696856}, {""species"": ""Quercus palustris"", ""confidence"": 1.2993045857001562e-05}, {""species"": ""Quercus muehlenbergii"", ""confidence"": 1.2993045857001562e-05}]",True,True,Quercus alba,0.88861441,"[{""species"": ""Quercus alba"", ""confidence"": 0.8886144130691925}, {""species"": ""Quercus macrocarpa"", ""confidence"": 0.05554936846335406}, {""species"": ""Quercus bicolor"", ""confidence"": 0.025811480261899528}, {""species"": ""Nyssa sylvatica"", ""confidence"": 0.0065291700663864}, {""species"": ""Quercus palustris"", ""confidence"": 0.00515490479430029}]",True,True,Cornus florida,0.93,"[{""species"": ""Cornus florida"", ""confidence"": 0.93}, {""species"": ""Cornus amomum"", ""confidence"": 0.12}, {""species"": ""Cornus racemosa"", ""confidence"": 0.08}, {""species"": ""Cornus sericea"", ""confidence"": 0.06}, {""species"": ""Magnolia acuminata"", ""confidence"": 0.04}]",False,False,Quercus alba,0.8,"[{""species"": ""Quercus alba"", ""confidence"": 0.8}, {""species"": ""Quercus bicolor"", ""confidence"": 0.7}, {""species"": ""Quercus macrocarpa"", ""confidence"": 0.6}, {""species"": ""Quercus muehlenbergii"", ""confidence"": 0.5}, {""species"": ""Quercus rubra"", ""confidence"": 0.4}]",True,True,white oak,Fagaceae,fruit,immature,https://bioimages.vanderbilt.edu/tn/baskauf/tqual--frdevel12405.jpg,https://bioimages.vanderbilt.edu/gq/baskauf/gqual--frdevel12405.jpg,Steven J. Baskauf,http://creativecommons.org/licenses/by/4.0/,7,3,1101,2,False,True,False,
baskauf/12407,baskauf_12407.jpg,vanderbilt/7-324,leaf,Quercus alba,Quercus alba,0.99967754,"[{""species"": ""Quercus alba"", ""confidence"": 0.9996775388717651}, {""species"": ""Quercus macrocarpa"", ""confidence"": 0.00026117428205907345}, {""species"": ""Quercus bicolor"", ""confidence"": 5.827586574014276e-05}, {""species"": ""Quercus palustris"", ""confidence"": 1.370516997667437e-06}, {""species"": ""Quercus muehlenbergii"", ""confidence"": 1.370516997667437e-06}]",True,True,Quercus alba,0.98721352,"[{""species"": ""Quercus alba"", ""confidence"": 0.9872135185771892}, {""species"": ""Quercus macrocarpa"", ""confidence"": 0.00705801677963113}, {""species"": ""Quercus bicolor"", ""confidence"": 0.0022031509727266215}, {""species"": ""Sassafras albidum"", ""confidence"": 0.002188117834635838}, {""species"": ""Rhus aromatica"", ""confidence"": 0.0003395568067797475}]",True,True,Quercus alba,0.94,"[{""species"": ""Quercus alba"", ""confidence"": 0.94}, {""species"": ""Quercus bicolor"", ""confidence"": 0.42}, {""species"": ""Quercus macrocarpa"", ""confidence"": 0.19}, {""species"": ""Quercus muehlenbergii"", ""confidence"": 0.05}, {""species"": ""Quercus rubra"", ""confidence"": 0.02}]",True,True,Quercus alba,0.8,"[{""species"": ""Quercus alba"", ""confidence"": 0.8}, {""species"": ""Quercus bicolor"", ""confidence"": 0.7}, {""species"": ""Quercus macrocarpa"", ""confidence"": 0.6}, {""species"": ""Quercus rubra"", ""confidence"": 0.5}, {""species"": ""Quercus muehlenbergii"", ""confidence"": 0.4}]",True,True,white oak,Fagaceae,leaf,showing orientation on twig,https://bioimages.vanderbilt.edu/tn/baskauf/tqual--lfshade12407.jpg,https://bioimages.vanderbilt.edu/gq/baskauf/gqual--lfshade12407.jpg,Steven J. Baskauf,http://creativecommons.org/licenses/by/4.0/,7,4,1111,1,True,True,True,all_four_correct
baskauf/12409,baskauf_12409.jpg,vanderbilt/7-324,whole tree (or vine),Quercus alba,Quercus alba,0.71185577,"[{""species"": ""Quercus alba"", ""confidence"": 0.7118557691574097}, {""species"": ""Quercus muehlenbergii"", ""confidence"": 0.1588364988565445}, {""species"": ""Quercus macrocarpa"", ""confidence"": 0.07502904534339905}, {""species"": ""Quercus palustris"", ""confidence"": 0.021496182307600975}, {""species"": ""Quercus bicolor"", ""confidence"": 0.01674124412238598}]",True,True,Quercus muehlenbergii,0.34764925,"[{""species"": ""Quercus muehlenbergii"", ""confidence"": 0.3476492549791316}, {""species"": ""Quercus alba"", ""confidence"": 0.1527436143250635}, {""species"": ""Quercus rubra"", ""confidence"": 0.11843164740018489}, {""species"": ""Quercus macrocarpa"", ""confidence"": 0.07804924330587365}, {""species"": ""Fraxinus pennsylvanica"", ""confidence"": 0.05491925805293124}]",False,True,Fraxinus americana,0.58,"[{""species"": ""Fraxinus americana"", ""confidence"": 0.58}, {""species"": ""Fraxinus pennsylvanica"", ""confidence"": 0.43}, {""species"": ""Juglans nigra"", ""confidence"": 0.18}, {""species"": ""Ailanthus altissima"", ""confidence"": 0.12}, {""species"": ""Gleditsia triacanthos"", ""confidence"": 0.08}]",False,False,Quercus alba,0.7,"[{""species"": ""Quercus alba"", ""confidence"": 0.7}, {""species"": ""Quercus rubra"", ""confidence"": 0.6}, {""species"": ""Quercus bicolor"", ""confidence"": 0.5}, {""species"": ""Quercus macrocarpa"", ""confidence"": 0.4}, {""species"": ""Quercus muehlenbergii"", ""confidence"": 0.3}]",True,True,white oak,Fagaceae,whole tree (or vine),general,https://bioimages.vanderbilt.edu/tn/baskauf/tqual--wplarge12409.jpg,https://bioimages.vanderbilt.edu/gq/baskauf/gqual--wplarge12409.jpg,Steven J. Baskauf,http://creativecommons.org/licenses/by/4.0/,7,2,1001,3,False,False,False,embedding_disagreement
baskauf/12511,baskauf_12511.jpg,vanderbilt/7-324,leaf,Quercus alba,Quercus alba,0.90161812,"[{""species"": ""Quercus alba"", ""confidence"": 0.9016181230545044}, {""species"": ""Quercus macrocarpa"", ""confidence"": 0.09502984583377838}, {""species"": ""Quercus bicolor"", ""confidence"": 0.0028696528170257807}, {""species"": ""Quercus palustris"", ""confidence"": 0.00038836526800878346}, {""species"": ""Quercus muehlenbergii"", ""confidence"": 8.665600762469694e-05}]",True,True,Quercus alba,0.84696641,"[{""species"": ""Quercus alba"", ""confidence"": 0.8469664118598585}, {""species"": ""Quercus macrocarpa"", ""confidence"": 0.10396779465118193}, {""species"": ""Quercus palustris"", ""confidence"": 0.03319824691254803}, {""species"": ""Sassafras albidum"", ""confidence"": 0.009465442743401718}, {""species"": ""Quercus rubra"", ""confidence"": 0.003383051386030325}]",True,True,Quercus alba,0.86,"[{""species"": ""Quercus alba"", ""confidence"": 0.86}, {""species"": ""Quercus macrocarpa"", ""confidence"": 0.42}, {""species"": ""Quercus bicolor"", ""confidence"": 0.24}, {""species"": ""Quercus muehlenbergii"", ""confidence"": 0.11}, {""species"": ""Quercus rubra"", ""confidence"": 0.05}]",True,True,Quercus alba,0.8,"[{""species"": ""Quercus alba"", ""confidence"": 0.8}, {""species"": ""Quercus bicolor"", ""confidence"": 0.7}, {""species"": ""Quercus macrocarpa"", ""confidence"": 0.6}, {""species"": ""Quercus muehlenbergii"", ""confidence"": 0.5}, {""species"": ""Quercus rubra"", ""confidence"": 0.4}]",True,True,white oak,Fagaceae,leaf,unspecified,https://bioimages.vanderbilt.edu/tn/baskauf/tqual--lflower12511.jpg,https://bioimages.vanderbilt.edu/gq/baskauf/gqual--lflower12511.jpg,Steven J. Baskauf,http://creativecommons.org/licenses/by/4.0/,7,4,1111,1,True,True,True,all_four_correct
baskauf/12516,baskauf_12516.jpg,vanderbilt/7-324,leaf,Quercus alba,Quercus alba,0.99957901,"[{""species"": ""Quercus alba"", ""confidence"": 0.9995790123939514}, {""species"": ""Quercus macrocarpa"", ""confidence"": 0.00020338271860964596}, {""species"": ""Quercus bicolor"", ""confidence"": 0.00015839461411815137}, {""species"": ""Quercus palustris"", ""confidence"": 5.8270121371606365e-05}, {""species"": ""Quercus muehlenbergii"", ""confidence"": 6.473226221714867e-07}]",True,True,Quercus alba,0.92567102,"[{""species"": ""Quercus alba"", ""confidence"": 0.9256710213654065}, {""species"": ""Quercus macrocarpa"", ""confidence"": 0.04328682872290191}, {""species"": ""Sassafras albidum"", ""confidence"": 0.017823282401816014}, {""species"": ""Quercus palustris"", ""confidence"": 0.0110219213648627}, {""species"": ""Quercus bicolor"", ""confidence"": 0.0008766415119928503}]",True,True,Quercus alba,0.88,"[{""species"": ""Quercus alba"", ""confidence"": 0.88}, {""species"": ""Quercus macrocarpa"", ""confidence"": 0.52}, {""species"": ""Quercus bicolor"", ""confidence"": 0.24}, {""species"": ""Quercus muehlenbergii"", ""confidence"": 0.11}, {""species"": ""Quercus rubra"", ""confidence"": 0.03}]",True,True,Quercus alba,0.9,"[{""species"": ""Quercus alba"", ""confidence"": 0.9}, {""species"": ""Quercus bicolor"", ""confidence"": 0.8}, {""species"": ""Quercus macrocarpa"", ""confidence"": 0.7}, {""species"": ""Quercus rubra"", ""confidence"": 0.6}, {""species"": ""Quercus muehlenbergii"", ""confidence"": 0.5}]",True,True,white oak,Fagaceae,leaf,unspecified,https://bioimages.vanderbilt.edu/tn/baskauf/tqual--lfsun-shade12516.jpg,https://bioimages.vanderbilt.edu/gq/baskauf/gqual--lfsun-shade12516.jpg,Steven J. Baskauf,http://creativecommons.org/licenses/by/4.0/,7,4,1111,1,True,True,True,all_four_correct
baskauf/12528,baskauf_12528.jpg,vanderbilt/7-324,leaf,Quercus alba,Quercus muehlenbergii,0.83252007,"[{""species"": ""Quercus muehlenbergii"", ""confidence"": 0.832520067691803}, {""species"": ""Quercus bicolor"", ""confidence"": 0.11266934126615524}, {""species"": ""Quercus macrocarpa"", ""confidence"": 0.019578997045755386}, {""species"": ""Quercus alba"", ""confidence"": 0.019578997045755386}, {""species"": ""Quercus palustris"", ""confidence"": 0.015248137526214123}]",False,True,Quercus macrocarpa,0.31583215,"[{""species"": ""Quercus macrocarpa"", ""confidence"": 0.3158321475633629}, {""species"": ""Quercus rubra"", ""confidence"": 0.2870881331214588}, {""species"": ""Quercus palustris"", ""confidence"": 0.13750056882294748}, {""species"": ""Quercus bicolor"", ""confidence"": 0.08781813402010857}, {""species"": ""Quercus muehlenbergii"", ""confidence"": 0.06580151234530209}]",False,False,Cornus florida,0.58,"[{""species"": ""Cornus florida"", ""confidence"": 0.58}, {""species"": ""Cornus amomum"", ""confidence"": 0.2}, {""species"": ""Cornus racemosa"", ""confidence"": 0.11}, {""species"": ""Cornus sericea"", ""confidence"": 0.07}, {""species"": ""Nyssa sylvatica"", ""confidence"": 0.05}]",False,False,Carpinus caroliniana,0.7,"[{""species"": ""Carpinus caroliniana"", ""confidence"": 0.7}, {""species"": ""Ostrya virginiana"", ""confidence"": 0.6}, {""species"": ""Betula alleghaniensis"", ""confidence"": 0.5}, {""species"": ""Betula lenta"", ""confidence"": 0.4}, {""species"": ""Fagus grandifolia"", ""confidence"": 0.3}]",False,False,white oak,Fagaceae,leaf,unspecified,https://bioimages.vanderbilt.edu/tn/baskauf/tqual--lflower-micro12528.jpg,https://bioimages.vanderbilt.edu/gq/baskauf/gqual--lflower-micro12528.jpg,Steven J. Baskauf,http://creativecommons.org/licenses/by/4.0/,7,0,0000,4,False,False,False,all_four_wrong|bioclip_and_dino_wrong|embedding_disagreement
baskauf/90785a,baskauf_90785a.jpg,vanderbilt/9-89,whole tree (or vine),Fraxinus pennsylvanica,Fraxinus pennsylvanica,0.77577966,"[{""species"": ""Fraxinus pennsylvanica"", ""confidence"": 0.775779664516449}, {""species"": ""Fraxinus americana"", ""confidence"": 0.2222646027803421}, {""species"": ""Celtis occidentalis"", ""confidence"": 0.000908344576600939}, {""species"": ""Quercus palustris"", ""confidence"": 0.00022966550022829324}, {""species"": ""Carya cordiformis"", ""confidence"": 0.00020267906074877828}]",True,True,Juglans nigra,0.47252183,"[{""species"": ""Juglans nigra"", ""confidence"": 0.4725218303752812}, {""species"": ""Fraxinus pennsylvanica"", ""confidence"": 0.1753732964802502}, {""species"": ""Carya cordiformis"", ""confidence"": 0.05249077089981406}, {""species"": ""Acer saccharum"", ""confidence"": 0.04958722447725221}, {""species"": ""Ailanthus altissima"", ""confidence"": 0.047609063711086176}]",False,True,Fraxinus americana,0.43,"[{""species"": ""Fraxinus americana"", ""confidence"": 0.43}, {""species"": ""Fraxinus pennsylvanica"", ""confidence"": 0.28}, {""species"": ""Juglans nigra"", ""confidence"": 0.14}, {""species"": ""Gleditsia triacanthos"", ""confidence"": 0.1}, {""species"": ""Ailanthus altissima"", ""confidence"": 0.07}]",False,True,Ailanthus altissima,0.7,"[{""species"": ""Ailanthus altissima"", ""confidence"": 0.7}, {""species"": ""Juglans nigra"", ""confidence"": 0.6}, {""species"": ""Gleditsia triacanthos"", ""confidence"": 0.5}, {""species"": ""Fraxinus americana"", ""confidence"": 0.4}, {""species"": ""Acer negundo"", ""confidence"": 0.3}]",False,False,green ash,Oleaceae,whole tree (or vine),general,https://bioimages.vanderbilt.edu/tn/baskauf/t90785a.jpg,https://bioimages.vanderbilt.edu/gq/baskauf/g90785a.jpg,Steven J. Baskauf,http://creativecommons.org/licenses/by/4.0/,3,1,1000,4,False,False,False,bioclip_only_correct|embedding_disagreement
baskauf/90789,baskauf_90789.jpg,vanderbilt/9-89,whole tree (or vine),Fraxinus pennsylvanica,Quercus macrocarpa,0.68653321,"[{""species"": ""Quercus macrocarpa"", ""confidence"": 0.6865332126617432}, {""species"": ""Quercus alba"", ""confidence"": 0.15318627655506134}, {""species"": ""Quercus muehlenbergii"", ""confidence"": 0.11930157244205475}, {""species"": ""Fraxinus quadrangulata"", ""confidence"": 0.02661978080868721}, {""species"": ""Fraxinus pennsylvanica"", ""confidence"": 0.011096775531768799}]",False,True,Fraxinus pennsylvanica,0.55699944,"[{""species"": ""Fraxinus pennsylvanica"", ""confidence"": 0.5569994405803002}, {""species"": ""Fraxinus americana"", ""confidence"": 0.16761688923136853}, {""species"": ""Celtis occidentalis"", ""confidence"": 0.03101942495879386}, {""species"": ""Gymnocladus dioicus"", ""confidence"": 0.030304516995244047}, {""species"": ""Robinia pseudoacacia"", ""confidence"": 0.02753086932766092}]",True,True,Fraxinus americana,0.53,"[{""species"": ""Fraxinus americana"", ""confidence"": 0.53}, {""species"": ""Fraxinus pennsylvanica"", ""confidence"": 0.34}, {""species"": ""Juglans nigra"", ""confidence"": 0.19}, {""species"": ""Ailanthus altissima"", ""confidence"": 0.16}, {""species"": ""Carya cordiformis"", ""confidence"": 0.12}]",False,True,Juglans nigra,0.7,"[{""species"": ""Juglans nigra"", ""confidence"": 0.7}, {""species"": ""Carya laciniosa"", ""confidence"": 0.6}, {""species"": ""Carya ovata"", ""confidence"": 0.5}, {""species"": ""Juglans cinerea"", ""confidence"": 0.4}, {""species"": ""Carya cordiformis"", ""confidence"": 0.3}]",False,False,green ash,Oleaceae,whole tree (or vine),view up trunk,https://bioimages.vanderbilt.edu/tn/baskauf/t90789.jpg,https://bioimages.vanderbilt.edu/gq/baskauf/g90789.jpg,Steven J. Baskauf,http://creativecommons.org/licenses/by/4.0/,3,1,0100,4,False,False,False,embedding_disagreement
baskauf/90799,baskauf_90799.jpg,vanderbilt/9-89,whole tree (or vine),Fraxinus pennsylvanica,Fraxinus pennsylvanica,0.945364,"[{""species"": ""Fraxinus pennsylvanica"", ""confidence"": 0.9453639984130859}, {""species"": ""Fraxinus quadrangulata"", ""confidence"": 0.02854751981794834}, {""species"": ""Fraxinus americana"", ""confidence"": 0.02223283052444458}, {""species"": ""Acer negundo"", ""confidence"": 0.001824981882236898}, {""species"": ""Juglans nigra"", ""confidence"": 0.0005228660302236676}]",True,True,Quercus rubra,0.34494723,"[{""species"": ""Quercus rubra"", ""confidence"": 0.34494723335011673}, {""species"": ""Fraxinus pennsylvanica"", ""confidence"": 0.20965502515659687}, {""species"": ""Ulmus americana"", ""confidence"": 0.2088018552060854}, {""species"": ""Quercus macrocarpa"", ""confidence"": 0.05208108905250195}, {""species"": ""Robinia pseudoacacia"", ""confidence"": 0.035542798437686506}]",False,True,Fraxinus americana,0.54,"[{""species"": ""Fraxinus americana"", ""confidence"": 0.54}, {""species"": ""Fraxinus pennsylvanica"", ""confidence"": 0.23}, {""species"": ""Juglans nigra"", ""confidence"": 0.1}, {""species"": ""Gymnocladus dioicus"", ""confidence"": 0.07}, {""species"": ""Ailanthus altissima"", ""confidence"": 0.05}]",False,True,Juglans nigra,0.7,"[{""species"": ""Juglans nigra"", ""confidence"": 0.7}, {""species"": ""Fraxinus americana"", ""confidence"": 0.6}, {""species"": ""Carya laciniosa"", ""confidence"": 0.5}, {""species"": ""Ulmus rubra"", ""confidence"": 0.4}, {""species"": ""Gleditsia triacanthos"", ""confidence"": 0.3}]",False,False,green ash,Oleaceae,whole tree (or vine),general,https://bioimages.vanderbilt.edu/tn/baskauf/t90799.jpg,https://bioimages.vanderbilt.edu/gq/baskauf/g90799.jpg,Steven J. Baskauf,http://creativecommons.org/licenses/by/4.0/,3,1,1000,4,False,False,False,bioclip_only_correct|embedding_disagreement
