image_id,file,individual_id,species,organ_tag,organ_category,subview,exact_view,split,thumbnail_url,image_url
baskauf/13160,baskauf_13160.jpg,ind-baskauf/13159,Acer negundo,bark,bark,of a large tree,bark / of a large tree,validation,https://bioimages.vanderbilt.edu/tn/baskauf/tacne2-brlarge-tree13160.jpg,https://bioimages.vanderbilt.edu/gq/baskauf/gacne2-brlarge-tree13160.jpg
baskauf/13159,baskauf_13159.jpg,ind-baskauf/13159,Acer negundo,fruit,fruit,as borne on the plant,fruit / as borne on the plant,validation,https://bioimages.vanderbilt.edu/tn/baskauf/tacne2-lfdevel-fruit13159.jpg,https://bioimages.vanderbilt.edu/gq/baskauf/gacne2-lfdevel-fruit13159.jpg
baskauf/13161,baskauf_13161.jpg,ind-baskauf/13159,Acer negundo,whole plant,whole tree (or vine),view up trunk,whole tree (or vine) / view up trunk,validation,https://bioimages.vanderbilt.edu/tn/baskauf/tacne2-wplookup-lrg13161.jpg,https://bioimages.vanderbilt.edu/gq/baskauf/gacne2-wplookup-lrg13161.jpg
baskauf/15320,baskauf_15320.jpg,ind-baskauf/15307,Acer negundo,bark,bark,of a small tree or small branch,bark / of a small tree or small branch,validation,https://bioimages.vanderbilt.edu/tn/baskauf/tacne2-brsmall15320.jpg,https://bioimages.vanderbilt.edu/gq/baskauf/gacne2-brsmall15320.jpg
baskauf/15316,baskauf_15316.jpg,ind-baskauf/15307,Acer negundo,leaf,leaf,margin of upper + lower surface,leaf / margin of upper + lower surface,validation,https://bioimages.vanderbilt.edu/tn/baskauf/tacne2-lfmargin-uplow15316.jpg,https://bioimages.vanderbilt.edu/gq/baskauf/gacne2-lfmargin-uplow15316.jpg
baskauf/15307,baskauf_15307.jpg,ind-baskauf/15307,Acer negundo,leaf,leaf,whole upper surface,leaf / whole upper surface,validation,https://bioimages.vanderbilt.edu/tn/baskauf/tacne2-lf5-lflets15307.jpg,https://bioimages.vanderbilt.edu/gq/baskauf/gacne2-lf5-lflets15307.jpg
baskauf/15313,baskauf_15313.jpg,ind-baskauf/15307,Acer negundo,leaf,leaf,whole upper surface,leaf / whole upper surface,validation,https://bioimages.vanderbilt.edu/tn/baskauf/tacne2-lf3-lflets15313.jpg,https://bioimages.vanderbilt.edu/gq/baskauf/gacne2-lf3-lflets15313.jpg
baskauf/15308,baskauf_15308.jpg,ind-baskauf/15307,Acer negundo,twig,twig,orientation of petioles,twig / orientation of petioles,validation,https://bioimages.vanderbilt.edu/tn/baskauf/tacne2-tw15308.jpg,https://bioimages.vanderbilt.edu/gq/baskauf/gacne2-tw15308.jpg
baskauf/16050,baskauf_16050.jpg,ind-baskauf/16046,Acer negundo,bark,bark,of a small tree or small branch,bark / of a small tree or small branch,validation,https://bioimages.vanderbilt.edu/tn/baskauf/tacne2-br16050.jpg,https://bioimages.vanderbilt.edu/gq/baskauf/gacne2-br16050.jpg
baskauf/16046,baskauf_16046.jpg,ind-baskauf/16046,Acer negundo,twig,twig,unspecified,twig / unspecified,validation,https://bioimages.vanderbilt.edu/tn/baskauf/tacne2-twgreen16046.jpg,https://bioimages.vanderbilt.edu/gq/baskauf/gacne2-twgreen16046.jpg
baskauf/31641,baskauf_31641.jpg,ind-baskauf/31636,Acer negundo,flower,inflorescence,lateral view of flower,inflorescence / lateral view of flower,validation,https://bioimages.vanderbilt.edu/tn/baskauf/tacne2-fl31641.jpg,https://bioimages.vanderbilt.edu/gq/baskauf/gacne2-fl31641.jpg
baskauf/31637,baskauf_31637.jpg,ind-baskauf/31636,Acer negundo,flower,inflorescence,whole - unspecified,inflorescence / whole - unspecified,validation,https://bioimages.vanderbilt.edu/tn/baskauf/tacne2-fldistant31637.jpg,https://bioimages.vanderbilt.edu/gq/baskauf/gacne2-fldistant31637.jpg
baskauf/31644,baskauf_31644.jpg,ind-baskauf/31636,Acer negundo,flower,inflorescence,whole - unspecified,inflorescence / whole - unspecified,validation,https://bioimages.vanderbilt.edu/tn/baskauf/tacne2-flinflor31644.jpg,https://bioimages.vanderbilt.edu/gq/baskauf/gacne2-flinflor31644.jpg
baskauf/28499,baskauf_28499.jpg,ind-baskauf/28499,Acer negundo,fruit,fruit,as borne on the plant,fruit / as borne on the plant,validation,https://bioimages.vanderbilt.edu/tn/baskauf/tacne2-fr28499.jpg,https://bioimages.vanderbilt.edu/gq/baskauf/gacne2-fr28499.jpg
baskauf/18234,baskauf_18234.jpg,ind-baskauf/18230,Acer negundo,fruit,fruit,immature,fruit / immature,validation,https://bioimages.vanderbilt.edu/tn/baskauf/tacne2-frdevel18234.jpg,https://bioimages.vanderbilt.edu/gq/baskauf/gacne2-frdevel18234.jpg
baskauf/54876,baskauf_54876.jpg,vanderbilt/12-43,Acer negundo,leaf,leaf,margin of upper + lower surface,leaf / margin of upper + lower surface,validation,https://bioimages.vanderbilt.edu/tn/baskauf/tacne2-lfmargin-uplow54876.jpg,https://bioimages.vanderbilt.edu/gq/baskauf/gacne2-lfmargin-uplow54876.jpg
baskauf/54874,baskauf_54874.jpg,vanderbilt/12-43,Acer negundo,leaf,leaf,whole upper surface,leaf / whole upper surface,validation,https://bioimages.vanderbilt.edu/tn/baskauf/tacne2-lf3-leaflet54874.jpg,https://bioimages.vanderbilt.edu/gq/baskauf/gacne2-lf3-leaflet54874.jpg
baskauf/54962,baskauf_54962.jpg,vanderbilt/12-43,Acer negundo,leaf,leaf,whole upper surface,leaf / whole upper surface,validation,https://bioimages.vanderbilt.edu/tn/baskauf/tacne2-lf5-leaflets54962.jpg,https://bioimages.vanderbilt.edu/gq/baskauf/gacne2-lf5-leaflets54962.jpg
baskauf/54969,baskauf_54969.jpg,vanderbilt/12-43,Acer negundo,leaf,leaf,whole upper surface,leaf / whole upper surface,validation,https://bioimages.vanderbilt.edu/tn/baskauf/tacne2-lf7-leaflets54969.jpg,https://bioimages.vanderbilt.edu/gq/baskauf/gacne2-lf7-leaflets54969.jpg
baskauf/54970,baskauf_54970.jpg,vanderbilt/12-43,Acer negundo,leaf,leaf,whole upper surface,leaf / whole upper surface,validation,https://bioimages.vanderbilt.edu/tn/baskauf/tacne2-lf3-leaflets54970.jpg,https://bioimages.vanderbilt.edu/gq/baskauf/gacne2-lf3-leaflets54970.jpg
baskauf/54972,baskauf_54972.jpg,vanderbilt/12-43,Acer negundo,leaf,leaf,whole upper surface,leaf / whole upper surface,validation,https://bioimages.vanderbilt.edu/tn/baskauf/tacne2-lf4-leaflets54972.jpg,https://bioimages.vanderbilt.edu/gq/baskauf/gacne2-lf4-leaflets54972.jpg
baskauf/54881,baskauf_54881.jpg,vanderbilt/12-43,Acer negundo,whole plant,whole tree (or vine),general,whole tree (or vine) / general,validation,https://bioimages.vanderbilt.edu/tn/baskauf/tacne2-wplarge54881.jpg,https://bioimages.vanderbilt.edu/gq/baskauf/gacne2-wplarge54881.jpg
baskauf/54884,baskauf_54884.jpg,vanderbilt/12-43,Acer negundo,whole plant,whole tree (or vine),general,whole tree (or vine) / general,validation,https://bioimages.vanderbilt.edu/tn/baskauf/tacne2-wplarge54884.jpg,https://bioimages.vanderbilt.edu/gq/baskauf/gacne2-wplarge54884.jpg
baskauf/29689,baskauf_29689.jpg,ind-baskauf/29686,Acer negundo,leaf,leaf,whole upper surface,leaf / whole upper surface,validation,https://bioimages.vanderbilt.edu/tn/baskauf/tacne2-lf5lflt29689.jpg,https://bioimages.vanderbilt.edu/gq/baskauf/gacne2-lf5lflt29689.jpg
baskauf/29691,baskauf_29691.jpg,ind-baskauf/29686,Acer negundo,leaf,leaf,whole upper surface,leaf / whole upper surface,validation,https://bioimages.vanderbilt.edu/tn/baskauf/tacne2-lf3lflt29691.jpg,https://bioimages.vanderbilt.edu/gq/baskauf/gacne2-lf3lflt29691.jpg
baskauf/10897,baskauf_10897.jpg,ind-baskauf/10897,Acer negundo,whole plant,whole tree (or vine),general,whole tree (or vine) / general,validation,https://bioimages.vanderbilt.edu/tn/baskauf/tacne2-wpsmall10897.jpg,https://bioimages.vanderbilt.edu/gq/baskauf/gacne2-wpsmall10897.jpg
baskauf/54849,baskauf_54849.jpg,ind-baskauf/54847,Acer negundo,whole plant,whole tree (or vine),general,whole tree (or vine) / general,validation,https://bioimages.vanderbilt.edu/tn/baskauf/tacne2-wpmedium54849.jpg,https://bioimages.vanderbilt.edu/gq/baskauf/gacne2-wpmedium54849.jpg
baskauf/54851,baskauf_54851.jpg,ind-baskauf/54847,Acer negundo,whole plant,whole tree (or vine),general,whole tree (or vine) / general,validation,https://bioimages.vanderbilt.edu/tn/baskauf/tacne2-wpmedium54851.jpg,https://bioimages.vanderbilt.edu/gq/baskauf/gacne2-wpmedium54851.jpg
baskauf/91000,baskauf_91000.jpg,vanderbilt/9-16,Acer negundo,whole plant,whole tree,general,whole tree / general,validation,https://bioimages.vanderbilt.edu/tn/baskauf/t91000.jpg,https://bioimages.vanderbilt.edu/gq/baskauf/g91000.jpg
baskauf/89403,baskauf_89403.jpg,vanderbilt/9-16,Acer negundo,whole plant,whole tree (or vine),winter,whole tree (or vine) / winter,validation,https://bioimages.vanderbilt.edu/tn/baskauf/t89403.jpg,https://bioimages.vanderbilt.edu/gq/baskauf/g89403.jpg
baskauf/11924,baskauf_11924.jpg,ind-baskauf/11916,Acer rubrum,bark,bark,of a medium tree or large branch,bark / of a medium tree or large branch,train,https://bioimages.vanderbilt.edu/tn/baskauf/tacru--br11924.jpg,https://bioimages.vanderbilt.edu/gq/baskauf/gacru--br11924.jpg
baskauf/11916,baskauf_11916.jpg,ind-baskauf/11916,Acer rubrum,leaf,leaf,showing orientation on twig,leaf / showing orientation on twig,train,https://bioimages.vanderbilt.edu/tn/baskauf/tacru--lfseveral11916.jpg,https://bioimages.vanderbilt.edu/gq/baskauf/gacru--lfseveral11916.jpg
baskauf/11920,baskauf_11920.jpg,ind-baskauf/11916,Acer rubrum,leaf,leaf,whole upper surface,leaf / whole upper surface,train,https://bioimages.vanderbilt.edu/tn/baskauf/tacru--lf11920.jpg,https://bioimages.vanderbilt.edu/gq/baskauf/gacru--lf11920.jpg
baskauf/11926,baskauf_11926.jpg,ind-baskauf/11916,Acer rubrum,twig,twig,orientation of petioles,twig / orientation of petioles,train,https://bioimages.vanderbilt.edu/tn/baskauf/tacru--tw11926.jpg,https://bioimages.vanderbilt.edu/gq/baskauf/gacru--tw11926.jpg
baskauf/11927,baskauf_11927.jpg,ind-baskauf/11916,Acer rubrum,twig,twig,orientation of petioles,twig / orientation of petioles,train,https://bioimages.vanderbilt.edu/tn/baskauf/tacru--tw11927.jpg,https://bioimages.vanderbilt.edu/gq/baskauf/gacru--tw11927.jpg
baskauf/11930,baskauf_11930.jpg,ind-baskauf/11916,Acer rubrum,whole plant,whole tree (or vine),general,whole tree (or vine) / general,train,https://bioimages.vanderbilt.edu/tn/baskauf/tacru--wpsmall11930.jpg,https://bioimages.vanderbilt.edu/gq/baskauf/gacru--wpsmall11930.jpg
baskauf/29761,baskauf_29761.jpg,ind-baskauf/29761,Acer rubrum,bark,bark,of a medium tree or large branch,bark / of a medium tree or large branch,train,https://bioimages.vanderbilt.edu/tn/baskauf/tacru--br29761.jpg,https://bioimages.vanderbilt.edu/gq/baskauf/gacru--br29761.jpg
baskauf/18219,baskauf_18219.jpg,ind-baskauf/18216,Acer rubrum,flower,inflorescence,lateral view of flower,inflorescence / lateral view of flower,train,https://bioimages.vanderbilt.edu/tn/baskauf/tacru--flfemale18219.jpg,https://bioimages.vanderbilt.edu/gq/baskauf/gacru--flfemale18219.jpg
baskauf/18225,baskauf_18225.jpg,ind-baskauf/18216,Acer rubrum,fruit,fruit,immature,fruit / immature,train,https://bioimages.vanderbilt.edu/tn/baskauf/tacru--fldevel-fruit18225.jpg,https://bioimages.vanderbilt.edu/gq/baskauf/gacru--fldevel-fruit18225.jpg
baskauf/39069,baskauf_39069.jpg,ind-baskauf/39067,Acer rubrum,flower,inflorescence,whole - female,inflorescence / whole - female,train,https://bioimages.vanderbilt.edu/tn/baskauf/tacru--flfemale39069.jpg,https://bioimages.vanderbilt.edu/gq/baskauf/gacru--flfemale39069.jpg
baskauf/00001,baskauf_00001.jpg,ind-baskauf/00000,Acer rubrum,flower,inflorescence,whole - male,inflorescence / whole - male,train,https://bioimages.vanderbilt.edu/tn/baskauf/tacru--flclose00001.jpg,https://bioimages.vanderbilt.edu/gq/baskauf/gacru--flclose00001.jpg
baskauf/00000,baskauf_00000.jpg,ind-baskauf/00000,Acer rubrum,flower,inflorescence,whole - unspecified,inflorescence / whole - unspecified,train,https://bioimages.vanderbilt.edu/tn/baskauf/tacru--fldistant00000.jpg,https://bioimages.vanderbilt.edu/gq/baskauf/gacru--fldistant00000.jpg
baskauf/10492,baskauf_10492.jpg,ind-baskauf/10492,Acer rubrum,fruit,fruit,as borne on the plant,fruit / as borne on the plant,train,https://bioimages.vanderbilt.edu/tn/baskauf/tacru--frsamars10492.jpg,https://bioimages.vanderbilt.edu/gq/baskauf/gacru--frsamars10492.jpg
baskauf/10495,baskauf_10495.jpg,ind-baskauf/10494,Acer rubrum,fruit,fruit,as borne on the plant,fruit / as borne on the plant,train,https://bioimages.vanderbilt.edu/tn/baskauf/tacru--frsamaras10495.jpg,https://bioimages.vanderbilt.edu/gq/baskauf/gacru--frsamaras10495.jpg
baskauf/10496,baskauf_10496.jpg,ind-baskauf/10494,Acer rubrum,fruit,fruit,as borne on the plant,fruit / as borne on the plant,train,https://bioimages.vanderbilt.edu/tn/baskauf/tacru--frin-fruit10496.jpg,https://bioimages.vanderbilt.edu/gq/baskauf/gacru--frin-fruit10496.jpg
baskauf/10494,baskauf_10494.jpg,ind-baskauf/10494,Acer rubrum,whole plant,whole tree (or vine),general,whole tree (or vine) / general,train,https://bioimages.vanderbilt.edu/tn/baskauf/tacru--wpin-fruit10494.jpg,https://bioimages.vanderbilt.edu/gq/baskauf/gacru--wpin-fruit10494.jpg
baskauf/19269,baskauf_19269.jpg,ind-baskauf/19266,Acer rubrum,fruit,fruit,as borne on the plant,fruit / as borne on the plant,train,https://bioimages.vanderbilt.edu/tn/baskauf/tacru--frmass19269.jpg,https://bioimages.vanderbilt.edu/gq/baskauf/gacru--frmass19269.jpg
baskauf/20031,baskauf_20031.jpg,ind-baskauf/20028,Acer rubrum,fruit,fruit,immature,fruit / immature,train,https://bioimages.vanderbilt.edu/tn/baskauf/tacru--fr20031.jpg,https://bioimages.vanderbilt.edu/gq/baskauf/gacru--fr20031.jpg
baskauf/30327,baskauf_30327.jpg,ind-baskauf/30326,Acer rubrum,leaf,leaf,margin of upper + lower surface,leaf / margin of upper + lower surface,train,https://bioimages.vanderbilt.edu/tn/baskauf/tacru--lfmargin-uplow30327.jpg,https://bioimages.vanderbilt.edu/gq/baskauf/gacru--lfmargin-uplow30327.jpg
baskauf/50749,baskauf_50749.jpg,ind-baskauf/50747,Acer rubrum,whole plant,whole tree (or vine),general,whole tree (or vine) / general,train,https://bioimages.vanderbilt.edu/tn/baskauf/tacru--wpmass-in-flower50749.jpg,https://bioimages.vanderbilt.edu/gq/baskauf/gacru--wpmass-in-flower50749.jpg
baskauf/50750,baskauf_50750.jpg,ind-baskauf/50747,Acer rubrum,whole plant,whole tree (or vine),general,whole tree (or vine) / general,train,https://bioimages.vanderbilt.edu/tn/baskauf/tacru--wpin-flower50750.jpg,https://bioimages.vanderbilt.edu/gq/baskauf/gacru--wpin-flower50750.jpg
baskauf/91011,baskauf_91011.jpg,vanderbilt/7-298,Acer rubrum,whole plant,whole tree (or vine),general,whole tree (or vine) / general,train,https://bioimages.vanderbilt.edu/tn/baskauf/t91011.jpg,https://bioimages.vanderbilt.edu/gq/baskauf/g91011.jpg
baskauf/91016,baskauf_91016.jpg,vanderbilt/7-298,Acer rubrum,whole plant,whole tree (or vine),general,whole tree (or vine) / general,train,https://bioimages.vanderbilt.edu/tn/baskauf/t91016.jpg,https://bioimages.vanderbilt.edu/gq/baskauf/g91016.jpg
baskauf/89381,baskauf_89381.jpg,vanderbilt/7-298,Acer rubrum,whole plant,whole tree (or vine),winter,whole tree (or vine) / winter,train,https://bioimages.vanderbilt.edu/tn/baskauf/t89381.jpg,https://bioimages.vanderbilt.edu/gq/baskauf/g89381.jpg
baskauf/10861,baskauf_10861.jpg,ind-baskauf/10861,Acer saccharum,bark,bark,of a large tree,bark / of a large tree,validation,https://bioimages.vanderbilt.edu/tn/baskauf/tacsa3-br10861.jpg,https://bioimages.vanderbilt.edu/gq/baskauf/gacsa3-br10861.jpg
ssmv/2-886-02,ssmv_2-886-02.jpg,vanderbilt/3-31,Acer saccharum,bark,bark,of a large tree,bark / of a large tree,validation,https://bioimages.vanderbilt.edu/tn/ssmv/t2-886-02.jpg,https://bioimages.vanderbilt.edu/gq/ssmv/g2-886-02.jpg
ssmv/2-886-01,ssmv_2-886-01.jpg,vanderbilt/3-31,Acer saccharum,whole plant,whole tree (or vine),general,whole tree (or vine) / general,validation,https://bioimages.vanderbilt.edu/tn/ssmv/t2-886-01.jpg,https://bioimages.vanderbilt.edu/gq/ssmv/g2-886-01.jpg
ssmv/2-886-03,ssmv_2-886-03.jpg,vanderbilt/3-31,Acer saccharum,whole plant,whole tree (or vine),view up trunk,whole tree (or vine) / view up trunk,validation,https://bioimages.vanderbilt.edu/tn/ssmv/t2-886-03.jpg,https://bioimages.vanderbilt.edu/gq/ssmv/g2-886-03.jpg
baskauf/50727,baskauf_50727.jpg,ind-baskauf/50721,Acer saccharum,flower,inflorescence,lateral view of flower,inflorescence / lateral view of flower,validation,https://bioimages.vanderbilt.edu/tn/baskauf/tacsa3-flfemale50727.jpg,https://bioimages.vanderbilt.edu/gq/baskauf/gacsa3-flfemale50727.jpg
baskauf/50729,baskauf_50729.jpg,ind-baskauf/50721,Acer saccharum,flower,inflorescence,lateral view of flower,inflorescence / lateral view of flower,validation,https://bioimages.vanderbilt.edu/tn/baskauf/tacsa3-flboth-sexes50729.jpg,https://bioimages.vanderbilt.edu/gq/baskauf/gacsa3-flboth-sexes50729.jpg
baskauf/10376,baskauf_10376.jpg,ind-baskauf/10376,Acer saccharum,flower,inflorescence,whole - male,inflorescence / whole - male,validation,https://bioimages.vanderbilt.edu/tn/baskauf/tacsa3-fl10376.jpg,https://bioimages.vanderbilt.edu/gq/baskauf/gacsa3-fl10376.jpg
baskauf/10386,baskauf_10386.jpg,ind-baskauf/10386,Acer saccharum,flower,inflorescence,whole - male,inflorescence / whole - male,validation,https://bioimages.vanderbilt.edu/tn/baskauf/tacsa3-fl10386.jpg,https://bioimages.vanderbilt.edu/gq/baskauf/gacsa3-fl10386.jpg
baskauf/50713,baskauf_50713.jpg,vanderbilt/13-38,Acer saccharum,flower,inflorescence,whole - unspecified,inflorescence / whole - unspecified,validation,https://bioimages.vanderbilt.edu/tn/baskauf/tacsa3-fldistant50713.jpg,https://bioimages.vanderbilt.edu/gq/baskauf/gacsa3-fldistant50713.jpg
baskauf/50711,baskauf_50711.jpg,vanderbilt/13-38,Acer saccharum,whole plant,whole tree (or vine),general,whole tree (or vine) / general,validation,https://bioimages.vanderbilt.edu/tn/baskauf/tacsa3-wpin-flower50711.jpg,https://bioimages.vanderbilt.edu/gq/baskauf/gacsa3-wpin-flower50711.jpg
baskauf/10606,baskauf_10606.jpg,vanderbilt/6-133,Acer saccharum,fruit,fruit,as borne on the plant,fruit / as borne on the plant,validation,https://bioimages.vanderbilt.edu/tn/baskauf/tacsa3-frimmature10606.jpg,https://bioimages.vanderbilt.edu/gq/baskauf/gacsa3-frimmature10606.jpg
baskauf/10564,baskauf_10564.jpg,vanderbilt/6-133,Acer saccharum,fruit,fruit,immature,fruit / immature,validation,https://bioimages.vanderbilt.edu/tn/baskauf/tacsa3-frdevel10564.jpg,https://bioimages.vanderbilt.edu/gq/baskauf/gacsa3-frdevel10564.jpg
baskauf/10565,baskauf_10565.jpg,vanderbilt/6-133,Acer saccharum,fruit,fruit,immature,fruit / immature,validation,https://bioimages.vanderbilt.edu/tn/baskauf/tacsa3-frdevel10565.jpg,https://bioimages.vanderbilt.edu/gq/baskauf/gacsa3-frdevel10565.jpg
baskauf/10570,baskauf_10570.jpg,vanderbilt/6-133,Acer saccharum,fruit,fruit,immature,fruit / immature,validation,https://bioimages.vanderbilt.edu/tn/baskauf/tacsa3-frdevel10570.jpg,https://bioimages.vanderbilt.edu/gq/baskauf/gacsa3-frdevel10570.jpg
baskauf/22184,baskauf_22184.jpg,ind-baskauf/22179,Acer saccharum,fruit,fruit,lateral or general close-up,fruit / lateral or general close-up,validation,https://bioimages.vanderbilt.edu/tn/baskauf/tacsa3-fr22184.jpg,https://bioimages.vanderbilt.edu/gq/baskauf/gacsa3-fr22184.jpg
baskauf/15211,baskauf_15211.jpg,ind-baskauf/15211,Acer saccharum,leaf,leaf,margin of upper + lower surface,leaf / margin of upper + lower surface,validation,https://bioimages.vanderbilt.edu/tn/baskauf/tacsa3-lfmargin-uplow15211.jpg,https://bioimages.vanderbilt.edu/gq/baskauf/gacsa3-lfmargin-uplow15211.jpg
baskauf/15212,baskauf_15212.jpg,ind-baskauf/15211,Acer saccharum,leaf,leaf,margin of upper + lower surface,leaf / margin of upper + lower surface,validation,https://bioimages.vanderbilt.edu/tn/baskauf/tacsa3-lfmargin-uplow15212.jpg,https://bioimages.vanderbilt.edu/gq/baskauf/gacsa3-lfmargin-uplow15212.jpg
baskauf/15216,baskauf_15216.jpg,ind-baskauf/15211,Acer saccharum,twig,twig,orientation of petioles,twig / orientation of petioles,validation,https://bioimages.vanderbilt.edu/tn/baskauf/tacsa3-tw15216.jpg,https://bioimages.vanderbilt.edu/gq/baskauf/gacsa3-tw15216.jpg
baskauf/11288,baskauf_11288.jpg,ind-baskauf/11288,Acer saccharum,leaf,leaf,showing orientation on twig,leaf / showing orientation on twig,validation,https://bioimages.vanderbilt.edu/tn/baskauf/tacsa3-lf-several11288.jpg,https://bioimages.vanderbilt.edu/gq/baskauf/gacsa3-lf-several11288.jpg
baskauf/11294,baskauf_11294.jpg,ind-baskauf/11288,Acer saccharum,leaf,leaf,whole upper surface,leaf / whole upper surface,validation,https://bioimages.vanderbilt.edu/tn/baskauf/tacsa3-lf11294.jpg,https://bioimages.vanderbilt.edu/gq/baskauf/gacsa3-lf11294.jpg
baskauf/16741,baskauf_16741.jpg,ind-baskauf/16741,Acer saccharum,leaf,leaf,showing orientation on twig,leaf / showing orientation on twig,validation,https://bioimages.vanderbilt.edu/tn/baskauf/tacsa3-lffall-yellow16741.jpg,https://bioimages.vanderbilt.edu/gq/baskauf/gacsa3-lffall-yellow16741.jpg
baskauf/39161,baskauf_39161.jpg,ind-baskauf/39138,Acer saccharum,twig,twig,close-up winter leaf scar/bud,twig / close-up winter leaf scar/bud,validation,https://bioimages.vanderbilt.edu/tn/baskauf/tacsa3-twopposite-buds39161.jpg,https://bioimages.vanderbilt.edu/gq/baskauf/gacsa3-twopposite-buds39161.jpg
baskauf/39140,baskauf_39140.jpg,ind-baskauf/39138,Acer saccharum,twig,twig,close-up winter terminal bud,twig / close-up winter terminal bud,validation,https://bioimages.vanderbilt.edu/tn/baskauf/tacsa3-twleaf-scar39140.jpg,https://bioimages.vanderbilt.edu/gq/baskauf/gacsa3-twleaf-scar39140.jpg
baskauf/39144,baskauf_39144.jpg,ind-baskauf/39138,Acer saccharum,twig,twig,close-up winter terminal bud,twig / close-up winter terminal bud,validation,https://bioimages.vanderbilt.edu/tn/baskauf/tacsa3-twterm-bud39144.jpg,https://bioimages.vanderbilt.edu/gq/baskauf/gacsa3-twterm-bud39144.jpg
baskauf/39181,baskauf_39181.jpg,ind-baskauf/39138,Acer saccharum,twig,twig,close-up winter terminal bud,twig / close-up winter terminal bud,validation,https://bioimages.vanderbilt.edu/tn/baskauf/tacsa3-twterm-leaf-scar39181.jpg,https://bioimages.vanderbilt.edu/gq/baskauf/gacsa3-twterm-leaf-scar39181.jpg
baskauf/10374,baskauf_10374.jpg,ind-baskauf/10374,Acer saccharum,whole plant,whole tree (or vine),general,whole tree (or vine) / general,validation,https://bioimages.vanderbilt.edu/tn/baskauf/tacsa3-fldstant10374.jpg,https://bioimages.vanderbilt.edu/gq/baskauf/gacsa3-fldstant10374.jpg
baskauf/18076,baskauf_18076.jpg,ind-baskauf/18076,Acer saccharum,whole plant,whole tree (or vine),general,whole tree (or vine) / general,validation,https://bioimages.vanderbilt.edu/tn/baskauf/tacsa3-wpin-flower18076.jpg,https://bioimages.vanderbilt.edu/gq/baskauf/gacsa3-wpin-flower18076.jpg
baskauf/91096,baskauf_91096.jpg,vanderbilt/8-70,Acer saccharum,whole plant,whole tree (or vine),general,whole tree (or vine) / general,validation,https://bioimages.vanderbilt.edu/tn/baskauf/t91096.jpg,https://bioimages.vanderbilt.edu/gq/baskauf/g91096.jpg
baskauf/91164,baskauf_91164.jpg,vanderbilt/12-196,Acer saccharum,whole plant,whole tree (or vine),general,whole tree (or vine) / general,validation,https://bioimages.vanderbilt.edu/tn/baskauf/t91164.jpg,https://bioimages.vanderbilt.edu/gq/baskauf/g91164.jpg
baskauf/d0999,baskauf_d0999.jpg,ind-baskauf/d0999,Acer saccharum,whole plant,whole tree (or vine),general,whole tree (or vine) / general,validation,https://bioimages.vanderbilt.edu/tn/baskauf/tacsa3-lffall-oranged0999.jpg,https://bioimages.vanderbilt.edu/gq/baskauf/gacsa3-lffall-oranged0999.jpg
kaufmannm/ke142,kaufmannm_ke142.jpg,ind-kaufmannm/ke142,Acer saccharum,whole plant,whole tree (or vine),general,whole tree (or vine) / general,validation,https://bioimages.vanderbilt.edu/tn/kaufmannm/tacsa3-wpfall-mke142.jpg,https://bioimages.vanderbilt.edu/gq/kaufmannm/gacsa3-wpfall-mke142.jpg
baskauf/11657,baskauf_11657.jpg,ind-baskauf/11657,Acer saccharum,whole plant,whole tree (or vine),view up trunk,whole tree (or vine) / view up trunk,validation,https://bioimages.vanderbilt.edu/tn/baskauf/tacsa3-wplookup-giant11657.jpg,https://bioimages.vanderbilt.edu/gq/baskauf/gacsa3-wplookup-giant11657.jpg
baskauf/27139,baskauf_27139.jpg,ind-baskauf/27131,Yucca filamentosa,bark,bark,of a small tree or small branch,bark / of a small tree or small branch,train,https://bioimages.vanderbilt.edu/tn/baskauf/tyufl2-br27139.jpg,https://bioimages.vanderbilt.edu/gq/baskauf/gyufl2-br27139.jpg
baskauf/27132,baskauf_27132.jpg,ind-baskauf/27131,Yucca filamentosa,fruit,fruit,lateral or general close-up,fruit / lateral or general close-up,train,https://bioimages.vanderbilt.edu/tn/baskauf/tyufl2-fr27132.jpg,https://bioimages.vanderbilt.edu/gq/baskauf/gyufl2-fr27132.jpg
baskauf/27137,baskauf_27137.jpg,ind-baskauf/27131,Yucca filamentosa,fruit,fruit,lateral or general close-up,fruit / lateral or general close-up,train,https://bioimages.vanderbilt.edu/tn/baskauf/tyufl2-fr27137.jpg,https://bioimages.vanderbilt.edu/gq/baskauf/gyufl2-fr27137.jpg
baskauf/27143,baskauf_27143.jpg,ind-baskauf/27131,Yucca filamentosa,twig,twig,orientation of petioles,twig / orientation of petioles,train,https://bioimages.vanderbilt.edu/tn/baskauf/tyufl2-tw27143.jpg,https://bioimages.vanderbilt.edu/gq/baskauf/gyufl2-tw27143.jpg
baskauf/11729,baskauf_11729.jpg,ind-baskauf/11726,Yucca filamentosa,flower,inflorescence,frontal view of flower,inflorescence / frontal view of flower,train,https://bioimages.vanderbilt.edu/tn/baskauf/tyufl2-flcloseup11729.jpg,https://bioimages.vanderbilt.edu/gq/baskauf/gyufl2-flcloseup11729.jpg
baskauf/11727,baskauf_11727.jpg,ind-baskauf/11726,Yucca filamentosa,flower,inflorescence,lateral view of flower,inflorescence / lateral view of flower,train,https://bioimages.vanderbilt.edu/tn/baskauf/tyufl2-fl11727.jpg,https://bioimages.vanderbilt.edu/gq/baskauf/gyufl2-fl11727.jpg
baskauf/11730,baskauf_11730.jpg,ind-baskauf/11726,Yucca filamentosa,flower,inflorescence,whole - unspecified,inflorescence / whole - unspecified,train,https://bioimages.vanderbilt.edu/tn/baskauf/tyufl2-flinflor-close11730.jpg,https://bioimages.vanderbilt.edu/gq/baskauf/gyufl2-flinflor-close11730.jpg
baskauf/11732,baskauf_11732.jpg,ind-baskauf/11726,Yucca filamentosa,leaf,leaf,showing orientation on twig,leaf / showing orientation on twig,train,https://bioimages.vanderbilt.edu/tn/baskauf/tyufl2-lfseveral11732.jpg,https://bioimages.vanderbilt.edu/gq/baskauf/gyufl2-lfseveral11732.jpg
baskauf/11731,baskauf_11731.jpg,ind-baskauf/11726,Yucca filamentosa,leaf,leaf,whole upper surface,leaf / whole upper surface,train,https://bioimages.vanderbilt.edu/tn/baskauf/tyufl2-lf11731.jpg,https://bioimages.vanderbilt.edu/gq/baskauf/gyufl2-lf11731.jpg
baskauf/11726,baskauf_11726.jpg,ind-baskauf/11726,Yucca filamentosa,whole plant,whole tree (or vine),general,whole tree (or vine) / general,train,https://bioimages.vanderbilt.edu/tn/baskauf/tyufl2-wpin-flower11726.jpg,https://bioimages.vanderbilt.edu/gq/baskauf/gyufl2-wpin-flower11726.jpg
baskauf/35180,baskauf_35180.jpg,ind-baskauf/35163,Yucca filamentosa,flower,inflorescence,frontal view of flower,inflorescence / frontal view of flower,train,https://bioimages.vanderbilt.edu/tn/baskauf/tyufl2-flfront35180.jpg,https://bioimages.vanderbilt.edu/gq/baskauf/gyufl2-flfront35180.jpg
baskauf/35177,baskauf_35177.jpg,ind-baskauf/35163,Yucca filamentosa,flower,inflorescence,lateral view of flower,inflorescence / lateral view of flower,train,https://bioimages.vanderbilt.edu/tn/baskauf/tyufl2-flside35177.jpg,https://bioimages.vanderbilt.edu/gq/baskauf/gyufl2-flside35177.jpg
baskauf/35167,baskauf_35167.jpg,ind-baskauf/35163,Yucca filamentosa,flower,inflorescence,whole - unspecified,inflorescence / whole - unspecified,train,https://bioimages.vanderbilt.edu/tn/baskauf/tyufl2-flinflor35167.jpg,https://bioimages.vanderbilt.edu/gq/baskauf/gyufl2-flinflor35167.jpg
baskauf/35184,baskauf_35184.jpg,ind-baskauf/35163,Yucca filamentosa,leaf,leaf,basal or on lower stem,leaf / basal or on lower stem,train,https://bioimages.vanderbilt.edu/tn/baskauf/tyufl2-lf35184.jpg,https://bioimages.vanderbilt.edu/gq/baskauf/gyufl2-lf35184.jpg
baskauf/35181,baskauf_35181.jpg,ind-baskauf/35163,Yucca filamentosa,stem,stem,showing leaf bases,stem / showing leaf bases,train,https://bioimages.vanderbilt.edu/tn/baskauf/tyufl2-tw35181.jpg,https://bioimages.vanderbilt.edu/gq/baskauf/gyufl2-tw35181.jpg
baskauf/35163,baskauf_35163.jpg,ind-baskauf/35163,Yucca filamentosa,whole plant,whole plant,in flower - general view,whole plant / in flower - general view,train,https://bioimages.vanderbilt.edu/tn/baskauf/tyufl2-wp35163.jpg,https://bioimages.vanderbilt.edu/gq/baskauf/gyufl2-wp35163.jpg
baskauf/21914,baskauf_21914.jpg,ind-baskauf/21893,Rhus aromatica,bark,bark,of a small tree or small branch,bark / of a small tree or small branch,test,https://bioimages.vanderbilt.edu/tn/baskauf/trhar4-br21914.jpg,https://bioimages.vanderbilt.edu/gq/baskauf/grhar4-br21914.jpg
baskauf/21894,baskauf_21894.jpg,ind-baskauf/21893,Rhus aromatica,fruit,fruit,immature,fruit / immature,test,https://bioimages.vanderbilt.edu/tn/baskauf/trhar4-frdevel21894.jpg,https://bioimages.vanderbilt.edu/gq/baskauf/grhar4-frdevel21894.jpg
baskauf/21906,baskauf_21906.jpg,ind-baskauf/21893,Rhus aromatica,twig,twig,winter overall,twig / winter overall,test,https://bioimages.vanderbilt.edu/tn/baskauf/trhar4-tw21906.jpg,https://bioimages.vanderbilt.edu/gq/baskauf/grhar4-tw21906.jpg
baskauf/32173,baskauf_32173.jpg,ind-baskauf/32172,Rhus aromatica,flower,inflorescence,unspecified,inflorescence / unspecified,test,https://bioimages.vanderbilt.edu/tn/baskauf/trhar4-fldevel32173.jpg,https://bioimages.vanderbilt.edu/gq/baskauf/grhar4-fldevel32173.jpg
baskauf/32257,baskauf_32257.jpg,ind-baskauf/32253,Rhus aromatica,flower,inflorescence,whole - unspecified,inflorescence / whole - unspecified,test,https://bioimages.vanderbilt.edu/tn/baskauf/trhar4-fl32257.jpg,https://bioimages.vanderbilt.edu/gq/baskauf/grhar4-fl32257.jpg
baskauf/32255,baskauf_32255.jpg,ind-baskauf/32253,Rhus aromatica,whole plant,whole tree (or vine),winter,whole tree (or vine) / winter,test,https://bioimages.vanderbilt.edu/tn/baskauf/trhar4-wpin-bloom32255.jpg,https://bioimages.vanderbilt.edu/gq/baskauf/grhar4-wpin-bloom32255.jpg
baskauf/12700,baskauf_12700.jpg,ind-baskauf/12698,Rhus aromatica,fruit,fruit,as borne on the plant,fruit / as borne on the plant,test,https://bioimages.vanderbilt.edu/tn/baskauf/trhar4-fr12700.jpg,https://bioimages.vanderbilt.edu/gq/baskauf/grhar4-fr12700.jpg
baskauf/12698,baskauf_12698.jpg,ind-baskauf/12698,Rhus aromatica,fruit,fruit,lateral or general close-up,fruit / lateral or general close-up,test,https://bioimages.vanderbilt.edu/tn/baskauf/trhar4-frcloseup12698.jpg,https://bioimages.vanderbilt.edu/gq/baskauf/grhar4-frcloseup12698.jpg
baskauf/12703,baskauf_12703.jpg,ind-baskauf/12698,Rhus aromatica,leaf,leaf,whole upper surface,leaf / whole upper surface,test,https://bioimages.vanderbilt.edu/tn/baskauf/trhar4-lf12703.jpg,https://bioimages.vanderbilt.edu/gq/baskauf/grhar4-lf12703.jpg
baskauf/52663,baskauf_52663.jpg,ind-baskauf/52661,Rhus aromatica,fruit,fruit,as borne on the plant,fruit / as borne on the plant,test,https://bioimages.vanderbilt.edu/tn/baskauf/trhar4-fr52663.jpg,https://bioimages.vanderbilt.edu/gq/baskauf/grhar4-fr52663.jpg
baskauf/52662,baskauf_52662.jpg,ind-baskauf/52661,Rhus aromatica,leaf,leaf,margin of upper + lower surface,leaf / margin of upper + lower surface,test,https://bioimages.vanderbilt.edu/tn/baskauf/trhar4-lfmargin-uplow52662.jpg,https://bioimages.vanderbilt.edu/gq/baskauf/grhar4-lfmargin-uplow52662.jpg
hessd/e5353,hessd_e5353.jpg,ind-hessd/e5353,Rhus aromatica,fruit,fruit,as borne on the plant,fruit / as borne on the plant,test,https://bioimages.vanderbilt.edu/tn/hessd/trhar4-fr940529a-19e5353.jpg,https://bioimages.vanderbilt.edu/gq/hessd/grhar4-fr940529a-19e5353.jpg
baskauf/12804,baskauf_12804.jpg,ind-baskauf/12804,Rhus aromatica,whole plant,whole tree (or vine),general,whole tree (or vine) / general,test,https://bioimages.vanderbilt.edu/tn/baskauf/trhar4-wpsmall12804.jpg,https://bioimages.vanderbilt.edu/gq/baskauf/grhar4-wpsmall12804.jpg
baskauf/12928,baskauf_12928.jpg,ind-baskauf/12928,Rhus aromatica,whole plant,whole tree (or vine),general,whole tree (or vine) / general,test,https://bioimages.vanderbilt.edu/tn/baskauf/trhar4-wpshrub12928.jpg,https://bioimages.vanderbilt.edu/gq/baskauf/grhar4-wpshrub12928.jpg
baskauf/13540,baskauf_13540.jpg,ind-baskauf/13534,Rhus copallinum,bark,bark,of a medium tree or large branch,bark / of a medium tree or large branch,train,https://bioimages.vanderbilt.edu/tn/baskauf/trhcol2br13540.jpg,https://bioimages.vanderbilt.edu/gq/baskauf/grhcol2br13540.jpg
baskauf/13535,baskauf_13535.jpg,ind-baskauf/13534,Rhus copallinum,flower,inflorescence,whole - unspecified,inflorescence / whole - unspecified,train,https://bioimages.vanderbilt.edu/tn/baskauf/trhcol2flinflor-close13535.jpg,https://bioimages.vanderbilt.edu/gq/baskauf/grhcol2flinflor-close13535.jpg
baskauf/13537,baskauf_13537.jpg,ind-baskauf/13534,Rhus copallinum,flower,inflorescence,whole - unspecified,inflorescence / whole - unspecified,train,https://bioimages.vanderbilt.edu/tn/baskauf/trhcol2flinflor13537.jpg,https://bioimages.vanderbilt.edu/gq/baskauf/grhcol2flinflor13537.jpg
baskauf/16724,baskauf_16724.jpg,ind-baskauf/13534,Rhus copallinum,leaf,leaf,showing orientation on twig,leaf / showing orientation on twig,train,https://bioimages.vanderbilt.edu/tn/baskauf/trhcol2lffall16724.jpg,https://bioimages.vanderbilt.edu/gq/baskauf/grhcol2lffall16724.jpg
baskauf/13534,baskauf_13534.jpg,ind-baskauf/13534,Rhus copallinum,whole plant,whole tree (or vine),general,whole tree (or vine) / general,train,https://bioimages.vanderbilt.edu/tn/baskauf/trhcol2wpin-flower13534.jpg,https://bioimages.vanderbilt.edu/gq/baskauf/grhcol2wpin-flower13534.jpg
baskauf/16684,baskauf_16684.jpg,ind-baskauf/13534,Rhus copallinum,whole plant,whole tree (or vine),general,whole tree (or vine) / general,train,https://bioimages.vanderbilt.edu/tn/baskauf/trhcol2wpfall-color16684.jpg,https://bioimages.vanderbilt.edu/gq/baskauf/grhcol2wpfall-color16684.jpg
baskauf/54528,baskauf_54528.jpg,ind-baskauf/10419,Rhus copallinum,flower,inflorescence,frontal view of flower,inflorescence / frontal view of flower,train,https://bioimages.vanderbilt.edu/tn/baskauf/trhcol2fl54528.jpg,https://bioimages.vanderbilt.edu/gq/baskauf/grhcol2fl54528.jpg
baskauf/54519,baskauf_54519.jpg,ind-baskauf/10419,Rhus copallinum,flower,inflorescence,whole - unspecified,inflorescence / whole - unspecified,train,https://bioimages.vanderbilt.edu/tn/baskauf/trhcol2flinflor-distant54519.jpg,https://bioimages.vanderbilt.edu/gq/baskauf/grhcol2flinflor-distant54519.jpg
baskauf/54525,baskauf_54525.jpg,ind-baskauf/10419,Rhus copallinum,flower,inflorescence,whole - unspecified,inflorescence / whole - unspecified,train,https://bioimages.vanderbilt.edu/tn/baskauf/trhcol2flinflor54525.jpg,https://bioimages.vanderbilt.edu/gq/baskauf/grhcol2flinflor54525.jpg
baskauf/54532,baskauf_54532.jpg,ind-baskauf/10419,Rhus copallinum,flower,inflorescence,whole - unspecified,inflorescence / whole - unspecified,train,https://bioimages.vanderbilt.edu/tn/baskauf/trhcol2flinflor54532.jpg,https://bioimages.vanderbilt.edu/gq/baskauf/grhcol2flinflor54532.jpg
baskauf/10419,baskauf_10419.jpg,ind-baskauf/10419,Rhus copallinum,fruit,fruit,lateral or general close-up,fruit / lateral or general close-up,train,https://bioimages.vanderbilt.edu/tn/baskauf/trhcol2fr10419.jpg,https://bioimages.vanderbilt.edu/gq/baskauf/grhcol2fr10419.jpg
baskauf/54517,baskauf_54517.jpg,ind-baskauf/10419,Rhus copallinum,whole plant,whole tree (or vine),general,whole tree (or vine) / general,train,https://bioimages.vanderbilt.edu/tn/baskauf/trhcol2wpin-flower54517.jpg,https://bioimages.vanderbilt.edu/gq/baskauf/grhcol2wpin-flower54517.jpg
baskauf/10420,baskauf_10420.jpg,ind-baskauf/10420,Rhus copallinum,fruit,fruit,as borne on the plant,fruit / as borne on the plant,train,https://bioimages.vanderbilt.edu/tn/baskauf/trhcol2frdistant10420.jpg,https://bioimages.vanderbilt.edu/gq/baskauf/grhcol2frdistant10420.jpg
baskauf/15445,baskauf_15445.jpg,ind-baskauf/15444,Rhus copallinum,fruit,fruit,as borne on the plant,fruit / as borne on the plant,train,https://bioimages.vanderbilt.edu/tn/baskauf/trhcol2fr15445.jpg,https://bioimages.vanderbilt.edu/gq/baskauf/grhcol2fr15445.jpg
baskauf/15448,baskauf_15448.jpg,ind-baskauf/15444,Rhus copallinum,fruit,fruit,lateral or general close-up,fruit / lateral or general close-up,train,https://bioimages.vanderbilt.edu/tn/baskauf/trhcol2frcloseup15448.jpg,https://bioimages.vanderbilt.edu/gq/baskauf/grhcol2frcloseup15448.jpg
baskauf/15444,baskauf_15444.jpg,ind-baskauf/15444,Rhus copallinum,whole plant,whole tree (or vine),general,whole tree (or vine) / general,train,https://bioimages.vanderbilt.edu/tn/baskauf/trhcol2wp15444.jpg,https://bioimages.vanderbilt.edu/gq/baskauf/grhcol2wp15444.jpg
baskauf/12583,baskauf_12583.jpg,ind-baskauf/12580,Rhus copallinum,leaf,leaf,margin of upper + lower surface,leaf / margin of upper + lower surface,train,https://bioimages.vanderbilt.edu/tn/baskauf/trhcol2lfupper-lower12583.jpg,https://bioimages.vanderbilt.edu/gq/baskauf/grhcol2lfupper-lower12583.jpg
baskauf/12580,baskauf_12580.jpg,ind-baskauf/12580,Rhus copallinum,leaf,leaf,showing orientation on twig,leaf / showing orientation on twig,train,https://bioimages.vanderbilt.edu/tn/baskauf/trhcol2lfseveral12580.jpg,https://bioimages.vanderbilt.edu/gq/baskauf/grhcol2lfseveral12580.jpg
baskauf/12585,baskauf_12585.jpg,ind-baskauf/12580,Rhus copallinum,twig,twig,orientation of petioles,twig / orientation of petioles,train,https://bioimages.vanderbilt.edu/tn/baskauf/trhcol2twpetiole12585.jpg,https://bioimages.vanderbilt.edu/gq/baskauf/grhcol2twpetiole12585.jpg
baskauf/30099,baskauf_30099.jpg,ind-baskauf/30092,Rhus copallinum,leaf,leaf,margin of upper + lower surface,leaf / margin of upper + lower surface,train,https://bioimages.vanderbilt.edu/tn/baskauf/trhcol2lfmargin-uplow30099.jpg,https://bioimages.vanderbilt.edu/gq/baskauf/grhcol2lfmargin-uplow30099.jpg
baskauf/30096,baskauf_30096.jpg,ind-baskauf/30092,Rhus copallinum,leaf,leaf,whole upper surface,leaf / whole upper surface,train,https://bioimages.vanderbilt.edu/tn/baskauf/trhcol2lf30096.jpg,https://bioimages.vanderbilt.edu/gq/baskauf/grhcol2lf30096.jpg
baskauf/10938,baskauf_10938.jpg,ind-baskauf/10938,Rhus copallinum,leaf,leaf,showing orientation on twig,leaf / showing orientation on twig,train,https://bioimages.vanderbilt.edu/tn/baskauf/trhcol2lfseveral10938.jpg,https://bioimages.vanderbilt.edu/gq/baskauf/grhcol2lfseveral10938.jpg
baskauf/10939,baskauf_10939.jpg,ind-baskauf/10938,Rhus copallinum,leaf,leaf,whole upper surface,leaf / whole upper surface,train,https://bioimages.vanderbilt.edu/tn/baskauf/trhcol2lf10939.jpg,https://bioimages.vanderbilt.edu/gq/baskauf/grhcol2lf10939.jpg
baskauf/10942,baskauf_10942.jpg,ind-baskauf/10938,Rhus copallinum,twig,twig,winter overall,twig / winter overall,train,https://bioimages.vanderbilt.edu/tn/baskauf/trhcol2twclose10942.jpg,https://bioimages.vanderbilt.edu/gq/baskauf/grhcol2twclose10942.jpg
baskauf/17339,baskauf_17339.jpg,ind-baskauf/10414,Rhus glabra,bark,bark,of a medium tree or large branch,bark / of a medium tree or large branch,validation,https://bioimages.vanderbilt.edu/tn/baskauf/trhgl--br17339.jpg,https://bioimages.vanderbilt.edu/gq/baskauf/grhgl--br17339.jpg
baskauf/12567,baskauf_12567.jpg,ind-baskauf/10414,Rhus glabra,flower,inflorescence,frontal view of flower,inflorescence / frontal view of flower,validation,https://bioimages.vanderbilt.edu/tn/baskauf/trhgl--flclose12567.jpg,https://bioimages.vanderbilt.edu/gq/baskauf/grhgl--flclose12567.jpg
baskauf/12560,baskauf_12560.jpg,ind-baskauf/10414,Rhus glabra,flower,inflorescence,whole - unspecified,inflorescence / whole - unspecified,validation,https://bioimages.vanderbilt.edu/tn/baskauf/trhgl--flinflor12560.jpg,https://bioimages.vanderbilt.edu/gq/baskauf/grhgl--flinflor12560.jpg
baskauf/10414,baskauf_10414.jpg,ind-baskauf/10414,Rhus glabra,fruit,fruit,as borne on the plant,fruit / as borne on the plant,validation,https://bioimages.vanderbilt.edu/tn/baskauf/trhgl--frdistant10414.jpg,https://bioimages.vanderbilt.edu/gq/baskauf/grhgl--frdistant10414.jpg
baskauf/10415,baskauf_10415.jpg,ind-baskauf/10414,Rhus glabra,fruit,fruit,lateral or general close-up,fruit / lateral or general close-up,validation,https://bioimages.vanderbilt.edu/tn/baskauf/trhgl--fr10415.jpg,https://bioimages.vanderbilt.edu/gq/baskauf/grhgl--fr10415.jpg
baskauf/12578,baskauf_12578.jpg,ind-baskauf/10414,Rhus glabra,leaf,leaf,margin of upper + lower surface,leaf / margin of upper + lower surface,validation,https://bioimages.vanderbilt.edu/tn/baskauf/trhgl--lfupper-lower12578.jpg,https://bioimages.vanderbilt.edu/gq/baskauf/grhgl--lfupper-lower12578.jpg
baskauf/29771,baskauf_29771.jpg,ind-baskauf/10414,Rhus glabra,leaf,leaf,margin of upper + lower surface,leaf / margin of upper + lower surface,validation,https://bioimages.vanderbilt.edu/tn/baskauf/trhgl--lfmargin-uplow29771.jpg,https://bioimages.vanderbilt.edu/gq/baskauf/grhgl--lfmargin-uplow29771.jpg
baskauf/10936,baskauf_10936.jpg,ind-baskauf/10414,Rhus glabra,leaf,leaf,showing orientation on twig,leaf / showing orientation on twig,validation,https://bioimages.vanderbilt.edu/tn/baskauf/trhgl--lfseveral10936.jpg,https://bioimages.vanderbilt.edu/gq/baskauf/grhgl--lfseveral10936.jpg
baskauf/10935,baskauf_10935.jpg,ind-baskauf/10414,Rhus glabra,leaf,leaf,whole upper surface,leaf / whole upper surface,validation,https://bioimages.vanderbilt.edu/tn/baskauf/trhgl--lf10935.jpg,https://bioimages.vanderbilt.edu/gq/baskauf/grhgl--lf10935.jpg
baskauf/29766,baskauf_29766.jpg,ind-baskauf/10414,Rhus glabra,leaf,leaf,whole upper surface,leaf / whole upper surface,validation,https://bioimages.vanderbilt.edu/tn/baskauf/trhgl--lf29766.jpg,https://bioimages.vanderbilt.edu/gq/baskauf/grhgl--lf29766.jpg
baskauf/10941,baskauf_10941.jpg,ind-baskauf/10414,Rhus glabra,twig,twig,close-up winter leaf scar/bud,twig / close-up winter leaf scar/bud,validation,https://bioimages.vanderbilt.edu/tn/baskauf/trhgl--tw10941.jpg,https://bioimages.vanderbilt.edu/gq/baskauf/grhgl--tw10941.jpg
baskauf/10934,baskauf_10934.jpg,ind-baskauf/10414,Rhus glabra,twig,twig,orientation of petioles,twig / orientation of petioles,validation,https://bioimages.vanderbilt.edu/tn/baskauf/trhgl--tw10934.jpg,https://bioimages.vanderbilt.edu/gq/baskauf/grhgl--tw10934.jpg
baskauf/12572,baskauf_12572.jpg,ind-baskauf/10414,Rhus glabra,twig,twig,orientation of petioles,twig / orientation of petioles,validation,https://bioimages.vanderbilt.edu/tn/baskauf/trhgl--twwaxy-petio12572.jpg,https://bioimages.vanderbilt.edu/gq/baskauf/grhgl--twwaxy-petio12572.jpg
baskauf/10937,baskauf_10937.jpg,ind-baskauf/10414,Rhus glabra,twig,twig,winter overall,twig / winter overall,validation,https://bioimages.vanderbilt.edu/tn/baskauf/trhgl--twsap10937.jpg,https://bioimages.vanderbilt.edu/gq/baskauf/grhgl--twsap10937.jpg
baskauf/12538,baskauf_12538.jpg,ind-baskauf/10414,Rhus glabra,whole plant,whole tree (or vine),general,whole tree (or vine) / general,validation,https://bioimages.vanderbilt.edu/tn/baskauf/trhgl--flin-flower12538.jpg,https://bioimages.vanderbilt.edu/gq/baskauf/grhgl--flin-flower12538.jpg
baskauf/13515,baskauf_13515.jpg,ind-baskauf/13515,Rhus glabra,fruit,fruit,as borne on the plant,fruit / as borne on the plant,validation,https://bioimages.vanderbilt.edu/tn/baskauf/trhgl--frearly-devel13515.jpg,https://bioimages.vanderbilt.edu/gq/baskauf/grhgl--frearly-devel13515.jpg
baskauf/13516,baskauf_13516.jpg,ind-baskauf/13515,Rhus glabra,fruit,fruit,as borne on the plant,fruit / as borne on the plant,validation,https://bioimages.vanderbilt.edu/tn/baskauf/trhgl--frlate-devel13516.jpg,https://bioimages.vanderbilt.edu/gq/baskauf/grhgl--frlate-devel13516.jpg
baskauf/13518,baskauf_13518.jpg,ind-baskauf/13515,Rhus glabra,fruit,fruit,immature,fruit / immature,validation,https://bioimages.vanderbilt.edu/tn/baskauf/trhgl--frdevel-close13518.jpg,https://bioimages.vanderbilt.edu/gq/baskauf/grhgl--frdevel-close13518.jpg
baskauf/15477,baskauf_15477.jpg,ind-baskauf/15477,Rhus glabra,whole plant,whole tree (or vine),general,whole tree (or vine) / general,validation,https://bioimages.vanderbilt.edu/tn/baskauf/trhgl--wp15477.jpg,https://bioimages.vanderbilt.edu/gq/baskauf/grhgl--wp15477.jpg
baskauf/10834,baskauf_10834.jpg,ind-baskauf/10832,Toxicodendron radicans,bark,bark,of a large tree,bark / of a large tree,train,https://bioimages.vanderbilt.edu/tn/baskauf/ttora2-br10834.jpg,https://bioimages.vanderbilt.edu/gq/baskauf/gtora2-br10834.jpg
baskauf/10832,baskauf_10832.jpg,ind-baskauf/10832,Toxicodendron radicans,flower,inflorescence,whole - unspecified,inflorescence / whole - unspecified,train,https://bioimages.vanderbilt.edu/tn/baskauf/ttora2-flinflor10832.jpg,https://bioimages.vanderbilt.edu/gq/baskauf/gtora2-flinflor10832.jpg
baskauf/10833,baskauf_10833.jpg,ind-baskauf/10832,Toxicodendron radicans,whole plant,whole tree (or vine),general,whole tree (or vine) / general,train,https://bioimages.vanderbilt.edu/tn/baskauf/ttora2-wpin-flower10833.jpg,https://bioimages.vanderbilt.edu/gq/baskauf/gtora2-wpin-flower10833.jpg
baskauf/17295,baskauf_17295.jpg,ind-baskauf/17295,Toxicodendron radicans,bark,bark,of a small tree or small branch,bark / of a small tree or small branch,train,https://bioimages.vanderbilt.edu/tn/baskauf/ttora2-br17295.jpg,https://bioimages.vanderbilt.edu/gq/baskauf/gtora2-br17295.jpg
baskauf/17306,baskauf_17306.jpg,ind-baskauf/17295,Toxicodendron radicans,twig,twig,winter overall,twig / winter overall,train,https://bioimages.vanderbilt.edu/tn/baskauf/ttora2-tw17306.jpg,https://bioimages.vanderbilt.edu/gq/baskauf/gtora2-tw17306.jpg
hessd/e5381,hessd_e5381.jpg,ind-hessd/e5381,Toxicodendron radicans,flower,inflorescence,frontal view of flower,inflorescence / frontal view of flower,train,https://bioimages.vanderbilt.edu/tn/hessd/ttora2-fl0133e5381.jpg,https://bioimages.vanderbilt.edu/gq/hessd/gtora2-fl0133e5381.jpg
thomas/0301-02-01,thomas_0301-02-01.jpg,thomas/0301-02,Toxicodendron radicans,flower,inflorescence,frontal view of flower,inflorescence / frontal view of flower,train,https://bioimages.vanderbilt.edu/tn/thomas/t0301-02-01.jpg,https://bioimages.vanderbilt.edu/gq/thomas/g0301-02-01.jpg
thomas/0301-02-03,thomas_0301-02-03.jpg,thomas/0301-02,Toxicodendron radicans,flower,inflorescence,whole - unspecified,inflorescence / whole - unspecified,train,https://bioimages.vanderbilt.edu/tn/thomas/t0301-02-03.jpg,https://bioimages.vanderbilt.edu/gq/thomas/g0301-02-03.jpg
thomas/0301-02-02,thomas_0301-02-02.jpg,thomas/0301-02,Toxicodendron radicans,leaf,leaf,whole upper surface,leaf / whole upper surface,train,https://bioimages.vanderbilt.edu/tn/thomas/t0301-02-02.jpg,https://bioimages.vanderbilt.edu/gq/thomas/g0301-02-02.jpg
thomas/0506-01-03,thomas_0506-01-03.jpg,thomas/0506-01,Toxicodendron radicans,flower,inflorescence,frontal view of flower,inflorescence / frontal view of flower,train,https://bioimages.vanderbilt.edu/tn/thomas/t0506-01-03.jpg,https://bioimages.vanderbilt.edu/gq/thomas/g0506-01-03.jpg
thomas/0506-01-02,thomas_0506-01-02.jpg,thomas/0506-01,Toxicodendron radicans,flower,inflorescence,lateral view of flower,inflorescence / lateral view of flower,train,https://bioimages.vanderbilt.edu/tn/thomas/t0506-01-02.jpg,https://bioimages.vanderbilt.edu/gq/thomas/g0506-01-02.jpg
thomas/0506-01-01,thomas_0506-01-01.jpg,thomas/0506-01,Toxicodendron radicans,flower,inflorescence,whole - unspecified,inflorescence / whole - unspecified,train,https://bioimages.vanderbilt.edu/tn/thomas/t0506-01-01.jpg,https://bioimages.vanderbilt.edu/gq/thomas/g0506-01-01.jpg
thomas/0506-01-07,thomas_0506-01-07.jpg,thomas/0506-01,Toxicodendron radicans,flower,inflorescence,whole - unspecified,inflorescence / whole - unspecified,train,https://bioimages.vanderbilt.edu/tn/thomas/t0506-01-07.jpg,https://bioimages.vanderbilt.edu/gq/thomas/g0506-01-07.jpg
thomas/0506-01-08,thomas_0506-01-08.jpg,thomas/0506-01,Toxicodendron radicans,leaf,leaf,showing orientation on twig,leaf / showing orientation on twig,train,https://bioimages.vanderbilt.edu/tn/thomas/t0506-01-08.jpg,https://bioimages.vanderbilt.edu/gq/thomas/g0506-01-08.jpg
thomas/0506-01-05,thomas_0506-01-05.jpg,thomas/0506-01,Toxicodendron radicans,leaf,leaf,unspecified,leaf / unspecified,train,https://bioimages.vanderbilt.edu/tn/thomas/t0506-01-05.jpg,https://bioimages.vanderbilt.edu/gq/thomas/g0506-01-05.jpg
thomas/0506-01-09,thomas_0506-01-09.jpg,thomas/0506-01,Toxicodendron radicans,leaf,leaf,unspecified,leaf / unspecified,train,https://bioimages.vanderbilt.edu/tn/thomas/t0506-01-09.jpg,https://bioimages.vanderbilt.edu/gq/thomas/g0506-01-09.jpg
thomas/0506-01-10,thomas_0506-01-10.jpg,thomas/0506-01,Toxicodendron radicans,leaf,leaf,unspecified,leaf / unspecified,train,https://bioimages.vanderbilt.edu/tn/thomas/t0506-01-10.jpg,https://bioimages.vanderbilt.edu/gq/thomas/g0506-01-10.jpg
thomas/0506-01-04,thomas_0506-01-04.jpg,thomas/0506-01,Toxicodendron radicans,leaf,leaf,whole upper surface,leaf / whole upper surface,train,https://bioimages.vanderbilt.edu/tn/thomas/t0506-01-04.jpg,https://bioimages.vanderbilt.edu/gq/thomas/g0506-01-04.jpg
thomas/0506-01-06,thomas_0506-01-06.jpg,thomas/0506-01,Toxicodendron radicans,whole plant,whole tree (or vine),general,whole tree (or vine) / general,train,https://bioimages.vanderbilt.edu/tn/thomas/t0506-01-06.jpg,https://bioimages.vanderbilt.edu/gq/thomas/g0506-01-06.jpg
baskauf/34172,baskauf_34172.jpg,ind-baskauf/34170,Toxicodendron radicans,flower,inflorescence,whole - unspecified,inflorescence / whole - unspecified,train,https://bioimages.vanderbilt.edu/tn/baskauf/ttora2-fl34172.jpg,https://bioimages.vanderbilt.edu/gq/baskauf/gtora2-fl34172.jpg
baskauf/15951,baskauf_15951.jpg,ind-baskauf/15948,Toxicodendron radicans,fruit,fruit,as borne on the plant,fruit / as borne on the plant,train,https://bioimages.vanderbilt.edu/tn/baskauf/ttora2-frdistant15951.jpg,https://bioimages.vanderbilt.edu/gq/baskauf/gtora2-frdistant15951.jpg
baskauf/15948,baskauf_15948.jpg,ind-baskauf/15948,Toxicodendron radicans,fruit,fruit,lateral or general close-up,fruit / lateral or general close-up,train,https://bioimages.vanderbilt.edu/tn/baskauf/ttora2-frcloseup15948.jpg,https://bioimages.vanderbilt.edu/gq/baskauf/gtora2-frcloseup15948.jpg
baskauf/16418,baskauf_16418.jpg,ind-baskauf/16418,Toxicodendron radicans,leaf,leaf,showing orientation on twig,leaf / showing orientation on twig,train,https://bioimages.vanderbilt.edu/tn/baskauf/ttora2-lffall-color16418.jpg,https://bioimages.vanderbilt.edu/gq/baskauf/gtora2-lffall-color16418.jpg
baskauf/20452,baskauf_20452.jpg,ind-baskauf/20451,Toxicodendron radicans,leaf,leaf,whole upper surface,leaf / whole upper surface,train,https://bioimages.vanderbilt.edu/tn/baskauf/ttora2-lfnew20452.jpg,https://bioimages.vanderbilt.edu/gq/baskauf/gtora2-lfnew20452.jpg
baskauf/20454,baskauf_20454.jpg,ind-baskauf/20451,Toxicodendron radicans,leaf,leaf,whole upper surface,leaf / whole upper surface,train,https://bioimages.vanderbilt.edu/tn/baskauf/ttora2-lf20454.jpg,https://bioimages.vanderbilt.edu/gq/baskauf/gtora2-lf20454.jpg
baskauf/10892,baskauf_10892.jpg,ind-baskauf/10892,Toxicodendron radicans,whole plant,whole tree (or vine),general,whole tree (or vine) / general,train,https://bioimages.vanderbilt.edu/tn/baskauf/ttora2-wpgrondcover10892.jpg,https://bioimages.vanderbilt.edu/gq/baskauf/gtora2-wpgrondcover10892.jpg
baskauf/10893,baskauf_10893.jpg,ind-baskauf/10893,Toxicodendron radicans,whole plant,whole tree (or vine),general,whole tree (or vine) / general,train,https://bioimages.vanderbilt.edu/tn/baskauf/ttora2-wpclimbing10893.jpg,https://bioimages.vanderbilt.edu/gq/baskauf/gtora2-wpclimbing10893.jpg
baskauf/30773,baskauf_30773.jpg,ind-baskauf/30762,Ilex verticillata,bark,bark,of a small tree or small branch,bark / of a small tree or small branch,train,https://bioimages.vanderbilt.edu/tn/baskauf/tilve--br30773.jpg,https://bioimages.vanderbilt.edu/gq/baskauf/gilve--br30773.jpg
baskauf/30769,baskauf_30769.jpg,ind-baskauf/30762,Ilex verticillata,fruit,fruit,lateral or general close-up,fruit / lateral or general close-up,train,https://bioimages.vanderbilt.edu/tn/baskauf/tilve--fr30769.jpg,https://bioimages.vanderbilt.edu/gq/baskauf/gilve--fr30769.jpg
baskauf/30771,baskauf_30771.jpg,ind-baskauf/30762,Ilex verticillata,twig,twig,winter overall,twig / winter overall,train,https://bioimages.vanderbilt.edu/tn/baskauf/tilve--tw30771.jpg,https://bioimages.vanderbilt.edu/gq/baskauf/gilve--tw30771.jpg
baskauf/30763,baskauf_30763.jpg,ind-baskauf/30762,Ilex verticillata,whole plant,whole tree (or vine),winter,whole tree (or vine) / winter,train,https://bioimages.vanderbilt.edu/tn/baskauf/tilve--wpwinter30763.jpg,https://bioimages.vanderbilt.edu/gq/baskauf/gilve--wpwinter30763.jpg
baskauf/35633,baskauf_35633.jpg,ind-baskauf/35627,Ilex verticillata,flower,inflorescence,frontal view of flower,inflorescence / frontal view of flower,train,https://bioimages.vanderbilt.edu/tn/baskauf/tilve--flmale35633.jpg,https://bioimages.vanderbilt.edu/gq/baskauf/gilve--flmale35633.jpg
baskauf/35627,baskauf_35627.jpg,ind-baskauf/35627,Ilex verticillata,flower,inflorescence,whole - male,inflorescence / whole - male,train,https://bioimages.vanderbilt.edu/tn/baskauf/tilve--flmale-several35627.jpg,https://bioimages.vanderbilt.edu/gq/baskauf/gilve--flmale-several35627.jpg
baskauf/35635,baskauf_35635.jpg,ind-baskauf/35634,Ilex verticillata,flower,inflorescence,frontal view of flower,inflorescence / frontal view of flower,train,https://bioimages.vanderbilt.edu/tn/baskauf/tilve--flfemale35635.jpg,https://bioimages.vanderbilt.edu/gq/baskauf/gilve--flfemale35635.jpg
kaufmannm/mk466,kaufmannm_mk466.jpg,ind-kaufmannm/mk466,Ilex verticillata,fruit,fruit,as borne on the plant,fruit / as borne on the plant,train,https://bioimages.vanderbilt.edu/tn/kaufmannm/tilve--frmk466.jpg,https://bioimages.vanderbilt.edu/gq/kaufmannm/gilve--frmk466.jpg
baskauf/58501,baskauf_58501.jpg,ind-baskauf/58500,Ilex verticillata,leaf,leaf,margin of upper + lower surface,leaf / margin of upper + lower surface,train,https://bioimages.vanderbilt.edu/tn/baskauf/tilve--lfmargin-uplow58501.jpg,https://bioimages.vanderbilt.edu/gq/baskauf/gilve--lfmargin-uplow58501.jpg
baskauf/58506,baskauf_58506.jpg,ind-baskauf/58500,Ilex verticillata,leaf,leaf,margin of upper + lower surface,leaf / margin of upper + lower surface,train,https://bioimages.vanderbilt.edu/tn/baskauf/tilve--lfmargin-uplow58506.jpg,https://bioimages.vanderbilt.edu/gq/baskauf/gilve--lfmargin-uplow58506.jpg
baskauf/58502,baskauf_58502.jpg,ind-baskauf/58500,Ilex verticillata,twig,twig,orientation of petioles,twig / orientation of petioles,train,https://bioimages.vanderbilt.edu/tn/baskauf/tilve--tw58502.jpg,https://bioimages.vanderbilt.edu/gq/baskauf/gilve--tw58502.jpg
baskauf/58504,baskauf_58504.jpg,ind-baskauf/58500,Ilex verticillata,twig,twig,orientation of petioles,twig / orientation of petioles,train,https://bioimages.vanderbilt.edu/tn/baskauf/tilve--tw58504.jpg,https://bioimages.vanderbilt.edu/gq/baskauf/gilve--tw58504.jpg
baskauf/35368,baskauf_35368.jpg,ind-baskauf/35363,Ilex verticillata,leaf,leaf,showing orientation on twig,leaf / showing orientation on twig,train,https://bioimages.vanderbilt.edu/tn/baskauf/tilve--lfseveral35368.jpg,https://bioimages.vanderbilt.edu/gq/baskauf/gilve--lfseveral35368.jpg
baskauf/35369,baskauf_35369.jpg,ind-baskauf/35363,Ilex verticillata,leaf,leaf,whole upper surface,leaf / whole upper surface,train,https://bioimages.vanderbilt.edu/tn/baskauf/tilve--lf35369.jpg,https://bioimages.vanderbilt.edu/gq/baskauf/gilve--lf35369.jpg
baskauf/35372,baskauf_35372.jpg,ind-baskauf/35363,Ilex verticillata,twig,twig,orientation of petioles,twig / orientation of petioles,train,https://bioimages.vanderbilt.edu/tn/baskauf/tilve--twmale-buds35372.jpg,https://bioimages.vanderbilt.edu/gq/baskauf/gilve--twmale-buds35372.jpg
baskauf/35364,baskauf_35364.jpg,ind-baskauf/35363,Ilex verticillata,whole plant,whole tree (or vine),general,whole tree (or vine) / general,train,https://bioimages.vanderbilt.edu/tn/baskauf/tilve--wpmale35364.jpg,https://bioimages.vanderbilt.edu/gq/baskauf/gilve--wpmale35364.jpg
baskauf/35376,baskauf_35376.jpg,ind-baskauf/35374,Ilex verticillata,twig,twig,orientation of petioles,twig / orientation of petioles,train,https://bioimages.vanderbilt.edu/tn/baskauf/tilve--twfemale-buds35376.jpg,https://bioimages.vanderbilt.edu/gq/baskauf/gilve--twfemale-buds35376.jpg
baskauf/11449,baskauf_11449.jpg,ind-baskauf/11449,Betula alleghaniensis,bark,bark,of a large tree,bark / of a large tree,train,https://bioimages.vanderbilt.edu/tn/baskauf/tbeal2-brlarge11449.jpg,https://bioimages.vanderbilt.edu/gq/baskauf/gbeal2-brlarge11449.jpg
baskauf/11516,baskauf_11516.jpg,ind-baskauf/11510,Betula alleghaniensis,bark,bark,of a medium tree or large branch,bark / of a medium tree or large branch,train,https://bioimages.vanderbilt.edu/tn/baskauf/tbeal2-brmedium11516.jpg,https://bioimages.vanderbilt.edu/gq/baskauf/gbeal2-brmedium11516.jpg
baskauf/11511,baskauf_11511.jpg,ind-baskauf/11510,Betula alleghaniensis,leaf,leaf,showing orientation on twig,leaf / showing orientation on twig,train,https://bioimages.vanderbilt.edu/tn/baskauf/tbeal2-tw11511.jpg,https://bioimages.vanderbilt.edu/gq/baskauf/gbeal2-tw11511.jpg
baskauf/11510,baskauf_11510.jpg,ind-baskauf/11510,Betula alleghaniensis,leaf,leaf,whole upper surface,leaf / whole upper surface,train,https://bioimages.vanderbilt.edu/tn/baskauf/tbeal2-lf11510.jpg,https://bioimages.vanderbilt.edu/gq/baskauf/gbeal2-lf11510.jpg
baskauf/11515,baskauf_11515.jpg,ind-baskauf/11510,Betula alleghaniensis,whole plant,whole tree (or vine),general,whole tree (or vine) / general,train,https://bioimages.vanderbilt.edu/tn/baskauf/tbeal2-wpmedium11515.jpg,https://bioimages.vanderbilt.edu/gq/baskauf/gbeal2-wpmedium11515.jpg
baskauf/11719,baskauf_11719.jpg,ind-baskauf/11719,Betula alleghaniensis,bark,bark,of a small tree or small branch,bark / of a small tree or small branch,train,https://bioimages.vanderbilt.edu/tn/baskauf/tbeal2-brsmall11719.jpg,https://bioimages.vanderbilt.edu/gq/baskauf/gbeal2-brsmall11719.jpg
baskauf/49244,baskauf_49244.jpg,ind-baskauf/49238,Betula alleghaniensis,bark,bark,of a small tree or small branch,bark / of a small tree or small branch,train,https://bioimages.vanderbilt.edu/tn/baskauf/tbeal2-brsmall49244.jpg,https://bioimages.vanderbilt.edu/gq/baskauf/gbeal2-brsmall49244.jpg
baskauf/49248,baskauf_49248.jpg,ind-baskauf/49238,Betula alleghaniensis,leaf,leaf,margin of upper + lower surface,leaf / margin of upper + lower surface,train,https://bioimages.vanderbilt.edu/tn/baskauf/tbeal2-lfmargin-uplow49248.jpg,https://bioimages.vanderbilt.edu/gq/baskauf/gbeal2-lfmargin-uplow49248.jpg
baskauf/49249,baskauf_49249.jpg,ind-baskauf/49238,Betula alleghaniensis,leaf,leaf,margin of upper + lower surface,leaf / margin of upper + lower surface,train,https://bioimages.vanderbilt.edu/tn/baskauf/tbeal2-lfmargin-uplow49249.jpg,https://bioimages.vanderbilt.edu/gq/baskauf/gbeal2-lfmargin-uplow49249.jpg
baskauf/49247,baskauf_49247.jpg,ind-baskauf/49238,Betula alleghaniensis,leaf,leaf,whole upper surface,leaf / whole upper surface,train,https://bioimages.vanderbilt.edu/tn/baskauf/tbeal2-lf49247.jpg,https://bioimages.vanderbilt.edu/gq/baskauf/gbeal2-lf49247.jpg
baskauf/49250,baskauf_49250.jpg,ind-baskauf/49238,Betula alleghaniensis,twig,twig,orientation of petioles,twig / orientation of petioles,train,https://bioimages.vanderbilt.edu/tn/baskauf/tbeal2-tw49250.jpg,https://bioimages.vanderbilt.edu/gq/baskauf/gbeal2-tw49250.jpg
baskauf/49252,baskauf_49252.jpg,ind-baskauf/49238,Betula alleghaniensis,twig,twig,orientation of petioles,twig / orientation of petioles,train,https://bioimages.vanderbilt.edu/tn/baskauf/tbeal2-tw49252.jpg,https://bioimages.vanderbilt.edu/gq/baskauf/gbeal2-tw49252.jpg
baskauf/26426,baskauf_26426.jpg,ind-baskauf/26417,Betula alleghaniensis,flower,inflorescence,lateral view of flower,inflorescence / lateral view of flower,train,https://bioimages.vanderbilt.edu/tn/baskauf/tbeal2-fl26426.jpg,https://bioimages.vanderbilt.edu/gq/baskauf/gbeal2-fl26426.jpg
baskauf/26421,baskauf_26421.jpg,ind-baskauf/26417,Betula alleghaniensis,flower,inflorescence,whole - male,inflorescence / whole - male,train,https://bioimages.vanderbilt.edu/tn/baskauf/tbeal2-flinflor26421.jpg,https://bioimages.vanderbilt.edu/gq/baskauf/gbeal2-flinflor26421.jpg
baskauf/11698,baskauf_11698.jpg,ind-baskauf/11698,Betula lenta,bark,bark,of a large tree,bark / of a large tree,train,https://bioimages.vanderbilt.edu/tn/baskauf/tbele--br11698.jpg,https://bioimages.vanderbilt.edu/gq/baskauf/gbele--br11698.jpg
baskauf/38148,baskauf_38148.jpg,ind-baskauf/38137,Betula lenta,bark,bark,of a large tree,bark / of a large tree,train,https://bioimages.vanderbilt.edu/tn/baskauf/tbele--br38148.jpg,https://bioimages.vanderbilt.edu/gq/baskauf/gbele--br38148.jpg
baskauf/38144,baskauf_38144.jpg,ind-baskauf/38137,Betula lenta,leaf,leaf,margin of upper + lower surface,leaf / margin of upper + lower surface,train,https://bioimages.vanderbilt.edu/tn/baskauf/tbele--lfmargin-uplow38144.jpg,https://bioimages.vanderbilt.edu/gq/baskauf/gbele--lfmargin-uplow38144.jpg
baskauf/38145,baskauf_38145.jpg,ind-baskauf/38137,Betula lenta,leaf,leaf,showing orientation on twig,leaf / showing orientation on twig,train,https://bioimages.vanderbilt.edu/tn/baskauf/tbele--lfseveral38145.jpg,https://bioimages.vanderbilt.edu/gq/baskauf/gbele--lfseveral38145.jpg
baskauf/38140,baskauf_38140.jpg,ind-baskauf/38137,Betula lenta,leaf,leaf,whole upper surface,leaf / whole upper surface,train,https://bioimages.vanderbilt.edu/tn/baskauf/tbele--lf38140.jpg,https://bioimages.vanderbilt.edu/gq/baskauf/gbele--lf38140.jpg
baskauf/38139,baskauf_38139.jpg,ind-baskauf/38137,Betula lenta,twig,twig,orientation of petioles,twig / orientation of petioles,train,https://bioimages.vanderbilt.edu/tn/baskauf/tbele--tw38139.jpg,https://bioimages.vanderbilt.edu/gq/baskauf/gbele--tw38139.jpg
baskauf/38151,baskauf_38151.jpg,ind-baskauf/38137,Betula lenta,whole plant,whole tree (or vine),general,whole tree (or vine) / general,train,https://bioimages.vanderbilt.edu/tn/baskauf/tbele--wp38151.jpg,https://bioimages.vanderbilt.edu/gq/baskauf/gbele--wp38151.jpg
baskauf/38154,baskauf_38154.jpg,ind-baskauf/38137,Betula lenta,whole plant,whole tree (or vine),general,whole tree (or vine) / general,train,https://bioimages.vanderbilt.edu/tn/baskauf/tbele--wp38154.jpg,https://bioimages.vanderbilt.edu/gq/baskauf/gbele--wp38154.jpg
baskauf/38156,baskauf_38156.jpg,ind-baskauf/38137,Betula lenta,whole plant,whole tree (or vine),view up trunk,whole tree (or vine) / view up trunk,train,https://bioimages.vanderbilt.edu/tn/baskauf/tbele--wplookup38156.jpg,https://bioimages.vanderbilt.edu/gq/baskauf/gbele--wplookup38156.jpg
baskauf/37287,baskauf_37287.jpg,ind-baskauf/37284,Betula lenta,bark,bark,of a medium tree or large branch,bark / of a medium tree or large branch,train,https://bioimages.vanderbilt.edu/tn/baskauf/tbele--br37287.jpg,https://bioimages.vanderbilt.edu/gq/baskauf/gbele--br37287.jpg
baskauf/37293,baskauf_37293.jpg,ind-baskauf/37284,Betula lenta,bark,bark,of a small tree or small branch,bark / of a small tree or small branch,train,https://bioimages.vanderbilt.edu/tn/baskauf/tbele--brsmall37293.jpg,https://bioimages.vanderbilt.edu/gq/baskauf/gbele--brsmall37293.jpg
baskauf/37296,baskauf_37296.jpg,ind-baskauf/37284,Betula lenta,twig,twig,winter overall,twig / winter overall,train,https://bioimages.vanderbilt.edu/tn/baskauf/tbele--tw37296.jpg,https://bioimages.vanderbilt.edu/gq/baskauf/gbele--tw37296.jpg
kirchoff/b5070,kirchoff_b5070.jpg,ind-kirchoff/b5063,Carpinus caroliniana,bark,bark,of a large tree,bark / of a large tree,test,https://bioimages.vanderbilt.edu/tn/kirchoff/tcaca18brb5070.jpg,https://bioimages.vanderbilt.edu/gq/kirchoff/gcaca18brb5070.jpg
kirchoff/b5066,kirchoff_b5066.jpg,ind-kirchoff/b5063,Carpinus caroliniana,bark,bark,of a medium tree or large branch,bark / of a medium tree or large branch,test,https://bioimages.vanderbilt.edu/tn/kirchoff/tcaca18brb5066.jpg,https://bioimages.vanderbilt.edu/gq/kirchoff/gcaca18brb5066.jpg
kirchoff/b5071,kirchoff_b5071.jpg,ind-kirchoff/b5063,Carpinus caroliniana,fruit,fruit,as borne on the plant,fruit / as borne on the plant,test,https://bioimages.vanderbilt.edu/tn/kirchoff/tcaca18frdistantb5071.jpg,https://bioimages.vanderbilt.edu/gq/kirchoff/gcaca18frdistantb5071.jpg
kirchoff/b5069,kirchoff_b5069.jpg,ind-kirchoff/b5063,Carpinus caroliniana,fruit,fruit,immature,fruit / immature,test,https://bioimages.vanderbilt.edu/tn/kirchoff/tcaca18frb5069.jpg,https://bioimages.vanderbilt.edu/gq/kirchoff/gcaca18frb5069.jpg
kirchoff/b5064,kirchoff_b5064.jpg,ind-kirchoff/b5063,Carpinus caroliniana,fruit,fruit,lateral or general close-up,fruit / lateral or general close-up,test,https://bioimages.vanderbilt.edu/tn/kirchoff/tcaca18frsideb5064.jpg,https://bioimages.vanderbilt.edu/gq/kirchoff/gcaca18frsideb5064.jpg
kirchoff/b5065,kirchoff_b5065.jpg,ind-kirchoff/b5063,Carpinus caroliniana,fruit,fruit,lateral or general close-up,fruit / lateral or general close-up,test,https://bioimages.vanderbilt.edu/tn/kirchoff/tcaca18frfrontb5065.jpg,https://bioimages.vanderbilt.edu/gq/kirchoff/gcaca18frfrontb5065.jpg
kirchoff/b5067,kirchoff_b5067.jpg,ind-kirchoff/b5063,Carpinus caroliniana,leaf,leaf,showing orientation on twig,leaf / showing orientation on twig,test,https://bioimages.vanderbilt.edu/tn/kirchoff/tcaca18lfseveralb5067.jpg,https://bioimages.vanderbilt.edu/gq/kirchoff/gcaca18lfseveralb5067.jpg
kirchoff/b5068,kirchoff_b5068.jpg,ind-kirchoff/b5063,Carpinus caroliniana,leaf,leaf,whole upper surface,leaf / whole upper surface,test,https://bioimages.vanderbilt.edu/tn/kirchoff/tcaca18lfb5068.jpg,https://bioimages.vanderbilt.edu/gq/kirchoff/gcaca18lfb5068.jpg
kirchoff/b5063,kirchoff_b5063.jpg,ind-kirchoff/b5063,Carpinus caroliniana,whole plant,whole tree (or vine),general,whole tree (or vine) / general,test,https://bioimages.vanderbilt.edu/tn/kirchoff/tcaca18wpin-fruitb5063.jpg,https://bioimages.vanderbilt.edu/gq/kirchoff/gcaca18wpin-fruitb5063.jpg
kirchoff/b5060,kirchoff_b5060.jpg,ind-kirchoff/b5060,Carpinus caroliniana,bark,bark,of a medium tree or large branch,bark / of a medium tree or large branch,test,https://bioimages.vanderbilt.edu/tn/kirchoff/tcaca18brb5060.jpg,https://bioimages.vanderbilt.edu/gq/kirchoff/gcaca18brb5060.jpg
kirchoff/b5061,kirchoff_b5061.jpg,ind-kirchoff/b5061,Carpinus caroliniana,bark,bark,of a medium tree or large branch,bark / of a medium tree or large branch,test,https://bioimages.vanderbilt.edu/tn/kirchoff/tcaca18brb5061.jpg,https://bioimages.vanderbilt.edu/gq/kirchoff/gcaca18brb5061.jpg
kirchoff/b5062,kirchoff_b5062.jpg,ind-kirchoff/b5062,Carpinus caroliniana,bark,bark,of a medium tree or large branch,bark / of a medium tree or large branch,test,https://bioimages.vanderbilt.edu/tn/kirchoff/tcaca18brb5062.jpg,https://bioimages.vanderbilt.edu/gq/kirchoff/gcaca18brb5062.jpg
baskauf/12036,baskauf_12036.jpg,ind-baskauf/12036,Carpinus caroliniana,bark,bark,of a small tree or small branch,bark / of a small tree or small branch,test,https://bioimages.vanderbilt.edu/tn/baskauf/tcaca18br12036.jpg,https://bioimages.vanderbilt.edu/gq/baskauf/gcaca18br12036.jpg
baskauf/12037,baskauf_12037.jpg,ind-baskauf/12036,Carpinus caroliniana,leaf,leaf,showing orientation on twig,leaf / showing orientation on twig,test,https://bioimages.vanderbilt.edu/tn/baskauf/tcaca18lfseveral12037.jpg,https://bioimages.vanderbilt.edu/gq/baskauf/gcaca18lfseveral12037.jpg
baskauf/12039,baskauf_12039.jpg,ind-baskauf/12036,Carpinus caroliniana,leaf,leaf,whole upper surface,leaf / whole upper surface,test,https://bioimages.vanderbilt.edu/tn/baskauf/tcaca18lf12039.jpg,https://bioimages.vanderbilt.edu/gq/baskauf/gcaca18lf12039.jpg
baskauf/15728,baskauf_15728.jpg,ind-baskauf/15719,Carpinus caroliniana,bark,bark,of a small tree or small branch,bark / of a small tree or small branch,test,https://bioimages.vanderbilt.edu/tn/baskauf/tcaca18br15728.jpg,https://bioimages.vanderbilt.edu/gq/baskauf/gcaca18br15728.jpg
baskauf/15719,baskauf_15719.jpg,ind-baskauf/15719,Carpinus caroliniana,fruit,fruit,as borne on the plant,fruit / as borne on the plant,test,https://bioimages.vanderbilt.edu/tn/baskauf/tcaca18frin-fruit15719.jpg,https://bioimages.vanderbilt.edu/gq/baskauf/gcaca18frin-fruit15719.jpg
baskauf/15721,baskauf_15721.jpg,ind-baskauf/15719,Carpinus caroliniana,fruit,fruit,lateral or general close-up,fruit / lateral or general close-up,test,https://bioimages.vanderbilt.edu/tn/baskauf/tcaca18frcloseup15721.jpg,https://bioimages.vanderbilt.edu/gq/baskauf/gcaca18frcloseup15721.jpg
baskauf/15726,baskauf_15726.jpg,ind-baskauf/15719,Carpinus caroliniana,fruit,fruit,lateral or general close-up,fruit / lateral or general close-up,test,https://bioimages.vanderbilt.edu/tn/baskauf/tcaca18fr15726.jpg,https://bioimages.vanderbilt.edu/gq/baskauf/gcaca18fr15726.jpg
baskauf/19189,baskauf_19189.jpg,ind-baskauf/19166,Carpinus caroliniana,flower,inflorescence,whole - female,inflorescence / whole - female,test,https://bioimages.vanderbilt.edu/tn/baskauf/tcaca18flfemale19189.jpg,https://bioimages.vanderbilt.edu/gq/baskauf/gcaca18flfemale19189.jpg
baskauf/19182,baskauf_19182.jpg,ind-baskauf/19166,Carpinus caroliniana,flower,inflorescence,whole - male,inflorescence / whole - male,test,https://bioimages.vanderbilt.edu/tn/baskauf/tcaca18flmale19182.jpg,https://bioimages.vanderbilt.edu/gq/baskauf/gcaca18flmale19182.jpg
baskauf/19171,baskauf_19171.jpg,ind-baskauf/19166,Carpinus caroliniana,flower,inflorescence,whole - unspecified,inflorescence / whole - unspecified,test,https://bioimages.vanderbilt.edu/tn/baskauf/tcaca18fl19171.jpg,https://bioimages.vanderbilt.edu/gq/baskauf/gcaca18fl19171.jpg
baskauf/50597,baskauf_50597.jpg,vanderbilt/6-189,Carpinus caroliniana,flower,inflorescence,whole - female,inflorescence / whole - female,test,https://bioimages.vanderbilt.edu/tn/baskauf/tcaca18flfemale50597.jpg,https://bioimages.vanderbilt.edu/gq/baskauf/gcaca18flfemale50597.jpg
baskauf/50598,baskauf_50598.jpg,vanderbilt/6-189,Carpinus caroliniana,flower,inflorescence,whole - male,inflorescence / whole - male,test,https://bioimages.vanderbilt.edu/tn/baskauf/tcaca18flmale50598.jpg,https://bioimages.vanderbilt.edu/gq/baskauf/gcaca18flmale50598.jpg
baskauf/50601,baskauf_50601.jpg,vanderbilt/6-189,Carpinus caroliniana,flower,inflorescence,whole - unspecified,inflorescence / whole - unspecified,test,https://bioimages.vanderbilt.edu/tn/baskauf/tcaca18flinflor50601.jpg,https://bioimages.vanderbilt.edu/gq/baskauf/gcaca18flinflor50601.jpg
baskauf/43789,baskauf_43789.jpg,vanderbilt/6-189,Carpinus caroliniana,fruit,fruit,lateral or general close-up,fruit / lateral or general close-up,test,https://bioimages.vanderbilt.edu/tn/baskauf/tcaca18frmature43789.jpg,https://bioimages.vanderbilt.edu/gq/baskauf/gcaca18frmature43789.jpg
baskauf/43792,baskauf_43792.jpg,vanderbilt/6-189,Carpinus caroliniana,fruit,fruit,lateral or general close-up,fruit / lateral or general close-up,test,https://bioimages.vanderbilt.edu/tn/baskauf/tcaca18frmature43792.jpg,https://bioimages.vanderbilt.edu/gq/baskauf/gcaca18frmature43792.jpg
baskauf/91059,baskauf_91059.jpg,vanderbilt/6-189,Carpinus caroliniana,whole plant,whole tree (or vine),general,whole tree (or vine) / general,test,https://bioimages.vanderbilt.edu/tn/baskauf/t91059.jpg,https://bioimages.vanderbilt.edu/gq/baskauf/g91059.jpg
baskauf/15075,baskauf_15075.jpg,ind-baskauf/15074,Carpinus caroliniana,flower,inflorescence,whole - male,inflorescence / whole - male,test,https://bioimages.vanderbilt.edu/tn/baskauf/tcaca18flmale-catkin15075.jpg,https://bioimages.vanderbilt.edu/gq/baskauf/gcaca18flmale-catkin15075.jpg
baskauf/15074,baskauf_15074.jpg,ind-baskauf/15074,Carpinus caroliniana,leaf,leaf,showing orientation on twig,leaf / showing orientation on twig,test,https://bioimages.vanderbilt.edu/tn/baskauf/tcaca18br15074.jpg,https://bioimages.vanderbilt.edu/gq/baskauf/gcaca18br15074.jpg
baskauf/15076,baskauf_15076.jpg,ind-baskauf/15074,Carpinus caroliniana,leaf,leaf,showing orientation on twig,leaf / showing orientation on twig,test,https://bioimages.vanderbilt.edu/tn/baskauf/tcaca18lfseveral15076.jpg,https://bioimages.vanderbilt.edu/gq/baskauf/gcaca18lfseveral15076.jpg
baskauf/15078,baskauf_15078.jpg,ind-baskauf/15074,Carpinus caroliniana,leaf,leaf,whole upper surface,leaf / whole upper surface,test,https://bioimages.vanderbilt.edu/tn/baskauf/tcaca18lf15078.jpg,https://bioimages.vanderbilt.edu/gq/baskauf/gcaca18lf15078.jpg
baskauf/15080,baskauf_15080.jpg,ind-baskauf/15074,Carpinus caroliniana,twig,twig,orientation of petioles,twig / orientation of petioles,test,https://bioimages.vanderbilt.edu/tn/baskauf/tcaca18tw15080.jpg,https://bioimages.vanderbilt.edu/gq/baskauf/gcaca18tw15080.jpg
baskauf/25478,baskauf_25478.jpg,ind-baskauf/25478,Carpinus caroliniana,fruit,fruit,as borne on the plant,fruit / as borne on the plant,test,https://bioimages.vanderbilt.edu/tn/baskauf/tcaca18wpin-fruit25478.jpg,https://bioimages.vanderbilt.edu/gq/baskauf/gcaca18wpin-fruit25478.jpg
baskauf/15692,baskauf_15692.jpg,ind-baskauf/15691,Carpinus caroliniana,leaf,leaf,margin of upper + lower surface,leaf / margin of upper + lower surface,test,https://bioimages.vanderbilt.edu/tn/baskauf/tcaca18lfmargin-uplow15692.jpg,https://bioimages.vanderbilt.edu/gq/baskauf/gcaca18lfmargin-uplow15692.jpg
baskauf/15696,baskauf_15696.jpg,ind-baskauf/15691,Carpinus caroliniana,leaf,leaf,unspecified,leaf / unspecified,test,https://bioimages.vanderbilt.edu/tn/baskauf/tcaca18lfbase15696.jpg,https://bioimages.vanderbilt.edu/gq/baskauf/gcaca18lfbase15696.jpg
baskauf/15691,baskauf_15691.jpg,ind-baskauf/15691,Carpinus caroliniana,twig,twig,orientation of petioles,twig / orientation of petioles,test,https://bioimages.vanderbilt.edu/tn/baskauf/tcaca18tw15691.jpg,https://bioimages.vanderbilt.edu/gq/baskauf/gcaca18tw15691.jpg
baskauf/11030,baskauf_11030.jpg,ind-baskauf/11030,Carpinus caroliniana,leaf,leaf,showing orientation on twig,leaf / showing orientation on twig,test,https://bioimages.vanderbilt.edu/tn/baskauf/tcaca18lfseveral11030.jpg,https://bioimages.vanderbilt.edu/gq/baskauf/gcaca18lfseveral11030.jpg
baskauf/29811,baskauf_29811.jpg,ind-baskauf/29806,Carpinus caroliniana,leaf,leaf,whole upper surface,leaf / whole upper surface,test,https://bioimages.vanderbilt.edu/tn/baskauf/tcaca18lf29811.jpg,https://bioimages.vanderbilt.edu/gq/baskauf/gcaca18lf29811.jpg
baskauf/29813,baskauf_29813.jpg,ind-baskauf/29806,Carpinus caroliniana,twig,twig,orientation of petioles,twig / orientation of petioles,test,https://bioimages.vanderbilt.edu/tn/baskauf/tcaca18tw29813.jpg,https://bioimages.vanderbilt.edu/gq/baskauf/gcaca18tw29813.jpg
baskauf/24520,baskauf_24520.jpg,ind-baskauf/24519,Carpinus caroliniana,whole plant,whole tree (or vine),general,whole tree (or vine) / general,test,https://bioimages.vanderbilt.edu/tn/baskauf/tcaca18wp24520.jpg,https://bioimages.vanderbilt.edu/gq/baskauf/gcaca18wp24520.jpg
baskauf/12021,baskauf_12021.jpg,ind-baskauf/12021,Ostrya virginiana,bark,bark,of a small tree or small branch,bark / of a small tree or small branch,train,https://bioimages.vanderbilt.edu/tn/baskauf/tosvi--brmedium12021.jpg,https://bioimages.vanderbilt.edu/gq/baskauf/gosvi--brmedium12021.jpg
baskauf/50629,baskauf_50629.jpg,vanderbilt/7-201,Ostrya virginiana,flower,inflorescence,whole - female,inflorescence / whole - female,train,https://bioimages.vanderbilt.edu/tn/baskauf/tosvi--flfemale50629.jpg,https://bioimages.vanderbilt.edu/gq/baskauf/gosvi--flfemale50629.jpg
baskauf/50632,baskauf_50632.jpg,vanderbilt/7-201,Ostrya virginiana,flower,inflorescence,whole - female,inflorescence / whole - female,train,https://bioimages.vanderbilt.edu/tn/baskauf/tosvi--flclose50632.jpg,https://bioimages.vanderbilt.edu/gq/baskauf/gosvi--flclose50632.jpg
baskauf/50630,baskauf_50630.jpg,vanderbilt/7-201,Ostrya virginiana,flower,inflorescence,whole - male,inflorescence / whole - male,train,https://bioimages.vanderbilt.edu/tn/baskauf/tosvi--flinflor50630.jpg,https://bioimages.vanderbilt.edu/gq/baskauf/gosvi--flinflor50630.jpg
baskauf/91006,baskauf_91006.jpg,vanderbilt/7-201,Ostrya virginiana,whole plant,whole tree (or vine),general,whole tree (or vine) / general,train,https://bioimages.vanderbilt.edu/tn/baskauf/t91006.jpg,https://bioimages.vanderbilt.edu/gq/baskauf/g91006.jpg
baskauf/89391,baskauf_89391.jpg,vanderbilt/7-201,Ostrya virginiana,whole plant,whole tree (or vine),winter,whole tree (or vine) / winter,train,https://bioimages.vanderbilt.edu/tn/baskauf/t89391.jpg,https://bioimages.vanderbilt.edu/gq/baskauf/g89391.jpg
baskauf/16207,baskauf_16207.jpg,ind-baskauf/15272,Ostrya virginiana,flower,inflorescence,whole - male,inflorescence / whole - male,train,https://bioimages.vanderbilt.edu/tn/baskauf/tosvi--flfall-catkin16207.jpg,https://bioimages.vanderbilt.edu/gq/baskauf/gosvi--flfall-catkin16207.jpg
baskauf/18746,baskauf_18746.jpg,ind-baskauf/15272,Ostrya virginiana,flower,inflorescence,whole - male,inflorescence / whole - male,train,https://bioimages.vanderbilt.edu/tn/baskauf/tosvi--flmale18746.jpg,https://bioimages.vanderbilt.edu/gq/baskauf/gosvi--flmale18746.jpg
baskauf/18748,baskauf_18748.jpg,ind-baskauf/15272,Ostrya virginiana,flower,inflorescence,whole - male,inflorescence / whole - male,train,https://bioimages.vanderbilt.edu/tn/baskauf/tosvi--flmale-several18748.jpg,https://bioimages.vanderbilt.edu/gq/baskauf/gosvi--flmale-several18748.jpg
baskauf/16278,baskauf_16278.jpg,ind-baskauf/15272,Ostrya virginiana,fruit,fruit,lateral or general close-up,fruit / lateral or general close-up,train,https://bioimages.vanderbilt.edu/tn/baskauf/tosvi--fr16278.jpg,https://bioimages.vanderbilt.edu/gq/baskauf/gosvi--fr16278.jpg
baskauf/15272,baskauf_15272.jpg,ind-baskauf/15272,Ostrya virginiana,leaf,leaf,margin of upper + lower surface,leaf / margin of upper + lower surface,train,https://bioimages.vanderbilt.edu/tn/baskauf/tosvi--lfmargin-uplow15272.jpg,https://bioimages.vanderbilt.edu/gq/baskauf/gosvi--lfmargin-uplow15272.jpg
baskauf/15276,baskauf_15276.jpg,ind-baskauf/15272,Ostrya virginiana,leaf,leaf,unspecified,leaf / unspecified,train,https://bioimages.vanderbilt.edu/tn/baskauf/tosvi--lfbase15276.jpg,https://bioimages.vanderbilt.edu/gq/baskauf/gosvi--lfbase15276.jpg
baskauf/29784,baskauf_29784.jpg,ind-baskauf/15272,Ostrya virginiana,leaf,leaf,whole upper surface,leaf / whole upper surface,train,https://bioimages.vanderbilt.edu/tn/baskauf/tosvi--lf29784.jpg,https://bioimages.vanderbilt.edu/gq/baskauf/gosvi--lf29784.jpg
baskauf/15280,baskauf_15280.jpg,ind-baskauf/15272,Ostrya virginiana,twig,twig,orientation of petioles,twig / orientation of petioles,train,https://bioimages.vanderbilt.edu/tn/baskauf/tosvi--tw15280.jpg,https://bioimages.vanderbilt.edu/gq/baskauf/gosvi--tw15280.jpg
baskauf/15288,baskauf_15288.jpg,ind-baskauf/15272,Ostrya virginiana,twig,twig,unspecified,twig / unspecified,train,https://bioimages.vanderbilt.edu/tn/baskauf/tosvi--twbud15288.jpg,https://bioimages.vanderbilt.edu/gq/baskauf/gosvi--twbud15288.jpg
baskauf/12129,baskauf_12129.jpg,ind-baskauf/12128,Ostrya virginiana,leaf,leaf,showing orientation on twig,leaf / showing orientation on twig,train,https://bioimages.vanderbilt.edu/tn/baskauf/tosvi--lfseveral12129.jpg,https://bioimages.vanderbilt.edu/gq/baskauf/gosvi--lfseveral12129.jpg
baskauf/12128,baskauf_12128.jpg,ind-baskauf/12128,Ostrya virginiana,leaf,leaf,whole upper surface,leaf / whole upper surface,train,https://bioimages.vanderbilt.edu/tn/baskauf/tosvi--lf12128.jpg,https://bioimages.vanderbilt.edu/gq/baskauf/gosvi--lf12128.jpg
baskauf/12131,baskauf_12131.jpg,ind-baskauf/12128,Ostrya virginiana,whole plant,whole tree (or vine),general,whole tree (or vine) / general,train,https://bioimages.vanderbilt.edu/tn/baskauf/tosvi--wpsmall12131.jpg,https://bioimages.vanderbilt.edu/gq/baskauf/gosvi--wpsmall12131.jpg
baskauf/51738,baskauf_51738.jpg,ind-baskauf/51729,Lonicera morrowii,bark,bark,of a small tree or small branch,bark / of a small tree or small branch,train,https://bioimages.vanderbilt.edu/tn/baskauf/tlomo2-br51738.jpg,https://bioimages.vanderbilt.edu/gq/baskauf/glomo2-br51738.jpg
baskauf/51730,baskauf_51730.jpg,ind-baskauf/51729,Lonicera morrowii,flower,inflorescence,frontal view of flower,inflorescence / frontal view of flower,train,https://bioimages.vanderbilt.edu/tn/baskauf/tlomo2-flpink51730.jpg,https://bioimages.vanderbilt.edu/gq/baskauf/glomo2-flpink51730.jpg
baskauf/51731,baskauf_51731.jpg,ind-baskauf/51729,Lonicera morrowii,flower,inflorescence,whole - unspecified,inflorescence / whole - unspecified,train,https://bioimages.vanderbilt.edu/tn/baskauf/tlomo2-flinflor-pink51731.jpg,https://bioimages.vanderbilt.edu/gq/baskauf/glomo2-flinflor-pink51731.jpg
baskauf/51734,baskauf_51734.jpg,ind-baskauf/51729,Lonicera morrowii,leaf,leaf,whole upper surface,leaf / whole upper surface,train,https://bioimages.vanderbilt.edu/tn/baskauf/tlomo2-lf51734.jpg,https://bioimages.vanderbilt.edu/gq/baskauf/glomo2-lf51734.jpg
baskauf/51736,baskauf_51736.jpg,ind-baskauf/51729,Lonicera morrowii,twig,twig,orientation of petioles,twig / orientation of petioles,train,https://bioimages.vanderbilt.edu/tn/baskauf/tlomo2-tw51736.jpg,https://bioimages.vanderbilt.edu/gq/baskauf/glomo2-tw51736.jpg
baskauf/51741,baskauf_51741.jpg,ind-baskauf/51729,Lonicera morrowii,whole plant,whole tree (or vine),general,whole tree (or vine) / general,train,https://bioimages.vanderbilt.edu/tn/baskauf/tlomo2-wppink51741.jpg,https://bioimages.vanderbilt.edu/gq/baskauf/glomo2-wppink51741.jpg
baskauf/51804,baskauf_51804.jpg,ind-baskauf/51793,Lonicera morrowii,flower,inflorescence,frontal view of flower,inflorescence / frontal view of flower,train,https://bioimages.vanderbilt.edu/tn/baskauf/tlomo2-flwhite-front51804.jpg,https://bioimages.vanderbilt.edu/gq/baskauf/glomo2-flwhite-front51804.jpg
baskauf/51807,baskauf_51807.jpg,ind-baskauf/51793,Lonicera morrowii,flower,inflorescence,lateral view of flower,inflorescence / lateral view of flower,train,https://bioimages.vanderbilt.edu/tn/baskauf/tlomo2-flwhite-side51807.jpg,https://bioimages.vanderbilt.edu/gq/baskauf/glomo2-flwhite-side51807.jpg
baskauf/51808,baskauf_51808.jpg,ind-baskauf/51793,Lonicera morrowii,flower,inflorescence,lateral view of flower,inflorescence / lateral view of flower,train,https://bioimages.vanderbilt.edu/tn/baskauf/tlomo2-flpink51808.jpg,https://bioimages.vanderbilt.edu/gq/baskauf/glomo2-flpink51808.jpg
baskauf/51799,baskauf_51799.jpg,ind-baskauf/51793,Lonicera morrowii,flower,inflorescence,whole - unspecified,inflorescence / whole - unspecified,train,https://bioimages.vanderbilt.edu/tn/baskauf/tlomo2-fldistant51799.jpg,https://bioimages.vanderbilt.edu/gq/baskauf/glomo2-fldistant51799.jpg
baskauf/51793,baskauf_51793.jpg,ind-baskauf/51793,Lonicera morrowii,whole plant,whole tree (or vine),general,whole tree (or vine) / general,train,https://bioimages.vanderbilt.edu/tn/baskauf/tlomo2-wpwhite51793.jpg,https://bioimages.vanderbilt.edu/gq/baskauf/glomo2-wpwhite51793.jpg
baskauf/51797,baskauf_51797.jpg,ind-baskauf/51793,Lonicera morrowii,whole plant,whole tree (or vine),general,whole tree (or vine) / general,train,https://bioimages.vanderbilt.edu/tn/baskauf/tlomo2-wppink-and-white51797.jpg,https://bioimages.vanderbilt.edu/gq/baskauf/glomo2-wppink-and-white51797.jpg
baskauf/54565,baskauf_54565.jpg,ind-baskauf/54562,Lonicera morrowii,fruit,fruit,as borne on the plant,fruit / as borne on the plant,train,https://bioimages.vanderbilt.edu/tn/baskauf/tlomo2-frdistant54565.jpg,https://bioimages.vanderbilt.edu/gq/baskauf/glomo2-frdistant54565.jpg
baskauf/54568,baskauf_54568.jpg,ind-baskauf/54562,Lonicera morrowii,fruit,fruit,lateral or general close-up,fruit / lateral or general close-up,train,https://bioimages.vanderbilt.edu/tn/baskauf/tlomo2-frclose54568.jpg,https://bioimages.vanderbilt.edu/gq/baskauf/glomo2-frclose54568.jpg
baskauf/54564,baskauf_54564.jpg,ind-baskauf/54562,Lonicera morrowii,whole plant,whole tree (or vine),general,whole tree (or vine) / general,train,https://bioimages.vanderbilt.edu/tn/baskauf/tlomo2-wpin-fruit54564.jpg,https://bioimages.vanderbilt.edu/gq/baskauf/glomo2-wpin-fruit54564.jpg
baskauf/25625,baskauf_25625.jpg,ind-baskauf/25620,Sambucus nigra,bark,bark,of a small tree or small branch,bark / of a small tree or small branch,train,https://bioimages.vanderbilt.edu/tn/baskauf/tsanic4br25625.jpg,https://bioimages.vanderbilt.edu/gq/baskauf/gsanic4br25625.jpg
baskauf/12175,baskauf_12175.jpg,ind-baskauf/12171,Sambucus nigra,flower,inflorescence,frontal view of flower,inflorescence / frontal view of flower,train,https://bioimages.vanderbilt.edu/tn/baskauf/tsanic4flcloseup12175.jpg,https://bioimages.vanderbilt.edu/gq/baskauf/gsanic4flcloseup12175.jpg
baskauf/12178,baskauf_12178.jpg,ind-baskauf/12171,Sambucus nigra,leaf,leaf,whole upper surface,leaf / whole upper surface,train,https://bioimages.vanderbilt.edu/tn/baskauf/tsanic4lf12178.jpg,https://bioimages.vanderbilt.edu/gq/baskauf/gsanic4lf12178.jpg
baskauf/12171,baskauf_12171.jpg,ind-baskauf/12171,Sambucus nigra,whole plant,whole tree (or vine),general,whole tree (or vine) / general,train,https://bioimages.vanderbilt.edu/tn/baskauf/tsanic4wpbush12171.jpg,https://bioimages.vanderbilt.edu/gq/baskauf/gsanic4wpbush12171.jpg
baskauf/26710,baskauf_26710.jpg,ind-baskauf/26705,Sambucus nigra,flower,inflorescence,frontal view of flower,inflorescence / frontal view of flower,train,https://bioimages.vanderbilt.edu/tn/baskauf/tsanic4fl26710.jpg,https://bioimages.vanderbilt.edu/gq/baskauf/gsanic4fl26710.jpg
baskauf/26705,baskauf_26705.jpg,ind-baskauf/26705,Sambucus nigra,flower,inflorescence,whole - unspecified,inflorescence / whole - unspecified,train,https://bioimages.vanderbilt.edu/tn/baskauf/tsanic4flinflor-side26705.jpg,https://bioimages.vanderbilt.edu/gq/baskauf/gsanic4flinflor-side26705.jpg
baskauf/26707,baskauf_26707.jpg,ind-baskauf/26705,Sambucus nigra,flower,inflorescence,whole - unspecified,inflorescence / whole - unspecified,train,https://bioimages.vanderbilt.edu/tn/baskauf/tsanic4flinflor-top26707.jpg,https://bioimages.vanderbilt.edu/gq/baskauf/gsanic4flinflor-top26707.jpg
baskauf/26714,baskauf_26714.jpg,ind-baskauf/26705,Sambucus nigra,twig,twig,orientation of petioles,twig / orientation of petioles,train,https://bioimages.vanderbilt.edu/tn/baskauf/tsanic4tw26714.jpg,https://bioimages.vanderbilt.edu/gq/baskauf/gsanic4tw26714.jpg
baskauf/12190,baskauf_12190.jpg,ind-baskauf/12190,Sambucus nigra,flower,inflorescence,whole - unspecified,inflorescence / whole - unspecified,train,https://bioimages.vanderbilt.edu/tn/baskauf/tsanic4flinflor-mature12190.jpg,https://bioimages.vanderbilt.edu/gq/baskauf/gsanic4flinflor-mature12190.jpg
baskauf/12192,baskauf_12192.jpg,ind-baskauf/12190,Sambucus nigra,flower,inflorescence,whole - unspecified,inflorescence / whole - unspecified,train,https://bioimages.vanderbilt.edu/tn/baskauf/tsanic4flinflor12192.jpg,https://bioimages.vanderbilt.edu/gq/baskauf/gsanic4flinflor12192.jpg
baskauf/15687,baskauf_15687.jpg,ind-baskauf/15687,Sambucus nigra,fruit,fruit,as borne on the plant,fruit / as borne on the plant,train,https://bioimages.vanderbilt.edu/tn/baskauf/tsanic4frin-fruit15687.jpg,https://bioimages.vanderbilt.edu/gq/baskauf/gsanic4frin-fruit15687.jpg
baskauf/15688,baskauf_15688.jpg,ind-baskauf/15687,Sambucus nigra,fruit,fruit,lateral or general close-up,fruit / lateral or general close-up,train,https://bioimages.vanderbilt.edu/tn/baskauf/tsanic4frcloseup15688.jpg,https://bioimages.vanderbilt.edu/gq/baskauf/gsanic4frcloseup15688.jpg
baskauf/26127,baskauf_26127.jpg,ind-baskauf/26113,Sambucus racemosa,flower,inflorescence,frontal view of flower,inflorescence / frontal view of flower,train,https://bioimages.vanderbilt.edu/tn/baskauf/tsarar3fl26127.jpg,https://bioimages.vanderbilt.edu/gq/baskauf/gsarar3fl26127.jpg
baskauf/26119,baskauf_26119.jpg,ind-baskauf/26113,Sambucus racemosa,flower,inflorescence,whole - unspecified,inflorescence / whole - unspecified,train,https://bioimages.vanderbilt.edu/tn/baskauf/tsarar3flinflor26119.jpg,https://bioimages.vanderbilt.edu/gq/baskauf/gsarar3flinflor26119.jpg
baskauf/26114,baskauf_26114.jpg,ind-baskauf/26113,Sambucus racemosa,whole plant,whole tree (or vine),general,whole tree (or vine) / general,train,https://bioimages.vanderbilt.edu/tn/baskauf/tsarar3wp26114.jpg,https://bioimages.vanderbilt.edu/gq/baskauf/gsarar3wp26114.jpg
baskauf/49293,baskauf_49293.jpg,ind-baskauf/49288,Sambucus racemosa,flower,inflorescence,frontal view of flower,inflorescence / frontal view of flower,train,https://bioimages.vanderbilt.edu/tn/baskauf/tsarar3fl49293.jpg,https://bioimages.vanderbilt.edu/gq/baskauf/gsarar3fl49293.jpg
baskauf/49290,baskauf_49290.jpg,ind-baskauf/49288,Sambucus racemosa,flower,inflorescence,whole - unspecified,inflorescence / whole - unspecified,train,https://bioimages.vanderbilt.edu/tn/baskauf/tsarar3flinflor49290.jpg,https://bioimages.vanderbilt.edu/gq/baskauf/gsarar3flinflor49290.jpg
baskauf/26141,baskauf_26141.jpg,ind-baskauf/26137,Sambucus racemosa,flower,inflorescence,whole - unspecified,inflorescence / whole - unspecified,train,https://bioimages.vanderbilt.edu/tn/baskauf/tsarar3flbuds26141.jpg,https://bioimages.vanderbilt.edu/gq/baskauf/gsarar3flbuds26141.jpg
baskauf/26149,baskauf_26149.jpg,ind-baskauf/26137,Sambucus racemosa,leaf,leaf,margin of upper + lower surface,leaf / margin of upper + lower surface,train,https://bioimages.vanderbilt.edu/tn/baskauf/tsarar3lfmargin-uplow26149.jpg,https://bioimages.vanderbilt.edu/gq/baskauf/gsarar3lfmargin-uplow26149.jpg
baskauf/26143,baskauf_26143.jpg,ind-baskauf/26137,Sambucus racemosa,leaf,leaf,whole upper surface,leaf / whole upper surface,train,https://bioimages.vanderbilt.edu/tn/baskauf/tsarar3lf26143.jpg,https://bioimages.vanderbilt.edu/gq/baskauf/gsarar3lf26143.jpg
baskauf/26147,baskauf_26147.jpg,ind-baskauf/26137,Sambucus racemosa,twig,twig,orientation of petioles,twig / orientation of petioles,train,https://bioimages.vanderbilt.edu/tn/baskauf/tsarar3tw26147.jpg,https://bioimages.vanderbilt.edu/gq/baskauf/gsarar3tw26147.jpg
baskauf/26153,baskauf_26153.jpg,ind-baskauf/26137,Sambucus racemosa,whole plant,whole tree (or vine),general,whole tree (or vine) / general,train,https://bioimages.vanderbilt.edu/tn/baskauf/tsarar3wp26153.jpg,https://bioimages.vanderbilt.edu/gq/baskauf/gsarar3wp26153.jpg
baskauf/26540,baskauf_26540.jpg,ind-baskauf/26538,Sambucus racemosa,flower,inflorescence,whole - unspecified,inflorescence / whole - unspecified,train,https://bioimages.vanderbilt.edu/tn/baskauf/tsarar3flold-inflor26540.jpg,https://bioimages.vanderbilt.edu/gq/baskauf/gsarar3flold-inflor26540.jpg
baskauf/11477,baskauf_11477.jpg,ind-baskauf/11471,Sambucus racemosa,fruit,fruit,as borne on the plant,fruit / as borne on the plant,train,https://bioimages.vanderbilt.edu/tn/baskauf/tsarar3frinfruct11477.jpg,https://bioimages.vanderbilt.edu/gq/baskauf/gsarar3frinfruct11477.jpg
baskauf/11479,baskauf_11479.jpg,ind-baskauf/11471,Sambucus racemosa,fruit,fruit,lateral or general close-up,fruit / lateral or general close-up,train,https://bioimages.vanderbilt.edu/tn/baskauf/tsarar3fr11479.jpg,https://bioimages.vanderbilt.edu/gq/baskauf/gsarar3fr11479.jpg
baskauf/11481,baskauf_11481.jpg,ind-baskauf/11471,Sambucus racemosa,leaf,leaf,showing orientation on twig,leaf / showing orientation on twig,train,https://bioimages.vanderbilt.edu/tn/baskauf/tsarar3lfseveral11481.jpg,https://bioimages.vanderbilt.edu/gq/baskauf/gsarar3lfseveral11481.jpg
baskauf/11482,baskauf_11482.jpg,ind-baskauf/11471,Sambucus racemosa,leaf,leaf,whole upper surface,leaf / whole upper surface,train,https://bioimages.vanderbilt.edu/tn/baskauf/tsarar3lf11482.jpg,https://bioimages.vanderbilt.edu/gq/baskauf/gsarar3lf11482.jpg
baskauf/11471,baskauf_11471.jpg,ind-baskauf/11471,Sambucus racemosa,whole plant,whole tree (or vine),general,whole tree (or vine) / general,train,https://bioimages.vanderbilt.edu/tn/baskauf/tsarar3wpin-fruit11471.jpg,https://bioimages.vanderbilt.edu/gq/baskauf/gsarar3wpin-fruit11471.jpg
baskauf/28751,baskauf_28751.jpg,ind-baskauf/28751,Sambucus racemosa,fruit,fruit,as borne on the plant,fruit / as borne on the plant,train,https://bioimages.vanderbilt.edu/tn/baskauf/tsarar3frinfruct28751.jpg,https://bioimages.vanderbilt.edu/gq/baskauf/gsarar3frinfruct28751.jpg
baskauf/28754,baskauf_28754.jpg,ind-baskauf/28751,Sambucus racemosa,fruit,fruit,lateral or general close-up,fruit / lateral or general close-up,train,https://bioimages.vanderbilt.edu/tn/baskauf/tsarar3fr28754.jpg,https://bioimages.vanderbilt.edu/gq/baskauf/gsarar3fr28754.jpg
baskauf/28756,baskauf_28756.jpg,ind-baskauf/28751,Sambucus racemosa,leaf,leaf,whole upper surface,leaf / whole upper surface,train,https://bioimages.vanderbilt.edu/tn/baskauf/tsarar3lf28756.jpg,https://bioimages.vanderbilt.edu/gq/baskauf/gsarar3lf28756.jpg
baskauf/26511,baskauf_26511.jpg,ind-baskauf/26489,Viburnum lantanoides,bark,bark,of a small tree or small branch,bark / of a small tree or small branch,train,https://bioimages.vanderbilt.edu/tn/baskauf/tvila11br26511.jpg,https://bioimages.vanderbilt.edu/gq/baskauf/gvila11br26511.jpg
baskauf/26493,baskauf_26493.jpg,ind-baskauf/26489,Viburnum lantanoides,flower,inflorescence,frontal view of flower,inflorescence / frontal view of flower,train,https://bioimages.vanderbilt.edu/tn/baskauf/tvila11flsterile26493.jpg,https://bioimages.vanderbilt.edu/gq/baskauf/gvila11flsterile26493.jpg
baskauf/26492,baskauf_26492.jpg,ind-baskauf/26489,Viburnum lantanoides,flower,inflorescence,whole - unspecified,inflorescence / whole - unspecified,train,https://bioimages.vanderbilt.edu/tn/baskauf/tvila11flinflor26492.jpg,https://bioimages.vanderbilt.edu/gq/baskauf/gvila11flinflor26492.jpg
baskauf/26496,baskauf_26496.jpg,ind-baskauf/26489,Viburnum lantanoides,flower,inflorescence,whole - unspecified,inflorescence / whole - unspecified,train,https://bioimages.vanderbilt.edu/tn/baskauf/tvila11flold-inflor26496.jpg,https://bioimages.vanderbilt.edu/gq/baskauf/gvila11flold-inflor26496.jpg
baskauf/26510,baskauf_26510.jpg,ind-baskauf/26489,Viburnum lantanoides,leaf,leaf,margin of upper + lower surface,leaf / margin of upper + lower surface,train,https://bioimages.vanderbilt.edu/tn/baskauf/tvila11lfmargin-uplow26510.jpg,https://bioimages.vanderbilt.edu/gq/baskauf/gvila11lfmargin-uplow26510.jpg
baskauf/26502,baskauf_26502.jpg,ind-baskauf/26489,Viburnum lantanoides,leaf,leaf,whole upper surface,leaf / whole upper surface,train,https://bioimages.vanderbilt.edu/tn/baskauf/tvila11lf26502.jpg,https://bioimages.vanderbilt.edu/gq/baskauf/gvila11lf26502.jpg
baskauf/26508,baskauf_26508.jpg,ind-baskauf/26489,Viburnum lantanoides,twig,twig,close-up winter leaf scar/bud,twig / close-up winter leaf scar/bud,train,https://bioimages.vanderbilt.edu/tn/baskauf/tvila11tw26508.jpg,https://bioimages.vanderbilt.edu/gq/baskauf/gvila11tw26508.jpg
baskauf/26495,baskauf_26495.jpg,ind-baskauf/26489,Viburnum lantanoides,whole plant,whole tree (or vine),general,whole tree (or vine) / general,train,https://bioimages.vanderbilt.edu/tn/baskauf/tvila11wp26495.jpg,https://bioimages.vanderbilt.edu/gq/baskauf/gvila11wp26495.jpg
baskauf/26321,baskauf_26321.jpg,ind-baskauf/26298,Viburnum lantanoides,fruit,fruit,as borne on the plant,fruit / as borne on the plant,train,https://bioimages.vanderbilt.edu/tn/baskauf/tvila11frdevel-infruct26321.jpg,https://bioimages.vanderbilt.edu/gq/baskauf/gvila11frdevel-infruct26321.jpg
baskauf/26325,baskauf_26325.jpg,ind-baskauf/26298,Viburnum lantanoides,fruit,fruit,immature,fruit / immature,train,https://bioimages.vanderbilt.edu/tn/baskauf/tvila11frdevel26325.jpg,https://bioimages.vanderbilt.edu/gq/baskauf/gvila11frdevel26325.jpg
baskauf/26311,baskauf_26311.jpg,ind-baskauf/26298,Viburnum lantanoides,leaf,leaf,showing orientation on twig,leaf / showing orientation on twig,train,https://bioimages.vanderbilt.edu/tn/baskauf/tvila11lfseveral26311.jpg,https://bioimages.vanderbilt.edu/gq/baskauf/gvila11lfseveral26311.jpg
baskauf/26308,baskauf_26308.jpg,ind-baskauf/26298,Viburnum lantanoides,twig,twig,orientation of petioles,twig / orientation of petioles,train,https://bioimages.vanderbilt.edu/tn/baskauf/tvila11tw26308.jpg,https://bioimages.vanderbilt.edu/gq/baskauf/gvila11tw26308.jpg
baskauf/15050,baskauf_15050.jpg,ind-baskauf/15050,Viburnum lantanoides,leaf,leaf,showing orientation on twig,leaf / showing orientation on twig,train,https://bioimages.vanderbilt.edu/tn/baskauf/tvila11lfseveral15050.jpg,https://bioimages.vanderbilt.edu/gq/baskauf/gvila11lfseveral15050.jpg
baskauf/15051,baskauf_15051.jpg,ind-baskauf/15050,Viburnum lantanoides,leaf,leaf,showing orientation on twig,leaf / showing orientation on twig,train,https://bioimages.vanderbilt.edu/tn/baskauf/tvila11lfseveral15051.jpg,https://bioimages.vanderbilt.edu/gq/baskauf/gvila11lfseveral15051.jpg
baskauf/30760,baskauf_30760.jpg,ind-baskauf/30752,Cornus amomum,bark,bark,of a small tree or small branch,bark / of a small tree or small branch,train,https://bioimages.vanderbilt.edu/tn/baskauf/tcoob9-br30760.jpg,https://bioimages.vanderbilt.edu/gq/baskauf/gcoob9-br30760.jpg
baskauf/30758,baskauf_30758.jpg,ind-baskauf/30752,Cornus amomum,twig,twig,close-up winter leaf scar/bud,twig / close-up winter leaf scar/bud,train,https://bioimages.vanderbilt.edu/tn/baskauf/tcoob9-tw30758.jpg,https://bioimages.vanderbilt.edu/gq/baskauf/gcoob9-tw30758.jpg
baskauf/30756,baskauf_30756.jpg,ind-baskauf/30752,Cornus amomum,twig,twig,winter overall,twig / winter overall,train,https://bioimages.vanderbilt.edu/tn/baskauf/tcoob9-twbud30756.jpg,https://bioimages.vanderbilt.edu/gq/baskauf/gcoob9-twbud30756.jpg
baskauf/30752,baskauf_30752.jpg,ind-baskauf/30752,Cornus amomum,whole plant,whole tree (or vine),winter,whole tree (or vine) / winter,train,https://bioimages.vanderbilt.edu/tn/baskauf/tcoob9-wpwinter30752.jpg,https://bioimages.vanderbilt.edu/gq/baskauf/gcoob9-wpwinter30752.jpg
baskauf/35224,baskauf_35224.jpg,ind-baskauf/35213,Cornus amomum,flower,inflorescence,frontal view of flower,inflorescence / frontal view of flower,train,https://bioimages.vanderbilt.edu/tn/baskauf/tcoob9-flfront35224.jpg,https://bioimages.vanderbilt.edu/gq/baskauf/gcoob9-flfront35224.jpg
baskauf/35218,baskauf_35218.jpg,ind-baskauf/35213,Cornus amomum,flower,inflorescence,lateral view of flower,inflorescence / lateral view of flower,train,https://bioimages.vanderbilt.edu/tn/baskauf/tcoob9-flside35218.jpg,https://bioimages.vanderbilt.edu/gq/baskauf/gcoob9-flside35218.jpg
baskauf/35216,baskauf_35216.jpg,ind-baskauf/35213,Cornus amomum,flower,inflorescence,whole - unspecified,inflorescence / whole - unspecified,train,https://bioimages.vanderbilt.edu/tn/baskauf/tcoob9-flinflor35216.jpg,https://bioimages.vanderbilt.edu/gq/baskauf/gcoob9-flinflor35216.jpg
baskauf/35219,baskauf_35219.jpg,ind-baskauf/35213,Cornus amomum,leaf,leaf,whole upper surface,leaf / whole upper surface,train,https://bioimages.vanderbilt.edu/tn/baskauf/tcoob9-lf35219.jpg,https://bioimages.vanderbilt.edu/gq/baskauf/gcoob9-lf35219.jpg
baskauf/35221,baskauf_35221.jpg,ind-baskauf/35213,Cornus amomum,twig,twig,orientation of petioles,twig / orientation of petioles,train,https://bioimages.vanderbilt.edu/tn/baskauf/tcoob9-tw35221.jpg,https://bioimages.vanderbilt.edu/gq/baskauf/gcoob9-tw35221.jpg
baskauf/35214,baskauf_35214.jpg,ind-baskauf/35213,Cornus amomum,whole plant,whole tree (or vine),general,whole tree (or vine) / general,train,https://bioimages.vanderbilt.edu/tn/baskauf/tcoob9-wp35214.jpg,https://bioimages.vanderbilt.edu/gq/baskauf/gcoob9-wp35214.jpg
baskauf/54555,baskauf_54555.jpg,ind-baskauf/54554,Cornus amomum,fruit,fruit,lateral or general close-up,fruit / lateral or general close-up,train,https://bioimages.vanderbilt.edu/tn/baskauf/tcoob9-fr54555.jpg,https://bioimages.vanderbilt.edu/gq/baskauf/gcoob9-fr54555.jpg
baskauf/54683,baskauf_54683.jpg,ind-baskauf/54554,Cornus amomum,leaf,leaf,margin of upper + lower surface,leaf / margin of upper + lower surface,train,https://bioimages.vanderbilt.edu/tn/baskauf/tcoob9-lfmargin-uplow54683.jpg,https://bioimages.vanderbilt.edu/gq/baskauf/gcoob9-lfmargin-uplow54683.jpg
baskauf/54682,baskauf_54682.jpg,ind-baskauf/54554,Cornus amomum,leaf,leaf,whole upper surface,leaf / whole upper surface,train,https://bioimages.vanderbilt.edu/tn/baskauf/tcoob9-lf54682.jpg,https://bioimages.vanderbilt.edu/gq/baskauf/gcoob9-lf54682.jpg
baskauf/54680,baskauf_54680.jpg,ind-baskauf/54554,Cornus amomum,twig,twig,orientation of petioles,twig / orientation of petioles,train,https://bioimages.vanderbilt.edu/tn/baskauf/tcoob9-tw54680.jpg,https://bioimages.vanderbilt.edu/gq/baskauf/gcoob9-tw54680.jpg
baskauf/54677,baskauf_54677.jpg,ind-baskauf/54554,Cornus amomum,twig,twig,unspecified,twig / unspecified,train,https://bioimages.vanderbilt.edu/tn/baskauf/tcoob9-tw54677.jpg,https://bioimages.vanderbilt.edu/gq/baskauf/gcoob9-tw54677.jpg
baskauf/30941,baskauf_30941.jpg,ind-baskauf/30937,Cornus amomum,twig,twig,unspecified,twig / unspecified,train,https://bioimages.vanderbilt.edu/tn/baskauf/tcoob9-twpith30941.jpg,https://bioimages.vanderbilt.edu/gq/baskauf/gcoob9-twpith30941.jpg
baskauf/10856,baskauf_10856.jpg,ind-baskauf/10856,Cornus florida,bark,bark,of a large tree,bark / of a large tree,train,https://bioimages.vanderbilt.edu/tn/baskauf/tcofl2-brlarge10856.jpg,https://bioimages.vanderbilt.edu/gq/baskauf/gcofl2-brlarge10856.jpg
baskauf/10471,baskauf_10471.jpg,vanderbilt/6-167,Cornus florida,bark,bark,of a medium tree or large branch,bark / of a medium tree or large branch,train,https://bioimages.vanderbilt.edu/tn/baskauf/tcofl2-brmedium10471.jpg,https://bioimages.vanderbilt.edu/gq/baskauf/gcofl2-brmedium10471.jpg
baskauf/10469,baskauf_10469.jpg,vanderbilt/6-167,Cornus florida,flower,inflorescence,whole - unspecified,inflorescence / whole - unspecified,train,https://bioimages.vanderbilt.edu/tn/baskauf/tcofl2-flseveral10469.jpg,https://bioimages.vanderbilt.edu/gq/baskauf/gcofl2-flseveral10469.jpg
baskauf/10470,baskauf_10470.jpg,vanderbilt/6-167,Cornus florida,flower,inflorescence,whole - unspecified,inflorescence / whole - unspecified,train,https://bioimages.vanderbilt.edu/tn/baskauf/tcofl2-fldevel10470.jpg,https://bioimages.vanderbilt.edu/gq/baskauf/gcofl2-fldevel10470.jpg
baskauf/10603,baskauf_10603.jpg,vanderbilt/6-167,Cornus florida,fruit,fruit,immature,fruit / immature,train,https://bioimages.vanderbilt.edu/tn/baskauf/tcofl2-frdevel10603.jpg,https://bioimages.vanderbilt.edu/gq/baskauf/gcofl2-frdevel10603.jpg
baskauf/11248,baskauf_11248.jpg,vanderbilt/6-167,Cornus florida,leaf,leaf,showing orientation on twig,leaf / showing orientation on twig,train,https://bioimages.vanderbilt.edu/tn/baskauf/tcofl2-lfseveral11248.jpg,https://bioimages.vanderbilt.edu/gq/baskauf/gcofl2-lfseveral11248.jpg
baskauf/11243,baskauf_11243.jpg,vanderbilt/6-167,Cornus florida,leaf,leaf,whole upper surface,leaf / whole upper surface,train,https://bioimages.vanderbilt.edu/tn/baskauf/tcofl2-lf11243.jpg,https://bioimages.vanderbilt.edu/gq/baskauf/gcofl2-lf11243.jpg
baskauf/17559,baskauf_17559.jpg,vanderbilt/6-167,Cornus florida,twig,twig,close-up winter terminal bud,twig / close-up winter terminal bud,train,https://bioimages.vanderbilt.edu/tn/baskauf/tcofl2-twbud17559.jpg,https://bioimages.vanderbilt.edu/gq/baskauf/gcofl2-twbud17559.jpg
baskauf/17553,baskauf_17553.jpg,vanderbilt/6-167,Cornus florida,twig,twig,winter overall,twig / winter overall,train,https://bioimages.vanderbilt.edu/tn/baskauf/tcofl2-twbuds17553.jpg,https://bioimages.vanderbilt.edu/gq/baskauf/gcofl2-twbuds17553.jpg
baskauf/91064,baskauf_91064.jpg,vanderbilt/6-167,Cornus florida,whole plant,whole tree (or vine),general,whole tree (or vine) / general,train,https://bioimages.vanderbilt.edu/tn/baskauf/t91064.jpg,https://bioimages.vanderbilt.edu/gq/baskauf/g91064.jpg
baskauf/10534,baskauf_10534.jpg,ind-baskauf/10534,Cornus florida,flower,inflorescence,whole - unspecified,inflorescence / whole - unspecified,train,https://bioimages.vanderbilt.edu/tn/baskauf/tcofl2-flclose10534.jpg,https://bioimages.vanderbilt.edu/gq/baskauf/gcofl2-flclose10534.jpg
baskauf/10535,baskauf_10535.jpg,ind-baskauf/10534,Cornus florida,flower,inflorescence,whole - unspecified,inflorescence / whole - unspecified,train,https://bioimages.vanderbilt.edu/tn/baskauf/tcofl2-flon-branch10535.jpg,https://bioimages.vanderbilt.edu/gq/baskauf/gcofl2-flon-branch10535.jpg
kirchoff/b5085,kirchoff_b5085.jpg,ind-kirchoff/b5085,Cornus florida,flower,inflorescence,whole - unspecified,inflorescence / whole - unspecified,train,https://bioimages.vanderbilt.edu/tn/kirchoff/tcofl2-flseveralb5085.jpg,https://bioimages.vanderbilt.edu/gq/kirchoff/gcofl2-flseveralb5085.jpg
kirchoff/b5086,kirchoff_b5086.jpg,ind-kirchoff/b5085,Cornus florida,flower,inflorescence,whole - unspecified,inflorescence / whole - unspecified,train,https://bioimages.vanderbilt.edu/tn/kirchoff/tcofl2-flb5086.jpg,https://bioimages.vanderbilt.edu/gq/kirchoff/gcofl2-flb5086.jpg
baskauf/15103,baskauf_15103.jpg,ind-baskauf/15103,Cornus florida,fruit,fruit,as borne on the plant,fruit / as borne on the plant,train,https://bioimages.vanderbilt.edu/tn/baskauf/tcofl2-fr15103.jpg,https://bioimages.vanderbilt.edu/gq/baskauf/gcofl2-fr15103.jpg
baskauf/15104,baskauf_15104.jpg,ind-baskauf/15103,Cornus florida,twig,twig,close-up winter terminal bud,twig / close-up winter terminal bud,train,https://bioimages.vanderbilt.edu/tn/baskauf/tcofl2-twbuds-fruit15104.jpg,https://bioimages.vanderbilt.edu/gq/baskauf/gcofl2-twbuds-fruit15104.jpg
baskauf/15105,baskauf_15105.jpg,ind-baskauf/15103,Cornus florida,twig,twig,close-up winter terminal bud,twig / close-up winter terminal bud,train,https://bioimages.vanderbilt.edu/tn/baskauf/tcofl2-tw15105.jpg,https://bioimages.vanderbilt.edu/gq/baskauf/gcofl2-tw15105.jpg
kirchoff/b5087,kirchoff_b5087.jpg,ind-kirchoff/b5087,Cornus florida,fruit,fruit,as borne on the plant,fruit / as borne on the plant,train,https://bioimages.vanderbilt.edu/tn/kirchoff/tcofl2-frb5087.jpg,https://bioimages.vanderbilt.edu/gq/kirchoff/gcofl2-frb5087.jpg
kirchoff/b5088,kirchoff_b5088.jpg,ind-kirchoff/b5087,Cornus florida,fruit,fruit,as borne on the plant,fruit / as borne on the plant,train,https://bioimages.vanderbilt.edu/tn/kirchoff/tcofl2-frb5088.jpg,https://bioimages.vanderbilt.edu/gq/kirchoff/gcofl2-frb5088.jpg
kirchoff/b5089,kirchoff_b5089.jpg,ind-kirchoff/b5087,Cornus florida,fruit,fruit,as borne on the plant,fruit / as borne on the plant,train,https://bioimages.vanderbilt.edu/tn/kirchoff/tcofl2-frdistb5089.jpg,https://bioimages.vanderbilt.edu/gq/kirchoff/gcofl2-frdistb5089.jpg
kirchoff/b5092,kirchoff_b5092.jpg,ind-kirchoff/b5087,Cornus florida,fruit,fruit,as borne on the plant,fruit / as borne on the plant,train,https://bioimages.vanderbilt.edu/tn/kirchoff/tcofl2-frb5092.jpg,https://bioimages.vanderbilt.edu/gq/kirchoff/gcofl2-frb5092.jpg
kirchoff/b5094,kirchoff_b5094.jpg,ind-kirchoff/b5087,Cornus florida,fruit,fruit,as borne on the plant,fruit / as borne on the plant,train,https://bioimages.vanderbilt.edu/tn/kirchoff/tcofl2-frb5094.jpg,https://bioimages.vanderbilt.edu/gq/kirchoff/gcofl2-frb5094.jpg
kirchoff/b5095,kirchoff_b5095.jpg,ind-kirchoff/b5087,Cornus florida,fruit,fruit,as borne on the plant,fruit / as borne on the plant,train,https://bioimages.vanderbilt.edu/tn/kirchoff/tcofl2-frb5095.jpg,https://bioimages.vanderbilt.edu/gq/kirchoff/gcofl2-frb5095.jpg
kirchoff/b5093,kirchoff_b5093.jpg,ind-kirchoff/b5087,Cornus florida,fruit,fruit,lateral or general close-up,fruit / lateral or general close-up,train,https://bioimages.vanderbilt.edu/tn/kirchoff/tcofl2-frb5093.jpg,https://bioimages.vanderbilt.edu/gq/kirchoff/gcofl2-frb5093.jpg
kirchoff/b5090,kirchoff_b5090.jpg,ind-kirchoff/b5087,Cornus florida,whole plant,whole tree (or vine),general,whole tree (or vine) / general,train,https://bioimages.vanderbilt.edu/tn/kirchoff/tcofl2-wpin-fruitb5090.jpg,https://bioimages.vanderbilt.edu/gq/kirchoff/gcofl2-wpin-fruitb5090.jpg
kirchoff/b5091,kirchoff_b5091.jpg,ind-kirchoff/b5087,Cornus florida,whole plant,whole tree (or vine),general,whole tree (or vine) / general,train,https://bioimages.vanderbilt.edu/tn/kirchoff/tcofl2-wpin-fruitb5091.jpg,https://bioimages.vanderbilt.edu/gq/kirchoff/gcofl2-wpin-fruitb5091.jpg
baskauf/11613,baskauf_11613.jpg,ind-baskauf/11612,Cornus florida,leaf,leaf,showing orientation on twig,leaf / showing orientation on twig,train,https://bioimages.vanderbilt.edu/tn/baskauf/tcofl2-lfon-branch11613.jpg,https://bioimages.vanderbilt.edu/gq/baskauf/gcofl2-lfon-branch11613.jpg
baskauf/11614,baskauf_11614.jpg,ind-baskauf/11612,Cornus florida,leaf,leaf,whole upper surface,leaf / whole upper surface,train,https://bioimages.vanderbilt.edu/tn/baskauf/tcofl2-lf11614.jpg,https://bioimages.vanderbilt.edu/gq/baskauf/gcofl2-lf11614.jpg
baskauf/11612,baskauf_11612.jpg,ind-baskauf/11612,Cornus florida,whole plant,whole tree (or vine),general,whole tree (or vine) / general,train,https://bioimages.vanderbilt.edu/tn/baskauf/tcofl2-wpsmall11612.jpg,https://bioimages.vanderbilt.edu/gq/baskauf/gcofl2-wpsmall11612.jpg
baskauf/16416,baskauf_16416.jpg,ind-baskauf/16416,Cornus florida,leaf,leaf,showing orientation on twig,leaf / showing orientation on twig,train,https://bioimages.vanderbilt.edu/tn/baskauf/tcofl2-lffall-color16416.jpg,https://bioimages.vanderbilt.edu/gq/baskauf/gcofl2-lffall-color16416.jpg
baskauf/16760,baskauf_16760.jpg,ind-baskauf/16760,Cornus florida,leaf,leaf,showing orientation on twig,leaf / showing orientation on twig,train,https://bioimages.vanderbilt.edu/tn/baskauf/tcofl2-lffall16760.jpg,https://bioimages.vanderbilt.edu/gq/baskauf/gcofl2-lffall16760.jpg
baskauf/10377,baskauf_10377.jpg,ind-baskauf/10377,Cornus florida,twig,twig,close-up winter terminal bud,twig / close-up winter terminal bud,train,https://bioimages.vanderbilt.edu/tn/baskauf/tcofl2-flbuds10377.jpg,https://bioimages.vanderbilt.edu/gq/baskauf/gcofl2-flbuds10377.jpg
baskauf/91159,baskauf_91159.jpg,vanderbilt/12-227,Cornus florida,whole plant,whole tree (or vine),general,whole tree (or vine) / general,train,https://bioimages.vanderbilt.edu/tn/baskauf/t91159.jpg,https://bioimages.vanderbilt.edu/gq/baskauf/g91159.jpg
baskauf/10987,baskauf_10987.jpg,vanderbilt/12-188,Nyssa sylvatica,bark,bark,of a medium tree or large branch,bark / of a medium tree or large branch,train,https://bioimages.vanderbilt.edu/tn/baskauf/tnysy--brlarge10987.jpg,https://bioimages.vanderbilt.edu/gq/baskauf/gnysy--brlarge10987.jpg
baskauf/10981,baskauf_10981.jpg,vanderbilt/12-188,Nyssa sylvatica,flower,inflorescence,whole - male,inflorescence / whole - male,train,https://bioimages.vanderbilt.edu/tn/baskauf/tnysy--flin-flower10981.jpg,https://bioimages.vanderbilt.edu/gq/baskauf/gnysy--flin-flower10981.jpg
baskauf/10988,baskauf_10988.jpg,vanderbilt/12-188,Nyssa sylvatica,flower,inflorescence,whole - male,inflorescence / whole - male,train,https://bioimages.vanderbilt.edu/tn/baskauf/tnysy--flinflor10988.jpg,https://bioimages.vanderbilt.edu/gq/baskauf/gnysy--flinflor10988.jpg
baskauf/10218,baskauf_10218.jpg,vanderbilt/12-188,Nyssa sylvatica,leaf,leaf,showing orientation on twig,leaf / showing orientation on twig,train,https://bioimages.vanderbilt.edu/tn/baskauf/tnysy--lfseveral10218.jpg,https://bioimages.vanderbilt.edu/gq/baskauf/gnysy--lfseveral10218.jpg
baskauf/10221,baskauf_10221.jpg,vanderbilt/12-188,Nyssa sylvatica,leaf,leaf,whole upper surface,leaf / whole upper surface,train,https://bioimages.vanderbilt.edu/tn/baskauf/tnysy--lf10221.jpg,https://bioimages.vanderbilt.edu/gq/baskauf/gnysy--lf10221.jpg
baskauf/29805,baskauf_29805.jpg,vanderbilt/12-188,Nyssa sylvatica,leaf,leaf,whole upper surface,leaf / whole upper surface,train,https://bioimages.vanderbilt.edu/tn/baskauf/tnysy--lf29805.jpg,https://bioimages.vanderbilt.edu/gq/baskauf/gnysy--lf29805.jpg
baskauf/10213,baskauf_10213.jpg,vanderbilt/12-188,Nyssa sylvatica,whole plant,whole tree (or vine),general,whole tree (or vine) / general,train,https://bioimages.vanderbilt.edu/tn/baskauf/tnysy--wplarge10213.jpg,https://bioimages.vanderbilt.edu/gq/baskauf/gnysy--wplarge10213.jpg
baskauf/16715,baskauf_16715.jpg,ind-baskauf/16712,Nyssa sylvatica,bark,bark,of a medium tree or large branch,bark / of a medium tree or large branch,train,https://bioimages.vanderbilt.edu/tn/baskauf/tnysy--brmedium16715.jpg,https://bioimages.vanderbilt.edu/gq/baskauf/gnysy--brmedium16715.jpg
baskauf/16712,baskauf_16712.jpg,ind-baskauf/16712,Nyssa sylvatica,whole plant,whole tree (or vine),view up trunk,whole tree (or vine) / view up trunk,train,https://bioimages.vanderbilt.edu/tn/baskauf/tnysy--wplookup16712.jpg,https://bioimages.vanderbilt.edu/gq/baskauf/gnysy--wplookup16712.jpg
baskauf/51397,baskauf_51397.jpg,vanderbilt/6-239,Nyssa sylvatica,flower,inflorescence,frontal view of flower,inflorescence / frontal view of flower,train,https://bioimages.vanderbilt.edu/tn/baskauf/tnysy--flfem-front51397.jpg,https://bioimages.vanderbilt.edu/gq/baskauf/gnysy--flfem-front51397.jpg
baskauf/51398,baskauf_51398.jpg,vanderbilt/6-239,Nyssa sylvatica,flower,inflorescence,lateral view of flower,inflorescence / lateral view of flower,train,https://bioimages.vanderbilt.edu/tn/baskauf/tnysy--flfemside51398.jpg,https://bioimages.vanderbilt.edu/gq/baskauf/gnysy--flfemside51398.jpg
baskauf/51402,baskauf_51402.jpg,vanderbilt/6-239,Nyssa sylvatica,flower,inflorescence,lateral view of flower,inflorescence / lateral view of flower,train,https://bioimages.vanderbilt.edu/tn/baskauf/tnysy--flfem51402.jpg,https://bioimages.vanderbilt.edu/gq/baskauf/gnysy--flfem51402.jpg
baskauf/51406,baskauf_51406.jpg,vanderbilt/6-239,Nyssa sylvatica,flower,inflorescence,whole - female,inflorescence / whole - female,train,https://bioimages.vanderbilt.edu/tn/baskauf/tnysy--flfem-inflor51406.jpg,https://bioimages.vanderbilt.edu/gq/baskauf/gnysy--flfem-inflor51406.jpg
baskauf/91065,baskauf_91065.jpg,vanderbilt/6-239,Nyssa sylvatica,whole plant,whole tree (or vine),general,whole tree (or vine) / general,train,https://bioimages.vanderbilt.edu/tn/baskauf/t91065.jpg,https://bioimages.vanderbilt.edu/gq/baskauf/g91065.jpg
baskauf/51414,baskauf_51414.jpg,vanderbilt/6-238,Nyssa sylvatica,flower,inflorescence,frontal view of flower,inflorescence / frontal view of flower,train,https://bioimages.vanderbilt.edu/tn/baskauf/tnysy--flmale51414.jpg,https://bioimages.vanderbilt.edu/gq/baskauf/gnysy--flmale51414.jpg
baskauf/51416,baskauf_51416.jpg,vanderbilt/6-238,Nyssa sylvatica,flower,inflorescence,frontal view of flower,inflorescence / frontal view of flower,train,https://bioimages.vanderbilt.edu/tn/baskauf/tnysy--flmale51416.jpg,https://bioimages.vanderbilt.edu/gq/baskauf/gnysy--flmale51416.jpg
baskauf/51409,baskauf_51409.jpg,vanderbilt/6-238,Nyssa sylvatica,flower,inflorescence,whole - male,inflorescence / whole - male,train,https://bioimages.vanderbilt.edu/tn/baskauf/tnysy--flmale-dist51409.jpg,https://bioimages.vanderbilt.edu/gq/baskauf/gnysy--flmale-dist51409.jpg
baskauf/51411,baskauf_51411.jpg,vanderbilt/6-238,Nyssa sylvatica,flower,inflorescence,whole - male,inflorescence / whole - male,train,https://bioimages.vanderbilt.edu/tn/baskauf/tnysy--flmale-dist51411.jpg,https://bioimages.vanderbilt.edu/gq/baskauf/gnysy--flmale-dist51411.jpg
baskauf/51418,baskauf_51418.jpg,vanderbilt/6-238,Nyssa sylvatica,flower,inflorescence,whole - male,inflorescence / whole - male,train,https://bioimages.vanderbilt.edu/tn/baskauf/tnysy--flmale-inflor51418.jpg,https://bioimages.vanderbilt.edu/gq/baskauf/gnysy--flmale-inflor51418.jpg
baskauf/91067,baskauf_91067.jpg,vanderbilt/6-238,Nyssa sylvatica,whole plant,whole tree (or vine),general,whole tree (or vine) / general,train,https://bioimages.vanderbilt.edu/tn/baskauf/t91067.jpg,https://bioimages.vanderbilt.edu/gq/baskauf/g91067.jpg
baskauf/10574,baskauf_10574.jpg,vanderbilt/6-236,Nyssa sylvatica,flower,inflorescence,whole - unspecified,inflorescence / whole - unspecified,train,https://bioimages.vanderbilt.edu/tn/baskauf/tnysy--flbud10574.jpg,https://bioimages.vanderbilt.edu/gq/baskauf/gnysy--flbud10574.jpg
baskauf/29397,baskauf_29397.jpg,ind-baskauf/29396,Nyssa sylvatica,fruit,fruit,as borne on the plant,fruit / as borne on the plant,train,https://bioimages.vanderbilt.edu/tn/baskauf/tnysy--frinfruct29397.jpg,https://bioimages.vanderbilt.edu/gq/baskauf/gnysy--frinfruct29397.jpg
baskauf/29400,baskauf_29400.jpg,ind-baskauf/29396,Nyssa sylvatica,fruit,fruit,lateral or general close-up,fruit / lateral or general close-up,train,https://bioimages.vanderbilt.edu/tn/baskauf/tnysy--fr29400.jpg,https://bioimages.vanderbilt.edu/gq/baskauf/gnysy--fr29400.jpg
baskauf/27927,baskauf_27927.jpg,ind-baskauf/27926,Nyssa sylvatica,fruit,fruit,immature,fruit / immature,train,https://bioimages.vanderbilt.edu/tn/baskauf/tnysy--frdevel27927.jpg,https://bioimages.vanderbilt.edu/gq/baskauf/gnysy--frdevel27927.jpg
baskauf/27929,baskauf_27929.jpg,ind-baskauf/27926,Nyssa sylvatica,fruit,fruit,immature,fruit / immature,train,https://bioimages.vanderbilt.edu/tn/baskauf/tnysy--frdevel-close27929.jpg,https://bioimages.vanderbilt.edu/gq/baskauf/gnysy--frdevel-close27929.jpg
baskauf/15141,baskauf_15141.jpg,ind-baskauf/15141,Nyssa sylvatica,leaf,leaf,showing orientation on twig,leaf / showing orientation on twig,train,https://bioimages.vanderbilt.edu/tn/baskauf/tnysy--lffall-color15141.jpg,https://bioimages.vanderbilt.edu/gq/baskauf/gnysy--lffall-color15141.jpg
baskauf/15143,baskauf_15143.jpg,ind-baskauf/15141,Nyssa sylvatica,leaf,leaf,showing orientation on twig,leaf / showing orientation on twig,train,https://bioimages.vanderbilt.edu/tn/baskauf/tnysy--lfearlycolor15143.jpg,https://bioimages.vanderbilt.edu/gq/baskauf/gnysy--lfearlycolor15143.jpg
baskauf/15144,baskauf_15144.jpg,ind-baskauf/15141,Nyssa sylvatica,twig,twig,orientation of petioles,twig / orientation of petioles,train,https://bioimages.vanderbilt.edu/tn/baskauf/tnysy--tw15144.jpg,https://bioimages.vanderbilt.edu/gq/baskauf/gnysy--tw15144.jpg
baskauf/d0997,baskauf_d0997.jpg,ind-baskauf/d0997,Nyssa sylvatica,leaf,leaf,showing orientation on twig,leaf / showing orientation on twig,train,https://bioimages.vanderbilt.edu/tn/baskauf/tnysy--lffalld0997.jpg,https://bioimages.vanderbilt.edu/gq/baskauf/gnysy--lffalld0997.jpg
baskauf/10427,baskauf_10427.jpg,ind-baskauf/10427,Nyssa sylvatica,twig,twig,close-up winter leaf scar/bud,twig / close-up winter leaf scar/bud,train,https://bioimages.vanderbilt.edu/tn/baskauf/tnysy--twleaf-scar10427.jpg,https://bioimages.vanderbilt.edu/gq/baskauf/gnysy--twleaf-scar10427.jpg
baskauf/16710,baskauf_16710.jpg,ind-baskauf/16683,Nyssa sylvatica,twig,twig,close-up winter leaf scar/bud,twig / close-up winter leaf scar/bud,train,https://bioimages.vanderbilt.edu/tn/baskauf/tnysy--twleaf-scar16710.jpg,https://bioimages.vanderbilt.edu/gq/baskauf/gnysy--twleaf-scar16710.jpg
baskauf/16683,baskauf_16683.jpg,ind-baskauf/16683,Nyssa sylvatica,whole plant,whole tree (or vine),general,whole tree (or vine) / general,train,https://bioimages.vanderbilt.edu/tn/baskauf/tnysy--wpfall-color16683.jpg,https://bioimages.vanderbilt.edu/gq/baskauf/gnysy--wpfall-color16683.jpg
baskauf/11100,baskauf_11100.jpg,ind-baskauf/11100,Juniperus virginiana,bark,bark,of a large tree,bark / of a large tree,train,https://bioimages.vanderbilt.edu/tn/baskauf/tjuvi--br11100.jpg,https://bioimages.vanderbilt.edu/gq/baskauf/gjuvi--br11100.jpg
baskauf/11524,baskauf_11524.jpg,ind-baskauf/11522,Juniperus virginiana,bark,bark,of a large tree,bark / of a large tree,train,https://bioimages.vanderbilt.edu/tn/baskauf/tjuvi--brlarge-tree11524.jpg,https://bioimages.vanderbilt.edu/gq/baskauf/gjuvi--brlarge-tree11524.jpg
baskauf/11522,baskauf_11522.jpg,ind-baskauf/11522,Juniperus virginiana,whole plant,whole tree,general,whole tree / general,train,https://bioimages.vanderbilt.edu/tn/baskauf/tjuvi--wplarge11522.jpg,https://bioimages.vanderbilt.edu/gq/baskauf/gjuvi--wplarge11522.jpg
baskauf/10791,baskauf_10791.jpg,ind-baskauf/10791,Juniperus virginiana,cone,cone,female - closed,cone / female - closed,train,https://bioimages.vanderbilt.edu/tn/baskauf/tjuvi--cofemale10791.jpg,https://bioimages.vanderbilt.edu/gq/baskauf/gjuvi--cofemale10791.jpg
baskauf/10793,baskauf_10793.jpg,ind-baskauf/10791,Juniperus virginiana,cone,cone,female - closed,cone / female - closed,train,https://bioimages.vanderbilt.edu/tn/baskauf/tjuvi--cofemale10793.jpg,https://bioimages.vanderbilt.edu/gq/baskauf/gjuvi--cofemale10793.jpg
baskauf/10794,baskauf_10794.jpg,ind-baskauf/10791,Juniperus virginiana,cone,cone,female - closed,cone / female - closed,train,https://bioimages.vanderbilt.edu/tn/baskauf/tjuvi--cofemale10794.jpg,https://bioimages.vanderbilt.edu/gq/baskauf/gjuvi--cofemale10794.jpg
baskauf/50707,baskauf_50707.jpg,ind-baskauf/50704,Juniperus virginiana,cone,cone,female - closed,cone / female - closed,train,https://bioimages.vanderbilt.edu/tn/baskauf/tjuvi--cofemale50707.jpg,https://bioimages.vanderbilt.edu/gq/baskauf/gjuvi--cofemale50707.jpg
baskauf/50709,baskauf_50709.jpg,ind-baskauf/50704,Juniperus virginiana,cone,cone,female - closed,cone / female - closed,train,https://bioimages.vanderbilt.edu/tn/baskauf/tjuvi--cofemale50709.jpg,https://bioimages.vanderbilt.edu/gq/baskauf/gjuvi--cofemale50709.jpg
baskauf/50587,baskauf_50587.jpg,ind-baskauf/50583,Juniperus virginiana,cone,cone,male,cone / male,train,https://bioimages.vanderbilt.edu/tn/baskauf/tjuvi--comale-distant50587.jpg,https://bioimages.vanderbilt.edu/gq/baskauf/gjuvi--comale-distant50587.jpg
baskauf/50588,baskauf_50588.jpg,ind-baskauf/50583,Juniperus virginiana,cone,cone,male,cone / male,train,https://bioimages.vanderbilt.edu/tn/baskauf/tjuvi--comale-close50588.jpg,https://bioimages.vanderbilt.edu/gq/baskauf/gjuvi--comale-close50588.jpg
baskauf/50586,baskauf_50586.jpg,ind-baskauf/50583,Juniperus virginiana,whole plant,whole tree,general,whole tree / general,train,https://bioimages.vanderbilt.edu/tn/baskauf/tjuvi--wpfemale-male50586.jpg,https://bioimages.vanderbilt.edu/gq/baskauf/gjuvi--wpfemale-male50586.jpg
baskauf/11202,baskauf_11202.jpg,ind-baskauf/11202,Juniperus virginiana,needle,leaf,showing orientation on twig,leaf / showing orientation on twig,train,https://bioimages.vanderbilt.edu/tn/baskauf/tjuvi--lf11202.jpg,https://bioimages.vanderbilt.edu/gq/baskauf/gjuvi--lf11202.jpg
baskauf/11166,baskauf_11166.jpg,ind-baskauf/11166,Juniperus virginiana,twig,twig,showing attachment of needles,twig / showing attachment of needles,train,https://bioimages.vanderbilt.edu/tn/baskauf/tjuvi--tw11166.jpg,https://bioimages.vanderbilt.edu/gq/baskauf/gjuvi--tw11166.jpg
baskauf/10332,baskauf_10332.jpg,ind-baskauf/10332,Juniperus virginiana,whole plant,whole tree,general,whole tree / general,train,https://bioimages.vanderbilt.edu/tn/baskauf/tjuvi--wpin-rock10332.jpg,https://bioimages.vanderbilt.edu/gq/baskauf/gjuvi--wpin-rock10332.jpg
baskauf/10333,baskauf_10333.jpg,ind-baskauf/10333,Juniperus virginiana,whole plant,whole tree,general,whole tree / general,train,https://bioimages.vanderbilt.edu/tn/baskauf/tjuvi--wpshallow-soil10333.jpg,https://bioimages.vanderbilt.edu/gq/baskauf/gjuvi--wpshallow-soil10333.jpg
baskauf/89384,baskauf_89384.jpg,vanderbilt/7-307,Juniperus virginiana,whole plant,whole tree (or vine),winter,whole tree (or vine) / winter,train,https://bioimages.vanderbilt.edu/tn/baskauf/t89384.jpg,https://bioimages.vanderbilt.edu/gq/baskauf/g89384.jpg
baskauf/11227,baskauf_11227.jpg,ind-baskauf/11227,Cercis canadensis,bark,bark,of a small tree or small branch,bark / of a small tree or small branch,train,https://bioimages.vanderbilt.edu/tn/baskauf/tceca4-br11227.jpg,https://bioimages.vanderbilt.edu/gq/baskauf/gceca4-br11227.jpg
thomas/0049-08-05,thomas_0049-08-05.jpg,thomas/0049-08,Cercis canadensis,flower,inflorescence,frontal view of flower,inflorescence / frontal view of flower,train,https://bioimages.vanderbilt.edu/tn/thomas/t0049-08-05.jpg,https://bioimages.vanderbilt.edu/gq/thomas/g0049-08-05.jpg
thomas/0049-08-04,thomas_0049-08-04.jpg,thomas/0049-08,Cercis canadensis,flower,inflorescence,lateral view of flower,inflorescence / lateral view of flower,train,https://bioimages.vanderbilt.edu/tn/thomas/t0049-08-04.jpg,https://bioimages.vanderbilt.edu/gq/thomas/g0049-08-04.jpg
thomas/0049-08-02,thomas_0049-08-02.jpg,thomas/0049-08,Cercis canadensis,flower,inflorescence,whole - unspecified,inflorescence / whole - unspecified,train,https://bioimages.vanderbilt.edu/tn/thomas/t0049-08-02.jpg,https://bioimages.vanderbilt.edu/gq/thomas/g0049-08-02.jpg
thomas/0049-08-03,thomas_0049-08-03.jpg,thomas/0049-08,Cercis canadensis,flower,inflorescence,whole - unspecified,inflorescence / whole - unspecified,train,https://bioimages.vanderbilt.edu/tn/thomas/t0049-08-03.jpg,https://bioimages.vanderbilt.edu/gq/thomas/g0049-08-03.jpg
thomas/0049-08-01,thomas_0049-08-01.jpg,thomas/0049-08,Cercis canadensis,whole plant,whole tree (or vine),general,whole tree (or vine) / general,train,https://bioimages.vanderbilt.edu/tn/thomas/t0049-08-01.jpg,https://bioimages.vanderbilt.edu/gq/thomas/g0049-08-01.jpg
baskauf/10392,baskauf_10392.jpg,vanderbilt/6-186,Cercis canadensis,flower,inflorescence,whole - unspecified,inflorescence / whole - unspecified,train,https://bioimages.vanderbilt.edu/tn/baskauf/tceca4-flon-branch10392.jpg,https://bioimages.vanderbilt.edu/gq/baskauf/gceca4-flon-branch10392.jpg
baskauf/10393,baskauf_10393.jpg,vanderbilt/6-186,Cercis canadensis,flower,inflorescence,whole - unspecified,inflorescence / whole - unspecified,train,https://bioimages.vanderbilt.edu/tn/baskauf/tceca4-fl10393.jpg,https://bioimages.vanderbilt.edu/gq/baskauf/gceca4-fl10393.jpg
baskauf/51003,baskauf_51003.jpg,ind-baskauf/51001,Cercis canadensis,flower,inflorescence,whole - unspecified,inflorescence / whole - unspecified,train,https://bioimages.vanderbilt.edu/tn/baskauf/tceca4-flcauliflory51003.jpg,https://bioimages.vanderbilt.edu/gq/baskauf/gceca4-flcauliflory51003.jpg
baskauf/51004,baskauf_51004.jpg,ind-baskauf/51001,Cercis canadensis,flower,inflorescence,whole - unspecified,inflorescence / whole - unspecified,train,https://bioimages.vanderbilt.edu/tn/baskauf/tceca4-flcauliflory51004.jpg,https://bioimages.vanderbilt.edu/gq/baskauf/gceca4-flcauliflory51004.jpg
baskauf/10206,baskauf_10206.jpg,ind-baskauf/10207,Cercis canadensis,fruit,fruit,as borne on the plant,fruit / as borne on the plant,train,https://bioimages.vanderbilt.edu/tn/baskauf/tceca4-fr10206.jpg,https://bioimages.vanderbilt.edu/gq/baskauf/gceca4-fr10206.jpg
baskauf/10207,baskauf_10207.jpg,ind-baskauf/10207,Cercis canadensis,fruit,fruit,as borne on the plant,fruit / as borne on the plant,train,https://bioimages.vanderbilt.edu/tn/baskauf/tceca4-frmature10207.jpg,https://bioimages.vanderbilt.edu/gq/baskauf/gceca4-frmature10207.jpg
baskauf/10339,baskauf_10339.jpg,ind-baskauf/10207,Cercis canadensis,fruit,fruit,as borne on the plant,fruit / as borne on the plant,train,https://bioimages.vanderbilt.edu/tn/baskauf/tceca4-frdistant10339.jpg,https://bioimages.vanderbilt.edu/gq/baskauf/gceca4-frdistant10339.jpg
baskauf/15391,baskauf_15391.jpg,ind-baskauf/10739,Cercis canadensis,fruit,fruit,as borne on the plant,fruit / as borne on the plant,train,https://bioimages.vanderbilt.edu/tn/baskauf/tceca4-fr15391.jpg,https://bioimages.vanderbilt.edu/gq/baskauf/gceca4-fr15391.jpg
baskauf/10739,baskauf_10739.jpg,ind-baskauf/10739,Cercis canadensis,fruit,fruit,immature,fruit / immature,train,https://bioimages.vanderbilt.edu/tn/baskauf/tceca4-frdevel10739.jpg,https://bioimages.vanderbilt.edu/gq/baskauf/gceca4-frdevel10739.jpg
baskauf/11211,baskauf_11211.jpg,ind-baskauf/10739,Cercis canadensis,fruit,fruit,immature,fruit / immature,train,https://bioimages.vanderbilt.edu/tn/baskauf/tceca4-frdevel11211.jpg,https://bioimages.vanderbilt.edu/gq/baskauf/gceca4-frdevel11211.jpg
baskauf/15395,baskauf_15395.jpg,ind-baskauf/10739,Cercis canadensis,leaf,leaf,margin of upper + lower surface,leaf / margin of upper + lower surface,train,https://bioimages.vanderbilt.edu/tn/baskauf/tceca4-lfmargin-uplow15395.jpg,https://bioimages.vanderbilt.edu/gq/baskauf/gceca4-lfmargin-uplow15395.jpg
baskauf/11206,baskauf_11206.jpg,ind-baskauf/10739,Cercis canadensis,leaf,leaf,showing orientation on twig,leaf / showing orientation on twig,train,https://bioimages.vanderbilt.edu/tn/baskauf/tceca4-lfseveral11206.jpg,https://bioimages.vanderbilt.edu/gq/baskauf/gceca4-lfseveral11206.jpg
baskauf/11208,baskauf_11208.jpg,ind-baskauf/10739,Cercis canadensis,leaf,leaf,showing orientation on twig,leaf / showing orientation on twig,train,https://bioimages.vanderbilt.edu/tn/baskauf/tceca4-lf11208.jpg,https://bioimages.vanderbilt.edu/gq/baskauf/gceca4-lf11208.jpg
baskauf/17265,baskauf_17265.jpg,ind-baskauf/10739,Cercis canadensis,twig,twig,winter overall,twig / winter overall,train,https://bioimages.vanderbilt.edu/tn/baskauf/tceca4-tw17265.jpg,https://bioimages.vanderbilt.edu/gq/baskauf/gceca4-tw17265.jpg
baskauf/10766,baskauf_10766.jpg,ind-baskauf/10766,Cercis canadensis,leaf,leaf,showing orientation on twig,leaf / showing orientation on twig,train,https://bioimages.vanderbilt.edu/tn/baskauf/tceca4-lfseveral10766.jpg,https://bioimages.vanderbilt.edu/gq/baskauf/gceca4-lfseveral10766.jpg
baskauf/29777,baskauf_29777.jpg,ind-baskauf/29774,Cercis canadensis,twig,twig,orientation of petioles,twig / orientation of petioles,train,https://bioimages.vanderbilt.edu/tn/baskauf/tceca4-tw29777.jpg,https://bioimages.vanderbilt.edu/gq/baskauf/gceca4-tw29777.jpg
baskauf/29775,baskauf_29775.jpg,ind-baskauf/29774,Cercis canadensis,whole plant,whole tree (or vine),general,whole tree (or vine) / general,train,https://bioimages.vanderbilt.edu/tn/baskauf/tceca4-wp29775.jpg,https://bioimages.vanderbilt.edu/gq/baskauf/gceca4-wp29775.jpg
baskauf/10491,baskauf_10491.jpg,ind-baskauf/10491,Cercis canadensis,whole plant,whole tree (or vine),general,whole tree (or vine) / general,train,https://bioimages.vanderbilt.edu/tn/baskauf/tceca4-wproadside10491.jpg,https://bioimages.vanderbilt.edu/gq/baskauf/gceca4-wproadside10491.jpg
baskauf/10493,baskauf_10493.jpg,ind-baskauf/10493,Cercis canadensis,whole plant,whole tree (or vine),general,whole tree (or vine) / general,train,https://bioimages.vanderbilt.edu/tn/baskauf/tceca4-wproadside10493.jpg,https://bioimages.vanderbilt.edu/gq/baskauf/gceca4-wproadside10493.jpg
baskauf/10497,baskauf_10497.jpg,ind-baskauf/10497,Cercis canadensis,whole plant,whole tree (or vine),general,whole tree (or vine) / general,train,https://bioimages.vanderbilt.edu/tn/baskauf/tceca4-wpdistant10497.jpg,https://bioimages.vanderbilt.edu/gq/baskauf/gceca4-wpdistant10497.jpg
baskauf/90931,baskauf_90931.jpg,vanderbilt/6-29,Cercis canadensis,whole plant,whole tree (or vine),general,whole tree (or vine) / general,train,https://bioimages.vanderbilt.edu/tn/baskauf/t90931.jpg,https://bioimages.vanderbilt.edu/gq/baskauf/g90931.jpg
baskauf/89354,baskauf_89354.jpg,vanderbilt/6-29,Cercis canadensis,whole plant,whole tree (or vine),winter,whole tree (or vine) / winter,train,https://bioimages.vanderbilt.edu/tn/baskauf/t89354.jpg,https://bioimages.vanderbilt.edu/gq/baskauf/g89354.jpg
baskauf/91134,baskauf_91134.jpg,vanderbilt/12-82,Cercis canadensis,whole plant,whole tree (or vine),general,whole tree (or vine) / general,train,https://bioimages.vanderbilt.edu/tn/baskauf/t91134.jpg,https://bioimages.vanderbilt.edu/gq/baskauf/g91134.jpg
baskauf/15521,baskauf_15521.jpg,ind-baskauf/15521,Gleditsia triacanthos,bark,bark,of a large tree,bark / of a large tree,test,https://bioimages.vanderbilt.edu/tn/baskauf/tgltr--brspines15521.jpg,https://bioimages.vanderbilt.edu/gq/baskauf/ggltr--brspines15521.jpg
baskauf/15533,baskauf_15533.jpg,ind-baskauf/15521,Gleditsia triacanthos,bark,bark,of a large tree,bark / of a large tree,test,https://bioimages.vanderbilt.edu/tn/baskauf/tgltr--br15533.jpg,https://bioimages.vanderbilt.edu/gq/baskauf/ggltr--br15533.jpg
baskauf/15537,baskauf_15537.jpg,ind-baskauf/15521,Gleditsia triacanthos,leaf,leaf,showing orientation on twig,leaf / showing orientation on twig,test,https://bioimages.vanderbilt.edu/tn/baskauf/tgltr--lf15537.jpg,https://bioimages.vanderbilt.edu/gq/baskauf/ggltr--lf15537.jpg
baskauf/15531,baskauf_15531.jpg,ind-baskauf/15521,Gleditsia triacanthos,whole plant,whole tree (or vine),view up trunk,whole tree (or vine) / view up trunk,test,https://bioimages.vanderbilt.edu/tn/baskauf/tgltr--wplookup15531.jpg,https://bioimages.vanderbilt.edu/gq/baskauf/ggltr--wplookup15531.jpg
baskauf/d1104,baskauf_d1104.jpg,ind-baskauf/d1104,Gleditsia triacanthos,bark,bark,of a large tree,bark / of a large tree,test,https://bioimages.vanderbilt.edu/tn/baskauf/tgltr--brthornsd1104.jpg,https://bioimages.vanderbilt.edu/gq/baskauf/ggltr--brthornsd1104.jpg
baskauf/d1112,baskauf_d1112.jpg,ind-baskauf/d1104,Gleditsia triacanthos,bark,bark,of a large tree,bark / of a large tree,test,https://bioimages.vanderbilt.edu/tn/baskauf/tgltr--brd1112.jpg,https://bioimages.vanderbilt.edu/gq/baskauf/ggltr--brd1112.jpg
baskauf/d1110,baskauf_d1110.jpg,ind-baskauf/d1104,Gleditsia triacanthos,fruit,fruit,lateral or general close-up,fruit / lateral or general close-up,test,https://bioimages.vanderbilt.edu/tn/baskauf/tgltr--frd1110.jpg,https://bioimages.vanderbilt.edu/gq/baskauf/ggltr--frd1110.jpg
baskauf/66149,baskauf_66149.jpg,ind-baskauf/66133,Gleditsia triacanthos,bark,bark,of a medium tree or large branch,bark / of a medium tree or large branch,test,https://bioimages.vanderbilt.edu/tn/baskauf/tgltr--brmediium66149.jpg,https://bioimages.vanderbilt.edu/gq/baskauf/ggltr--brmediium66149.jpg
baskauf/66163,baskauf_66163.jpg,ind-baskauf/66133,Gleditsia triacanthos,bark,bark,of a small tree or small branch,bark / of a small tree or small branch,test,https://bioimages.vanderbilt.edu/tn/baskauf/tgltr--brsmall66163.jpg,https://bioimages.vanderbilt.edu/gq/baskauf/ggltr--brsmall66163.jpg
baskauf/66135,baskauf_66135.jpg,ind-baskauf/66133,Gleditsia triacanthos,flower,inflorescence,frontal view of flower,inflorescence / frontal view of flower,test,https://bioimages.vanderbilt.edu/tn/baskauf/tgltr--flfemale-front66135.jpg,https://bioimages.vanderbilt.edu/gq/baskauf/ggltr--flfemale-front66135.jpg
baskauf/66137,baskauf_66137.jpg,ind-baskauf/66133,Gleditsia triacanthos,flower,inflorescence,lateral view of flower,inflorescence / lateral view of flower,test,https://bioimages.vanderbilt.edu/tn/baskauf/tgltr--flfemale-side66137.jpg,https://bioimages.vanderbilt.edu/gq/baskauf/ggltr--flfemale-side66137.jpg
baskauf/66134,baskauf_66134.jpg,ind-baskauf/66133,Gleditsia triacanthos,flower,inflorescence,whole - female,inflorescence / whole - female,test,https://bioimages.vanderbilt.edu/tn/baskauf/tgltr--flfemale-inflor66134.jpg,https://bioimages.vanderbilt.edu/gq/baskauf/ggltr--flfemale-inflor66134.jpg
baskauf/66138,baskauf_66138.jpg,ind-baskauf/66133,Gleditsia triacanthos,flower,inflorescence,whole - female,inflorescence / whole - female,test,https://bioimages.vanderbilt.edu/tn/baskauf/tgltr--flfemale-distant66138.jpg,https://bioimages.vanderbilt.edu/gq/baskauf/ggltr--flfemale-distant66138.jpg
baskauf/66140,baskauf_66140.jpg,ind-baskauf/66133,Gleditsia triacanthos,flower,inflorescence,whole - female,inflorescence / whole - female,test,https://bioimages.vanderbilt.edu/tn/baskauf/tgltr--flfemale-distant66140.jpg,https://bioimages.vanderbilt.edu/gq/baskauf/ggltr--flfemale-distant66140.jpg
baskauf/66153,baskauf_66153.jpg,ind-baskauf/66133,Gleditsia triacanthos,leaf,leaf,margin of upper + lower surface,leaf / margin of upper + lower surface,test,https://bioimages.vanderbilt.edu/tn/baskauf/tgltr--lfmargin-uplow66153.jpg,https://bioimages.vanderbilt.edu/gq/baskauf/ggltr--lfmargin-uplow66153.jpg
baskauf/66141,baskauf_66141.jpg,ind-baskauf/66133,Gleditsia triacanthos,leaf,leaf,whole upper surface,leaf / whole upper surface,test,https://bioimages.vanderbilt.edu/tn/baskauf/tgltr--lfboth-types66141.jpg,https://bioimages.vanderbilt.edu/gq/baskauf/ggltr--lfboth-types66141.jpg
baskauf/66144,baskauf_66144.jpg,ind-baskauf/66133,Gleditsia triacanthos,leaf,leaf,whole upper surface,leaf / whole upper surface,test,https://bioimages.vanderbilt.edu/tn/baskauf/tgltr--lfpinnate66144.jpg,https://bioimages.vanderbilt.edu/gq/baskauf/ggltr--lfpinnate66144.jpg
baskauf/66145,baskauf_66145.jpg,ind-baskauf/66133,Gleditsia triacanthos,leaf,leaf,whole upper surface,leaf / whole upper surface,test,https://bioimages.vanderbilt.edu/tn/baskauf/tgltr--lfbipinnate66145.jpg,https://bioimages.vanderbilt.edu/gq/baskauf/ggltr--lfbipinnate66145.jpg
baskauf/66154,baskauf_66154.jpg,ind-baskauf/66133,Gleditsia triacanthos,twig,twig,orientation of petioles,twig / orientation of petioles,test,https://bioimages.vanderbilt.edu/tn/baskauf/tgltr--tw66154.jpg,https://bioimages.vanderbilt.edu/gq/baskauf/ggltr--tw66154.jpg
baskauf/66155,baskauf_66155.jpg,ind-baskauf/66133,Gleditsia triacanthos,twig,twig,orientation of petioles,twig / orientation of petioles,test,https://bioimages.vanderbilt.edu/tn/baskauf/tgltr--tw66155.jpg,https://bioimages.vanderbilt.edu/gq/baskauf/ggltr--tw66155.jpg
baskauf/66156,baskauf_66156.jpg,ind-baskauf/66133,Gleditsia triacanthos,twig,twig,orientation of petioles,twig / orientation of petioles,test,https://bioimages.vanderbilt.edu/tn/baskauf/tgltr--tw66156.jpg,https://bioimages.vanderbilt.edu/gq/baskauf/ggltr--tw66156.jpg
baskauf/66157,baskauf_66157.jpg,ind-baskauf/66133,Gleditsia triacanthos,twig,twig,orientation of petioles,twig / orientation of petioles,test,https://bioimages.vanderbilt.edu/tn/baskauf/tgltr--tw66157.jpg,https://bioimages.vanderbilt.edu/gq/baskauf/ggltr--tw66157.jpg
baskauf/66159,baskauf_66159.jpg,ind-baskauf/66133,Gleditsia triacanthos,twig,twig,orientation of petioles,twig / orientation of petioles,test,https://bioimages.vanderbilt.edu/tn/baskauf/tgltr--twdevel-thorns66159.jpg,https://bioimages.vanderbilt.edu/gq/baskauf/ggltr--twdevel-thorns66159.jpg
baskauf/66161,baskauf_66161.jpg,ind-baskauf/66133,Gleditsia triacanthos,twig,twig,orientation of petioles,twig / orientation of petioles,test,https://bioimages.vanderbilt.edu/tn/baskauf/tgltr--twthorns66161.jpg,https://bioimages.vanderbilt.edu/gq/baskauf/ggltr--twthorns66161.jpg
baskauf/66147,baskauf_66147.jpg,ind-baskauf/66133,Gleditsia triacanthos,whole plant,whole tree (or vine),general,whole tree (or vine) / general,test,https://bioimages.vanderbilt.edu/tn/baskauf/tgltr--wp66147.jpg,https://bioimages.vanderbilt.edu/gq/baskauf/ggltr--wp66147.jpg
baskauf/66181,baskauf_66181.jpg,ind-baskauf/66180,Gleditsia triacanthos,bark,bark,of a medium tree or large branch,bark / of a medium tree or large branch,test,https://bioimages.vanderbilt.edu/tn/baskauf/tgltr--brmedium66181.jpg,https://bioimages.vanderbilt.edu/gq/baskauf/ggltr--brmedium66181.jpg
baskauf/66182,baskauf_66182.jpg,ind-baskauf/66180,Gleditsia triacanthos,bark,bark,of a medium tree or large branch,bark / of a medium tree or large branch,test,https://bioimages.vanderbilt.edu/tn/baskauf/tgltr--brmedium66182.jpg,https://bioimages.vanderbilt.edu/gq/baskauf/ggltr--brmedium66182.jpg
baskauf/66185,baskauf_66185.jpg,ind-baskauf/66180,Gleditsia triacanthos,flower,inflorescence,frontal view of flower,inflorescence / frontal view of flower,test,https://bioimages.vanderbilt.edu/tn/baskauf/tgltr--flmale-front66185.jpg,https://bioimages.vanderbilt.edu/gq/baskauf/ggltr--flmale-front66185.jpg
baskauf/66188,baskauf_66188.jpg,ind-baskauf/66180,Gleditsia triacanthos,flower,inflorescence,frontal view of flower,inflorescence / frontal view of flower,test,https://bioimages.vanderbilt.edu/tn/baskauf/tgltr--flmale-front66188.jpg,https://bioimages.vanderbilt.edu/gq/baskauf/ggltr--flmale-front66188.jpg
baskauf/66187,baskauf_66187.jpg,ind-baskauf/66180,Gleditsia triacanthos,flower,inflorescence,lateral view of flower,inflorescence / lateral view of flower,test,https://bioimages.vanderbilt.edu/tn/baskauf/tgltr--flmale-side66187.jpg,https://bioimages.vanderbilt.edu/gq/baskauf/ggltr--flmale-side66187.jpg
baskauf/66183,baskauf_66183.jpg,ind-baskauf/66180,Gleditsia triacanthos,flower,inflorescence,whole - male,inflorescence / whole - male,test,https://bioimages.vanderbilt.edu/tn/baskauf/tgltr--flmale-distant66183.jpg,https://bioimages.vanderbilt.edu/gq/baskauf/ggltr--flmale-distant66183.jpg
baskauf/66184,baskauf_66184.jpg,ind-baskauf/66180,Gleditsia triacanthos,flower,inflorescence,whole - male,inflorescence / whole - male,test,https://bioimages.vanderbilt.edu/tn/baskauf/tgltr--flmale-inflor66184.jpg,https://bioimages.vanderbilt.edu/gq/baskauf/ggltr--flmale-inflor66184.jpg
baskauf/66191,baskauf_66191.jpg,ind-baskauf/66180,Gleditsia triacanthos,flower,inflorescence,whole - male,inflorescence / whole - male,test,https://bioimages.vanderbilt.edu/tn/baskauf/tgltr--flmale-distant66191.jpg,https://bioimages.vanderbilt.edu/gq/baskauf/ggltr--flmale-distant66191.jpg
baskauf/66192,baskauf_66192.jpg,ind-baskauf/66180,Gleditsia triacanthos,flower,inflorescence,whole - male,inflorescence / whole - male,test,https://bioimages.vanderbilt.edu/tn/baskauf/tgltr--flmale66192.jpg,https://bioimages.vanderbilt.edu/gq/baskauf/ggltr--flmale66192.jpg
baskauf/66190,baskauf_66190.jpg,ind-baskauf/66180,Gleditsia triacanthos,twig,twig,orientation of petioles,twig / orientation of petioles,test,https://bioimages.vanderbilt.edu/tn/baskauf/tgltr--twthorn66190.jpg,https://bioimages.vanderbilt.edu/gq/baskauf/ggltr--twthorn66190.jpg
baskauf/66180,baskauf_66180.jpg,ind-baskauf/66180,Gleditsia triacanthos,whole plant,whole tree (or vine),general,whole tree (or vine) / general,test,https://bioimages.vanderbilt.edu/tn/baskauf/tgltr--wp66180.jpg,https://bioimages.vanderbilt.edu/gq/baskauf/ggltr--wp66180.jpg
baskauf/51771,baskauf_51771.jpg,ind-baskauf/51771,Gleditsia triacanthos,flower,inflorescence,unspecified,inflorescence / unspecified,test,https://bioimages.vanderbilt.edu/tn/baskauf/tgltr--flbuds51771.jpg,https://bioimages.vanderbilt.edu/gq/baskauf/ggltr--flbuds51771.jpg
baskauf/66166,baskauf_66166.jpg,ind-baskauf/66164,Gleditsia triacanthos,fruit,fruit,immature,fruit / immature,test,https://bioimages.vanderbilt.edu/tn/baskauf/tgltr--frdevel-distant66166.jpg,https://bioimages.vanderbilt.edu/gq/baskauf/ggltr--frdevel-distant66166.jpg
baskauf/66167,baskauf_66167.jpg,ind-baskauf/66164,Gleditsia triacanthos,fruit,fruit,immature,fruit / immature,test,https://bioimages.vanderbilt.edu/tn/baskauf/tgltr--frdevel-infruct66167.jpg,https://bioimages.vanderbilt.edu/gq/baskauf/ggltr--frdevel-infruct66167.jpg
baskauf/66168,baskauf_66168.jpg,ind-baskauf/66164,Gleditsia triacanthos,fruit,fruit,immature,fruit / immature,test,https://bioimages.vanderbilt.edu/tn/baskauf/tgltr--frdevel-infruct66168.jpg,https://bioimages.vanderbilt.edu/gq/baskauf/ggltr--frdevel-infruct66168.jpg
baskauf/66169,baskauf_66169.jpg,ind-baskauf/66164,Gleditsia triacanthos,fruit,fruit,immature,fruit / immature,test,https://bioimages.vanderbilt.edu/tn/baskauf/tgltr--frdevel66169.jpg,https://bioimages.vanderbilt.edu/gq/baskauf/ggltr--frdevel66169.jpg
baskauf/66170,baskauf_66170.jpg,ind-baskauf/66164,Gleditsia triacanthos,fruit,fruit,immature,fruit / immature,test,https://bioimages.vanderbilt.edu/tn/baskauf/tgltr--frdevel66170.jpg,https://bioimages.vanderbilt.edu/gq/baskauf/ggltr--frdevel66170.jpg
baskauf/66175,baskauf_66175.jpg,ind-baskauf/66164,Gleditsia triacanthos,leaf,leaf,margin of upper + lower surface,leaf / margin of upper + lower surface,test,https://bioimages.vanderbilt.edu/tn/baskauf/tgltr--lfmargin-uplow66175.jpg,https://bioimages.vanderbilt.edu/gq/baskauf/ggltr--lfmargin-uplow66175.jpg
baskauf/66172,baskauf_66172.jpg,ind-baskauf/66164,Gleditsia triacanthos,leaf,leaf,whole upper surface,leaf / whole upper surface,test,https://bioimages.vanderbilt.edu/tn/baskauf/tgltr--lfboth-types66172.jpg,https://bioimages.vanderbilt.edu/gq/baskauf/ggltr--lfboth-types66172.jpg
baskauf/66176,baskauf_66176.jpg,ind-baskauf/66164,Gleditsia triacanthos,leaf,leaf,whole upper surface,leaf / whole upper surface,test,https://bioimages.vanderbilt.edu/tn/baskauf/tgltr--lfpinnate66176.jpg,https://bioimages.vanderbilt.edu/gq/baskauf/ggltr--lfpinnate66176.jpg
baskauf/66178,baskauf_66178.jpg,ind-baskauf/66164,Gleditsia triacanthos,leaf,leaf,whole upper surface,leaf / whole upper surface,test,https://bioimages.vanderbilt.edu/tn/baskauf/tgltr--lfbipinnate66178.jpg,https://bioimages.vanderbilt.edu/gq/baskauf/ggltr--lfbipinnate66178.jpg
baskauf/66173,baskauf_66173.jpg,ind-baskauf/66164,Gleditsia triacanthos,twig,twig,orientation of petioles,twig / orientation of petioles,test,https://bioimages.vanderbilt.edu/tn/baskauf/tgltr--twthorns66173.jpg,https://bioimages.vanderbilt.edu/gq/baskauf/ggltr--twthorns66173.jpg
baskauf/66174,baskauf_66174.jpg,ind-baskauf/66164,Gleditsia triacanthos,twig,twig,orientation of petioles,twig / orientation of petioles,test,https://bioimages.vanderbilt.edu/tn/baskauf/tgltr--tw66174.jpg,https://bioimages.vanderbilt.edu/gq/baskauf/ggltr--tw66174.jpg
baskauf/66164,baskauf_66164.jpg,ind-baskauf/66164,Gleditsia triacanthos,whole plant,whole tree (or vine),view up trunk,whole tree (or vine) / view up trunk,test,https://bioimages.vanderbilt.edu/tn/baskauf/tgltr--wplookup66164.jpg,https://bioimages.vanderbilt.edu/gq/baskauf/ggltr--wplookup66164.jpg
baskauf/21602,baskauf_21602.jpg,ind-baskauf/21594,Gleditsia triacanthos,leaf,leaf,showing orientation on twig,leaf / showing orientation on twig,test,https://bioimages.vanderbilt.edu/tn/baskauf/tgltr--lf21602.jpg,https://bioimages.vanderbilt.edu/gq/baskauf/ggltr--lf21602.jpg
baskauf/21595,baskauf_21595.jpg,ind-baskauf/21594,Gleditsia triacanthos,twig,twig,orientation of petioles,twig / orientation of petioles,test,https://bioimages.vanderbilt.edu/tn/baskauf/tgltr--tw21595.jpg,https://bioimages.vanderbilt.edu/gq/baskauf/ggltr--tw21595.jpg
baskauf/21592,baskauf_21592.jpg,ind-baskauf/21594,Gleditsia triacanthos,whole plant,whole tree (or vine),view up trunk,whole tree (or vine) / view up trunk,test,https://bioimages.vanderbilt.edu/tn/baskauf/taegl--wplookup21592.jpg,https://bioimages.vanderbilt.edu/gq/baskauf/gaegl--wplookup21592.jpg
baskauf/38435,baskauf_38435.jpg,ind-baskauf/38435,Gleditsia triacanthos,twig,twig,orientation of petioles,twig / orientation of petioles,test,https://bioimages.vanderbilt.edu/tn/baskauf/tgltr--twthorns38435.jpg,https://bioimages.vanderbilt.edu/gq/baskauf/ggltr--twthorns38435.jpg
baskauf/38436,baskauf_38436.jpg,ind-baskauf/38435,Gleditsia triacanthos,twig,twig,orientation of petioles,twig / orientation of petioles,test,https://bioimages.vanderbilt.edu/tn/baskauf/tgltr--twthorn38436.jpg,https://bioimages.vanderbilt.edu/gq/baskauf/ggltr--twthorn38436.jpg
baskauf/38439,baskauf_38439.jpg,ind-baskauf/38435,Gleditsia triacanthos,twig,twig,orientation of petioles,twig / orientation of petioles,test,https://bioimages.vanderbilt.edu/tn/baskauf/tgltr--twthorns38439.jpg,https://bioimages.vanderbilt.edu/gq/baskauf/ggltr--twthorns38439.jpg
baskauf/15988,baskauf_15988.jpg,vanderbilt/12-177,Gymnocladus dioicus,bark,bark,of a large tree,bark / of a large tree,train,https://bioimages.vanderbilt.edu/tn/baskauf/tgydi--brlarge15988.jpg,https://bioimages.vanderbilt.edu/gq/baskauf/ggydi--brlarge15988.jpg
baskauf/91144,baskauf_91144.jpg,vanderbilt/12-177,Gymnocladus dioicus,whole plant,whole tree (or vine),general,whole tree (or vine) / general,train,https://bioimages.vanderbilt.edu/tn/baskauf/t91144.jpg,https://bioimages.vanderbilt.edu/gq/baskauf/g91144.jpg
baskauf/15984,baskauf_15984.jpg,vanderbilt/12-177,Gymnocladus dioicus,whole plant,whole tree (or vine),view up trunk,whole tree (or vine) / view up trunk,train,https://bioimages.vanderbilt.edu/tn/baskauf/tgydi--wplookup-large15984.jpg,https://bioimages.vanderbilt.edu/gq/baskauf/ggydi--wplookup-large15984.jpg
baskauf/24245,baskauf_24245.jpg,ind-baskauf/24227,Gymnocladus dioicus,bark,bark,of a large tree,bark / of a large tree,train,https://bioimages.vanderbilt.edu/tn/baskauf/tgydi--br24245.jpg,https://bioimages.vanderbilt.edu/gq/baskauf/ggydi--br24245.jpg
baskauf/51691,baskauf_51691.jpg,ind-baskauf/24227,Gymnocladus dioicus,flower,inflorescence,close-up of flower interior,inflorescence / close-up of flower interior,train,https://bioimages.vanderbilt.edu/tn/baskauf/tgydi--flfemale-interior51691.jpg,https://bioimages.vanderbilt.edu/gq/baskauf/ggydi--flfemale-interior51691.jpg
baskauf/33649,baskauf_33649.jpg,ind-baskauf/24227,Gymnocladus dioicus,flower,inflorescence,frontal view of flower,inflorescence / frontal view of flower,train,https://bioimages.vanderbilt.edu/tn/baskauf/tgydi--flfront33649.jpg,https://bioimages.vanderbilt.edu/gq/baskauf/ggydi--flfront33649.jpg
baskauf/51706,baskauf_51706.jpg,ind-baskauf/24227,Gymnocladus dioicus,flower,inflorescence,frontal view of flower,inflorescence / frontal view of flower,train,https://bioimages.vanderbilt.edu/tn/baskauf/tgydi--flfront51706.jpg,https://bioimages.vanderbilt.edu/gq/baskauf/ggydi--flfront51706.jpg
baskauf/33651,baskauf_33651.jpg,ind-baskauf/24227,Gymnocladus dioicus,flower,inflorescence,lateral view of flower,inflorescence / lateral view of flower,train,https://bioimages.vanderbilt.edu/tn/baskauf/tgydi--flside33651.jpg,https://bioimages.vanderbilt.edu/gq/baskauf/ggydi--flside33651.jpg
baskauf/51704,baskauf_51704.jpg,ind-baskauf/24227,Gymnocladus dioicus,flower,inflorescence,lateral view of flower,inflorescence / lateral view of flower,train,https://bioimages.vanderbilt.edu/tn/baskauf/tgydi--flside51704.jpg,https://bioimages.vanderbilt.edu/gq/baskauf/ggydi--flside51704.jpg
baskauf/33646,baskauf_33646.jpg,ind-baskauf/24227,Gymnocladus dioicus,flower,inflorescence,whole - unspecified,inflorescence / whole - unspecified,train,https://bioimages.vanderbilt.edu/tn/baskauf/tgydi--flinflor33646.jpg,https://bioimages.vanderbilt.edu/gq/baskauf/ggydi--flinflor33646.jpg
baskauf/51686,baskauf_51686.jpg,ind-baskauf/24227,Gymnocladus dioicus,flower,inflorescence,whole - unspecified,inflorescence / whole - unspecified,train,https://bioimages.vanderbilt.edu/tn/baskauf/tgydi--flinflor51686.jpg,https://bioimages.vanderbilt.edu/gq/baskauf/ggydi--flinflor51686.jpg
baskauf/24227,baskauf_24227.jpg,ind-baskauf/24227,Gymnocladus dioicus,fruit,fruit,as borne on the plant,fruit / as borne on the plant,train,https://bioimages.vanderbilt.edu/tn/baskauf/tgydi--frdevel24227.jpg,https://bioimages.vanderbilt.edu/gq/baskauf/ggydi--frdevel24227.jpg
baskauf/24270,baskauf_24270.jpg,ind-baskauf/24227,Gymnocladus dioicus,fruit,fruit,as borne on the plant,fruit / as borne on the plant,train,https://bioimages.vanderbilt.edu/tn/baskauf/tgydi--wpin-fruit24270.jpg,https://bioimages.vanderbilt.edu/gq/baskauf/ggydi--wpin-fruit24270.jpg
baskauf/51688,baskauf_51688.jpg,ind-baskauf/24227,Gymnocladus dioicus,fruit,fruit,immature,fruit / immature,train,https://bioimages.vanderbilt.edu/tn/baskauf/tgydi--fland-devel-fruit51688.jpg,https://bioimages.vanderbilt.edu/gq/baskauf/ggydi--fland-devel-fruit51688.jpg
baskauf/51694,baskauf_51694.jpg,ind-baskauf/24227,Gymnocladus dioicus,fruit,fruit,immature,fruit / immature,train,https://bioimages.vanderbilt.edu/tn/baskauf/tgydi--frdevel51694.jpg,https://bioimages.vanderbilt.edu/gq/baskauf/ggydi--frdevel51694.jpg
baskauf/51695,baskauf_51695.jpg,ind-baskauf/24227,Gymnocladus dioicus,fruit,fruit,immature,fruit / immature,train,https://bioimages.vanderbilt.edu/tn/baskauf/tgydi--frdevel51695.jpg,https://bioimages.vanderbilt.edu/gq/baskauf/ggydi--frdevel51695.jpg
baskauf/24254,baskauf_24254.jpg,ind-baskauf/24227,Gymnocladus dioicus,fruit,fruit,lateral or general close-up,fruit / lateral or general close-up,train,https://bioimages.vanderbilt.edu/tn/baskauf/tgydi--fr24254.jpg,https://bioimages.vanderbilt.edu/gq/baskauf/ggydi--fr24254.jpg
baskauf/24261,baskauf_24261.jpg,ind-baskauf/24227,Gymnocladus dioicus,fruit,fruit,section or open,fruit / section or open,train,https://bioimages.vanderbilt.edu/tn/baskauf/tgydi--frseeds24261.jpg,https://bioimages.vanderbilt.edu/gq/baskauf/ggydi--frseeds24261.jpg
baskauf/24251,baskauf_24251.jpg,ind-baskauf/24227,Gymnocladus dioicus,leaf,leaf,margin of upper + lower surface,leaf / margin of upper + lower surface,train,https://bioimages.vanderbilt.edu/tn/baskauf/tgydi--lfleaflet24251.jpg,https://bioimages.vanderbilt.edu/gq/baskauf/ggydi--lfleaflet24251.jpg
baskauf/24248,baskauf_24248.jpg,ind-baskauf/24227,Gymnocladus dioicus,leaf,leaf,whole upper surface,leaf / whole upper surface,train,https://bioimages.vanderbilt.edu/tn/baskauf/tgydi--lf24248.jpg,https://bioimages.vanderbilt.edu/gq/baskauf/ggydi--lf24248.jpg
baskauf/24265,baskauf_24265.jpg,ind-baskauf/24227,Gymnocladus dioicus,seed,seed,general view,seed / general view,train,https://bioimages.vanderbilt.edu/tn/baskauf/tgydi--frseed24265.jpg,https://bioimages.vanderbilt.edu/gq/baskauf/ggydi--frseed24265.jpg
baskauf/24849,baskauf_24849.jpg,ind-baskauf/24227,Gymnocladus dioicus,seed,seed,general view,seed / general view,train,https://bioimages.vanderbilt.edu/tn/baskauf/tgydi--frseed24849.jpg,https://bioimages.vanderbilt.edu/gq/baskauf/ggydi--frseed24849.jpg
baskauf/63781,baskauf_63781.jpg,ind-baskauf/24227,Gymnocladus dioicus,twig,twig,close-up winter leaf scar/bud,twig / close-up winter leaf scar/bud,train,https://bioimages.vanderbilt.edu/tn/baskauf/tgydi--twlateral-bud63781.jpg,https://bioimages.vanderbilt.edu/gq/baskauf/ggydi--twlateral-bud63781.jpg
baskauf/63783,baskauf_63783.jpg,ind-baskauf/24227,Gymnocladus dioicus,twig,twig,close-up winter terminal bud,twig / close-up winter terminal bud,train,https://bioimages.vanderbilt.edu/tn/baskauf/tgydi--twterminal-bud63783.jpg,https://bioimages.vanderbilt.edu/gq/baskauf/ggydi--twterminal-bud63783.jpg
baskauf/24236,baskauf_24236.jpg,ind-baskauf/24227,Gymnocladus dioicus,twig,twig,orientation of petioles,twig / orientation of petioles,train,https://bioimages.vanderbilt.edu/tn/baskauf/tgydi--tw24236.jpg,https://bioimages.vanderbilt.edu/gq/baskauf/ggydi--tw24236.jpg
baskauf/63779,baskauf_63779.jpg,ind-baskauf/24227,Gymnocladus dioicus,twig,twig,winter overall,twig / winter overall,train,https://bioimages.vanderbilt.edu/tn/baskauf/tgydi--twwinter63779.jpg,https://bioimages.vanderbilt.edu/gq/baskauf/ggydi--twwinter63779.jpg
baskauf/25638,baskauf_25638.jpg,ind-baskauf/24227,Gymnocladus dioicus,whole plant,whole tree (or vine),general,whole tree (or vine) / general,train,https://bioimages.vanderbilt.edu/tn/baskauf/tgydi--wp25638.jpg,https://bioimages.vanderbilt.edu/gq/baskauf/ggydi--wp25638.jpg
baskauf/50913,baskauf_50913.jpg,ind-baskauf/50912,Gymnocladus dioicus,bark,bark,of a large tree,bark / of a large tree,train,https://bioimages.vanderbilt.edu/tn/baskauf/tgydi--brlarge50913.jpg,https://bioimages.vanderbilt.edu/gq/baskauf/ggydi--brlarge50913.jpg
baskauf/11902,baskauf_11902.jpg,ind-baskauf/11894,Gymnocladus dioicus,bark,bark,of a small tree or small branch,bark / of a small tree or small branch,train,https://bioimages.vanderbilt.edu/tn/baskauf/tgydi--brsmall11902.jpg,https://bioimages.vanderbilt.edu/gq/baskauf/ggydi--brsmall11902.jpg
baskauf/11899,baskauf_11899.jpg,ind-baskauf/11894,Gymnocladus dioicus,leaf,leaf,unspecified,leaf / unspecified,train,https://bioimages.vanderbilt.edu/tn/baskauf/tgydi--lffrom-below11899.jpg,https://bioimages.vanderbilt.edu/gq/baskauf/ggydi--lffrom-below11899.jpg
baskauf/11896,baskauf_11896.jpg,ind-baskauf/11894,Gymnocladus dioicus,leaf,leaf,whole upper surface,leaf / whole upper surface,train,https://bioimages.vanderbilt.edu/tn/baskauf/tgydi--lf11896.jpg,https://bioimages.vanderbilt.edu/gq/baskauf/ggydi--lf11896.jpg
baskauf/11905,baskauf_11905.jpg,ind-baskauf/11894,Gymnocladus dioicus,twig,twig,orientation of petioles,twig / orientation of petioles,train,https://bioimages.vanderbilt.edu/tn/baskauf/tgydi--tw11905.jpg,https://bioimages.vanderbilt.edu/gq/baskauf/ggydi--tw11905.jpg
baskauf/11894,baskauf_11894.jpg,ind-baskauf/11894,Gymnocladus dioicus,whole plant,whole tree (or vine),general,whole tree (or vine) / general,train,https://bioimages.vanderbilt.edu/tn/baskauf/tgydi--wpsmall11894.jpg,https://bioimages.vanderbilt.edu/gq/baskauf/ggydi--wpsmall11894.jpg
baskauf/11454,baskauf_11454.jpg,ind-baskauf/11454,Robinia pseudoacacia,bark,bark,of a large tree,bark / of a large tree,validation,https://bioimages.vanderbilt.edu/tn/baskauf/trops--brgiant11454.jpg,https://bioimages.vanderbilt.edu/gq/baskauf/grops--brgiant11454.jpg
baskauf/11458,baskauf_11458.jpg,ind-baskauf/11454,Robinia pseudoacacia,bark,bark,of a large tree,bark / of a large tree,validation,https://bioimages.vanderbilt.edu/tn/baskauf/trops--brgiant11458.jpg,https://bioimages.vanderbilt.edu/gq/baskauf/grops--brgiant11458.jpg
baskauf/11457,baskauf_11457.jpg,ind-baskauf/11454,Robinia pseudoacacia,whole plant,whole tree (or vine),view up trunk,whole tree (or vine) / view up trunk,validation,https://bioimages.vanderbilt.edu/tn/baskauf/trops--wplookup-giant11457.jpg,https://bioimages.vanderbilt.edu/gq/baskauf/grops--wplookup-giant11457.jpg
baskauf/11498,baskauf_11498.jpg,ind-baskauf/11498,Robinia pseudoacacia,bark,bark,of a large tree,bark / of a large tree,validation,https://bioimages.vanderbilt.edu/tn/baskauf/trops--wplarge-trunk11498.jpg,https://bioimages.vanderbilt.edu/gq/baskauf/grops--wplarge-trunk11498.jpg
baskauf/11499,baskauf_11499.jpg,ind-baskauf/11498,Robinia pseudoacacia,whole plant,whole tree (or vine),view up trunk,whole tree (or vine) / view up trunk,validation,https://bioimages.vanderbilt.edu/tn/baskauf/trops--wplookup-large11499.jpg,https://bioimages.vanderbilt.edu/gq/baskauf/grops--wplookup-large11499.jpg
baskauf/11505,baskauf_11505.jpg,ind-baskauf/11504,Robinia pseudoacacia,bark,bark,of a large tree,bark / of a large tree,validation,https://bioimages.vanderbilt.edu/tn/baskauf/trops--brlarge11505.jpg,https://bioimages.vanderbilt.edu/gq/baskauf/grops--brlarge11505.jpg
baskauf/11504,baskauf_11504.jpg,ind-baskauf/11504,Robinia pseudoacacia,whole plant,whole tree (or vine),view up trunk,whole tree (or vine) / view up trunk,validation,https://bioimages.vanderbilt.edu/tn/baskauf/trops--wplarge-trunks11504.jpg,https://bioimages.vanderbilt.edu/gq/baskauf/grops--wplarge-trunks11504.jpg
thomas/0486-01-06,thomas_0486-01-06.jpg,thomas/0486-01,Robinia pseudoacacia,bark,bark,of a small tree or small branch,bark / of a small tree or small branch,validation,https://bioimages.vanderbilt.edu/tn/thomas/t0486-01-06.jpg,https://bioimages.vanderbilt.edu/gq/thomas/g0486-01-06.jpg
thomas/0486-01-11,thomas_0486-01-11.jpg,thomas/0486-01,Robinia pseudoacacia,flower,inflorescence,close-up of flower interior,inflorescence / close-up of flower interior,validation,https://bioimages.vanderbilt.edu/tn/thomas/t0486-01-11.jpg,https://bioimages.vanderbilt.edu/gq/thomas/g0486-01-11.jpg
thomas/0486-01-01,thomas_0486-01-01.jpg,thomas/0486-01,Robinia pseudoacacia,flower,inflorescence,lateral view of flower,inflorescence / lateral view of flower,validation,https://bioimages.vanderbilt.edu/tn/thomas/t0486-01-01.jpg,https://bioimages.vanderbilt.edu/gq/thomas/g0486-01-01.jpg
thomas/0486-01-10,thomas_0486-01-10.jpg,thomas/0486-01,Robinia pseudoacacia,flower,inflorescence,ventral view of flower + perianth,inflorescence / ventral view of flower + perianth,validation,https://bioimages.vanderbilt.edu/tn/thomas/t0486-01-10.jpg,https://bioimages.vanderbilt.edu/gq/thomas/g0486-01-10.jpg
thomas/0486-01-03,thomas_0486-01-03.jpg,thomas/0486-01,Robinia pseudoacacia,flower,inflorescence,whole - unspecified,inflorescence / whole - unspecified,validation,https://bioimages.vanderbilt.edu/tn/thomas/t0486-01-03.jpg,https://bioimages.vanderbilt.edu/gq/thomas/g0486-01-03.jpg
thomas/0486-01-05,thomas_0486-01-05.jpg,thomas/0486-01,Robinia pseudoacacia,flower,inflorescence,whole - unspecified,inflorescence / whole - unspecified,validation,https://bioimages.vanderbilt.edu/tn/thomas/t0486-01-05.jpg,https://bioimages.vanderbilt.edu/gq/thomas/g0486-01-05.jpg
thomas/0486-01-08,thomas_0486-01-08.jpg,thomas/0486-01,Robinia pseudoacacia,fruit,fruit,as borne on the plant,fruit / as borne on the plant,validation,https://bioimages.vanderbilt.edu/tn/thomas/t0486-01-08.jpg,https://bioimages.vanderbilt.edu/gq/thomas/g0486-01-08.jpg
thomas/0486-01-04,thomas_0486-01-04.jpg,thomas/0486-01,Robinia pseudoacacia,leaf,leaf,whole upper surface,leaf / whole upper surface,validation,https://bioimages.vanderbilt.edu/tn/thomas/t0486-01-04.jpg,https://bioimages.vanderbilt.edu/gq/thomas/g0486-01-04.jpg
thomas/0486-01-07,thomas_0486-01-07.jpg,thomas/0486-01,Robinia pseudoacacia,twig,twig,orientation of petioles,twig / orientation of petioles,validation,https://bioimages.vanderbilt.edu/tn/thomas/t0486-01-07.jpg,https://bioimages.vanderbilt.edu/gq/thomas/g0486-01-07.jpg
thomas/0486-01-09,thomas_0486-01-09.jpg,thomas/0486-01,Robinia pseudoacacia,twig,twig,unspecified,twig / unspecified,validation,https://bioimages.vanderbilt.edu/tn/thomas/t0486-01-09.jpg,https://bioimages.vanderbilt.edu/gq/thomas/g0486-01-09.jpg
thomas/0486-01-02,thomas_0486-01-02.jpg,thomas/0486-01,Robinia pseudoacacia,whole plant,whole tree (or vine),general,whole tree (or vine) / general,validation,https://bioimages.vanderbilt.edu/tn/thomas/t0486-01-02.jpg,https://bioimages.vanderbilt.edu/gq/thomas/g0486-01-02.jpg
baskauf/21611,baskauf_21611.jpg,ind-baskauf/21607,Robinia pseudoacacia,flower,inflorescence,frontal view of flower,inflorescence / frontal view of flower,validation,https://bioimages.vanderbilt.edu/tn/baskauf/trops--fl21611.jpg,https://bioimages.vanderbilt.edu/gq/baskauf/grops--fl21611.jpg
baskauf/21608,baskauf_21608.jpg,ind-baskauf/21607,Robinia pseudoacacia,flower,inflorescence,whole - unspecified,inflorescence / whole - unspecified,validation,https://bioimages.vanderbilt.edu/tn/baskauf/trops--flinflor21608.jpg,https://bioimages.vanderbilt.edu/gq/baskauf/grops--flinflor21608.jpg
baskauf/21605,baskauf_21605.jpg,ind-baskauf/21607,Robinia pseudoacacia,whole plant,whole tree (or vine),general,whole tree (or vine) / general,validation,https://bioimages.vanderbilt.edu/tn/baskauf/trops--wpin-flower21605.jpg,https://bioimages.vanderbilt.edu/gq/baskauf/grops--wpin-flower21605.jpg
baskauf/21618,baskauf_21618.jpg,ind-baskauf/21607,Robinia pseudoacacia,whole plant,whole tree (or vine),general,whole tree (or vine) / general,validation,https://bioimages.vanderbilt.edu/tn/baskauf/trops--wpin-flower21618.jpg,https://bioimages.vanderbilt.edu/gq/baskauf/grops--wpin-flower21618.jpg
baskauf/22004,baskauf_22004.jpg,ind-baskauf/21999,Robinia pseudoacacia,flower,inflorescence,frontal view of flower,inflorescence / frontal view of flower,validation,https://bioimages.vanderbilt.edu/tn/baskauf/trops--fl22004.jpg,https://bioimages.vanderbilt.edu/gq/baskauf/grops--fl22004.jpg
baskauf/22014,baskauf_22014.jpg,ind-baskauf/21999,Robinia pseudoacacia,flower,inflorescence,lateral view of flower,inflorescence / lateral view of flower,validation,https://bioimages.vanderbilt.edu/tn/baskauf/trops--flinflor-close22014.jpg,https://bioimages.vanderbilt.edu/gq/baskauf/grops--flinflor-close22014.jpg
baskauf/21999,baskauf_21999.jpg,ind-baskauf/21999,Robinia pseudoacacia,flower,inflorescence,whole - unspecified,inflorescence / whole - unspecified,validation,https://bioimages.vanderbilt.edu/tn/baskauf/trops--flinflor21999.jpg,https://bioimages.vanderbilt.edu/gq/baskauf/grops--flinflor21999.jpg
baskauf/15353,baskauf_15353.jpg,ind-baskauf/15353,Robinia pseudoacacia,fruit,fruit,as borne on the plant,fruit / as borne on the plant,validation,https://bioimages.vanderbilt.edu/tn/baskauf/trops--fr15353.jpg,https://bioimages.vanderbilt.edu/gq/baskauf/grops--fr15353.jpg
baskauf/15356,baskauf_15356.jpg,ind-baskauf/15353,Robinia pseudoacacia,fruit,fruit,lateral or general close-up,fruit / lateral or general close-up,validation,https://bioimages.vanderbilt.edu/tn/baskauf/trops--frcloseup15356.jpg,https://bioimages.vanderbilt.edu/gq/baskauf/grops--frcloseup15356.jpg
baskauf/15573,baskauf_15573.jpg,ind-baskauf/15573,Robinia pseudoacacia,leaf,leaf,margin of upper + lower surface,leaf / margin of upper + lower surface,validation,https://bioimages.vanderbilt.edu/tn/baskauf/trops--lfmargin-uplow15573.jpg,https://bioimages.vanderbilt.edu/gq/baskauf/grops--lfmargin-uplow15573.jpg
baskauf/11508,baskauf_11508.jpg,ind-baskauf/11506,Robinia pseudoacacia,leaf,leaf,showing orientation on twig,leaf / showing orientation on twig,validation,https://bioimages.vanderbilt.edu/tn/baskauf/trops--lfseveral11508.jpg,https://bioimages.vanderbilt.edu/gq/baskauf/grops--lfseveral11508.jpg
baskauf/11506,baskauf_11506.jpg,ind-baskauf/11506,Robinia pseudoacacia,leaf,leaf,whole upper surface,leaf / whole upper surface,validation,https://bioimages.vanderbilt.edu/tn/baskauf/trops--lf11506.jpg,https://bioimages.vanderbilt.edu/gq/baskauf/grops--lf11506.jpg
baskauf/11509,baskauf_11509.jpg,ind-baskauf/11506,Robinia pseudoacacia,whole plant,whole tree (or vine),general,whole tree (or vine) / general,validation,https://bioimages.vanderbilt.edu/tn/baskauf/trops--wpsmall11509.jpg,https://bioimages.vanderbilt.edu/gq/baskauf/grops--wpsmall11509.jpg
baskauf/29730,baskauf_29730.jpg,ind-baskauf/29725,Robinia pseudoacacia,leaf,leaf,whole upper surface,leaf / whole upper surface,validation,https://bioimages.vanderbilt.edu/tn/baskauf/trops--lf29730.jpg,https://bioimages.vanderbilt.edu/gq/baskauf/grops--lf29730.jpg
baskauf/29725,baskauf_29725.jpg,ind-baskauf/29725,Robinia pseudoacacia,twig,twig,orientation of petioles,twig / orientation of petioles,validation,https://bioimages.vanderbilt.edu/tn/baskauf/trops--tw29725.jpg,https://bioimages.vanderbilt.edu/gq/baskauf/grops--tw29725.jpg
baskauf/11632,baskauf_11632.jpg,ind-baskauf/11632,Robinia pseudoacacia,twig,twig,orientation of petioles,twig / orientation of petioles,validation,https://bioimages.vanderbilt.edu/tn/baskauf/trops--twthorns11632.jpg,https://bioimages.vanderbilt.edu/gq/baskauf/grops--twthorns11632.jpg
baskauf/11633,baskauf_11633.jpg,ind-baskauf/11632,Robinia pseudoacacia,twig,twig,orientation of petioles,twig / orientation of petioles,validation,https://bioimages.vanderbilt.edu/tn/baskauf/trops--twthorn-close11633.jpg,https://bioimages.vanderbilt.edu/gq/baskauf/grops--twthorn-close11633.jpg
baskauf/11534,baskauf_11534.jpg,ind-baskauf/11534,Castanea dentata,bark,bark,of a large tree,bark / of a large tree,validation,https://bioimages.vanderbilt.edu/tn/baskauf/tcade12wplog11534.jpg,https://bioimages.vanderbilt.edu/gq/baskauf/gcade12wplog11534.jpg
baskauf/11535,baskauf_11535.jpg,ind-baskauf/11535,Castanea dentata,bark,bark,of a large tree,bark / of a large tree,validation,https://bioimages.vanderbilt.edu/tn/baskauf/tcade12wpfallen11535.jpg,https://bioimages.vanderbilt.edu/gq/baskauf/gcade12wpfallen11535.jpg
baskauf/26253,baskauf_26253.jpg,ind-baskauf/26248,Castanea dentata,bark,bark,of a large tree,bark / of a large tree,validation,https://bioimages.vanderbilt.edu/tn/baskauf/tcade12brfallen-tree26253.jpg,https://bioimages.vanderbilt.edu/gq/baskauf/gcade12brfallen-tree26253.jpg
baskauf/35251,baskauf_35251.jpg,ind-baskauf/30720,Castanea dentata,flower,inflorescence,lateral view of flower,inflorescence / lateral view of flower,validation,https://bioimages.vanderbilt.edu/tn/baskauf/tcade12fl35251.jpg,https://bioimages.vanderbilt.edu/gq/baskauf/gcade12fl35251.jpg
baskauf/35249,baskauf_35249.jpg,ind-baskauf/30720,Castanea dentata,flower,inflorescence,whole - unspecified,inflorescence / whole - unspecified,validation,https://bioimages.vanderbilt.edu/tn/baskauf/tcade12flinflor35249.jpg,https://bioimages.vanderbilt.edu/gq/baskauf/gcade12flinflor35249.jpg
baskauf/30723,baskauf_30723.jpg,ind-baskauf/30720,Castanea dentata,fruit,fruit,section or open,fruit / section or open,validation,https://bioimages.vanderbilt.edu/tn/baskauf/tcade12fr30723.jpg,https://bioimages.vanderbilt.edu/gq/baskauf/gcade12fr30723.jpg
baskauf/30724,baskauf_30724.jpg,ind-baskauf/30720,Castanea dentata,fruit,fruit,section or open,fruit / section or open,validation,https://bioimages.vanderbilt.edu/tn/baskauf/tcade12fr30724.jpg,https://bioimages.vanderbilt.edu/gq/baskauf/gcade12fr30724.jpg
baskauf/11845,baskauf_11845.jpg,ind-baskauf/11845,Castanea dentata,leaf,leaf,showing orientation on twig,leaf / showing orientation on twig,validation,https://bioimages.vanderbilt.edu/tn/baskauf/tcade12lfseveral11845.jpg,https://bioimages.vanderbilt.edu/gq/baskauf/gcade12lfseveral11845.jpg
baskauf/11848,baskauf_11848.jpg,ind-baskauf/11845,Castanea dentata,leaf,leaf,whole upper surface,leaf / whole upper surface,validation,https://bioimages.vanderbilt.edu/tn/baskauf/tcade12lf11848.jpg,https://bioimages.vanderbilt.edu/gq/baskauf/gcade12lf11848.jpg
baskauf/11854,baskauf_11854.jpg,ind-baskauf/11845,Castanea dentata,twig,twig,close-up winter leaf scar/bud,twig / close-up winter leaf scar/bud,validation,https://bioimages.vanderbilt.edu/tn/baskauf/tcade12twleaf-scar11854.jpg,https://bioimages.vanderbilt.edu/gq/baskauf/gcade12twleaf-scar11854.jpg
baskauf/11849,baskauf_11849.jpg,ind-baskauf/11845,Castanea dentata,twig,twig,orientation of petioles,twig / orientation of petioles,validation,https://bioimages.vanderbilt.edu/tn/baskauf/tcade12tw11849.jpg,https://bioimages.vanderbilt.edu/gq/baskauf/gcade12tw11849.jpg
baskauf/10432,baskauf_10432.jpg,ind-baskauf/10432,Fagus grandifolia,bark,bark,of a large tree,bark / of a large tree,train,https://bioimages.vanderbilt.edu/tn/baskauf/tfagr--br10432.jpg,https://bioimages.vanderbilt.edu/gq/baskauf/gfagr--br10432.jpg
baskauf/10550,baskauf_10550.jpg,ind-baskauf/10432,Fagus grandifolia,fruit,fruit,section or open,fruit / section or open,train,https://bioimages.vanderbilt.edu/tn/baskauf/tfagr--fr10550.jpg,https://bioimages.vanderbilt.edu/gq/baskauf/gfagr--fr10550.jpg
baskauf/29683,baskauf_29683.jpg,ind-baskauf/10432,Fagus grandifolia,leaf,leaf,whole upper surface,leaf / whole upper surface,train,https://bioimages.vanderbilt.edu/tn/baskauf/tfagr--lf29683.jpg,https://bioimages.vanderbilt.edu/gq/baskauf/gfagr--lf29683.jpg
baskauf/29685,baskauf_29685.jpg,ind-baskauf/10432,Fagus grandifolia,twig,twig,orientation of petioles,twig / orientation of petioles,train,https://bioimages.vanderbilt.edu/tn/baskauf/tfagr--tw29685.jpg,https://bioimages.vanderbilt.edu/gq/baskauf/gfagr--tw29685.jpg
baskauf/29773,baskauf_29773.jpg,ind-baskauf/10432,Fagus grandifolia,whole plant,whole tree (or vine),general,whole tree (or vine) / general,train,https://bioimages.vanderbilt.edu/tn/baskauf/tfagr--wp29773.jpg,https://bioimages.vanderbilt.edu/gq/baskauf/gfagr--wp29773.jpg
kirchoff/ac1516,kirchoff_ac1516.jpg,ind-kirchoff/mason09,Fagus grandifolia,bark,bark,of a large tree,bark / of a large tree,train,https://bioimages.vanderbilt.edu/tn/kirchoff/tac1516.jpg,https://bioimages.vanderbilt.edu/gq/kirchoff/gac1516.jpg
kirchoff/ac1517,kirchoff_ac1517.jpg,ind-kirchoff/mason09,Fagus grandifolia,bark,bark,of a large tree,bark / of a large tree,train,https://bioimages.vanderbilt.edu/tn/kirchoff/tac1517.jpg,https://bioimages.vanderbilt.edu/gq/kirchoff/gac1517.jpg
kirchoff/em2192,kirchoff_em2192.jpg,ind-kirchoff/mason09,Fagus grandifolia,bark,bark,of a large tree,bark / of a large tree,train,https://bioimages.vanderbilt.edu/tn/kirchoff/tem2192.jpg,https://bioimages.vanderbilt.edu/gq/kirchoff/gem2192.jpg
kirchoff/ac1518,kirchoff_ac1518.jpg,ind-kirchoff/mason09,Fagus grandifolia,fruit,fruit,as borne on the plant,fruit / as borne on the plant,train,https://bioimages.vanderbilt.edu/tn/kirchoff/tac1518.jpg,https://bioimages.vanderbilt.edu/gq/kirchoff/gac1518.jpg
kirchoff/em2061,kirchoff_em2061.jpg,ind-kirchoff/mason09,Fagus grandifolia,fruit,fruit,lateral or general close-up,fruit / lateral or general close-up,train,https://bioimages.vanderbilt.edu/tn/kirchoff/tem2061.jpg,https://bioimages.vanderbilt.edu/gq/kirchoff/gem2061.jpg
kirchoff/em2002,kirchoff_em2002.jpg,ind-kirchoff/mason09,Fagus grandifolia,leaf,leaf,margin of upper + lower surface,leaf / margin of upper + lower surface,train,https://bioimages.vanderbilt.edu/tn/kirchoff/tem2002.jpg,https://bioimages.vanderbilt.edu/gq/kirchoff/gem2002.jpg
kirchoff/em2198,kirchoff_em2198.jpg,ind-kirchoff/mason09,Fagus grandifolia,leaf,leaf,margin of upper + lower surface,leaf / margin of upper + lower surface,train,https://bioimages.vanderbilt.edu/tn/kirchoff/tem2198.jpg,https://bioimages.vanderbilt.edu/gq/kirchoff/gem2198.jpg
kirchoff/em2001,kirchoff_em2001.jpg,ind-kirchoff/mason09,Fagus grandifolia,leaf,leaf,whole upper surface,leaf / whole upper surface,train,https://bioimages.vanderbilt.edu/tn/kirchoff/tem2001.jpg,https://bioimages.vanderbilt.edu/gq/kirchoff/gem2001.jpg
kirchoff/em2003,kirchoff_em2003.jpg,ind-kirchoff/mason09,Fagus grandifolia,leaf,leaf,whole upper surface,leaf / whole upper surface,train,https://bioimages.vanderbilt.edu/tn/kirchoff/tem2003.jpg,https://bioimages.vanderbilt.edu/gq/kirchoff/gem2003.jpg
kirchoff/em2062,kirchoff_em2062.jpg,ind-kirchoff/mason09,Fagus grandifolia,leaf,leaf,whole upper surface,leaf / whole upper surface,train,https://bioimages.vanderbilt.edu/tn/kirchoff/tem2062.jpg,https://bioimages.vanderbilt.edu/gq/kirchoff/gem2062.jpg
kirchoff/em2063,kirchoff_em2063.jpg,ind-kirchoff/mason09,Fagus grandifolia,leaf,leaf,whole upper surface,leaf / whole upper surface,train,https://bioimages.vanderbilt.edu/tn/kirchoff/tem2063.jpg,https://bioimages.vanderbilt.edu/gq/kirchoff/gem2063.jpg
kirchoff/em2194,kirchoff_em2194.jpg,ind-kirchoff/mason09,Fagus grandifolia,leaf,leaf,whole upper surface,leaf / whole upper surface,train,https://bioimages.vanderbilt.edu/tn/kirchoff/tem2194.jpg,https://bioimages.vanderbilt.edu/gq/kirchoff/gem2194.jpg
kirchoff/em2195,kirchoff_em2195.jpg,ind-kirchoff/mason09,Fagus grandifolia,leaf,leaf,whole upper surface,leaf / whole upper surface,train,https://bioimages.vanderbilt.edu/tn/kirchoff/tem2195.jpg,https://bioimages.vanderbilt.edu/gq/kirchoff/gem2195.jpg
kirchoff/em2196,kirchoff_em2196.jpg,ind-kirchoff/mason09,Fagus grandifolia,leaf,leaf,whole upper surface,leaf / whole upper surface,train,https://bioimages.vanderbilt.edu/tn/kirchoff/tem2196.jpg,https://bioimages.vanderbilt.edu/gq/kirchoff/gem2196.jpg
kirchoff/ac1519,kirchoff_ac1519.jpg,ind-kirchoff/mason09,Fagus grandifolia,twig,twig,orientation of petioles,twig / orientation of petioles,train,https://bioimages.vanderbilt.edu/tn/kirchoff/tac1519.jpg,https://bioimages.vanderbilt.edu/gq/kirchoff/gac1519.jpg
kirchoff/em1993,kirchoff_em1993.jpg,ind-kirchoff/mason09,Fagus grandifolia,twig,twig,orientation of petioles,twig / orientation of petioles,train,https://bioimages.vanderbilt.edu/tn/kirchoff/tem1993.jpg,https://bioimages.vanderbilt.edu/gq/kirchoff/gem1993.jpg
kirchoff/em1998,kirchoff_em1998.jpg,ind-kirchoff/mason09,Fagus grandifolia,twig,twig,orientation of petioles,twig / orientation of petioles,train,https://bioimages.vanderbilt.edu/tn/kirchoff/tem1998.jpg,https://bioimages.vanderbilt.edu/gq/kirchoff/gem1998.jpg
kirchoff/ac1515,kirchoff_ac1515.jpg,ind-kirchoff/mason09,Fagus grandifolia,whole plant,whole tree (or vine),general,whole tree (or vine) / general,train,https://bioimages.vanderbilt.edu/tn/kirchoff/tac1515.jpg,https://bioimages.vanderbilt.edu/gq/kirchoff/gac1515.jpg
baskauf/39282,baskauf_39282.jpg,ind-baskauf/39269,Fagus grandifolia,flower,inflorescence,whole - female,inflorescence / whole - female,train,https://bioimages.vanderbilt.edu/tn/baskauf/tfagr--flfemale39282.jpg,https://bioimages.vanderbilt.edu/gq/baskauf/gfagr--flfemale39282.jpg
baskauf/39273,baskauf_39273.jpg,ind-baskauf/39269,Fagus grandifolia,flower,inflorescence,whole - male,inflorescence / whole - male,train,https://bioimages.vanderbilt.edu/tn/baskauf/tfagr--flmale39273.jpg,https://bioimages.vanderbilt.edu/gq/baskauf/gfagr--flmale39273.jpg
baskauf/39270,baskauf_39270.jpg,ind-baskauf/39269,Fagus grandifolia,flower,inflorescence,whole - unspecified,inflorescence / whole - unspecified,train,https://bioimages.vanderbilt.edu/tn/baskauf/tfagr--flinflor39270.jpg,https://bioimages.vanderbilt.edu/gq/baskauf/gfagr--flinflor39270.jpg
baskauf/10503,baskauf_10503.jpg,vanderbilt/12-187,Fagus grandifolia,flower,inflorescence,whole - male,inflorescence / whole - male,train,https://bioimages.vanderbilt.edu/tn/baskauf/tfagr--flmature10503.jpg,https://bioimages.vanderbilt.edu/gq/baskauf/gfagr--flmature10503.jpg
baskauf/10504,baskauf_10504.jpg,vanderbilt/12-187,Fagus grandifolia,flower,inflorescence,whole - male,inflorescence / whole - male,train,https://bioimages.vanderbilt.edu/tn/baskauf/tfagr--flmature-male10504.jpg,https://bioimages.vanderbilt.edu/gq/baskauf/gfagr--flmature-male10504.jpg
baskauf/10506,baskauf_10506.jpg,vanderbilt/12-187,Fagus grandifolia,flower,inflorescence,whole - male,inflorescence / whole - male,train,https://bioimages.vanderbilt.edu/tn/baskauf/tfagr--flmature-male10506.jpg,https://bioimages.vanderbilt.edu/gq/baskauf/gfagr--flmature-male10506.jpg
baskauf/10457,baskauf_10457.jpg,vanderbilt/12-187,Fagus grandifolia,flower,inflorescence,whole - unspecified,inflorescence / whole - unspecified,train,https://bioimages.vanderbilt.edu/tn/baskauf/tfagr--flbuds10457.jpg,https://bioimages.vanderbilt.edu/gq/baskauf/gfagr--flbuds10457.jpg
baskauf/10459,baskauf_10459.jpg,vanderbilt/12-187,Fagus grandifolia,flower,inflorescence,whole - unspecified,inflorescence / whole - unspecified,train,https://bioimages.vanderbilt.edu/tn/baskauf/tfagr--flbuds10459.jpg,https://bioimages.vanderbilt.edu/gq/baskauf/gfagr--flbuds10459.jpg
baskauf/10460,baskauf_10460.jpg,vanderbilt/12-187,Fagus grandifolia,flower,inflorescence,whole - unspecified,inflorescence / whole - unspecified,train,https://bioimages.vanderbilt.edu/tn/baskauf/tfagr--flbuds10460.jpg,https://bioimages.vanderbilt.edu/gq/baskauf/gfagr--flbuds10460.jpg
baskauf/10474,baskauf_10474.jpg,vanderbilt/12-187,Fagus grandifolia,flower,inflorescence,whole - unspecified,inflorescence / whole - unspecified,train,https://bioimages.vanderbilt.edu/tn/baskauf/tfagr--lfbuds-opening10474.jpg,https://bioimages.vanderbilt.edu/gq/baskauf/gfagr--lfbuds-opening10474.jpg
baskauf/10602,baskauf_10602.jpg,vanderbilt/12-187,Fagus grandifolia,fruit,fruit,immature,fruit / immature,train,https://bioimages.vanderbilt.edu/tn/baskauf/tfagr--frdevel10602.jpg,https://bioimages.vanderbilt.edu/gq/baskauf/gfagr--frdevel10602.jpg
baskauf/52470,baskauf_52470.jpg,vanderbilt/12-187,Fagus grandifolia,fruit,fruit,lateral or general close-up,fruit / lateral or general close-up,train,https://bioimages.vanderbilt.edu/tn/baskauf/tfagr--fr52470.jpg,https://bioimages.vanderbilt.edu/gq/baskauf/gfagr--fr52470.jpg
baskauf/52471,baskauf_52471.jpg,vanderbilt/12-187,Fagus grandifolia,fruit,fruit,lateral or general close-up,fruit / lateral or general close-up,train,https://bioimages.vanderbilt.edu/tn/baskauf/tfagr--fr52471.jpg,https://bioimages.vanderbilt.edu/gq/baskauf/gfagr--fr52471.jpg
baskauf/10757,baskauf_10757.jpg,vanderbilt/12-187,Fagus grandifolia,leaf,leaf,showing orientation on twig,leaf / showing orientation on twig,train,https://bioimages.vanderbilt.edu/tn/baskauf/tfagr--lfseveral10757.jpg,https://bioimages.vanderbilt.edu/gq/baskauf/gfagr--lfseveral10757.jpg
baskauf/91143,baskauf_91143.jpg,vanderbilt/12-187,Fagus grandifolia,whole plant,whole tree (or vine),general,whole tree (or vine) / general,train,https://bioimages.vanderbilt.edu/tn/baskauf/t91143.jpg,https://bioimages.vanderbilt.edu/gq/baskauf/g91143.jpg
baskauf/16720,baskauf_16720.jpg,ind-baskauf/16720,Fagus grandifolia,leaf,leaf,showing orientation on twig,leaf / showing orientation on twig,train,https://bioimages.vanderbilt.edu/tn/baskauf/tfagr--lffall16720.jpg,https://bioimages.vanderbilt.edu/gq/baskauf/gfagr--lffall16720.jpg
baskauf/10431,baskauf_10431.jpg,ind-baskauf/10430,Fagus grandifolia,twig,twig,close-up winter terminal bud,twig / close-up winter terminal bud,train,https://bioimages.vanderbilt.edu/tn/baskauf/tfagr--twleaf-bud10431.jpg,https://bioimages.vanderbilt.edu/gq/baskauf/gfagr--twleaf-bud10431.jpg
baskauf/10430,baskauf_10430.jpg,ind-baskauf/10430,Fagus grandifolia,twig,twig,winter overall,twig / winter overall,train,https://bioimages.vanderbilt.edu/tn/baskauf/tfagr--tw10430.jpg,https://bioimages.vanderbilt.edu/gq/baskauf/gfagr--tw10430.jpg
baskauf/39143,baskauf_39143.jpg,ind-baskauf/39143,Fagus grandifolia,twig,twig,close-up winter terminal bud,twig / close-up winter terminal bud,train,https://bioimages.vanderbilt.edu/tn/baskauf/tfagr--twterminal-bud39143.jpg,https://bioimages.vanderbilt.edu/gq/baskauf/gfagr--twterminal-bud39143.jpg
baskauf/39176,baskauf_39176.jpg,ind-baskauf/39143,Fagus grandifolia,twig,twig,close-up winter terminal bud,twig / close-up winter terminal bud,train,https://bioimages.vanderbilt.edu/tn/baskauf/tfagr--twleaf-scar39176.jpg,https://bioimages.vanderbilt.edu/gq/baskauf/gfagr--twleaf-scar39176.jpg
baskauf/91057,baskauf_91057.jpg,vanderbilt/6-208,Fagus grandifolia,whole plant,whole tree (or vine),general,whole tree (or vine) / general,train,https://bioimages.vanderbilt.edu/tn/baskauf/t91057.jpg,https://bioimages.vanderbilt.edu/gq/baskauf/g91057.jpg
baskauf/d0127,baskauf_d0127.jpg,ind-baskauf/d0127,Fagus grandifolia,whole plant,whole tree (or vine),winter,whole tree (or vine) / winter,train,https://bioimages.vanderbilt.edu/tn/baskauf/tfagr--wpwinterd0127.jpg,https://bioimages.vanderbilt.edu/gq/baskauf/gfagr--wpwinterd0127.jpg
kirchoff/b5132,kirchoff_b5132.jpg,ind-kirchoff/b5132,Fagus grandifolia,whole plant,whole tree (or vine),winter,whole tree (or vine) / winter,train,https://bioimages.vanderbilt.edu/tn/kirchoff/tfagr--wpsmall-winterb5132.jpg,https://bioimages.vanderbilt.edu/gq/kirchoff/gfagr--wpsmall-winterb5132.jpg
baskauf/11251,baskauf_11251.jpg,vanderbilt/6-152,Quercus alba,bark,bark,of a large tree,bark / of a large tree,train,https://bioimages.vanderbilt.edu/tn/baskauf/tqual--br11251.jpg,https://bioimages.vanderbilt.edu/gq/baskauf/gqual--br11251.jpg
baskauf/15637,baskauf_15637.jpg,vanderbilt/6-152,Quercus alba,fruit,fruit,as borne on the plant,fruit / as borne on the plant,train,https://bioimages.vanderbilt.edu/tn/baskauf/tqual--fr15637.jpg,https://bioimages.vanderbilt.edu/gq/baskauf/gqual--fr15637.jpg
baskauf/15641,baskauf_15641.jpg,vanderbilt/6-152,Quercus alba,twig,twig,orientation of petioles,twig / orientation of petioles,train,https://bioimages.vanderbilt.edu/tn/baskauf/tqual--tw15641.jpg,https://bioimages.vanderbilt.edu/gq/baskauf/gqual--tw15641.jpg
baskauf/12411,baskauf_12411.jpg,vanderbilt/6-152,Quercus alba,whole plant,whole tree (or vine),view up trunk,whole tree (or vine) / view up trunk,train,https://bioimages.vanderbilt.edu/tn/baskauf/tqual--wplookup-large12411.jpg,https://bioimages.vanderbilt.edu/gq/baskauf/gqual--wplookup-large12411.jpg
kirchoff/ac1448,kirchoff_ac1448.jpg,ind-kirchoff/mason03,Quercus alba,bark,bark,of a large tree,bark / of a large tree,train,https://bioimages.vanderbilt.edu/tn/kirchoff/tac1448.jpg,https://bioimages.vanderbilt.edu/gq/kirchoff/gac1448.jpg
kirchoff/ac1449,kirchoff_ac1449.jpg,ind-kirchoff/mason03,Quercus alba,bark,bark,of a large tree,bark / of a large tree,train,https://bioimages.vanderbilt.edu/tn/kirchoff/tac1449.jpg,https://bioimages.vanderbilt.edu/gq/kirchoff/gac1449.jpg
kirchoff/em2092,kirchoff_em2092.jpg,ind-kirchoff/mason03,Quercus alba,bark,bark,of a large tree,bark / of a large tree,train,https://bioimages.vanderbilt.edu/tn/kirchoff/tem2092.jpg,https://bioimages.vanderbilt.edu/gq/kirchoff/gem2092.jpg
kirchoff/em2093,kirchoff_em2093.jpg,ind-kirchoff/mason03,Quercus alba,bark,bark,of a large tree,bark / of a large tree,train,https://bioimages.vanderbilt.edu/tn/kirchoff/tem2093.jpg,https://bioimages.vanderbilt.edu/gq/kirchoff/gem2093.jpg
kirchoff/em2102,kirchoff_em2102.jpg,ind-kirchoff/mason03,Quercus alba,leaf,leaf,margin of upper + lower surface,leaf / margin of upper + lower surface,train,https://bioimages.vanderbilt.edu/tn/kirchoff/tem2102.jpg,https://bioimages.vanderbilt.edu/gq/kirchoff/gem2102.jpg
kirchoff/em2094,kirchoff_em2094.jpg,ind-kirchoff/mason03,Quercus alba,leaf,leaf,showing orientation on twig,leaf / showing orientation on twig,train,https://bioimages.vanderbilt.edu/tn/kirchoff/tem2094.jpg,https://bioimages.vanderbilt.edu/gq/kirchoff/gem2094.jpg
kirchoff/em2099,kirchoff_em2099.jpg,ind-kirchoff/mason03,Quercus alba,leaf,leaf,whole upper surface,leaf / whole upper surface,train,https://bioimages.vanderbilt.edu/tn/kirchoff/tem2099.jpg,https://bioimages.vanderbilt.edu/gq/kirchoff/gem2099.jpg
kirchoff/em2100,kirchoff_em2100.jpg,ind-kirchoff/mason03,Quercus alba,leaf,leaf,whole upper surface,leaf / whole upper surface,train,https://bioimages.vanderbilt.edu/tn/kirchoff/tem2100.jpg,https://bioimages.vanderbilt.edu/gq/kirchoff/gem2100.jpg
kirchoff/em2101,kirchoff_em2101.jpg,ind-kirchoff/mason03,Quercus alba,leaf,leaf,whole upper surface,leaf / whole upper surface,train,https://bioimages.vanderbilt.edu/tn/kirchoff/tem2101.jpg,https://bioimages.vanderbilt.edu/gq/kirchoff/gem2101.jpg
kirchoff/em2095,kirchoff_em2095.jpg,ind-kirchoff/mason03,Quercus alba,twig,twig,orientation of petioles,twig / orientation of petioles,train,https://bioimages.vanderbilt.edu/tn/kirchoff/tem2095.jpg,https://bioimages.vanderbilt.edu/gq/kirchoff/gem2095.jpg
kirchoff/em2096,kirchoff_em2096.jpg,ind-kirchoff/mason03,Quercus alba,twig,twig,orientation of petioles,twig / orientation of petioles,train,https://bioimages.vanderbilt.edu/tn/kirchoff/tem2096.jpg,https://bioimages.vanderbilt.edu/gq/kirchoff/gem2096.jpg
kirchoff/em2097,kirchoff_em2097.jpg,ind-kirchoff/mason03,Quercus alba,twig,twig,winter overall,twig / winter overall,train,https://bioimages.vanderbilt.edu/tn/kirchoff/tem2097.jpg,https://bioimages.vanderbilt.edu/gq/kirchoff/gem2097.jpg
kirchoff/em2105,kirchoff_em2105.jpg,ind-kirchoff/mason03,Quercus alba,unspecified,unspecified,unspecified,unspecified / unspecified,train,https://bioimages.vanderbilt.edu/tn/kirchoff/tem2105.jpg,https://bioimages.vanderbilt.edu/gq/kirchoff/gem2105.jpg
kirchoff/ac1447,kirchoff_ac1447.jpg,ind-kirchoff/mason03,Quercus alba,whole plant,whole tree (or vine),general,whole tree (or vine) / general,train,https://bioimages.vanderbilt.edu/tn/kirchoff/tac1447.jpg,https://bioimages.vanderbilt.edu/gq/kirchoff/gac1447.jpg
kirchoff/em2106,kirchoff_em2106.jpg,ind-kirchoff/mason02,Quercus alba,bark,bark,of a large tree,bark / of a large tree,train,https://bioimages.vanderbilt.edu/tn/kirchoff/tem2106.jpg,https://bioimages.vanderbilt.edu/gq/kirchoff/gem2106.jpg
kirchoff/em2107,kirchoff_em2107.jpg,ind-kirchoff/mason02,Quercus alba,bark,bark,of a large tree,bark / of a large tree,train,https://bioimages.vanderbilt.edu/tn/kirchoff/tem2107.jpg,https://bioimages.vanderbilt.edu/gq/kirchoff/gem2107.jpg
kirchoff/em2119,kirchoff_em2119.jpg,ind-kirchoff/mason02,Quercus alba,leaf,leaf,margin of upper + lower surface,leaf / margin of upper + lower surface,train,https://bioimages.vanderbilt.edu/tn/kirchoff/tem2119.jpg,https://bioimages.vanderbilt.edu/gq/kirchoff/gem2119.jpg
kirchoff/em2110,kirchoff_em2110.jpg,ind-kirchoff/mason02,Quercus alba,leaf,leaf,showing orientation on twig,leaf / showing orientation on twig,train,https://bioimages.vanderbilt.edu/tn/kirchoff/tem2110.jpg,https://bioimages.vanderbilt.edu/gq/kirchoff/gem2110.jpg
kirchoff/em2114,kirchoff_em2114.jpg,ind-kirchoff/mason02,Quercus alba,leaf,leaf,whole upper surface,leaf / whole upper surface,train,https://bioimages.vanderbilt.edu/tn/kirchoff/tem2114.jpg,https://bioimages.vanderbilt.edu/gq/kirchoff/gem2114.jpg
kirchoff/em2115,kirchoff_em2115.jpg,ind-kirchoff/mason02,Quercus alba,leaf,leaf,whole upper surface,leaf / whole upper surface,train,https://bioimages.vanderbilt.edu/tn/kirchoff/tem2115.jpg,https://bioimages.vanderbilt.edu/gq/kirchoff/gem2115.jpg
kirchoff/em2116,kirchoff_em2116.jpg,ind-kirchoff/mason02,Quercus alba,leaf,leaf,whole upper surface,leaf / whole upper surface,train,https://bioimages.vanderbilt.edu/tn/kirchoff/tem2116.jpg,https://bioimages.vanderbilt.edu/gq/kirchoff/gem2116.jpg
kirchoff/em2112,kirchoff_em2112.jpg,ind-kirchoff/mason02,Quercus alba,twig,twig,orientation of petioles,twig / orientation of petioles,train,https://bioimages.vanderbilt.edu/tn/kirchoff/tem2112.jpg,https://bioimages.vanderbilt.edu/gq/kirchoff/gem2112.jpg
kirchoff/em2108,kirchoff_em2108.jpg,ind-kirchoff/mason02,Quercus alba,twig,twig,unspecified,twig / unspecified,train,https://bioimages.vanderbilt.edu/tn/kirchoff/tem2108.jpg,https://bioimages.vanderbilt.edu/gq/kirchoff/gem2108.jpg
kirchoff/em2703,kirchoff_em2703.jpg,ind-kirchoff/mason02,Quercus alba,whole plant,whole tree (or vine),general,whole tree (or vine) / general,train,https://bioimages.vanderbilt.edu/tn/kirchoff/tem2703.jpg,https://bioimages.vanderbilt.edu/gq/kirchoff/gem2703.jpg
ssmv/2-161-01,ssmv_2-161-01.jpg,vanderbilt/1-178,Quercus alba,bark,bark,of a large tree,bark / of a large tree,train,https://bioimages.vanderbilt.edu/tn/ssmv/t2-161-01.jpg,https://bioimages.vanderbilt.edu/gq/ssmv/g2-161-01.jpg
ssmv/2-161-03,ssmv_2-161-03.jpg,vanderbilt/1-178,Quercus alba,leaf,leaf,showing orientation on twig,leaf / showing orientation on twig,train,https://bioimages.vanderbilt.edu/tn/ssmv/t2-161-03.jpg,https://bioimages.vanderbilt.edu/gq/ssmv/g2-161-03.jpg
ssmv/2-161-04,ssmv_2-161-04.jpg,vanderbilt/1-178,Quercus alba,whole plant,whole tree (or vine),general,whole tree (or vine) / general,train,https://bioimages.vanderbilt.edu/tn/ssmv/t2-161-04.jpg,https://bioimages.vanderbilt.edu/gq/ssmv/g2-161-04.jpg
ssmv/2-161-02,ssmv_2-161-02.jpg,vanderbilt/1-178,Quercus alba,whole plant,whole tree (or vine),view up trunk,whole tree (or vine) / view up trunk,train,https://bioimages.vanderbilt.edu/tn/ssmv/t2-161-02.jpg,https://bioimages.vanderbilt.edu/gq/ssmv/g2-161-02.jpg
baskauf/19712,baskauf_19712.jpg,ind-baskauf/19695,Quercus alba,flower,inflorescence,whole - female,inflorescence / whole - female,train,https://bioimages.vanderbilt.edu/tn/baskauf/tqual--flfemale19712.jpg,https://bioimages.vanderbilt.edu/gq/baskauf/gqual--flfemale19712.jpg
baskauf/19705,baskauf_19705.jpg,ind-baskauf/19695,Quercus alba,flower,inflorescence,whole - male,inflorescence / whole - male,train,https://bioimages.vanderbilt.edu/tn/baskauf/tqual--flmale19705.jpg,https://bioimages.vanderbilt.edu/gq/baskauf/gqual--flmale19705.jpg
baskauf/19695,baskauf_19695.jpg,ind-baskauf/19695,Quercus alba,flower,inflorescence,whole - unspecified,inflorescence / whole - unspecified,train,https://bioimages.vanderbilt.edu/tn/baskauf/tqual--fl19695.jpg,https://bioimages.vanderbilt.edu/gq/baskauf/gqual--fl19695.jpg
baskauf/12405,baskauf_12405.jpg,vanderbilt/7-324,Quercus alba,fruit,fruit,immature,fruit / immature,train,https://bioimages.vanderbilt.edu/tn/baskauf/tqual--frdevel12405.jpg,https://bioimages.vanderbilt.edu/gq/baskauf/gqual--frdevel12405.jpg
baskauf/12403,baskauf_12403.jpg,vanderbilt/7-324,Quercus alba,leaf,leaf,showing orientation on twig,leaf / showing orientation on twig,train,https://bioimages.vanderbilt.edu/tn/baskauf/tqual--lfsun12403.jpg,https://bioimages.vanderbilt.edu/gq/baskauf/gqual--lfsun12403.jpg
baskauf/12407,baskauf_12407.jpg,vanderbilt/7-324,Quercus alba,leaf,leaf,showing orientation on twig,leaf / showing orientation on twig,train,https://bioimages.vanderbilt.edu/tn/baskauf/tqual--lfshade12407.jpg,https://bioimages.vanderbilt.edu/gq/baskauf/gqual--lfshade12407.jpg
baskauf/12511,baskauf_12511.jpg,vanderbilt/7-324,Quercus alba,leaf,leaf,unspecified,leaf / unspecified,train,https://bioimages.vanderbilt.edu/tn/baskauf/tqual--lflower12511.jpg,https://bioimages.vanderbilt.edu/gq/baskauf/gqual--lflower12511.jpg
baskauf/12516,baskauf_12516.jpg,vanderbilt/7-324,Quercus alba,leaf,leaf,unspecified,leaf / unspecified,train,https://bioimages.vanderbilt.edu/tn/baskauf/tqual--lfsun-shade12516.jpg,https://bioimages.vanderbilt.edu/gq/baskauf/gqual--lfsun-shade12516.jpg
baskauf/12528,baskauf_12528.jpg,vanderbilt/7-324,Quercus alba,leaf,leaf,unspecified,leaf / unspecified,train,https://bioimages.vanderbilt.edu/tn/baskauf/tqual--lflower-micro12528.jpg,https://bioimages.vanderbilt.edu/gq/baskauf/gqual--lflower-micro12528.jpg
baskauf/12409,baskauf_12409.jpg,vanderbilt/7-324,Quercus alba,whole plant,whole tree (or vine),general,whole tree (or vine) / general,train,https://bioimages.vanderbilt.edu/tn/baskauf/tqual--wplarge12409.jpg,https://bioimages.vanderbilt.edu/gq/baskauf/gqual--wplarge12409.jpg
baskauf/15388,baskauf_15388.jpg,ind-baskauf/15387,Quercus alba,leaf,leaf,margin of upper + lower surface,leaf / margin of upper + lower surface,train,https://bioimages.vanderbilt.edu/tn/baskauf/tqual--lfmargin-uplow15388.jpg,https://bioimages.vanderbilt.edu/gq/baskauf/gqual--lfmargin-uplow15388.jpg
baskauf/15387,baskauf_15387.jpg,ind-baskauf/15387,Quercus alba,leaf,leaf,whole upper surface,leaf / whole upper surface,train,https://bioimages.vanderbilt.edu/tn/baskauf/tqual--lf15387.jpg,https://bioimages.vanderbilt.edu/gq/baskauf/gqual--lf15387.jpg
baskauf/10993,baskauf_10993.jpg,ind-baskauf/10993,Quercus alba,leaf,leaf,showing orientation on twig,leaf / showing orientation on twig,train,https://bioimages.vanderbilt.edu/tn/baskauf/tqual--lfseveral10993.jpg,https://bioimages.vanderbilt.edu/gq/baskauf/gqual--lfseveral10993.jpg
baskauf/16838,baskauf_16838.jpg,ind-baskauf/16838,Quercus alba,leaf,leaf,showing orientation on twig,leaf / showing orientation on twig,train,https://bioimages.vanderbilt.edu/tn/baskauf/tqual--lffall16838.jpg,https://bioimages.vanderbilt.edu/gq/baskauf/gqual--lffall16838.jpg
baskauf/16842,baskauf_16842.jpg,ind-baskauf/16838,Quercus alba,seed,seed,unspecified,seed / unspecified,train,https://bioimages.vanderbilt.edu/tn/baskauf/tqual--frgerminating16842.jpg,https://bioimages.vanderbilt.edu/gq/baskauf/gqual--frgerminating16842.jpg
baskauf/10992,baskauf_10992.jpg,ind-baskauf/10992,Quercus alba,whole plant,whole tree (or vine),general,whole tree (or vine) / general,train,https://bioimages.vanderbilt.edu/tn/baskauf/tqual--wplarge10992.jpg,https://bioimages.vanderbilt.edu/gq/baskauf/gqual--wplarge10992.jpg
baskauf/35191,baskauf_35191.jpg,ind-baskauf/35191,Quercus alba,whole plant,whole tree (or vine),general,whole tree (or vine) / general,train,https://bioimages.vanderbilt.edu/tn/baskauf/tqual--wp10yr-litu9yr35191.jpg,https://bioimages.vanderbilt.edu/gq/baskauf/gqual--wp10yr-litu9yr35191.jpg
baskauf/90712,baskauf_90712.jpg,vanderbilt/15-134,Quercus alba,whole plant,whole tree (or vine),general,whole tree (or vine) / general,train,https://bioimages.vanderbilt.edu/tn/baskauf/t90712.jpg,https://bioimages.vanderbilt.edu/gq/baskauf/g90712.jpg
baskauf/90714,baskauf_90714.jpg,vanderbilt/15-134,Quercus alba,whole plant,whole tree (or vine),general,whole tree (or vine) / general,train,https://bioimages.vanderbilt.edu/tn/baskauf/t90714.jpg,https://bioimages.vanderbilt.edu/gq/baskauf/g90714.jpg
baskauf/91139,baskauf_91139.jpg,vanderbilt/15-139,Quercus alba,whole plant,whole tree (or vine),general,whole tree (or vine) / general,train,https://bioimages.vanderbilt.edu/tn/baskauf/t91139.jpg,https://bioimages.vanderbilt.edu/gq/baskauf/g91139.jpg
baskauf/91140,baskauf_91140.jpg,vanderbilt/15-139,Quercus alba,whole plant,whole tree (or vine),general,whole tree (or vine) / general,train,https://bioimages.vanderbilt.edu/tn/baskauf/t91140.jpg,https://bioimages.vanderbilt.edu/gq/baskauf/g91140.jpg
ssmv/2-759-01,ssmv_2-759-01.jpg,vanderbilt/2-76,Quercus alba,whole plant,whole tree (or vine),general,whole tree (or vine) / general,train,https://bioimages.vanderbilt.edu/tn/ssmv/t2-759-01.jpg,https://bioimages.vanderbilt.edu/gq/ssmv/g2-759-01.jpg
baskauf/12356,baskauf_12356.jpg,vanderbilt/6-173,Quercus bicolor,bark,bark,of a large tree,bark / of a large tree,train,https://bioimages.vanderbilt.edu/tn/baskauf/tqubi--brlarge12356.jpg,https://bioimages.vanderbilt.edu/gq/baskauf/gqubi--brlarge12356.jpg
baskauf/12368,baskauf_12368.jpg,vanderbilt/6-173,Quercus bicolor,leaf,leaf,margin of upper + lower surface,leaf / margin of upper + lower surface,train,https://bioimages.vanderbilt.edu/tn/baskauf/tqubi--lfmargin12368.jpg,https://bioimages.vanderbilt.edu/gq/baskauf/gqubi--lfmargin12368.jpg
baskauf/12363,baskauf_12363.jpg,vanderbilt/6-173,Quercus bicolor,leaf,leaf,showing orientation on twig,leaf / showing orientation on twig,train,https://bioimages.vanderbilt.edu/tn/baskauf/tqubi--lfseveral12363.jpg,https://bioimages.vanderbilt.edu/gq/baskauf/gqubi--lfseveral12363.jpg
baskauf/12382,baskauf_12382.jpg,vanderbilt/6-173,Quercus bicolor,leaf,leaf,unspecified,leaf / unspecified,train,https://bioimages.vanderbilt.edu/tn/baskauf/tqubi--lflower-micro12382.jpg,https://bioimages.vanderbilt.edu/gq/baskauf/gqubi--lflower-micro12382.jpg
baskauf/12396,baskauf_12396.jpg,vanderbilt/6-173,Quercus bicolor,leaf,leaf,unspecified,leaf / unspecified,train,https://bioimages.vanderbilt.edu/tn/baskauf/tqubi--lflower12396.jpg,https://bioimages.vanderbilt.edu/gq/baskauf/gqubi--lflower12396.jpg
baskauf/12366,baskauf_12366.jpg,vanderbilt/6-173,Quercus bicolor,leaf,leaf,whole upper surface,leaf / whole upper surface,train,https://bioimages.vanderbilt.edu/tn/baskauf/tqubi--lf12366.jpg,https://bioimages.vanderbilt.edu/gq/baskauf/gqubi--lf12366.jpg
baskauf/12361,baskauf_12361.jpg,vanderbilt/6-173,Quercus bicolor,whole plant,whole tree (or vine),view up trunk,whole tree (or vine) / view up trunk,train,https://bioimages.vanderbilt.edu/tn/baskauf/tqubi--wplookup-large12361.jpg,https://bioimages.vanderbilt.edu/gq/baskauf/gqubi--wplookup-large12361.jpg
kirchoff/ac1469,kirchoff_ac1469.jpg,uncg/5,Quercus bicolor,bark,bark,of a large tree,bark / of a large tree,train,https://bioimages.vanderbilt.edu/tn/kirchoff/tac1469.jpg,https://bioimages.vanderbilt.edu/gq/kirchoff/gac1469.jpg
kirchoff/ac1470,kirchoff_ac1470.jpg,uncg/5,Quercus bicolor,bark,bark,of a large tree,bark / of a large tree,train,https://bioimages.vanderbilt.edu/tn/kirchoff/tac1470.jpg,https://bioimages.vanderbilt.edu/gq/kirchoff/gac1470.jpg
kirchoff/em2143,kirchoff_em2143.jpg,uncg/5,Quercus bicolor,bark,bark,of a large tree,bark / of a large tree,train,https://bioimages.vanderbilt.edu/tn/kirchoff/tem2143.jpg,https://bioimages.vanderbilt.edu/gq/kirchoff/gem2143.jpg
kirchoff/em2144,kirchoff_em2144.jpg,uncg/5,Quercus bicolor,bark,bark,of a large tree,bark / of a large tree,train,https://bioimages.vanderbilt.edu/tn/kirchoff/tem2144.jpg,https://bioimages.vanderbilt.edu/gq/kirchoff/gem2144.jpg
kirchoff/ac1478,kirchoff_ac1478.jpg,uncg/5,Quercus bicolor,leaf,leaf,margin of upper + lower surface,leaf / margin of upper + lower surface,train,https://bioimages.vanderbilt.edu/tn/kirchoff/tac1478.jpg,https://bioimages.vanderbilt.edu/gq/kirchoff/gac1478.jpg
kirchoff/ac1479,kirchoff_ac1479.jpg,uncg/5,Quercus bicolor,leaf,leaf,margin of upper + lower surface,leaf / margin of upper + lower surface,train,https://bioimages.vanderbilt.edu/tn/kirchoff/tac1479.jpg,https://bioimages.vanderbilt.edu/gq/kirchoff/gac1479.jpg
kirchoff/ac1472,kirchoff_ac1472.jpg,uncg/5,Quercus bicolor,leaf,leaf,showing orientation on twig,leaf / showing orientation on twig,train,https://bioimages.vanderbilt.edu/tn/kirchoff/tac1472.jpg,https://bioimages.vanderbilt.edu/gq/kirchoff/gac1472.jpg
kirchoff/ac1473,kirchoff_ac1473.jpg,uncg/5,Quercus bicolor,leaf,leaf,showing orientation on twig,leaf / showing orientation on twig,train,https://bioimages.vanderbilt.edu/tn/kirchoff/tac1473.jpg,https://bioimages.vanderbilt.edu/gq/kirchoff/gac1473.jpg
kirchoff/em2146,kirchoff_em2146.jpg,uncg/5,Quercus bicolor,leaf,leaf,showing orientation on twig,leaf / showing orientation on twig,train,https://bioimages.vanderbilt.edu/tn/kirchoff/tem2146.jpg,https://bioimages.vanderbilt.edu/gq/kirchoff/gem2146.jpg
kirchoff/em2147,kirchoff_em2147.jpg,uncg/5,Quercus bicolor,leaf,leaf,showing orientation on twig,leaf / showing orientation on twig,train,https://bioimages.vanderbilt.edu/tn/kirchoff/tem2147.jpg,https://bioimages.vanderbilt.edu/gq/kirchoff/gem2147.jpg
kirchoff/ac1477,kirchoff_ac1477.jpg,uncg/5,Quercus bicolor,leaf,leaf,whole upper surface,leaf / whole upper surface,train,https://bioimages.vanderbilt.edu/tn/kirchoff/tac1477.jpg,https://bioimages.vanderbilt.edu/gq/kirchoff/gac1477.jpg
kirchoff/em2152,kirchoff_em2152.jpg,uncg/5,Quercus bicolor,leaf,leaf,whole upper surface,leaf / whole upper surface,train,https://bioimages.vanderbilt.edu/tn/kirchoff/tem2152.jpg,https://bioimages.vanderbilt.edu/gq/kirchoff/gem2152.jpg
kirchoff/em2153,kirchoff_em2153.jpg,uncg/5,Quercus bicolor,leaf,leaf,whole upper surface,leaf / whole upper surface,train,https://bioimages.vanderbilt.edu/tn/kirchoff/tem2153.jpg,https://bioimages.vanderbilt.edu/gq/kirchoff/gem2153.jpg
kirchoff/em2154,kirchoff_em2154.jpg,uncg/5,Quercus bicolor,leaf,leaf,whole upper surface,leaf / whole upper surface,train,https://bioimages.vanderbilt.edu/tn/kirchoff/tem2154.jpg,https://bioimages.vanderbilt.edu/gq/kirchoff/gem2154.jpg
kirchoff/em2150,kirchoff_em2150.jpg,uncg/5,Quercus bicolor,twig,twig,orientation of petioles,twig / orientation of petioles,train,https://bioimages.vanderbilt.edu/tn/kirchoff/tem2150.jpg,https://bioimages.vanderbilt.edu/gq/kirchoff/gem2150.jpg
kirchoff/ac1468,kirchoff_ac1468.jpg,uncg/5,Quercus bicolor,whole plant,whole tree (or vine),general,whole tree (or vine) / general,train,https://bioimages.vanderbilt.edu/tn/kirchoff/tac1468.jpg,https://bioimages.vanderbilt.edu/gq/kirchoff/gac1468.jpg
baskauf/18839,baskauf_18839.jpg,ind-baskauf/18833,Quercus bicolor,flower,inflorescence,whole - male,inflorescence / whole - male,train,https://bioimages.vanderbilt.edu/tn/baskauf/tqubi--flmale18839.jpg,https://bioimages.vanderbilt.edu/gq/baskauf/gqubi--flmale18839.jpg
baskauf/18836,baskauf_18836.jpg,ind-baskauf/18833,Quercus bicolor,flower,inflorescence,whole - unspecified,inflorescence / whole - unspecified,train,https://bioimages.vanderbilt.edu/tn/baskauf/tqubi--flinflor18836.jpg,https://bioimages.vanderbilt.edu/gq/baskauf/gqubi--flinflor18836.jpg
baskauf/51186,baskauf_51186.jpg,vanderbilt/12-11,Quercus bicolor,flower,inflorescence,whole - male,inflorescence / whole - male,train,https://bioimages.vanderbilt.edu/tn/baskauf/tqubi--flmale51186.jpg,https://bioimages.vanderbilt.edu/gq/baskauf/gqubi--flmale51186.jpg
baskauf/51183,baskauf_51183.jpg,vanderbilt/12-11,Quercus bicolor,flower,inflorescence,whole - unspecified,inflorescence / whole - unspecified,train,https://bioimages.vanderbilt.edu/tn/baskauf/tqubi--flinflor51183.jpg,https://bioimages.vanderbilt.edu/gq/baskauf/gqubi--flinflor51183.jpg
baskauf/52483,baskauf_52483.jpg,vanderbilt/12-11,Quercus bicolor,leaf,leaf,margin of upper + lower surface,leaf / margin of upper + lower surface,train,https://bioimages.vanderbilt.edu/tn/baskauf/tqubi--lfmargin-uplow52483.jpg,https://bioimages.vanderbilt.edu/gq/baskauf/gqubi--lfmargin-uplow52483.jpg
baskauf/91110,baskauf_91110.jpg,vanderbilt/12-11,Quercus bicolor,whole plant,whole tree (or vine),general,whole tree (or vine) / general,train,https://bioimages.vanderbilt.edu/tn/baskauf/t91110.jpg,https://bioimages.vanderbilt.edu/gq/baskauf/g91110.jpg
baskauf/16299,baskauf_16299.jpg,ind-baskauf/16299,Quercus bicolor,fruit,fruit,lateral or general close-up,fruit / lateral or general close-up,train,https://bioimages.vanderbilt.edu/tn/baskauf/tqubi--fr16299.jpg,https://bioimages.vanderbilt.edu/gq/baskauf/gqubi--fr16299.jpg
baskauf/16026,baskauf_16026.jpg,vanderbilt/6-243,Quercus bicolor,twig,twig,orientation of petioles,twig / orientation of petioles,train,https://bioimages.vanderbilt.edu/tn/baskauf/tqubi--tw16026.jpg,https://bioimages.vanderbilt.edu/gq/baskauf/gqubi--tw16026.jpg
baskauf/12417,baskauf_12417.jpg,vanderbilt/7-314,Quercus macrocarpa,bark,bark,of a large tree,bark / of a large tree,train,https://bioimages.vanderbilt.edu/tn/baskauf/tquma2-brlarge12417.jpg,https://bioimages.vanderbilt.edu/gq/baskauf/gquma2-brlarge12417.jpg
baskauf/79653,baskauf_79653.jpg,vanderbilt/7-314,Quercus macrocarpa,bark,bark,of a large tree,bark / of a large tree,train,https://bioimages.vanderbilt.edu/tn/baskauf/t79653.jpg,https://bioimages.vanderbilt.edu/gq/baskauf/g79653.jpg
baskauf/12493,baskauf_12493.jpg,vanderbilt/7-314,Quercus macrocarpa,leaf,leaf,showing orientation on twig,leaf / showing orientation on twig,train,https://bioimages.vanderbilt.edu/tn/baskauf/tquma2-lfseveral12493.jpg,https://bioimages.vanderbilt.edu/gq/baskauf/gquma2-lfseveral12493.jpg
baskauf/12509,baskauf_12509.jpg,vanderbilt/7-314,Quercus macrocarpa,leaf,leaf,unspecified,leaf / unspecified,train,https://bioimages.vanderbilt.edu/tn/baskauf/tquma2-lflower12509.jpg,https://bioimages.vanderbilt.edu/gq/baskauf/gquma2-lflower12509.jpg
baskauf/12522,baskauf_12522.jpg,vanderbilt/7-314,Quercus macrocarpa,leaf,leaf,unspecified,leaf / unspecified,train,https://bioimages.vanderbilt.edu/tn/baskauf/tquma2-lflower-micro12522.jpg,https://bioimages.vanderbilt.edu/gq/baskauf/gquma2-lflower-micro12522.jpg
baskauf/12500,baskauf_12500.jpg,vanderbilt/7-314,Quercus macrocarpa,leaf,leaf,whole upper surface,leaf / whole upper surface,train,https://bioimages.vanderbilt.edu/tn/baskauf/tquma2-lf12500.jpg,https://bioimages.vanderbilt.edu/gq/baskauf/gquma2-lf12500.jpg
baskauf/79657,baskauf_79657.jpg,vanderbilt/7-314,Quercus macrocarpa,leaf,leaf,whole upper surface,leaf / whole upper surface,train,https://bioimages.vanderbilt.edu/tn/baskauf/t79657.jpg,https://bioimages.vanderbilt.edu/gq/baskauf/g79657.jpg
baskauf/12413,baskauf_12413.jpg,vanderbilt/7-314,Quercus macrocarpa,whole plant,whole tree (or vine),general,whole tree (or vine) / general,train,https://bioimages.vanderbilt.edu/tn/baskauf/tquma2-wplarge12413.jpg,https://bioimages.vanderbilt.edu/gq/baskauf/gquma2-wplarge12413.jpg
baskauf/79649,baskauf_79649.jpg,vanderbilt/7-314,Quercus macrocarpa,whole plant,whole tree (or vine),general,whole tree (or vine) / general,train,https://bioimages.vanderbilt.edu/tn/baskauf/t79649.jpg,https://bioimages.vanderbilt.edu/gq/baskauf/g79649.jpg
baskauf/12420,baskauf_12420.jpg,vanderbilt/7-314,Quercus macrocarpa,whole plant,whole tree (or vine),view up trunk,whole tree (or vine) / view up trunk,train,https://bioimages.vanderbilt.edu/tn/baskauf/tquma2-wplookup12420.jpg,https://bioimages.vanderbilt.edu/gq/baskauf/gquma2-wplookup12420.jpg
baskauf/79651,baskauf_79651.jpg,vanderbilt/7-314,Quercus macrocarpa,whole plant,whole tree (or vine),view up trunk,whole tree (or vine) / view up trunk,train,https://bioimages.vanderbilt.edu/tn/baskauf/t79651.jpg,https://bioimages.vanderbilt.edu/gq/baskauf/g79651.jpg
vanderbilt/mcgaw-p137-old-central-porch,vanderbilt_mcgaw-p137-old-central-porch.jpg,vanderbilt/h001,Quercus macrocarpa,bark,bark,of a large tree,bark / of a large tree,train,https://bioimages.vanderbilt.edu/tn/vanderbilt/tmcgaw-p137-old-central-porch.jpg,https://bioimages.vanderbilt.edu/gq/vanderbilt/gmcgaw-p137-old-central-porch.jpg
vanderbilt/conkin-p-69-campus-from-kirkland-tower,vanderbilt_conkin-p-69-campus-from-kirkland-tower.jpg,vanderbilt/h001,Quercus macrocarpa,whole plant,whole tree (or vine),general,whole tree (or vine) / general,train,https://bioimages.vanderbilt.edu/tn/vanderbilt/tconkin-p-69-campus-from-kirkland-tower.jpg,https://bioimages.vanderbilt.edu/gq/vanderbilt/gconkin-p-69-campus-from-kirkland-tower.jpg
baskauf/18859,baskauf_18859.jpg,ind-baskauf/18850,Quercus macrocarpa,flower,inflorescence,whole - female,inflorescence / whole - female,train,https://bioimages.vanderbilt.edu/tn/baskauf/tquma2-flfemale18859.jpg,https://bioimages.vanderbilt.edu/gq/baskauf/gquma2-flfemale18859.jpg
baskauf/18855,baskauf_18855.jpg,ind-baskauf/18850,Quercus macrocarpa,flower,inflorescence,whole - male,inflorescence / whole - male,train,https://bioimages.vanderbilt.edu/tn/baskauf/tquma2-flmale18855.jpg,https://bioimages.vanderbilt.edu/gq/baskauf/gquma2-flmale18855.jpg
baskauf/18850,baskauf_18850.jpg,ind-baskauf/18850,Quercus macrocarpa,flower,inflorescence,whole - unspecified,inflorescence / whole - unspecified,train,https://bioimages.vanderbilt.edu/tn/baskauf/tquma2-flinflor18850.jpg,https://bioimages.vanderbilt.edu/gq/baskauf/gquma2-flinflor18850.jpg
baskauf/15615,baskauf_15615.jpg,vanderbilt/6-135,Quercus macrocarpa,fruit,fruit,as borne on the plant,fruit / as borne on the plant,train,https://bioimages.vanderbilt.edu/tn/baskauf/tquma2-fr15615.jpg,https://bioimages.vanderbilt.edu/gq/baskauf/gquma2-fr15615.jpg
baskauf/15624,baskauf_15624.jpg,vanderbilt/6-135,Quercus macrocarpa,leaf,leaf,margin of upper + lower surface,leaf / margin of upper + lower surface,train,https://bioimages.vanderbilt.edu/tn/baskauf/tquma2-lfmargin-uplow15624.jpg,https://bioimages.vanderbilt.edu/gq/baskauf/gquma2-lfmargin-uplow15624.jpg
baskauf/15620,baskauf_15620.jpg,vanderbilt/6-135,Quercus macrocarpa,twig,twig,orientation of petioles,twig / orientation of petioles,train,https://bioimages.vanderbilt.edu/tn/baskauf/tquma2-tw15620.jpg,https://bioimages.vanderbilt.edu/gq/baskauf/gquma2-tw15620.jpg
baskauf/90661,baskauf_90661.jpg,vanderbilt/6-135,Quercus macrocarpa,whole plant,whole tree (or vine),general,whole tree (or vine) / general,train,https://bioimages.vanderbilt.edu/tn/baskauf/t90661.jpg,https://bioimages.vanderbilt.edu/gq/baskauf/g90661.jpg
baskauf/91098,baskauf_91098.jpg,vanderbilt/6-153,Quercus macrocarpa,whole plant,whole tree (or vine),general,whole tree (or vine) / general,train,https://bioimages.vanderbilt.edu/tn/baskauf/t91098.jpg,https://bioimages.vanderbilt.edu/gq/baskauf/g91098.jpg
baskauf/91119,baskauf_91119.jpg,vanderbilt/12-29,Quercus macrocarpa,whole plant,whole tree (or vine),general,whole tree (or vine) / general,train,https://bioimages.vanderbilt.edu/tn/baskauf/t91119.jpg,https://bioimages.vanderbilt.edu/gq/baskauf/g91119.jpg
baskauf/12319,baskauf_12319.jpg,vanderbilt/15-154,Quercus muehlenbergii,bark,bark,of a large tree,bark / of a large tree,train,https://bioimages.vanderbilt.edu/tn/baskauf/tqumu--brlarge-tree12319.jpg,https://bioimages.vanderbilt.edu/gq/baskauf/gqumu--brlarge-tree12319.jpg
baskauf/19373,baskauf_19373.jpg,vanderbilt/15-154,Quercus muehlenbergii,flower,inflorescence,whole - female,inflorescence / whole - female,train,https://bioimages.vanderbilt.edu/tn/baskauf/tqumu--flfemale19373.jpg,https://bioimages.vanderbilt.edu/gq/baskauf/gqumu--flfemale19373.jpg
baskauf/19371,baskauf_19371.jpg,vanderbilt/15-154,Quercus muehlenbergii,flower,inflorescence,whole - male,inflorescence / whole - male,train,https://bioimages.vanderbilt.edu/tn/baskauf/tqumu--flmale19371.jpg,https://bioimages.vanderbilt.edu/gq/baskauf/gqumu--flmale19371.jpg
baskauf/19366,baskauf_19366.jpg,vanderbilt/15-154,Quercus muehlenbergii,flower,inflorescence,whole - unspecified,inflorescence / whole - unspecified,train,https://bioimages.vanderbilt.edu/tn/baskauf/tqumu--fl19366.jpg,https://bioimages.vanderbilt.edu/gq/baskauf/gqumu--fl19366.jpg
baskauf/16094,baskauf_16094.jpg,vanderbilt/15-154,Quercus muehlenbergii,fruit,fruit,lateral or general close-up,fruit / lateral or general close-up,train,https://bioimages.vanderbilt.edu/tn/baskauf/tqumu--fr16094.jpg,https://bioimages.vanderbilt.edu/gq/baskauf/gqumu--fr16094.jpg
baskauf/12328,baskauf_12328.jpg,vanderbilt/15-154,Quercus muehlenbergii,leaf,leaf,margin of upper + lower surface,leaf / margin of upper + lower surface,train,https://bioimages.vanderbilt.edu/tn/baskauf/tqumu--lfmargin12328.jpg,https://bioimages.vanderbilt.edu/gq/baskauf/gqumu--lfmargin12328.jpg
baskauf/52480,baskauf_52480.jpg,vanderbilt/15-154,Quercus muehlenbergii,leaf,leaf,margin of upper + lower surface,leaf / margin of upper + lower surface,train,https://bioimages.vanderbilt.edu/tn/baskauf/tqumu--lfmargin-uplow52480.jpg,https://bioimages.vanderbilt.edu/gq/baskauf/gqumu--lfmargin-uplow52480.jpg
baskauf/12323,baskauf_12323.jpg,vanderbilt/15-154,Quercus muehlenbergii,leaf,leaf,showing orientation on twig,leaf / showing orientation on twig,train,https://bioimages.vanderbilt.edu/tn/baskauf/tqumu--lfseveral12323.jpg,https://bioimages.vanderbilt.edu/gq/baskauf/gqumu--lfseveral12323.jpg
baskauf/12376,baskauf_12376.jpg,vanderbilt/15-154,Quercus muehlenbergii,leaf,leaf,unspecified,leaf / unspecified,train,https://bioimages.vanderbilt.edu/tn/baskauf/tqumu--lflower-micro12376.jpg,https://bioimages.vanderbilt.edu/gq/baskauf/gqumu--lflower-micro12376.jpg
baskauf/12393,baskauf_12393.jpg,vanderbilt/15-154,Quercus muehlenbergii,leaf,leaf,unspecified,leaf / unspecified,train,https://bioimages.vanderbilt.edu/tn/baskauf/tqumu--lflower12393.jpg,https://bioimages.vanderbilt.edu/gq/baskauf/gqumu--lflower12393.jpg
baskauf/12324,baskauf_12324.jpg,vanderbilt/15-154,Quercus muehlenbergii,leaf,leaf,whole upper surface,leaf / whole upper surface,train,https://bioimages.vanderbilt.edu/tn/baskauf/tqumu--lf12324.jpg,https://bioimages.vanderbilt.edu/gq/baskauf/gqumu--lf12324.jpg
baskauf/16083,baskauf_16083.jpg,vanderbilt/15-154,Quercus muehlenbergii,twig,twig,orientation of petioles,twig / orientation of petioles,train,https://bioimages.vanderbilt.edu/tn/baskauf/tqumu--tw16083.jpg,https://bioimages.vanderbilt.edu/gq/baskauf/gqumu--tw16083.jpg
baskauf/12318,baskauf_12318.jpg,vanderbilt/15-154,Quercus muehlenbergii,whole plant,whole tree (or vine),general,whole tree (or vine) / general,train,https://bioimages.vanderbilt.edu/tn/baskauf/tqumu--wplarge12318.jpg,https://bioimages.vanderbilt.edu/gq/baskauf/gqumu--wplarge12318.jpg
baskauf/90718,baskauf_90718.jpg,vanderbilt/15-154,Quercus muehlenbergii,whole plant,whole tree (or vine),general,whole tree (or vine) / general,train,https://bioimages.vanderbilt.edu/tn/baskauf/t90718.jpg,https://bioimages.vanderbilt.edu/gq/baskauf/g90718.jpg
baskauf/12321,baskauf_12321.jpg,vanderbilt/15-154,Quercus muehlenbergii,whole plant,whole tree (or vine),view up trunk,whole tree (or vine) / view up trunk,train,https://bioimages.vanderbilt.edu/tn/baskauf/tqumu--wplookup-large12321.jpg,https://bioimages.vanderbilt.edu/gq/baskauf/gqumu--wplookup-large12321.jpg
baskauf/12050,baskauf_12050.jpg,ind-baskauf/12050,Quercus muehlenbergii,bark,bark,of a medium tree or large branch,bark / of a medium tree or large branch,train,https://bioimages.vanderbilt.edu/tn/baskauf/tqumu--brmed12050.jpg,https://bioimages.vanderbilt.edu/gq/baskauf/gqumu--brmed12050.jpg
baskauf/12055,baskauf_12055.jpg,ind-baskauf/12050,Quercus muehlenbergii,whole plant,whole tree (or vine),view up trunk,whole tree (or vine) / view up trunk,train,https://bioimages.vanderbilt.edu/tn/baskauf/tqumu--wpmed-in-forest12055.jpg,https://bioimages.vanderbilt.edu/gq/baskauf/gqumu--wpmed-in-forest12055.jpg
baskauf/90950,baskauf_90950.jpg,vanderbilt/7-282,Quercus muehlenbergii,whole plant,whole tree (or vine),general,whole tree (or vine) / general,train,https://bioimages.vanderbilt.edu/tn/baskauf/t90950.jpg,https://bioimages.vanderbilt.edu/gq/baskauf/g90950.jpg
baskauf/91004,baskauf_91004.jpg,vanderbilt/7-282,Quercus muehlenbergii,whole plant,whole tree (or vine),general,whole tree (or vine) / general,train,https://bioimages.vanderbilt.edu/tn/baskauf/t91004.jpg,https://bioimages.vanderbilt.edu/gq/baskauf/g91004.jpg
baskauf/89368,baskauf_89368.jpg,vanderbilt/7-282,Quercus muehlenbergii,whole plant,whole tree (or vine),winter,whole tree (or vine) / winter,train,https://bioimages.vanderbilt.edu/tn/baskauf/t89368.jpg,https://bioimages.vanderbilt.edu/gq/baskauf/g89368.jpg
baskauf/10858,baskauf_10858.jpg,vanderbilt/7-163,Quercus palustris,bark,bark,of a large tree,bark / of a large tree,train,https://bioimages.vanderbilt.edu/tn/baskauf/tqupa2-br10858.jpg,https://bioimages.vanderbilt.edu/gq/baskauf/gqupa2-br10858.jpg
baskauf/12438,baskauf_12438.jpg,vanderbilt/3-62,Quercus palustris,bark,bark,of a large tree,bark / of a large tree,train,https://bioimages.vanderbilt.edu/tn/baskauf/tqupa2-brlarge12438.jpg,https://bioimages.vanderbilt.edu/gq/baskauf/gqupa2-brlarge12438.jpg
baskauf/12443,baskauf_12443.jpg,vanderbilt/3-62,Quercus palustris,leaf,leaf,showing orientation on twig,leaf / showing orientation on twig,train,https://bioimages.vanderbilt.edu/tn/baskauf/tqupa2-lfseveral12443.jpg,https://bioimages.vanderbilt.edu/gq/baskauf/gqupa2-lfseveral12443.jpg
baskauf/12448,baskauf_12448.jpg,vanderbilt/3-62,Quercus palustris,leaf,leaf,showing orientation on twig,leaf / showing orientation on twig,train,https://bioimages.vanderbilt.edu/tn/baskauf/tqupa2-lflobe-variat12448.jpg,https://bioimages.vanderbilt.edu/gq/baskauf/gqupa2-lflobe-variat12448.jpg
baskauf/12507,baskauf_12507.jpg,vanderbilt/3-62,Quercus palustris,leaf,leaf,unspecified,leaf / unspecified,train,https://bioimages.vanderbilt.edu/tn/baskauf/tqupa2-lflower12507.jpg,https://bioimages.vanderbilt.edu/gq/baskauf/gqupa2-lflower12507.jpg
baskauf/12520,baskauf_12520.jpg,vanderbilt/3-62,Quercus palustris,leaf,leaf,unspecified,leaf / unspecified,train,https://bioimages.vanderbilt.edu/tn/baskauf/tqupa2-lflower-micro12520.jpg,https://bioimages.vanderbilt.edu/gq/baskauf/gqupa2-lflower-micro12520.jpg
baskauf/12447,baskauf_12447.jpg,vanderbilt/3-62,Quercus palustris,leaf,leaf,whole upper surface,leaf / whole upper surface,train,https://bioimages.vanderbilt.edu/tn/baskauf/tqupa2-lf12447.jpg,https://bioimages.vanderbilt.edu/gq/baskauf/gqupa2-lf12447.jpg
baskauf/12450,baskauf_12450.jpg,vanderbilt/3-62,Quercus palustris,twig,twig,orientation of petioles,twig / orientation of petioles,train,https://bioimages.vanderbilt.edu/tn/baskauf/tqupa2-twspur-shoots12450.jpg,https://bioimages.vanderbilt.edu/gq/baskauf/gqupa2-twspur-shoots12450.jpg
baskauf/12435,baskauf_12435.jpg,vanderbilt/3-62,Quercus palustris,whole plant,whole tree (or vine),general,whole tree (or vine) / general,train,https://bioimages.vanderbilt.edu/tn/baskauf/tqupa2-wplarge12435.jpg,https://bioimages.vanderbilt.edu/gq/baskauf/gqupa2-wplarge12435.jpg
baskauf/12440,baskauf_12440.jpg,vanderbilt/3-62,Quercus palustris,whole plant,whole tree (or vine),view up trunk,whole tree (or vine) / view up trunk,train,https://bioimages.vanderbilt.edu/tn/baskauf/tqupa2-wplookup-large12440.jpg,https://bioimages.vanderbilt.edu/gq/baskauf/gqupa2-wplookup-large12440.jpg
kirchoff/em1969,kirchoff_em1969.jpg,uncg/84,Quercus palustris,bark,bark,of a large tree,bark / of a large tree,train,https://bioimages.vanderbilt.edu/tn/kirchoff/tem1969.jpg,https://bioimages.vanderbilt.edu/gq/kirchoff/gem1969.jpg
kirchoff/em2200,kirchoff_em2200.jpg,uncg/84,Quercus palustris,bark,bark,of a large tree,bark / of a large tree,train,https://bioimages.vanderbilt.edu/tn/kirchoff/tem2200.jpg,https://bioimages.vanderbilt.edu/gq/kirchoff/gem2200.jpg
kirchoff/bkk2902,kirchoff_bkk2902.jpg,uncg/84,Quercus palustris,fruit,fruit,as borne on the plant,fruit / as borne on the plant,train,https://bioimages.vanderbilt.edu/tn/kirchoff/tbkk2902.jpg,https://bioimages.vanderbilt.edu/gq/kirchoff/gbkk2902.jpg
kirchoff/bkk2903,kirchoff_bkk2903.jpg,uncg/84,Quercus palustris,fruit,fruit,lateral or general close-up,fruit / lateral or general close-up,train,https://bioimages.vanderbilt.edu/tn/kirchoff/tbkk2903.jpg,https://bioimages.vanderbilt.edu/gq/kirchoff/gbkk2903.jpg
kirchoff/bkk2904,kirchoff_bkk2904.jpg,uncg/84,Quercus palustris,fruit,fruit,lateral or general close-up,fruit / lateral or general close-up,train,https://bioimages.vanderbilt.edu/tn/kirchoff/tbkk2904.jpg,https://bioimages.vanderbilt.edu/gq/kirchoff/gbkk2904.jpg
kirchoff/bkk2905,kirchoff_bkk2905.jpg,uncg/84,Quercus palustris,fruit,fruit,lateral or general close-up,fruit / lateral or general close-up,train,https://bioimages.vanderbilt.edu/tn/kirchoff/tbkk2905.jpg,https://bioimages.vanderbilt.edu/gq/kirchoff/gbkk2905.jpg
kirchoff/em2067,kirchoff_em2067.jpg,uncg/84,Quercus palustris,fruit,fruit,lateral or general close-up,fruit / lateral or general close-up,train,https://bioimages.vanderbilt.edu/tn/kirchoff/tem2067.jpg,https://bioimages.vanderbilt.edu/gq/kirchoff/gem2067.jpg
kirchoff/em2014,kirchoff_em2014.jpg,uncg/84,Quercus palustris,leaf,leaf,margin of upper + lower surface,leaf / margin of upper + lower surface,train,https://bioimages.vanderbilt.edu/tn/kirchoff/tem2014.jpg,https://bioimages.vanderbilt.edu/gq/kirchoff/gem2014.jpg
kirchoff/em2018,kirchoff_em2018.jpg,uncg/84,Quercus palustris,leaf,leaf,margin of upper + lower surface,leaf / margin of upper + lower surface,train,https://bioimages.vanderbilt.edu/tn/kirchoff/tem2018.jpg,https://bioimages.vanderbilt.edu/gq/kirchoff/gem2018.jpg
kirchoff/em2021,kirchoff_em2021.jpg,uncg/84,Quercus palustris,leaf,leaf,margin of upper + lower surface,leaf / margin of upper + lower surface,train,https://bioimages.vanderbilt.edu/tn/kirchoff/tem2021.jpg,https://bioimages.vanderbilt.edu/gq/kirchoff/gem2021.jpg
kirchoff/em2076,kirchoff_em2076.jpg,uncg/84,Quercus palustris,leaf,leaf,margin of upper + lower surface,leaf / margin of upper + lower surface,train,https://bioimages.vanderbilt.edu/tn/kirchoff/tem2076.jpg,https://bioimages.vanderbilt.edu/gq/kirchoff/gem2076.jpg
kirchoff/em1975,kirchoff_em1975.jpg,uncg/84,Quercus palustris,leaf,leaf,showing orientation on twig,leaf / showing orientation on twig,train,https://bioimages.vanderbilt.edu/tn/kirchoff/tem1975.jpg,https://bioimages.vanderbilt.edu/gq/kirchoff/gem1975.jpg
kirchoff/em2010,kirchoff_em2010.jpg,uncg/84,Quercus palustris,leaf,leaf,whole upper surface,leaf / whole upper surface,train,https://bioimages.vanderbilt.edu/tn/kirchoff/tem2010.jpg,https://bioimages.vanderbilt.edu/gq/kirchoff/gem2010.jpg
kirchoff/em2017,kirchoff_em2017.jpg,uncg/84,Quercus palustris,leaf,leaf,whole upper surface,leaf / whole upper surface,train,https://bioimages.vanderbilt.edu/tn/kirchoff/tem2017.jpg,https://bioimages.vanderbilt.edu/gq/kirchoff/gem2017.jpg
kirchoff/em2020,kirchoff_em2020.jpg,uncg/84,Quercus palustris,leaf,leaf,whole upper surface,leaf / whole upper surface,train,https://bioimages.vanderbilt.edu/tn/kirchoff/tem2020.jpg,https://bioimages.vanderbilt.edu/gq/kirchoff/gem2020.jpg
kirchoff/em2069,kirchoff_em2069.jpg,uncg/84,Quercus palustris,leaf,leaf,whole upper surface,leaf / whole upper surface,train,https://bioimages.vanderbilt.edu/tn/kirchoff/tem2069.jpg,https://bioimages.vanderbilt.edu/gq/kirchoff/gem2069.jpg
kirchoff/em2070,kirchoff_em2070.jpg,uncg/84,Quercus palustris,leaf,leaf,whole upper surface,leaf / whole upper surface,train,https://bioimages.vanderbilt.edu/tn/kirchoff/tem2070.jpg,https://bioimages.vanderbilt.edu/gq/kirchoff/gem2070.jpg
kirchoff/em2071,kirchoff_em2071.jpg,uncg/84,Quercus palustris,leaf,leaf,whole upper surface,leaf / whole upper surface,train,https://bioimages.vanderbilt.edu/tn/kirchoff/tem2071.jpg,https://bioimages.vanderbilt.edu/gq/kirchoff/gem2071.jpg
kirchoff/em2072,kirchoff_em2072.jpg,uncg/84,Quercus palustris,leaf,leaf,whole upper surface,leaf / whole upper surface,train,https://bioimages.vanderbilt.edu/tn/kirchoff/tem2072.jpg,https://bioimages.vanderbilt.edu/gq/kirchoff/gem2072.jpg
kirchoff/em2073,kirchoff_em2073.jpg,uncg/84,Quercus palustris,leaf,leaf,whole upper surface,leaf / whole upper surface,train,https://bioimages.vanderbilt.edu/tn/kirchoff/tem2073.jpg,https://bioimages.vanderbilt.edu/gq/kirchoff/gem2073.jpg
kirchoff/em1971,kirchoff_em1971.jpg,uncg/84,Quercus palustris,twig,twig,orientation of petioles,twig / orientation of petioles,train,https://bioimages.vanderbilt.edu/tn/kirchoff/tem1971.jpg,https://bioimages.vanderbilt.edu/gq/kirchoff/gem1971.jpg
kirchoff/em2009,kirchoff_em2009.jpg,uncg/84,Quercus palustris,twig,twig,orientation of petioles,twig / orientation of petioles,train,https://bioimages.vanderbilt.edu/tn/kirchoff/tem2009.jpg,https://bioimages.vanderbilt.edu/gq/kirchoff/gem2009.jpg
kirchoff/em2201,kirchoff_em2201.jpg,uncg/84,Quercus palustris,twig,twig,winter overall,twig / winter overall,train,https://bioimages.vanderbilt.edu/tn/kirchoff/tem2201.jpg,https://bioimages.vanderbilt.edu/gq/kirchoff/gem2201.jpg
kirchoff/em1968,kirchoff_em1968.jpg,uncg/84,Quercus palustris,whole plant,whole tree (or vine),general,whole tree (or vine) / general,train,https://bioimages.vanderbilt.edu/tn/kirchoff/tem1968.jpg,https://bioimages.vanderbilt.edu/gq/kirchoff/gem1968.jpg
kirchoff/em2315,kirchoff_em2315.jpg,ind-kirchoff/mason18,Quercus palustris,bark,bark,of a large tree,bark / of a large tree,train,https://bioimages.vanderbilt.edu/tn/kirchoff/tem2315.jpg,https://bioimages.vanderbilt.edu/gq/kirchoff/gem2315.jpg
kirchoff/em2323,kirchoff_em2323.jpg,ind-kirchoff/mason18,Quercus palustris,fruit,fruit,as borne on the plant,fruit / as borne on the plant,train,https://bioimages.vanderbilt.edu/tn/kirchoff/tem2323.jpg,https://bioimages.vanderbilt.edu/gq/kirchoff/gem2323.jpg
kirchoff/em2324,kirchoff_em2324.jpg,ind-kirchoff/mason18,Quercus palustris,fruit,fruit,lateral or general close-up,fruit / lateral or general close-up,train,https://bioimages.vanderbilt.edu/tn/kirchoff/tem2324.jpg,https://bioimages.vanderbilt.edu/gq/kirchoff/gem2324.jpg
kirchoff/em2325,kirchoff_em2325.jpg,ind-kirchoff/mason18,Quercus palustris,fruit,fruit,lateral or general close-up,fruit / lateral or general close-up,train,https://bioimages.vanderbilt.edu/tn/kirchoff/tem2325.jpg,https://bioimages.vanderbilt.edu/gq/kirchoff/gem2325.jpg
kirchoff/em2334,kirchoff_em2334.jpg,ind-kirchoff/mason18,Quercus palustris,leaf,leaf,margin of upper + lower surface,leaf / margin of upper + lower surface,train,https://bioimages.vanderbilt.edu/tn/kirchoff/tem2334.jpg,https://bioimages.vanderbilt.edu/gq/kirchoff/gem2334.jpg
kirchoff/em2335,kirchoff_em2335.jpg,ind-kirchoff/mason18,Quercus palustris,leaf,leaf,margin of upper + lower surface,leaf / margin of upper + lower surface,train,https://bioimages.vanderbilt.edu/tn/kirchoff/tem2335.jpg,https://bioimages.vanderbilt.edu/gq/kirchoff/gem2335.jpg
kirchoff/em2316,kirchoff_em2316.jpg,ind-kirchoff/mason18,Quercus palustris,leaf,leaf,showing orientation on twig,leaf / showing orientation on twig,train,https://bioimages.vanderbilt.edu/tn/kirchoff/tem2316.jpg,https://bioimages.vanderbilt.edu/gq/kirchoff/gem2316.jpg
kirchoff/em2328,kirchoff_em2328.jpg,ind-kirchoff/mason18,Quercus palustris,leaf,leaf,whole upper surface,leaf / whole upper surface,train,https://bioimages.vanderbilt.edu/tn/kirchoff/tem2328.jpg,https://bioimages.vanderbilt.edu/gq/kirchoff/gem2328.jpg
kirchoff/em2329,kirchoff_em2329.jpg,ind-kirchoff/mason18,Quercus palustris,leaf,leaf,whole upper surface,leaf / whole upper surface,train,https://bioimages.vanderbilt.edu/tn/kirchoff/tem2329.jpg,https://bioimages.vanderbilt.edu/gq/kirchoff/gem2329.jpg
kirchoff/em2330,kirchoff_em2330.jpg,ind-kirchoff/mason18,Quercus palustris,leaf,leaf,whole upper surface,leaf / whole upper surface,train,https://bioimages.vanderbilt.edu/tn/kirchoff/tem2330.jpg,https://bioimages.vanderbilt.edu/gq/kirchoff/gem2330.jpg
kirchoff/em2319,kirchoff_em2319.jpg,ind-kirchoff/mason18,Quercus palustris,twig,twig,orientation of petioles,twig / orientation of petioles,train,https://bioimages.vanderbilt.edu/tn/kirchoff/tem2319.jpg,https://bioimages.vanderbilt.edu/gq/kirchoff/gem2319.jpg
kirchoff/em2321,kirchoff_em2321.jpg,ind-kirchoff/mason18,Quercus palustris,twig,twig,orientation of petioles,twig / orientation of petioles,train,https://bioimages.vanderbilt.edu/tn/kirchoff/tem2321.jpg,https://bioimages.vanderbilt.edu/gq/kirchoff/gem2321.jpg
kirchoff/em2312,kirchoff_em2312.jpg,ind-kirchoff/mason18,Quercus palustris,whole plant,whole tree (or vine),general,whole tree (or vine) / general,train,https://bioimages.vanderbilt.edu/tn/kirchoff/tem2312.jpg,https://bioimages.vanderbilt.edu/gq/kirchoff/gem2312.jpg
kirchoff/em2339,kirchoff_em2339.jpg,ind-kirchoff/mason19,Quercus palustris,bark,bark,of a large tree,bark / of a large tree,train,https://bioimages.vanderbilt.edu/tn/kirchoff/tem2339.jpg,https://bioimages.vanderbilt.edu/gq/kirchoff/gem2339.jpg
kirchoff/em2347,kirchoff_em2347.jpg,ind-kirchoff/mason19,Quercus palustris,fruit,fruit,as borne on the plant,fruit / as borne on the plant,train,https://bioimages.vanderbilt.edu/tn/kirchoff/tem2347.jpg,https://bioimages.vanderbilt.edu/gq/kirchoff/gem2347.jpg
kirchoff/em2349,kirchoff_em2349.jpg,ind-kirchoff/mason19,Quercus palustris,fruit,fruit,as borne on the plant,fruit / as borne on the plant,train,https://bioimages.vanderbilt.edu/tn/kirchoff/tem2349.jpg,https://bioimages.vanderbilt.edu/gq/kirchoff/gem2349.jpg
kirchoff/em2348,kirchoff_em2348.jpg,ind-kirchoff/mason19,Quercus palustris,fruit,fruit,lateral or general close-up,fruit / lateral or general close-up,train,https://bioimages.vanderbilt.edu/tn/kirchoff/tem2348.jpg,https://bioimages.vanderbilt.edu/gq/kirchoff/gem2348.jpg
kirchoff/em2350,kirchoff_em2350.jpg,ind-kirchoff/mason19,Quercus palustris,fruit,fruit,lateral or general close-up,fruit / lateral or general close-up,train,https://bioimages.vanderbilt.edu/tn/kirchoff/tem2350.jpg,https://bioimages.vanderbilt.edu/gq/kirchoff/gem2350.jpg
kirchoff/em2356,kirchoff_em2356.jpg,ind-kirchoff/mason19,Quercus palustris,leaf,leaf,margin of upper + lower surface,leaf / margin of upper + lower surface,train,https://bioimages.vanderbilt.edu/tn/kirchoff/tem2356.jpg,https://bioimages.vanderbilt.edu/gq/kirchoff/gem2356.jpg
kirchoff/em2358,kirchoff_em2358.jpg,ind-kirchoff/mason19,Quercus palustris,leaf,leaf,margin of upper + lower surface,leaf / margin of upper + lower surface,train,https://bioimages.vanderbilt.edu/tn/kirchoff/tem2358.jpg,https://bioimages.vanderbilt.edu/gq/kirchoff/gem2358.jpg
kirchoff/em2341,kirchoff_em2341.jpg,ind-kirchoff/mason19,Quercus palustris,leaf,leaf,showing orientation on twig,leaf / showing orientation on twig,train,https://bioimages.vanderbilt.edu/tn/kirchoff/tem2341.jpg,https://bioimages.vanderbilt.edu/gq/kirchoff/gem2341.jpg
kirchoff/em2342,kirchoff_em2342.jpg,ind-kirchoff/mason19,Quercus palustris,leaf,leaf,showing orientation on twig,leaf / showing orientation on twig,train,https://bioimages.vanderbilt.edu/tn/kirchoff/tem2342.jpg,https://bioimages.vanderbilt.edu/gq/kirchoff/gem2342.jpg
kirchoff/em2343,kirchoff_em2343.jpg,ind-kirchoff/mason19,Quercus palustris,leaf,leaf,showing orientation on twig,leaf / showing orientation on twig,train,https://bioimages.vanderbilt.edu/tn/kirchoff/tem2343.jpg,https://bioimages.vanderbilt.edu/gq/kirchoff/gem2343.jpg
kirchoff/em2352,kirchoff_em2352.jpg,ind-kirchoff/mason19,Quercus palustris,leaf,leaf,whole upper surface,leaf / whole upper surface,train,https://bioimages.vanderbilt.edu/tn/kirchoff/tem2352.jpg,https://bioimages.vanderbilt.edu/gq/kirchoff/gem2352.jpg
kirchoff/em2353,kirchoff_em2353.jpg,ind-kirchoff/mason19,Quercus palustris,leaf,leaf,whole upper surface,leaf / whole upper surface,train,https://bioimages.vanderbilt.edu/tn/kirchoff/tem2353.jpg,https://bioimages.vanderbilt.edu/gq/kirchoff/gem2353.jpg
kirchoff/em2354,kirchoff_em2354.jpg,ind-kirchoff/mason19,Quercus palustris,leaf,leaf,whole upper surface,leaf / whole upper surface,train,https://bioimages.vanderbilt.edu/tn/kirchoff/tem2354.jpg,https://bioimages.vanderbilt.edu/gq/kirchoff/gem2354.jpg
kirchoff/em2355,kirchoff_em2355.jpg,ind-kirchoff/mason19,Quercus palustris,leaf,leaf,whole upper surface,leaf / whole upper surface,train,https://bioimages.vanderbilt.edu/tn/kirchoff/tem2355.jpg,https://bioimages.vanderbilt.edu/gq/kirchoff/gem2355.jpg
kirchoff/em2344,kirchoff_em2344.jpg,ind-kirchoff/mason19,Quercus palustris,twig,twig,orientation of petioles,twig / orientation of petioles,train,https://bioimages.vanderbilt.edu/tn/kirchoff/tem2344.jpg,https://bioimages.vanderbilt.edu/gq/kirchoff/gem2344.jpg
kirchoff/em2338,kirchoff_em2338.jpg,ind-kirchoff/mason19,Quercus palustris,whole plant,whole tree (or vine),general,whole tree (or vine) / general,train,https://bioimages.vanderbilt.edu/tn/kirchoff/tem2338.jpg,https://bioimages.vanderbilt.edu/gq/kirchoff/gem2338.jpg
kirchoff/em2563,kirchoff_em2563.jpg,ind-kirchoff/mason24,Quercus palustris,bark,bark,of a large tree,bark / of a large tree,train,https://bioimages.vanderbilt.edu/tn/kirchoff/tem2563.jpg,https://bioimages.vanderbilt.edu/gq/kirchoff/gem2563.jpg
kirchoff/em2564,kirchoff_em2564.jpg,ind-kirchoff/mason24,Quercus palustris,bark,bark,of a large tree,bark / of a large tree,train,https://bioimages.vanderbilt.edu/tn/kirchoff/tem2564.jpg,https://bioimages.vanderbilt.edu/gq/kirchoff/gem2564.jpg
kirchoff/em2577,kirchoff_em2577.jpg,ind-kirchoff/mason24,Quercus palustris,fruit,fruit,lateral or general close-up,fruit / lateral or general close-up,train,https://bioimages.vanderbilt.edu/tn/kirchoff/tem2577.jpg,https://bioimages.vanderbilt.edu/gq/kirchoff/gem2577.jpg
kirchoff/em2579,kirchoff_em2579.jpg,ind-kirchoff/mason24,Quercus palustris,fruit,fruit,lateral or general close-up,fruit / lateral or general close-up,train,https://bioimages.vanderbilt.edu/tn/kirchoff/tem2579.jpg,https://bioimages.vanderbilt.edu/gq/kirchoff/gem2579.jpg
kirchoff/em2576,kirchoff_em2576.jpg,ind-kirchoff/mason24,Quercus palustris,leaf,leaf,margin of upper + lower surface,leaf / margin of upper + lower surface,train,https://bioimages.vanderbilt.edu/tn/kirchoff/tem2576.jpg,https://bioimages.vanderbilt.edu/gq/kirchoff/gem2576.jpg
kirchoff/em2566,kirchoff_em2566.jpg,ind-kirchoff/mason24,Quercus palustris,leaf,leaf,showing orientation on twig,leaf / showing orientation on twig,train,https://bioimages.vanderbilt.edu/tn/kirchoff/tem2566.jpg,https://bioimages.vanderbilt.edu/gq/kirchoff/gem2566.jpg
kirchoff/em2571,kirchoff_em2571.jpg,ind-kirchoff/mason24,Quercus palustris,leaf,leaf,whole upper surface,leaf / whole upper surface,train,https://bioimages.vanderbilt.edu/tn/kirchoff/tem2571.jpg,https://bioimages.vanderbilt.edu/gq/kirchoff/gem2571.jpg
kirchoff/em2572,kirchoff_em2572.jpg,ind-kirchoff/mason24,Quercus palustris,leaf,leaf,whole upper surface,leaf / whole upper surface,train,https://bioimages.vanderbilt.edu/tn/kirchoff/tem2572.jpg,https://bioimages.vanderbilt.edu/gq/kirchoff/gem2572.jpg
kirchoff/em2573,kirchoff_em2573.jpg,ind-kirchoff/mason24,Quercus palustris,leaf,leaf,whole upper surface,leaf / whole upper surface,train,https://bioimages.vanderbilt.edu/tn/kirchoff/tem2573.jpg,https://bioimages.vanderbilt.edu/gq/kirchoff/gem2573.jpg
kirchoff/em2574,kirchoff_em2574.jpg,ind-kirchoff/mason24,Quercus palustris,leaf,leaf,whole upper surface,leaf / whole upper surface,train,https://bioimages.vanderbilt.edu/tn/kirchoff/tem2574.jpg,https://bioimages.vanderbilt.edu/gq/kirchoff/gem2574.jpg
kirchoff/em2570,kirchoff_em2570.jpg,ind-kirchoff/mason24,Quercus palustris,twig,twig,orientation of petioles,twig / orientation of petioles,train,https://bioimages.vanderbilt.edu/tn/kirchoff/tem2570.jpg,https://bioimages.vanderbilt.edu/gq/kirchoff/gem2570.jpg
kirchoff/em2559,kirchoff_em2559.jpg,ind-kirchoff/mason24,Quercus palustris,whole plant,whole tree (or vine),general,whole tree (or vine) / general,train,https://bioimages.vanderbilt.edu/tn/kirchoff/tem2559.jpg,https://bioimages.vanderbilt.edu/gq/kirchoff/gem2559.jpg
kirchoff/em2561,kirchoff_em2561.jpg,ind-kirchoff/mason24,Quercus palustris,whole plant,whole tree (or vine),view up trunk,whole tree (or vine) / view up trunk,train,https://bioimages.vanderbilt.edu/tn/kirchoff/tem2561.jpg,https://bioimages.vanderbilt.edu/gq/kirchoff/gem2561.jpg
kirchoff/em2562,kirchoff_em2562.jpg,ind-kirchoff/mason24,Quercus palustris,whole plant,whole tree (or vine),view up trunk,whole tree (or vine) / view up trunk,train,https://bioimages.vanderbilt.edu/tn/kirchoff/tem2562.jpg,https://bioimages.vanderbilt.edu/gq/kirchoff/gem2562.jpg
kirchoff/em2584,kirchoff_em2584.jpg,ind-kirchoff/mason25,Quercus palustris,bark,bark,of a large tree,bark / of a large tree,train,https://bioimages.vanderbilt.edu/tn/kirchoff/tem2584.jpg,https://bioimages.vanderbilt.edu/gq/kirchoff/gem2584.jpg
kirchoff/em2585,kirchoff_em2585.jpg,ind-kirchoff/mason25,Quercus palustris,bark,bark,of a large tree,bark / of a large tree,train,https://bioimages.vanderbilt.edu/tn/kirchoff/tem2585.jpg,https://bioimages.vanderbilt.edu/gq/kirchoff/gem2585.jpg
kirchoff/em2593,kirchoff_em2593.jpg,ind-kirchoff/mason25,Quercus palustris,fruit,fruit,lateral or general close-up,fruit / lateral or general close-up,train,https://bioimages.vanderbilt.edu/tn/kirchoff/tem2593.jpg,https://bioimages.vanderbilt.edu/gq/kirchoff/gem2593.jpg
kirchoff/em2596,kirchoff_em2596.jpg,ind-kirchoff/mason25,Quercus palustris,fruit,fruit,lateral or general close-up,fruit / lateral or general close-up,train,https://bioimages.vanderbilt.edu/tn/kirchoff/tem2596.jpg,https://bioimages.vanderbilt.edu/gq/kirchoff/gem2596.jpg
kirchoff/em2603,kirchoff_em2603.jpg,ind-kirchoff/mason25,Quercus palustris,leaf,leaf,margin of upper + lower surface,leaf / margin of upper + lower surface,train,https://bioimages.vanderbilt.edu/tn/kirchoff/tem2603.jpg,https://bioimages.vanderbilt.edu/gq/kirchoff/gem2603.jpg
kirchoff/em2587,kirchoff_em2587.jpg,ind-kirchoff/mason25,Quercus palustris,leaf,leaf,showing orientation on twig,leaf / showing orientation on twig,train,https://bioimages.vanderbilt.edu/tn/kirchoff/tem2587.jpg,https://bioimages.vanderbilt.edu/gq/kirchoff/gem2587.jpg
kirchoff/em2597,kirchoff_em2597.jpg,ind-kirchoff/mason25,Quercus palustris,leaf,leaf,whole upper surface,leaf / whole upper surface,train,https://bioimages.vanderbilt.edu/tn/kirchoff/tem2597.jpg,https://bioimages.vanderbilt.edu/gq/kirchoff/gem2597.jpg
kirchoff/em2598,kirchoff_em2598.jpg,ind-kirchoff/mason25,Quercus palustris,leaf,leaf,whole upper surface,leaf / whole upper surface,train,https://bioimages.vanderbilt.edu/tn/kirchoff/tem2598.jpg,https://bioimages.vanderbilt.edu/gq/kirchoff/gem2598.jpg
kirchoff/em2599,kirchoff_em2599.jpg,ind-kirchoff/mason25,Quercus palustris,leaf,leaf,whole upper surface,leaf / whole upper surface,train,https://bioimages.vanderbilt.edu/tn/kirchoff/tem2599.jpg,https://bioimages.vanderbilt.edu/gq/kirchoff/gem2599.jpg
kirchoff/em2600,kirchoff_em2600.jpg,ind-kirchoff/mason25,Quercus palustris,leaf,leaf,whole upper surface,leaf / whole upper surface,train,https://bioimages.vanderbilt.edu/tn/kirchoff/tem2600.jpg,https://bioimages.vanderbilt.edu/gq/kirchoff/gem2600.jpg
kirchoff/em2590,kirchoff_em2590.jpg,ind-kirchoff/mason25,Quercus palustris,twig,twig,orientation of petioles,twig / orientation of petioles,train,https://bioimages.vanderbilt.edu/tn/kirchoff/tem2590.jpg,https://bioimages.vanderbilt.edu/gq/kirchoff/gem2590.jpg
kirchoff/em2581,kirchoff_em2581.jpg,ind-kirchoff/mason25,Quercus palustris,whole plant,whole tree (or vine),general,whole tree (or vine) / general,train,https://bioimages.vanderbilt.edu/tn/kirchoff/tem2581.jpg,https://bioimages.vanderbilt.edu/gq/kirchoff/gem2581.jpg
kirchoff/em2583,kirchoff_em2583.jpg,ind-kirchoff/mason25,Quercus palustris,whole plant,whole tree (or vine),general,whole tree (or vine) / general,train,https://bioimages.vanderbilt.edu/tn/kirchoff/tem2583.jpg,https://bioimages.vanderbilt.edu/gq/kirchoff/gem2583.jpg
kirchoff/em2607,kirchoff_em2607.jpg,ind-kirchoff/mason26,Quercus palustris,bark,bark,of a large tree,bark / of a large tree,train,https://bioimages.vanderbilt.edu/tn/kirchoff/tem2607.jpg,https://bioimages.vanderbilt.edu/gq/kirchoff/gem2607.jpg
kirchoff/em2616,kirchoff_em2616.jpg,ind-kirchoff/mason26,Quercus palustris,fruit,fruit,lateral or general close-up,fruit / lateral or general close-up,train,https://bioimages.vanderbilt.edu/tn/kirchoff/tem2616.jpg,https://bioimages.vanderbilt.edu/gq/kirchoff/gem2616.jpg
kirchoff/em2621,kirchoff_em2621.jpg,ind-kirchoff/mason26,Quercus palustris,leaf,leaf,margin of upper + lower surface,leaf / margin of upper + lower surface,train,https://bioimages.vanderbilt.edu/tn/kirchoff/tem2621.jpg,https://bioimages.vanderbilt.edu/gq/kirchoff/gem2621.jpg
kirchoff/em2623,kirchoff_em2623.jpg,ind-kirchoff/mason26,Quercus palustris,leaf,leaf,margin of upper + lower surface,leaf / margin of upper + lower surface,train,https://bioimages.vanderbilt.edu/tn/kirchoff/tem2623.jpg,https://bioimages.vanderbilt.edu/gq/kirchoff/gem2623.jpg
kirchoff/em2610,kirchoff_em2610.jpg,ind-kirchoff/mason26,Quercus palustris,leaf,leaf,showing orientation on twig,leaf / showing orientation on twig,train,https://bioimages.vanderbilt.edu/tn/kirchoff/tem2610.jpg,https://bioimages.vanderbilt.edu/gq/kirchoff/gem2610.jpg
kirchoff/em2618,kirchoff_em2618.jpg,ind-kirchoff/mason26,Quercus palustris,leaf,leaf,whole upper surface,leaf / whole upper surface,train,https://bioimages.vanderbilt.edu/tn/kirchoff/tem2618.jpg,https://bioimages.vanderbilt.edu/gq/kirchoff/gem2618.jpg
kirchoff/em2619,kirchoff_em2619.jpg,ind-kirchoff/mason26,Quercus palustris,leaf,leaf,whole upper surface,leaf / whole upper surface,train,https://bioimages.vanderbilt.edu/tn/kirchoff/tem2619.jpg,https://bioimages.vanderbilt.edu/gq/kirchoff/gem2619.jpg
kirchoff/em2620,kirchoff_em2620.jpg,ind-kirchoff/mason26,Quercus palustris,leaf,leaf,whole upper surface,leaf / whole upper surface,train,https://bioimages.vanderbilt.edu/tn/kirchoff/tem2620.jpg,https://bioimages.vanderbilt.edu/gq/kirchoff/gem2620.jpg
kirchoff/em2613,kirchoff_em2613.jpg,ind-kirchoff/mason26,Quercus palustris,twig,twig,orientation of petioles,twig / orientation of petioles,train,https://bioimages.vanderbilt.edu/tn/kirchoff/tem2613.jpg,https://bioimages.vanderbilt.edu/gq/kirchoff/gem2613.jpg
kirchoff/em2604,kirchoff_em2604.jpg,ind-kirchoff/mason26,Quercus palustris,whole plant,whole tree (or vine),general,whole tree (or vine) / general,train,https://bioimages.vanderbilt.edu/tn/kirchoff/tem2604.jpg,https://bioimages.vanderbilt.edu/gq/kirchoff/gem2604.jpg
kirchoff/em2605,kirchoff_em2605.jpg,ind-kirchoff/mason26,Quercus palustris,whole plant,whole tree (or vine),general,whole tree (or vine) / general,train,https://bioimages.vanderbilt.edu/tn/kirchoff/tem2605.jpg,https://bioimages.vanderbilt.edu/gq/kirchoff/gem2605.jpg
baskauf/50985,baskauf_50985.jpg,vanderbilt/12-76,Quercus palustris,flower,inflorescence,whole - female,inflorescence / whole - female,train,https://bioimages.vanderbilt.edu/tn/baskauf/tqupa2-flfemale50985.jpg,https://bioimages.vanderbilt.edu/gq/baskauf/gqupa2-flfemale50985.jpg
baskauf/50987,baskauf_50987.jpg,vanderbilt/12-76,Quercus palustris,flower,inflorescence,whole - male,inflorescence / whole - male,train,https://bioimages.vanderbilt.edu/tn/baskauf/tqupa2-flmale50987.jpg,https://bioimages.vanderbilt.edu/gq/baskauf/gqupa2-flmale50987.jpg
baskauf/50988,baskauf_50988.jpg,vanderbilt/12-76,Quercus palustris,flower,inflorescence,whole - unspecified,inflorescence / whole - unspecified,train,https://bioimages.vanderbilt.edu/tn/baskauf/tqupa2-flinflor50988.jpg,https://bioimages.vanderbilt.edu/gq/baskauf/gqupa2-flinflor50988.jpg
baskauf/15991,baskauf_15991.jpg,vanderbilt/12-76,Quercus palustris,fruit,fruit,lateral or general close-up,fruit / lateral or general close-up,train,https://bioimages.vanderbilt.edu/tn/baskauf/tqupa2-fr15991.jpg,https://bioimages.vanderbilt.edu/gq/baskauf/gqupa2-fr15991.jpg
baskauf/52472,baskauf_52472.jpg,vanderbilt/12-76,Quercus palustris,leaf,leaf,margin of upper + lower surface,leaf / margin of upper + lower surface,train,https://bioimages.vanderbilt.edu/tn/baskauf/tqupa2-lfmargin-uplow52472.jpg,https://bioimages.vanderbilt.edu/gq/baskauf/gqupa2-lfmargin-uplow52472.jpg
baskauf/15994,baskauf_15994.jpg,vanderbilt/12-76,Quercus palustris,twig,twig,orientation of petioles,twig / orientation of petioles,train,https://bioimages.vanderbilt.edu/tn/baskauf/tqupa2-tw15994.jpg,https://bioimages.vanderbilt.edu/gq/baskauf/gqupa2-tw15994.jpg
baskauf/91133,baskauf_91133.jpg,vanderbilt/12-76,Quercus palustris,whole plant,whole tree (or vine),general,whole tree (or vine) / general,train,https://bioimages.vanderbilt.edu/tn/baskauf/t91133.jpg,https://bioimages.vanderbilt.edu/gq/baskauf/g91133.jpg
baskauf/12625,baskauf_12625.jpg,vanderbilt/12-76,Quercus palustris,whole plant,whole tree (or vine),view up trunk,whole tree (or vine) / view up trunk,train,https://bioimages.vanderbilt.edu/tn/baskauf/tqupa2-wplookup-large12625.jpg,https://bioimages.vanderbilt.edu/gq/baskauf/gqupa2-wplookup-large12625.jpg
baskauf/19319,baskauf_19319.jpg,ind-baskauf/19299,Quercus palustris,flower,inflorescence,whole - male,inflorescence / whole - male,train,https://bioimages.vanderbilt.edu/tn/baskauf/tqupa2-flmale19319.jpg,https://bioimages.vanderbilt.edu/gq/baskauf/gqupa2-flmale19319.jpg
baskauf/19311,baskauf_19311.jpg,ind-baskauf/19299,Quercus palustris,flower,inflorescence,whole - unspecified,inflorescence / whole - unspecified,train,https://bioimages.vanderbilt.edu/tn/baskauf/tqupa2-fl19311.jpg,https://bioimages.vanderbilt.edu/gq/baskauf/gqupa2-fl19311.jpg
baskauf/90701,baskauf_90701.jpg,vanderbilt/12-215,Quercus palustris,whole plant,whole tree (or vine),general,whole tree (or vine) / general,train,https://bioimages.vanderbilt.edu/tn/baskauf/t90701.jpg,https://bioimages.vanderbilt.edu/gq/baskauf/g90701.jpg
baskauf/15823,baskauf_15823.jpg,ind-baskauf/15823,Quercus palustris,whole plant,whole tree (or vine),view up trunk,whole tree (or vine) / view up trunk,train,https://bioimages.vanderbilt.edu/tn/baskauf/tqupa2-wplookup15823.jpg,https://bioimages.vanderbilt.edu/gq/baskauf/gqupa2-wplookup15823.jpg
baskauf/15827,baskauf_15827.jpg,ind-baskauf/15827,Quercus palustris,whole plant,whole tree (or vine),view up trunk,whole tree (or vine) / view up trunk,train,https://bioimages.vanderbilt.edu/tn/baskauf/tqupa2-wplookup15827.jpg,https://bioimages.vanderbilt.edu/gq/baskauf/gqupa2-wplookup15827.jpg
baskauf/10499,baskauf_10499.jpg,vanderbilt/15-227,Quercus rubra,bark,bark,of a large tree,bark / of a large tree,test,https://bioimages.vanderbilt.edu/tn/baskauf/tquru--br10499.jpg,https://bioimages.vanderbilt.edu/gq/baskauf/gquru--br10499.jpg
baskauf/13118,baskauf_13118.jpg,vanderbilt/15-227,Quercus rubra,bark,bark,of a large tree,bark / of a large tree,test,https://bioimages.vanderbilt.edu/tn/baskauf/tquru--brlarge-tree13118.jpg,https://bioimages.vanderbilt.edu/gq/baskauf/gquru--brlarge-tree13118.jpg
baskauf/18093,baskauf_18093.jpg,vanderbilt/15-227,Quercus rubra,flower,inflorescence,whole - female,inflorescence / whole - female,test,https://bioimages.vanderbilt.edu/tn/baskauf/tquru--flmale18093.jpg,https://bioimages.vanderbilt.edu/gq/baskauf/gquru--flmale18093.jpg
baskauf/18096,baskauf_18096.jpg,vanderbilt/15-227,Quercus rubra,flower,inflorescence,whole - female,inflorescence / whole - female,test,https://bioimages.vanderbilt.edu/tn/baskauf/tquru--flfemale18096.jpg,https://bioimages.vanderbilt.edu/gq/baskauf/gquru--flfemale18096.jpg
baskauf/10498,baskauf_10498.jpg,vanderbilt/15-227,Quercus rubra,flower,inflorescence,whole - unspecified,inflorescence / whole - unspecified,test,https://bioimages.vanderbilt.edu/tn/baskauf/tquru--flin-flower-10498.jpg,https://bioimages.vanderbilt.edu/gq/baskauf/gquru--flin-flower-10498.jpg
baskauf/18084,baskauf_18084.jpg,vanderbilt/15-227,Quercus rubra,flower,inflorescence,whole - unspecified,inflorescence / whole - unspecified,test,https://bioimages.vanderbilt.edu/tn/baskauf/tquru--flinflor18084.jpg,https://bioimages.vanderbilt.edu/gq/baskauf/gquru--flinflor18084.jpg
baskauf/15999,baskauf_15999.jpg,vanderbilt/15-227,Quercus rubra,fruit,fruit,lateral or general close-up,fruit / lateral or general close-up,test,https://bioimages.vanderbilt.edu/tn/baskauf/tquru--fr15999.jpg,https://bioimages.vanderbilt.edu/gq/baskauf/gquru--fr15999.jpg
baskauf/13113,baskauf_13113.jpg,vanderbilt/15-227,Quercus rubra,leaf,leaf,showing orientation on twig,leaf / showing orientation on twig,test,https://bioimages.vanderbilt.edu/tn/baskauf/tquru--lfsun13113.jpg,https://bioimages.vanderbilt.edu/gq/baskauf/gquru--lfsun13113.jpg
baskauf/13127,baskauf_13127.jpg,vanderbilt/15-227,Quercus rubra,leaf,leaf,showing orientation on twig,leaf / showing orientation on twig,test,https://bioimages.vanderbilt.edu/tn/baskauf/tquru--lfshade-peti13127.jpg,https://bioimages.vanderbilt.edu/gq/baskauf/gquru--lfshade-peti13127.jpg
baskauf/13145,baskauf_13145.jpg,vanderbilt/15-227,Quercus rubra,leaf,leaf,unspecified,leaf / unspecified,test,https://bioimages.vanderbilt.edu/tn/baskauf/tquru--lflower-micro13145.jpg,https://bioimages.vanderbilt.edu/gq/baskauf/gquru--lflower-micro13145.jpg
baskauf/13151,baskauf_13151.jpg,vanderbilt/15-227,Quercus rubra,leaf,leaf,unspecified,leaf / unspecified,test,https://bioimages.vanderbilt.edu/tn/baskauf/tquru--lflower-close13151.jpg,https://bioimages.vanderbilt.edu/gq/baskauf/gquru--lflower-close13151.jpg
baskauf/13132,baskauf_13132.jpg,vanderbilt/15-227,Quercus rubra,leaf,leaf,whole upper surface,leaf / whole upper surface,test,https://bioimages.vanderbilt.edu/tn/baskauf/tquru--lfsun13132.jpg,https://bioimages.vanderbilt.edu/gq/baskauf/gquru--lfsun13132.jpg
baskauf/13155,baskauf_13155.jpg,vanderbilt/15-227,Quercus rubra,twig,twig,close-up winter leaf scar/bud,twig / close-up winter leaf scar/bud,test,https://bioimages.vanderbilt.edu/tn/baskauf/tquru--twbud-13155.jpg,https://bioimages.vanderbilt.edu/gq/baskauf/gquru--twbud-13155.jpg
baskauf/13135,baskauf_13135.jpg,vanderbilt/15-227,Quercus rubra,twig,twig,orientation of petioles,twig / orientation of petioles,test,https://bioimages.vanderbilt.edu/tn/baskauf/tquru--twsun-peti13135.jpg,https://bioimages.vanderbilt.edu/gq/baskauf/gquru--twsun-peti13135.jpg
baskauf/90884,baskauf_90884.jpg,vanderbilt/15-227,Quercus rubra,whole plant,whole tree (or vine),general,whole tree (or vine) / general,test,https://bioimages.vanderbilt.edu/tn/baskauf/t90884.jpg,https://bioimages.vanderbilt.edu/gq/baskauf/g90884.jpg
baskauf/90889,baskauf_90889.jpg,vanderbilt/15-227,Quercus rubra,whole plant,whole tree (or vine),general,whole tree (or vine) / general,test,https://bioimages.vanderbilt.edu/tn/baskauf/t90889.jpg,https://bioimages.vanderbilt.edu/gq/baskauf/g90889.jpg
baskauf/13122,baskauf_13122.jpg,vanderbilt/15-227,Quercus rubra,whole plant,whole tree (or vine),view up trunk,whole tree (or vine) / view up trunk,test,https://bioimages.vanderbilt.edu/tn/baskauf/tquru--wplookup-lrg13122.jpg,https://bioimages.vanderbilt.edu/gq/baskauf/gquru--wplookup-lrg13122.jpg
baskauf/15732,baskauf_15732.jpg,ind-baskauf/15732,Quercus rubra,bark,bark,of a large tree,bark / of a large tree,test,https://bioimages.vanderbilt.edu/tn/baskauf/tquru--br15732.jpg,https://bioimages.vanderbilt.edu/gq/baskauf/gquru--br15732.jpg
kirchoff/em2393,kirchoff_em2393.jpg,ind-kirchoff/mason17,Quercus rubra,bark,bark,of a large tree,bark / of a large tree,test,https://bioimages.vanderbilt.edu/tn/kirchoff/tem2393.jpg,https://bioimages.vanderbilt.edu/gq/kirchoff/gem2393.jpg
kirchoff/em2394,kirchoff_em2394.jpg,ind-kirchoff/mason17,Quercus rubra,bark,bark,of a large tree,bark / of a large tree,test,https://bioimages.vanderbilt.edu/tn/kirchoff/tem2394.jpg,https://bioimages.vanderbilt.edu/gq/kirchoff/gem2394.jpg
kirchoff/em2408,kirchoff_em2408.jpg,ind-kirchoff/mason17,Quercus rubra,leaf,leaf,margin of upper + lower surface,leaf / margin of upper + lower surface,test,https://bioimages.vanderbilt.edu/tn/kirchoff/tem2408.jpg,https://bioimages.vanderbilt.edu/gq/kirchoff/gem2408.jpg
kirchoff/em2409,kirchoff_em2409.jpg,ind-kirchoff/mason17,Quercus rubra,leaf,leaf,margin of upper + lower surface,leaf / margin of upper + lower surface,test,https://bioimages.vanderbilt.edu/tn/kirchoff/tem2409.jpg,https://bioimages.vanderbilt.edu/gq/kirchoff/gem2409.jpg
kirchoff/em2396,kirchoff_em2396.jpg,ind-kirchoff/mason17,Quercus rubra,leaf,leaf,showing orientation on twig,leaf / showing orientation on twig,test,https://bioimages.vanderbilt.edu/tn/kirchoff/tem2396.jpg,https://bioimages.vanderbilt.edu/gq/kirchoff/gem2396.jpg
kirchoff/em2403,kirchoff_em2403.jpg,ind-kirchoff/mason17,Quercus rubra,leaf,leaf,whole upper surface,leaf / whole upper surface,test,https://bioimages.vanderbilt.edu/tn/kirchoff/tem2403.jpg,https://bioimages.vanderbilt.edu/gq/kirchoff/gem2403.jpg
kirchoff/em2404,kirchoff_em2404.jpg,ind-kirchoff/mason17,Quercus rubra,leaf,leaf,whole upper surface,leaf / whole upper surface,test,https://bioimages.vanderbilt.edu/tn/kirchoff/tem2404.jpg,https://bioimages.vanderbilt.edu/gq/kirchoff/gem2404.jpg
kirchoff/em2405,kirchoff_em2405.jpg,ind-kirchoff/mason17,Quercus rubra,leaf,leaf,whole upper surface,leaf / whole upper surface,test,https://bioimages.vanderbilt.edu/tn/kirchoff/tem2405.jpg,https://bioimages.vanderbilt.edu/gq/kirchoff/gem2405.jpg
kirchoff/em2406,kirchoff_em2406.jpg,ind-kirchoff/mason17,Quercus rubra,leaf,leaf,whole upper surface,leaf / whole upper surface,test,https://bioimages.vanderbilt.edu/tn/kirchoff/tem2406.jpg,https://bioimages.vanderbilt.edu/gq/kirchoff/gem2406.jpg
kirchoff/em2407,kirchoff_em2407.jpg,ind-kirchoff/mason17,Quercus rubra,leaf,leaf,whole upper surface,leaf / whole upper surface,test,https://bioimages.vanderbilt.edu/tn/kirchoff/tem2407.jpg,https://bioimages.vanderbilt.edu/gq/kirchoff/gem2407.jpg
kirchoff/em2397,kirchoff_em2397.jpg,ind-kirchoff/mason17,Quercus rubra,twig,twig,orientation of petioles,twig / orientation of petioles,test,https://bioimages.vanderbilt.edu/tn/kirchoff/tem2397.jpg,https://bioimages.vanderbilt.edu/gq/kirchoff/gem2397.jpg
kirchoff/em2399,kirchoff_em2399.jpg,ind-kirchoff/mason17,Quercus rubra,twig,twig,orientation of petioles,twig / orientation of petioles,test,https://bioimages.vanderbilt.edu/tn/kirchoff/tem2399.jpg,https://bioimages.vanderbilt.edu/gq/kirchoff/gem2399.jpg
kirchoff/em2401,kirchoff_em2401.jpg,ind-kirchoff/mason17,Quercus rubra,twig,twig,orientation of petioles,twig / orientation of petioles,test,https://bioimages.vanderbilt.edu/tn/kirchoff/tem2401.jpg,https://bioimages.vanderbilt.edu/gq/kirchoff/gem2401.jpg
kirchoff/em2402,kirchoff_em2402.jpg,ind-kirchoff/mason17,Quercus rubra,twig,twig,orientation of petioles,twig / orientation of petioles,test,https://bioimages.vanderbilt.edu/tn/kirchoff/tem2402.jpg,https://bioimages.vanderbilt.edu/gq/kirchoff/gem2402.jpg
kirchoff/em2392,kirchoff_em2392.jpg,ind-kirchoff/mason17,Quercus rubra,whole plant,whole tree (or vine),general,whole tree (or vine) / general,test,https://bioimages.vanderbilt.edu/tn/kirchoff/tem2392.jpg,https://bioimages.vanderbilt.edu/gq/kirchoff/gem2392.jpg
kirchoff/em2413,kirchoff_em2413.jpg,ind-kirchoff/mason21,Quercus rubra,bark,bark,of a large tree,bark / of a large tree,test,https://bioimages.vanderbilt.edu/tn/kirchoff/tem2413.jpg,https://bioimages.vanderbilt.edu/gq/kirchoff/gem2413.jpg
kirchoff/em2424,kirchoff_em2424.jpg,ind-kirchoff/mason21,Quercus rubra,leaf,leaf,margin of upper + lower surface,leaf / margin of upper + lower surface,test,https://bioimages.vanderbilt.edu/tn/kirchoff/tem2424.jpg,https://bioimages.vanderbilt.edu/gq/kirchoff/gem2424.jpg
kirchoff/em2414,kirchoff_em2414.jpg,ind-kirchoff/mason21,Quercus rubra,leaf,leaf,showing orientation on twig,leaf / showing orientation on twig,test,https://bioimages.vanderbilt.edu/tn/kirchoff/tem2414.jpg,https://bioimages.vanderbilt.edu/gq/kirchoff/gem2414.jpg
kirchoff/em2415,kirchoff_em2415.jpg,ind-kirchoff/mason21,Quercus rubra,leaf,leaf,showing orientation on twig,leaf / showing orientation on twig,test,https://bioimages.vanderbilt.edu/tn/kirchoff/tem2415.jpg,https://bioimages.vanderbilt.edu/gq/kirchoff/gem2415.jpg
kirchoff/em2420,kirchoff_em2420.jpg,ind-kirchoff/mason21,Quercus rubra,leaf,leaf,whole upper surface,leaf / whole upper surface,test,https://bioimages.vanderbilt.edu/tn/kirchoff/tem2420.jpg,https://bioimages.vanderbilt.edu/gq/kirchoff/gem2420.jpg
kirchoff/em2421,kirchoff_em2421.jpg,ind-kirchoff/mason21,Quercus rubra,leaf,leaf,whole upper surface,leaf / whole upper surface,test,https://bioimages.vanderbilt.edu/tn/kirchoff/tem2421.jpg,https://bioimages.vanderbilt.edu/gq/kirchoff/gem2421.jpg
kirchoff/em2422,kirchoff_em2422.jpg,ind-kirchoff/mason21,Quercus rubra,leaf,leaf,whole upper surface,leaf / whole upper surface,test,https://bioimages.vanderbilt.edu/tn/kirchoff/tem2422.jpg,https://bioimages.vanderbilt.edu/gq/kirchoff/gem2422.jpg
kirchoff/em2418,kirchoff_em2418.jpg,ind-kirchoff/mason21,Quercus rubra,twig,twig,orientation of petioles,twig / orientation of petioles,test,https://bioimages.vanderbilt.edu/tn/kirchoff/tem2418.jpg,https://bioimages.vanderbilt.edu/gq/kirchoff/gem2418.jpg
kirchoff/em2412,kirchoff_em2412.jpg,ind-kirchoff/mason21,Quercus rubra,whole plant,whole tree (or vine),general,whole tree (or vine) / general,test,https://bioimages.vanderbilt.edu/tn/kirchoff/tem2412.jpg,https://bioimages.vanderbilt.edu/gq/kirchoff/gem2412.jpg
baskauf/15643,baskauf_15643.jpg,vanderbilt/7-306,Quercus rubra,leaf,leaf,margin of upper + lower surface,leaf / margin of upper + lower surface,test,https://bioimages.vanderbilt.edu/tn/baskauf/tquru--lfmargin-uplow15643.jpg,https://bioimages.vanderbilt.edu/gq/baskauf/gquru--lfmargin-uplow15643.jpg
baskauf/90969,baskauf_90969.jpg,vanderbilt/7-306,Quercus rubra,whole plant,whole tree (or vine),general,whole tree (or vine) / general,test,https://bioimages.vanderbilt.edu/tn/baskauf/t90969.jpg,https://bioimages.vanderbilt.edu/gq/baskauf/g90969.jpg
baskauf/90972,baskauf_90972.jpg,vanderbilt/7-306,Quercus rubra,whole plant,whole tree (or vine),general,whole tree (or vine) / general,test,https://bioimages.vanderbilt.edu/tn/baskauf/t90972.jpg,https://bioimages.vanderbilt.edu/gq/baskauf/g90972.jpg
baskauf/89376,baskauf_89376.jpg,vanderbilt/7-306,Quercus rubra,whole plant,whole tree (or vine),winter,whole tree (or vine) / winter,test,https://bioimages.vanderbilt.edu/tn/baskauf/t89376.jpg,https://bioimages.vanderbilt.edu/gq/baskauf/g89376.jpg
baskauf/90696,baskauf_90696.jpg,ind-baskauf/90696,Quercus rubra,whole plant,whole tree (or vine),general,whole tree (or vine) / general,test,https://bioimages.vanderbilt.edu/tn/baskauf/t90696.jpg,https://bioimages.vanderbilt.edu/gq/baskauf/g90696.jpg
baskauf/90735,baskauf_90735.jpg,vanderbilt/12-112,Quercus rubra,whole plant,whole tree (or vine),general,whole tree (or vine) / general,test,https://bioimages.vanderbilt.edu/tn/baskauf/t90735.jpg,https://bioimages.vanderbilt.edu/gq/baskauf/g90735.jpg
baskauf/90737,baskauf_90737.jpg,vanderbilt/12-112,Quercus rubra,whole plant,whole tree (or vine),view up trunk,whole tree (or vine) / view up trunk,test,https://bioimages.vanderbilt.edu/tn/baskauf/t90737.jpg,https://bioimages.vanderbilt.edu/gq/baskauf/g90737.jpg
baskauf/90815,baskauf_90815.jpg,vanderbilt/5-76,Quercus rubra,whole plant,whole tree (or vine),general,whole tree (or vine) / general,test,https://bioimages.vanderbilt.edu/tn/baskauf/t90815.jpg,https://bioimages.vanderbilt.edu/gq/baskauf/g90815.jpg
baskauf/90817,baskauf_90817.jpg,vanderbilt/5-76,Quercus rubra,whole plant,whole tree (or vine),general,whole tree (or vine) / general,test,https://bioimages.vanderbilt.edu/tn/baskauf/t90817.jpg,https://bioimages.vanderbilt.edu/gq/baskauf/g90817.jpg
baskauf/90820,baskauf_90820.jpg,vanderbilt/5-76,Quercus rubra,whole plant,whole tree (or vine),view up trunk,whole tree (or vine) / view up trunk,test,https://bioimages.vanderbilt.edu/tn/baskauf/t90820.jpg,https://bioimages.vanderbilt.edu/gq/baskauf/g90820.jpg
baskauf/91105,baskauf_91105.jpg,vanderbilt/12-6,Quercus rubra,whole plant,whole tree (or vine),general,whole tree (or vine) / general,test,https://bioimages.vanderbilt.edu/tn/baskauf/t91105.jpg,https://bioimages.vanderbilt.edu/gq/baskauf/g91105.jpg
baskauf/11958,baskauf_11958.jpg,ind-baskauf/11958,Ginkgo biloba,bark,bark,of a large tree,bark / of a large tree,train,https://bioimages.vanderbilt.edu/tn/baskauf/tgibi2-brlarge11958.jpg,https://bioimages.vanderbilt.edu/gq/baskauf/ggibi2-brlarge11958.jpg
baskauf/11960,baskauf_11960.jpg,ind-baskauf/11958,Ginkgo biloba,bark,bark,of a medium tree or large branch,bark / of a medium tree or large branch,train,https://bioimages.vanderbilt.edu/tn/baskauf/tgibi2-brsmall11960.jpg,https://bioimages.vanderbilt.edu/gq/baskauf/ggibi2-brsmall11960.jpg
ssmv/2-185-02,ssmv_2-185-02.jpg,vanderbilt/2-101,Ginkgo biloba,bark,bark,of a large tree,bark / of a large tree,train,https://bioimages.vanderbilt.edu/tn/ssmv/t2-185-02.jpg,https://bioimages.vanderbilt.edu/gq/ssmv/g2-185-02.jpg
ssmv/2-185-03,ssmv_2-185-03.jpg,vanderbilt/2-101,Ginkgo biloba,needle,leaf,entire needle,leaf / entire needle,train,https://bioimages.vanderbilt.edu/tn/ssmv/t2-185-03.jpg,https://bioimages.vanderbilt.edu/gq/ssmv/g2-185-03.jpg
baskauf/11304,baskauf_11304.jpg,vanderbilt/2-101,Ginkgo biloba,needle,leaf,showing orientation on twig,leaf / showing orientation on twig,train,https://bioimages.vanderbilt.edu/tn/baskauf/tgibi2-lfseveral11304.jpg,https://bioimages.vanderbilt.edu/gq/baskauf/ggibi2-lfseveral11304.jpg
ssmv/2-185-04,ssmv_2-185-04.jpg,vanderbilt/2-101,Ginkgo biloba,needle,leaf,showing orientation on twig,leaf / showing orientation on twig,train,https://bioimages.vanderbilt.edu/tn/ssmv/t2-185-04.jpg,https://bioimages.vanderbilt.edu/gq/ssmv/g2-185-04.jpg
baskauf/11301,baskauf_11301.jpg,vanderbilt/2-101,Ginkgo biloba,whole plant,whole tree,general,whole tree / general,train,https://bioimages.vanderbilt.edu/tn/baskauf/tgibi2-wplarge11301.jpg,https://bioimages.vanderbilt.edu/gq/baskauf/ggibi2-wplarge11301.jpg
ssmv/2-185-01,ssmv_2-185-01.jpg,vanderbilt/2-101,Ginkgo biloba,whole plant,whole tree,general,whole tree / general,train,https://bioimages.vanderbilt.edu/tn/ssmv/t2-185-01.jpg,https://bioimages.vanderbilt.edu/gq/ssmv/g2-185-01.jpg
baskauf/12307,baskauf_12307.jpg,vanderbilt/12-63,Ginkgo biloba,cone,cone,female - closed,cone / female - closed,train,https://bioimages.vanderbilt.edu/tn/baskauf/tgibi2-cofemale-devel12307.jpg,https://bioimages.vanderbilt.edu/gq/baskauf/ggibi2-cofemale-devel12307.jpg
baskauf/12309,baskauf_12309.jpg,vanderbilt/12-63,Ginkgo biloba,cone,cone,female - closed,cone / female - closed,train,https://bioimages.vanderbilt.edu/tn/baskauf/tgibi2-cofemale-devel12309.jpg,https://bioimages.vanderbilt.edu/gq/baskauf/ggibi2-cofemale-devel12309.jpg
baskauf/15598,baskauf_15598.jpg,vanderbilt/12-63,Ginkgo biloba,cone,cone,female - closed,cone / female - closed,train,https://bioimages.vanderbilt.edu/tn/baskauf/tgibi2-fr15598.jpg,https://bioimages.vanderbilt.edu/gq/baskauf/ggibi2-fr15598.jpg
baskauf/15604,baskauf_15604.jpg,vanderbilt/12-63,Ginkgo biloba,cone,cone,female - mature open,cone / female - mature open,train,https://bioimages.vanderbilt.edu/tn/baskauf/tgibi2-frcloseup15604.jpg,https://bioimages.vanderbilt.edu/gq/baskauf/ggibi2-frcloseup15604.jpg
baskauf/19346,baskauf_19346.jpg,vanderbilt/12-63,Ginkgo biloba,cone,cone,female - mature open,cone / female - mature open,train,https://bioimages.vanderbilt.edu/tn/baskauf/tgibi2-coseed19346.jpg,https://bioimages.vanderbilt.edu/gq/baskauf/ggibi2-coseed19346.jpg
baskauf/19354,baskauf_19354.jpg,vanderbilt/12-63,Ginkgo biloba,cone,cone,female - receptive,cone / female - receptive,train,https://bioimages.vanderbilt.edu/tn/baskauf/tgibi2-cofemale-recep19354.jpg,https://bioimages.vanderbilt.edu/gq/baskauf/ggibi2-cofemale-recep19354.jpg
baskauf/19361,baskauf_19361.jpg,vanderbilt/12-63,Ginkgo biloba,cone,cone,female - receptive,cone / female - receptive,train,https://bioimages.vanderbilt.edu/tn/baskauf/tgibi2-cofem-rec-close19361.jpg,https://bioimages.vanderbilt.edu/gq/baskauf/ggibi2-cofem-rec-close19361.jpg
baskauf/15607,baskauf_15607.jpg,vanderbilt/12-63,Ginkgo biloba,twig,twig,showing attachment of needles,twig / showing attachment of needles,train,https://bioimages.vanderbilt.edu/tn/baskauf/tgibi2-tw15607.jpg,https://bioimages.vanderbilt.edu/gq/baskauf/ggibi2-tw15607.jpg
baskauf/50745,baskauf_50745.jpg,vanderbilt/4-214,Ginkgo biloba,cone,cone,female - receptive,cone / female - receptive,train,https://bioimages.vanderbilt.edu/tn/baskauf/tgibi2-cofemale-devel50745.jpg,https://bioimages.vanderbilt.edu/gq/baskauf/ggibi2-cofemale-devel50745.jpg
baskauf/50996,baskauf_50996.jpg,vanderbilt/4-214,Ginkgo biloba,cone,cone,female - receptive,cone / female - receptive,train,https://bioimages.vanderbilt.edu/tn/baskauf/tgibi2-cofemale-receptive50996.jpg,https://bioimages.vanderbilt.edu/gq/baskauf/ggibi2-cofemale-receptive50996.jpg
baskauf/50998,baskauf_50998.jpg,vanderbilt/4-214,Ginkgo biloba,cone,cone,female - receptive,cone / female - receptive,train,https://bioimages.vanderbilt.edu/tn/baskauf/tgibi2-cofemale-receptive50998.jpg,https://bioimages.vanderbilt.edu/gq/baskauf/ggibi2-cofemale-receptive50998.jpg
baskauf/91076,baskauf_91076.jpg,vanderbilt/4-214,Ginkgo biloba,whole plant,whole tree,general,whole tree / general,train,https://bioimages.vanderbilt.edu/tn/baskauf/t91076.jpg,https://bioimages.vanderbilt.edu/gq/baskauf/g91076.jpg
baskauf/10554,baskauf_10554.jpg,vanderbilt/12-126,Ginkgo biloba,cone,cone,male,cone / male,train,https://bioimages.vanderbilt.edu/tn/baskauf/tgibi2-comale10554.jpg,https://bioimages.vanderbilt.edu/gq/baskauf/ggibi2-comale10554.jpg
baskauf/10556,baskauf_10556.jpg,vanderbilt/12-126,Ginkgo biloba,needle,leaf,showing orientation on twig,leaf / showing orientation on twig,train,https://bioimages.vanderbilt.edu/tn/baskauf/tgibi2-lfpetiole-close10556.jpg,https://bioimages.vanderbilt.edu/gq/baskauf/ggibi2-lfpetiole-close10556.jpg
baskauf/10502,baskauf_10502.jpg,vanderbilt/12-126,Ginkgo biloba,twig,twig,showing attachment of needles,twig / showing attachment of needles,train,https://bioimages.vanderbilt.edu/tn/baskauf/tgibi2-lfdevel10502.jpg,https://bioimages.vanderbilt.edu/gq/baskauf/ggibi2-lfdevel10502.jpg
baskauf/10557,baskauf_10557.jpg,vanderbilt/12-126,Ginkgo biloba,twig,twig,showing attachment of needles,twig / showing attachment of needles,train,https://bioimages.vanderbilt.edu/tn/baskauf/tgibi2-twdevel-lf10557.jpg,https://bioimages.vanderbilt.edu/gq/baskauf/ggibi2-twdevel-lf10557.jpg
baskauf/91126,baskauf_91126.jpg,vanderbilt/12-126,Ginkgo biloba,whole plant,whole tree,general,whole tree / general,train,https://bioimages.vanderbilt.edu/tn/baskauf/t91126.jpg,https://bioimages.vanderbilt.edu/gq/baskauf/g91126.jpg
baskauf/11176,baskauf_11176.jpg,ind-baskauf/11174,Ginkgo biloba,needle,leaf,entire needle,leaf / entire needle,train,https://bioimages.vanderbilt.edu/tn/baskauf/tgibi2-lf11176.jpg,https://bioimages.vanderbilt.edu/gq/baskauf/ggibi2-lf11176.jpg
baskauf/11174,baskauf_11174.jpg,ind-baskauf/11174,Ginkgo biloba,needle,leaf,showing orientation on twig,leaf / showing orientation on twig,train,https://bioimages.vanderbilt.edu/tn/baskauf/tgibi2-lfseveral11174.jpg,https://bioimages.vanderbilt.edu/gq/baskauf/ggibi2-lfseveral11174.jpg
baskauf/10693,baskauf_10693.jpg,vanderbilt/11-210,Aesculus glabra,bark,bark,of a large tree,bark / of a large tree,train,https://bioimages.vanderbilt.edu/tn/baskauf/taegl--br10693.jpg,https://bioimages.vanderbilt.edu/gq/baskauf/gaegl--br10693.jpg
baskauf/10692,baskauf_10692.jpg,vanderbilt/11-210,Aesculus glabra,flower,inflorescence,lateral view of flower,inflorescence / lateral view of flower,train,https://bioimages.vanderbilt.edu/tn/baskauf/taegl--flcloseup10692.jpg,https://bioimages.vanderbilt.edu/gq/baskauf/gaegl--flcloseup10692.jpg
baskauf/10689,baskauf_10689.jpg,vanderbilt/11-210,Aesculus glabra,flower,inflorescence,whole - unspecified,inflorescence / whole - unspecified,train,https://bioimages.vanderbilt.edu/tn/baskauf/taegl--flin-flower10689.jpg,https://bioimages.vanderbilt.edu/gq/baskauf/gaegl--flin-flower10689.jpg
baskauf/10690,baskauf_10690.jpg,vanderbilt/11-210,Aesculus glabra,flower,inflorescence,whole - unspecified,inflorescence / whole - unspecified,train,https://bioimages.vanderbilt.edu/tn/baskauf/taegl--flinflor10690.jpg,https://bioimages.vanderbilt.edu/gq/baskauf/gaegl--flinflor10690.jpg
baskauf/51420,baskauf_51420.jpg,vanderbilt/11-210,Aesculus glabra,fruit,fruit,immature,fruit / immature,train,https://bioimages.vanderbilt.edu/tn/baskauf/taegl--frdevel51420.jpg,https://bioimages.vanderbilt.edu/gq/baskauf/gaegl--frdevel51420.jpg
baskauf/11181,baskauf_11181.jpg,vanderbilt/11-210,Aesculus glabra,leaf,leaf,showing orientation on twig,leaf / showing orientation on twig,train,https://bioimages.vanderbilt.edu/tn/baskauf/taegl--lfseveral11181.jpg,https://bioimages.vanderbilt.edu/gq/baskauf/gaegl--lfseveral11181.jpg
baskauf/11182,baskauf_11182.jpg,vanderbilt/11-210,Aesculus glabra,leaf,leaf,whole upper surface,leaf / whole upper surface,train,https://bioimages.vanderbilt.edu/tn/baskauf/taegl--lf11182.jpg,https://bioimages.vanderbilt.edu/gq/baskauf/gaegl--lf11182.jpg
baskauf/15925,baskauf_15925.jpg,vanderbilt/11-210,Aesculus glabra,twig,twig,orientation of petioles,twig / orientation of petioles,train,https://bioimages.vanderbilt.edu/tn/baskauf/taegl--tw15925.jpg,https://bioimages.vanderbilt.edu/gq/baskauf/gaegl--tw15925.jpg
baskauf/90876,baskauf_90876.jpg,vanderbilt/11-210,Aesculus glabra,whole plant,whole tree (or vine),general,whole tree (or vine) / general,train,https://bioimages.vanderbilt.edu/tn/baskauf/t90876.jpg,https://bioimages.vanderbilt.edu/gq/baskauf/g90876.jpg
thomas/0014-01-07,thomas_0014-01-07.jpg,thomas/0014-01,Aesculus glabra,flower,inflorescence,close-up of flower interior,inflorescence / close-up of flower interior,train,https://bioimages.vanderbilt.edu/tn/thomas/t0014-01-07.jpg,https://bioimages.vanderbilt.edu/gq/thomas/g0014-01-07.jpg
thomas/0014-01-02,thomas_0014-01-02.jpg,thomas/0014-01,Aesculus glabra,flower,inflorescence,lateral view of flower,inflorescence / lateral view of flower,train,https://bioimages.vanderbilt.edu/tn/thomas/t0014-01-02.jpg,https://bioimages.vanderbilt.edu/gq/thomas/g0014-01-02.jpg
thomas/0014-01-05,thomas_0014-01-05.jpg,thomas/0014-01,Aesculus glabra,flower,inflorescence,lateral view of flower,inflorescence / lateral view of flower,train,https://bioimages.vanderbilt.edu/tn/thomas/t0014-01-05.jpg,https://bioimages.vanderbilt.edu/gq/thomas/g0014-01-05.jpg
thomas/0014-01-09,thomas_0014-01-09.jpg,thomas/0014-01,Aesculus glabra,flower,inflorescence,lateral view of flower,inflorescence / lateral view of flower,train,https://bioimages.vanderbilt.edu/tn/thomas/t0014-01-09.jpg,https://bioimages.vanderbilt.edu/gq/thomas/g0014-01-09.jpg
thomas/0014-01-04,thomas_0014-01-04.jpg,thomas/0014-01,Aesculus glabra,flower,inflorescence,whole - unspecified,inflorescence / whole - unspecified,train,https://bioimages.vanderbilt.edu/tn/thomas/t0014-01-04.jpg,https://bioimages.vanderbilt.edu/gq/thomas/g0014-01-04.jpg
thomas/0014-01-03,thomas_0014-01-03.jpg,thomas/0014-01,Aesculus glabra,leaf,leaf,whole upper surface,leaf / whole upper surface,train,https://bioimages.vanderbilt.edu/tn/thomas/t0014-01-03.jpg,https://bioimages.vanderbilt.edu/gq/thomas/g0014-01-03.jpg
thomas/0014-01-08,thomas_0014-01-08.jpg,thomas/0014-01,Aesculus glabra,leaf,leaf,whole upper surface,leaf / whole upper surface,train,https://bioimages.vanderbilt.edu/tn/thomas/t0014-01-08.jpg,https://bioimages.vanderbilt.edu/gq/thomas/g0014-01-08.jpg
thomas/0014-01-01,thomas_0014-01-01.jpg,thomas/0014-01,Aesculus glabra,whole plant,whole tree (or vine),general,whole tree (or vine) / general,train,https://bioimages.vanderbilt.edu/tn/thomas/t0014-01-01.jpg,https://bioimages.vanderbilt.edu/gq/thomas/g0014-01-01.jpg
thomas/0014-01-06,thomas_0014-01-06.jpg,thomas/0014-01,Aesculus glabra,whole plant,whole tree (or vine),general,whole tree (or vine) / general,train,https://bioimages.vanderbilt.edu/tn/thomas/t0014-01-06.jpg,https://bioimages.vanderbilt.edu/gq/thomas/g0014-01-06.jpg
thomas/0265-01-06,thomas_0265-01-06.jpg,thomas/0265-01,Aesculus glabra,flower,inflorescence,lateral view of flower,inflorescence / lateral view of flower,train,https://bioimages.vanderbilt.edu/tn/thomas/t0265-01-06.jpg,https://bioimages.vanderbilt.edu/gq/thomas/g0265-01-06.jpg
thomas/0265-01-04,thomas_0265-01-04.jpg,thomas/0265-01,Aesculus glabra,leaf,leaf,showing orientation on twig,leaf / showing orientation on twig,train,https://bioimages.vanderbilt.edu/tn/thomas/t0265-01-04.jpg,https://bioimages.vanderbilt.edu/gq/thomas/g0265-01-04.jpg
thomas/0265-01-01,thomas_0265-01-01.jpg,thomas/0265-01,Aesculus glabra,leaf,leaf,whole upper surface,leaf / whole upper surface,train,https://bioimages.vanderbilt.edu/tn/thomas/t0265-01-01.jpg,https://bioimages.vanderbilt.edu/gq/thomas/g0265-01-01.jpg
thomas/0265-01-05,thomas_0265-01-05.jpg,thomas/0265-01,Aesculus glabra,leaf,leaf,whole upper surface,leaf / whole upper surface,train,https://bioimages.vanderbilt.edu/tn/thomas/t0265-01-05.jpg,https://bioimages.vanderbilt.edu/gq/thomas/g0265-01-05.jpg
thomas/0265-01-02,thomas_0265-01-02.jpg,thomas/0265-01,Aesculus glabra,twig,twig,close-up winter leaf scar/bud,twig / close-up winter leaf scar/bud,train,https://bioimages.vanderbilt.edu/tn/thomas/t0265-01-02.jpg,https://bioimages.vanderbilt.edu/gq/thomas/g0265-01-02.jpg
thomas/0265-01-03,thomas_0265-01-03.jpg,thomas/0265-01,Aesculus glabra,twig,twig,orientation of petioles,twig / orientation of petioles,train,https://bioimages.vanderbilt.edu/tn/thomas/t0265-01-03.jpg,https://bioimages.vanderbilt.edu/gq/thomas/g0265-01-03.jpg
baskauf/39880,baskauf_39880.jpg,ind-baskauf/39879,Aesculus glabra,fruit,fruit,immature,fruit / immature,train,https://bioimages.vanderbilt.edu/tn/baskauf/taegl--frdevel39880.jpg,https://bioimages.vanderbilt.edu/gq/baskauf/gaegl--frdevel39880.jpg
baskauf/27896,baskauf_27896.jpg,ind-baskauf/27882,Carya cordiformis,bark,bark,of a large tree,bark / of a large tree,validation,https://bioimages.vanderbilt.edu/tn/baskauf/tcaco15brclose27896.jpg,https://bioimages.vanderbilt.edu/gq/baskauf/gcaco15brclose27896.jpg
baskauf/27897,baskauf_27897.jpg,ind-baskauf/27882,Carya cordiformis,bark,bark,of a large tree,bark / of a large tree,validation,https://bioimages.vanderbilt.edu/tn/baskauf/tcaco15br27897.jpg,https://bioimages.vanderbilt.edu/gq/baskauf/gcaco15br27897.jpg
baskauf/27889,baskauf_27889.jpg,ind-baskauf/27882,Carya cordiformis,leaf,leaf,whole upper surface,leaf / whole upper surface,validation,https://bioimages.vanderbilt.edu/tn/baskauf/tcaco15lf27889.jpg,https://bioimages.vanderbilt.edu/gq/baskauf/gcaco15lf27889.jpg
baskauf/27886,baskauf_27886.jpg,ind-baskauf/27882,Carya cordiformis,twig,twig,close-up winter leaf scar/bud,twig / close-up winter leaf scar/bud,validation,https://bioimages.vanderbilt.edu/tn/baskauf/tcaco15twax-bud27886.jpg,https://bioimages.vanderbilt.edu/gq/baskauf/gcaco15twax-bud27886.jpg
baskauf/27882,baskauf_27882.jpg,ind-baskauf/27882,Carya cordiformis,twig,twig,close-up winter terminal bud,twig / close-up winter terminal bud,validation,https://bioimages.vanderbilt.edu/tn/baskauf/tcaco15twterm-bud27882.jpg,https://bioimages.vanderbilt.edu/gq/baskauf/gcaco15twterm-bud27882.jpg
baskauf/27901,baskauf_27901.jpg,ind-baskauf/27882,Carya cordiformis,whole plant,whole tree (or vine),general,whole tree (or vine) / general,validation,https://bioimages.vanderbilt.edu/tn/baskauf/tcaco15wp27901.jpg,https://bioimages.vanderbilt.edu/gq/baskauf/gcaco15wp27901.jpg
baskauf/27900,baskauf_27900.jpg,ind-baskauf/27882,Carya cordiformis,whole plant,whole tree (or vine),view up trunk,whole tree (or vine) / view up trunk,validation,https://bioimages.vanderbilt.edu/tn/baskauf/tcaco15wplookup27900.jpg,https://bioimages.vanderbilt.edu/gq/baskauf/gcaco15wplookup27900.jpg
baskauf/51574,baskauf_51574.jpg,vanderbilt/7-289,Carya cordiformis,flower,inflorescence,whole - female,inflorescence / whole - female,validation,https://bioimages.vanderbilt.edu/tn/baskauf/tcaco15flfemale-side51574.jpg,https://bioimages.vanderbilt.edu/gq/baskauf/gcaco15flfemale-side51574.jpg
baskauf/51575,baskauf_51575.jpg,vanderbilt/7-289,Carya cordiformis,flower,inflorescence,whole - female,inflorescence / whole - female,validation,https://bioimages.vanderbilt.edu/tn/baskauf/tcaco15flfemale-front51575.jpg,https://bioimages.vanderbilt.edu/gq/baskauf/gcaco15flfemale-front51575.jpg
baskauf/51577,baskauf_51577.jpg,vanderbilt/7-289,Carya cordiformis,flower,inflorescence,whole - male,inflorescence / whole - male,validation,https://bioimages.vanderbilt.edu/tn/baskauf/tcaco15flmale51577.jpg,https://bioimages.vanderbilt.edu/gq/baskauf/gcaco15flmale51577.jpg
baskauf/51578,baskauf_51578.jpg,vanderbilt/7-289,Carya cordiformis,flower,inflorescence,whole - male,inflorescence / whole - male,validation,https://bioimages.vanderbilt.edu/tn/baskauf/tcaco15flmale-close51578.jpg,https://bioimages.vanderbilt.edu/gq/baskauf/gcaco15flmale-close51578.jpg
baskauf/51572,baskauf_51572.jpg,vanderbilt/7-289,Carya cordiformis,flower,inflorescence,whole - unspecified,inflorescence / whole - unspecified,validation,https://bioimages.vanderbilt.edu/tn/baskauf/tcaco15fl51572.jpg,https://bioimages.vanderbilt.edu/gq/baskauf/gcaco15fl51572.jpg
baskauf/52430,baskauf_52430.jpg,vanderbilt/7-289,Carya cordiformis,leaf,leaf,margin of upper + lower surface,leaf / margin of upper + lower surface,validation,https://bioimages.vanderbilt.edu/tn/baskauf/tcaco15lfmargin-uplow52430.jpg,https://bioimages.vanderbilt.edu/gq/baskauf/gcaco15lfmargin-uplow52430.jpg
baskauf/90947,baskauf_90947.jpg,vanderbilt/7-289,Carya cordiformis,whole plant,whole tree (or vine),general,whole tree (or vine) / general,validation,https://bioimages.vanderbilt.edu/tn/baskauf/t90947.jpg,https://bioimages.vanderbilt.edu/gq/baskauf/g90947.jpg
baskauf/89367,baskauf_89367.jpg,vanderbilt/7-289,Carya cordiformis,whole plant,whole tree (or vine),winter,whole tree (or vine) / winter,validation,https://bioimages.vanderbilt.edu/tn/baskauf/t89367.jpg,https://bioimages.vanderbilt.edu/gq/baskauf/g89367.jpg
baskauf/30246,baskauf_30246.jpg,ind-baskauf/30230,Carya cordiformis,fruit,fruit,immature,fruit / immature,validation,https://bioimages.vanderbilt.edu/tn/baskauf/tcaco15frimmature30246.jpg,https://bioimages.vanderbilt.edu/gq/baskauf/gcaco15frimmature30246.jpg
baskauf/30241,baskauf_30241.jpg,ind-baskauf/30230,Carya cordiformis,fruit,fruit,lateral or general close-up,fruit / lateral or general close-up,validation,https://bioimages.vanderbilt.edu/tn/baskauf/tcaco15fr30241.jpg,https://bioimages.vanderbilt.edu/gq/baskauf/gcaco15fr30241.jpg
baskauf/30240,baskauf_30240.jpg,ind-baskauf/30230,Carya cordiformis,fruit,fruit,section or open,fruit / section or open,validation,https://bioimages.vanderbilt.edu/tn/baskauf/tcaco15fr30240.jpg,https://bioimages.vanderbilt.edu/gq/baskauf/gcaco15fr30240.jpg
baskauf/30252,baskauf_30252.jpg,ind-baskauf/30230,Carya cordiformis,leaf,leaf,whole upper surface,leaf / whole upper surface,validation,https://bioimages.vanderbilt.edu/tn/baskauf/tcaco15lf30252.jpg,https://bioimages.vanderbilt.edu/gq/baskauf/gcaco15lf30252.jpg
baskauf/30235,baskauf_30235.jpg,ind-baskauf/30230,Carya cordiformis,twig,twig,orientation of petioles,twig / orientation of petioles,validation,https://bioimages.vanderbilt.edu/tn/baskauf/tcaco15tw30235.jpg,https://bioimages.vanderbilt.edu/gq/baskauf/gcaco15tw30235.jpg
baskauf/11993,baskauf_11993.jpg,ind-baskauf/11993,Carya cordiformis,leaf,leaf,whole upper surface,leaf / whole upper surface,validation,https://bioimages.vanderbilt.edu/tn/baskauf/tcaco15lf11993.jpg,https://bioimages.vanderbilt.edu/gq/baskauf/gcaco15lf11993.jpg
baskauf/11995,baskauf_11995.jpg,ind-baskauf/11993,Carya cordiformis,twig,twig,close-up winter leaf scar/bud,twig / close-up winter leaf scar/bud,validation,https://bioimages.vanderbilt.edu/tn/baskauf/tcaco15twax-bud11995.jpg,https://bioimages.vanderbilt.edu/gq/baskauf/gcaco15twax-bud11995.jpg
baskauf/11997,baskauf_11997.jpg,ind-baskauf/11993,Carya cordiformis,twig,twig,close-up winter terminal bud,twig / close-up winter terminal bud,validation,https://bioimages.vanderbilt.edu/tn/baskauf/tcaco15twterm-bud11997.jpg,https://bioimages.vanderbilt.edu/gq/baskauf/gcaco15twterm-bud11997.jpg
baskauf/11996,baskauf_11996.jpg,ind-baskauf/11993,Carya cordiformis,whole plant,whole tree (or vine),general,whole tree (or vine) / general,validation,https://bioimages.vanderbilt.edu/tn/baskauf/tcaco15wpsmall11996.jpg,https://bioimages.vanderbilt.edu/gq/baskauf/gcaco15wpsmall11996.jpg
baskauf/12060,baskauf_12060.jpg,ind-baskauf/12060,Carya cordiformis,leaf,leaf,whole upper surface,leaf / whole upper surface,validation,https://bioimages.vanderbilt.edu/tn/baskauf/tcaco15lf12060.jpg,https://bioimages.vanderbilt.edu/gq/baskauf/gcaco15lf12060.jpg
baskauf/13650,baskauf_13650.jpg,ind-baskauf/13650,Carya ovata,bark,bark,of a large tree,bark / of a large tree,train,https://bioimages.vanderbilt.edu/tn/baskauf/tcaov2-brlarge-tree13650.jpg,https://bioimages.vanderbilt.edu/gq/baskauf/gcaov2-brlarge-tree13650.jpg
baskauf/13654,baskauf_13654.jpg,ind-baskauf/13650,Carya ovata,whole plant,whole tree (or vine),view up trunk,whole tree (or vine) / view up trunk,train,https://bioimages.vanderbilt.edu/tn/baskauf/tcaov2-wplookup-large13654.jpg,https://bioimages.vanderbilt.edu/gq/baskauf/gcaov2-wplookup-large13654.jpg
baskauf/15864,baskauf_15864.jpg,ind-baskauf/15864,Carya ovata,bark,bark,of a medium tree or large branch,bark / of a medium tree or large branch,train,https://bioimages.vanderbilt.edu/tn/baskauf/tcaov2-brmedium15864.jpg,https://bioimages.vanderbilt.edu/gq/baskauf/gcaov2-brmedium15864.jpg
baskauf/13712,baskauf_13712.jpg,ind-baskauf/13707,Carya ovata,bark,bark,of a small tree or small branch,bark / of a small tree or small branch,train,https://bioimages.vanderbilt.edu/tn/baskauf/tcaov2-brsmall-tree13712.jpg,https://bioimages.vanderbilt.edu/gq/baskauf/gcaov2-brsmall-tree13712.jpg
baskauf/13707,baskauf_13707.jpg,ind-baskauf/13707,Carya ovata,leaf,leaf,showing orientation on twig,leaf / showing orientation on twig,train,https://bioimages.vanderbilt.edu/tn/baskauf/tcaov2-lfseveral13707.jpg,https://bioimages.vanderbilt.edu/gq/baskauf/gcaov2-lfseveral13707.jpg
baskauf/13709,baskauf_13709.jpg,ind-baskauf/13707,Carya ovata,leaf,leaf,whole upper surface,leaf / whole upper surface,train,https://bioimages.vanderbilt.edu/tn/baskauf/tcaov2-lf13709.jpg,https://bioimages.vanderbilt.edu/gq/baskauf/gcaov2-lf13709.jpg
baskauf/15861,baskauf_15861.jpg,ind-baskauf/15861,Carya ovata,bark,bark,of a small tree or small branch,bark / of a small tree or small branch,train,https://bioimages.vanderbilt.edu/tn/baskauf/tcaov2-brsmall15861.jpg,https://bioimages.vanderbilt.edu/gq/baskauf/gcaov2-brsmall15861.jpg
baskauf/22885,baskauf_22885.jpg,ind-baskauf/22872,Carya ovata,flower,inflorescence,whole - male,inflorescence / whole - male,train,https://bioimages.vanderbilt.edu/tn/baskauf/tcaov2-flqmale22885.jpg,https://bioimages.vanderbilt.edu/gq/baskauf/gcaov2-flqmale22885.jpg
baskauf/22873,baskauf_22873.jpg,ind-baskauf/22872,Carya ovata,leaf,leaf,whole upper surface,leaf / whole upper surface,train,https://bioimages.vanderbilt.edu/tn/baskauf/tcaov2-lf22873.jpg,https://bioimages.vanderbilt.edu/gq/baskauf/gcaov2-lf22873.jpg
baskauf/22882,baskauf_22882.jpg,ind-baskauf/22872,Carya ovata,twig,twig,winter overall,twig / winter overall,train,https://bioimages.vanderbilt.edu/tn/baskauf/tcaov2-tw22882.jpg,https://bioimages.vanderbilt.edu/gq/baskauf/gcaov2-tw22882.jpg
baskauf/15894,baskauf_15894.jpg,ind-baskauf/15894,Carya ovata,fruit,fruit,lateral or general close-up,fruit / lateral or general close-up,train,https://bioimages.vanderbilt.edu/tn/baskauf/tcaov2-frnut15894.jpg,https://bioimages.vanderbilt.edu/gq/baskauf/gcaov2-frnut15894.jpg
baskauf/30195,baskauf_30195.jpg,ind-baskauf/30194,Carya ovata,fruit,fruit,section or open,fruit / section or open,train,https://bioimages.vanderbilt.edu/tn/baskauf/tcaov2-fr30195.jpg,https://bioimages.vanderbilt.edu/gq/baskauf/gcaov2-fr30195.jpg
baskauf/15898,baskauf_15898.jpg,ind-baskauf/15898,Carya ovata,leaf,leaf,margin of upper + lower surface,leaf / margin of upper + lower surface,train,https://bioimages.vanderbilt.edu/tn/baskauf/tcaov2-lfmargin-uplow-q15898.jpg,https://bioimages.vanderbilt.edu/gq/baskauf/gcaov2-lfmargin-uplow-q15898.jpg
baskauf/16192,baskauf_16192.jpg,ind-baskauf/16192,Carya ovata,leaf,leaf,margin of upper + lower surface,leaf / margin of upper + lower surface,train,https://bioimages.vanderbilt.edu/tn/baskauf/tcaov2-lfmarginal-hair16192.jpg,https://bioimages.vanderbilt.edu/gq/baskauf/gcaov2-lfmarginal-hair16192.jpg
baskauf/39156,baskauf_39156.jpg,ind-baskauf/39155,Carya ovata,twig,twig,unspecified,twig / unspecified,train,https://bioimages.vanderbilt.edu/tn/baskauf/tcaov2-twcontinuous39156.jpg,https://bioimages.vanderbilt.edu/gq/baskauf/gcaov2-twcontinuous39156.jpg
baskauf/16502,baskauf_16502.jpg,ind-baskauf/16502,Juglans cinerea,bark,bark,of a large tree,bark / of a large tree,train,https://bioimages.vanderbilt.edu/tn/baskauf/tjuci--brlarge16502.jpg,https://bioimages.vanderbilt.edu/gq/baskauf/gjuci--brlarge16502.jpg
baskauf/16509,baskauf_16509.jpg,ind-baskauf/16502,Juglans cinerea,seed,seed,general view,seed / general view,train,https://bioimages.vanderbilt.edu/tn/baskauf/tjuci--frnut16509.jpg,https://bioimages.vanderbilt.edu/gq/baskauf/gjuci--frnut16509.jpg
baskauf/16506,baskauf_16506.jpg,ind-baskauf/16502,Juglans cinerea,whole plant,whole tree (or vine),view up trunk,whole tree (or vine) / view up trunk,train,https://bioimages.vanderbilt.edu/tn/baskauf/tjuci--wplookup16506.jpg,https://bioimages.vanderbilt.edu/gq/baskauf/gjuci--wplookup16506.jpg
baskauf/50556,baskauf_50556.jpg,ind-baskauf/16502,Juglans cinerea,whole plant,whole tree (or vine),view up trunk,whole tree (or vine) / view up trunk,train,https://bioimages.vanderbilt.edu/tn/baskauf/tjuci--wpwinter-lookup50556.jpg,https://bioimages.vanderbilt.edu/gq/baskauf/gjuci--wpwinter-lookup50556.jpg
baskauf/11812,baskauf_11812.jpg,ind-baskauf/11812,Juglans cinerea,bark,bark,of a medium tree or large branch,bark / of a medium tree or large branch,train,https://bioimages.vanderbilt.edu/tn/baskauf/tjuci--brmed-close11812.jpg,https://bioimages.vanderbilt.edu/gq/baskauf/gjuci--brmed-close11812.jpg
baskauf/11813,baskauf_11813.jpg,ind-baskauf/11812,Juglans cinerea,bark,bark,of a medium tree or large branch,bark / of a medium tree or large branch,train,https://bioimages.vanderbilt.edu/tn/baskauf/tjuci--brmedium11813.jpg,https://bioimages.vanderbilt.edu/gq/baskauf/gjuci--brmedium11813.jpg
baskauf/11815,baskauf_11815.jpg,ind-baskauf/11812,Juglans cinerea,whole plant,whole tree (or vine),view up trunk,whole tree (or vine) / view up trunk,train,https://bioimages.vanderbilt.edu/tn/baskauf/tjuci--wplookup-med11815.jpg,https://bioimages.vanderbilt.edu/gq/baskauf/gjuci--wplookup-med11815.jpg
baskauf/70795,baskauf_70795.jpg,ind-baskauf/70791,Juglans cinerea,fruit,fruit,lateral or general close-up,fruit / lateral or general close-up,train,https://bioimages.vanderbilt.edu/tn/baskauf/t70795.jpg,https://bioimages.vanderbilt.edu/gq/baskauf/g70795.jpg
baskauf/70799,baskauf_70799.jpg,ind-baskauf/70791,Juglans cinerea,fruit,fruit,lateral or general close-up,fruit / lateral or general close-up,train,https://bioimages.vanderbilt.edu/tn/baskauf/t70799.jpg,https://bioimages.vanderbilt.edu/gq/baskauf/g70799.jpg
baskauf/70807,baskauf_70807.jpg,ind-baskauf/70791,Juglans cinerea,fruit,fruit,lateral or general close-up,fruit / lateral or general close-up,train,https://bioimages.vanderbilt.edu/tn/baskauf/t70807.jpg,https://bioimages.vanderbilt.edu/gq/baskauf/g70807.jpg
baskauf/70808,baskauf_70808.jpg,ind-baskauf/70791,Juglans cinerea,fruit,fruit,lateral or general close-up,fruit / lateral or general close-up,train,https://bioimages.vanderbilt.edu/tn/baskauf/t70808.jpg,https://bioimages.vanderbilt.edu/gq/baskauf/g70808.jpg
baskauf/70867,baskauf_70867.jpg,ind-baskauf/70791,Juglans cinerea,fruit,fruit,lateral or general close-up,fruit / lateral or general close-up,train,https://bioimages.vanderbilt.edu/tn/baskauf/t70867.jpg,https://bioimages.vanderbilt.edu/gq/baskauf/g70867.jpg
baskauf/70803,baskauf_70803.jpg,ind-baskauf/70791,Juglans cinerea,fruit,fruit,section or open,fruit / section or open,train,https://bioimages.vanderbilt.edu/tn/baskauf/t70803.jpg,https://bioimages.vanderbilt.edu/gq/baskauf/g70803.jpg
baskauf/70804,baskauf_70804.jpg,ind-baskauf/70791,Juglans cinerea,fruit,fruit,section or open,fruit / section or open,train,https://bioimages.vanderbilt.edu/tn/baskauf/t70804.jpg,https://bioimages.vanderbilt.edu/gq/baskauf/g70804.jpg
baskauf/70869,baskauf_70869.jpg,ind-baskauf/70791,Juglans cinerea,fruit,fruit,section or open,fruit / section or open,train,https://bioimages.vanderbilt.edu/tn/baskauf/t70869.jpg,https://bioimages.vanderbilt.edu/gq/baskauf/g70869.jpg
baskauf/70870,baskauf_70870.jpg,ind-baskauf/70791,Juglans cinerea,fruit,fruit,section or open,fruit / section or open,train,https://bioimages.vanderbilt.edu/tn/baskauf/t70870.jpg,https://bioimages.vanderbilt.edu/gq/baskauf/g70870.jpg
baskauf/70792,baskauf_70792.jpg,ind-baskauf/70791,Juglans cinerea,fruit,fruit,unspecified,fruit / unspecified,train,https://bioimages.vanderbilt.edu/tn/baskauf/t70792.jpg,https://bioimages.vanderbilt.edu/gq/baskauf/g70792.jpg
baskauf/70872,baskauf_70872.jpg,ind-baskauf/70791,Juglans cinerea,seed,seed,general view,seed / general view,train,https://bioimages.vanderbilt.edu/tn/baskauf/t70872.jpg,https://bioimages.vanderbilt.edu/gq/baskauf/g70872.jpg
baskauf/70873,baskauf_70873.jpg,ind-baskauf/70791,Juglans cinerea,seed,seed,general view,seed / general view,train,https://bioimages.vanderbilt.edu/tn/baskauf/t70873.jpg,https://bioimages.vanderbilt.edu/gq/baskauf/g70873.jpg
baskauf/70874,baskauf_70874.jpg,ind-baskauf/70791,Juglans cinerea,seed,seed,general view,seed / general view,train,https://bioimages.vanderbilt.edu/tn/baskauf/t70874.jpg,https://bioimages.vanderbilt.edu/gq/baskauf/g70874.jpg
baskauf/70875,baskauf_70875.jpg,ind-baskauf/70791,Juglans cinerea,seed,seed,general view,seed / general view,train,https://bioimages.vanderbilt.edu/tn/baskauf/t70875.jpg,https://bioimages.vanderbilt.edu/gq/baskauf/g70875.jpg
baskauf/70876,baskauf_70876.jpg,ind-baskauf/70791,Juglans cinerea,seed,seed,general view,seed / general view,train,https://bioimages.vanderbilt.edu/tn/baskauf/t70876.jpg,https://bioimages.vanderbilt.edu/gq/baskauf/g70876.jpg
baskauf/55876,baskauf_55876.jpg,ind-baskauf/70791,Juglans cinerea,twig,twig,close-up winter leaf scar/bud,twig / close-up winter leaf scar/bud,train,https://bioimages.vanderbilt.edu/tn/baskauf/tjuci--twleaf-scar55876.jpg,https://bioimages.vanderbilt.edu/gq/baskauf/gjuci--twleaf-scar55876.jpg
baskauf/55877,baskauf_55877.jpg,ind-baskauf/70791,Juglans cinerea,twig,twig,close-up winter leaf scar/bud,twig / close-up winter leaf scar/bud,train,https://bioimages.vanderbilt.edu/tn/baskauf/tjuci--twleaf-scar55877.jpg,https://bioimages.vanderbilt.edu/gq/baskauf/gjuci--twleaf-scar55877.jpg
baskauf/55869,baskauf_55869.jpg,ind-baskauf/70791,Juglans cinerea,twig,twig,unspecified,twig / unspecified,train,https://bioimages.vanderbilt.edu/tn/baskauf/tjuci--twchambered-pith55869.jpg,https://bioimages.vanderbilt.edu/gq/baskauf/gjuci--twchambered-pith55869.jpg
baskauf/55872,baskauf_55872.jpg,ind-baskauf/70791,Juglans cinerea,twig,twig,unspecified,twig / unspecified,train,https://bioimages.vanderbilt.edu/tn/baskauf/tjuci--twchambered-pith55872.jpg,https://bioimages.vanderbilt.edu/gq/baskauf/gjuci--twchambered-pith55872.jpg
baskauf/16500,baskauf_16500.jpg,ind-baskauf/70791,Juglans cinerea,whole plant,whole tree (or vine),general,whole tree (or vine) / general,train,https://bioimages.vanderbilt.edu/tn/baskauf/tjuci--wptrunk16500.jpg,https://bioimages.vanderbilt.edu/gq/baskauf/gjuci--wptrunk16500.jpg
baskauf/70791,baskauf_70791.jpg,ind-baskauf/70791,Juglans cinerea,whole plant,whole tree (or vine),general,whole tree (or vine) / general,train,https://bioimages.vanderbilt.edu/tn/baskauf/t70791.jpg,https://bioimages.vanderbilt.edu/gq/baskauf/g70791.jpg
baskauf/16498,baskauf_16498.jpg,ind-baskauf/70791,Juglans cinerea,whole plant,whole tree (or vine),view up trunk,whole tree (or vine) / view up trunk,train,https://bioimages.vanderbilt.edu/tn/baskauf/tjuci--wp16498.jpg,https://bioimages.vanderbilt.edu/gq/baskauf/gjuci--wp16498.jpg
baskauf/50554,baskauf_50554.jpg,ind-baskauf/70791,Juglans cinerea,whole plant,whole tree (or vine),winter,whole tree (or vine) / winter,train,https://bioimages.vanderbilt.edu/tn/baskauf/tjuci--wpwinter50554.jpg,https://bioimages.vanderbilt.edu/gq/baskauf/gjuci--wpwinter50554.jpg
baskauf/11839,baskauf_11839.jpg,ind-baskauf/11839,Juglans cinerea,leaf,leaf,whole upper surface,leaf / whole upper surface,train,https://bioimages.vanderbilt.edu/tn/baskauf/tjuci--lf11839.jpg,https://bioimages.vanderbilt.edu/gq/baskauf/gjuci--lf11839.jpg
baskauf/11843,baskauf_11843.jpg,ind-baskauf/11839,Juglans cinerea,twig,twig,close-up winter leaf scar/bud,twig / close-up winter leaf scar/bud,train,https://bioimages.vanderbilt.edu/tn/baskauf/tjuci--twleaf-scar11843.jpg,https://bioimages.vanderbilt.edu/gq/baskauf/gjuci--twleaf-scar11843.jpg
baskauf/11840,baskauf_11840.jpg,ind-baskauf/11839,Juglans cinerea,twig,twig,orientation of petioles,twig / orientation of petioles,train,https://bioimages.vanderbilt.edu/tn/baskauf/tjuci--tw11840.jpg,https://bioimages.vanderbilt.edu/gq/baskauf/gjuci--tw11840.jpg
baskauf/10685,baskauf_10685.jpg,vanderbilt/11-402,Juglans nigra,bark,bark,of a large tree,bark / of a large tree,train,https://bioimages.vanderbilt.edu/tn/baskauf/tjuni--brlarge-tree10685.jpg,https://bioimages.vanderbilt.edu/gq/baskauf/gjuni--brlarge-tree10685.jpg
baskauf/10683,baskauf_10683.jpg,vanderbilt/11-402,Juglans nigra,flower,inflorescence,whole - male,inflorescence / whole - male,train,https://bioimages.vanderbilt.edu/tn/baskauf/tjuni--flfemale10683.jpg,https://bioimages.vanderbilt.edu/gq/baskauf/gjuni--flfemale10683.jpg
baskauf/10688,baskauf_10688.jpg,vanderbilt/11-402,Juglans nigra,flower,inflorescence,whole - unspecified,inflorescence / whole - unspecified,train,https://bioimages.vanderbilt.edu/tn/baskauf/tjuni--flmale-female10688.jpg,https://bioimages.vanderbilt.edu/gq/baskauf/gjuni--flmale-female10688.jpg
baskauf/15935,baskauf_15935.jpg,vanderbilt/11-402,Juglans nigra,fruit,fruit,as borne on the plant,fruit / as borne on the plant,train,https://bioimages.vanderbilt.edu/tn/baskauf/tjuni--frin-fruit15935.jpg,https://bioimages.vanderbilt.edu/gq/baskauf/gjuni--frin-fruit15935.jpg
baskauf/15938,baskauf_15938.jpg,vanderbilt/11-402,Juglans nigra,fruit,fruit,lateral or general close-up,fruit / lateral or general close-up,train,https://bioimages.vanderbilt.edu/tn/baskauf/tjuni--fr15938.jpg,https://bioimages.vanderbilt.edu/gq/baskauf/gjuni--fr15938.jpg
baskauf/15946,baskauf_15946.jpg,vanderbilt/11-402,Juglans nigra,leaf,leaf,margin of upper + lower surface,leaf / margin of upper + lower surface,train,https://bioimages.vanderbilt.edu/tn/baskauf/tjuni--lfmargin-uplow15946.jpg,https://bioimages.vanderbilt.edu/gq/baskauf/gjuni--lfmargin-uplow15946.jpg
baskauf/11188,baskauf_11188.jpg,vanderbilt/11-402,Juglans nigra,leaf,leaf,showing orientation on twig,leaf / showing orientation on twig,train,https://bioimages.vanderbilt.edu/tn/baskauf/tjuni--lfseveral11188.jpg,https://bioimages.vanderbilt.edu/gq/baskauf/gjuni--lfseveral11188.jpg
baskauf/11187,baskauf_11187.jpg,vanderbilt/11-402,Juglans nigra,leaf,leaf,whole upper surface,leaf / whole upper surface,train,https://bioimages.vanderbilt.edu/tn/baskauf/tjuni--lf11187.jpg,https://bioimages.vanderbilt.edu/gq/baskauf/gjuni--lf11187.jpg
baskauf/15942,baskauf_15942.jpg,vanderbilt/11-402,Juglans nigra,seed,seed,general view,seed / general view,train,https://bioimages.vanderbilt.edu/tn/baskauf/tjuni--frnut15942.jpg,https://bioimages.vanderbilt.edu/gq/baskauf/gjuni--frnut15942.jpg
baskauf/10673,baskauf_10673.jpg,vanderbilt/6-85,Juglans nigra,flower,inflorescence,whole - male,inflorescence / whole - male,train,https://bioimages.vanderbilt.edu/tn/baskauf/tjuni--flmale-catkins10673.jpg,https://bioimages.vanderbilt.edu/gq/baskauf/gjuni--flmale-catkins10673.jpg
baskauf/10674,baskauf_10674.jpg,vanderbilt/6-85,Juglans nigra,flower,inflorescence,whole - unspecified,inflorescence / whole - unspecified,train,https://bioimages.vanderbilt.edu/tn/baskauf/tjuni--flin-flower10674.jpg,https://bioimages.vanderbilt.edu/gq/baskauf/gjuni--flin-flower10674.jpg
baskauf/29699,baskauf_29699.jpg,vanderbilt/6-85,Juglans nigra,twig,twig,unspecified,twig / unspecified,train,https://bioimages.vanderbilt.edu/tn/baskauf/tjuni--twwood-xsec29699.jpg,https://bioimages.vanderbilt.edu/gq/baskauf/gjuni--twwood-xsec29699.jpg
baskauf/90936,baskauf_90936.jpg,vanderbilt/6-85,Juglans nigra,whole plant,whole tree (or vine),general,whole tree (or vine) / general,train,https://bioimages.vanderbilt.edu/tn/baskauf/t90936.jpg,https://bioimages.vanderbilt.edu/gq/baskauf/g90936.jpg
baskauf/89356,baskauf_89356.jpg,vanderbilt/6-85,Juglans nigra,whole plant,whole tree (or vine),winter,whole tree (or vine) / winter,train,https://bioimages.vanderbilt.edu/tn/baskauf/t89356.jpg,https://bioimages.vanderbilt.edu/gq/baskauf/g89356.jpg
baskauf/23025,baskauf_23025.jpg,ind-baskauf/23021,Juglans nigra,flower,inflorescence,whole - male,inflorescence / whole - male,train,https://bioimages.vanderbilt.edu/tn/baskauf/tjuni--flmale23025.jpg,https://bioimages.vanderbilt.edu/gq/baskauf/gjuni--flmale23025.jpg
baskauf/23022,baskauf_23022.jpg,ind-baskauf/23021,Juglans nigra,flower,inflorescence,whole - unspecified,inflorescence / whole - unspecified,train,https://bioimages.vanderbilt.edu/tn/baskauf/tjuni--fl23022.jpg,https://bioimages.vanderbilt.edu/gq/baskauf/gjuni--fl23022.jpg
baskauf/11973,baskauf_11973.jpg,ind-baskauf/11973,Juglans nigra,fruit,fruit,immature,fruit / immature,train,https://bioimages.vanderbilt.edu/tn/baskauf/tjuni--frdevel11973.jpg,https://bioimages.vanderbilt.edu/gq/baskauf/gjuni--frdevel11973.jpg
baskauf/43252,baskauf_43252.jpg,vanderbilt/7-88,Juglans nigra,leaf,leaf,margin of upper + lower surface,leaf / margin of upper + lower surface,train,https://bioimages.vanderbilt.edu/tn/baskauf/tjuni--lfmargin-uplow43252.jpg,https://bioimages.vanderbilt.edu/gq/baskauf/gjuni--lfmargin-uplow43252.jpg
baskauf/15197,baskauf_15197.jpg,vanderbilt/7-88,Juglans nigra,leaf,leaf,unspecified,leaf / unspecified,train,https://bioimages.vanderbilt.edu/tn/baskauf/tjuni--lfno-terminal15197.jpg,https://bioimages.vanderbilt.edu/gq/baskauf/gjuni--lfno-terminal15197.jpg
baskauf/15199,baskauf_15199.jpg,vanderbilt/7-88,Juglans nigra,leaf,leaf,unspecified,leaf / unspecified,train,https://bioimages.vanderbilt.edu/tn/baskauf/tjuni--lf-no-gland15199.jpg,https://bioimages.vanderbilt.edu/gq/baskauf/gjuni--lf-no-gland15199.jpg
baskauf/43251,baskauf_43251.jpg,vanderbilt/7-88,Juglans nigra,leaf,leaf,whole upper surface,leaf / whole upper surface,train,https://bioimages.vanderbilt.edu/tn/baskauf/tjuni--lf43251.jpg,https://bioimages.vanderbilt.edu/gq/baskauf/gjuni--lf43251.jpg
baskauf/15203,baskauf_15203.jpg,vanderbilt/7-88,Juglans nigra,twig,twig,close-up winter leaf scar/bud,twig / close-up winter leaf scar/bud,train,https://bioimages.vanderbilt.edu/tn/baskauf/tjuni--twleaf-scar15203.jpg,https://bioimages.vanderbilt.edu/gq/baskauf/gjuni--twleaf-scar15203.jpg
baskauf/39164,baskauf_39164.jpg,vanderbilt/7-88,Juglans nigra,twig,twig,close-up winter leaf scar/bud,twig / close-up winter leaf scar/bud,train,https://bioimages.vanderbilt.edu/tn/baskauf/tjuni--twalternate-buds39164.jpg,https://bioimages.vanderbilt.edu/gq/baskauf/gjuni--twalternate-buds39164.jpg
baskauf/15200,baskauf_15200.jpg,vanderbilt/7-88,Juglans nigra,twig,twig,orientation of petioles,twig / orientation of petioles,train,https://bioimages.vanderbilt.edu/tn/baskauf/tjuni--tw15200.jpg,https://bioimages.vanderbilt.edu/gq/baskauf/gjuni--tw15200.jpg
baskauf/15205,baskauf_15205.jpg,vanderbilt/7-88,Juglans nigra,twig,twig,unspecified,twig / unspecified,train,https://bioimages.vanderbilt.edu/tn/baskauf/tjuni--twchamber-pith15205.jpg,https://bioimages.vanderbilt.edu/gq/baskauf/gjuni--twchamber-pith15205.jpg
baskauf/15207,baskauf_15207.jpg,vanderbilt/7-88,Juglans nigra,twig,twig,unspecified,twig / unspecified,train,https://bioimages.vanderbilt.edu/tn/baskauf/tjuni--twchamber-pith15207.jpg,https://bioimages.vanderbilt.edu/gq/baskauf/gjuni--twchamber-pith15207.jpg
baskauf/39154,baskauf_39154.jpg,vanderbilt/7-88,Juglans nigra,twig,twig,unspecified,twig / unspecified,train,https://bioimages.vanderbilt.edu/tn/baskauf/tjuni--twchambered39154.jpg,https://bioimages.vanderbilt.edu/gq/baskauf/gjuni--twchambered39154.jpg
baskauf/90955,baskauf_90955.jpg,vanderbilt/7-88,Juglans nigra,whole plant,whole tree (or vine),general,whole tree (or vine) / general,train,https://bioimages.vanderbilt.edu/tn/baskauf/t90955.jpg,https://bioimages.vanderbilt.edu/gq/baskauf/g90955.jpg
baskauf/89370,baskauf_89370.jpg,vanderbilt/7-88,Juglans nigra,whole plant,whole tree (or vine),winter,whole tree (or vine) / winter,train,https://bioimages.vanderbilt.edu/tn/baskauf/t89370.jpg,https://bioimages.vanderbilt.edu/gq/baskauf/g89370.jpg
baskauf/11111,baskauf_11111.jpg,ind-baskauf/11111,Juglans nigra,whole plant,whole tree (or vine),general,whole tree (or vine) / general,train,https://bioimages.vanderbilt.edu/tn/baskauf/tjuni--wplarge11111.jpg,https://bioimages.vanderbilt.edu/gq/baskauf/gjuni--wplarge11111.jpg
baskauf/90750,baskauf_90750.jpg,vanderbilt/11-221,Juglans nigra,whole plant,whole tree (or vine),general,whole tree (or vine) / general,train,https://bioimages.vanderbilt.edu/tn/baskauf/t90750.jpg,https://bioimages.vanderbilt.edu/gq/baskauf/g90750.jpg
baskauf/90752,baskauf_90752.jpg,vanderbilt/11-221,Juglans nigra,whole plant,whole tree (or vine),general,whole tree (or vine) / general,train,https://bioimages.vanderbilt.edu/tn/baskauf/t90752.jpg,https://bioimages.vanderbilt.edu/gq/baskauf/g90752.jpg
baskauf/91101,baskauf_91101.jpg,vanderbilt/15-120,Juglans nigra,whole plant,whole tree (or vine),general,whole tree (or vine) / general,train,https://bioimages.vanderbilt.edu/tn/baskauf/t91101.jpg,https://bioimages.vanderbilt.edu/gq/baskauf/g91101.jpg
baskauf/91127,baskauf_91127.jpg,vanderbilt/12-123,Juglans nigra,whole plant,whole tree (or vine),general,whole tree (or vine) / general,train,https://bioimages.vanderbilt.edu/tn/baskauf/t91127.jpg,https://bioimages.vanderbilt.edu/gq/baskauf/g91127.jpg
baskauf/11335,baskauf_11335.jpg,ind-baskauf/11335,Juglans nigra,whole plant,whole tree (or vine),view up trunk,whole tree (or vine) / view up trunk,train,https://bioimages.vanderbilt.edu/tn/baskauf/tjuni--wpin-woods11335.jpg,https://bioimages.vanderbilt.edu/gq/baskauf/gjuni--wpin-woods11335.jpg
baskauf/19080,baskauf_19080.jpg,ind-baskauf/19080,Lindera benzoin,bark,bark,of a small tree or small branch,bark / of a small tree or small branch,test,https://bioimages.vanderbilt.edu/tn/baskauf/tlibe3-br19080.jpg,https://bioimages.vanderbilt.edu/gq/baskauf/glibe3-br19080.jpg
baskauf/31464,baskauf_31464.jpg,ind-baskauf/31464,Lindera benzoin,flower,inflorescence,lateral view of flower,inflorescence / lateral view of flower,test,https://bioimages.vanderbilt.edu/tn/baskauf/tlibe3-fl31464.jpg,https://bioimages.vanderbilt.edu/gq/baskauf/glibe3-fl31464.jpg
baskauf/50462,baskauf_50462.jpg,ind-baskauf/50458,Lindera benzoin,flower,inflorescence,lateral view of flower,inflorescence / lateral view of flower,test,https://bioimages.vanderbilt.edu/tn/baskauf/tlibe3-fl50462.jpg,https://bioimages.vanderbilt.edu/gq/baskauf/glibe3-fl50462.jpg
baskauf/50460,baskauf_50460.jpg,ind-baskauf/50458,Lindera benzoin,flower,inflorescence,whole - unspecified,inflorescence / whole - unspecified,test,https://bioimages.vanderbilt.edu/tn/baskauf/tlibe3-flinflor50460.jpg,https://bioimages.vanderbilt.edu/gq/baskauf/glibe3-flinflor50460.jpg
baskauf/50467,baskauf_50467.jpg,ind-baskauf/50458,Lindera benzoin,whole plant,whole tree (or vine),general,whole tree (or vine) / general,test,https://bioimages.vanderbilt.edu/tn/baskauf/tlibe3-fldistant50467.jpg,https://bioimages.vanderbilt.edu/gq/baskauf/glibe3-fldistant50467.jpg
baskauf/17771,baskauf_17771.jpg,ind-baskauf/17766,Lindera benzoin,flower,inflorescence,whole - unspecified,inflorescence / whole - unspecified,test,https://bioimages.vanderbilt.edu/tn/baskauf/tlibe3-fl17771.jpg,https://bioimages.vanderbilt.edu/gq/baskauf/glibe3-fl17771.jpg
baskauf/15729,baskauf_15729.jpg,ind-baskauf/15729,Lindera benzoin,fruit,fruit,as borne on the plant,fruit / as borne on the plant,test,https://bioimages.vanderbilt.edu/tn/baskauf/tlibe3-fr15729.jpg,https://bioimages.vanderbilt.edu/gq/baskauf/glibe3-fr15729.jpg
baskauf/15117,baskauf_15117.jpg,ind-baskauf/15117,Lindera benzoin,fruit,fruit,lateral or general close-up,fruit / lateral or general close-up,test,https://bioimages.vanderbilt.edu/tn/baskauf/tlibe3-fr15117.jpg,https://bioimages.vanderbilt.edu/gq/baskauf/glibe3-fr15117.jpg
baskauf/29816,baskauf_29816.jpg,ind-baskauf/29815,Lindera benzoin,fruit,fruit,lateral or general close-up,fruit / lateral or general close-up,test,https://bioimages.vanderbilt.edu/tn/baskauf/tlibe3-fr29816.jpg,https://bioimages.vanderbilt.edu/gq/baskauf/glibe3-fr29816.jpg
baskauf/52747,baskauf_52747.jpg,ind-baskauf/52741,Lindera benzoin,leaf,leaf,margin of upper + lower surface,leaf / margin of upper + lower surface,test,https://bioimages.vanderbilt.edu/tn/baskauf/tlibe3-lfmargin-uplow52747.jpg,https://bioimages.vanderbilt.edu/gq/baskauf/glibe3-lfmargin-uplow52747.jpg
baskauf/52744,baskauf_52744.jpg,ind-baskauf/52741,Lindera benzoin,leaf,leaf,whole upper surface,leaf / whole upper surface,test,https://bioimages.vanderbilt.edu/tn/baskauf/tlibe3-lf52744.jpg,https://bioimages.vanderbilt.edu/gq/baskauf/glibe3-lf52744.jpg
baskauf/11019,baskauf_11019.jpg,ind-baskauf/11019,Lindera benzoin,leaf,leaf,showing orientation on twig,leaf / showing orientation on twig,test,https://bioimages.vanderbilt.edu/tn/baskauf/tlibe3-lfseveral11019.jpg,https://bioimages.vanderbilt.edu/gq/baskauf/glibe3-lfseveral11019.jpg
baskauf/11699,baskauf_11699.jpg,ind-baskauf/11691,Lindera benzoin,leaf,leaf,showing orientation on twig,leaf / showing orientation on twig,test,https://bioimages.vanderbilt.edu/tn/baskauf/tlibe3-lfseveral11699.jpg,https://bioimages.vanderbilt.edu/gq/baskauf/glibe3-lfseveral11699.jpg
baskauf/11695,baskauf_11695.jpg,ind-baskauf/11691,Lindera benzoin,leaf,leaf,whole upper surface,leaf / whole upper surface,test,https://bioimages.vanderbilt.edu/tn/baskauf/tlibe3-lf11695.jpg,https://bioimages.vanderbilt.edu/gq/baskauf/glibe3-lf11695.jpg
baskauf/11696,baskauf_11696.jpg,ind-baskauf/11691,Lindera benzoin,twig,twig,close-up winter leaf scar/bud,twig / close-up winter leaf scar/bud,test,https://bioimages.vanderbilt.edu/tn/baskauf/tlibe3-tw11696.jpg,https://bioimages.vanderbilt.edu/gq/baskauf/glibe3-tw11696.jpg
baskauf/11691,baskauf_11691.jpg,ind-baskauf/11691,Lindera benzoin,whole plant,whole tree (or vine),general,whole tree (or vine) / general,test,https://bioimages.vanderbilt.edu/tn/baskauf/tlibe3-wpsmall11691.jpg,https://bioimages.vanderbilt.edu/gq/baskauf/glibe3-wpsmall11691.jpg
baskauf/29705,baskauf_29705.jpg,ind-baskauf/29705,Lindera benzoin,leaf,leaf,whole upper surface,leaf / whole upper surface,test,https://bioimages.vanderbilt.edu/tn/baskauf/tlibe3-lf29705.jpg,https://bioimages.vanderbilt.edu/gq/baskauf/glibe3-lf29705.jpg
baskauf/11086,baskauf_11086.jpg,ind-baskauf/11086,Lindera benzoin,whole plant,whole tree (or vine),general,whole tree (or vine) / general,test,https://bioimages.vanderbilt.edu/tn/baskauf/tlibe3-wpsmall11086.jpg,https://bioimages.vanderbilt.edu/gq/baskauf/glibe3-wpsmall11086.jpg
baskauf/11341,baskauf_11341.jpg,ind-baskauf/11341,Sassafras albidum,bark,bark,of a large tree,bark / of a large tree,train,https://bioimages.vanderbilt.edu/tn/baskauf/tsaal5-brlarge11341.jpg,https://bioimages.vanderbilt.edu/gq/baskauf/gsaal5-brlarge11341.jpg
baskauf/16321,baskauf_16321.jpg,ind-baskauf/16321,Sassafras albidum,bark,bark,of a large tree,bark / of a large tree,train,https://bioimages.vanderbilt.edu/tn/baskauf/tsaal5-brlarge16321.jpg,https://bioimages.vanderbilt.edu/gq/baskauf/gsaal5-brlarge16321.jpg
baskauf/16324,baskauf_16324.jpg,ind-baskauf/16321,Sassafras albidum,bark,bark,of a large tree,bark / of a large tree,train,https://bioimages.vanderbilt.edu/tn/baskauf/tsaal5-brlarge-close16324.jpg,https://bioimages.vanderbilt.edu/gq/baskauf/gsaal5-brlarge-close16324.jpg
baskauf/16325,baskauf_16325.jpg,ind-baskauf/16321,Sassafras albidum,whole plant,whole tree (or vine),view up trunk,whole tree (or vine) / view up trunk,train,https://bioimages.vanderbilt.edu/tn/baskauf/tsaal5-wplookup-large16325.jpg,https://bioimages.vanderbilt.edu/gq/baskauf/gsaal5-wplookup-large16325.jpg
baskauf/15549,baskauf_15549.jpg,ind-baskauf/15549,Sassafras albidum,bark,bark,of a medium tree or large branch,bark / of a medium tree or large branch,train,https://bioimages.vanderbilt.edu/tn/baskauf/tsaal5-brmedium15549.jpg,https://bioimages.vanderbilt.edu/gq/baskauf/gsaal5-brmedium15549.jpg
baskauf/50977,baskauf_50977.jpg,vanderbilt/6-215,Sassafras albidum,flower,inflorescence,frontal view of flower,inflorescence / frontal view of flower,train,https://bioimages.vanderbilt.edu/tn/baskauf/tsaal5-flfemale-front50977.jpg,https://bioimages.vanderbilt.edu/gq/baskauf/gsaal5-flfemale-front50977.jpg
baskauf/50974,baskauf_50974.jpg,vanderbilt/6-215,Sassafras albidum,flower,inflorescence,lateral view of flower,inflorescence / lateral view of flower,train,https://bioimages.vanderbilt.edu/tn/baskauf/tsaal5-flfemale-side50974.jpg,https://bioimages.vanderbilt.edu/gq/baskauf/gsaal5-flfemale-side50974.jpg
baskauf/50973,baskauf_50973.jpg,vanderbilt/6-215,Sassafras albidum,flower,inflorescence,whole - female,inflorescence / whole - female,train,https://bioimages.vanderbilt.edu/tn/baskauf/tsaal5-flfemale50973.jpg,https://bioimages.vanderbilt.edu/gq/baskauf/gsaal5-flfemale50973.jpg
baskauf/50978,baskauf_50978.jpg,vanderbilt/6-215,Sassafras albidum,flower,inflorescence,whole - female,inflorescence / whole - female,train,https://bioimages.vanderbilt.edu/tn/baskauf/tsaal5-flfemale-inflor50978.jpg,https://bioimages.vanderbilt.edu/gq/baskauf/gsaal5-flfemale-inflor50978.jpg
baskauf/91056,baskauf_91056.jpg,vanderbilt/6-215,Sassafras albidum,whole plant,whole tree (or vine),general,whole tree (or vine) / general,train,https://bioimages.vanderbilt.edu/tn/baskauf/t91056.jpg,https://bioimages.vanderbilt.edu/gq/baskauf/g91056.jpg
baskauf/51013,baskauf_51013.jpg,ind-baskauf/51010,Sassafras albidum,flower,inflorescence,frontal view of flower,inflorescence / frontal view of flower,train,https://bioimages.vanderbilt.edu/tn/baskauf/tsaal5-flfemale-front51013.jpg,https://bioimages.vanderbilt.edu/gq/baskauf/gsaal5-flfemale-front51013.jpg
baskauf/51014,baskauf_51014.jpg,ind-baskauf/51010,Sassafras albidum,flower,inflorescence,frontal view of flower,inflorescence / frontal view of flower,train,https://bioimages.vanderbilt.edu/tn/baskauf/tsaal5-flfemale-side51014.jpg,https://bioimages.vanderbilt.edu/gq/baskauf/gsaal5-flfemale-side51014.jpg
baskauf/51027,baskauf_51027.jpg,ind-baskauf/51010,Sassafras albidum,whole plant,whole tree (or vine),general,whole tree (or vine) / general,train,https://bioimages.vanderbilt.edu/tn/baskauf/tsaal5-wpin-flower51027.jpg,https://bioimages.vanderbilt.edu/gq/baskauf/gsaal5-wpin-flower51027.jpg
baskauf/19587,baskauf_19587.jpg,ind-baskauf/10890,Sassafras albidum,flower,inflorescence,lateral view of flower,inflorescence / lateral view of flower,train,https://bioimages.vanderbilt.edu/tn/baskauf/tsaal5-flfemale19587.jpg,https://bioimages.vanderbilt.edu/gq/baskauf/gsaal5-flfemale19587.jpg
baskauf/10890,baskauf_10890.jpg,ind-baskauf/10890,Sassafras albidum,leaf,leaf,showing orientation on twig,leaf / showing orientation on twig,train,https://bioimages.vanderbilt.edu/tn/baskauf/tsaal5-lf10890.jpg,https://bioimages.vanderbilt.edu/gq/baskauf/gsaal5-lf10890.jpg
baskauf/10537,baskauf_10537.jpg,ind-baskauf/10537,Sassafras albidum,flower,inflorescence,whole - male,inflorescence / whole - male,train,https://bioimages.vanderbilt.edu/tn/baskauf/tsaal5-fl10537.jpg,https://bioimages.vanderbilt.edu/gq/baskauf/gsaal5-fl10537.jpg
baskauf/10539,baskauf_10539.jpg,ind-baskauf/10537,Sassafras albidum,flower,inflorescence,whole - male,inflorescence / whole - male,train,https://bioimages.vanderbilt.edu/tn/baskauf/tsaal5-fl10539.jpg,https://bioimages.vanderbilt.edu/gq/baskauf/gsaal5-fl10539.jpg
baskauf/13474,baskauf_13474.jpg,ind-baskauf/13474,Sassafras albidum,fruit,fruit,immature,fruit / immature,train,https://bioimages.vanderbilt.edu/tn/baskauf/tsaal5-frdevel13474.jpg,https://bioimages.vanderbilt.edu/gq/baskauf/gsaal5-frdevel13474.jpg
baskauf/15112,baskauf_15112.jpg,ind-baskauf/15112,Sassafras albidum,fruit,fruit,lateral or general close-up,fruit / lateral or general close-up,train,https://bioimages.vanderbilt.edu/tn/baskauf/tsaal5-fr15112.jpg,https://bioimages.vanderbilt.edu/gq/baskauf/gsaal5-fr15112.jpg
baskauf/15417,baskauf_15417.jpg,ind-baskauf/15412,Sassafras albidum,leaf,leaf,margin of upper + lower surface,leaf / margin of upper + lower surface,train,https://bioimages.vanderbilt.edu/tn/baskauf/tsaal5-lfmargin-uplow15417.jpg,https://bioimages.vanderbilt.edu/gq/baskauf/gsaal5-lfmargin-uplow15417.jpg
baskauf/15412,baskauf_15412.jpg,ind-baskauf/15412,Sassafras albidum,leaf,leaf,whole upper surface,leaf / whole upper surface,train,https://bioimages.vanderbilt.edu/tn/baskauf/tsaal5-lf15412.jpg,https://bioimages.vanderbilt.edu/gq/baskauf/gsaal5-lf15412.jpg
baskauf/15424,baskauf_15424.jpg,ind-baskauf/15412,Sassafras albidum,twig,twig,orientation of petioles,twig / orientation of petioles,train,https://bioimages.vanderbilt.edu/tn/baskauf/tsaal5-tw15424.jpg,https://bioimages.vanderbilt.edu/gq/baskauf/gsaal5-tw15424.jpg
baskauf/15868,baskauf_15868.jpg,ind-baskauf/15867,Sassafras albidum,leaf,leaf,showing orientation on twig,leaf / showing orientation on twig,train,https://bioimages.vanderbilt.edu/tn/baskauf/tsaal5-lfvariation15868.jpg,https://bioimages.vanderbilt.edu/gq/baskauf/gsaal5-lfvariation15868.jpg
baskauf/15867,baskauf_15867.jpg,ind-baskauf/15867,Sassafras albidum,leaf,leaf,whole upper surface,leaf / whole upper surface,train,https://bioimages.vanderbilt.edu/tn/baskauf/tsaal5-lfmitten15867.jpg,https://bioimages.vanderbilt.edu/gq/baskauf/gsaal5-lfmitten15867.jpg
baskauf/16722,baskauf_16722.jpg,ind-baskauf/16722,Sassafras albidum,leaf,leaf,showing orientation on twig,leaf / showing orientation on twig,train,https://bioimages.vanderbilt.edu/tn/baskauf/tsaal5-lffall16722.jpg,https://bioimages.vanderbilt.edu/gq/baskauf/gsaal5-lffall16722.jpg
kirchoff/b5148,kirchoff_b5148.jpg,ind-kirchoff/b5147,Sassafras albidum,leaf,leaf,showing orientation on twig,leaf / showing orientation on twig,train,https://bioimages.vanderbilt.edu/tn/kirchoff/tsaal5-lfseveralb5148.jpg,https://bioimages.vanderbilt.edu/gq/kirchoff/gsaal5-lfseveralb5148.jpg
kirchoff/b5147,kirchoff_b5147.jpg,ind-kirchoff/b5147,Sassafras albidum,leaf,leaf,whole upper surface,leaf / whole upper surface,train,https://bioimages.vanderbilt.edu/tn/kirchoff/tsaal5-lfb5147.jpg,https://bioimages.vanderbilt.edu/gq/kirchoff/gsaal5-lfb5147.jpg
kirchoff/b5149,kirchoff_b5149.jpg,ind-kirchoff/b5149,Sassafras albidum,leaf,leaf,showing orientation on twig,leaf / showing orientation on twig,train,https://bioimages.vanderbilt.edu/tn/kirchoff/tsaal5-lfseveralb5149.jpg,https://bioimages.vanderbilt.edu/gq/kirchoff/gsaal5-lfseveralb5149.jpg
baskauf/11322,baskauf_11322.jpg,ind-baskauf/11322,Sassafras albidum,whole plant,whole tree (or vine),general,whole tree (or vine) / general,train,https://bioimages.vanderbilt.edu/tn/baskauf/tsaal5-wpsmall11322.jpg,https://bioimages.vanderbilt.edu/gq/baskauf/gsaal5-wpsmall11322.jpg
baskauf/11722,baskauf_11722.jpg,ind-baskauf/11722,Sassafras albidum,whole plant,whole tree (or vine),general,whole tree (or vine) / general,train,https://bioimages.vanderbilt.edu/tn/baskauf/tsaal5-wpsmall11722.jpg,https://bioimages.vanderbilt.edu/gq/baskauf/gsaal5-wpsmall11722.jpg
baskauf/12456,baskauf_12456.jpg,vanderbilt/2-146,Fraxinus americana,bark,bark,of a large tree,bark / of a large tree,train,https://bioimages.vanderbilt.edu/tn/baskauf/tfram2-brlarge-tree12456.jpg,https://bioimages.vanderbilt.edu/gq/baskauf/gfram2-brlarge-tree12456.jpg
baskauf/12460,baskauf_12460.jpg,vanderbilt/2-146,Fraxinus americana,bark,bark,of a small tree or small branch,bark / of a small tree or small branch,train,https://bioimages.vanderbilt.edu/tn/baskauf/tfram2-brsmall-tree12460.jpg,https://bioimages.vanderbilt.edu/gq/baskauf/gfram2-brsmall-tree12460.jpg
baskauf/18150,baskauf_18150.jpg,vanderbilt/2-146,Fraxinus americana,flower,inflorescence,whole - male,inflorescence / whole - male,train,https://bioimages.vanderbilt.edu/tn/baskauf/tfram2-flmale18150.jpg,https://bioimages.vanderbilt.edu/gq/baskauf/gfram2-flmale18150.jpg
baskauf/18141,baskauf_18141.jpg,vanderbilt/2-146,Fraxinus americana,flower,inflorescence,whole - unspecified,inflorescence / whole - unspecified,train,https://bioimages.vanderbilt.edu/tn/baskauf/tfram2-flinflor18141.jpg,https://bioimages.vanderbilt.edu/gq/baskauf/gfram2-flinflor18141.jpg
baskauf/12505,baskauf_12505.jpg,vanderbilt/2-146,Fraxinus americana,leaf,leaf,margin of upper + lower surface,leaf / margin of upper + lower surface,train,https://bioimages.vanderbilt.edu/tn/baskauf/tfram2-lfmargin-lower12505.jpg,https://bioimages.vanderbilt.edu/gq/baskauf/gfram2-lfmargin-lower12505.jpg
baskauf/12462,baskauf_12462.jpg,vanderbilt/2-146,Fraxinus americana,leaf,leaf,showing orientation on twig,leaf / showing orientation on twig,train,https://bioimages.vanderbilt.edu/tn/baskauf/tfram2-lfseveral12462.jpg,https://bioimages.vanderbilt.edu/gq/baskauf/gfram2-lfseveral12462.jpg
baskauf/12467,baskauf_12467.jpg,vanderbilt/2-146,Fraxinus americana,leaf,leaf,unspecified,leaf / unspecified,train,https://bioimages.vanderbilt.edu/tn/baskauf/tfram2-lfleaflet12467.jpg,https://bioimages.vanderbilt.edu/gq/baskauf/gfram2-lfleaflet12467.jpg
baskauf/12465,baskauf_12465.jpg,vanderbilt/2-146,Fraxinus americana,leaf,leaf,whole upper surface,leaf / whole upper surface,train,https://bioimages.vanderbilt.edu/tn/baskauf/tfram2-lf12465.jpg,https://bioimages.vanderbilt.edu/gq/baskauf/gfram2-lf12465.jpg
baskauf/12501,baskauf_12501.jpg,vanderbilt/2-146,Fraxinus americana,leaf,leaf,whole upper surface,leaf / whole upper surface,train,https://bioimages.vanderbilt.edu/tn/baskauf/tfram2-lfflat12501.jpg,https://bioimages.vanderbilt.edu/gq/baskauf/gfram2-lfflat12501.jpg
baskauf/12469,baskauf_12469.jpg,vanderbilt/2-146,Fraxinus americana,twig,twig,close-up winter leaf scar/bud,twig / close-up winter leaf scar/bud,train,https://bioimages.vanderbilt.edu/tn/baskauf/tfram2-tw12469.jpg,https://bioimages.vanderbilt.edu/gq/baskauf/gfram2-tw12469.jpg
baskauf/12453,baskauf_12453.jpg,vanderbilt/2-146,Fraxinus americana,whole plant,whole tree (or vine),general,whole tree (or vine) / general,train,https://bioimages.vanderbilt.edu/tn/baskauf/tfram2-wplarge12453.jpg,https://bioimages.vanderbilt.edu/gq/baskauf/gfram2-wplarge12453.jpg
baskauf/12457,baskauf_12457.jpg,vanderbilt/2-146,Fraxinus americana,whole plant,whole tree (or vine),view up trunk,whole tree (or vine) / view up trunk,train,https://bioimages.vanderbilt.edu/tn/baskauf/tfram2-wplookup-large12457.jpg,https://bioimages.vanderbilt.edu/gq/baskauf/gfram2-wplookup-large12457.jpg
ssmv/2-638-01,ssmv_2-638-01.jpg,vanderbilt/3-108,Fraxinus americana,bark,bark,of a large tree,bark / of a large tree,train,https://bioimages.vanderbilt.edu/tn/ssmv/t2-638-01.jpg,https://bioimages.vanderbilt.edu/gq/ssmv/g2-638-01.jpg
ssmv/2-638-03,ssmv_2-638-03.jpg,vanderbilt/3-108,Fraxinus americana,leaf,leaf,whole upper surface,leaf / whole upper surface,train,https://bioimages.vanderbilt.edu/tn/ssmv/t2-638-03.jpg,https://bioimages.vanderbilt.edu/gq/ssmv/g2-638-03.jpg
ssmv/2-638-02,ssmv_2-638-02.jpg,vanderbilt/3-108,Fraxinus americana,whole plant,whole tree (or vine),general,whole tree (or vine) / general,train,https://bioimages.vanderbilt.edu/tn/ssmv/t2-638-02.jpg,https://bioimages.vanderbilt.edu/gq/ssmv/g2-638-02.jpg
ssmv/2-638-04,ssmv_2-638-04.jpg,vanderbilt/3-108,Fraxinus americana,whole plant,whole tree (or vine),general,whole tree (or vine) / general,train,https://bioimages.vanderbilt.edu/tn/ssmv/t2-638-04.jpg,https://bioimages.vanderbilt.edu/gq/ssmv/g2-638-04.jpg
baskauf/12801,baskauf_12801.jpg,ind-baskauf/12800,Fraxinus americana,bark,bark,of a small tree or small branch,bark / of a small tree or small branch,train,https://bioimages.vanderbilt.edu/tn/baskauf/tfram2-brsmall-tree12801.jpg,https://bioimages.vanderbilt.edu/gq/baskauf/gfram2-brsmall-tree12801.jpg
baskauf/12800,baskauf_12800.jpg,ind-baskauf/12800,Fraxinus americana,whole plant,whole tree (or vine),general,whole tree (or vine) / general,train,https://bioimages.vanderbilt.edu/tn/baskauf/tfram2-wpsmall12800.jpg,https://bioimages.vanderbilt.edu/gq/baskauf/gfram2-wpsmall12800.jpg
baskauf/25640,baskauf_25640.jpg,ind-baskauf/25640,Fraxinus americana,fruit,fruit,as borne on the plant,fruit / as borne on the plant,train,https://bioimages.vanderbilt.edu/tn/baskauf/tfram2-frinfruct25640.jpg,https://bioimages.vanderbilt.edu/gq/baskauf/gfram2-frinfruct25640.jpg
baskauf/25646,baskauf_25646.jpg,ind-baskauf/25640,Fraxinus americana,fruit,fruit,lateral or general close-up,fruit / lateral or general close-up,train,https://bioimages.vanderbilt.edu/tn/baskauf/tfram2-fr25646.jpg,https://bioimages.vanderbilt.edu/gq/baskauf/gfram2-fr25646.jpg
baskauf/91173,baskauf_91173.jpg,vanderbilt/1-183,Fraxinus americana,unspecified,unspecified,unspecified,unspecified / unspecified,train,https://bioimages.vanderbilt.edu/tn/baskauf/t91173.jpg,https://bioimages.vanderbilt.edu/gq/baskauf/g91173.jpg
baskauf/90824a,baskauf_90824a.jpg,vanderbilt/1-183,Fraxinus americana,whole plant,whole tree (or vine),general,whole tree (or vine) / general,train,https://bioimages.vanderbilt.edu/tn/baskauf/t90824a.jpg,https://bioimages.vanderbilt.edu/gq/baskauf/g90824a.jpg
baskauf/90825,baskauf_90825.jpg,vanderbilt/1-183,Fraxinus americana,whole plant,whole tree (or vine),general,whole tree (or vine) / general,train,https://bioimages.vanderbilt.edu/tn/baskauf/t90825.jpg,https://bioimages.vanderbilt.edu/gq/baskauf/g90825.jpg
baskauf/90826a,baskauf_90826a.jpg,vanderbilt/1-183,Fraxinus americana,whole plant,whole tree (or vine),general,whole tree (or vine) / general,train,https://bioimages.vanderbilt.edu/tn/baskauf/t90826a.jpg,https://bioimages.vanderbilt.edu/gq/baskauf/g90826a.jpg
baskauf/90905,baskauf_90905.jpg,vanderbilt/1-183,Fraxinus americana,whole plant,whole tree (or vine),general,whole tree (or vine) / general,train,https://bioimages.vanderbilt.edu/tn/baskauf/t90905.jpg,https://bioimages.vanderbilt.edu/gq/baskauf/g90905.jpg
baskauf/90899,baskauf_90899.jpg,vanderbilt/6-71,Fraxinus americana,whole plant,whole tree (or vine),general,whole tree (or vine) / general,train,https://bioimages.vanderbilt.edu/tn/baskauf/t90899.jpg,https://bioimages.vanderbilt.edu/gq/baskauf/g90899.jpg
baskauf/89347,baskauf_89347.jpg,vanderbilt/6-71,Fraxinus americana,whole plant,whole tree (or vine),winter,whole tree (or vine) / winter,train,https://bioimages.vanderbilt.edu/tn/baskauf/t89347.jpg,https://bioimages.vanderbilt.edu/gq/baskauf/g89347.jpg
baskauf/91083,baskauf_91083.jpg,vanderbilt/2-83,Fraxinus americana,whole plant,whole tree (or vine),general,whole tree (or vine) / general,train,https://bioimages.vanderbilt.edu/tn/baskauf/t91083.jpg,https://bioimages.vanderbilt.edu/gq/baskauf/g91083.jpg
baskauf/91150,baskauf_91150.jpg,vanderbilt/12-167,Fraxinus americana,whole plant,whole tree (or vine),general,whole tree (or vine) / general,train,https://bioimages.vanderbilt.edu/tn/baskauf/t91150.jpg,https://bioimages.vanderbilt.edu/gq/baskauf/g91150.jpg
ssmv/2-1006-01,ssmv_2-1006-01.jpg,vanderbilt/2-95,Fraxinus americana,whole plant,whole tree (or vine),general,whole tree (or vine) / general,train,https://bioimages.vanderbilt.edu/tn/ssmv/t2-1006-01.jpg,https://bioimages.vanderbilt.edu/gq/ssmv/g2-1006-01.jpg
ssmv/2-1006-02,ssmv_2-1006-02.jpg,vanderbilt/2-95,Fraxinus americana,whole plant,whole tree (or vine),general,whole tree (or vine) / general,train,https://bioimages.vanderbilt.edu/tn/ssmv/t2-1006-02.jpg,https://bioimages.vanderbilt.edu/gq/ssmv/g2-1006-02.jpg
ssmv/2-1006-03,ssmv_2-1006-03.jpg,vanderbilt/2-95,Fraxinus americana,whole plant,whole tree (or vine),general,whole tree (or vine) / general,train,https://bioimages.vanderbilt.edu/tn/ssmv/t2-1006-03.jpg,https://bioimages.vanderbilt.edu/gq/ssmv/g2-1006-03.jpg
baskauf/13406,baskauf_13406.jpg,vanderbilt/5-64,Fraxinus pennsylvanica,bark,bark,of a large tree,bark / of a large tree,validation,https://bioimages.vanderbilt.edu/tn/baskauf/tfrpe--brlarge13406.jpg,https://bioimages.vanderbilt.edu/gq/baskauf/gfrpe--brlarge13406.jpg
baskauf/13412,baskauf_13412.jpg,vanderbilt/5-64,Fraxinus pennsylvanica,bark,bark,of a small tree or small branch,bark / of a small tree or small branch,validation,https://bioimages.vanderbilt.edu/tn/baskauf/tfrpe--brsmall13412.jpg,https://bioimages.vanderbilt.edu/gq/baskauf/gfrpe--brsmall13412.jpg
baskauf/19298,baskauf_19298.jpg,vanderbilt/5-64,Fraxinus pennsylvanica,flower,inflorescence,whole - male,inflorescence / whole - male,validation,https://bioimages.vanderbilt.edu/tn/baskauf/tfrpe--fl19298.jpg,https://bioimages.vanderbilt.edu/gq/baskauf/gfrpe--fl19298.jpg
baskauf/19291,baskauf_19291.jpg,vanderbilt/5-64,Fraxinus pennsylvanica,flower,inflorescence,whole - unspecified,inflorescence / whole - unspecified,validation,https://bioimages.vanderbilt.edu/tn/baskauf/tfrpe--flinflor19291.jpg,https://bioimages.vanderbilt.edu/gq/baskauf/gfrpe--flinflor19291.jpg
baskauf/13393,baskauf_13393.jpg,vanderbilt/5-64,Fraxinus pennsylvanica,fruit,fruit,as borne on the plant,fruit / as borne on the plant,validation,https://bioimages.vanderbilt.edu/tn/baskauf/tfrpe--frdevel13393.jpg,https://bioimages.vanderbilt.edu/gq/baskauf/gfrpe--frdevel13393.jpg
baskauf/13397,baskauf_13397.jpg,vanderbilt/5-64,Fraxinus pennsylvanica,fruit,fruit,immature,fruit / immature,validation,https://bioimages.vanderbilt.edu/tn/baskauf/tfrpe--frdevel-close13397.jpg,https://bioimages.vanderbilt.edu/gq/baskauf/gfrpe--frdevel-close13397.jpg
baskauf/13392,baskauf_13392.jpg,vanderbilt/5-64,Fraxinus pennsylvanica,leaf,leaf,margin of upper + lower surface,leaf / margin of upper + lower surface,validation,https://bioimages.vanderbilt.edu/tn/baskauf/tfrpe--lfmargin-uplow13392.jpg,https://bioimages.vanderbilt.edu/gq/baskauf/gfrpe--lfmargin-uplow13392.jpg
baskauf/13401,baskauf_13401.jpg,vanderbilt/5-64,Fraxinus pennsylvanica,leaf,leaf,margin of upper + lower surface,leaf / margin of upper + lower surface,validation,https://bioimages.vanderbilt.edu/tn/baskauf/tfrpe--lfleaflet13401.jpg,https://bioimages.vanderbilt.edu/gq/baskauf/gfrpe--lfleaflet13401.jpg
baskauf/13380,baskauf_13380.jpg,vanderbilt/5-64,Fraxinus pennsylvanica,leaf,leaf,showing orientation on twig,leaf / showing orientation on twig,validation,https://bioimages.vanderbilt.edu/tn/baskauf/tfrpe--lfseveral13380.jpg,https://bioimages.vanderbilt.edu/gq/baskauf/gfrpe--lfseveral13380.jpg
baskauf/13403,baskauf_13403.jpg,vanderbilt/5-64,Fraxinus pennsylvanica,leaf,leaf,unspecified,leaf / unspecified,validation,https://bioimages.vanderbilt.edu/tn/baskauf/tfrpe--lfridge-rachis13403.jpg,https://bioimages.vanderbilt.edu/gq/baskauf/gfrpe--lfridge-rachis13403.jpg
baskauf/13383,baskauf_13383.jpg,vanderbilt/5-64,Fraxinus pennsylvanica,leaf,leaf,whole upper surface,leaf / whole upper surface,validation,https://bioimages.vanderbilt.edu/tn/baskauf/tfrpe--lf13383.jpg,https://bioimages.vanderbilt.edu/gq/baskauf/gfrpe--lf13383.jpg
baskauf/13386,baskauf_13386.jpg,vanderbilt/5-64,Fraxinus pennsylvanica,leaf,leaf,whole upper surface,leaf / whole upper surface,validation,https://bioimages.vanderbilt.edu/tn/baskauf/tfrpe--lffive-leaflet13386.jpg,https://bioimages.vanderbilt.edu/gq/baskauf/gfrpe--lffive-leaflet13386.jpg
baskauf/13379,baskauf_13379.jpg,vanderbilt/5-64,Fraxinus pennsylvanica,whole plant,whole tree (or vine),general,whole tree (or vine) / general,validation,https://bioimages.vanderbilt.edu/tn/baskauf/tfrpe--wplarge13379.jpg,https://bioimages.vanderbilt.edu/gq/baskauf/gfrpe--wplarge13379.jpg
baskauf/91091,baskauf_91091.jpg,vanderbilt/5-64,Fraxinus pennsylvanica,whole plant,whole tree (or vine),general,whole tree (or vine) / general,validation,https://bioimages.vanderbilt.edu/tn/baskauf/t91091.jpg,https://bioimages.vanderbilt.edu/gq/baskauf/g91091.jpg
baskauf/13410,baskauf_13410.jpg,vanderbilt/5-64,Fraxinus pennsylvanica,whole plant,whole tree (or vine),view up trunk,whole tree (or vine) / view up trunk,validation,https://bioimages.vanderbilt.edu/tn/baskauf/tfrpe--wplookup13410.jpg,https://bioimages.vanderbilt.edu/gq/baskauf/gfrpe--wplookup13410.jpg
baskauf/51169,baskauf_51169.jpg,vanderbilt/12-209,Fraxinus pennsylvanica,flower,inflorescence,lateral view of flower,inflorescence / lateral view of flower,validation,https://bioimages.vanderbilt.edu/tn/baskauf/tfrpe--flfemale51169.jpg,https://bioimages.vanderbilt.edu/gq/baskauf/gfrpe--flfemale51169.jpg
baskauf/51175,baskauf_51175.jpg,vanderbilt/12-209,Fraxinus pennsylvanica,flower,inflorescence,lateral view of flower,inflorescence / lateral view of flower,validation,https://bioimages.vanderbilt.edu/tn/baskauf/tfrpe--flmale51175.jpg,https://bioimages.vanderbilt.edu/gq/baskauf/gfrpe--flmale51175.jpg
baskauf/51172,baskauf_51172.jpg,vanderbilt/12-209,Fraxinus pennsylvanica,flower,inflorescence,whole - female,inflorescence / whole - female,validation,https://bioimages.vanderbilt.edu/tn/baskauf/tfrpe--flfemale-inflor51172.jpg,https://bioimages.vanderbilt.edu/gq/baskauf/gfrpe--flfemale-inflor51172.jpg
baskauf/51174,baskauf_51174.jpg,vanderbilt/12-209,Fraxinus pennsylvanica,flower,inflorescence,whole - male,inflorescence / whole - male,validation,https://bioimages.vanderbilt.edu/tn/baskauf/tfrpe--flmale-inflor51174.jpg,https://bioimages.vanderbilt.edu/gq/baskauf/gfrpe--flmale-inflor51174.jpg
baskauf/91152,baskauf_91152.jpg,vanderbilt/12-209,Fraxinus pennsylvanica,whole plant,whole tree (or vine),general,whole tree (or vine) / general,validation,https://bioimages.vanderbilt.edu/tn/baskauf/t91152.jpg,https://bioimages.vanderbilt.edu/gq/baskauf/g91152.jpg
baskauf/17457,baskauf_17457.jpg,ind-baskauf/17451,Fraxinus pennsylvanica,twig,twig,close-up winter leaf scar/bud,twig / close-up winter leaf scar/bud,validation,https://bioimages.vanderbilt.edu/tn/baskauf/tfrpe--twleaf-scar17457.jpg,https://bioimages.vanderbilt.edu/gq/baskauf/gfrpe--twleaf-scar17457.jpg
baskauf/17455,baskauf_17455.jpg,ind-baskauf/17451,Fraxinus pennsylvanica,twig,twig,winter overall,twig / winter overall,validation,https://bioimages.vanderbilt.edu/tn/baskauf/tfrpe--twterminal-bud17455.jpg,https://bioimages.vanderbilt.edu/gq/baskauf/gfrpe--twterminal-bud17455.jpg
baskauf/90785a,baskauf_90785a.jpg,vanderbilt/9-89,Fraxinus pennsylvanica,whole plant,whole tree (or vine),general,whole tree (or vine) / general,validation,https://bioimages.vanderbilt.edu/tn/baskauf/t90785a.jpg,https://bioimages.vanderbilt.edu/gq/baskauf/g90785a.jpg
baskauf/90799,baskauf_90799.jpg,vanderbilt/9-89,Fraxinus pennsylvanica,whole plant,whole tree (or vine),general,whole tree (or vine) / general,validation,https://bioimages.vanderbilt.edu/tn/baskauf/t90799.jpg,https://bioimages.vanderbilt.edu/gq/baskauf/g90799.jpg
baskauf/90789,baskauf_90789.jpg,vanderbilt/9-89,Fraxinus pennsylvanica,whole plant,whole tree (or vine),view up trunk,whole tree (or vine) / view up trunk,validation,https://bioimages.vanderbilt.edu/tn/baskauf/t90789.jpg,https://bioimages.vanderbilt.edu/gq/baskauf/g90789.jpg
baskauf/90797a,baskauf_90797a.jpg,vanderbilt/9-88,Fraxinus pennsylvanica,whole plant,whole tree (or vine),general,whole tree (or vine) / general,validation,https://bioimages.vanderbilt.edu/tn/baskauf/t90797a.jpg,https://bioimages.vanderbilt.edu/gq/baskauf/g90797a.jpg
baskauf/90798,baskauf_90798.jpg,vanderbilt/9-88,Fraxinus pennsylvanica,whole plant,whole tree (or vine),general,whole tree (or vine) / general,validation,https://bioimages.vanderbilt.edu/tn/baskauf/t90798.jpg,https://bioimages.vanderbilt.edu/gq/baskauf/g90798.jpg
baskauf/90792,baskauf_90792.jpg,vanderbilt/9-88,Fraxinus pennsylvanica,whole plant,whole tree (or vine),view up trunk,whole tree (or vine) / view up trunk,validation,https://bioimages.vanderbilt.edu/tn/baskauf/t90792.jpg,https://bioimages.vanderbilt.edu/gq/baskauf/g90792.jpg
baskauf/21865,baskauf_21865.jpg,ind-baskauf/21860,Fraxinus quadrangulata,bark,bark,of a medium tree or large branch,bark / of a medium tree or large branch,test,https://bioimages.vanderbilt.edu/tn/baskauf/tfrqu--br21865.jpg,https://bioimages.vanderbilt.edu/gq/baskauf/gfrqu--br21865.jpg
baskauf/30439,baskauf_30439.jpg,ind-baskauf/30435,Fraxinus quadrangulata,fruit,fruit,as borne on the plant,fruit / as borne on the plant,test,https://bioimages.vanderbilt.edu/tn/baskauf/tfrqu--frinfruct30439.jpg,https://bioimages.vanderbilt.edu/gq/baskauf/gfrqu--frinfruct30439.jpg
baskauf/30435,baskauf_30435.jpg,ind-baskauf/30435,Fraxinus quadrangulata,fruit,fruit,lateral or general close-up,fruit / lateral or general close-up,test,https://bioimages.vanderbilt.edu/tn/baskauf/tfrqu--fr30435.jpg,https://bioimages.vanderbilt.edu/gq/baskauf/gfrqu--fr30435.jpg
baskauf/12768,baskauf_12768.jpg,ind-baskauf/12755,Fraxinus quadrangulata,leaf,leaf,margin of upper + lower surface,leaf / margin of upper + lower surface,test,https://bioimages.vanderbilt.edu/tn/baskauf/tfrqu--lfmargin-low12768.jpg,https://bioimages.vanderbilt.edu/gq/baskauf/gfrqu--lfmargin-low12768.jpg
baskauf/12764,baskauf_12764.jpg,ind-baskauf/12755,Fraxinus quadrangulata,leaf,leaf,showing orientation on twig,leaf / showing orientation on twig,test,https://bioimages.vanderbilt.edu/tn/baskauf/tfrqu--lfseveral12764.jpg,https://bioimages.vanderbilt.edu/gq/baskauf/gfrqu--lfseveral12764.jpg
baskauf/12757,baskauf_12757.jpg,ind-baskauf/12755,Fraxinus quadrangulata,leaf,leaf,whole upper surface,leaf / whole upper surface,test,https://bioimages.vanderbilt.edu/tn/baskauf/tfrqu--lf12757.jpg,https://bioimages.vanderbilt.edu/gq/baskauf/gfrqu--lf12757.jpg
baskauf/12763,baskauf_12763.jpg,ind-baskauf/12755,Fraxinus quadrangulata,twig,twig,close-up winter terminal bud,twig / close-up winter terminal bud,test,https://bioimages.vanderbilt.edu/tn/baskauf/tfrqu--twbuds12763.jpg,https://bioimages.vanderbilt.edu/gq/baskauf/gfrqu--twbuds12763.jpg
baskauf/12760,baskauf_12760.jpg,ind-baskauf/12755,Fraxinus quadrangulata,twig,twig,winter overall,twig / winter overall,test,https://bioimages.vanderbilt.edu/tn/baskauf/tfrqu--twwinged12760.jpg,https://bioimages.vanderbilt.edu/gq/baskauf/gfrqu--twwinged12760.jpg
baskauf/12761,baskauf_12761.jpg,ind-baskauf/12755,Fraxinus quadrangulata,twig,twig,winter overall,twig / winter overall,test,https://bioimages.vanderbilt.edu/tn/baskauf/tfrqu--twless-winged12761.jpg,https://bioimages.vanderbilt.edu/gq/baskauf/gfrqu--twless-winged12761.jpg
baskauf/12755,baskauf_12755.jpg,ind-baskauf/12755,Fraxinus quadrangulata,whole plant,whole tree (or vine),general,whole tree (or vine) / general,test,https://bioimages.vanderbilt.edu/tn/baskauf/tfrqu--wpsmall12755.jpg,https://bioimages.vanderbilt.edu/gq/baskauf/gfrqu--wpsmall12755.jpg
baskauf/2014-08-23-16-40-08,baskauf_2014-08-23-16-40-08.jpg,ind-baskauf/2014-08-23,Fraxinus quadrangulata,leaf,leaf,showing orientation on twig,leaf / showing orientation on twig,test,https://bioimages.vanderbilt.edu/tn/baskauf/t2014-08-23-16-40-08.jpg,https://bioimages.vanderbilt.edu/gq/baskauf/g2014-08-23-16-40-08.jpg
baskauf/2014-08-23-16-40-31,baskauf_2014-08-23-16-40-31.jpg,ind-baskauf/2014-08-23,Fraxinus quadrangulata,leaf,leaf,showing orientation on twig,leaf / showing orientation on twig,test,https://bioimages.vanderbilt.edu/tn/baskauf/t2014-08-23-16-40-31.jpg,https://bioimages.vanderbilt.edu/gq/baskauf/g2014-08-23-16-40-31.jpg
baskauf/2014-08-23-16-40-51,baskauf_2014-08-23-16-40-51.jpg,ind-baskauf/2014-08-23,Fraxinus quadrangulata,leaf,leaf,whole upper surface,leaf / whole upper surface,test,https://bioimages.vanderbilt.edu/tn/baskauf/t2014-08-23-16-40-51.jpg,https://bioimages.vanderbilt.edu/gq/baskauf/g2014-08-23-16-40-51.jpg
baskauf/2014-08-23-16-39-52,baskauf_2014-08-23-16-39-52.jpg,ind-baskauf/2014-08-23,Fraxinus quadrangulata,whole plant,whole tree (or vine),general,whole tree (or vine) / general,test,https://bioimages.vanderbilt.edu/tn/baskauf/t2014-08-23-16-39-52.jpg,https://bioimages.vanderbilt.edu/gq/baskauf/g2014-08-23-16-39-52.jpg
baskauf/32863,baskauf_32863.jpg,ind-baskauf/32863,Fraxinus quadrangulata,whole plant,whole tree (or vine),general,whole tree (or vine) / general,test,https://bioimages.vanderbilt.edu/tn/baskauf/tfrqu--lfsmall-plant32863.jpg,https://bioimages.vanderbilt.edu/gq/baskauf/gfrqu--lfsmall-plant32863.jpg
baskauf/11435,baskauf_11435.jpg,ind-baskauf/11427,Picea rubens,bark,bark,of a large tree,bark / of a large tree,test,https://bioimages.vanderbilt.edu/tn/baskauf/tpiru--br11435.jpg,https://bioimages.vanderbilt.edu/gq/baskauf/gpiru--br11435.jpg
baskauf/11434,baskauf_11434.jpg,ind-baskauf/11427,Picea rubens,needle,leaf,entire needle,leaf / entire needle,test,https://bioimages.vanderbilt.edu/tn/baskauf/tpiru--lfclose11434.jpg,https://bioimages.vanderbilt.edu/gq/baskauf/gpiru--lfclose11434.jpg
baskauf/11430,baskauf_11430.jpg,ind-baskauf/11427,Picea rubens,needle,leaf,showing orientation on twig,leaf / showing orientation on twig,test,https://bioimages.vanderbilt.edu/tn/baskauf/tpiru--lfseveral11430.jpg,https://bioimages.vanderbilt.edu/gq/baskauf/gpiru--lfseveral11430.jpg
baskauf/11432,baskauf_11432.jpg,ind-baskauf/11427,Picea rubens,twig,twig,showing attachment of needles,twig / showing attachment of needles,test,https://bioimages.vanderbilt.edu/tn/baskauf/tpiru--tw11432.jpg,https://bioimages.vanderbilt.edu/gq/baskauf/gpiru--tw11432.jpg
baskauf/11427,baskauf_11427.jpg,ind-baskauf/11427,Picea rubens,whole plant,whole tree,general,whole tree / general,test,https://bioimages.vanderbilt.edu/tn/baskauf/tpiru--wplarge11427.jpg,https://bioimages.vanderbilt.edu/gq/baskauf/gpiru--wplarge11427.jpg
baskauf/38128,baskauf_38128.jpg,ind-baskauf/38128,Picea rubens,cone,cone,female - closed,cone / female - closed,test,https://bioimages.vanderbilt.edu/tn/baskauf/tpiru--coseveral38128.jpg,https://bioimages.vanderbilt.edu/gq/baskauf/gpiru--coseveral38128.jpg
baskauf/38132,baskauf_38132.jpg,ind-baskauf/38128,Picea rubens,cone,cone,female - closed,cone / female - closed,test,https://bioimages.vanderbilt.edu/tn/baskauf/tpiru--co38132.jpg,https://bioimages.vanderbilt.edu/gq/baskauf/gpiru--co38132.jpg
baskauf/26131,baskauf_26131.jpg,ind-baskauf/26128,Picea rubens,needle,leaf,showing orientation on twig,leaf / showing orientation on twig,test,https://bioimages.vanderbilt.edu/tn/baskauf/tpiru--lf26131.jpg,https://bioimages.vanderbilt.edu/gq/baskauf/gpiru--lf26131.jpg
baskauf/11094,baskauf_11094.jpg,ind-baskauf/10225,Pinus strobus,bark,bark,of a medium tree or large branch,bark / of a medium tree or large branch,train,https://bioimages.vanderbilt.edu/tn/baskauf/tpist--br11094.jpg,https://bioimages.vanderbilt.edu/gq/baskauf/gpist--br11094.jpg
baskauf/10225,baskauf_10225.jpg,ind-baskauf/10225,Pinus strobus,cone,cone,female - mature open,cone / female - mature open,train,https://bioimages.vanderbilt.edu/tn/baskauf/tpist--cofemale-dist10225.jpg,https://bioimages.vanderbilt.edu/gq/baskauf/gpist--cofemale-dist10225.jpg
baskauf/11091,baskauf_11091.jpg,ind-baskauf/10225,Pinus strobus,cone,cone,male,cone / male,train,https://bioimages.vanderbilt.edu/tn/baskauf/tpist--comale11091.jpg,https://bioimages.vanderbilt.edu/gq/baskauf/gpist--comale11091.jpg
baskauf/11093,baskauf_11093.jpg,ind-baskauf/10225,Pinus strobus,needle,leaf,entire needle,leaf / entire needle,train,https://bioimages.vanderbilt.edu/tn/baskauf/tpist--lffascicles11093.jpg,https://bioimages.vanderbilt.edu/gq/baskauf/gpist--lffascicles11093.jpg
baskauf/15663,baskauf_15663.jpg,ind-baskauf/10225,Pinus strobus,needle,leaf,entire needle,leaf / entire needle,train,https://bioimages.vanderbilt.edu/tn/baskauf/tpist--lfcloseup15663.jpg,https://bioimages.vanderbilt.edu/gq/baskauf/gpist--lfcloseup15663.jpg
baskauf/15662,baskauf_15662.jpg,ind-baskauf/10225,Pinus strobus,whole plant,whole tree,general,whole tree / general,train,https://bioimages.vanderbilt.edu/tn/baskauf/tpist--wp15662.jpg,https://bioimages.vanderbilt.edu/gq/baskauf/gpist--wp15662.jpg
baskauf/17544,baskauf_17544.jpg,vanderbilt/6-15,Pinus strobus,bark,bark,of a medium tree or large branch,bark / of a medium tree or large branch,train,https://bioimages.vanderbilt.edu/tn/baskauf/tpist--brmedium17544.jpg,https://bioimages.vanderbilt.edu/gq/baskauf/gpist--brmedium17544.jpg
baskauf/17546,baskauf_17546.jpg,vanderbilt/6-15,Pinus strobus,bark,bark,of a small tree or small branch,bark / of a small tree or small branch,train,https://bioimages.vanderbilt.edu/tn/baskauf/tpist--brsmall17546.jpg,https://bioimages.vanderbilt.edu/gq/baskauf/gpist--brsmall17546.jpg
baskauf/17542,baskauf_17542.jpg,vanderbilt/6-15,Pinus strobus,twig,twig,showing attachment of needles,twig / showing attachment of needles,train,https://bioimages.vanderbilt.edu/tn/baskauf/tpist--tw17542.jpg,https://bioimages.vanderbilt.edu/gq/baskauf/gpist--tw17542.jpg
baskauf/17548,baskauf_17548.jpg,ind-baskauf/17548,Pinus strobus,bark,bark,of a medium tree or large branch,bark / of a medium tree or large branch,train,https://bioimages.vanderbilt.edu/tn/baskauf/tpist--brlarge17548.jpg,https://bioimages.vanderbilt.edu/gq/baskauf/gpist--brlarge17548.jpg
baskauf/13417,baskauf_13417.jpg,vanderbilt/1-125,Pinus strobus,cone,cone,female - closed,cone / female - closed,train,https://bioimages.vanderbilt.edu/tn/baskauf/tpist--codevel-female13417.jpg,https://bioimages.vanderbilt.edu/gq/baskauf/gpist--codevel-female13417.jpg
baskauf/13418,baskauf_13418.jpg,vanderbilt/1-125,Pinus strobus,cone,cone,female - closed,cone / female - closed,train,https://bioimages.vanderbilt.edu/tn/baskauf/tpist--codevel-female13418.jpg,https://bioimages.vanderbilt.edu/gq/baskauf/gpist--codevel-female13418.jpg
baskauf/15225,baskauf_15225.jpg,ind-baskauf/15225,Pinus strobus,cone,cone,female - mature open,cone / female - mature open,train,https://bioimages.vanderbilt.edu/tn/baskauf/tpist--cofemale15225.jpg,https://bioimages.vanderbilt.edu/gq/baskauf/gpist--cofemale15225.jpg
baskauf/34222,baskauf_34222.jpg,ind-baskauf/34215,Pinus strobus,cone,cone,female - receptive,cone / female - receptive,train,https://bioimages.vanderbilt.edu/tn/baskauf/tpist--cofemale-recept34222.jpg,https://bioimages.vanderbilt.edu/gq/baskauf/gpist--cofemale-recept34222.jpg
baskauf/34216,baskauf_34216.jpg,ind-baskauf/34215,Pinus strobus,cone,cone,male,cone / male,train,https://bioimages.vanderbilt.edu/tn/baskauf/tpist--comale-distant34216.jpg,https://bioimages.vanderbilt.edu/gq/baskauf/gpist--comale-distant34216.jpg
baskauf/34219,baskauf_34219.jpg,ind-baskauf/34215,Pinus strobus,cone,cone,male,cone / male,train,https://bioimages.vanderbilt.edu/tn/baskauf/tpist--comale34219.jpg,https://bioimages.vanderbilt.edu/gq/baskauf/gpist--comale34219.jpg
baskauf/54826,baskauf_54826.jpg,ind-baskauf/54837,Pinus strobus,needle,leaf,unspecified,leaf / unspecified,train,https://bioimages.vanderbilt.edu/tn/baskauf/tpist--lfmicro54826.jpg,https://bioimages.vanderbilt.edu/gq/baskauf/gpist--lfmicro54826.jpg
baskauf/54828,baskauf_54828.jpg,ind-baskauf/54837,Pinus strobus,needle,leaf,unspecified,leaf / unspecified,train,https://bioimages.vanderbilt.edu/tn/baskauf/tpist--lfmicro54828.jpg,https://bioimages.vanderbilt.edu/gq/baskauf/gpist--lfmicro54828.jpg
baskauf/54834,baskauf_54834.jpg,ind-baskauf/54837,Pinus strobus,needle,leaf,unspecified,leaf / unspecified,train,https://bioimages.vanderbilt.edu/tn/baskauf/tpist--lfmicro54834.jpg,https://bioimages.vanderbilt.edu/gq/baskauf/gpist--lfmicro54834.jpg
baskauf/54836,baskauf_54836.jpg,ind-baskauf/54837,Pinus strobus,needle,leaf,unspecified,leaf / unspecified,train,https://bioimages.vanderbilt.edu/tn/baskauf/tpist--lfmicro54836.jpg,https://bioimages.vanderbilt.edu/gq/baskauf/gpist--lfmicro54836.jpg
baskauf/90988,baskauf_90988.jpg,vanderbilt/10-83,Pinus strobus,whole plant,whole tree,general,whole tree / general,train,https://bioimages.vanderbilt.edu/tn/baskauf/t90988.jpg,https://bioimages.vanderbilt.edu/gq/baskauf/g90988.jpg
baskauf/89397,baskauf_89397.jpg,vanderbilt/10-83,Pinus strobus,whole plant,whole tree (or vine),winter,whole tree (or vine) / winter,train,https://bioimages.vanderbilt.edu/tn/baskauf/t89397.jpg,https://bioimages.vanderbilt.edu/gq/baskauf/g89397.jpg
baskauf/11404,baskauf_11404.jpg,ind-baskauf/11404,Tsuga canadensis,bark,bark,of a large tree,bark / of a large tree,validation,https://bioimages.vanderbilt.edu/tn/baskauf/ttsca--br11404.jpg,https://bioimages.vanderbilt.edu/gq/baskauf/gtsca--br11404.jpg
baskauf/11493,baskauf_11493.jpg,ind-baskauf/11492,Tsuga canadensis,bark,bark,of a large tree,bark / of a large tree,validation,https://bioimages.vanderbilt.edu/tn/baskauf/ttsca--br11493.jpg,https://bioimages.vanderbilt.edu/gq/baskauf/gtsca--br11493.jpg
baskauf/11492,baskauf_11492.jpg,ind-baskauf/11492,Tsuga canadensis,whole plant,whole tree,general,whole tree / general,validation,https://bioimages.vanderbilt.edu/tn/baskauf/ttsca--wplarge-forest-11492.jpg,https://bioimages.vanderbilt.edu/gq/baskauf/gtsca--wplarge-forest-11492.jpg
baskauf/10805,baskauf_10805.jpg,vanderbilt/6-117,Tsuga canadensis,cone,cone,female - closed,cone / female - closed,validation,https://bioimages.vanderbilt.edu/tn/baskauf/ttsca--cofemale-devel10805.jpg,https://bioimages.vanderbilt.edu/gq/baskauf/gtsca--cofemale-devel10805.jpg
baskauf/10515,baskauf_10515.jpg,vanderbilt/6-117,Tsuga canadensis,cone,cone,female - receptive,cone / female - receptive,validation,https://bioimages.vanderbilt.edu/tn/baskauf/ttsca--coall10515.jpg,https://bioimages.vanderbilt.edu/gq/baskauf/gtsca--coall10515.jpg
baskauf/10516,baskauf_10516.jpg,vanderbilt/6-117,Tsuga canadensis,cone,cone,female - receptive,cone / female - receptive,validation,https://bioimages.vanderbilt.edu/tn/baskauf/ttsca--cofemale-devel10516.jpg,https://bioimages.vanderbilt.edu/gq/baskauf/gtsca--cofemale-devel10516.jpg
baskauf/10536,baskauf_10536.jpg,vanderbilt/6-117,Tsuga canadensis,cone,cone,male,cone / male,validation,https://bioimages.vanderbilt.edu/tn/baskauf/ttsca--comale10536.jpg,https://bioimages.vanderbilt.edu/gq/baskauf/gtsca--comale10536.jpg
baskauf/15626,baskauf_15626.jpg,vanderbilt/6-117,Tsuga canadensis,twig,twig,showing attachment of needles,twig / showing attachment of needles,validation,https://bioimages.vanderbilt.edu/tn/baskauf/ttsca--tw15626.jpg,https://bioimages.vanderbilt.edu/gq/baskauf/gtsca--tw15626.jpg
baskauf/10485,baskauf_10485.jpg,vanderbilt/6-139,Tsuga canadensis,cone,cone,female - mature open,cone / female - mature open,validation,https://bioimages.vanderbilt.edu/tn/baskauf/ttsca--cofemale-mature10485.jpg,https://bioimages.vanderbilt.edu/gq/baskauf/gtsca--cofemale-mature10485.jpg
baskauf/11394,baskauf_11394.jpg,ind-baskauf/11392,Tsuga canadensis,needle,leaf,showing orientation on twig,leaf / showing orientation on twig,validation,https://bioimages.vanderbilt.edu/tn/baskauf/ttsca--lf11394.jpg,https://bioimages.vanderbilt.edu/gq/baskauf/gtsca--lf11394.jpg
baskauf/11392,baskauf_11392.jpg,ind-baskauf/11392,Tsuga canadensis,whole plant,whole tree,general,whole tree / general,validation,https://bioimages.vanderbilt.edu/tn/baskauf/ttsca--wpby-stream11392.jpg,https://bioimages.vanderbilt.edu/gq/baskauf/gtsca--wpby-stream11392.jpg
baskauf/11490,baskauf_11490.jpg,ind-baskauf/11490,Tsuga canadensis,whole plant,whole tree,general,whole tree / general,validation,https://bioimages.vanderbilt.edu/tn/baskauf/ttsca--wpsmall-forest11490.jpg,https://bioimages.vanderbilt.edu/gq/baskauf/gtsca--wpsmall-forest11490.jpg
baskauf/91062,baskauf_91062.jpg,vanderbilt/6-144,Tsuga canadensis,whole plant,whole tree,general,whole tree / general,validation,https://bioimages.vanderbilt.edu/tn/baskauf/t91062.jpg,https://bioimages.vanderbilt.edu/gq/baskauf/g91062.jpg
baskauf/11495,baskauf_11495.jpg,ind-baskauf/11495,Tsuga canadensis,whole plant,whole tree,view up trunk,whole tree / view up trunk,validation,https://bioimages.vanderbilt.edu/tn/baskauf/ttsca--wpstand-canopy11495.jpg,https://bioimages.vanderbilt.edu/gq/baskauf/gtsca--wpstand-canopy11495.jpg
baskauf/11497,baskauf_11497.jpg,ind-baskauf/11497,Tsuga canadensis,whole plant,whole tree,view up trunk,whole tree / view up trunk,validation,https://bioimages.vanderbilt.edu/tn/baskauf/ttsca--wpstand-trunks11497.jpg,https://bioimages.vanderbilt.edu/gq/baskauf/gtsca--wpstand-trunks11497.jpg
baskauf/10462,baskauf_10462.jpg,ind-baskauf/10462,Platanus occidentalis,bark,bark,of a large tree,bark / of a large tree,train,https://bioimages.vanderbilt.edu/tn/baskauf/tploc--br10462.jpg,https://bioimages.vanderbilt.edu/gq/baskauf/gploc--br10462.jpg
baskauf/10464,baskauf_10464.jpg,ind-baskauf/10462,Platanus occidentalis,fruit,fruit,as borne on the plant,fruit / as borne on the plant,train,https://bioimages.vanderbilt.edu/tn/baskauf/tploc--frdistant10464.jpg,https://bioimages.vanderbilt.edu/gq/baskauf/gploc--frdistant10464.jpg
baskauf/10463,baskauf_10463.jpg,ind-baskauf/10462,Platanus occidentalis,fruit,fruit,section or open,fruit / section or open,train,https://bioimages.vanderbilt.edu/tn/baskauf/tploc--frmature10463.jpg,https://bioimages.vanderbilt.edu/gq/baskauf/gploc--frmature10463.jpg
baskauf/89955,baskauf_89955.jpg,vanderbilt/11-283,Platanus occidentalis,bark,bark,of a large tree,bark / of a large tree,train,https://bioimages.vanderbilt.edu/tn/baskauf/t89955.jpg,https://bioimages.vanderbilt.edu/gq/baskauf/g89955.jpg
baskauf/90872,baskauf_90872.jpg,vanderbilt/11-283,Platanus occidentalis,whole plant,whole tree (or vine),general,whole tree (or vine) / general,train,https://bioimages.vanderbilt.edu/tn/baskauf/t90872.jpg,https://bioimages.vanderbilt.edu/gq/baskauf/g90872.jpg
baskauf/90874,baskauf_90874.jpg,vanderbilt/11-283,Platanus occidentalis,whole plant,whole tree (or vine),general,whole tree (or vine) / general,train,https://bioimages.vanderbilt.edu/tn/baskauf/t90874.jpg,https://bioimages.vanderbilt.edu/gq/baskauf/g90874.jpg
baskauf/89954,baskauf_89954.jpg,vanderbilt/11-283,Platanus occidentalis,whole plant,whole tree (or vine),view up trunk,whole tree (or vine) / view up trunk,train,https://bioimages.vanderbilt.edu/tn/baskauf/t89954.jpg,https://bioimages.vanderbilt.edu/gq/baskauf/g89954.jpg
baskauf/89960a,baskauf_89960a.jpg,vanderbilt/11-283,Platanus occidentalis,whole plant,whole tree (or vine),winter,whole tree (or vine) / winter,train,https://bioimages.vanderbilt.edu/tn/baskauf/t89960a.jpg,https://bioimages.vanderbilt.edu/gq/baskauf/g89960a.jpg
baskauf/89963,baskauf_89963.jpg,vanderbilt/11-283,Platanus occidentalis,whole plant,whole tree (or vine),winter,whole tree (or vine) / winter,train,https://bioimages.vanderbilt.edu/tn/baskauf/t89963.jpg,https://bioimages.vanderbilt.edu/gq/baskauf/g89963.jpg
baskauf/19402,baskauf_19402.jpg,vanderbilt/12-90,Platanus occidentalis,flower,inflorescence,lateral view of flower,inflorescence / lateral view of flower,train,https://bioimages.vanderbilt.edu/tn/baskauf/tploc--flfemale19402.jpg,https://bioimages.vanderbilt.edu/gq/baskauf/gploc--flfemale19402.jpg
baskauf/11125,baskauf_11125.jpg,vanderbilt/12-90,Platanus occidentalis,flower,inflorescence,whole - female,inflorescence / whole - female,train,https://bioimages.vanderbilt.edu/tn/baskauf/tploc--flfemale-inflor11125.jpg,https://bioimages.vanderbilt.edu/gq/baskauf/gploc--flfemale-inflor11125.jpg
baskauf/11127,baskauf_11127.jpg,vanderbilt/12-90,Platanus occidentalis,flower,inflorescence,whole - female,inflorescence / whole - female,train,https://bioimages.vanderbilt.edu/tn/baskauf/tploc--flinflor-close11127.jpg,https://bioimages.vanderbilt.edu/gq/baskauf/gploc--flinflor-close11127.jpg
baskauf/19392,baskauf_19392.jpg,vanderbilt/12-90,Platanus occidentalis,flower,inflorescence,whole - unspecified,inflorescence / whole - unspecified,train,https://bioimages.vanderbilt.edu/tn/baskauf/tploc--fl19392.jpg,https://bioimages.vanderbilt.edu/gq/baskauf/gploc--fl19392.jpg
baskauf/11124,baskauf_11124.jpg,vanderbilt/12-90,Platanus occidentalis,leaf,leaf,whole upper surface,leaf / whole upper surface,train,https://bioimages.vanderbilt.edu/tn/baskauf/tploc--lf11124.jpg,https://bioimages.vanderbilt.edu/gq/baskauf/gploc--lf11124.jpg
baskauf/91123,baskauf_91123.jpg,vanderbilt/12-90,Platanus occidentalis,whole plant,whole tree (or vine),general,whole tree (or vine) / general,train,https://bioimages.vanderbilt.edu/tn/baskauf/t91123.jpg,https://bioimages.vanderbilt.edu/gq/baskauf/g91123.jpg
baskauf/16835,baskauf_16835.jpg,ind-baskauf/16835,Platanus occidentalis,fruit,fruit,as borne on the plant,fruit / as borne on the plant,train,https://bioimages.vanderbilt.edu/tn/baskauf/tploc--frin-fruit16835.jpg,https://bioimages.vanderbilt.edu/gq/baskauf/gploc--frin-fruit16835.jpg
baskauf/15364,baskauf_15364.jpg,ind-baskauf/15358,Platanus occidentalis,leaf,leaf,margin of upper + lower surface,leaf / margin of upper + lower surface,train,https://bioimages.vanderbilt.edu/tn/baskauf/tploc--lfmargin-uplow15364.jpg,https://bioimages.vanderbilt.edu/gq/baskauf/gploc--lfmargin-uplow15364.jpg
baskauf/15358,baskauf_15358.jpg,ind-baskauf/15358,Platanus occidentalis,leaf,leaf,whole upper surface,leaf / whole upper surface,train,https://bioimages.vanderbilt.edu/tn/baskauf/tploc--lf15358.jpg,https://bioimages.vanderbilt.edu/gq/baskauf/gploc--lf15358.jpg
baskauf/15360,baskauf_15360.jpg,ind-baskauf/15358,Platanus occidentalis,twig,twig,orientation of petioles,twig / orientation of petioles,train,https://bioimages.vanderbilt.edu/tn/baskauf/tploc--tw15360.jpg,https://bioimages.vanderbilt.edu/gq/baskauf/gploc--tw15360.jpg
baskauf/15363,baskauf_15363.jpg,ind-baskauf/15358,Platanus occidentalis,twig,twig,orientation of petioles,twig / orientation of petioles,train,https://bioimages.vanderbilt.edu/tn/baskauf/tploc--tw15363.jpg,https://bioimages.vanderbilt.edu/gq/baskauf/gploc--tw15363.jpg
baskauf/15370,baskauf_15370.jpg,ind-baskauf/15358,Platanus occidentalis,whole plant,whole tree (or vine),general,whole tree (or vine) / general,train,https://bioimages.vanderbilt.edu/tn/baskauf/tploc--wp15370.jpg,https://bioimages.vanderbilt.edu/gq/baskauf/gploc--wp15370.jpg
baskauf/15367,baskauf_15367.jpg,ind-baskauf/15358,Platanus occidentalis,whole plant,whole tree (or vine),view up trunk,whole tree (or vine) / view up trunk,train,https://bioimages.vanderbilt.edu/tn/baskauf/tploc--wplookup15367.jpg,https://bioimages.vanderbilt.edu/gq/baskauf/gploc--wplookup15367.jpg
baskauf/29666,baskauf_29666.jpg,vanderbilt/7-205,Platanus occidentalis,leaf,leaf,whole upper surface,leaf / whole upper surface,train,https://bioimages.vanderbilt.edu/tn/baskauf/tploc--lf29666.jpg,https://bioimages.vanderbilt.edu/gq/baskauf/gploc--lf29666.jpg
baskauf/90911,baskauf_90911.jpg,vanderbilt/7-205,Platanus occidentalis,whole plant,whole tree (or vine),general,whole tree (or vine) / general,train,https://bioimages.vanderbilt.edu/tn/baskauf/t90911.jpg,https://bioimages.vanderbilt.edu/gq/baskauf/g90911.jpg
baskauf/89394,baskauf_89394.jpg,vanderbilt/7-205,Platanus occidentalis,whole plant,whole tree (or vine),winter,whole tree (or vine) / winter,train,https://bioimages.vanderbilt.edu/tn/baskauf/t89394.jpg,https://bioimages.vanderbilt.edu/gq/baskauf/g89394.jpg
baskauf/39162,baskauf_39162.jpg,ind-baskauf/39130,Platanus occidentalis,twig,twig,close-up winter leaf scar/bud,twig / close-up winter leaf scar/bud,train,https://bioimages.vanderbilt.edu/tn/baskauf/tploc--twalternate-buds39162.jpg,https://bioimages.vanderbilt.edu/gq/baskauf/gploc--twalternate-buds39162.jpg
baskauf/39134,baskauf_39134.jpg,ind-baskauf/39130,Platanus occidentalis,twig,twig,close-up winter terminal bud,twig / close-up winter terminal bud,train,https://bioimages.vanderbilt.edu/tn/baskauf/tploc--twleaf-scar39134.jpg,https://bioimages.vanderbilt.edu/gq/baskauf/gploc--twleaf-scar39134.jpg
baskauf/39142,baskauf_39142.jpg,ind-baskauf/39130,Platanus occidentalis,twig,twig,close-up winter terminal bud,twig / close-up winter terminal bud,train,https://bioimages.vanderbilt.edu/tn/baskauf/tploc--twterminal-bud39142.jpg,https://bioimages.vanderbilt.edu/gq/baskauf/gploc--twterminal-bud39142.jpg
baskauf/39152,baskauf_39152.jpg,ind-baskauf/39130,Platanus occidentalis,twig,twig,close-up winter terminal bud,twig / close-up winter terminal bud,train,https://bioimages.vanderbilt.edu/tn/baskauf/tploc--twtwig-scar39152.jpg,https://bioimages.vanderbilt.edu/gq/baskauf/gploc--twtwig-scar39152.jpg
baskauf/15129,baskauf_15129.jpg,ind-baskauf/15129,Platanus occidentalis,twig,twig,orientation of petioles,twig / orientation of petioles,train,https://bioimages.vanderbilt.edu/tn/baskauf/tploc--tw15129.jpg,https://bioimages.vanderbilt.edu/gq/baskauf/gploc--tw15129.jpg
baskauf/17313,baskauf_17313.jpg,ind-baskauf/15129,Platanus occidentalis,twig,twig,winter overall,twig / winter overall,train,https://bioimages.vanderbilt.edu/tn/baskauf/tploc--twterminal-bud17313.jpg,https://bioimages.vanderbilt.edu/gq/baskauf/gploc--twterminal-bud17313.jpg
baskauf/17316,baskauf_17316.jpg,ind-baskauf/15129,Platanus occidentalis,twig,twig,winter overall,twig / winter overall,train,https://bioimages.vanderbilt.edu/tn/baskauf/tploc--twleaf-scar17316.jpg,https://bioimages.vanderbilt.edu/gq/baskauf/gploc--twleaf-scar17316.jpg
baskauf/10336,baskauf_10336.jpg,ind-baskauf/10336,Platanus occidentalis,whole plant,whole tree (or vine),winter,whole tree (or vine) / winter,train,https://bioimages.vanderbilt.edu/tn/baskauf/tploc--wplarge-winter10336.jpg,https://bioimages.vanderbilt.edu/gq/baskauf/gploc--wplarge-winter10336.jpg
baskauf/10338,baskauf_10338.jpg,ind-baskauf/10338,Platanus occidentalis,whole plant,whole tree (or vine),winter,whole tree (or vine) / winter,train,https://bioimages.vanderbilt.edu/tn/baskauf/tploc--wpmedium10338.jpg,https://bioimages.vanderbilt.edu/gq/baskauf/gploc--wpmedium10338.jpg
baskauf/22595,baskauf_22595.jpg,ind-baskauf/18967,Amelanchier arborea,bark,bark,of a medium tree or large branch,bark / of a medium tree or large branch,test,https://bioimages.vanderbilt.edu/tn/baskauf/tamar3-br22595.jpg,https://bioimages.vanderbilt.edu/gq/baskauf/gamar3-br22595.jpg
baskauf/18969,baskauf_18969.jpg,ind-baskauf/18967,Amelanchier arborea,flower,inflorescence,frontal view of flower,inflorescence / frontal view of flower,test,https://bioimages.vanderbilt.edu/tn/baskauf/tamar3-flfront18969.jpg,https://bioimages.vanderbilt.edu/gq/baskauf/gamar3-flfront18969.jpg
baskauf/18976,baskauf_18976.jpg,ind-baskauf/18967,Amelanchier arborea,flower,inflorescence,lateral view of flower,inflorescence / lateral view of flower,test,https://bioimages.vanderbilt.edu/tn/baskauf/tamar3-flside18976.jpg,https://bioimages.vanderbilt.edu/gq/baskauf/gamar3-flside18976.jpg
baskauf/22607,baskauf_22607.jpg,ind-baskauf/18967,Amelanchier arborea,fruit,fruit,immature,fruit / immature,test,https://bioimages.vanderbilt.edu/tn/baskauf/tamar3-frdevel22607.jpg,https://bioimages.vanderbilt.edu/gq/baskauf/gamar3-frdevel22607.jpg
baskauf/22601,baskauf_22601.jpg,ind-baskauf/18967,Amelanchier arborea,twig,twig,winter overall,twig / winter overall,test,https://bioimages.vanderbilt.edu/tn/baskauf/tamar3-tw22601.jpg,https://bioimages.vanderbilt.edu/gq/baskauf/gamar3-tw22601.jpg
baskauf/31411,baskauf_31411.jpg,ind-baskauf/31399,Amelanchier arborea,bark,bark,of a medium tree or large branch,bark / of a medium tree or large branch,test,https://bioimages.vanderbilt.edu/tn/baskauf/tamar3-br31411.jpg,https://bioimages.vanderbilt.edu/gq/baskauf/gamar3-br31411.jpg
baskauf/31418,baskauf_31418.jpg,ind-baskauf/31399,Amelanchier arborea,flower,inflorescence,frontal view of flower,inflorescence / frontal view of flower,test,https://bioimages.vanderbilt.edu/tn/baskauf/tamar3-fl31418.jpg,https://bioimages.vanderbilt.edu/gq/baskauf/gamar3-fl31418.jpg
baskauf/31421,baskauf_31421.jpg,ind-baskauf/31399,Amelanchier arborea,flower,inflorescence,frontal view of flower,inflorescence / frontal view of flower,test,https://bioimages.vanderbilt.edu/tn/baskauf/tamar3-flfront31421.jpg,https://bioimages.vanderbilt.edu/gq/baskauf/gamar3-flfront31421.jpg
baskauf/31425,baskauf_31425.jpg,ind-baskauf/31399,Amelanchier arborea,flower,inflorescence,lateral view of flower,inflorescence / lateral view of flower,test,https://bioimages.vanderbilt.edu/tn/baskauf/tamar3-flside31425.jpg,https://bioimages.vanderbilt.edu/gq/baskauf/gamar3-flside31425.jpg
baskauf/31404,baskauf_31404.jpg,ind-baskauf/31399,Amelanchier arborea,flower,inflorescence,whole - unspecified,inflorescence / whole - unspecified,test,https://bioimages.vanderbilt.edu/tn/baskauf/tamar3-fldistant31404.jpg,https://bioimages.vanderbilt.edu/gq/baskauf/gamar3-fldistant31404.jpg
baskauf/31412,baskauf_31412.jpg,ind-baskauf/31399,Amelanchier arborea,flower,inflorescence,whole - unspecified,inflorescence / whole - unspecified,test,https://bioimages.vanderbilt.edu/tn/baskauf/tamar3-flinflor31412.jpg,https://bioimages.vanderbilt.edu/gq/baskauf/gamar3-flinflor31412.jpg
baskauf/31426,baskauf_31426.jpg,ind-baskauf/31399,Amelanchier arborea,twig,twig,close-up winter terminal bud,twig / close-up winter terminal bud,test,https://bioimages.vanderbilt.edu/tn/baskauf/tamar3-tw31426.jpg,https://bioimages.vanderbilt.edu/gq/baskauf/gamar3-tw31426.jpg
baskauf/31400,baskauf_31400.jpg,ind-baskauf/31399,Amelanchier arborea,whole plant,whole tree (or vine),winter,whole tree (or vine) / winter,test,https://bioimages.vanderbilt.edu/tn/baskauf/tamar3-wpin-bloom31400.jpg,https://bioimages.vanderbilt.edu/gq/baskauf/gamar3-wpin-bloom31400.jpg
baskauf/32481,baskauf_32481.jpg,ind-baskauf/32477,Amelanchier arborea,fruit,fruit,as borne on the plant,fruit / as borne on the plant,test,https://bioimages.vanderbilt.edu/tn/baskauf/tamar3-frdevel-infruct32481.jpg,https://bioimages.vanderbilt.edu/gq/baskauf/gamar3-frdevel-infruct32481.jpg
baskauf/32478,baskauf_32478.jpg,ind-baskauf/32477,Amelanchier arborea,fruit,fruit,immature,fruit / immature,test,https://bioimages.vanderbilt.edu/tn/baskauf/tamar3-frdevel32478.jpg,https://bioimages.vanderbilt.edu/gq/baskauf/gamar3-frdevel32478.jpg
baskauf/32482,baskauf_32482.jpg,ind-baskauf/32477,Amelanchier arborea,leaf,leaf,whole upper surface,leaf / whole upper surface,test,https://bioimages.vanderbilt.edu/tn/baskauf/tamar3-lf32482.jpg,https://bioimages.vanderbilt.edu/gq/baskauf/gamar3-lf32482.jpg
baskauf/34159,baskauf_34159.jpg,ind-baskauf/34156,Amelanchier arborea,fruit,fruit,as borne on the plant,fruit / as borne on the plant,test,https://bioimages.vanderbilt.edu/tn/baskauf/tamar3-frdistant34159.jpg,https://bioimages.vanderbilt.edu/gq/baskauf/gamar3-frdistant34159.jpg
baskauf/34165,baskauf_34165.jpg,ind-baskauf/34156,Amelanchier arborea,fruit,fruit,lateral or general close-up,fruit / lateral or general close-up,test,https://bioimages.vanderbilt.edu/tn/baskauf/tamar3-fr34165.jpg,https://bioimages.vanderbilt.edu/gq/baskauf/gamar3-fr34165.jpg
baskauf/32123,baskauf_32123.jpg,ind-baskauf/32120,Amelanchier arborea,leaf,leaf,whole upper surface,leaf / whole upper surface,test,https://bioimages.vanderbilt.edu/tn/baskauf/tamar3-lfyoung32123.jpg,https://bioimages.vanderbilt.edu/gq/baskauf/gamar3-lfyoung32123.jpg
baskauf/11331,baskauf_11331.jpg,ind-baskauf/11331,Prunus serotina,bark,bark,of a large tree,bark / of a large tree,train,https://bioimages.vanderbilt.edu/tn/baskauf/tprse2-brlarge11331.jpg,https://bioimages.vanderbilt.edu/gq/baskauf/gprse2-brlarge11331.jpg
baskauf/12041,baskauf_12041.jpg,ind-baskauf/12041,Prunus serotina,bark,bark,of a large tree,bark / of a large tree,train,https://bioimages.vanderbilt.edu/tn/baskauf/tprse2-brlarge-tree12041.jpg,https://bioimages.vanderbilt.edu/gq/baskauf/gprse2-brlarge-tree12041.jpg
baskauf/12045,baskauf_12045.jpg,ind-baskauf/12041,Prunus serotina,bark,bark,of a large tree,bark / of a large tree,train,https://bioimages.vanderbilt.edu/tn/baskauf/tprse2-brlarge-close12045.jpg,https://bioimages.vanderbilt.edu/gq/baskauf/gprse2-brlarge-close12045.jpg
baskauf/12043,baskauf_12043.jpg,ind-baskauf/12041,Prunus serotina,whole plant,whole tree (or vine),view up trunk,whole tree (or vine) / view up trunk,train,https://bioimages.vanderbilt.edu/tn/baskauf/tprse2-wplookup-large12043.jpg,https://bioimages.vanderbilt.edu/gq/baskauf/gprse2-wplookup-large12043.jpg
baskauf/11213,baskauf_11213.jpg,ind-baskauf/10643,Prunus serotina,bark,bark,of a small tree or small branch,bark / of a small tree or small branch,train,https://bioimages.vanderbilt.edu/tn/baskauf/tprse2-tw11213.jpg,https://bioimages.vanderbilt.edu/gq/baskauf/gprse2-tw11213.jpg
baskauf/10652,baskauf_10652.jpg,ind-baskauf/10643,Prunus serotina,flower,inflorescence,frontal view of flower,inflorescence / frontal view of flower,train,https://bioimages.vanderbilt.edu/tn/baskauf/tprse2-flinflor-close10652.jpg,https://bioimages.vanderbilt.edu/gq/baskauf/gprse2-flinflor-close10652.jpg
baskauf/10651,baskauf_10651.jpg,ind-baskauf/10643,Prunus serotina,flower,inflorescence,whole - unspecified,inflorescence / whole - unspecified,train,https://bioimages.vanderbilt.edu/tn/baskauf/tprse2-flinflor-dist10651.jpg,https://bioimages.vanderbilt.edu/gq/baskauf/gprse2-flinflor-dist10651.jpg
baskauf/35740,baskauf_35740.jpg,ind-baskauf/10643,Prunus serotina,fruit,fruit,as borne on the plant,fruit / as borne on the plant,train,https://bioimages.vanderbilt.edu/tn/baskauf/tprse2-fr35740.jpg,https://bioimages.vanderbilt.edu/gq/baskauf/gprse2-fr35740.jpg
baskauf/35743,baskauf_35743.jpg,ind-baskauf/10643,Prunus serotina,fruit,fruit,lateral or general close-up,fruit / lateral or general close-up,train,https://bioimages.vanderbilt.edu/tn/baskauf/tprse2-frclose35743.jpg,https://bioimages.vanderbilt.edu/gq/baskauf/gprse2-frclose35743.jpg
baskauf/15381,baskauf_15381.jpg,ind-baskauf/10643,Prunus serotina,leaf,leaf,margin of upper + lower surface,leaf / margin of upper + lower surface,train,https://bioimages.vanderbilt.edu/tn/baskauf/tprse2-lfmargin-uplow15381.jpg,https://bioimages.vanderbilt.edu/gq/baskauf/gprse2-lfmargin-uplow15381.jpg
baskauf/29787,baskauf_29787.jpg,ind-baskauf/10643,Prunus serotina,leaf,leaf,whole upper surface,leaf / whole upper surface,train,https://bioimages.vanderbilt.edu/tn/baskauf/tprse2-lf29787.jpg,https://bioimages.vanderbilt.edu/gq/baskauf/gprse2-lf29787.jpg
baskauf/50473,baskauf_50473.jpg,ind-baskauf/10643,Prunus serotina,twig,twig,winter overall,twig / winter overall,train,https://bioimages.vanderbilt.edu/tn/baskauf/tprse2-twbud50473.jpg,https://bioimages.vanderbilt.edu/gq/baskauf/gprse2-twbud50473.jpg
baskauf/50474,baskauf_50474.jpg,ind-baskauf/10643,Prunus serotina,twig,twig,winter overall,twig / winter overall,train,https://bioimages.vanderbilt.edu/tn/baskauf/tprse2-tw50474.jpg,https://bioimages.vanderbilt.edu/gq/baskauf/gprse2-tw50474.jpg
baskauf/10643,baskauf_10643.jpg,ind-baskauf/10643,Prunus serotina,whole plant,whole tree (or vine),view up trunk,whole tree (or vine) / view up trunk,train,https://bioimages.vanderbilt.edu/tn/baskauf/tprse2-flin-flower10643.jpg,https://bioimages.vanderbilt.edu/gq/baskauf/gprse2-flin-flower10643.jpg
baskauf/11327,baskauf_11327.jpg,ind-baskauf/11327,Prunus serotina,bark,bark,of a small tree or small branch,bark / of a small tree or small branch,train,https://bioimages.vanderbilt.edu/tn/baskauf/tprse2-brsmall11327.jpg,https://bioimages.vanderbilt.edu/gq/baskauf/gprse2-brsmall11327.jpg
baskauf/11964,baskauf_11964.jpg,ind-baskauf/11961,Prunus serotina,fruit,fruit,as borne on the plant,fruit / as borne on the plant,train,https://bioimages.vanderbilt.edu/tn/baskauf/tprse2-frdevel-dist11964.jpg,https://bioimages.vanderbilt.edu/gq/baskauf/gprse2-frdevel-dist11964.jpg
baskauf/11966,baskauf_11966.jpg,ind-baskauf/11961,Prunus serotina,fruit,fruit,immature,fruit / immature,train,https://bioimages.vanderbilt.edu/tn/baskauf/tprse2-frdevel11966.jpg,https://bioimages.vanderbilt.edu/gq/baskauf/gprse2-frdevel11966.jpg
baskauf/11961,baskauf_11961.jpg,ind-baskauf/11961,Prunus serotina,leaf,leaf,showing orientation on twig,leaf / showing orientation on twig,train,https://bioimages.vanderbilt.edu/tn/baskauf/tprse2-lfseveral11961.jpg,https://bioimages.vanderbilt.edu/gq/baskauf/gprse2-lfseveral11961.jpg
baskauf/11962,baskauf_11962.jpg,ind-baskauf/11961,Prunus serotina,leaf,leaf,whole upper surface,leaf / whole upper surface,train,https://bioimages.vanderbilt.edu/tn/baskauf/tprse2-lf11962.jpg,https://bioimages.vanderbilt.edu/gq/baskauf/gprse2-lf11962.jpg
baskauf/31920,baskauf_31920.jpg,ind-baskauf/31910,Pyrus calleryana,bark,bark,of a large tree,bark / of a large tree,validation,https://bioimages.vanderbilt.edu/tn/baskauf/tpyca80brlarge31920.jpg,https://bioimages.vanderbilt.edu/gq/baskauf/gpyca80brlarge31920.jpg
baskauf/31922,baskauf_31922.jpg,ind-baskauf/31910,Pyrus calleryana,bark,bark,of a small tree or small branch,bark / of a small tree or small branch,validation,https://bioimages.vanderbilt.edu/tn/baskauf/tpyca80brsmall31922.jpg,https://bioimages.vanderbilt.edu/gq/baskauf/gpyca80brsmall31922.jpg
baskauf/31911,baskauf_31911.jpg,ind-baskauf/31910,Pyrus calleryana,flower,inflorescence,frontal view of flower,inflorescence / frontal view of flower,validation,https://bioimages.vanderbilt.edu/tn/baskauf/tpyca80flfront31911.jpg,https://bioimages.vanderbilt.edu/gq/baskauf/gpyca80flfront31911.jpg
baskauf/31913,baskauf_31913.jpg,ind-baskauf/31910,Pyrus calleryana,flower,inflorescence,lateral view of flower,inflorescence / lateral view of flower,validation,https://bioimages.vanderbilt.edu/tn/baskauf/tpyca80flside31913.jpg,https://bioimages.vanderbilt.edu/gq/baskauf/gpyca80flside31913.jpg
baskauf/31996,baskauf_31996.jpg,ind-baskauf/31910,Pyrus calleryana,flower,inflorescence,lateral view of flower,inflorescence / lateral view of flower,validation,https://bioimages.vanderbilt.edu/tn/baskauf/tpyca80flside31996.jpg,https://bioimages.vanderbilt.edu/gq/baskauf/gpyca80flside31996.jpg
baskauf/31981,baskauf_31981.jpg,ind-baskauf/31910,Pyrus calleryana,flower,inflorescence,ventral view of flower + perianth,inflorescence / ventral view of flower + perianth,validation,https://bioimages.vanderbilt.edu/tn/baskauf/tpyca80flcalyx-tube31981.jpg,https://bioimages.vanderbilt.edu/gq/baskauf/gpyca80flcalyx-tube31981.jpg
baskauf/31991,baskauf_31991.jpg,ind-baskauf/31910,Pyrus calleryana,flower,inflorescence,ventral view of flower + perianth,inflorescence / ventral view of flower + perianth,validation,https://bioimages.vanderbilt.edu/tn/baskauf/tpyca80flcalyx-lobe31991.jpg,https://bioimages.vanderbilt.edu/gq/baskauf/gpyca80flcalyx-lobe31991.jpg
baskauf/32752,baskauf_32752.jpg,ind-baskauf/31910,Pyrus calleryana,flower,inflorescence,ventral view of flower + perianth,inflorescence / ventral view of flower + perianth,validation,https://bioimages.vanderbilt.edu/tn/baskauf/tpyca80flold32752.jpg,https://bioimages.vanderbilt.edu/gq/baskauf/gpyca80flold32752.jpg
baskauf/33644,baskauf_33644.jpg,ind-baskauf/31910,Pyrus calleryana,fruit,fruit,immature,fruit / immature,validation,https://bioimages.vanderbilt.edu/tn/baskauf/tpyca80frdevel33644.jpg,https://bioimages.vanderbilt.edu/gq/baskauf/gpyca80frdevel33644.jpg
baskauf/35968,baskauf_35968.jpg,ind-baskauf/31910,Pyrus calleryana,fruit,fruit,lateral or general close-up,fruit / lateral or general close-up,validation,https://bioimages.vanderbilt.edu/tn/baskauf/tpyca80frdevel35968.jpg,https://bioimages.vanderbilt.edu/gq/baskauf/gpyca80frdevel35968.jpg
baskauf/38433,baskauf_38433.jpg,ind-baskauf/31910,Pyrus calleryana,fruit,fruit,lateral or general close-up,fruit / lateral or general close-up,validation,https://bioimages.vanderbilt.edu/tn/baskauf/tpyca80frmature38433.jpg,https://bioimages.vanderbilt.edu/gq/baskauf/gpyca80frmature38433.jpg
baskauf/31980,baskauf_31980.jpg,ind-baskauf/31910,Pyrus calleryana,leaf,leaf,margin of upper + lower surface,leaf / margin of upper + lower surface,validation,https://bioimages.vanderbilt.edu/tn/baskauf/tpyca80lfdevel-micro31980.jpg,https://bioimages.vanderbilt.edu/gq/baskauf/gpyca80lfdevel-micro31980.jpg
baskauf/32748,baskauf_32748.jpg,ind-baskauf/31910,Pyrus calleryana,leaf,leaf,margin of upper + lower surface,leaf / margin of upper + lower surface,validation,https://bioimages.vanderbilt.edu/tn/baskauf/tpyca80lfmargin-micro32748.jpg,https://bioimages.vanderbilt.edu/gq/baskauf/gpyca80lfmargin-micro32748.jpg
baskauf/32764,baskauf_32764.jpg,ind-baskauf/31910,Pyrus calleryana,leaf,leaf,margin of upper + lower surface,leaf / margin of upper + lower surface,validation,https://bioimages.vanderbilt.edu/tn/baskauf/tpyca80lfmargin-micro32764.jpg,https://bioimages.vanderbilt.edu/gq/baskauf/gpyca80lfmargin-micro32764.jpg
baskauf/32629,baskauf_32629.jpg,ind-baskauf/31910,Pyrus calleryana,leaf,leaf,showing orientation on twig,leaf / showing orientation on twig,validation,https://bioimages.vanderbilt.edu/tn/baskauf/tpyca80lfseveral32629.jpg,https://bioimages.vanderbilt.edu/gq/baskauf/gpyca80lfseveral32629.jpg
baskauf/31926,baskauf_31926.jpg,ind-baskauf/31910,Pyrus calleryana,leaf,leaf,whole upper surface,leaf / whole upper surface,validation,https://bioimages.vanderbilt.edu/tn/baskauf/tpyca80lfdevel31926.jpg,https://bioimages.vanderbilt.edu/gq/baskauf/gpyca80lfdevel31926.jpg
baskauf/32631,baskauf_32631.jpg,ind-baskauf/31910,Pyrus calleryana,leaf,leaf,whole upper surface,leaf / whole upper surface,validation,https://bioimages.vanderbilt.edu/tn/baskauf/tpyca80lf32631.jpg,https://bioimages.vanderbilt.edu/gq/baskauf/gpyca80lf32631.jpg
baskauf/38461,baskauf_38461.jpg,ind-baskauf/31910,Pyrus calleryana,seed,seed,general view,seed / general view,validation,https://bioimages.vanderbilt.edu/tn/baskauf/tpyca80frseed38461.jpg,https://bioimages.vanderbilt.edu/gq/baskauf/gpyca80frseed38461.jpg
baskauf/43578,baskauf_43578.jpg,ind-baskauf/31910,Pyrus calleryana,seed,seed,general view,seed / general view,validation,https://bioimages.vanderbilt.edu/tn/baskauf/tpyca80frseeds43578.jpg,https://bioimages.vanderbilt.edu/gq/baskauf/gpyca80frseeds43578.jpg
baskauf/31916,baskauf_31916.jpg,ind-baskauf/31910,Pyrus calleryana,twig,twig,orientation of petioles,twig / orientation of petioles,validation,https://bioimages.vanderbilt.edu/tn/baskauf/tpyca80tw31916.jpg,https://bioimages.vanderbilt.edu/gq/baskauf/gpyca80tw31916.jpg
baskauf/31917,baskauf_31917.jpg,ind-baskauf/31910,Pyrus calleryana,twig,twig,orientation of petioles,twig / orientation of petioles,validation,https://bioimages.vanderbilt.edu/tn/baskauf/tpyca80twspur-shoots31917.jpg,https://bioimages.vanderbilt.edu/gq/baskauf/gpyca80twspur-shoots31917.jpg
baskauf/32045,baskauf_32045.jpg,ind-baskauf/31910,Pyrus calleryana,whole plant,whole tree (or vine),general,whole tree (or vine) / general,validation,https://bioimages.vanderbilt.edu/tn/baskauf/tpyca80wpin-flower32045.jpg,https://bioimages.vanderbilt.edu/gq/baskauf/gpyca80wpin-flower32045.jpg
baskauf/31288,baskauf_31288.jpg,ind-baskauf/31257,Pyrus calleryana,bark,bark,of a medium tree or large branch,bark / of a medium tree or large branch,validation,https://bioimages.vanderbilt.edu/tn/baskauf/tpyca80br31288.jpg,https://bioimages.vanderbilt.edu/gq/baskauf/gpyca80br31288.jpg
baskauf/31282,baskauf_31282.jpg,ind-baskauf/31257,Pyrus calleryana,flower,inflorescence,frontal view of flower,inflorescence / frontal view of flower,validation,https://bioimages.vanderbilt.edu/tn/baskauf/tpyca80flfront31282.jpg,https://bioimages.vanderbilt.edu/gq/baskauf/gpyca80flfront31282.jpg
baskauf/31312,baskauf_31312.jpg,ind-baskauf/31257,Pyrus calleryana,flower,inflorescence,ventral view of flower + perianth,inflorescence / ventral view of flower + perianth,validation,https://bioimages.vanderbilt.edu/tn/baskauf/tpyca80flsepals31312.jpg,https://bioimages.vanderbilt.edu/gq/baskauf/gpyca80flsepals31312.jpg
baskauf/31314,baskauf_31314.jpg,ind-baskauf/31257,Pyrus calleryana,flower,inflorescence,ventral view of flower + perianth,inflorescence / ventral view of flower + perianth,validation,https://bioimages.vanderbilt.edu/tn/baskauf/tpyca80flcalyx-tube31314.jpg,https://bioimages.vanderbilt.edu/gq/baskauf/gpyca80flcalyx-tube31314.jpg
baskauf/38700,baskauf_38700.jpg,ind-baskauf/31257,Pyrus calleryana,fruit,fruit,as borne on the plant,fruit / as borne on the plant,validation,https://bioimages.vanderbilt.edu/tn/baskauf/tpyca80frinfruct38700.jpg,https://bioimages.vanderbilt.edu/gq/baskauf/gpyca80frinfruct38700.jpg
baskauf/32633,baskauf_32633.jpg,ind-baskauf/31257,Pyrus calleryana,fruit,fruit,immature,fruit / immature,validation,https://bioimages.vanderbilt.edu/tn/baskauf/tpyca80frdevel32633.jpg,https://bioimages.vanderbilt.edu/gq/baskauf/gpyca80frdevel32633.jpg
baskauf/37883,baskauf_37883.jpg,ind-baskauf/31257,Pyrus calleryana,fruit,fruit,immature,fruit / immature,validation,https://bioimages.vanderbilt.edu/tn/baskauf/tpyca80frdevel37883.jpg,https://bioimages.vanderbilt.edu/gq/baskauf/gpyca80frdevel37883.jpg
baskauf/37886,baskauf_37886.jpg,ind-baskauf/31257,Pyrus calleryana,fruit,fruit,immature,fruit / immature,validation,https://bioimages.vanderbilt.edu/tn/baskauf/tpyca80frdevel-close37886.jpg,https://bioimages.vanderbilt.edu/gq/baskauf/gpyca80frdevel-close37886.jpg
baskauf/38441,baskauf_38441.jpg,ind-baskauf/31257,Pyrus calleryana,fruit,fruit,immature,fruit / immature,validation,https://bioimages.vanderbilt.edu/tn/baskauf/tpyca80fr38441.jpg,https://bioimages.vanderbilt.edu/gq/baskauf/gpyca80fr38441.jpg
baskauf/38698,baskauf_38698.jpg,ind-baskauf/31257,Pyrus calleryana,fruit,fruit,lateral or general close-up,fruit / lateral or general close-up,validation,https://bioimages.vanderbilt.edu/tn/baskauf/tpyca80fr38698.jpg,https://bioimages.vanderbilt.edu/gq/baskauf/gpyca80fr38698.jpg
baskauf/38731,baskauf_38731.jpg,ind-baskauf/31257,Pyrus calleryana,fruit,fruit,section or open,fruit / section or open,validation,https://bioimages.vanderbilt.edu/tn/baskauf/tpyca80frseed38731.jpg,https://bioimages.vanderbilt.edu/gq/baskauf/gpyca80frseed38731.jpg
baskauf/31778,baskauf_31778.jpg,ind-baskauf/31257,Pyrus calleryana,leaf,leaf,margin of upper + lower surface,leaf / margin of upper + lower surface,validation,https://bioimages.vanderbilt.edu/tn/baskauf/tpyca80lfmargin-micro31778.jpg,https://bioimages.vanderbilt.edu/gq/baskauf/gpyca80lfmargin-micro31778.jpg
baskauf/31780,baskauf_31780.jpg,ind-baskauf/31257,Pyrus calleryana,leaf,leaf,margin of upper + lower surface,leaf / margin of upper + lower surface,validation,https://bioimages.vanderbilt.edu/tn/baskauf/tpyca80lfmargin-micro31780.jpg,https://bioimages.vanderbilt.edu/gq/baskauf/gpyca80lfmargin-micro31780.jpg
baskauf/31775,baskauf_31775.jpg,ind-baskauf/31257,Pyrus calleryana,leaf,leaf,whole upper surface,leaf / whole upper surface,validation,https://bioimages.vanderbilt.edu/tn/baskauf/tpyca80lfdevel31775.jpg,https://bioimages.vanderbilt.edu/gq/baskauf/gpyca80lfdevel31775.jpg
baskauf/32634,baskauf_32634.jpg,ind-baskauf/31257,Pyrus calleryana,leaf,leaf,whole upper surface,leaf / whole upper surface,validation,https://bioimages.vanderbilt.edu/tn/baskauf/tpyca80lf32634.jpg,https://bioimages.vanderbilt.edu/gq/baskauf/gpyca80lf32634.jpg
baskauf/31283,baskauf_31283.jpg,ind-baskauf/31257,Pyrus calleryana,twig,twig,winter overall,twig / winter overall,validation,https://bioimages.vanderbilt.edu/tn/baskauf/tpyca80twspur-shoot31283.jpg,https://bioimages.vanderbilt.edu/gq/baskauf/gpyca80twspur-shoot31283.jpg
baskauf/31285,baskauf_31285.jpg,ind-baskauf/31257,Pyrus calleryana,twig,twig,winter overall,twig / winter overall,validation,https://bioimages.vanderbilt.edu/tn/baskauf/tpyca80tw31285.jpg,https://bioimages.vanderbilt.edu/gq/baskauf/gpyca80tw31285.jpg
baskauf/31291,baskauf_31291.jpg,ind-baskauf/31257,Pyrus calleryana,twig,twig,winter overall,twig / winter overall,validation,https://bioimages.vanderbilt.edu/tn/baskauf/tpyca80twspur-shoots31291.jpg,https://bioimages.vanderbilt.edu/gq/baskauf/gpyca80twspur-shoots31291.jpg
baskauf/31257,baskauf_31257.jpg,ind-baskauf/31257,Pyrus calleryana,whole plant,whole tree (or vine),winter,whole tree (or vine) / winter,validation,https://bioimages.vanderbilt.edu/tn/baskauf/tpyca80wpin-bloom31257.jpg,https://bioimages.vanderbilt.edu/gq/baskauf/gpyca80wpin-bloom31257.jpg
baskauf/32768,baskauf_32768.jpg,ind-baskauf/32766,Pyrus calleryana,leaf,leaf,margin of upper + lower surface,leaf / margin of upper + lower surface,validation,https://bioimages.vanderbilt.edu/tn/baskauf/tpyca80lfmargin-micro32768.jpg,https://bioimages.vanderbilt.edu/gq/baskauf/gpyca80lfmargin-micro32768.jpg
baskauf/32770,baskauf_32770.jpg,ind-baskauf/32766,Pyrus calleryana,leaf,leaf,margin of upper + lower surface,leaf / margin of upper + lower surface,validation,https://bioimages.vanderbilt.edu/tn/baskauf/tpyca80lfmargin-micro32770.jpg,https://bioimages.vanderbilt.edu/gq/baskauf/gpyca80lfmargin-micro32770.jpg
baskauf/15010,baskauf_15010.jpg,ind-baskauf/15003,Sorbus americana,bark,bark,of a medium tree or large branch,bark / of a medium tree or large branch,train,https://bioimages.vanderbilt.edu/tn/baskauf/tsoam3-br15010.jpg,https://bioimages.vanderbilt.edu/gq/baskauf/gsoam3-br15010.jpg
baskauf/15003,baskauf_15003.jpg,ind-baskauf/15003,Sorbus americana,fruit,fruit,as borne on the plant,fruit / as borne on the plant,train,https://bioimages.vanderbilt.edu/tn/baskauf/tsoam3-fr15003.jpg,https://bioimages.vanderbilt.edu/gq/baskauf/gsoam3-fr15003.jpg
baskauf/15008,baskauf_15008.jpg,ind-baskauf/15003,Sorbus americana,fruit,fruit,as borne on the plant,fruit / as borne on the plant,train,https://bioimages.vanderbilt.edu/tn/baskauf/tsoam3-frcloseup15008.jpg,https://bioimages.vanderbilt.edu/gq/baskauf/gsoam3-frcloseup15008.jpg
baskauf/15007,baskauf_15007.jpg,ind-baskauf/15003,Sorbus americana,leaf,leaf,showing orientation on twig,leaf / showing orientation on twig,train,https://bioimages.vanderbilt.edu/tn/baskauf/tsoam3-lfseveral15007.jpg,https://bioimages.vanderbilt.edu/gq/baskauf/gsoam3-lfseveral15007.jpg
baskauf/15009,baskauf_15009.jpg,ind-baskauf/15003,Sorbus americana,leaf,leaf,unspecified,leaf / unspecified,train,https://bioimages.vanderbilt.edu/tn/baskauf/tsoam3-lfleaflet15009.jpg,https://bioimages.vanderbilt.edu/gq/baskauf/gsoam3-lfleaflet15009.jpg
baskauf/15006,baskauf_15006.jpg,ind-baskauf/15003,Sorbus americana,leaf,leaf,whole upper surface,leaf / whole upper surface,train,https://bioimages.vanderbilt.edu/tn/baskauf/tsoam3-lf15006.jpg,https://bioimages.vanderbilt.edu/gq/baskauf/gsoam3-lf15006.jpg
baskauf/15011,baskauf_15011.jpg,ind-baskauf/15003,Sorbus americana,twig,twig,orientation of petioles,twig / orientation of petioles,train,https://bioimages.vanderbilt.edu/tn/baskauf/tsoam3-tw15011.jpg,https://bioimages.vanderbilt.edu/gq/baskauf/gsoam3-tw15011.jpg
baskauf/15013,baskauf_15013.jpg,ind-baskauf/15003,Sorbus americana,whole plant,whole tree (or vine),general,whole tree (or vine) / general,train,https://bioimages.vanderbilt.edu/tn/baskauf/tsoam3-wp15013.jpg,https://bioimages.vanderbilt.edu/gq/baskauf/gsoam3-wp15013.jpg
baskauf/49330,baskauf_49330.jpg,ind-baskauf/49326,Sorbus americana,flower,inflorescence,frontal view of flower,inflorescence / frontal view of flower,train,https://bioimages.vanderbilt.edu/tn/baskauf/tsoam3-fl49330.jpg,https://bioimages.vanderbilt.edu/gq/baskauf/gsoam3-fl49330.jpg
baskauf/49332,baskauf_49332.jpg,ind-baskauf/49326,Sorbus americana,flower,inflorescence,frontal view of flower,inflorescence / frontal view of flower,train,https://bioimages.vanderbilt.edu/tn/baskauf/tsoam3-fl49332.jpg,https://bioimages.vanderbilt.edu/gq/baskauf/gsoam3-fl49332.jpg
baskauf/49334,baskauf_49334.jpg,ind-baskauf/49326,Sorbus americana,flower,inflorescence,lateral view of flower,inflorescence / lateral view of flower,train,https://bioimages.vanderbilt.edu/tn/baskauf/tsoam3-flinflor49334.jpg,https://bioimages.vanderbilt.edu/gq/baskauf/gsoam3-flinflor49334.jpg
baskauf/49326,baskauf_49326.jpg,ind-baskauf/49326,Sorbus americana,flower,inflorescence,whole - unspecified,inflorescence / whole - unspecified,train,https://bioimages.vanderbilt.edu/tn/baskauf/tsoam3-flinflor49326.jpg,https://bioimages.vanderbilt.edu/gq/baskauf/gsoam3-flinflor49326.jpg
baskauf/49341,baskauf_49341.jpg,ind-baskauf/49335,Sorbus americana,flower,inflorescence,frontal view of flower,inflorescence / frontal view of flower,train,https://bioimages.vanderbilt.edu/tn/baskauf/tsoam3-fl49341.jpg,https://bioimages.vanderbilt.edu/gq/baskauf/gsoam3-fl49341.jpg
baskauf/49344,baskauf_49344.jpg,ind-baskauf/49335,Sorbus americana,flower,inflorescence,lateral view of flower,inflorescence / lateral view of flower,train,https://bioimages.vanderbilt.edu/tn/baskauf/tsoam3-fl49344.jpg,https://bioimages.vanderbilt.edu/gq/baskauf/gsoam3-fl49344.jpg
baskauf/49339,baskauf_49339.jpg,ind-baskauf/49335,Sorbus americana,flower,inflorescence,whole - unspecified,inflorescence / whole - unspecified,train,https://bioimages.vanderbilt.edu/tn/baskauf/tsoam3-flinflor49339.jpg,https://bioimages.vanderbilt.edu/gq/baskauf/gsoam3-flinflor49339.jpg
baskauf/49335,baskauf_49335.jpg,ind-baskauf/49335,Sorbus americana,whole plant,whole tree (or vine),general,whole tree (or vine) / general,train,https://bioimages.vanderbilt.edu/tn/baskauf/tsoam3-wpin-flower49335.jpg,https://bioimages.vanderbilt.edu/gq/baskauf/gsoam3-wpin-flower49335.jpg
baskauf/49300,baskauf_49300.jpg,ind-baskauf/49296,Sorbus americana,flower,inflorescence,unspecified,inflorescence / unspecified,train,https://bioimages.vanderbilt.edu/tn/baskauf/tsoam3-fldevel49300.jpg,https://bioimages.vanderbilt.edu/gq/baskauf/gsoam3-fldevel49300.jpg
baskauf/49296,baskauf_49296.jpg,ind-baskauf/49296,Sorbus americana,whole plant,whole tree (or vine),general,whole tree (or vine) / general,train,https://bioimages.vanderbilt.edu/tn/baskauf/tsoam3-wpdevel-flowers49296.jpg,https://bioimages.vanderbilt.edu/gq/baskauf/gsoam3-wpdevel-flowers49296.jpg
baskauf/15049,baskauf_15049.jpg,ind-baskauf/15049,Sorbus americana,whole plant,whole tree (or vine),general,whole tree (or vine) / general,train,https://bioimages.vanderbilt.edu/tn/baskauf/tsoam3-wp15049.jpg,https://bioimages.vanderbilt.edu/gq/baskauf/gsoam3-wp15049.jpg
baskauf/28672,baskauf_28672.jpg,ind-baskauf/15734,Cephalanthus occidentalis,bark,bark,of a medium tree or large branch,bark / of a medium tree or large branch,train,https://bioimages.vanderbilt.edu/tn/baskauf/tceoc2-br28672.jpg,https://bioimages.vanderbilt.edu/gq/baskauf/gceoc2-br28672.jpg
baskauf/15737,baskauf_15737.jpg,ind-baskauf/15734,Cephalanthus occidentalis,bark,bark,of a small tree or small branch,bark / of a small tree or small branch,train,https://bioimages.vanderbilt.edu/tn/baskauf/tceoc2-br15737.jpg,https://bioimages.vanderbilt.edu/gq/baskauf/gceoc2-br15737.jpg
baskauf/28652,baskauf_28652.jpg,ind-baskauf/15734,Cephalanthus occidentalis,flower,inflorescence,lateral view of flower,inflorescence / lateral view of flower,train,https://bioimages.vanderbilt.edu/tn/baskauf/tceoc2-fl28652.jpg,https://bioimages.vanderbilt.edu/gq/baskauf/gceoc2-fl28652.jpg
baskauf/28666,baskauf_28666.jpg,ind-baskauf/15734,Cephalanthus occidentalis,flower,inflorescence,lateral view of flower,inflorescence / lateral view of flower,train,https://bioimages.vanderbilt.edu/tn/baskauf/tceoc2-flclose28666.jpg,https://bioimages.vanderbilt.edu/gq/baskauf/gceoc2-flclose28666.jpg
baskauf/28649,baskauf_28649.jpg,ind-baskauf/15734,Cephalanthus occidentalis,flower,inflorescence,whole - unspecified,inflorescence / whole - unspecified,train,https://bioimages.vanderbilt.edu/tn/baskauf/tceoc2-flinflor28649.jpg,https://bioimages.vanderbilt.edu/gq/baskauf/gceoc2-flinflor28649.jpg
baskauf/28670,baskauf_28670.jpg,ind-baskauf/15734,Cephalanthus occidentalis,flower,inflorescence,whole - unspecified,inflorescence / whole - unspecified,train,https://bioimages.vanderbilt.edu/tn/baskauf/tceoc2-fl28670.jpg,https://bioimages.vanderbilt.edu/gq/baskauf/gceoc2-fl28670.jpg
baskauf/15734,baskauf_15734.jpg,ind-baskauf/15734,Cephalanthus occidentalis,fruit,fruit,as borne on the plant,fruit / as borne on the plant,train,https://bioimages.vanderbilt.edu/tn/baskauf/tceoc2-fr15734.jpg,https://bioimages.vanderbilt.edu/gq/baskauf/gceoc2-fr15734.jpg
baskauf/15756,baskauf_15756.jpg,ind-baskauf/15734,Cephalanthus occidentalis,fruit,fruit,lateral or general close-up,fruit / lateral or general close-up,train,https://bioimages.vanderbilt.edu/tn/baskauf/tceoc2-frcloseup15756.jpg,https://bioimages.vanderbilt.edu/gq/baskauf/gceoc2-frcloseup15756.jpg
baskauf/15748,baskauf_15748.jpg,ind-baskauf/15734,Cephalanthus occidentalis,leaf,leaf,margin of upper + lower surface,leaf / margin of upper + lower surface,train,https://bioimages.vanderbilt.edu/tn/baskauf/tceoc2-lfmargin-uplow15748.jpg,https://bioimages.vanderbilt.edu/gq/baskauf/gceoc2-lfmargin-uplow15748.jpg
baskauf/15745,baskauf_15745.jpg,ind-baskauf/15734,Cephalanthus occidentalis,leaf,leaf,whole upper surface,leaf / whole upper surface,train,https://bioimages.vanderbilt.edu/tn/baskauf/tceoc2-lf15745.jpg,https://bioimages.vanderbilt.edu/gq/baskauf/gceoc2-lf15745.jpg
baskauf/15742,baskauf_15742.jpg,ind-baskauf/15734,Cephalanthus occidentalis,twig,twig,orientation of petioles,twig / orientation of petioles,train,https://bioimages.vanderbilt.edu/tn/baskauf/tceoc2-tw15742.jpg,https://bioimages.vanderbilt.edu/gq/baskauf/gceoc2-tw15742.jpg
baskauf/15750,baskauf_15750.jpg,ind-baskauf/15734,Cephalanthus occidentalis,twig,twig,orientation of petioles,twig / orientation of petioles,train,https://bioimages.vanderbilt.edu/tn/baskauf/tceoc2-tw15750.jpg,https://bioimages.vanderbilt.edu/gq/baskauf/gceoc2-tw15750.jpg
baskauf/28656,baskauf_28656.jpg,ind-baskauf/15734,Cephalanthus occidentalis,whole plant,whole tree (or vine),general,whole tree (or vine) / general,train,https://bioimages.vanderbilt.edu/tn/baskauf/tceoc2-wp28656.jpg,https://bioimages.vanderbilt.edu/gq/baskauf/gceoc2-wp28656.jpg
thomas/0440-04-02,thomas_0440-04-02.jpg,thomas/0440-04,Cephalanthus occidentalis,bark,bark,of a small tree or small branch,bark / of a small tree or small branch,train,https://bioimages.vanderbilt.edu/tn/thomas/t0440-04-02.jpg,https://bioimages.vanderbilt.edu/gq/thomas/g0440-04-02.jpg
thomas/0440-04-06,thomas_0440-04-06.jpg,thomas/0440-04,Cephalanthus occidentalis,flower,inflorescence,lateral view of flower,inflorescence / lateral view of flower,train,https://bioimages.vanderbilt.edu/tn/thomas/t0440-04-06.jpg,https://bioimages.vanderbilt.edu/gq/thomas/g0440-04-06.jpg
thomas/0440-04-07,thomas_0440-04-07.jpg,thomas/0440-04,Cephalanthus occidentalis,flower,inflorescence,whole - unspecified,inflorescence / whole - unspecified,train,https://bioimages.vanderbilt.edu/tn/thomas/t0440-04-07.jpg,https://bioimages.vanderbilt.edu/gq/thomas/g0440-04-07.jpg
thomas/0440-04-05,thomas_0440-04-05.jpg,thomas/0440-04,Cephalanthus occidentalis,leaf,leaf,showing orientation on twig,leaf / showing orientation on twig,train,https://bioimages.vanderbilt.edu/tn/thomas/t0440-04-05.jpg,https://bioimages.vanderbilt.edu/gq/thomas/g0440-04-05.jpg
thomas/0440-04-03,thomas_0440-04-03.jpg,thomas/0440-04,Cephalanthus occidentalis,leaf,leaf,unspecified,leaf / unspecified,train,https://bioimages.vanderbilt.edu/tn/thomas/t0440-04-03.jpg,https://bioimages.vanderbilt.edu/gq/thomas/g0440-04-03.jpg
thomas/0440-04-01,thomas_0440-04-01.jpg,thomas/0440-04,Cephalanthus occidentalis,twig,twig,orientation of petioles,twig / orientation of petioles,train,https://bioimages.vanderbilt.edu/tn/thomas/t0440-04-01.jpg,https://bioimages.vanderbilt.edu/gq/thomas/g0440-04-01.jpg
thomas/0440-04-04,thomas_0440-04-04.jpg,thomas/0440-04,Cephalanthus occidentalis,whole plant,whole tree (or vine),general,whole tree (or vine) / general,train,https://bioimages.vanderbilt.edu/tn/thomas/t0440-04-04.jpg,https://bioimages.vanderbilt.edu/gq/thomas/g0440-04-04.jpg
thomas/0104-01-02,thomas_0104-01-02.jpg,thomas/0104-01,Cephalanthus occidentalis,flower,inflorescence,close-up of flower interior,inflorescence / close-up of flower interior,train,https://bioimages.vanderbilt.edu/tn/thomas/t0104-01-02.jpg,https://bioimages.vanderbilt.edu/gq/thomas/g0104-01-02.jpg
thomas/0104-01-03,thomas_0104-01-03.jpg,thomas/0104-01,Cephalanthus occidentalis,flower,inflorescence,frontal view of flower,inflorescence / frontal view of flower,train,https://bioimages.vanderbilt.edu/tn/thomas/t0104-01-03.jpg,https://bioimages.vanderbilt.edu/gq/thomas/g0104-01-03.jpg
thomas/0104-01-01,thomas_0104-01-01.jpg,thomas/0104-01,Cephalanthus occidentalis,flower,inflorescence,whole - unspecified,inflorescence / whole - unspecified,train,https://bioimages.vanderbilt.edu/tn/thomas/t0104-01-01.jpg,https://bioimages.vanderbilt.edu/gq/thomas/g0104-01-01.jpg
thomas/0104-01-04,thomas_0104-01-04.jpg,thomas/0104-01,Cephalanthus occidentalis,leaf,leaf,whole upper surface,leaf / whole upper surface,train,https://bioimages.vanderbilt.edu/tn/thomas/t0104-01-04.jpg,https://bioimages.vanderbilt.edu/gq/thomas/g0104-01-04.jpg
baskauf/37494,baskauf_37494.jpg,ind-baskauf/37493,Cephalanthus occidentalis,fruit,fruit,as borne on the plant,fruit / as borne on the plant,train,https://bioimages.vanderbilt.edu/tn/baskauf/tceoc2-fr37494.jpg,https://bioimages.vanderbilt.edu/gq/baskauf/gceoc2-fr37494.jpg
baskauf/35731,baskauf_35731.jpg,ind-baskauf/35706,Zanthoxylum americanum,bark,bark,of a small tree or small branch,bark / of a small tree or small branch,train,https://bioimages.vanderbilt.edu/tn/baskauf/tzaam--br35731.jpg,https://bioimages.vanderbilt.edu/gq/baskauf/gzaam--br35731.jpg
baskauf/35725,baskauf_35725.jpg,ind-baskauf/35706,Zanthoxylum americanum,leaf,leaf,margin of upper + lower surface,leaf / margin of upper + lower surface,train,https://bioimages.vanderbilt.edu/tn/baskauf/tzaam--lfmargin-uplow35725.jpg,https://bioimages.vanderbilt.edu/gq/baskauf/gzaam--lfmargin-uplow35725.jpg
baskauf/35716,baskauf_35716.jpg,ind-baskauf/35706,Zanthoxylum americanum,leaf,leaf,showing orientation on twig,leaf / showing orientation on twig,train,https://bioimages.vanderbilt.edu/tn/baskauf/tzaam--lfseveral35716.jpg,https://bioimages.vanderbilt.edu/gq/baskauf/gzaam--lfseveral35716.jpg
baskauf/35726,baskauf_35726.jpg,ind-baskauf/35706,Zanthoxylum americanum,leaf,leaf,unspecified,leaf / unspecified,train,https://bioimages.vanderbilt.edu/tn/baskauf/tzaam--lfpetiole-upper35726.jpg,https://bioimages.vanderbilt.edu/gq/baskauf/gzaam--lfpetiole-upper35726.jpg
baskauf/35728,baskauf_35728.jpg,ind-baskauf/35706,Zanthoxylum americanum,leaf,leaf,unspecified,leaf / unspecified,train,https://bioimages.vanderbilt.edu/tn/baskauf/tzaam--lfpetiole-lower35728.jpg,https://bioimages.vanderbilt.edu/gq/baskauf/gzaam--lfpetiole-lower35728.jpg
baskauf/35720,baskauf_35720.jpg,ind-baskauf/35706,Zanthoxylum americanum,leaf,leaf,whole upper surface,leaf / whole upper surface,train,https://bioimages.vanderbilt.edu/tn/baskauf/tzaam--lf35720.jpg,https://bioimages.vanderbilt.edu/gq/baskauf/gzaam--lf35720.jpg
baskauf/35729,baskauf_35729.jpg,ind-baskauf/35706,Zanthoxylum americanum,twig,twig,orientation of petioles,twig / orientation of petioles,train,https://bioimages.vanderbilt.edu/tn/baskauf/tzaam--tw35729.jpg,https://bioimages.vanderbilt.edu/gq/baskauf/gzaam--tw35729.jpg
baskauf/35713,baskauf_35713.jpg,ind-baskauf/35706,Zanthoxylum americanum,whole plant,whole tree (or vine),general,whole tree (or vine) / general,train,https://bioimages.vanderbilt.edu/tn/baskauf/tzaam--wp35713.jpg,https://bioimages.vanderbilt.edu/gq/baskauf/gzaam--wp35713.jpg
baskauf/51813,baskauf_51813.jpg,ind-baskauf/51813,Zanthoxylum americanum,flower,inflorescence,frontal view of flower,inflorescence / frontal view of flower,train,https://bioimages.vanderbilt.edu/tn/baskauf/tzaam--flfemale-front51813.jpg,https://bioimages.vanderbilt.edu/gq/baskauf/gzaam--flfemale-front51813.jpg
baskauf/51815,baskauf_51815.jpg,ind-baskauf/51813,Zanthoxylum americanum,flower,inflorescence,lateral view of flower,inflorescence / lateral view of flower,train,https://bioimages.vanderbilt.edu/tn/baskauf/tzaam--flfemale-side51815.jpg,https://bioimages.vanderbilt.edu/gq/baskauf/gzaam--flfemale-side51815.jpg
baskauf/51814,baskauf_51814.jpg,ind-baskauf/51813,Zanthoxylum americanum,flower,inflorescence,whole - female,inflorescence / whole - female,train,https://bioimages.vanderbilt.edu/tn/baskauf/tzaam--flfemale-inflor51814.jpg,https://bioimages.vanderbilt.edu/gq/baskauf/gzaam--flfemale-inflor51814.jpg
baskauf/51816,baskauf_51816.jpg,ind-baskauf/51813,Zanthoxylum americanum,twig,twig,orientation of petioles,twig / orientation of petioles,train,https://bioimages.vanderbilt.edu/tn/baskauf/tzaam--twwith-flowers51816.jpg,https://bioimages.vanderbilt.edu/gq/baskauf/gzaam--twwith-flowers51816.jpg
baskauf/54535,baskauf_54535.jpg,ind-baskauf/54533,Zanthoxylum americanum,fruit,fruit,lateral or general close-up,fruit / lateral or general close-up,train,https://bioimages.vanderbilt.edu/tn/baskauf/tzaam--fr54535.jpg,https://bioimages.vanderbilt.edu/gq/baskauf/gzaam--fr54535.jpg
baskauf/54536,baskauf_54536.jpg,ind-baskauf/54533,Zanthoxylum americanum,fruit,fruit,lateral or general close-up,fruit / lateral or general close-up,train,https://bioimages.vanderbilt.edu/tn/baskauf/tzaam--fr54536.jpg,https://bioimages.vanderbilt.edu/gq/baskauf/gzaam--fr54536.jpg
baskauf/54538,baskauf_54538.jpg,ind-baskauf/54533,Zanthoxylum americanum,fruit,fruit,lateral or general close-up,fruit / lateral or general close-up,train,https://bioimages.vanderbilt.edu/tn/baskauf/tzaam--fr54538.jpg,https://bioimages.vanderbilt.edu/gq/baskauf/gzaam--fr54538.jpg
baskauf/54534,baskauf_54534.jpg,ind-baskauf/54533,Zanthoxylum americanum,twig,twig,orientation of petioles,twig / orientation of petioles,train,https://bioimages.vanderbilt.edu/tn/baskauf/tzaam--tw54534.jpg,https://bioimages.vanderbilt.edu/gq/baskauf/gzaam--tw54534.jpg
baskauf/54556,baskauf_54556.jpg,ind-baskauf/54533,Zanthoxylum americanum,whole plant,whole tree (or vine),general,whole tree (or vine) / general,train,https://bioimages.vanderbilt.edu/tn/baskauf/tzaam--wpin-fruit54556.jpg,https://bioimages.vanderbilt.edu/gq/baskauf/gzaam--wpin-fruit54556.jpg
baskauf/11066,baskauf_11066.jpg,ind-baskauf/11064,Populus deltoides,bark,bark,of a large tree,bark / of a large tree,test,https://bioimages.vanderbilt.edu/tn/baskauf/tpode3-brlarge11066.jpg,https://bioimages.vanderbilt.edu/gq/baskauf/gpode3-brlarge11066.jpg
baskauf/11064,baskauf_11064.jpg,ind-baskauf/11064,Populus deltoides,fruit,fruit,as borne on the plant,fruit / as borne on the plant,test,https://bioimages.vanderbilt.edu/tn/baskauf/tpode3-frin-fruit11064.jpg,https://bioimages.vanderbilt.edu/gq/baskauf/gpode3-frin-fruit11064.jpg
baskauf/11070,baskauf_11070.jpg,ind-baskauf/11064,Populus deltoides,leaf,leaf,whole upper surface,leaf / whole upper surface,test,https://bioimages.vanderbilt.edu/tn/baskauf/tpode3-lf11070.jpg,https://bioimages.vanderbilt.edu/gq/baskauf/gpode3-lf11070.jpg
baskauf/31457,baskauf_31457.jpg,ind-baskauf/31457,Populus deltoides,flower,inflorescence,whole - female,inflorescence / whole - female,test,https://bioimages.vanderbilt.edu/tn/baskauf/tpode3-flfemale-dist31457.jpg,https://bioimages.vanderbilt.edu/gq/baskauf/gpode3-flfemale-dist31457.jpg
baskauf/31459,baskauf_31459.jpg,ind-baskauf/31457,Populus deltoides,flower,inflorescence,whole - female,inflorescence / whole - female,test,https://bioimages.vanderbilt.edu/tn/baskauf/tpode3-flfemale-close31459.jpg,https://bioimages.vanderbilt.edu/gq/baskauf/gpode3-flfemale-close31459.jpg
baskauf/31462,baskauf_31462.jpg,ind-baskauf/31457,Populus deltoides,flower,inflorescence,whole - female,inflorescence / whole - female,test,https://bioimages.vanderbilt.edu/tn/baskauf/tpode3-flfemale31462.jpg,https://bioimages.vanderbilt.edu/gq/baskauf/gpode3-flfemale31462.jpg
baskauf/31433,baskauf_31433.jpg,ind-baskauf/31433,Populus deltoides,flower,inflorescence,whole - male,inflorescence / whole - male,test,https://bioimages.vanderbilt.edu/tn/baskauf/tpode3-flmale-distant31433.jpg,https://bioimages.vanderbilt.edu/gq/baskauf/gpode3-flmale-distant31433.jpg
baskauf/31447,baskauf_31447.jpg,ind-baskauf/31433,Populus deltoides,flower,inflorescence,whole - male,inflorescence / whole - male,test,https://bioimages.vanderbilt.edu/tn/baskauf/tpode3-flmale31447.jpg,https://bioimages.vanderbilt.edu/gq/baskauf/gpode3-flmale31447.jpg
baskauf/31453,baskauf_31453.jpg,ind-baskauf/31433,Populus deltoides,flower,inflorescence,whole - male,inflorescence / whole - male,test,https://bioimages.vanderbilt.edu/tn/baskauf/tpode3-flmale-close31453.jpg,https://bioimages.vanderbilt.edu/gq/baskauf/gpode3-flmale-close31453.jpg
baskauf/31468,baskauf_31468.jpg,ind-baskauf/31433,Populus deltoides,flower,inflorescence,whole - male,inflorescence / whole - male,test,https://bioimages.vanderbilt.edu/tn/baskauf/tpode3-flmale-pollen31468.jpg,https://bioimages.vanderbilt.edu/gq/baskauf/gpode3-flmale-pollen31468.jpg
baskauf/11054,baskauf_11054.jpg,ind-baskauf/11053,Populus deltoides,fruit,fruit,as borne on the plant,fruit / as borne on the plant,test,https://bioimages.vanderbilt.edu/tn/baskauf/tpode3-frin-fruit11054.jpg,https://bioimages.vanderbilt.edu/gq/baskauf/gpode3-frin-fruit11054.jpg
baskauf/11053,baskauf_11053.jpg,ind-baskauf/11053,Populus deltoides,fruit,fruit,section or open,fruit / section or open,test,https://bioimages.vanderbilt.edu/tn/baskauf/tpode3-fr11053.jpg,https://bioimages.vanderbilt.edu/gq/baskauf/gpode3-fr11053.jpg
baskauf/15343,baskauf_15343.jpg,ind-baskauf/15335,Populus deltoides,leaf,leaf,margin of upper + lower surface,leaf / margin of upper + lower surface,test,https://bioimages.vanderbilt.edu/tn/baskauf/tpode3-lfmargin-uplow15343.jpg,https://bioimages.vanderbilt.edu/gq/baskauf/gpode3-lfmargin-uplow15343.jpg
baskauf/15339,baskauf_15339.jpg,ind-baskauf/15335,Populus deltoides,leaf,leaf,whole upper surface,leaf / whole upper surface,test,https://bioimages.vanderbilt.edu/tn/baskauf/tpode3-lf15339.jpg,https://bioimages.vanderbilt.edu/gq/baskauf/gpode3-lf15339.jpg
baskauf/15347,baskauf_15347.jpg,ind-baskauf/15335,Populus deltoides,twig,twig,close-up winter leaf scar/bud,twig / close-up winter leaf scar/bud,test,https://bioimages.vanderbilt.edu/tn/baskauf/tpode3-tw15347.jpg,https://bioimages.vanderbilt.edu/gq/baskauf/gpode3-tw15347.jpg
baskauf/15346,baskauf_15346.jpg,ind-baskauf/15335,Populus deltoides,twig,twig,orientation of petioles,twig / orientation of petioles,test,https://bioimages.vanderbilt.edu/tn/baskauf/tpode3-twwinter-buds15346.jpg,https://bioimages.vanderbilt.edu/gq/baskauf/gpode3-twwinter-buds15346.jpg
baskauf/15335,baskauf_15335.jpg,ind-baskauf/15335,Populus deltoides,whole plant,whole tree (or vine),general,whole tree (or vine) / general,test,https://bioimages.vanderbilt.edu/tn/baskauf/tpode3-wp15335.jpg,https://bioimages.vanderbilt.edu/gq/baskauf/gpode3-wp15335.jpg
baskauf/90802,baskauf_90802.jpg,vanderbilt/8-103,Populus deltoides,whole plant,whole tree (or vine),general,whole tree (or vine) / general,test,https://bioimages.vanderbilt.edu/tn/baskauf/t90802.jpg,https://bioimages.vanderbilt.edu/gq/baskauf/g90802.jpg
baskauf/90804,baskauf_90804.jpg,vanderbilt/8-103,Populus deltoides,whole plant,whole tree (or vine),view up trunk,whole tree (or vine) / view up trunk,test,https://bioimages.vanderbilt.edu/tn/baskauf/t90804.jpg,https://bioimages.vanderbilt.edu/gq/baskauf/g90804.jpg
baskauf/13977,baskauf_13977.jpg,ind-baskauf/13977,Populus tremuloides,bark,bark,of a medium tree or large branch,bark / of a medium tree or large branch,train,https://bioimages.vanderbilt.edu/tn/baskauf/tpotr5-br13977.jpg,https://bioimages.vanderbilt.edu/gq/baskauf/gpotr5-br13977.jpg
baskauf/13981,baskauf_13981.jpg,ind-baskauf/13977,Populus tremuloides,leaf,leaf,showing orientation on twig,leaf / showing orientation on twig,train,https://bioimages.vanderbilt.edu/tn/baskauf/tpotr5-lfseveral13981.jpg,https://bioimages.vanderbilt.edu/gq/baskauf/gpotr5-lfseveral13981.jpg
baskauf/13980,baskauf_13980.jpg,ind-baskauf/13977,Populus tremuloides,whole plant,whole tree (or vine),view up trunk,whole tree (or vine) / view up trunk,train,https://bioimages.vanderbilt.edu/tn/baskauf/tpotr5-wplook-up13980.jpg,https://bioimages.vanderbilt.edu/gq/baskauf/gpotr5-wplook-up13980.jpg
baskauf/14027,baskauf_14027.jpg,ind-baskauf/14024,Populus tremuloides,leaf,leaf,margin of upper + lower surface,leaf / margin of upper + lower surface,train,https://bioimages.vanderbilt.edu/tn/baskauf/tpotr5-lfmargin-uplow14027.jpg,https://bioimages.vanderbilt.edu/gq/baskauf/gpotr5-lfmargin-uplow14027.jpg
baskauf/14024,baskauf_14024.jpg,ind-baskauf/14024,Populus tremuloides,leaf,leaf,whole upper surface,leaf / whole upper surface,train,https://bioimages.vanderbilt.edu/tn/baskauf/tpotr5-lf14024.jpg,https://bioimages.vanderbilt.edu/gq/baskauf/gpotr5-lf14024.jpg
baskauf/14031,baskauf_14031.jpg,ind-baskauf/14024,Populus tremuloides,leaf,leaf,whole upper surface,leaf / whole upper surface,train,https://bioimages.vanderbilt.edu/tn/baskauf/tpotr5-lfpetiole14031.jpg,https://bioimages.vanderbilt.edu/gq/baskauf/gpotr5-lfpetiole14031.jpg
baskauf/14029,baskauf_14029.jpg,ind-baskauf/14024,Populus tremuloides,twig,twig,orientation of petioles,twig / orientation of petioles,train,https://bioimages.vanderbilt.edu/tn/baskauf/tpotr5-tw14029.jpg,https://bioimages.vanderbilt.edu/gq/baskauf/gpotr5-tw14029.jpg
baskauf/14034,baskauf_14034.jpg,ind-baskauf/14024,Populus tremuloides,twig,twig,orientation of petioles,twig / orientation of petioles,train,https://bioimages.vanderbilt.edu/tn/baskauf/tpotr5-tw14034.jpg,https://bioimages.vanderbilt.edu/gq/baskauf/gpotr5-tw14034.jpg
baskauf/13975,baskauf_13975.jpg,ind-baskauf/13975,Populus tremuloides,whole plant,whole tree (or vine),general,whole tree (or vine) / general,train,https://bioimages.vanderbilt.edu/tn/baskauf/tpotr5-wpseveral13975.jpg,https://bioimages.vanderbilt.edu/gq/baskauf/gpotr5-wpseveral13975.jpg
kaufmannm/ke062,kaufmannm_ke062.jpg,ind-kaufmannm/ke062,Populus tremuloides,whole plant,whole tree (or vine),general,whole tree (or vine) / general,train,https://bioimages.vanderbilt.edu/tn/kaufmannm/tpotr5-wpfall-color-mke062.jpg,https://bioimages.vanderbilt.edu/gq/kaufmannm/gpotr5-wpfall-color-mke062.jpg
kaufmannm/ke063,kaufmannm_ke063.jpg,ind-kaufmannm/ke063,Populus tremuloides,whole plant,whole tree (or vine),general,whole tree (or vine) / general,train,https://bioimages.vanderbilt.edu/tn/kaufmannm/tpotr5-wpfall-color-mke063.jpg,https://bioimages.vanderbilt.edu/gq/kaufmannm/gpotr5-wpfall-color-mke063.jpg
kaufmannm/ke064,kaufmannm_ke064.jpg,ind-kaufmannm/ke064,Populus tremuloides,whole plant,whole tree (or vine),general,whole tree (or vine) / general,train,https://bioimages.vanderbilt.edu/tn/kaufmannm/tpotr5-wpfall-color-mke064.jpg,https://bioimages.vanderbilt.edu/gq/kaufmannm/gpotr5-wpfall-color-mke064.jpg
baskauf/13585,baskauf_13585.jpg,ind-baskauf/13574,Salix nigra,bark,bark,of a large tree,bark / of a large tree,train,https://bioimages.vanderbilt.edu/tn/baskauf/tsani--brlarge13585.jpg,https://bioimages.vanderbilt.edu/gq/baskauf/gsani--brlarge13585.jpg
baskauf/13589,baskauf_13589.jpg,ind-baskauf/13574,Salix nigra,bark,bark,of a medium tree or large branch,bark / of a medium tree or large branch,train,https://bioimages.vanderbilt.edu/tn/baskauf/tsani--brmedium13589.jpg,https://bioimages.vanderbilt.edu/gq/baskauf/gsani--brmedium13589.jpg
baskauf/13588,baskauf_13588.jpg,ind-baskauf/13574,Salix nigra,bark,bark,of a small tree or small branch,bark / of a small tree or small branch,train,https://bioimages.vanderbilt.edu/tn/baskauf/tsani--brsmall13588.jpg,https://bioimages.vanderbilt.edu/gq/baskauf/gsani--brsmall13588.jpg
baskauf/13580,baskauf_13580.jpg,ind-baskauf/13574,Salix nigra,leaf,leaf,showing orientation on twig,leaf / showing orientation on twig,train,https://bioimages.vanderbilt.edu/tn/baskauf/tsani--lfseveral13580.jpg,https://bioimages.vanderbilt.edu/gq/baskauf/gsani--lfseveral13580.jpg
baskauf/13583,baskauf_13583.jpg,ind-baskauf/13574,Salix nigra,leaf,leaf,whole upper surface,leaf / whole upper surface,train,https://bioimages.vanderbilt.edu/tn/baskauf/tsani--lfuplow13583.jpg,https://bioimages.vanderbilt.edu/gq/baskauf/gsani--lfuplow13583.jpg
baskauf/13576,baskauf_13576.jpg,ind-baskauf/13574,Salix nigra,twig,twig,orientation of petioles,twig / orientation of petioles,train,https://bioimages.vanderbilt.edu/tn/baskauf/tsani--lfstipules13576.jpg,https://bioimages.vanderbilt.edu/gq/baskauf/gsani--lfstipules13576.jpg
baskauf/13574,baskauf_13574.jpg,ind-baskauf/13574,Salix nigra,whole plant,whole tree (or vine),general,whole tree (or vine) / general,train,https://bioimages.vanderbilt.edu/tn/baskauf/tsani--wplarge13574.jpg,https://bioimages.vanderbilt.edu/gq/baskauf/gsani--wplarge13574.jpg
baskauf/13594,baskauf_13594.jpg,ind-baskauf/13574,Salix nigra,whole plant,whole tree (or vine),view up trunk,whole tree (or vine) / view up trunk,train,https://bioimages.vanderbilt.edu/tn/baskauf/tsani--wplookup13594.jpg,https://bioimages.vanderbilt.edu/gq/baskauf/gsani--wplookup13594.jpg
baskauf/23020,baskauf_23020.jpg,ind-baskauf/22997,Salix nigra,bark,bark,of a medium tree or large branch,bark / of a medium tree or large branch,train,https://bioimages.vanderbilt.edu/tn/baskauf/tsani--br23020.jpg,https://bioimages.vanderbilt.edu/gq/baskauf/gsani--br23020.jpg
baskauf/23004,baskauf_23004.jpg,ind-baskauf/22997,Salix nigra,leaf,leaf,showing orientation on twig,leaf / showing orientation on twig,train,https://bioimages.vanderbilt.edu/tn/baskauf/tsani--lfseveral23004.jpg,https://bioimages.vanderbilt.edu/gq/baskauf/gsani--lfseveral23004.jpg
baskauf/23007,baskauf_23007.jpg,ind-baskauf/22997,Salix nigra,leaf,leaf,whole upper surface,leaf / whole upper surface,train,https://bioimages.vanderbilt.edu/tn/baskauf/tsani--lf23007.jpg,https://bioimages.vanderbilt.edu/gq/baskauf/gsani--lf23007.jpg
baskauf/23013,baskauf_23013.jpg,ind-baskauf/22997,Salix nigra,twig,twig,orientation of petioles,twig / orientation of petioles,train,https://bioimages.vanderbilt.edu/tn/baskauf/tsani--tw23013.jpg,https://bioimages.vanderbilt.edu/gq/baskauf/gsani--tw23013.jpg
baskauf/23002,baskauf_23002.jpg,ind-baskauf/22997,Salix nigra,whole plant,whole tree (or vine),general,whole tree (or vine) / general,train,https://bioimages.vanderbilt.edu/tn/baskauf/tsani--wp23002.jpg,https://bioimages.vanderbilt.edu/gq/baskauf/gsani--wp23002.jpg
baskauf/21454,baskauf_21454.jpg,ind-baskauf/21454,Salix nigra,flower,inflorescence,whole - male,inflorescence / whole - male,train,https://bioimages.vanderbilt.edu/tn/baskauf/tsani--flinflor21454.jpg,https://bioimages.vanderbilt.edu/gq/baskauf/gsani--flinflor21454.jpg
baskauf/21457,baskauf_21457.jpg,ind-baskauf/21454,Salix nigra,flower,inflorescence,whole - male,inflorescence / whole - male,train,https://bioimages.vanderbilt.edu/tn/baskauf/tsani--fl21457.jpg,https://bioimages.vanderbilt.edu/gq/baskauf/gsani--fl21457.jpg
baskauf/21465,baskauf_21465.jpg,ind-baskauf/21454,Salix nigra,fruit,fruit,immature,fruit / immature,train,https://bioimages.vanderbilt.edu/tn/baskauf/tsani--frdevel21465.jpg,https://bioimages.vanderbilt.edu/gq/baskauf/gsani--frdevel21465.jpg
baskauf/11078,baskauf_11078.jpg,ind-baskauf/11078,Salix nigra,flower,inflorescence,whole - unspecified,inflorescence / whole - unspecified,train,https://bioimages.vanderbilt.edu/tn/baskauf/tsani--flold-inflor11078.jpg,https://bioimages.vanderbilt.edu/gq/baskauf/gsani--flold-inflor11078.jpg
baskauf/23997,baskauf_23997.jpg,ind-baskauf/23990,Salix nigra,fruit,fruit,as borne on the plant,fruit / as borne on the plant,train,https://bioimages.vanderbilt.edu/tn/baskauf/tsani--frmature23997.jpg,https://bioimages.vanderbilt.edu/gq/baskauf/gsani--frmature23997.jpg
baskauf/24001,baskauf_24001.jpg,ind-baskauf/23990,Salix nigra,fruit,fruit,section or open,fruit / section or open,train,https://bioimages.vanderbilt.edu/tn/baskauf/tsani--frmature-close24001.jpg,https://bioimages.vanderbilt.edu/gq/baskauf/gsani--frmature-close24001.jpg
baskauf/11109,baskauf_11109.jpg,ind-baskauf/10997,Ailanthus altissima,bark,bark,of a medium tree or large branch,bark / of a medium tree or large branch,train,https://bioimages.vanderbilt.edu/tn/baskauf/taial--br11109.jpg,https://bioimages.vanderbilt.edu/gq/baskauf/gaial--br11109.jpg
baskauf/11105,baskauf_11105.jpg,ind-baskauf/10997,Ailanthus altissima,flower,inflorescence,frontal view of flower,inflorescence / frontal view of flower,train,https://bioimages.vanderbilt.edu/tn/baskauf/taial--fl11105.jpg,https://bioimages.vanderbilt.edu/gq/baskauf/gaial--fl11105.jpg
baskauf/10999,baskauf_10999.jpg,ind-baskauf/10997,Ailanthus altissima,flower,inflorescence,whole - unspecified,inflorescence / whole - unspecified,train,https://bioimages.vanderbilt.edu/tn/baskauf/taial--flinflor10999.jpg,https://bioimages.vanderbilt.edu/gq/baskauf/gaial--flinflor10999.jpg
baskauf/11102,baskauf_11102.jpg,ind-baskauf/10997,Ailanthus altissima,flower,inflorescence,whole - unspecified,inflorescence / whole - unspecified,train,https://bioimages.vanderbilt.edu/tn/baskauf/taial--flinflor11102.jpg,https://bioimages.vanderbilt.edu/gq/baskauf/gaial--flinflor11102.jpg
baskauf/13165,baskauf_13165.jpg,ind-baskauf/10997,Ailanthus altissima,fruit,fruit,as borne on the plant,fruit / as borne on the plant,train,https://bioimages.vanderbilt.edu/tn/baskauf/taial--frin-fruit13165.jpg,https://bioimages.vanderbilt.edu/gq/baskauf/gaial--frin-fruit13165.jpg
baskauf/13169,baskauf_13169.jpg,ind-baskauf/10997,Ailanthus altissima,fruit,fruit,as borne on the plant,fruit / as borne on the plant,train,https://bioimages.vanderbilt.edu/tn/baskauf/taial--frinfruct13169.jpg,https://bioimages.vanderbilt.edu/gq/baskauf/gaial--frinfruct13169.jpg
baskauf/13172,baskauf_13172.jpg,ind-baskauf/10997,Ailanthus altissima,fruit,fruit,lateral or general close-up,fruit / lateral or general close-up,train,https://bioimages.vanderbilt.edu/tn/baskauf/taial--frcloseup13172.jpg,https://bioimages.vanderbilt.edu/gq/baskauf/gaial--frcloseup13172.jpg
baskauf/11107,baskauf_11107.jpg,ind-baskauf/10997,Ailanthus altissima,leaf,leaf,whole upper surface,leaf / whole upper surface,train,https://bioimages.vanderbilt.edu/tn/baskauf/taial--lf11107.jpg,https://bioimages.vanderbilt.edu/gq/baskauf/gaial--lf11107.jpg
baskauf/17536,baskauf_17536.jpg,ind-baskauf/10997,Ailanthus altissima,twig,twig,close-up winter leaf scar/bud,twig / close-up winter leaf scar/bud,train,https://bioimages.vanderbilt.edu/tn/baskauf/taial--twleaf-scar17536.jpg,https://bioimages.vanderbilt.edu/gq/baskauf/gaial--twleaf-scar17536.jpg
baskauf/17534,baskauf_17534.jpg,ind-baskauf/10997,Ailanthus altissima,twig,twig,winter overall,twig / winter overall,train,https://bioimages.vanderbilt.edu/tn/baskauf/taial--tw17534.jpg,https://bioimages.vanderbilt.edu/gq/baskauf/gaial--tw17534.jpg
baskauf/10997,baskauf_10997.jpg,ind-baskauf/10997,Ailanthus altissima,whole plant,whole tree (or vine),general,whole tree (or vine) / general,train,https://bioimages.vanderbilt.edu/tn/baskauf/taial--wpmedium10997.jpg,https://bioimages.vanderbilt.edu/gq/baskauf/gaial--wpmedium10997.jpg
baskauf/10998,baskauf_10998.jpg,ind-baskauf/10997,Ailanthus altissima,whole plant,whole tree (or vine),general,whole tree (or vine) / general,train,https://bioimages.vanderbilt.edu/tn/baskauf/taial--wpweed-in-town10998.jpg,https://bioimages.vanderbilt.edu/gq/baskauf/gaial--wpweed-in-town10998.jpg
baskauf/11106,baskauf_11106.jpg,ind-baskauf/10997,Ailanthus altissima,whole plant,whole tree (or vine),general,whole tree (or vine) / general,train,https://bioimages.vanderbilt.edu/tn/baskauf/taial--flin-flower11106.jpg,https://bioimages.vanderbilt.edu/gq/baskauf/gaial--flin-flower11106.jpg
baskauf/15184,baskauf_15184.jpg,vanderbilt/7-87,Ailanthus altissima,fruit,fruit,as borne on the plant,fruit / as borne on the plant,train,https://bioimages.vanderbilt.edu/tn/baskauf/taial--fr15184.jpg,https://bioimages.vanderbilt.edu/gq/baskauf/gaial--fr15184.jpg
baskauf/15185,baskauf_15185.jpg,vanderbilt/7-87,Ailanthus altissima,fruit,fruit,as borne on the plant,fruit / as borne on the plant,train,https://bioimages.vanderbilt.edu/tn/baskauf/taial--frcloseup15185.jpg,https://bioimages.vanderbilt.edu/gq/baskauf/gaial--frcloseup15185.jpg
baskauf/15187,baskauf_15187.jpg,vanderbilt/7-87,Ailanthus altissima,fruit,fruit,lateral or general close-up,fruit / lateral or general close-up,train,https://bioimages.vanderbilt.edu/tn/baskauf/taial--frmature-close15187.jpg,https://bioimages.vanderbilt.edu/gq/baskauf/gaial--frmature-close15187.jpg
baskauf/52519,baskauf_52519.jpg,vanderbilt/7-87,Ailanthus altissima,leaf,leaf,margin of upper + lower surface,leaf / margin of upper + lower surface,train,https://bioimages.vanderbilt.edu/tn/baskauf/taial--lfmargin-uplow52519.jpg,https://bioimages.vanderbilt.edu/gq/baskauf/gaial--lfmargin-uplow52519.jpg
baskauf/15190,baskauf_15190.jpg,vanderbilt/7-87,Ailanthus altissima,leaf,leaf,unspecified,leaf / unspecified,train,https://bioimages.vanderbilt.edu/tn/baskauf/taial--lfgland-closeup15190.jpg,https://bioimages.vanderbilt.edu/gq/baskauf/gaial--lfgland-closeup15190.jpg
baskauf/15192,baskauf_15192.jpg,vanderbilt/7-87,Ailanthus altissima,leaf,leaf,unspecified,leaf / unspecified,train,https://bioimages.vanderbilt.edu/tn/baskauf/taial--lfgland-close15192.jpg,https://bioimages.vanderbilt.edu/gq/baskauf/gaial--lfgland-close15192.jpg
baskauf/15196,baskauf_15196.jpg,vanderbilt/7-87,Ailanthus altissima,leaf,leaf,unspecified,leaf / unspecified,train,https://bioimages.vanderbilt.edu/tn/baskauf/taial--lfgland15196.jpg,https://bioimages.vanderbilt.edu/gq/baskauf/gaial--lfgland15196.jpg
baskauf/39159,baskauf_39159.jpg,vanderbilt/7-87,Ailanthus altissima,twig,twig,close-up winter leaf scar/bud,twig / close-up winter leaf scar/bud,train,https://bioimages.vanderbilt.edu/tn/baskauf/taial--tw39159.jpg,https://bioimages.vanderbilt.edu/gq/baskauf/gaial--tw39159.jpg
baskauf/39171,baskauf_39171.jpg,vanderbilt/7-87,Ailanthus altissima,twig,twig,close-up winter terminal bud,twig / close-up winter terminal bud,train,https://bioimages.vanderbilt.edu/tn/baskauf/taial--twtwig-scar39171.jpg,https://bioimages.vanderbilt.edu/gq/baskauf/gaial--twtwig-scar39171.jpg
baskauf/39173,baskauf_39173.jpg,vanderbilt/7-87,Ailanthus altissima,twig,twig,close-up winter terminal bud,twig / close-up winter terminal bud,train,https://bioimages.vanderbilt.edu/tn/baskauf/taial--twleaf-scar39173.jpg,https://bioimages.vanderbilt.edu/gq/baskauf/gaial--twleaf-scar39173.jpg
baskauf/90959,baskauf_90959.jpg,vanderbilt/7-87,Ailanthus altissima,whole plant,whole tree (or vine),general,whole tree (or vine) / general,train,https://bioimages.vanderbilt.edu/tn/baskauf/t90959.jpg,https://bioimages.vanderbilt.edu/gq/baskauf/g90959.jpg
baskauf/89373,baskauf_89373.jpg,vanderbilt/7-87,Ailanthus altissima,whole plant,whole tree (or vine),winter,whole tree (or vine) / winter,train,https://bioimages.vanderbilt.edu/tn/baskauf/t89373.jpg,https://bioimages.vanderbilt.edu/gq/baskauf/g89373.jpg
baskauf/10980,baskauf_10980.jpg,vanderbilt/12-230,Ailanthus altissima,leaf,leaf,showing orientation on twig,leaf / showing orientation on twig,train,https://bioimages.vanderbilt.edu/tn/baskauf/taial--flin-flower10980.jpg,https://bioimages.vanderbilt.edu/gq/baskauf/gaial--flin-flower10980.jpg
baskauf/10978,baskauf_10978.jpg,vanderbilt/12-230,Ailanthus altissima,whole plant,whole tree (or vine),general,whole tree (or vine) / general,train,https://bioimages.vanderbilt.edu/tn/baskauf/taial--flin-flower10978.jpg,https://bioimages.vanderbilt.edu/gq/baskauf/gaial--flin-flower10978.jpg
baskauf/10904,baskauf_10904.jpg,ind-baskauf/10904,Ailanthus altissima,whole plant,whole tree (or vine),general,whole tree (or vine) / general,train,https://bioimages.vanderbilt.edu/tn/baskauf/taial--wpsmall10904.jpg,https://bioimages.vanderbilt.edu/gq/baskauf/gaial--wpsmall10904.jpg
baskauf/65650,baskauf_65650.jpg,ind-baskauf/65629,Dirca palustris,bark,bark,of a medium tree or large branch,bark / of a medium tree or large branch,train,https://bioimages.vanderbilt.edu/tn/baskauf/tdipa9-brmedium65650.jpg,https://bioimages.vanderbilt.edu/gq/baskauf/gdipa9-brmedium65650.jpg
baskauf/65651,baskauf_65651.jpg,ind-baskauf/65629,Dirca palustris,bark,bark,of a medium tree or large branch,bark / of a medium tree or large branch,train,https://bioimages.vanderbilt.edu/tn/baskauf/tdipa9-brmedium65651.jpg,https://bioimages.vanderbilt.edu/gq/baskauf/gdipa9-brmedium65651.jpg
baskauf/65652,baskauf_65652.jpg,ind-baskauf/65629,Dirca palustris,bark,bark,of a medium tree or large branch,bark / of a medium tree or large branch,train,https://bioimages.vanderbilt.edu/tn/baskauf/tdipa9-brmedium65652.jpg,https://bioimages.vanderbilt.edu/gq/baskauf/gdipa9-brmedium65652.jpg
baskauf/65653,baskauf_65653.jpg,ind-baskauf/65629,Dirca palustris,bark,bark,of a small tree or small branch,bark / of a small tree or small branch,train,https://bioimages.vanderbilt.edu/tn/baskauf/tdipa9-brsmall65653.jpg,https://bioimages.vanderbilt.edu/gq/baskauf/gdipa9-brsmall65653.jpg
baskauf/65654,baskauf_65654.jpg,ind-baskauf/65629,Dirca palustris,bark,bark,of a small tree or small branch,bark / of a small tree or small branch,train,https://bioimages.vanderbilt.edu/tn/baskauf/tdipa9-brsmall65654.jpg,https://bioimages.vanderbilt.edu/gq/baskauf/gdipa9-brsmall65654.jpg
baskauf/65641,baskauf_65641.jpg,ind-baskauf/65629,Dirca palustris,fruit,fruit,immature,fruit / immature,train,https://bioimages.vanderbilt.edu/tn/baskauf/tdipa9-frdevel65641.jpg,https://bioimages.vanderbilt.edu/gq/baskauf/gdipa9-frdevel65641.jpg
baskauf/65644,baskauf_65644.jpg,ind-baskauf/65629,Dirca palustris,leaf,leaf,margin of upper + lower surface,leaf / margin of upper + lower surface,train,https://bioimages.vanderbilt.edu/tn/baskauf/tdipa9-lfmargin-uplow65644.jpg,https://bioimages.vanderbilt.edu/gq/baskauf/gdipa9-lfmargin-uplow65644.jpg
baskauf/65645,baskauf_65645.jpg,ind-baskauf/65629,Dirca palustris,leaf,leaf,margin of upper + lower surface,leaf / margin of upper + lower surface,train,https://bioimages.vanderbilt.edu/tn/baskauf/tdipa9-lfmargin-uplow65645.jpg,https://bioimages.vanderbilt.edu/gq/baskauf/gdipa9-lfmargin-uplow65645.jpg
baskauf/65631,baskauf_65631.jpg,ind-baskauf/65629,Dirca palustris,leaf,leaf,showing orientation on twig,leaf / showing orientation on twig,train,https://bioimages.vanderbilt.edu/tn/baskauf/tdipa9-lfseveral65631.jpg,https://bioimages.vanderbilt.edu/gq/baskauf/gdipa9-lfseveral65631.jpg
baskauf/65634,baskauf_65634.jpg,ind-baskauf/65629,Dirca palustris,leaf,leaf,showing orientation on twig,leaf / showing orientation on twig,train,https://bioimages.vanderbilt.edu/tn/baskauf/tdipa9-lfseveral65634.jpg,https://bioimages.vanderbilt.edu/gq/baskauf/gdipa9-lfseveral65634.jpg
baskauf/65637,baskauf_65637.jpg,ind-baskauf/65629,Dirca palustris,leaf,leaf,showing orientation on twig,leaf / showing orientation on twig,train,https://bioimages.vanderbilt.edu/tn/baskauf/tdipa9-lfseveral65637.jpg,https://bioimages.vanderbilt.edu/gq/baskauf/gdipa9-lfseveral65637.jpg
baskauf/65633,baskauf_65633.jpg,ind-baskauf/65629,Dirca palustris,leaf,leaf,whole upper surface,leaf / whole upper surface,train,https://bioimages.vanderbilt.edu/tn/baskauf/tdipa9-lf65633.jpg,https://bioimages.vanderbilt.edu/gq/baskauf/gdipa9-lf65633.jpg
baskauf/65642,baskauf_65642.jpg,ind-baskauf/65629,Dirca palustris,twig,twig,orientation of petioles,twig / orientation of petioles,train,https://bioimages.vanderbilt.edu/tn/baskauf/tdipa9-tw65642.jpg,https://bioimages.vanderbilt.edu/gq/baskauf/gdipa9-tw65642.jpg
baskauf/65647,baskauf_65647.jpg,ind-baskauf/65629,Dirca palustris,twig,twig,orientation of petioles,twig / orientation of petioles,train,https://bioimages.vanderbilt.edu/tn/baskauf/tdipa9-tw65647.jpg,https://bioimages.vanderbilt.edu/gq/baskauf/gdipa9-tw65647.jpg
baskauf/65649,baskauf_65649.jpg,ind-baskauf/65629,Dirca palustris,twig,twig,orientation of petioles,twig / orientation of petioles,train,https://bioimages.vanderbilt.edu/tn/baskauf/tdipa9-tw65649.jpg,https://bioimages.vanderbilt.edu/gq/baskauf/gdipa9-tw65649.jpg
baskauf/65655,baskauf_65655.jpg,ind-baskauf/65629,Dirca palustris,whole plant,whole tree (or vine),general,whole tree (or vine) / general,train,https://bioimages.vanderbilt.edu/tn/baskauf/tdipa9-wp65655.jpg,https://bioimages.vanderbilt.edu/gq/baskauf/gdipa9-wp65655.jpg
eickmeierwg/we565,eickmeierwg_we565.jpg,ind-eickmeierwg/we565,Dirca palustris,flower,inflorescence,whole - unspecified,inflorescence / whole - unspecified,train,https://bioimages.vanderbilt.edu/tn/eickmeierwg/tdipa9-flwe565.jpg,https://bioimages.vanderbilt.edu/gq/eickmeierwg/gdipa9-flwe565.jpg
baskauf/65657,baskauf_65657.jpg,ind-baskauf/65657,Dirca palustris,whole plant,whole tree (or vine),general,whole tree (or vine) / general,train,https://bioimages.vanderbilt.edu/tn/baskauf/tdipa9-wp65657.jpg,https://bioimages.vanderbilt.edu/gq/baskauf/gdipa9-wp65657.jpg
baskauf/65662,baskauf_65662.jpg,ind-baskauf/65662,Dirca palustris,whole plant,whole tree (or vine),general,whole tree (or vine) / general,train,https://bioimages.vanderbilt.edu/tn/baskauf/tdipa9-wp65662.jpg,https://bioimages.vanderbilt.edu/gq/baskauf/gdipa9-wp65662.jpg
baskauf/11463,baskauf_11463.jpg,ind-baskauf/11463,Tilia americana,bark,bark,of a large tree,bark / of a large tree,train,https://bioimages.vanderbilt.edu/tn/baskauf/ttiamh-brlarge-tree11463.jpg,https://bioimages.vanderbilt.edu/gq/baskauf/gtiamh-brlarge-tree11463.jpg
baskauf/11746,baskauf_11746.jpg,vanderbilt/6-89,Tilia americana,flower,inflorescence,frontal view of flower,inflorescence / frontal view of flower,train,https://bioimages.vanderbilt.edu/tn/baskauf/ttiamh-flclose11746.jpg,https://bioimages.vanderbilt.edu/gq/baskauf/gtiamh-flclose11746.jpg
baskauf/10670,baskauf_10670.jpg,vanderbilt/6-89,Tilia americana,flower,inflorescence,whole - unspecified,inflorescence / whole - unspecified,train,https://bioimages.vanderbilt.edu/tn/baskauf/ttiamh-flearly10670.jpg,https://bioimages.vanderbilt.edu/gq/baskauf/gtiamh-flearly10670.jpg
baskauf/11733,baskauf_11733.jpg,vanderbilt/6-89,Tilia americana,flower,inflorescence,whole - unspecified,inflorescence / whole - unspecified,train,https://bioimages.vanderbilt.edu/tn/baskauf/ttiamh-fldistant11733.jpg,https://bioimages.vanderbilt.edu/gq/baskauf/gtiamh-fldistant11733.jpg
baskauf/11744,baskauf_11744.jpg,vanderbilt/6-89,Tilia americana,flower,inflorescence,whole - unspecified,inflorescence / whole - unspecified,train,https://bioimages.vanderbilt.edu/tn/baskauf/ttiamh-flinflor11744.jpg,https://bioimages.vanderbilt.edu/gq/baskauf/gtiamh-flinflor11744.jpg
baskauf/15581,baskauf_15581.jpg,vanderbilt/6-89,Tilia americana,fruit,fruit,as borne on the plant,fruit / as borne on the plant,train,https://bioimages.vanderbilt.edu/tn/baskauf/ttiamh-fr15581.jpg,https://bioimages.vanderbilt.edu/gq/baskauf/gtiamh-fr15581.jpg
baskauf/10220,baskauf_10220.jpg,vanderbilt/6-89,Tilia americana,fruit,fruit,lateral or general close-up,fruit / lateral or general close-up,train,https://bioimages.vanderbilt.edu/tn/baskauf/ttiamh-frmature10220.jpg,https://bioimages.vanderbilt.edu/gq/baskauf/gtiamh-frmature10220.jpg
baskauf/15576,baskauf_15576.jpg,vanderbilt/6-89,Tilia americana,leaf,leaf,margin of upper + lower surface,leaf / margin of upper + lower surface,train,https://bioimages.vanderbilt.edu/tn/baskauf/ttiamh-lfmargin-uplow15576.jpg,https://bioimages.vanderbilt.edu/gq/baskauf/gtiamh-lfmargin-uplow15576.jpg
baskauf/11752,baskauf_11752.jpg,vanderbilt/6-89,Tilia americana,leaf,leaf,unspecified,leaf / unspecified,train,https://bioimages.vanderbilt.edu/tn/baskauf/ttiamh-lflower-more11752.jpg,https://bioimages.vanderbilt.edu/gq/baskauf/gtiamh-lflower-more11752.jpg
baskauf/11753,baskauf_11753.jpg,vanderbilt/6-89,Tilia americana,leaf,leaf,unspecified,leaf / unspecified,train,https://bioimages.vanderbilt.edu/tn/baskauf/ttiamh-lflower-hair11753.jpg,https://bioimages.vanderbilt.edu/gq/baskauf/gtiamh-lflower-hair11753.jpg
baskauf/11751,baskauf_11751.jpg,vanderbilt/6-89,Tilia americana,leaf,leaf,whole upper surface,leaf / whole upper surface,train,https://bioimages.vanderbilt.edu/tn/baskauf/ttiamh-lf11751.jpg,https://bioimages.vanderbilt.edu/gq/baskauf/gtiamh-lf11751.jpg
baskauf/16240,baskauf_16240.jpg,vanderbilt/6-89,Tilia americana,twig,twig,orientation of petioles,twig / orientation of petioles,train,https://bioimages.vanderbilt.edu/tn/baskauf/ttiamh-twbuds16240.jpg,https://bioimages.vanderbilt.edu/gq/baskauf/gtiamh-twbuds16240.jpg
baskauf/90902,baskauf_90902.jpg,vanderbilt/6-89,Tilia americana,whole plant,whole tree (or vine),general,whole tree (or vine) / general,train,https://bioimages.vanderbilt.edu/tn/baskauf/t90902.jpg,https://bioimages.vanderbilt.edu/gq/baskauf/g90902.jpg
baskauf/11464,baskauf_11464.jpg,ind-baskauf/11464,Tilia americana,leaf,leaf,showing orientation on twig,leaf / showing orientation on twig,train,https://bioimages.vanderbilt.edu/tn/baskauf/ttiamh-tw11464.jpg,https://bioimages.vanderbilt.edu/gq/baskauf/gtiamh-tw11464.jpg
baskauf/11645,baskauf_11645.jpg,ind-baskauf/11643,Tilia americana,leaf,leaf,showing orientation on twig,leaf / showing orientation on twig,train,https://bioimages.vanderbilt.edu/tn/baskauf/ttiamh-lfseveral11645.jpg,https://bioimages.vanderbilt.edu/gq/baskauf/gtiamh-lfseveral11645.jpg
baskauf/11643,baskauf_11643.jpg,ind-baskauf/11643,Tilia americana,leaf,leaf,whole upper surface,leaf / whole upper surface,train,https://bioimages.vanderbilt.edu/tn/baskauf/ttiamh-lf11643.jpg,https://bioimages.vanderbilt.edu/gq/baskauf/gtiamh-lf11643.jpg
baskauf/11644,baskauf_11644.jpg,ind-baskauf/11643,Tilia americana,leaf,leaf,whole upper surface,leaf / whole upper surface,train,https://bioimages.vanderbilt.edu/tn/baskauf/ttiamh-lflower-less11644.jpg,https://bioimages.vanderbilt.edu/gq/baskauf/gtiamh-lflower-less11644.jpg
baskauf/11646,baskauf_11646.jpg,ind-baskauf/11643,Tilia americana,twig,twig,orientation of petioles,twig / orientation of petioles,train,https://bioimages.vanderbilt.edu/tn/baskauf/ttiamh-tw11646.jpg,https://bioimages.vanderbilt.edu/gq/baskauf/gtiamh-tw11646.jpg
baskauf/16689,baskauf_16689.jpg,ind-baskauf/16689,Tilia americana,twig,twig,close-up winter terminal bud,twig / close-up winter terminal bud,train,https://bioimages.vanderbilt.edu/tn/baskauf/ttiamh-twwinter-bud16689.jpg,https://bioimages.vanderbilt.edu/gq/baskauf/gtiamh-twwinter-bud16689.jpg
baskauf/11653,baskauf_11653.jpg,ind-baskauf/11653,Tilia americana,twig,twig,orientation of petioles,twig / orientation of petioles,train,https://bioimages.vanderbilt.edu/tn/baskauf/ttiamh-twbud11653.jpg,https://bioimages.vanderbilt.edu/gq/baskauf/gtiamh-twbud11653.jpg
baskauf/11656,baskauf_11656.jpg,ind-baskauf/11653,Tilia americana,twig,twig,orientation of petioles,twig / orientation of petioles,train,https://bioimages.vanderbilt.edu/tn/baskauf/ttiamh-tw11656.jpg,https://bioimages.vanderbilt.edu/gq/baskauf/gtiamh-tw11656.jpg
baskauf/11469,baskauf_11469.jpg,ind-baskauf/11469,Tilia americana,whole plant,whole tree (or vine),general,whole tree (or vine) / general,train,https://bioimages.vanderbilt.edu/tn/baskauf/ttiamh-wproot-sprouts11469.jpg,https://bioimages.vanderbilt.edu/gq/baskauf/gtiamh-wproot-sprouts11469.jpg
baskauf/91146,baskauf_91146.jpg,vanderbilt/12-173,Tilia americana,whole plant,whole tree (or vine),general,whole tree (or vine) / general,train,https://bioimages.vanderbilt.edu/tn/baskauf/t91146.jpg,https://bioimages.vanderbilt.edu/gq/baskauf/g91146.jpg
baskauf/11666,baskauf_11666.jpg,ind-baskauf/11666,Tilia americana,whole plant,whole tree (or vine),unspecified,whole tree (or vine) / unspecified,train,https://bioimages.vanderbilt.edu/tn/baskauf/ttiamh-wproot-sprouts11666.jpg,https://bioimages.vanderbilt.edu/gq/baskauf/gtiamh-wproot-sprouts11666.jpg
baskauf/30988,baskauf_30988.jpg,ind-baskauf/30984,Celtis occidentalis,bark,bark,of a large tree,bark / of a large tree,test,https://bioimages.vanderbilt.edu/tn/baskauf/tceoco2brlarge30988.jpg,https://bioimages.vanderbilt.edu/gq/baskauf/gceoco2brlarge30988.jpg
baskauf/d0425,baskauf_d0425.jpg,ind-baskauf/30984,Celtis occidentalis,bark,bark,of a large tree,bark / of a large tree,test,https://bioimages.vanderbilt.edu/tn/baskauf/tceoco2brlarge-treed0425.jpg,https://bioimages.vanderbilt.edu/gq/baskauf/gceoco2brlarge-treed0425.jpg
baskauf/30990,baskauf_30990.jpg,ind-baskauf/30984,Celtis occidentalis,bark,bark,of a medium tree or large branch,bark / of a medium tree or large branch,test,https://bioimages.vanderbilt.edu/tn/baskauf/tceoco2brmedium30990.jpg,https://bioimages.vanderbilt.edu/gq/baskauf/gceoco2brmedium30990.jpg
baskauf/35446,baskauf_35446.jpg,ind-baskauf/30984,Celtis occidentalis,fruit,fruit,immature,fruit / immature,test,https://bioimages.vanderbilt.edu/tn/baskauf/tceoco2frdevel35446.jpg,https://bioimages.vanderbilt.edu/gq/baskauf/gceoco2frdevel35446.jpg
baskauf/35450,baskauf_35450.jpg,ind-baskauf/30984,Celtis occidentalis,leaf,leaf,margin of upper + lower surface,leaf / margin of upper + lower surface,test,https://bioimages.vanderbilt.edu/tn/baskauf/tceoco2lfmargin-uplow35450.jpg,https://bioimages.vanderbilt.edu/gq/baskauf/gceoco2lfmargin-uplow35450.jpg
baskauf/d0426,baskauf_d0426.jpg,ind-baskauf/30984,Celtis occidentalis,leaf,leaf,showing orientation on twig,leaf / showing orientation on twig,test,https://bioimages.vanderbilt.edu/tn/baskauf/tceoco2lfseverald0426.jpg,https://bioimages.vanderbilt.edu/gq/baskauf/gceoco2lfseverald0426.jpg
baskauf/35448,baskauf_35448.jpg,ind-baskauf/30984,Celtis occidentalis,leaf,leaf,whole upper surface,leaf / whole upper surface,test,https://bioimages.vanderbilt.edu/tn/baskauf/tceoco2lf35448.jpg,https://bioimages.vanderbilt.edu/gq/baskauf/gceoco2lf35448.jpg
baskauf/30984,baskauf_30984.jpg,ind-baskauf/30984,Celtis occidentalis,twig,twig,winter overall,twig / winter overall,test,https://bioimages.vanderbilt.edu/tn/baskauf/tceoco2tw30984.jpg,https://bioimages.vanderbilt.edu/gq/baskauf/gceoco2tw30984.jpg
baskauf/35439,baskauf_35439.jpg,ind-baskauf/30984,Celtis occidentalis,whole plant,whole tree (or vine),general,whole tree (or vine) / general,test,https://bioimages.vanderbilt.edu/tn/baskauf/tceoco2wp35439.jpg,https://bioimages.vanderbilt.edu/gq/baskauf/gceoco2wp35439.jpg
baskauf/d0420,baskauf_d0420.jpg,ind-baskauf/30984,Celtis occidentalis,whole plant,whole tree (or vine),general,whole tree (or vine) / general,test,https://bioimages.vanderbilt.edu/tn/baskauf/tceoco2wplarged0420.jpg,https://bioimages.vanderbilt.edu/gq/baskauf/gceoco2wplarged0420.jpg
baskauf/50993,baskauf_50993.jpg,vanderbilt/12-33,Celtis occidentalis,flower,inflorescence,lateral view of flower,inflorescence / lateral view of flower,test,https://bioimages.vanderbilt.edu/tn/baskauf/tceoco2fl50993.jpg,https://bioimages.vanderbilt.edu/gq/baskauf/gceoco2fl50993.jpg
baskauf/50992,baskauf_50992.jpg,vanderbilt/12-33,Celtis occidentalis,flower,inflorescence,whole - unspecified,inflorescence / whole - unspecified,test,https://bioimages.vanderbilt.edu/tn/baskauf/tceoco2flinflor50992.jpg,https://bioimages.vanderbilt.edu/gq/baskauf/gceoco2flinflor50992.jpg
ssmv/2-253-03,ssmv_2-253-03.jpg,vanderbilt/4-216,Celtis occidentalis,leaf,leaf,showing orientation on twig,leaf / showing orientation on twig,test,https://bioimages.vanderbilt.edu/tn/ssmv/t2-253-03.jpg,https://bioimages.vanderbilt.edu/gq/ssmv/g2-253-03.jpg
ssmv/2-253-01,ssmv_2-253-01.jpg,vanderbilt/4-216,Celtis occidentalis,whole plant,whole tree (or vine),general,whole tree (or vine) / general,test,https://bioimages.vanderbilt.edu/tn/ssmv/t2-253-01.jpg,https://bioimages.vanderbilt.edu/gq/ssmv/g2-253-01.jpg
ssmv/2-253-02,ssmv_2-253-02.jpg,vanderbilt/4-216,Celtis occidentalis,whole plant,whole tree (or vine),view up trunk,whole tree (or vine) / view up trunk,test,https://bioimages.vanderbilt.edu/tn/ssmv/t2-253-02.jpg,https://bioimages.vanderbilt.edu/gq/ssmv/g2-253-02.jpg
ssmv/2-253-04,ssmv_2-253-04.jpg,vanderbilt/4-216,Celtis occidentalis,whole plant,whole tree (or vine),view up trunk,whole tree (or vine) / view up trunk,test,https://bioimages.vanderbilt.edu/tn/ssmv/t2-253-04.jpg,https://bioimages.vanderbilt.edu/gq/ssmv/g2-253-04.jpg
baskauf/91122,baskauf_91122.jpg,vanderbilt/12-32,Celtis occidentalis,whole plant,whole tree (or vine),general,whole tree (or vine) / general,test,https://bioimages.vanderbilt.edu/tn/baskauf/t91122.jpg,https://bioimages.vanderbilt.edu/gq/baskauf/g91122.jpg
baskauf/12246,baskauf_12246.jpg,vanderbilt/13-27,Ulmus americana,bark,bark,of a large tree,bark / of a large tree,train,https://bioimages.vanderbilt.edu/tn/baskauf/tulam--br12246.jpg,https://bioimages.vanderbilt.edu/gq/baskauf/gulam--br12246.jpg
baskauf/12242,baskauf_12242.jpg,vanderbilt/13-27,Ulmus americana,whole plant,whole tree (or vine),general,whole tree (or vine) / general,train,https://bioimages.vanderbilt.edu/tn/baskauf/tulam--wplarge12242.jpg,https://bioimages.vanderbilt.edu/gq/baskauf/gulam--wplarge12242.jpg
baskauf/11690,baskauf_11690.jpg,ind-baskauf/11687,Ulmus americana,bark,bark,of a small tree or small branch,bark / of a small tree or small branch,train,https://bioimages.vanderbilt.edu/tn/baskauf/tulam--brsmall11690.jpg,https://bioimages.vanderbilt.edu/gq/baskauf/gulam--brsmall11690.jpg
baskauf/11689,baskauf_11689.jpg,ind-baskauf/11687,Ulmus americana,leaf,leaf,margin of upper + lower surface,leaf / margin of upper + lower surface,train,https://bioimages.vanderbilt.edu/tn/baskauf/tulam--lflower11689.jpg,https://bioimages.vanderbilt.edu/gq/baskauf/gulam--lflower11689.jpg
baskauf/11687,baskauf_11687.jpg,ind-baskauf/11687,Ulmus americana,leaf,leaf,showing orientation on twig,leaf / showing orientation on twig,train,https://bioimages.vanderbilt.edu/tn/baskauf/tulam--lfseveral11687.jpg,https://bioimages.vanderbilt.edu/gq/baskauf/gulam--lfseveral11687.jpg
baskauf/11688,baskauf_11688.jpg,ind-baskauf/11687,Ulmus americana,leaf,leaf,whole upper surface,leaf / whole upper surface,train,https://bioimages.vanderbilt.edu/tn/baskauf/tulam--lf11688.jpg,https://bioimages.vanderbilt.edu/gq/baskauf/gulam--lf11688.jpg
baskauf/16195,baskauf_16195.jpg,ind-baskauf/16195,Ulmus americana,bark,bark,unspecified,bark / unspecified,train,https://bioimages.vanderbilt.edu/tn/baskauf/tulam--brstripe-chr16195.jpg,https://bioimages.vanderbilt.edu/gq/baskauf/gulam--brstripe-chr16195.jpg
baskauf/10343,baskauf_10343.jpg,ind-baskauf/10341,Ulmus americana,flower,inflorescence,whole - unspecified,inflorescence / whole - unspecified,train,https://bioimages.vanderbilt.edu/tn/baskauf/tulam--flin-flower10343.jpg,https://bioimages.vanderbilt.edu/gq/baskauf/gulam--flin-flower10343.jpg
baskauf/10344,baskauf_10344.jpg,ind-baskauf/10341,Ulmus americana,flower,inflorescence,whole - unspecified,inflorescence / whole - unspecified,train,https://bioimages.vanderbilt.edu/tn/baskauf/tulam--flin-flower10344.jpg,https://bioimages.vanderbilt.edu/gq/baskauf/gulam--flin-flower10344.jpg
baskauf/10341,baskauf_10341.jpg,ind-baskauf/10341,Ulmus americana,whole plant,whole tree (or vine),winter,whole tree (or vine) / winter,train,https://bioimages.vanderbilt.edu/tn/baskauf/tulam--wpspring10341.jpg,https://bioimages.vanderbilt.edu/gq/baskauf/gulam--wpspring10341.jpg
baskauf/17569,baskauf_17569.jpg,ind-baskauf/17569,Ulmus americana,flower,inflorescence,whole - unspecified,inflorescence / whole - unspecified,train,https://bioimages.vanderbilt.edu/tn/baskauf/tulam--fl17569.jpg,https://bioimages.vanderbilt.edu/gq/baskauf/gulam--fl17569.jpg
baskauf/18004,baskauf_18004.jpg,ind-baskauf/18004,Ulmus americana,fruit,fruit,immature,fruit / immature,train,https://bioimages.vanderbilt.edu/tn/baskauf/tulam--frdevel18004.jpg,https://bioimages.vanderbilt.edu/gq/baskauf/gulam--frdevel18004.jpg
baskauf/50606,baskauf_50606.jpg,ind-baskauf/50603,Ulmus americana,fruit,fruit,immature,fruit / immature,train,https://bioimages.vanderbilt.edu/tn/baskauf/tulam--frdevel50606.jpg,https://bioimages.vanderbilt.edu/gq/baskauf/gulam--frdevel50606.jpg
baskauf/10380,baskauf_10380.jpg,ind-baskauf/10380,Ulmus americana,fruit,fruit,lateral or general close-up,fruit / lateral or general close-up,train,https://bioimages.vanderbilt.edu/tn/baskauf/tulam--frdevel10380.jpg,https://bioimages.vanderbilt.edu/gq/baskauf/gulam--frdevel10380.jpg
baskauf/18483,baskauf_18483.jpg,ind-baskauf/18483,Ulmus americana,fruit,fruit,lateral or general close-up,fruit / lateral or general close-up,train,https://bioimages.vanderbilt.edu/tn/baskauf/tulam--frdevel18483.jpg,https://bioimages.vanderbilt.edu/gq/baskauf/gulam--frdevel18483.jpg
baskauf/19631,baskauf_19631.jpg,vanderbilt/6-126,Ulmus americana,fruit,fruit,lateral or general close-up,fruit / lateral or general close-up,train,https://bioimages.vanderbilt.edu/tn/baskauf/tulam--frmature19631.jpg,https://bioimages.vanderbilt.edu/gq/baskauf/gulam--frmature19631.jpg
baskauf/89363,baskauf_89363.jpg,vanderbilt/6-126,Ulmus americana,whole plant,whole tree (or vine),winter,whole tree (or vine) / winter,train,https://bioimages.vanderbilt.edu/tn/baskauf/t89363.jpg,https://bioimages.vanderbilt.edu/gq/baskauf/g89363.jpg
baskauf/20950,baskauf_20950.jpg,ind-baskauf/20950,Ulmus americana,fruit,fruit,unspecified,fruit / unspecified,train,https://bioimages.vanderbilt.edu/tn/baskauf/tulam--frmass-on-grnd20950.jpg,https://bioimages.vanderbilt.edu/gq/baskauf/gulam--frmass-on-grnd20950.jpg
baskauf/15230,baskauf_15230.jpg,vanderbilt/7-175,Ulmus americana,leaf,leaf,margin of upper + lower surface,leaf / margin of upper + lower surface,train,https://bioimages.vanderbilt.edu/tn/baskauf/tulam--lfmargin-uplow15230.jpg,https://bioimages.vanderbilt.edu/gq/baskauf/gulam--lfmargin-uplow15230.jpg
baskauf/15227,baskauf_15227.jpg,vanderbilt/7-175,Ulmus americana,leaf,leaf,showing orientation on twig,leaf / showing orientation on twig,train,https://bioimages.vanderbilt.edu/tn/baskauf/tulam--lfseveral15227.jpg,https://bioimages.vanderbilt.edu/gq/baskauf/gulam--lfseveral15227.jpg
baskauf/55139,baskauf_55139.jpg,vanderbilt/7-175,Ulmus americana,leaf,leaf,showing orientation on twig,leaf / showing orientation on twig,train,https://bioimages.vanderbilt.edu/tn/baskauf/tulam--twno-flower-buds-dist55139.jpg,https://bioimages.vanderbilt.edu/gq/baskauf/gulam--twno-flower-buds-dist55139.jpg
baskauf/55141,baskauf_55141.jpg,vanderbilt/7-175,Ulmus americana,leaf,leaf,showing orientation on twig,leaf / showing orientation on twig,train,https://bioimages.vanderbilt.edu/tn/baskauf/tulam--twno-flower-buds55141.jpg,https://bioimages.vanderbilt.edu/gq/baskauf/gulam--twno-flower-buds55141.jpg
baskauf/15235,baskauf_15235.jpg,vanderbilt/7-175,Ulmus americana,leaf,leaf,unspecified,leaf / unspecified,train,https://bioimages.vanderbilt.edu/tn/baskauf/tulam--lfoblique-base15235.jpg,https://bioimages.vanderbilt.edu/gq/baskauf/gulam--lfoblique-base15235.jpg
baskauf/15238,baskauf_15238.jpg,vanderbilt/7-175,Ulmus americana,leaf,leaf,whole upper surface,leaf / whole upper surface,train,https://bioimages.vanderbilt.edu/tn/baskauf/tulam--lf15238.jpg,https://bioimages.vanderbilt.edu/gq/baskauf/gulam--lf15238.jpg
baskauf/15241,baskauf_15241.jpg,vanderbilt/7-175,Ulmus americana,twig,twig,orientation of petioles,twig / orientation of petioles,train,https://bioimages.vanderbilt.edu/tn/baskauf/tulam--tw15241.jpg,https://bioimages.vanderbilt.edu/gq/baskauf/gulam--tw15241.jpg
baskauf/15652,baskauf_15652.jpg,vanderbilt/7-175,Ulmus americana,twig,twig,orientation of petioles,twig / orientation of petioles,train,https://bioimages.vanderbilt.edu/tn/baskauf/tulam--tw15652.jpg,https://bioimages.vanderbilt.edu/gq/baskauf/gulam--tw15652.jpg
baskauf/90762,baskauf_90762.jpg,vanderbilt/10-158,Ulmus americana,whole plant,whole tree (or vine),general,whole tree (or vine) / general,train,https://bioimages.vanderbilt.edu/tn/baskauf/t90762.jpg,https://bioimages.vanderbilt.edu/gq/baskauf/g90762.jpg
baskauf/90807,baskauf_90807.jpg,vanderbilt/8-77,Ulmus americana,whole plant,whole tree (or vine),general,whole tree (or vine) / general,train,https://bioimages.vanderbilt.edu/tn/baskauf/t90807.jpg,https://bioimages.vanderbilt.edu/gq/baskauf/g90807.jpg
baskauf/90809,baskauf_90809.jpg,vanderbilt/8-77,Ulmus americana,whole plant,whole tree (or vine),general,whole tree (or vine) / general,train,https://bioimages.vanderbilt.edu/tn/baskauf/t90809.jpg,https://bioimages.vanderbilt.edu/gq/baskauf/g90809.jpg
baskauf/90812,baskauf_90812.jpg,vanderbilt/8-77,Ulmus americana,whole plant,whole tree (or vine),view up trunk,whole tree (or vine) / view up trunk,train,https://bioimages.vanderbilt.edu/tn/baskauf/t90812.jpg,https://bioimages.vanderbilt.edu/gq/baskauf/g90812.jpg
baskauf/90814,baskauf_90814.jpg,vanderbilt/8-77,Ulmus americana,whole plant,whole tree (or vine),view up trunk,whole tree (or vine) / view up trunk,train,https://bioimages.vanderbilt.edu/tn/baskauf/t90814.jpg,https://bioimages.vanderbilt.edu/gq/baskauf/g90814.jpg
baskauf/90975,baskauf_90975.jpg,vanderbilt/3-63,Ulmus americana,whole plant,whole tree (or vine),general,whole tree (or vine) / general,train,https://bioimages.vanderbilt.edu/tn/baskauf/t90975.jpg,https://bioimages.vanderbilt.edu/gq/baskauf/g90975.jpg
baskauf/89388,baskauf_89388.jpg,vanderbilt/3-63,Ulmus americana,whole plant,whole tree (or vine),winter,whole tree (or vine) / winter,train,https://bioimages.vanderbilt.edu/tn/baskauf/t89388.jpg,https://bioimages.vanderbilt.edu/gq/baskauf/g89388.jpg
baskauf/91081,baskauf_91081.jpg,vanderbilt/2-30,Ulmus americana,whole plant,whole tree (or vine),general,whole tree (or vine) / general,train,https://bioimages.vanderbilt.edu/tn/baskauf/t91081.jpg,https://bioimages.vanderbilt.edu/gq/baskauf/g91081.jpg
baskauf/91107,baskauf_91107.jpg,vanderbilt/12-8,Ulmus americana,whole plant,whole tree (or vine),general,whole tree (or vine) / general,train,https://bioimages.vanderbilt.edu/tn/baskauf/t91107.jpg,https://bioimages.vanderbilt.edu/gq/baskauf/g91107.jpg
baskauf/91154,baskauf_91154.jpg,vanderbilt/12-222,Ulmus americana,whole plant,whole tree (or vine),general,whole tree (or vine) / general,train,https://bioimages.vanderbilt.edu/tn/baskauf/t91154.jpg,https://bioimages.vanderbilt.edu/gq/baskauf/g91154.jpg
baskauf/11336,baskauf_11336.jpg,ind-baskauf/10991,Ulmus rubra,bark,bark,of a large tree,bark / of a large tree,train,https://bioimages.vanderbilt.edu/tn/baskauf/tulru--brlarge11336.jpg,https://bioimages.vanderbilt.edu/gq/baskauf/gulru--brlarge11336.jpg
baskauf/16201,baskauf_16201.jpg,ind-baskauf/10991,Ulmus rubra,bark,bark,unspecified,bark / unspecified,train,https://bioimages.vanderbilt.edu/tn/baskauf/tulru--brnostripe-chr16201.jpg,https://bioimages.vanderbilt.edu/gq/baskauf/gulru--brnostripe-chr16201.jpg
baskauf/19579,baskauf_19579.jpg,ind-baskauf/10991,Ulmus rubra,fruit,fruit,as borne on the plant,fruit / as borne on the plant,train,https://bioimages.vanderbilt.edu/tn/baskauf/tulru--frmass19579.jpg,https://bioimages.vanderbilt.edu/gq/baskauf/gulru--frmass19579.jpg
baskauf/19835,baskauf_19835.jpg,ind-baskauf/10991,Ulmus rubra,fruit,fruit,lateral or general close-up,fruit / lateral or general close-up,train,https://bioimages.vanderbilt.edu/tn/baskauf/tulru--frmature19835.jpg,https://bioimages.vanderbilt.edu/gq/baskauf/gulru--frmature19835.jpg
baskauf/19886,baskauf_19886.jpg,ind-baskauf/10991,Ulmus rubra,fruit,fruit,lateral or general close-up,fruit / lateral or general close-up,train,https://bioimages.vanderbilt.edu/tn/baskauf/tulru--frmature-dry19886.jpg,https://bioimages.vanderbilt.edu/gq/baskauf/gulru--frmature-dry19886.jpg
baskauf/10991,baskauf_10991.jpg,ind-baskauf/10991,Ulmus rubra,whole plant,whole tree (or vine),general,whole tree (or vine) / general,train,https://bioimages.vanderbilt.edu/tn/baskauf/tulru--wplarge10991.jpg,https://bioimages.vanderbilt.edu/gq/baskauf/gulru--wplarge10991.jpg
baskauf/17959,baskauf_17959.jpg,ind-baskauf/17959,Ulmus rubra,flower,inflorescence,whole - unspecified,inflorescence / whole - unspecified,train,https://bioimages.vanderbilt.edu/tn/baskauf/tulru--fl17959.jpg,https://bioimages.vanderbilt.edu/gq/baskauf/gulru--fl17959.jpg
baskauf/15175,baskauf_15175.jpg,ind-baskauf/15172,Ulmus rubra,leaf,leaf,margin of upper + lower surface,leaf / margin of upper + lower surface,train,https://bioimages.vanderbilt.edu/tn/baskauf/tulru--lfmargin-uplow15175.jpg,https://bioimages.vanderbilt.edu/gq/baskauf/gulru--lfmargin-uplow15175.jpg
baskauf/15176,baskauf_15176.jpg,ind-baskauf/15172,Ulmus rubra,leaf,leaf,showing orientation on twig,leaf / showing orientation on twig,train,https://bioimages.vanderbilt.edu/tn/baskauf/tulru--lfseveral15176.jpg,https://bioimages.vanderbilt.edu/gq/baskauf/gulru--lfseveral15176.jpg
baskauf/15172,baskauf_15172.jpg,ind-baskauf/15172,Ulmus rubra,leaf,leaf,unspecified,leaf / unspecified,train,https://bioimages.vanderbilt.edu/tn/baskauf/tulru--lfoblique-base15172.jpg,https://bioimages.vanderbilt.edu/gq/baskauf/gulru--lfoblique-base15172.jpg
baskauf/15180,baskauf_15180.jpg,ind-baskauf/15172,Ulmus rubra,twig,twig,orientation of petioles,twig / orientation of petioles,train,https://bioimages.vanderbilt.edu/tn/baskauf/tulru--tw15180.jpg,https://bioimages.vanderbilt.edu/gq/baskauf/gulru--tw15180.jpg
baskauf/11037,baskauf_11037.jpg,ind-baskauf/11037,Ulmus rubra,leaf,leaf,showing orientation on twig,leaf / showing orientation on twig,train,https://bioimages.vanderbilt.edu/tn/baskauf/tulru--lfseveral11037.jpg,https://bioimages.vanderbilt.edu/gq/baskauf/gulru--lfseveral11037.jpg
baskauf/11038,baskauf_11038.jpg,ind-baskauf/11037,Ulmus rubra,leaf,leaf,whole upper surface,leaf / whole upper surface,train,https://bioimages.vanderbilt.edu/tn/baskauf/tulru--lf11038.jpg,https://bioimages.vanderbilt.edu/gq/baskauf/gulru--lf11038.jpg
baskauf/15912,baskauf_15912.jpg,ind-baskauf/15912,Ulmus rubra,twig,twig,orientation of petioles,twig / orientation of petioles,train,https://bioimages.vanderbilt.edu/tn/baskauf/tulru--tw15912.jpg,https://bioimages.vanderbilt.edu/gq/baskauf/gulru--tw15912.jpg
baskauf/11320,baskauf_11320.jpg,ind-baskauf/11320,Ulmus rubra,whole plant,whole tree (or vine),general,whole tree (or vine) / general,train,https://bioimages.vanderbilt.edu/tn/baskauf/tulru--wpsmall11320.jpg,https://bioimages.vanderbilt.edu/gq/baskauf/gulru--wpsmall11320.jpg
