image_id,file,species,organ_category,subview,primary_label,group,individual_id,shot_scale,shot_scale_confidence,shot_scale_rationale,source_distant_evidence,gemma_distant_evidence,source_mid_evidence,gemma_mid_evidence,source_close_evidence,gemma_close_evidence,needs_scale_review,leaf_state,reproductive_visibility,background_context
baskauf/10897,baskauf_10897.jpg,Acer negundo,whole tree (or vine),general,whole tree (or vine) / general,whole-tree,ind-baskauf/10897,distant,medium,Whole organism or crown is visible with scene context.,BioImages group: whole-tree,,,Gemma: contextual woody structure + visible subject,,,True,leaf-on,not-visible,unspecified
baskauf/54849,baskauf_54849.jpg,Acer negundo,whole tree (or vine),general,whole tree (or vine) / general,whole-tree,ind-baskauf/54847,distant,high,Whole organism or crown is visible with scene context.,BioImages group: whole-tree,Gemma: whole plant | Gemma free tag: tree crown,,Gemma: contextual woody structure + visible subject,,,False,leaf-on,not-visible,unspecified
baskauf/54851,baskauf_54851.jpg,Acer negundo,whole tree (or vine),general,whole tree (or vine) / general,whole-tree,ind-baskauf/54847,distant,high,Whole organism or crown is visible with scene context.,BioImages group: whole-tree,Gemma: whole plant,,Gemma: contextual woody structure + visible subject,,,False,leaf-on,not-visible,unspecified
baskauf/54881,baskauf_54881.jpg,Acer negundo,whole tree (or vine),general,whole tree (or vine) / general,whole-tree,vanderbilt/12-43,distant,high,Whole organism or crown is visible with scene context.,BioImages group: whole-tree,Gemma: whole plant,,Gemma: contextual woody structure + visible subject,,,False,leaf-on,not-visible,unspecified
baskauf/54884,baskauf_54884.jpg,Acer negundo,whole tree (or vine),general,whole tree (or vine) / general,whole-tree,vanderbilt/12-43,distant,high,Whole organism or crown is visible with scene context.,BioImages group: whole-tree,Gemma: whole plant,,Gemma: contextual woody structure + visible subject,,,False,leaf-on,not-visible,environmental
baskauf/91000,baskauf_91000.jpg,Acer negundo,whole tree,general,whole tree / general,whole-tree,vanderbilt/9-16,distant,high,Whole organism or crown is visible with scene context.,BioImages group: whole-tree,Gemma: whole plant | Gemma free tag: full tree,,Gemma: contextual woody structure + visible subject,,,False,leaf-on,not-visible,environmental
baskauf/13161,baskauf_13161.jpg,Acer negundo,whole tree (or vine),view up trunk,whole tree (or vine) / view up trunk,whole-tree,ind-baskauf/13159,distant,medium,Whole organism or crown is visible with scene context.,BioImages group: whole-tree,,,Gemma: contextual woody structure + visible subject,,,True,leaf-on,not-visible,unspecified
baskauf/89403,baskauf_89403.jpg,Acer negundo,whole tree (or vine),winter,whole tree (or vine) / winter,whole-tree,vanderbilt/9-16,distant,high,Whole organism or crown is visible with scene context.,BioImages group: whole-tree,Gemma: whole plant,,,,,False,leaf-off,not-visible,environmental
baskauf/13160,baskauf_13160.jpg,Acer negundo,bark,of a large tree,bark / of a large tree,bark,ind-baskauf/13159,close-up,medium,"A diagnostic organ, surface, or fine detail is the main subject.",,,,,,Gemma free tag: close-up,True,not-visible,not-visible,unspecified
baskauf/15320,baskauf_15320.jpg,Acer negundo,bark,of a small tree or small branch,bark / of a small tree or small branch,bark,ind-baskauf/15307,close-up,medium,"A diagnostic organ, surface, or fine detail is the main subject.",,,BioImages subview: of a small tree or small branch,,,Gemma free tag: close-up,True,not-visible,not-visible,unspecified
baskauf/16050,baskauf_16050.jpg,Acer negundo,bark,of a small tree or small branch,bark / of a small tree or small branch,bark,ind-baskauf/16046,close-up,medium,"A diagnostic organ, surface, or fine detail is the main subject.",,,BioImages subview: of a small tree or small branch,Gemma: contextual woody structure + visible subject,,Gemma free tag: close-up,True,leaf-off,not-visible,unspecified
baskauf/15308,baskauf_15308.jpg,Acer negundo,twig,orientation of petioles,twig / orientation of petioles,twig,ind-baskauf/15307,close-up,medium,"A diagnostic organ, surface, or fine detail is the main subject.",,,BioImages subview: orientation of petioles,Gemma: contextual woody structure + visible subject,,Gemma free tag: close-up,True,leaf-on,not-visible,unspecified
baskauf/16046,baskauf_16046.jpg,Acer negundo,twig,unspecified,twig / unspecified,twig,ind-baskauf/16046,mid-range,medium,"A branch system or contextual plant part is visible, without the whole organism.",,,,Gemma: contextual woody structure + visible subject,,,True,mixed,not-visible,unspecified
baskauf/15316,baskauf_15316.jpg,Acer negundo,leaf,margin of upper + lower surface,leaf / margin of upper + lower surface,leaf,ind-baskauf/15307,close-up,high,"A diagnostic organ, surface, or fine detail is the main subject.",,,,Gemma: contextual woody structure + visible subject,BioImages subview: margin of upper + lower surface,Gemma: leaf upper surface | Gemma free tag: close-up,False,leaf-on,not-visible,unspecified
baskauf/54876,baskauf_54876.jpg,Acer negundo,leaf,margin of upper + lower surface,leaf / margin of upper + lower surface,leaf,vanderbilt/12-43,close-up,high,"A diagnostic organ, surface, or fine detail is the main subject.",,,,,BioImages subview: margin of upper + lower surface,Gemma: leaf margin | Gemma: leaf upper surface | Gemma free tag: close-up,False,leaf-on,not-visible,unspecified
baskauf/15307,baskauf_15307.jpg,Acer negundo,leaf,whole upper surface,leaf / whole upper surface,leaf,ind-baskauf/15307,close-up,high,"A diagnostic organ, surface, or fine detail is the main subject.",,,,Gemma: contextual woody structure + visible subject,BioImages subview: whole upper surface,Gemma free tag: close-up,False,leaf-on,visible,unspecified
baskauf/15313,baskauf_15313.jpg,Acer negundo,leaf,whole upper surface,leaf / whole upper surface,leaf,ind-baskauf/15307,close-up,high,"A diagnostic organ, surface, or fine detail is the main subject.",,,,Gemma: contextual woody structure + visible subject,BioImages subview: whole upper surface,Gemma: leaf upper surface | Gemma: petiole arrangement | Gemma free tag: close-up,False,leaf-on,not-visible,unspecified
baskauf/29689,baskauf_29689.jpg,Acer negundo,leaf,whole upper surface,leaf / whole upper surface,leaf,ind-baskauf/29686,close-up,medium,"A diagnostic organ, surface, or fine detail is the main subject.",,,,Gemma: contextual woody structure + visible subject,BioImages subview: whole upper surface,,True,leaf-on,not-visible,unspecified
baskauf/29691,baskauf_29691.jpg,Acer negundo,leaf,whole upper surface,leaf / whole upper surface,leaf,ind-baskauf/29686,close-up,high,"A diagnostic organ, surface, or fine detail is the main subject.",,,,Gemma: contextual woody structure + visible subject,BioImages subview: whole upper surface,Gemma: leaf upper surface | Gemma free tag: close-up,False,leaf-on,not-visible,unspecified
baskauf/54874,baskauf_54874.jpg,Acer negundo,leaf,whole upper surface,leaf / whole upper surface,leaf,vanderbilt/12-43,close-up,high,"A diagnostic organ, surface, or fine detail is the main subject.",,,,Gemma: contextual woody structure + visible subject,BioImages subview: whole upper surface,Gemma: leaf upper surface,False,leaf-on,not-visible,unspecified
baskauf/54962,baskauf_54962.jpg,Acer negundo,leaf,whole upper surface,leaf / whole upper surface,leaf,vanderbilt/12-43,close-up,high,"A diagnostic organ, surface, or fine detail is the main subject.",,,,,BioImages subview: whole upper surface,Gemma: leaf upper surface | Gemma free tag: close-up,False,leaf-on,not-visible,unspecified
baskauf/54969,baskauf_54969.jpg,Acer negundo,leaf,whole upper surface,leaf / whole upper surface,leaf,vanderbilt/12-43,close-up,high,"A diagnostic organ, surface, or fine detail is the main subject.",,,,Gemma: contextual woody structure + visible subject,BioImages subview: whole upper surface,Gemma: leaf margin,False,leaf-on,not-visible,unspecified
baskauf/54970,baskauf_54970.jpg,Acer negundo,leaf,whole upper surface,leaf / whole upper surface,leaf,vanderbilt/12-43,close-up,high,"A diagnostic organ, surface, or fine detail is the main subject.",,,,,BioImages subview: whole upper surface,Gemma: leaf upper surface,False,leaf-on,not-visible,unspecified
baskauf/54972,baskauf_54972.jpg,Acer negundo,leaf,whole upper surface,leaf / whole upper surface,leaf,vanderbilt/12-43,close-up,high,"A diagnostic organ, surface, or fine detail is the main subject.",,,,Gemma: contextual woody structure + visible subject,BioImages subview: whole upper surface,Gemma: leaf upper surface,False,leaf-on,not-visible,unspecified
baskauf/31641,baskauf_31641.jpg,Acer negundo,inflorescence,lateral view of flower,inflorescence / lateral view of flower,flower,ind-baskauf/31636,close-up,high,"A diagnostic organ, surface, or fine detail is the main subject.",,,,Gemma: contextual woody structure + visible subject,BioImages subview: lateral view of flower,Gemma: flower close-up | Gemma free tag: close-up,False,not-visible,visible,unspecified
baskauf/31637,baskauf_31637.jpg,Acer negundo,inflorescence,whole - unspecified,inflorescence / whole - unspecified,flower,ind-baskauf/31636,distant,medium,Whole organism or crown is visible with scene context.,,Gemma: whole plant,,Gemma: contextual woody structure + visible subject,,,True,leaf-off,not-visible,environmental
baskauf/31644,baskauf_31644.jpg,Acer negundo,inflorescence,whole - unspecified,inflorescence / whole - unspecified,flower,ind-baskauf/31636,close-up,medium,"A diagnostic organ, surface, or fine detail is the main subject.",,,,Gemma: contextual woody structure + visible subject,,Gemma: flower close-up | Gemma free tag: close-up,True,not-visible,visible,unspecified
baskauf/13159,baskauf_13159.jpg,Acer negundo,fruit,as borne on the plant,fruit / as borne on the plant,fruit,ind-baskauf/13159,close-up,medium,"A diagnostic organ, surface, or fine detail is the main subject.",,,BioImages subview: as borne on the plant,Gemma: contextual woody structure + visible subject,,Gemma free tag: close-up,True,leaf-on,visible,unspecified
baskauf/28499,baskauf_28499.jpg,Acer negundo,fruit,as borne on the plant,fruit / as borne on the plant,fruit,ind-baskauf/28499,mid-range,high,"A branch system or contextual plant part is visible, without the whole organism.",,,BioImages subview: as borne on the plant,Gemma: contextual woody structure + visible subject,,,False,leaf-on,visible,unspecified
baskauf/18234,baskauf_18234.jpg,Acer negundo,fruit,immature,fruit / immature,fruit,ind-baskauf/18230,close-up,medium,"A diagnostic organ, surface, or fine detail is the main subject.",,,,Gemma: contextual woody structure + visible subject,,Gemma: fruit close-up | Gemma free tag: close-up,True,not-visible,visible,unspecified
baskauf/43400,baskauf_43400.jpg,Acer nigrum,whole tree (or vine),general,whole tree (or vine) / general,whole-tree,vanderbilt/8-68,distant,high,Whole organism or crown is visible with scene context.,BioImages group: whole-tree,Gemma: whole plant | Gemma free tag: tree crown,,Gemma: contextual woody structure + visible subject,,,False,leaf-on,not-visible,unspecified
baskauf/43402,baskauf_43402.jpg,Acer nigrum,whole tree (or vine),view up trunk,whole tree (or vine) / view up trunk,whole-tree,vanderbilt/8-68,distant,medium,Whole organism or crown is visible with scene context.,BioImages group: whole-tree,,,Gemma: contextual woody structure + visible subject,,,True,leaf-on,not-visible,unspecified
baskauf/43407,baskauf_43407.jpg,Acer nigrum,bark,of a large tree,bark / of a large tree,bark,vanderbilt/8-68,close-up,medium,"A diagnostic organ, surface, or fine detail is the main subject.",,,,Gemma: contextual woody structure + visible subject,,Gemma free tag: close-up,True,not-visible,not-visible,unspecified
baskauf/43412,baskauf_43412.jpg,Acer nigrum,bark,of a large tree,bark / of a large tree,bark,vanderbilt/8-68,close-up,medium,"A diagnostic organ, surface, or fine detail is the main subject.",,,,,,Gemma free tag: close-up,True,not-visible,not-visible,unspecified
baskauf/43437,baskauf_43437.jpg,Acer nigrum,twig,close-up winter terminal bud,twig / close-up winter terminal bud,twig,vanderbilt/8-68,close-up,high,"A diagnostic organ, surface, or fine detail is the main subject.",,,,Gemma: contextual woody structure + visible subject,BioImages subview: close-up winter terminal bud,Gemma free tag: close-up,False,leaf-on,not-visible,unspecified
baskauf/43430,baskauf_43430.jpg,Acer nigrum,leaf,margin of upper + lower surface,leaf / margin of upper + lower surface,leaf,vanderbilt/8-68,close-up,high,"A diagnostic organ, surface, or fine detail is the main subject.",,,,,BioImages subview: margin of upper + lower surface,Gemma: leaf margin | Gemma: leaf upper surface | Gemma free tag: close-up,False,leaf-on,not-visible,unspecified
baskauf/43416,baskauf_43416.jpg,Acer nigrum,leaf,showing orientation on twig,leaf / showing orientation on twig,leaf,vanderbilt/8-68,mid-range,high,"A branch system or contextual plant part is visible, without the whole organism.",,,BioImages subview: showing orientation on twig,Gemma: contextual woody structure + visible subject,,,False,leaf-on,visible,environmental
baskauf/43418,baskauf_43418.jpg,Acer nigrum,leaf,showing orientation on twig,leaf / showing orientation on twig,leaf,vanderbilt/8-68,distant,medium,Whole organism or crown is visible with scene context.,,Gemma: whole plant,BioImages subview: showing orientation on twig,Gemma: contextual woody structure + visible subject,,,True,leaf-on,not-visible,unspecified
baskauf/43426,baskauf_43426.jpg,Acer nigrum,leaf,unspecified,leaf / unspecified,leaf,vanderbilt/8-68,close-up,medium,"A diagnostic organ, surface, or fine detail is the main subject.",,,,,,Gemma: leaf upper surface | Gemma free tag: close-up,True,leaf-on,not-visible,unspecified
baskauf/43429,baskauf_43429.jpg,Acer nigrum,leaf,whole upper surface,leaf / whole upper surface,leaf,vanderbilt/8-68,close-up,high,"A diagnostic organ, surface, or fine detail is the main subject.",,,,Gemma: contextual woody structure + visible subject,BioImages subview: whole upper surface,Gemma: leaf upper surface,False,leaf-on,not-visible,unspecified
baskauf/43439,baskauf_43439.jpg,Acer nigrum,leaf,whole upper surface,leaf / whole upper surface,leaf,vanderbilt/8-68,close-up,high,"A diagnostic organ, surface, or fine detail is the main subject.",,,,,BioImages subview: whole upper surface,Gemma: leaf upper surface | Gemma free tag: close-up,False,leaf-on,not-visible,unspecified
baskauf/50595,baskauf_50595.jpg,Acer nigrum,inflorescence,lateral view of flower,inflorescence / lateral view of flower,flower,vanderbilt/8-68,close-up,high,"A diagnostic organ, surface, or fine detail is the main subject.",,,,Gemma: contextual woody structure + visible subject,BioImages subview: lateral view of flower,Gemma: flower close-up | Gemma free tag: close-up,False,not-visible,visible,unspecified
baskauf/50594,baskauf_50594.jpg,Acer nigrum,inflorescence,whole - unspecified,inflorescence / whole - unspecified,flower,vanderbilt/8-68,mid-range,medium,"A branch system or contextual plant part is visible, without the whole organism.",,,,Gemma: contextual woody structure + visible subject,,,True,not-visible,visible,unspecified
baskauf/43421,baskauf_43421.jpg,Acer nigrum,fruit,as borne on the plant,fruit / as borne on the plant,fruit,vanderbilt/8-68,close-up,medium,"A diagnostic organ, surface, or fine detail is the main subject.",,,BioImages subview: as borne on the plant,,,Gemma: fruit close-up | Gemma free tag: close-up,True,leaf-on,visible,unspecified
baskauf/43423,baskauf_43423.jpg,Acer nigrum,fruit,lateral or general close-up,fruit / lateral or general close-up,fruit,vanderbilt/8-68,close-up,high,"A diagnostic organ, surface, or fine detail is the main subject.",,,,,BioImages subview: lateral or general close-up,Gemma: fruit close-up | Gemma free tag: close-up,False,not-visible,visible,unspecified
baskauf/38620,baskauf_38620.jpg,Acer platanoides,whole tree (or vine),general,whole tree (or vine) / general,whole-tree,vanderbilt/23-65,distant,high,Whole organism or crown is visible with scene context.,BioImages group: whole-tree,Gemma: whole plant | Gemma free tag: full tree | Gemma free tag: tree crown,,Gemma: contextual woody structure + visible subject,,,False,leaf-on,not-visible,environmental
baskauf/38634,baskauf_38634.jpg,Acer platanoides,bark,of a large tree,bark / of a large tree,bark,vanderbilt/23-65,close-up,medium,"A diagnostic organ, surface, or fine detail is the main subject.",,,,,,Gemma free tag: close-up,True,not-visible,not-visible,unspecified
baskauf/39025,baskauf_39025.jpg,Acer platanoides,twig,close-up winter leaf scar/bud,twig / close-up winter leaf scar/bud,twig,vanderbilt/23-65,close-up,high,"A diagnostic organ, surface, or fine detail is the main subject.",,,,Gemma: contextual woody structure + visible subject,BioImages subview: close-up winter leaf scar/bud,Gemma free tag: close-up,False,leaf-off,not-visible,unspecified
baskauf/38630,baskauf_38630.jpg,Acer platanoides,twig,orientation of petioles,twig / orientation of petioles,twig,vanderbilt/23-65,close-up,medium,"A diagnostic organ, surface, or fine detail is the main subject.",,,BioImages subview: orientation of petioles,Gemma: contextual woody structure + visible subject,,Gemma: petiole arrangement | Gemma free tag: close-up,True,leaf-on,not-visible,unspecified
baskauf/38631,baskauf_38631.jpg,Acer platanoides,twig,orientation of petioles,twig / orientation of petioles,twig,vanderbilt/23-65,close-up,medium,"A diagnostic organ, surface, or fine detail is the main subject.",,,BioImages subview: orientation of petioles,Gemma: contextual woody structure + visible subject,,Gemma free tag: close-up,True,leaf-on,not-visible,unspecified
baskauf/38628,baskauf_38628.jpg,Acer platanoides,leaf,margin of upper + lower surface,leaf / margin of upper + lower surface,leaf,vanderbilt/23-65,close-up,high,"A diagnostic organ, surface, or fine detail is the main subject.",,,,Gemma: contextual woody structure + visible subject,BioImages subview: margin of upper + lower surface,Gemma: leaf upper surface | Gemma free tag: close-up,False,leaf-on,not-visible,unspecified
baskauf/38636,baskauf_38636.jpg,Acer platanoides,leaf,showing orientation on twig,leaf / showing orientation on twig,leaf,vanderbilt/23-65,close-up,medium,"A diagnostic organ, surface, or fine detail is the main subject.",,,BioImages subview: showing orientation on twig,,,Gemma: leaf margin | Gemma: leaf upper surface | Gemma free tag: close-up,True,leaf-on,not-visible,unspecified
baskauf/38639,baskauf_38639.jpg,Acer platanoides,leaf,unspecified,leaf / unspecified,leaf,vanderbilt/23-65,close-up,medium,"A diagnostic organ, surface, or fine detail is the main subject.",,,,Gemma: contextual woody structure + visible subject,,Gemma free tag: close-up,True,not-visible,not-visible,unspecified
baskauf/38627,baskauf_38627.jpg,Acer platanoides,leaf,whole upper surface,leaf / whole upper surface,leaf,vanderbilt/23-65,close-up,high,"A diagnostic organ, surface, or fine detail is the main subject.",,,,Gemma: contextual woody structure + visible subject,BioImages subview: whole upper surface,Gemma: leaf upper surface | Gemma: petiole arrangement | Gemma free tag: close-up,False,leaf-on,not-visible,unspecified
baskauf/50688,baskauf_50688.jpg,Acer platanoides,inflorescence,frontal view of flower,inflorescence / frontal view of flower,flower,vanderbilt/23-65,close-up,high,"A diagnostic organ, surface, or fine detail is the main subject.",,,,Gemma: contextual woody structure + visible subject,BioImages subview: frontal view of flower,Gemma: flower close-up | Gemma: flower interior | Gemma: frontal flower view | Gemma free tag: close-up,False,not-visible,visible,unspecified
baskauf/39125,baskauf_39125.jpg,Acer platanoides,inflorescence,whole - unspecified,inflorescence / whole - unspecified,flower,vanderbilt/23-65,close-up,medium,"A diagnostic organ, surface, or fine detail is the main subject.",,,,Gemma: contextual woody structure + visible subject,,Gemma: flower close-up | Gemma free tag: close-up,True,not-visible,visible,unspecified
baskauf/39128,baskauf_39128.jpg,Acer platanoides,inflorescence,whole - unspecified,inflorescence / whole - unspecified,flower,vanderbilt/23-65,close-up,medium,"A diagnostic organ, surface, or fine detail is the main subject.",,,,Gemma: contextual woody structure + visible subject,,Gemma: flower close-up | Gemma free tag: close-up,True,not-visible,visible,unspecified
baskauf/50685,baskauf_50685.jpg,Acer platanoides,inflorescence,whole - unspecified,inflorescence / whole - unspecified,flower,vanderbilt/23-65,close-up,medium,"A diagnostic organ, surface, or fine detail is the main subject.",,,,Gemma: contextual woody structure + visible subject,,Gemma: flower close-up | Gemma free tag: close-up,True,not-visible,visible,unspecified
baskauf/39502,baskauf_39502.jpg,Acer platanoides,fruit,as borne on the plant,fruit / as borne on the plant,fruit,vanderbilt/23-65,close-up,medium,"A diagnostic organ, surface, or fine detail is the main subject.",,,BioImages subview: as borne on the plant,Gemma: contextual woody structure + visible subject,,Gemma: fruit close-up | Gemma free tag: close-up,True,leaf-on,visible,unspecified
baskauf/39501,baskauf_39501.jpg,Acer platanoides,fruit,lateral or general close-up,fruit / lateral or general close-up,fruit,vanderbilt/23-65,close-up,high,"A diagnostic organ, surface, or fine detail is the main subject.",,,,,BioImages subview: lateral or general close-up,Gemma: fruit close-up | Gemma free tag: close-up,False,not-visible,visible,unspecified
baskauf/10494,baskauf_10494.jpg,Acer rubrum,whole tree (or vine),general,whole tree (or vine) / general,whole-tree,ind-baskauf/10494,distant,high,Whole organism or crown is visible with scene context.,BioImages group: whole-tree,Gemma: whole plant,,Gemma: contextual woody structure + visible subject,,,False,leaf-off,not-visible,unspecified
baskauf/11930,baskauf_11930.jpg,Acer rubrum,whole tree (or vine),general,whole tree (or vine) / general,whole-tree,ind-baskauf/11916,distant,high,Whole organism or crown is visible with scene context.,BioImages group: whole-tree,Gemma: whole plant | Gemma free tag: full tree | Gemma free tag: tree crown,,Gemma: contextual woody structure + visible subject,,,False,leaf-on,not-visible,unspecified
baskauf/50749,baskauf_50749.jpg,Acer rubrum,whole tree (or vine),general,whole tree (or vine) / general,whole-tree,ind-baskauf/50747,distant,medium,Whole organism or crown is visible with scene context.,BioImages group: whole-tree,,,Gemma: contextual woody structure + visible subject,,,True,leaf-off,visible,unspecified
baskauf/50750,baskauf_50750.jpg,Acer rubrum,whole tree (or vine),general,whole tree (or vine) / general,whole-tree,ind-baskauf/50747,distant,high,Whole organism or crown is visible with scene context.,BioImages group: whole-tree,Gemma: whole plant,,Gemma: contextual woody structure + visible subject,,,False,leaf-off,not-visible,environmental
baskauf/91011,baskauf_91011.jpg,Acer rubrum,whole tree (or vine),general,whole tree (or vine) / general,whole-tree,vanderbilt/7-298,distant,high,Whole organism or crown is visible with scene context.,BioImages group: whole-tree,Gemma: whole plant,,Gemma: contextual woody structure + visible subject,,,False,leaf-on,not-visible,unspecified
baskauf/91016,baskauf_91016.jpg,Acer rubrum,whole tree (or vine),general,whole tree (or vine) / general,whole-tree,vanderbilt/7-298,distant,high,Whole organism or crown is visible with scene context.,BioImages group: whole-tree,Gemma: whole plant | Gemma free tag: full tree,,,,,False,leaf-on,not-visible,unspecified
baskauf/89381,baskauf_89381.jpg,Acer rubrum,whole tree (or vine),winter,whole tree (or vine) / winter,whole-tree,vanderbilt/7-298,distant,high,Whole organism or crown is visible with scene context.,BioImages group: whole-tree,Gemma: whole plant,,Gemma: contextual woody structure + visible subject,,,False,leaf-off,not-visible,environmental
baskauf/11924,baskauf_11924.jpg,Acer rubrum,bark,of a medium tree or large branch,bark / of a medium tree or large branch,bark,ind-baskauf/11916,mid-range,medium,"A branch system or contextual plant part is visible, without the whole organism.",,,BioImages subview: of a medium tree or large branch,,,,True,leaf-on,not-visible,unspecified
baskauf/29761,baskauf_29761.jpg,Acer rubrum,bark,of a medium tree or large branch,bark / of a medium tree or large branch,bark,ind-baskauf/29761,close-up,medium,"A diagnostic organ, surface, or fine detail is the main subject.",,,BioImages subview: of a medium tree or large branch,Gemma: contextual woody structure + visible subject,,Gemma free tag: close-up,True,not-visible,not-visible,unspecified
baskauf/11926,baskauf_11926.jpg,Acer rubrum,twig,orientation of petioles,twig / orientation of petioles,twig,ind-baskauf/11916,close-up,medium,"A diagnostic organ, surface, or fine detail is the main subject.",,,BioImages subview: orientation of petioles,Gemma: contextual woody structure + visible subject,,Gemma: leaf upper surface | Gemma free tag: close-up,True,leaf-on,not-visible,unspecified
baskauf/11927,baskauf_11927.jpg,Acer rubrum,twig,orientation of petioles,twig / orientation of petioles,twig,ind-baskauf/11916,close-up,medium,"A diagnostic organ, surface, or fine detail is the main subject.",,,BioImages subview: orientation of petioles,Gemma: contextual woody structure + visible subject,,Gemma free tag: close-up,True,leaf-on,not-visible,unspecified
baskauf/30327,baskauf_30327.jpg,Acer rubrum,leaf,margin of upper + lower surface,leaf / margin of upper + lower surface,leaf,ind-baskauf/30326,close-up,high,"A diagnostic organ, surface, or fine detail is the main subject.",,,,,BioImages subview: margin of upper + lower surface,Gemma: leaf margin | Gemma: leaf upper surface | Gemma free tag: close-up,False,leaf-on,not-visible,unspecified
baskauf/11916,baskauf_11916.jpg,Acer rubrum,leaf,showing orientation on twig,leaf / showing orientation on twig,leaf,ind-baskauf/11916,close-up,medium,"A diagnostic organ, surface, or fine detail is the main subject.",,,BioImages subview: showing orientation on twig,Gemma: contextual woody structure + visible subject,,Gemma free tag: close-up,True,leaf-on,not-visible,unspecified
baskauf/11920,baskauf_11920.jpg,Acer rubrum,leaf,whole upper surface,leaf / whole upper surface,leaf,ind-baskauf/11916,close-up,high,"A diagnostic organ, surface, or fine detail is the main subject.",,,,Gemma: contextual woody structure + visible subject,BioImages subview: whole upper surface,Gemma: leaf margin | Gemma: leaf upper surface | Gemma free tag: close-up,False,leaf-on,not-visible,unspecified
baskauf/18219,baskauf_18219.jpg,Acer rubrum,inflorescence,lateral view of flower,inflorescence / lateral view of flower,flower,ind-baskauf/18216,close-up,high,"A diagnostic organ, surface, or fine detail is the main subject.",,,,Gemma: contextual woody structure + visible subject,BioImages subview: lateral view of flower,Gemma: flower close-up | Gemma free tag: close-up,False,not-visible,visible,unspecified
baskauf/39069,baskauf_39069.jpg,Acer rubrum,inflorescence,whole - female,inflorescence / whole - female,flower,ind-baskauf/39067,close-up,medium,"A diagnostic organ, surface, or fine detail is the main subject.",,,,Gemma: contextual woody structure + visible subject,,Gemma: flower close-up | Gemma free tag: close-up,True,not-visible,visible,unspecified
baskauf/00001,baskauf_00001.jpg,Acer rubrum,inflorescence,whole - male,inflorescence / whole - male,flower,ind-baskauf/00000,close-up,medium,"A diagnostic organ, surface, or fine detail is the main subject.",,,,Gemma: contextual woody structure + visible subject,,Gemma: flower close-up | Gemma free tag: close-up,True,leaf-off,visible,unspecified
baskauf/00000,baskauf_00000.jpg,Acer rubrum,inflorescence,whole - unspecified,inflorescence / whole - unspecified,flower,ind-baskauf/00000,distant,medium,Whole organism or crown is visible with scene context.,,Gemma: whole plant,,Gemma: contextual woody structure + visible subject,,,True,leaf-off,visible,environmental
baskauf/10492,baskauf_10492.jpg,Acer rubrum,fruit,as borne on the plant,fruit / as borne on the plant,fruit,ind-baskauf/10492,close-up,medium,"A diagnostic organ, surface, or fine detail is the main subject.",,,BioImages subview: as borne on the plant,Gemma: contextual woody structure + visible subject,,Gemma: fruit close-up | Gemma free tag: close-up,True,not-visible,visible,environmental
baskauf/10495,baskauf_10495.jpg,Acer rubrum,fruit,as borne on the plant,fruit / as borne on the plant,fruit,ind-baskauf/10494,mid-range,high,"A branch system or contextual plant part is visible, without the whole organism.",,,BioImages subview: as borne on the plant,Gemma: contextual woody structure + visible subject,,,False,leaf-on,visible,environmental
baskauf/10496,baskauf_10496.jpg,Acer rubrum,fruit,as borne on the plant,fruit / as borne on the plant,fruit,ind-baskauf/10494,mid-range,high,"A branch system or contextual plant part is visible, without the whole organism.",,,BioImages subview: as borne on the plant,Gemma: contextual woody structure + visible subject,,,False,leaf-off,not-visible,environmental
baskauf/19269,baskauf_19269.jpg,Acer rubrum,fruit,as borne on the plant,fruit / as borne on the plant,fruit,ind-baskauf/19266,distant,medium,Whole organism or crown is visible with scene context.,,Gemma: whole plant,BioImages subview: as borne on the plant,Gemma: contextual woody structure + visible subject,,,True,leaf-on,visible,environmental
baskauf/18225,baskauf_18225.jpg,Acer rubrum,fruit,immature,fruit / immature,fruit,ind-baskauf/18216,close-up,medium,"A diagnostic organ, surface, or fine detail is the main subject.",,,,Gemma: contextual woody structure + visible subject,,Gemma free tag: close-up,True,leaf-on,not-visible,unspecified
baskauf/20031,baskauf_20031.jpg,Acer rubrum,fruit,immature,fruit / immature,fruit,ind-baskauf/20028,close-up,medium,"A diagnostic organ, surface, or fine detail is the main subject.",,,,Gemma: contextual woody structure + visible subject,,Gemma: fruit close-up | Gemma free tag: close-up,True,not-visible,visible,unspecified
baskauf/12251,baskauf_12251.jpg,Acer saccharinum,whole tree (or vine),general,whole tree (or vine) / general,whole-tree,vanderbilt/13-12,distant,high,Whole organism or crown is visible with scene context.,BioImages group: whole-tree,Gemma: whole plant | Gemma free tag: full tree,,Gemma: contextual woody structure + visible subject,,,False,leaf-on,not-visible,environmental
baskauf/91094,baskauf_91094.jpg,Acer saccharinum,whole tree (or vine),general,whole tree (or vine) / general,whole-tree,vanderbilt/8-92,distant,high,Whole organism or crown is visible with scene context.,BioImages group: whole-tree,Gemma: whole plant | Gemma free tag: full tree | Gemma free tag: tree crown,,Gemma: contextual woody structure + visible subject,,,False,leaf-on,not-visible,environmental
baskauf/12247,baskauf_12247.jpg,Acer saccharinum,bark,of a large tree,bark / of a large tree,bark,vanderbilt/13-12,close-up,medium,"A diagnostic organ, surface, or fine detail is the main subject.",,,,,,Gemma free tag: close-up,True,not-visible,not-visible,unspecified
baskauf/15332,baskauf_15332.jpg,Acer saccharinum,twig,orientation of petioles,twig / orientation of petioles,twig,vanderbilt/13-12,close-up,medium,"A diagnostic organ, surface, or fine detail is the main subject.",,,BioImages subview: orientation of petioles,Gemma: contextual woody structure + visible subject,,Gemma free tag: close-up,True,not-visible,visible,unspecified
baskauf/17526,baskauf_17526.jpg,Acer saccharinum,twig,winter overall,twig / winter overall,twig,vanderbilt/13-12,close-up,medium,"A diagnostic organ, surface, or fine detail is the main subject.",,,,Gemma: contextual woody structure + visible subject,,Gemma: leaf scar,True,leaf-off,not-visible,unspecified
baskauf/15326,baskauf_15326.jpg,Acer saccharinum,leaf,margin of upper + lower surface,leaf / margin of upper + lower surface,leaf,vanderbilt/13-12,close-up,high,"A diagnostic organ, surface, or fine detail is the main subject.",,,,,BioImages subview: margin of upper + lower surface,Gemma: leaf margin | Gemma: leaf upper surface | Gemma free tag: close-up,False,leaf-on,not-visible,unspecified
baskauf/12254,baskauf_12254.jpg,Acer saccharinum,leaf,showing orientation on twig,leaf / showing orientation on twig,leaf,vanderbilt/13-12,close-up,medium,"A diagnostic organ, surface, or fine detail is the main subject.",,,BioImages subview: showing orientation on twig,Gemma: contextual woody structure + visible subject,,Gemma free tag: close-up,True,leaf-on,not-visible,unspecified
baskauf/12255,baskauf_12255.jpg,Acer saccharinum,leaf,whole upper surface,leaf / whole upper surface,leaf,vanderbilt/13-12,close-up,high,"A diagnostic organ, surface, or fine detail is the main subject.",,,,,BioImages subview: whole upper surface,Gemma: leaf margin | Gemma: leaf upper surface | Gemma free tag: close-up,False,leaf-on,not-visible,unspecified
baskauf/15323,baskauf_15323.jpg,Acer saccharinum,leaf,whole upper surface,leaf / whole upper surface,leaf,vanderbilt/13-12,close-up,high,"A diagnostic organ, surface, or fine detail is the main subject.",,,,Gemma: contextual woody structure + visible subject,BioImages subview: whole upper surface,Gemma: leaf margin | Gemma: leaf upper surface | Gemma free tag: close-up,False,leaf-on,not-visible,unspecified
baskauf/17523,baskauf_17523.jpg,Acer saccharinum,inflorescence,lateral view of flower,inflorescence / lateral view of flower,flower,vanderbilt/13-12,close-up,high,"A diagnostic organ, surface, or fine detail is the main subject.",,,,Gemma: contextual woody structure + visible subject,BioImages subview: lateral view of flower,Gemma: flower close-up | Gemma free tag: close-up,False,not-visible,visible,unspecified
baskauf/17511,baskauf_17511.jpg,Acer saccharinum,inflorescence,whole - unspecified,inflorescence / whole - unspecified,flower,vanderbilt/13-12,close-up,medium,"A diagnostic organ, surface, or fine detail is the main subject.",,,,Gemma: contextual woody structure + visible subject,,Gemma free tag: close-up,True,leaf-off,visible,unspecified
baskauf/18009,baskauf_18009.jpg,Acer saccharinum,fruit,immature,fruit / immature,fruit,vanderbilt/13-12,close-up,medium,"A diagnostic organ, surface, or fine detail is the main subject.",,,,Gemma: contextual woody structure + visible subject,,Gemma: flower close-up | Gemma free tag: close-up,True,not-visible,visible,unspecified
baskauf/19330,baskauf_19330.jpg,Acer saccharinum,fruit,immature,fruit / immature,fruit,vanderbilt/13-12,close-up,medium,"A diagnostic organ, surface, or fine detail is the main subject.",,,,Gemma: contextual woody structure + visible subject,,Gemma: fruit close-up | Gemma free tag: close-up,True,not-visible,visible,unspecified
baskauf/19335,baskauf_19335.jpg,Acer saccharinum,fruit,immature,fruit / immature,fruit,vanderbilt/13-12,close-up,medium,"A diagnostic organ, surface, or fine detail is the main subject.",,,,,,Gemma: fruit close-up | Gemma free tag: close-up,True,not-visible,visible,unspecified
baskauf/10374,baskauf_10374.jpg,Acer saccharum,whole tree (or vine),general,whole tree (or vine) / general,whole-tree,ind-baskauf/10374,distant,high,Whole organism or crown is visible with scene context.,BioImages group: whole-tree,Gemma: whole plant,,Gemma: contextual woody structure + visible subject,,,False,leaf-on,not-visible,environmental
baskauf/18076,baskauf_18076.jpg,Acer saccharum,whole tree (or vine),general,whole tree (or vine) / general,whole-tree,ind-baskauf/18076,distant,high,Whole organism or crown is visible with scene context.,BioImages group: whole-tree,Gemma: whole plant,,Gemma: contextual woody structure + visible subject,,,False,leaf-on,not-visible,environmental
baskauf/50711,baskauf_50711.jpg,Acer saccharum,whole tree (or vine),general,whole tree (or vine) / general,whole-tree,vanderbilt/13-38,distant,high,Whole organism or crown is visible with scene context.,BioImages group: whole-tree,Gemma: whole plant,,Gemma: contextual woody structure + visible subject,,,False,leaf-on,not-visible,environmental
baskauf/91096,baskauf_91096.jpg,Acer saccharum,whole tree (or vine),general,whole tree (or vine) / general,whole-tree,vanderbilt/8-70,distant,high,Whole organism or crown is visible with scene context.,BioImages group: whole-tree,Gemma: whole plant,,Gemma: contextual woody structure + visible subject,,,False,leaf-on,not-visible,unspecified
baskauf/91164,baskauf_91164.jpg,Acer saccharum,whole tree (or vine),general,whole tree (or vine) / general,whole-tree,vanderbilt/12-196,distant,high,Whole organism or crown is visible with scene context.,BioImages group: whole-tree,Gemma: whole plant,,Gemma: contextual woody structure + visible subject,,,False,leaf-on,not-visible,environmental
baskauf/d0999,baskauf_d0999.jpg,Acer saccharum,whole tree (or vine),general,whole tree (or vine) / general,whole-tree,ind-baskauf/d0999,distant,high,Whole organism or crown is visible with scene context.,BioImages group: whole-tree,Gemma: whole plant | Gemma free tag: tree crown,,Gemma: contextual woody structure + visible subject,,,False,leaf-on,not-visible,environmental
kaufmannm/ke142,kaufmannm_ke142.jpg,Acer saccharum,whole tree (or vine),general,whole tree (or vine) / general,whole-tree,ind-kaufmannm/ke142,distant,high,Whole organism or crown is visible with scene context.,BioImages group: whole-tree,Gemma: whole plant,,Gemma: contextual woody structure + visible subject,,,False,leaf-on,not-visible,unspecified
ssmv/2-886-01,ssmv_2-886-01.jpg,Acer saccharum,whole tree (or vine),general,whole tree (or vine) / general,whole-tree,vanderbilt/3-31,distant,high,Whole organism or crown is visible with scene context.,BioImages group: whole-tree,Gemma: whole plant,,,,,False,leaf-on,not-visible,environmental
baskauf/11657,baskauf_11657.jpg,Acer saccharum,whole tree (or vine),view up trunk,whole tree (or vine) / view up trunk,whole-tree,ind-baskauf/11657,distant,high,Whole organism or crown is visible with scene context.,BioImages group: whole-tree,Gemma: whole plant,,Gemma: contextual woody structure + visible subject,,,False,leaf-on,not-visible,unspecified
ssmv/2-886-03,ssmv_2-886-03.jpg,Acer saccharum,whole tree (or vine),view up trunk,whole tree (or vine) / view up trunk,whole-tree,vanderbilt/3-31,distant,high,Whole organism or crown is visible with scene context.,BioImages group: whole-tree,Gemma: whole plant,,Gemma: contextual woody structure + visible subject,,,False,not-visible,not-visible,environmental
baskauf/10861,baskauf_10861.jpg,Acer saccharum,bark,of a large tree,bark / of a large tree,bark,ind-baskauf/10861,close-up,medium,"A diagnostic organ, surface, or fine detail is the main subject.",,,,,,Gemma free tag: close-up,True,not-visible,not-visible,unspecified
ssmv/2-886-02,ssmv_2-886-02.jpg,Acer saccharum,bark,of a large tree,bark / of a large tree,bark,vanderbilt/3-31,close-up,medium,"A diagnostic organ, surface, or fine detail is the main subject.",,,,,,Gemma free tag: close-up,True,not-visible,not-visible,unspecified
baskauf/39161,baskauf_39161.jpg,Acer saccharum,twig,close-up winter leaf scar/bud,twig / close-up winter leaf scar/bud,twig,ind-baskauf/39138,close-up,high,"A diagnostic organ, surface, or fine detail is the main subject.",,,,Gemma: contextual woody structure + visible subject,BioImages subview: close-up winter leaf scar/bud,Gemma free tag: close-up,False,leaf-off,not-visible,unspecified
baskauf/39140,baskauf_39140.jpg,Acer saccharum,twig,close-up winter terminal bud,twig / close-up winter terminal bud,twig,ind-baskauf/39138,close-up,high,"A diagnostic organ, surface, or fine detail is the main subject.",,,,Gemma: contextual woody structure + visible subject,BioImages subview: close-up winter terminal bud,Gemma: terminal bud | Gemma free tag: close-up,False,not-visible,not-visible,unspecified
baskauf/39144,baskauf_39144.jpg,Acer saccharum,twig,close-up winter terminal bud,twig / close-up winter terminal bud,twig,ind-baskauf/39138,close-up,high,"A diagnostic organ, surface, or fine detail is the main subject.",,,,Gemma: contextual woody structure + visible subject,BioImages subview: close-up winter terminal bud,Gemma: leaf scar | Gemma free tag: close-up,False,leaf-off,not-visible,unspecified
baskauf/39181,baskauf_39181.jpg,Acer saccharum,twig,close-up winter terminal bud,twig / close-up winter terminal bud,twig,ind-baskauf/39138,close-up,high,"A diagnostic organ, surface, or fine detail is the main subject.",,,,Gemma: contextual woody structure + visible subject,BioImages subview: close-up winter terminal bud,Gemma: terminal bud | Gemma free tag: close-up,False,not-visible,not-visible,unspecified
baskauf/15216,baskauf_15216.jpg,Acer saccharum,twig,orientation of petioles,twig / orientation of petioles,twig,ind-baskauf/15211,close-up,medium,"A diagnostic organ, surface, or fine detail is the main subject.",,,BioImages subview: orientation of petioles,Gemma: contextual woody structure + visible subject,,Gemma: leaf scar | Gemma free tag: close-up,True,leaf-off,not-visible,unspecified
baskauf/15211,baskauf_15211.jpg,Acer saccharum,leaf,margin of upper + lower surface,leaf / margin of upper + lower surface,leaf,ind-baskauf/15211,close-up,high,"A diagnostic organ, surface, or fine detail is the main subject.",,,,,BioImages subview: margin of upper + lower surface,Gemma: leaf upper surface | Gemma free tag: close-up,False,leaf-on,not-visible,unspecified
baskauf/15212,baskauf_15212.jpg,Acer saccharum,leaf,margin of upper + lower surface,leaf / margin of upper + lower surface,leaf,ind-baskauf/15211,close-up,high,"A diagnostic organ, surface, or fine detail is the main subject.",,,,,BioImages subview: margin of upper + lower surface,Gemma: leaf margin | Gemma: leaf upper surface | Gemma free tag: close-up,False,leaf-on,not-visible,unspecified
baskauf/11288,baskauf_11288.jpg,Acer saccharum,leaf,showing orientation on twig,leaf / showing orientation on twig,leaf,ind-baskauf/11288,mid-range,high,"A branch system or contextual plant part is visible, without the whole organism.",,,BioImages subview: showing orientation on twig,Gemma: contextual woody structure + visible subject,,,False,leaf-on,visible,unspecified
baskauf/16741,baskauf_16741.jpg,Acer saccharum,leaf,showing orientation on twig,leaf / showing orientation on twig,leaf,ind-baskauf/16741,distant,medium,Whole organism or crown is visible with scene context.,,Gemma: whole plant,BioImages subview: showing orientation on twig,Gemma: contextual woody structure + visible subject,,,True,leaf-on,not-visible,environmental
baskauf/11294,baskauf_11294.jpg,Acer saccharum,leaf,whole upper surface,leaf / whole upper surface,leaf,ind-baskauf/11288,close-up,high,"A diagnostic organ, surface, or fine detail is the main subject.",,,,Gemma: contextual woody structure + visible subject,BioImages subview: whole upper surface,Gemma: leaf margin | Gemma: leaf upper surface | Gemma: petiole arrangement | Gemma free tag: close-up,False,leaf-on,not-visible,unspecified
baskauf/50727,baskauf_50727.jpg,Acer saccharum,inflorescence,lateral view of flower,inflorescence / lateral view of flower,flower,ind-baskauf/50721,close-up,medium,"A diagnostic organ, surface, or fine detail is the main subject.",,,,Gemma: contextual woody structure + visible subject,BioImages subview: lateral view of flower,,True,not-visible,visible,unspecified
baskauf/50729,baskauf_50729.jpg,Acer saccharum,inflorescence,lateral view of flower,inflorescence / lateral view of flower,flower,ind-baskauf/50721,close-up,high,"A diagnostic organ, surface, or fine detail is the main subject.",,,,Gemma: contextual woody structure + visible subject,BioImages subview: lateral view of flower,Gemma: flower close-up,False,not-visible,visible,unspecified
baskauf/10376,baskauf_10376.jpg,Acer saccharum,inflorescence,whole - male,inflorescence / whole - male,flower,ind-baskauf/10376,close-up,medium,"A diagnostic organ, surface, or fine detail is the main subject.",,,,Gemma: contextual woody structure + visible subject,,Gemma free tag: close-up,True,not-visible,visible,unspecified
baskauf/10386,baskauf_10386.jpg,Acer saccharum,inflorescence,whole - male,inflorescence / whole - male,flower,ind-baskauf/10386,close-up,medium,"A diagnostic organ, surface, or fine detail is the main subject.",,,,Gemma: contextual woody structure + visible subject,,Gemma: flower close-up | Gemma free tag: close-up,True,leaf-on,visible,unspecified
baskauf/50713,baskauf_50713.jpg,Acer saccharum,inflorescence,whole - unspecified,inflorescence / whole - unspecified,flower,vanderbilt/13-38,distant,medium,Whole organism or crown is visible with scene context.,,Gemma: whole plant,,Gemma: contextual woody structure + visible subject,,,True,not-visible,visible,environmental
baskauf/10606,baskauf_10606.jpg,Acer saccharum,fruit,as borne on the plant,fruit / as borne on the plant,fruit,vanderbilt/6-133,close-up,medium,"A diagnostic organ, surface, or fine detail is the main subject.",,,BioImages subview: as borne on the plant,Gemma: contextual woody structure + visible subject,,Gemma free tag: close-up,True,leaf-on,visible,unspecified
baskauf/10564,baskauf_10564.jpg,Acer saccharum,fruit,immature,fruit / immature,fruit,vanderbilt/6-133,mid-range,medium,"A branch system or contextual plant part is visible, without the whole organism.",,,,Gemma: contextual woody structure + visible subject,,,True,leaf-on,visible,unspecified
baskauf/10565,baskauf_10565.jpg,Acer saccharum,fruit,immature,fruit / immature,fruit,vanderbilt/6-133,close-up,medium,"A diagnostic organ, surface, or fine detail is the main subject.",,,,Gemma: contextual woody structure + visible subject,,Gemma: fruit close-up | Gemma free tag: close-up,True,not-visible,visible,unspecified
baskauf/10570,baskauf_10570.jpg,Acer saccharum,fruit,immature,fruit / immature,fruit,vanderbilt/6-133,close-up,medium,"A diagnostic organ, surface, or fine detail is the main subject.",,,,Gemma: contextual woody structure + visible subject,,Gemma free tag: close-up,True,mixed,not-visible,unspecified
baskauf/22184,baskauf_22184.jpg,Acer saccharum,fruit,lateral or general close-up,fruit / lateral or general close-up,fruit,ind-baskauf/22179,close-up,high,"A diagnostic organ, surface, or fine detail is the main subject.",,,,,BioImages subview: lateral or general close-up,Gemma: fruit close-up | Gemma free tag: close-up,False,not-visible,visible,unspecified
baskauf/90876,baskauf_90876.jpg,Aesculus glabra,whole tree (or vine),general,whole tree (or vine) / general,whole-tree,vanderbilt/11-210,distant,high,Whole organism or crown is visible with scene context.,BioImages group: whole-tree,Gemma: whole plant,,Gemma: contextual woody structure + visible subject,,,False,leaf-on,not-visible,environmental
thomas/0014-01-01,thomas_0014-01-01.jpg,Aesculus glabra,whole tree (or vine),general,whole tree (or vine) / general,whole-tree,thomas/0014-01,distant,high,Whole organism or crown is visible with scene context.,BioImages group: whole-tree,Gemma: whole plant,,Gemma: contextual woody structure + visible subject,,,False,leaf-on,visible,unspecified
thomas/0014-01-06,thomas_0014-01-06.jpg,Aesculus glabra,whole tree (or vine),general,whole tree (or vine) / general,whole-tree,thomas/0014-01,distant,high,Whole organism or crown is visible with scene context.,BioImages group: whole-tree,Gemma: whole plant,,Gemma: contextual woody structure + visible subject,,,False,leaf-on,visible,unspecified
baskauf/10693,baskauf_10693.jpg,Aesculus glabra,bark,of a large tree,bark / of a large tree,bark,vanderbilt/11-210,close-up,medium,"A diagnostic organ, surface, or fine detail is the main subject.",,,,,,Gemma free tag: close-up,True,not-visible,not-visible,unspecified
thomas/0265-01-02,thomas_0265-01-02.jpg,Aesculus glabra,twig,close-up winter leaf scar/bud,twig / close-up winter leaf scar/bud,twig,thomas/0265-01,close-up,high,"A diagnostic organ, surface, or fine detail is the main subject.",,,,Gemma: contextual woody structure + visible subject,BioImages subview: close-up winter leaf scar/bud,Gemma: leaf scar | Gemma free tag: close-up,False,not-visible,not-visible,unspecified
baskauf/15925,baskauf_15925.jpg,Aesculus glabra,twig,orientation of petioles,twig / orientation of petioles,twig,vanderbilt/11-210,close-up,medium,"A diagnostic organ, surface, or fine detail is the main subject.",,,BioImages subview: orientation of petioles,Gemma: contextual woody structure + visible subject,,Gemma: terminal bud | Gemma free tag: close-up,True,leaf-off,not-visible,unspecified
thomas/0265-01-03,thomas_0265-01-03.jpg,Aesculus glabra,twig,orientation of petioles,twig / orientation of petioles,twig,thomas/0265-01,close-up,medium,"A diagnostic organ, surface, or fine detail is the main subject.",,,BioImages subview: orientation of petioles,Gemma: contextual woody structure + visible subject,,Gemma free tag: close-up,True,not-visible,not-visible,unspecified
baskauf/11181,baskauf_11181.jpg,Aesculus glabra,leaf,showing orientation on twig,leaf / showing orientation on twig,leaf,vanderbilt/11-210,close-up,medium,"A diagnostic organ, surface, or fine detail is the main subject.",,,BioImages subview: showing orientation on twig,,,Gemma: leaf upper surface | Gemma free tag: close-up,True,leaf-on,not-visible,unspecified
thomas/0265-01-04,thomas_0265-01-04.jpg,Aesculus glabra,leaf,showing orientation on twig,leaf / showing orientation on twig,leaf,thomas/0265-01,close-up,medium,"A diagnostic organ, surface, or fine detail is the main subject.",,,BioImages subview: showing orientation on twig,Gemma: contextual woody structure + visible subject,,Gemma free tag: close-up,True,leaf-on,not-visible,unspecified
baskauf/11182,baskauf_11182.jpg,Aesculus glabra,leaf,whole upper surface,leaf / whole upper surface,leaf,vanderbilt/11-210,close-up,high,"A diagnostic organ, surface, or fine detail is the main subject.",,,,Gemma: contextual woody structure + visible subject,BioImages subview: whole upper surface,Gemma: leaf upper surface | Gemma free tag: close-up,False,leaf-on,not-visible,unspecified
thomas/0014-01-03,thomas_0014-01-03.jpg,Aesculus glabra,leaf,whole upper surface,leaf / whole upper surface,leaf,thomas/0014-01,close-up,high,"A diagnostic organ, surface, or fine detail is the main subject.",,,,Gemma: contextual woody structure + visible subject,BioImages subview: whole upper surface,Gemma: leaf upper surface | Gemma free tag: close-up,False,leaf-on,not-visible,unspecified
thomas/0014-01-08,thomas_0014-01-08.jpg,Aesculus glabra,leaf,whole upper surface,leaf / whole upper surface,leaf,thomas/0014-01,close-up,high,"A diagnostic organ, surface, or fine detail is the main subject.",,,,Gemma: contextual woody structure + visible subject,BioImages subview: whole upper surface,Gemma: leaf upper surface | Gemma free tag: close-up,False,leaf-on,not-visible,unspecified
thomas/0265-01-01,thomas_0265-01-01.jpg,Aesculus glabra,leaf,whole upper surface,leaf / whole upper surface,leaf,thomas/0265-01,close-up,high,"A diagnostic organ, surface, or fine detail is the main subject.",,,,,BioImages subview: whole upper surface,Gemma: leaf margin | Gemma: leaf upper surface | Gemma free tag: close-up,False,leaf-on,not-visible,unspecified
thomas/0265-01-05,thomas_0265-01-05.jpg,Aesculus glabra,leaf,whole upper surface,leaf / whole upper surface,leaf,thomas/0265-01,close-up,high,"A diagnostic organ, surface, or fine detail is the main subject.",,,,,BioImages subview: whole upper surface,Gemma: leaf upper surface | Gemma free tag: close-up,False,leaf-on,not-visible,unspecified
thomas/0014-01-07,thomas_0014-01-07.jpg,Aesculus glabra,inflorescence,close-up of flower interior,inflorescence / close-up of flower interior,flower,thomas/0014-01,close-up,high,"A diagnostic organ, surface, or fine detail is the main subject.",,,,,BioImages subview: close-up of flower interior,Gemma: flower close-up | Gemma: flower interior | Gemma: lateral flower view | Gemma free tag: close-up,False,not-visible,visible,unspecified
baskauf/10692,baskauf_10692.jpg,Aesculus glabra,inflorescence,lateral view of flower,inflorescence / lateral view of flower,flower,vanderbilt/11-210,close-up,high,"A diagnostic organ, surface, or fine detail is the main subject.",,,,,BioImages subview: lateral view of flower,Gemma: flower close-up | Gemma: flower interior | Gemma: frontal flower view | Gemma free tag: close-up,False,not-visible,visible,unspecified
thomas/0014-01-02,thomas_0014-01-02.jpg,Aesculus glabra,inflorescence,lateral view of flower,inflorescence / lateral view of flower,flower,thomas/0014-01,close-up,high,"A diagnostic organ, surface, or fine detail is the main subject.",,,,,BioImages subview: lateral view of flower,Gemma: flower close-up | Gemma: flower interior | Gemma free tag: close-up,False,not-visible,visible,unspecified
thomas/0014-01-05,thomas_0014-01-05.jpg,Aesculus glabra,inflorescence,lateral view of flower,inflorescence / lateral view of flower,flower,thomas/0014-01,close-up,high,"A diagnostic organ, surface, or fine detail is the main subject.",,,,,BioImages subview: lateral view of flower,Gemma: flower close-up | Gemma free tag: close-up,False,not-visible,visible,unspecified
thomas/0014-01-09,thomas_0014-01-09.jpg,Aesculus glabra,inflorescence,lateral view of flower,inflorescence / lateral view of flower,flower,thomas/0014-01,close-up,high,"A diagnostic organ, surface, or fine detail is the main subject.",,,,Gemma: contextual woody structure + visible subject,BioImages subview: lateral view of flower,Gemma: flower close-up | Gemma free tag: close-up,False,not-visible,visible,unspecified
thomas/0265-01-06,thomas_0265-01-06.jpg,Aesculus glabra,inflorescence,lateral view of flower,inflorescence / lateral view of flower,flower,thomas/0265-01,close-up,high,"A diagnostic organ, surface, or fine detail is the main subject.",,,,,BioImages subview: lateral view of flower,Gemma: flower close-up | Gemma: flower interior | Gemma: lateral flower view | Gemma free tag: close-up,False,not-visible,visible,unspecified
baskauf/10689,baskauf_10689.jpg,Aesculus glabra,inflorescence,whole - unspecified,inflorescence / whole - unspecified,flower,vanderbilt/11-210,distant,medium,Whole organism or crown is visible with scene context.,,Gemma: whole plant,,Gemma: contextual woody structure + visible subject,,,True,leaf-on,visible,environmental
baskauf/10690,baskauf_10690.jpg,Aesculus glabra,inflorescence,whole - unspecified,inflorescence / whole - unspecified,flower,vanderbilt/11-210,close-up,medium,"A diagnostic organ, surface, or fine detail is the main subject.",,,,Gemma: contextual woody structure + visible subject,,Gemma: flower close-up | Gemma free tag: close-up,True,not-visible,visible,unspecified
thomas/0014-01-04,thomas_0014-01-04.jpg,Aesculus glabra,inflorescence,whole - unspecified,inflorescence / whole - unspecified,flower,thomas/0014-01,close-up,medium,"A diagnostic organ, surface, or fine detail is the main subject.",,,,,,Gemma: flower close-up,True,leaf-on,visible,unspecified
baskauf/39880,baskauf_39880.jpg,Aesculus glabra,fruit,immature,fruit / immature,fruit,ind-baskauf/39879,close-up,medium,"A diagnostic organ, surface, or fine detail is the main subject.",,,,Gemma: contextual woody structure + visible subject,,Gemma: fruit close-up | Gemma free tag: close-up,True,not-visible,visible,unspecified
baskauf/51420,baskauf_51420.jpg,Aesculus glabra,fruit,immature,fruit / immature,fruit,vanderbilt/11-210,close-up,medium,"A diagnostic organ, surface, or fine detail is the main subject.",,,,Gemma: contextual woody structure + visible subject,,Gemma: flower close-up | Gemma free tag: close-up,True,not-visible,visible,unspecified
baskauf/11945,baskauf_11945.jpg,Aesculus hippocastanum,whole tree (or vine),general,whole tree (or vine) / general,whole-tree,vanderbilt/6-87,uncertain,conflict,Distant and close-up evidence both present; manual review required.,BioImages group: whole-tree,Gemma: whole plant | Gemma free tag: full tree,,Gemma: contextual woody structure + visible subject,,Gemma: leaf upper surface,True,leaf-on,not-visible,environmental
baskauf/11952,baskauf_11952.jpg,Aesculus hippocastanum,bark,of a large tree,bark / of a large tree,bark,vanderbilt/6-87,close-up,medium,"A diagnostic organ, surface, or fine detail is the main subject.",,,,,,Gemma free tag: close-up,True,not-visible,not-visible,unspecified
baskauf/15962,baskauf_15962.jpg,Aesculus hippocastanum,twig,winter overall,twig / winter overall,twig,vanderbilt/6-87,close-up,medium,"A diagnostic organ, surface, or fine detail is the main subject.",,,,Gemma: contextual woody structure + visible subject,,Gemma: fruit close-up | Gemma free tag: close-up,True,not-visible,visible,unspecified
baskauf/15966,baskauf_15966.jpg,Aesculus hippocastanum,twig,winter overall,twig / winter overall,twig,vanderbilt/6-87,close-up,medium,"A diagnostic organ, surface, or fine detail is the main subject.",,,,Gemma: contextual woody structure + visible subject,,Gemma: leaf scar | Gemma free tag: close-up,True,leaf-off,not-visible,unspecified
baskauf/15969,baskauf_15969.jpg,Aesculus hippocastanum,leaf,margin of upper + lower surface,leaf / margin of upper + lower surface,leaf,vanderbilt/6-87,close-up,high,"A diagnostic organ, surface, or fine detail is the main subject.",,,,,BioImages subview: margin of upper + lower surface,Gemma: leaf margin | Gemma: leaf upper surface | Gemma free tag: close-up,False,leaf-on,not-visible,unspecified
baskauf/11946,baskauf_11946.jpg,Aesculus hippocastanum,leaf,showing orientation on twig,leaf / showing orientation on twig,leaf,vanderbilt/6-87,distant,medium,Whole organism or crown is visible with scene context.,,Gemma: whole plant,BioImages subview: showing orientation on twig,Gemma: contextual woody structure + visible subject,,,True,leaf-on,visible,unspecified
baskauf/29702,baskauf_29702.jpg,Aesculus hippocastanum,leaf,whole upper surface,leaf / whole upper surface,leaf,vanderbilt/6-87,close-up,high,"A diagnostic organ, surface, or fine detail is the main subject.",,,,Gemma: contextual woody structure + visible subject,BioImages subview: whole upper surface,Gemma: leaf upper surface,False,leaf-on,not-visible,unspecified
baskauf/10676,baskauf_10676.jpg,Aesculus hippocastanum,inflorescence,frontal view of flower,inflorescence / frontal view of flower,flower,vanderbilt/6-87,close-up,high,"A diagnostic organ, surface, or fine detail is the main subject.",,,,Gemma: contextual woody structure + visible subject,BioImages subview: frontal view of flower,Gemma: flower close-up | Gemma free tag: close-up,False,leaf-on,visible,unspecified
baskauf/10675,baskauf_10675.jpg,Aesculus hippocastanum,inflorescence,whole - unspecified,inflorescence / whole - unspecified,flower,vanderbilt/6-87,mid-range,medium,"A branch system or contextual plant part is visible, without the whole organism.",,,,Gemma: contextual woody structure + visible subject,,,True,leaf-on,visible,environmental
baskauf/10677,baskauf_10677.jpg,Aesculus hippocastanum,inflorescence,whole - unspecified,inflorescence / whole - unspecified,flower,vanderbilt/6-87,close-up,medium,"A diagnostic organ, surface, or fine detail is the main subject.",,,,Gemma: contextual woody structure + visible subject,,Gemma: flower close-up | Gemma: frontal flower view | Gemma free tag: close-up,True,not-visible,visible,unspecified
baskauf/11950,baskauf_11950.jpg,Aesculus hippocastanum,fruit,immature,fruit / immature,fruit,vanderbilt/6-87,close-up,medium,"A diagnostic organ, surface, or fine detail is the main subject.",,,,Gemma: contextual woody structure + visible subject,,Gemma: fruit close-up | Gemma free tag: close-up,True,not-visible,visible,unspecified
baskauf/10904,baskauf_10904.jpg,Ailanthus altissima,whole tree (or vine),general,whole tree (or vine) / general,whole-tree,ind-baskauf/10904,distant,medium,Whole organism or crown is visible with scene context.,BioImages group: whole-tree,,,Gemma: contextual woody structure + visible subject,,,True,leaf-on,not-visible,environmental
baskauf/10978,baskauf_10978.jpg,Ailanthus altissima,whole tree (or vine),general,whole tree (or vine) / general,whole-tree,vanderbilt/12-230,distant,high,Whole organism or crown is visible with scene context.,BioImages group: whole-tree,Gemma: whole plant | Gemma free tag: tree crown,,Gemma: contextual woody structure + visible subject,,,False,leaf-on,not-visible,unspecified
baskauf/10997,baskauf_10997.jpg,Ailanthus altissima,whole tree (or vine),general,whole tree (or vine) / general,whole-tree,ind-baskauf/10997,distant,high,Whole organism or crown is visible with scene context.,BioImages group: whole-tree,Gemma: whole plant,,Gemma: contextual woody structure + visible subject,,,False,leaf-on,not-visible,unspecified
baskauf/10998,baskauf_10998.jpg,Ailanthus altissima,whole tree (or vine),general,whole tree (or vine) / general,whole-tree,ind-baskauf/10997,distant,high,Whole organism or crown is visible with scene context.,BioImages group: whole-tree,Gemma: whole plant,,Gemma: contextual woody structure + visible subject,,,False,leaf-on,not-visible,unspecified
baskauf/11106,baskauf_11106.jpg,Ailanthus altissima,whole tree (or vine),general,whole tree (or vine) / general,whole-tree,ind-baskauf/10997,distant,high,Whole organism or crown is visible with scene context.,BioImages group: whole-tree,Gemma: whole plant,,Gemma: contextual woody structure + visible subject,,,False,leaf-on,visible,unspecified
baskauf/90959,baskauf_90959.jpg,Ailanthus altissima,whole tree (or vine),general,whole tree (or vine) / general,whole-tree,vanderbilt/7-87,distant,high,Whole organism or crown is visible with scene context.,BioImages group: whole-tree,Gemma: whole plant,,Gemma: contextual woody structure + visible subject,,,False,leaf-on,not-visible,environmental
baskauf/89373,baskauf_89373.jpg,Ailanthus altissima,whole tree (or vine),winter,whole tree (or vine) / winter,whole-tree,vanderbilt/7-87,distant,high,Whole organism or crown is visible with scene context.,BioImages group: whole-tree,Gemma: whole plant,,Gemma: contextual woody structure + visible subject,,,False,leaf-off,not-visible,environmental
baskauf/11109,baskauf_11109.jpg,Ailanthus altissima,bark,of a medium tree or large branch,bark / of a medium tree or large branch,bark,ind-baskauf/10997,close-up,medium,"A diagnostic organ, surface, or fine detail is the main subject.",,,BioImages subview: of a medium tree or large branch,,,Gemma free tag: close-up,True,not-visible,not-visible,unspecified
baskauf/17536,baskauf_17536.jpg,Ailanthus altissima,twig,close-up winter leaf scar/bud,twig / close-up winter leaf scar/bud,twig,ind-baskauf/10997,close-up,high,"A diagnostic organ, surface, or fine detail is the main subject.",,,,Gemma: contextual woody structure + visible subject,BioImages subview: close-up winter leaf scar/bud,Gemma: leaf scar | Gemma free tag: close-up,False,leaf-off,not-visible,unspecified
baskauf/39159,baskauf_39159.jpg,Ailanthus altissima,twig,close-up winter leaf scar/bud,twig / close-up winter leaf scar/bud,twig,vanderbilt/7-87,close-up,high,"A diagnostic organ, surface, or fine detail is the main subject.",,,,Gemma: contextual woody structure + visible subject,BioImages subview: close-up winter leaf scar/bud,Gemma free tag: close-up,False,leaf-off,not-visible,unspecified
baskauf/39171,baskauf_39171.jpg,Ailanthus altissima,twig,close-up winter terminal bud,twig / close-up winter terminal bud,twig,vanderbilt/7-87,close-up,high,"A diagnostic organ, surface, or fine detail is the main subject.",,,,Gemma: contextual woody structure + visible subject,BioImages subview: close-up winter terminal bud,Gemma: terminal bud | Gemma free tag: close-up,False,not-visible,not-visible,unspecified
baskauf/39173,baskauf_39173.jpg,Ailanthus altissima,twig,close-up winter terminal bud,twig / close-up winter terminal bud,twig,vanderbilt/7-87,close-up,high,"A diagnostic organ, surface, or fine detail is the main subject.",,,,Gemma: contextual woody structure + visible subject,BioImages subview: close-up winter terminal bud,Gemma free tag: close-up,False,leaf-off,not-visible,unspecified
baskauf/17534,baskauf_17534.jpg,Ailanthus altissima,twig,winter overall,twig / winter overall,twig,ind-baskauf/10997,mid-range,medium,"A branch system or contextual plant part is visible, without the whole organism.",,,,Gemma: contextual woody structure + visible subject,,,True,leaf-off,not-visible,unspecified
baskauf/52519,baskauf_52519.jpg,Ailanthus altissima,leaf,margin of upper + lower surface,leaf / margin of upper + lower surface,leaf,vanderbilt/7-87,close-up,high,"A diagnostic organ, surface, or fine detail is the main subject.",,,,,BioImages subview: margin of upper + lower surface,Gemma: leaf upper surface | Gemma free tag: close-up,False,leaf-on,not-visible,unspecified
baskauf/10980,baskauf_10980.jpg,Ailanthus altissima,leaf,showing orientation on twig,leaf / showing orientation on twig,leaf,vanderbilt/12-230,mid-range,high,"A branch system or contextual plant part is visible, without the whole organism.",,,BioImages subview: showing orientation on twig,Gemma: contextual woody structure + visible subject,,,False,leaf-on,not-visible,environmental
baskauf/15190,baskauf_15190.jpg,Ailanthus altissima,leaf,unspecified,leaf / unspecified,leaf,vanderbilt/7-87,close-up,medium,"A diagnostic organ, surface, or fine detail is the main subject.",,,,,,Gemma: leaf margin | Gemma: leaf upper surface | Gemma free tag: close-up,True,leaf-on,not-visible,unspecified
baskauf/15192,baskauf_15192.jpg,Ailanthus altissima,leaf,unspecified,leaf / unspecified,leaf,vanderbilt/7-87,close-up,medium,"A diagnostic organ, surface, or fine detail is the main subject.",,,,Gemma: contextual woody structure + visible subject,,Gemma: leaf upper surface | Gemma free tag: close-up,True,leaf-on,not-visible,unspecified
baskauf/15196,baskauf_15196.jpg,Ailanthus altissima,leaf,unspecified,leaf / unspecified,leaf,vanderbilt/7-87,close-up,medium,"A diagnostic organ, surface, or fine detail is the main subject.",,,,Gemma: contextual woody structure + visible subject,,Gemma: leaf upper surface | Gemma free tag: close-up,True,leaf-on,not-visible,unspecified
baskauf/11107,baskauf_11107.jpg,Ailanthus altissima,leaf,whole upper surface,leaf / whole upper surface,leaf,ind-baskauf/10997,close-up,medium,"A diagnostic organ, surface, or fine detail is the main subject.",,,,Gemma: contextual woody structure + visible subject,BioImages subview: whole upper surface,,True,leaf-on,not-visible,unspecified
baskauf/11105,baskauf_11105.jpg,Ailanthus altissima,inflorescence,frontal view of flower,inflorescence / frontal view of flower,flower,ind-baskauf/10997,close-up,high,"A diagnostic organ, surface, or fine detail is the main subject.",,,,,BioImages subview: frontal view of flower,Gemma: flower close-up | Gemma free tag: close-up,False,not-visible,visible,unspecified
baskauf/10999,baskauf_10999.jpg,Ailanthus altissima,inflorescence,whole - unspecified,inflorescence / whole - unspecified,flower,ind-baskauf/10997,mid-range,medium,"A branch system or contextual plant part is visible, without the whole organism.",,,,Gemma: contextual woody structure + visible subject,,,True,leaf-on,visible,unspecified
baskauf/11102,baskauf_11102.jpg,Ailanthus altissima,inflorescence,whole - unspecified,inflorescence / whole - unspecified,flower,ind-baskauf/10997,mid-range,medium,"A branch system or contextual plant part is visible, without the whole organism.",,,,Gemma: contextual woody structure + visible subject,,,True,leaf-on,visible,unspecified
baskauf/13165,baskauf_13165.jpg,Ailanthus altissima,fruit,as borne on the plant,fruit / as borne on the plant,fruit,ind-baskauf/10997,distant,medium,Whole organism or crown is visible with scene context.,,Gemma: whole plant,BioImages subview: as borne on the plant,,,,True,leaf-on,visible,unspecified
baskauf/13169,baskauf_13169.jpg,Ailanthus altissima,fruit,as borne on the plant,fruit / as borne on the plant,fruit,ind-baskauf/10997,close-up,medium,"A diagnostic organ, surface, or fine detail is the main subject.",,,BioImages subview: as borne on the plant,,,Gemma: flower close-up | Gemma free tag: close-up,True,leaf-on,visible,unspecified
baskauf/15184,baskauf_15184.jpg,Ailanthus altissima,fruit,as borne on the plant,fruit / as borne on the plant,fruit,vanderbilt/7-87,mid-range,high,"A branch system or contextual plant part is visible, without the whole organism.",,,BioImages subview: as borne on the plant,Gemma: contextual woody structure + visible subject,,,False,leaf-on,visible,unspecified
baskauf/15185,baskauf_15185.jpg,Ailanthus altissima,fruit,as borne on the plant,fruit / as borne on the plant,fruit,vanderbilt/7-87,close-up,medium,"A diagnostic organ, surface, or fine detail is the main subject.",,,BioImages subview: as borne on the plant,Gemma: contextual woody structure + visible subject,,Gemma: fruit close-up | Gemma free tag: close-up,True,leaf-on,visible,unspecified
baskauf/13172,baskauf_13172.jpg,Ailanthus altissima,fruit,lateral or general close-up,fruit / lateral or general close-up,fruit,ind-baskauf/10997,close-up,high,"A diagnostic organ, surface, or fine detail is the main subject.",,,,,BioImages subview: lateral or general close-up,Gemma: flower close-up | Gemma free tag: close-up,False,not-visible,visible,unspecified
baskauf/15187,baskauf_15187.jpg,Ailanthus altissima,fruit,lateral or general close-up,fruit / lateral or general close-up,fruit,vanderbilt/7-87,close-up,high,"A diagnostic organ, surface, or fine detail is the main subject.",,,,Gemma: contextual woody structure + visible subject,BioImages subview: lateral or general close-up,Gemma: fruit close-up | Gemma free tag: close-up,False,not-visible,visible,unspecified
baskauf/31400,baskauf_31400.jpg,Amelanchier arborea,whole tree (or vine),winter,whole tree (or vine) / winter,whole-tree,ind-baskauf/31399,distant,high,Whole organism or crown is visible with scene context.,BioImages group: whole-tree,Gemma: whole plant,,Gemma: contextual woody structure + visible subject,,,False,leaf-off,visible,environmental
baskauf/22595,baskauf_22595.jpg,Amelanchier arborea,bark,of a medium tree or large branch,bark / of a medium tree or large branch,bark,ind-baskauf/18967,close-up,medium,"A diagnostic organ, surface, or fine detail is the main subject.",,,BioImages subview: of a medium tree or large branch,Gemma: contextual woody structure + visible subject,,Gemma free tag: close-up,True,not-visible,not-visible,unspecified
baskauf/31411,baskauf_31411.jpg,Amelanchier arborea,bark,of a medium tree or large branch,bark / of a medium tree or large branch,bark,ind-baskauf/31399,close-up,medium,"A diagnostic organ, surface, or fine detail is the main subject.",,,BioImages subview: of a medium tree or large branch,,,Gemma free tag: close-up,True,not-visible,not-visible,unspecified
baskauf/31426,baskauf_31426.jpg,Amelanchier arborea,twig,close-up winter terminal bud,twig / close-up winter terminal bud,twig,ind-baskauf/31399,close-up,high,"A diagnostic organ, surface, or fine detail is the main subject.",,,,Gemma: contextual woody structure + visible subject,BioImages subview: close-up winter terminal bud,Gemma: terminal bud | Gemma free tag: close-up,False,leaf-off,not-visible,unspecified
baskauf/22601,baskauf_22601.jpg,Amelanchier arborea,twig,winter overall,twig / winter overall,twig,ind-baskauf/18967,mid-range,medium,"A branch system or contextual plant part is visible, without the whole organism.",,,,Gemma: contextual woody structure + visible subject,,,True,leaf-off,not-visible,unspecified
baskauf/32123,baskauf_32123.jpg,Amelanchier arborea,leaf,whole upper surface,leaf / whole upper surface,leaf,ind-baskauf/32120,close-up,high,"A diagnostic organ, surface, or fine detail is the main subject.",,,,,BioImages subview: whole upper surface,Gemma: leaf upper surface | Gemma free tag: close-up,False,leaf-on,not-visible,unspecified
baskauf/32482,baskauf_32482.jpg,Amelanchier arborea,leaf,whole upper surface,leaf / whole upper surface,leaf,ind-baskauf/32477,close-up,high,"A diagnostic organ, surface, or fine detail is the main subject.",,,,,BioImages subview: whole upper surface,Gemma: leaf margin | Gemma: leaf upper surface | Gemma free tag: close-up,False,leaf-on,not-visible,unspecified
baskauf/18969,baskauf_18969.jpg,Amelanchier arborea,inflorescence,frontal view of flower,inflorescence / frontal view of flower,flower,ind-baskauf/18967,close-up,high,"A diagnostic organ, surface, or fine detail is the main subject.",,,,Gemma: contextual woody structure + visible subject,BioImages subview: frontal view of flower,Gemma: flower close-up | Gemma free tag: close-up,False,not-visible,visible,unspecified
baskauf/31418,baskauf_31418.jpg,Amelanchier arborea,inflorescence,frontal view of flower,inflorescence / frontal view of flower,flower,ind-baskauf/31399,close-up,high,"A diagnostic organ, surface, or fine detail is the main subject.",,,,Gemma: contextual woody structure + visible subject,BioImages subview: frontal view of flower,Gemma: flower close-up | Gemma free tag: close-up,False,not-visible,visible,unspecified
baskauf/31421,baskauf_31421.jpg,Amelanchier arborea,inflorescence,frontal view of flower,inflorescence / frontal view of flower,flower,ind-baskauf/31399,close-up,high,"A diagnostic organ, surface, or fine detail is the main subject.",,,,Gemma: contextual woody structure + visible subject,BioImages subview: frontal view of flower,Gemma: flower close-up | Gemma: flower interior | Gemma free tag: close-up,False,not-visible,visible,unspecified
baskauf/18976,baskauf_18976.jpg,Amelanchier arborea,inflorescence,lateral view of flower,inflorescence / lateral view of flower,flower,ind-baskauf/18967,close-up,high,"A diagnostic organ, surface, or fine detail is the main subject.",,,,Gemma: contextual woody structure + visible subject,BioImages subview: lateral view of flower,Gemma: flower close-up | Gemma free tag: close-up,False,leaf-on,visible,unspecified
baskauf/31425,baskauf_31425.jpg,Amelanchier arborea,inflorescence,lateral view of flower,inflorescence / lateral view of flower,flower,ind-baskauf/31399,close-up,high,"A diagnostic organ, surface, or fine detail is the main subject.",,,,Gemma: contextual woody structure + visible subject,BioImages subview: lateral view of flower,Gemma: flower close-up | Gemma free tag: close-up,False,leaf-on,visible,unspecified
baskauf/31404,baskauf_31404.jpg,Amelanchier arborea,inflorescence,whole - unspecified,inflorescence / whole - unspecified,flower,ind-baskauf/31399,distant,medium,Whole organism or crown is visible with scene context.,,Gemma: whole plant,,Gemma: contextual woody structure + visible subject,,,True,leaf-off,visible,unspecified
baskauf/31412,baskauf_31412.jpg,Amelanchier arborea,inflorescence,whole - unspecified,inflorescence / whole - unspecified,flower,ind-baskauf/31399,close-up,medium,"A diagnostic organ, surface, or fine detail is the main subject.",,,,Gemma: contextual woody structure + visible subject,,Gemma: flower close-up,True,not-visible,visible,unspecified
baskauf/32481,baskauf_32481.jpg,Amelanchier arborea,fruit,as borne on the plant,fruit / as borne on the plant,fruit,ind-baskauf/32477,close-up,medium,"A diagnostic organ, surface, or fine detail is the main subject.",,,BioImages subview: as borne on the plant,Gemma: contextual woody structure + visible subject,,Gemma: flower close-up | Gemma free tag: close-up,True,leaf-on,visible,unspecified
baskauf/34159,baskauf_34159.jpg,Amelanchier arborea,fruit,as borne on the plant,fruit / as borne on the plant,fruit,ind-baskauf/34156,close-up,medium,"A diagnostic organ, surface, or fine detail is the main subject.",,,BioImages subview: as borne on the plant,Gemma: contextual woody structure + visible subject,,Gemma free tag: close-up,True,leaf-on,visible,unspecified
baskauf/22607,baskauf_22607.jpg,Amelanchier arborea,fruit,immature,fruit / immature,fruit,ind-baskauf/18967,close-up,medium,"A diagnostic organ, surface, or fine detail is the main subject.",,,,Gemma: contextual woody structure + visible subject,,Gemma: fruit close-up | Gemma free tag: close-up,True,not-visible,visible,unspecified
baskauf/32478,baskauf_32478.jpg,Amelanchier arborea,fruit,immature,fruit / immature,fruit,ind-baskauf/32477,close-up,medium,"A diagnostic organ, surface, or fine detail is the main subject.",,,,Gemma: contextual woody structure + visible subject,,Gemma free tag: close-up,True,leaf-on,visible,unspecified
baskauf/34165,baskauf_34165.jpg,Amelanchier arborea,fruit,lateral or general close-up,fruit / lateral or general close-up,fruit,ind-baskauf/34156,close-up,high,"A diagnostic organ, surface, or fine detail is the main subject.",,,,Gemma: contextual woody structure + visible subject,BioImages subview: lateral or general close-up,Gemma: fruit close-up | Gemma free tag: close-up,False,leaf-on,visible,unspecified
baskauf/11515,baskauf_11515.jpg,Betula alleghaniensis,whole tree (or vine),general,whole tree (or vine) / general,whole-tree,ind-baskauf/11510,distant,high,Whole organism or crown is visible with scene context.,BioImages group: whole-tree,Gemma: whole plant,,Gemma: contextual woody structure + visible subject,,,False,leaf-on,not-visible,unspecified
baskauf/11449,baskauf_11449.jpg,Betula alleghaniensis,bark,of a large tree,bark / of a large tree,bark,ind-baskauf/11449,uncertain,low,"No positive distant, mid-range, or close-up evidence was found.",,,,,,,True,not-visible,not-visible,environmental
baskauf/11516,baskauf_11516.jpg,Betula alleghaniensis,bark,of a medium tree or large branch,bark / of a medium tree or large branch,bark,ind-baskauf/11510,close-up,medium,"A diagnostic organ, surface, or fine detail is the main subject.",,,BioImages subview: of a medium tree or large branch,,,Gemma free tag: close-up,True,not-visible,not-visible,unspecified
baskauf/11719,baskauf_11719.jpg,Betula alleghaniensis,bark,of a small tree or small branch,bark / of a small tree or small branch,bark,ind-baskauf/11719,close-up,medium,"A diagnostic organ, surface, or fine detail is the main subject.",,,BioImages subview: of a small tree or small branch,,,Gemma free tag: close-up,True,not-visible,not-visible,unspecified
baskauf/49244,baskauf_49244.jpg,Betula alleghaniensis,bark,of a small tree or small branch,bark / of a small tree or small branch,bark,ind-baskauf/49238,close-up,medium,"A diagnostic organ, surface, or fine detail is the main subject.",,,BioImages subview: of a small tree or small branch,,,Gemma free tag: close-up,True,not-visible,not-visible,unspecified
baskauf/49250,baskauf_49250.jpg,Betula alleghaniensis,twig,orientation of petioles,twig / orientation of petioles,twig,ind-baskauf/49238,close-up,medium,"A diagnostic organ, surface, or fine detail is the main subject.",,,BioImages subview: orientation of petioles,Gemma: contextual woody structure + visible subject,,Gemma free tag: close-up,True,leaf-on,not-visible,unspecified
baskauf/49252,baskauf_49252.jpg,Betula alleghaniensis,twig,orientation of petioles,twig / orientation of petioles,twig,ind-baskauf/49238,close-up,medium,"A diagnostic organ, surface, or fine detail is the main subject.",,,BioImages subview: orientation of petioles,Gemma: contextual woody structure + visible subject,,Gemma: leaf margin,True,leaf-on,not-visible,unspecified
baskauf/49248,baskauf_49248.jpg,Betula alleghaniensis,leaf,margin of upper + lower surface,leaf / margin of upper + lower surface,leaf,ind-baskauf/49238,close-up,high,"A diagnostic organ, surface, or fine detail is the main subject.",,,,,BioImages subview: margin of upper + lower surface,Gemma: leaf margin | Gemma: leaf upper surface | Gemma free tag: close-up,False,leaf-on,not-visible,unspecified
baskauf/49249,baskauf_49249.jpg,Betula alleghaniensis,leaf,margin of upper + lower surface,leaf / margin of upper + lower surface,leaf,ind-baskauf/49238,close-up,high,"A diagnostic organ, surface, or fine detail is the main subject.",,,,Gemma: contextual woody structure + visible subject,BioImages subview: margin of upper + lower surface,Gemma: leaf margin | Gemma: leaf upper surface | Gemma free tag: close-up,False,leaf-on,not-visible,unspecified
baskauf/11511,baskauf_11511.jpg,Betula alleghaniensis,leaf,showing orientation on twig,leaf / showing orientation on twig,leaf,ind-baskauf/11510,close-up,medium,"A diagnostic organ, surface, or fine detail is the main subject.",,,BioImages subview: showing orientation on twig,Gemma: contextual woody structure + visible subject,,Gemma: leaf margin | Gemma free tag: close-up,True,leaf-on,not-visible,unspecified
baskauf/11510,baskauf_11510.jpg,Betula alleghaniensis,leaf,whole upper surface,leaf / whole upper surface,leaf,ind-baskauf/11510,close-up,high,"A diagnostic organ, surface, or fine detail is the main subject.",,,,,BioImages subview: whole upper surface,Gemma: leaf margin | Gemma: leaf upper surface | Gemma free tag: close-up,False,leaf-on,not-visible,unspecified
baskauf/49247,baskauf_49247.jpg,Betula alleghaniensis,leaf,whole upper surface,leaf / whole upper surface,leaf,ind-baskauf/49238,close-up,high,"A diagnostic organ, surface, or fine detail is the main subject.",,,,Gemma: contextual woody structure + visible subject,BioImages subview: whole upper surface,Gemma: leaf margin | Gemma: leaf upper surface | Gemma free tag: close-up,False,leaf-on,not-visible,unspecified
baskauf/26426,baskauf_26426.jpg,Betula alleghaniensis,inflorescence,lateral view of flower,inflorescence / lateral view of flower,flower,ind-baskauf/26417,close-up,high,"A diagnostic organ, surface, or fine detail is the main subject.",,,,,BioImages subview: lateral view of flower,Gemma: flower close-up | Gemma free tag: close-up,False,not-visible,visible,unspecified
baskauf/26421,baskauf_26421.jpg,Betula alleghaniensis,inflorescence,whole - male,inflorescence / whole - male,flower,ind-baskauf/26417,uncertain,low,"No positive distant, mid-range, or close-up evidence was found.",,,,,,,True,not-visible,visible,unspecified
baskauf/38151,baskauf_38151.jpg,Betula lenta,whole tree (or vine),general,whole tree (or vine) / general,whole-tree,ind-baskauf/38137,distant,high,Whole organism or crown is visible with scene context.,BioImages group: whole-tree,Gemma: whole plant,,Gemma: contextual woody structure + visible subject,,,False,leaf-on,not-visible,environmental
baskauf/38154,baskauf_38154.jpg,Betula lenta,whole tree (or vine),general,whole tree (or vine) / general,whole-tree,ind-baskauf/38137,distant,high,Whole organism or crown is visible with scene context.,BioImages group: whole-tree,Gemma: whole plant,,Gemma: contextual woody structure + visible subject,,,False,leaf-on,not-visible,unspecified
baskauf/38156,baskauf_38156.jpg,Betula lenta,whole tree (or vine),view up trunk,whole tree (or vine) / view up trunk,whole-tree,ind-baskauf/38137,distant,high,Whole organism or crown is visible with scene context.,BioImages group: whole-tree,Gemma: whole plant,,Gemma: contextual woody structure + visible subject,,,False,leaf-on,not-visible,unspecified
baskauf/11698,baskauf_11698.jpg,Betula lenta,bark,of a large tree,bark / of a large tree,bark,ind-baskauf/11698,close-up,medium,"A diagnostic organ, surface, or fine detail is the main subject.",,,,,,Gemma free tag: close-up,True,not-visible,not-visible,unspecified
baskauf/38148,baskauf_38148.jpg,Betula lenta,bark,of a large tree,bark / of a large tree,bark,ind-baskauf/38137,close-up,medium,"A diagnostic organ, surface, or fine detail is the main subject.",,,,,,Gemma free tag: close-up,True,not-visible,not-visible,unspecified
baskauf/37287,baskauf_37287.jpg,Betula lenta,bark,of a medium tree or large branch,bark / of a medium tree or large branch,bark,ind-baskauf/37284,close-up,medium,"A diagnostic organ, surface, or fine detail is the main subject.",,,BioImages subview: of a medium tree or large branch,,,Gemma free tag: close-up,True,not-visible,not-visible,unspecified
baskauf/37293,baskauf_37293.jpg,Betula lenta,bark,of a small tree or small branch,bark / of a small tree or small branch,bark,ind-baskauf/37284,close-up,medium,"A diagnostic organ, surface, or fine detail is the main subject.",,,BioImages subview: of a small tree or small branch,Gemma: contextual woody structure + visible subject,,Gemma free tag: close-up,True,not-visible,not-visible,unspecified
baskauf/38139,baskauf_38139.jpg,Betula lenta,twig,orientation of petioles,twig / orientation of petioles,twig,ind-baskauf/38137,close-up,medium,"A diagnostic organ, surface, or fine detail is the main subject.",,,BioImages subview: orientation of petioles,Gemma: contextual woody structure + visible subject,,Gemma: terminal bud | Gemma free tag: close-up,True,leaf-on,not-visible,unspecified
baskauf/37296,baskauf_37296.jpg,Betula lenta,twig,winter overall,twig / winter overall,twig,ind-baskauf/37284,close-up,medium,"A diagnostic organ, surface, or fine detail is the main subject.",,,,Gemma: contextual woody structure + visible subject,,Gemma free tag: close-up,True,leaf-off,not-visible,unspecified
baskauf/38144,baskauf_38144.jpg,Betula lenta,leaf,margin of upper + lower surface,leaf / margin of upper + lower surface,leaf,ind-baskauf/38137,close-up,high,"A diagnostic organ, surface, or fine detail is the main subject.",,,,,BioImages subview: margin of upper + lower surface,Gemma: leaf margin | Gemma: leaf upper surface | Gemma free tag: close-up,False,leaf-on,not-visible,unspecified
baskauf/38145,baskauf_38145.jpg,Betula lenta,leaf,showing orientation on twig,leaf / showing orientation on twig,leaf,ind-baskauf/38137,close-up,medium,"A diagnostic organ, surface, or fine detail is the main subject.",,,BioImages subview: showing orientation on twig,Gemma: contextual woody structure + visible subject,,Gemma: leaf margin | Gemma free tag: close-up,True,leaf-on,not-visible,unspecified
baskauf/38140,baskauf_38140.jpg,Betula lenta,leaf,whole upper surface,leaf / whole upper surface,leaf,ind-baskauf/38137,close-up,high,"A diagnostic organ, surface, or fine detail is the main subject.",,,,Gemma: contextual woody structure + visible subject,BioImages subview: whole upper surface,Gemma: leaf margin | Gemma: leaf upper surface | Gemma free tag: close-up,False,leaf-on,not-visible,unspecified
bassettst/sb560,bassettst_sb560.jpg,Betula papyrifera,whole tree (or vine),general,whole tree (or vine) / general,whole-tree,ind-bassettst/sb560,distant,high,Whole organism or crown is visible with scene context.,BioImages group: whole-tree,Gemma: whole plant,,Gemma: contextual woody structure + visible subject,,,False,leaf-on,not-visible,environmental
bassettst/sb561,bassettst_sb561.jpg,Betula papyrifera,whole tree (or vine),general,whole tree (or vine) / general,whole-tree,ind-bassettst/sb560,distant,high,Whole organism or crown is visible with scene context.,BioImages group: whole-tree,Gemma: whole plant,,Gemma: contextual woody structure + visible subject,,,False,leaf-on,not-visible,unspecified
bassettst/sb562,bassettst_sb562.jpg,Betula papyrifera,whole tree (or vine),general,whole tree (or vine) / general,whole-tree,ind-bassettst/sb560,distant,high,Whole organism or crown is visible with scene context.,BioImages group: whole-tree,Gemma: whole plant,,Gemma: contextual woody structure + visible subject,,,False,leaf-on,not-visible,environmental
bassettst/sb564,bassettst_sb564.jpg,Betula papyrifera,whole tree (or vine),view up trunk,whole tree (or vine) / view up trunk,whole-tree,ind-bassettst/sb560,distant,high,Whole organism or crown is visible with scene context.,BioImages group: whole-tree,Gemma: whole plant,,Gemma: contextual woody structure + visible subject,,,False,leaf-on,not-visible,environmental
bassettst/sb569,bassettst_sb569.jpg,Betula papyrifera,bark,of a large tree,bark / of a large tree,bark,ind-bassettst/sb560,uncertain,low,"No positive distant, mid-range, or close-up evidence was found.",,,,,,,True,not-visible,not-visible,environmental
bassettst/sb563,bassettst_sb563.jpg,Betula papyrifera,leaf,showing orientation on twig,leaf / showing orientation on twig,leaf,ind-bassettst/sb560,close-up,medium,"A diagnostic organ, surface, or fine detail is the main subject.",,,BioImages subview: showing orientation on twig,Gemma: contextual woody structure + visible subject,,Gemma: leaf margin,True,leaf-on,not-visible,environmental
baskauf/24520,baskauf_24520.jpg,Carpinus caroliniana,whole tree (or vine),general,whole tree (or vine) / general,whole-tree,ind-baskauf/24519,distant,high,Whole organism or crown is visible with scene context.,BioImages group: whole-tree,Gemma: whole plant,,Gemma: contextual woody structure + visible subject,,,False,leaf-on,not-visible,environmental
baskauf/91059,baskauf_91059.jpg,Carpinus caroliniana,whole tree (or vine),general,whole tree (or vine) / general,whole-tree,vanderbilt/6-189,distant,high,Whole organism or crown is visible with scene context.,BioImages group: whole-tree,Gemma: whole plant,,Gemma: contextual woody structure + visible subject,,,False,leaf-on,not-visible,environmental
kirchoff/b5063,kirchoff_b5063.jpg,Carpinus caroliniana,whole tree (or vine),general,whole tree (or vine) / general,whole-tree,ind-kirchoff/b5063,distant,high,Whole organism or crown is visible with scene context.,BioImages group: whole-tree,Gemma: whole plant | Gemma free tag: full tree | Gemma free tag: tree crown,,Gemma: contextual woody structure + visible subject,,,False,leaf-on,not-visible,unspecified
kirchoff/b5070,kirchoff_b5070.jpg,Carpinus caroliniana,bark,of a large tree,bark / of a large tree,bark,ind-kirchoff/b5063,close-up,medium,"A diagnostic organ, surface, or fine detail is the main subject.",,,,,,Gemma free tag: close-up,True,not-visible,not-visible,unspecified
kirchoff/b5060,kirchoff_b5060.jpg,Carpinus caroliniana,bark,of a medium tree or large branch,bark / of a medium tree or large branch,bark,ind-kirchoff/b5060,mid-range,high,"A branch system or contextual plant part is visible, without the whole organism.",,,BioImages subview: of a medium tree or large branch,Gemma: contextual woody structure + visible subject,,,False,leaf-off,not-visible,unspecified
kirchoff/b5061,kirchoff_b5061.jpg,Carpinus caroliniana,bark,of a medium tree or large branch,bark / of a medium tree or large branch,bark,ind-kirchoff/b5061,mid-range,high,"A branch system or contextual plant part is visible, without the whole organism.",,,BioImages subview: of a medium tree or large branch,Gemma: contextual woody structure + visible subject,,,False,leaf-off,not-visible,unspecified
kirchoff/b5062,kirchoff_b5062.jpg,Carpinus caroliniana,bark,of a medium tree or large branch,bark / of a medium tree or large branch,bark,ind-kirchoff/b5062,distant,medium,Whole organism or crown is visible with scene context.,,Gemma: whole plant,BioImages subview: of a medium tree or large branch,Gemma: contextual woody structure + visible subject,,,True,leaf-off,not-visible,environmental
kirchoff/b5066,kirchoff_b5066.jpg,Carpinus caroliniana,bark,of a medium tree or large branch,bark / of a medium tree or large branch,bark,ind-kirchoff/b5063,close-up,medium,"A diagnostic organ, surface, or fine detail is the main subject.",,,BioImages subview: of a medium tree or large branch,Gemma: contextual woody structure + visible subject,,Gemma free tag: close-up,True,not-visible,not-visible,unspecified
baskauf/12036,baskauf_12036.jpg,Carpinus caroliniana,bark,of a small tree or small branch,bark / of a small tree or small branch,bark,ind-baskauf/12036,close-up,medium,"A diagnostic organ, surface, or fine detail is the main subject.",,,BioImages subview: of a small tree or small branch,,,Gemma free tag: close-up,True,not-visible,not-visible,unspecified
baskauf/15728,baskauf_15728.jpg,Carpinus caroliniana,bark,of a small tree or small branch,bark / of a small tree or small branch,bark,ind-baskauf/15719,distant,medium,Whole organism or crown is visible with scene context.,,Gemma: whole plant,BioImages subview: of a small tree or small branch,Gemma: contextual woody structure + visible subject,,,True,leaf-on,not-visible,unspecified
baskauf/15080,baskauf_15080.jpg,Carpinus caroliniana,twig,orientation of petioles,twig / orientation of petioles,twig,ind-baskauf/15074,close-up,medium,"A diagnostic organ, surface, or fine detail is the main subject.",,,BioImages subview: orientation of petioles,Gemma: contextual woody structure + visible subject,,Gemma: petiole arrangement | Gemma free tag: close-up,True,leaf-off,not-visible,unspecified
baskauf/15691,baskauf_15691.jpg,Carpinus caroliniana,twig,orientation of petioles,twig / orientation of petioles,twig,ind-baskauf/15691,close-up,medium,"A diagnostic organ, surface, or fine detail is the main subject.",,,BioImages subview: orientation of petioles,Gemma: contextual woody structure + visible subject,,Gemma: terminal bud | Gemma free tag: close-up,True,leaf-on,not-visible,unspecified
baskauf/29813,baskauf_29813.jpg,Carpinus caroliniana,twig,orientation of petioles,twig / orientation of petioles,twig,ind-baskauf/29806,mid-range,high,"A branch system or contextual plant part is visible, without the whole organism.",,,BioImages subview: orientation of petioles,Gemma: contextual woody structure + visible subject,,,False,leaf-on,not-visible,unspecified
baskauf/15692,baskauf_15692.jpg,Carpinus caroliniana,leaf,margin of upper + lower surface,leaf / margin of upper + lower surface,leaf,ind-baskauf/15691,close-up,high,"A diagnostic organ, surface, or fine detail is the main subject.",,,,,BioImages subview: margin of upper + lower surface,Gemma: leaf margin | Gemma: leaf upper surface | Gemma free tag: close-up,False,leaf-on,not-visible,unspecified
baskauf/11030,baskauf_11030.jpg,Carpinus caroliniana,leaf,showing orientation on twig,leaf / showing orientation on twig,leaf,ind-baskauf/11030,close-up,medium,"A diagnostic organ, surface, or fine detail is the main subject.",,,BioImages subview: showing orientation on twig,Gemma: contextual woody structure + visible subject,,Gemma: leaf upper surface,True,leaf-on,not-visible,unspecified
baskauf/12037,baskauf_12037.jpg,Carpinus caroliniana,leaf,showing orientation on twig,leaf / showing orientation on twig,leaf,ind-baskauf/12036,close-up,medium,"A diagnostic organ, surface, or fine detail is the main subject.",,,BioImages subview: showing orientation on twig,Gemma: contextual woody structure + visible subject,,Gemma: leaf upper surface | Gemma free tag: close-up,True,leaf-on,not-visible,unspecified
baskauf/15074,baskauf_15074.jpg,Carpinus caroliniana,leaf,showing orientation on twig,leaf / showing orientation on twig,leaf,ind-baskauf/15074,close-up,medium,"A diagnostic organ, surface, or fine detail is the main subject.",,,BioImages subview: showing orientation on twig,,,Gemma free tag: close-up,True,not-visible,not-visible,unspecified
baskauf/15076,baskauf_15076.jpg,Carpinus caroliniana,leaf,showing orientation on twig,leaf / showing orientation on twig,leaf,ind-baskauf/15074,close-up,medium,"A diagnostic organ, surface, or fine detail is the main subject.",,,BioImages subview: showing orientation on twig,Gemma: contextual woody structure + visible subject,,Gemma: leaf upper surface | Gemma free tag: close-up,True,leaf-on,not-visible,unspecified
kirchoff/b5067,kirchoff_b5067.jpg,Carpinus caroliniana,leaf,showing orientation on twig,leaf / showing orientation on twig,leaf,ind-kirchoff/b5063,close-up,medium,"A diagnostic organ, surface, or fine detail is the main subject.",,,BioImages subview: showing orientation on twig,Gemma: contextual woody structure + visible subject,,Gemma free tag: close-up,True,leaf-on,not-visible,unspecified
baskauf/15696,baskauf_15696.jpg,Carpinus caroliniana,leaf,unspecified,leaf / unspecified,leaf,ind-baskauf/15691,close-up,medium,"A diagnostic organ, surface, or fine detail is the main subject.",,,,Gemma: contextual woody structure + visible subject,,Gemma: leaf margin | Gemma: leaf upper surface | Gemma: petiole arrangement | Gemma free tag: close-up,True,leaf-on,not-visible,unspecified
baskauf/12039,baskauf_12039.jpg,Carpinus caroliniana,leaf,whole upper surface,leaf / whole upper surface,leaf,ind-baskauf/12036,close-up,high,"A diagnostic organ, surface, or fine detail is the main subject.",,,,Gemma: contextual woody structure + visible subject,BioImages subview: whole upper surface,Gemma: leaf margin | Gemma: leaf upper surface | Gemma: petiole arrangement | Gemma free tag: close-up,False,leaf-on,not-visible,unspecified
baskauf/15078,baskauf_15078.jpg,Carpinus caroliniana,leaf,whole upper surface,leaf / whole upper surface,leaf,ind-baskauf/15074,close-up,high,"A diagnostic organ, surface, or fine detail is the main subject.",,,,,BioImages subview: whole upper surface,Gemma: leaf margin | Gemma: leaf upper surface | Gemma free tag: close-up,False,leaf-on,not-visible,unspecified
baskauf/29811,baskauf_29811.jpg,Carpinus caroliniana,leaf,whole upper surface,leaf / whole upper surface,leaf,ind-baskauf/29806,close-up,high,"A diagnostic organ, surface, or fine detail is the main subject.",,,,Gemma: contextual woody structure + visible subject,BioImages subview: whole upper surface,Gemma: leaf margin | Gemma: leaf upper surface | Gemma free tag: close-up,False,leaf-on,not-visible,unspecified
kirchoff/b5068,kirchoff_b5068.jpg,Carpinus caroliniana,leaf,whole upper surface,leaf / whole upper surface,leaf,ind-kirchoff/b5063,close-up,high,"A diagnostic organ, surface, or fine detail is the main subject.",,,,Gemma: contextual woody structure + visible subject,BioImages subview: whole upper surface,Gemma: leaf upper surface | Gemma free tag: close-up,False,leaf-on,not-visible,unspecified
baskauf/19189,baskauf_19189.jpg,Carpinus caroliniana,inflorescence,whole - female,inflorescence / whole - female,flower,ind-baskauf/19166,close-up,medium,"A diagnostic organ, surface, or fine detail is the main subject.",,,,Gemma: contextual woody structure + visible subject,,Gemma: terminal bud | Gemma free tag: close-up,True,leaf-on,not-visible,unspecified
baskauf/50597,baskauf_50597.jpg,Carpinus caroliniana,inflorescence,whole - female,inflorescence / whole - female,flower,vanderbilt/6-189,close-up,medium,"A diagnostic organ, surface, or fine detail is the main subject.",,,,Gemma: contextual woody structure + visible subject,,Gemma: terminal bud | Gemma free tag: close-up,True,leaf-on,not-visible,unspecified
baskauf/15075,baskauf_15075.jpg,Carpinus caroliniana,inflorescence,whole - male,inflorescence / whole - male,flower,ind-baskauf/15074,mid-range,medium,"A branch system or contextual plant part is visible, without the whole organism.",,,,Gemma: contextual woody structure + visible subject,,,True,leaf-on,visible,unspecified
baskauf/19182,baskauf_19182.jpg,Carpinus caroliniana,inflorescence,whole - male,inflorescence / whole - male,flower,ind-baskauf/19166,close-up,medium,"A diagnostic organ, surface, or fine detail is the main subject.",,,,Gemma: contextual woody structure + visible subject,,Gemma free tag: close-up,True,not-visible,visible,unspecified
baskauf/50598,baskauf_50598.jpg,Carpinus caroliniana,inflorescence,whole - male,inflorescence / whole - male,flower,vanderbilt/6-189,close-up,medium,"A diagnostic organ, surface, or fine detail is the main subject.",,,,Gemma: contextual woody structure + visible subject,,Gemma free tag: close-up,True,not-visible,visible,unspecified
baskauf/19171,baskauf_19171.jpg,Carpinus caroliniana,inflorescence,whole - unspecified,inflorescence / whole - unspecified,flower,ind-baskauf/19166,mid-range,medium,"A branch system or contextual plant part is visible, without the whole organism.",,,,Gemma: contextual woody structure + visible subject,,,True,not-visible,visible,unspecified
baskauf/50601,baskauf_50601.jpg,Carpinus caroliniana,inflorescence,whole - unspecified,inflorescence / whole - unspecified,flower,vanderbilt/6-189,mid-range,medium,"A branch system or contextual plant part is visible, without the whole organism.",,,,Gemma: contextual woody structure + visible subject,,,True,leaf-off,visible,unspecified
baskauf/15719,baskauf_15719.jpg,Carpinus caroliniana,fruit,as borne on the plant,fruit / as borne on the plant,fruit,ind-baskauf/15719,close-up,medium,"A diagnostic organ, surface, or fine detail is the main subject.",,,BioImages subview: as borne on the plant,Gemma: contextual woody structure + visible subject,,Gemma free tag: close-up,True,leaf-on,visible,unspecified
baskauf/25478,baskauf_25478.jpg,Carpinus caroliniana,fruit,as borne on the plant,fruit / as borne on the plant,fruit,ind-baskauf/25478,close-up,medium,"A diagnostic organ, surface, or fine detail is the main subject.",,,BioImages subview: as borne on the plant,Gemma: contextual woody structure + visible subject,,Gemma free tag: close-up,True,leaf-on,not-visible,unspecified
kirchoff/b5071,kirchoff_b5071.jpg,Carpinus caroliniana,fruit,as borne on the plant,fruit / as borne on the plant,fruit,ind-kirchoff/b5063,mid-range,high,"A branch system or contextual plant part is visible, without the whole organism.",,,BioImages subview: as borne on the plant,Gemma: contextual woody structure + visible subject,,,False,leaf-on,not-visible,unspecified
kirchoff/b5069,kirchoff_b5069.jpg,Carpinus caroliniana,fruit,immature,fruit / immature,fruit,ind-kirchoff/b5063,close-up,medium,"A diagnostic organ, surface, or fine detail is the main subject.",,,,Gemma: contextual woody structure + visible subject,,Gemma free tag: close-up,True,leaf-on,visible,unspecified
baskauf/15721,baskauf_15721.jpg,Carpinus caroliniana,fruit,lateral or general close-up,fruit / lateral or general close-up,fruit,ind-baskauf/15719,close-up,high,"A diagnostic organ, surface, or fine detail is the main subject.",,,,,BioImages subview: lateral or general close-up,Gemma: flower close-up | Gemma free tag: close-up,False,leaf-on,visible,unspecified
baskauf/15726,baskauf_15726.jpg,Carpinus caroliniana,fruit,lateral or general close-up,fruit / lateral or general close-up,fruit,ind-baskauf/15719,close-up,high,"A diagnostic organ, surface, or fine detail is the main subject.",,,,Gemma: contextual woody structure + visible subject,BioImages subview: lateral or general close-up,Gemma free tag: close-up,False,leaf-on,not-visible,unspecified
baskauf/43789,baskauf_43789.jpg,Carpinus caroliniana,fruit,lateral or general close-up,fruit / lateral or general close-up,fruit,vanderbilt/6-189,close-up,high,"A diagnostic organ, surface, or fine detail is the main subject.",,,,,BioImages subview: lateral or general close-up,Gemma: fruit close-up | Gemma free tag: close-up,False,leaf-on,visible,unspecified
baskauf/43792,baskauf_43792.jpg,Carpinus caroliniana,fruit,lateral or general close-up,fruit / lateral or general close-up,fruit,vanderbilt/6-189,close-up,high,"A diagnostic organ, surface, or fine detail is the main subject.",,,,Gemma: contextual woody structure + visible subject,BioImages subview: lateral or general close-up,Gemma: fruit close-up | Gemma free tag: close-up,False,not-visible,visible,unspecified
kirchoff/b5064,kirchoff_b5064.jpg,Carpinus caroliniana,fruit,lateral or general close-up,fruit / lateral or general close-up,fruit,ind-kirchoff/b5063,close-up,high,"A diagnostic organ, surface, or fine detail is the main subject.",,,,Gemma: contextual woody structure + visible subject,BioImages subview: lateral or general close-up,Gemma free tag: close-up,False,leaf-on,not-visible,unspecified
kirchoff/b5065,kirchoff_b5065.jpg,Carpinus caroliniana,fruit,lateral or general close-up,fruit / lateral or general close-up,fruit,ind-kirchoff/b5063,close-up,high,"A diagnostic organ, surface, or fine detail is the main subject.",,,,,BioImages subview: lateral or general close-up,Gemma: fruit close-up | Gemma free tag: close-up,False,leaf-on,visible,unspecified
baskauf/11996,baskauf_11996.jpg,Carya cordiformis,whole tree (or vine),general,whole tree (or vine) / general,whole-tree,ind-baskauf/11993,distant,high,Whole organism or crown is visible with scene context.,BioImages group: whole-tree,Gemma: whole plant,,Gemma: contextual woody structure + visible subject,,,False,leaf-on,not-visible,unspecified
baskauf/27901,baskauf_27901.jpg,Carya cordiformis,whole tree (or vine),general,whole tree (or vine) / general,whole-tree,ind-baskauf/27882,distant,high,Whole organism or crown is visible with scene context.,BioImages group: whole-tree,Gemma: whole plant,,Gemma: contextual woody structure + visible subject,,,False,leaf-on,not-visible,environmental
baskauf/90947,baskauf_90947.jpg,Carya cordiformis,whole tree (or vine),general,whole tree (or vine) / general,whole-tree,vanderbilt/7-289,distant,high,Whole organism or crown is visible with scene context.,BioImages group: whole-tree,Gemma: whole plant | Gemma free tag: full crown,,Gemma: contextual woody structure + visible subject,,,False,leaf-on,not-visible,environmental
baskauf/27900,baskauf_27900.jpg,Carya cordiformis,whole tree (or vine),view up trunk,whole tree (or vine) / view up trunk,whole-tree,ind-baskauf/27882,distant,high,Whole organism or crown is visible with scene context.,BioImages group: whole-tree,Gemma: whole plant,,Gemma: contextual woody structure + visible subject,,,False,leaf-on,not-visible,unspecified
baskauf/89367,baskauf_89367.jpg,Carya cordiformis,whole tree (or vine),winter,whole tree (or vine) / winter,whole-tree,vanderbilt/7-289,distant,high,Whole organism or crown is visible with scene context.,BioImages group: whole-tree,Gemma: whole plant | Gemma free tag: tree crown,,,,,False,leaf-off,not-visible,environmental
baskauf/27896,baskauf_27896.jpg,Carya cordiformis,bark,of a large tree,bark / of a large tree,bark,ind-baskauf/27882,uncertain,low,"No positive distant, mid-range, or close-up evidence was found.",,,,,,,True,leaf-on,not-visible,unspecified
baskauf/27897,baskauf_27897.jpg,Carya cordiformis,bark,of a large tree,bark / of a large tree,bark,ind-baskauf/27882,uncertain,low,"No positive distant, mid-range, or close-up evidence was found.",,,,,,,True,not-visible,not-visible,environmental
baskauf/11995,baskauf_11995.jpg,Carya cordiformis,twig,close-up winter leaf scar/bud,twig / close-up winter leaf scar/bud,twig,ind-baskauf/11993,close-up,high,"A diagnostic organ, surface, or fine detail is the main subject.",,,,Gemma: contextual woody structure + visible subject,BioImages subview: close-up winter leaf scar/bud,Gemma free tag: close-up,False,not-visible,not-visible,unspecified
baskauf/27886,baskauf_27886.jpg,Carya cordiformis,twig,close-up winter leaf scar/bud,twig / close-up winter leaf scar/bud,twig,ind-baskauf/27882,close-up,high,"A diagnostic organ, surface, or fine detail is the main subject.",,,,Gemma: contextual woody structure + visible subject,BioImages subview: close-up winter leaf scar/bud,Gemma: leaf scar | Gemma free tag: close-up,False,leaf-off,not-visible,unspecified
baskauf/11997,baskauf_11997.jpg,Carya cordiformis,twig,close-up winter terminal bud,twig / close-up winter terminal bud,twig,ind-baskauf/11993,close-up,high,"A diagnostic organ, surface, or fine detail is the main subject.",,,,Gemma: contextual woody structure + visible subject,BioImages subview: close-up winter terminal bud,Gemma: flower close-up | Gemma free tag: close-up,False,not-visible,visible,unspecified
baskauf/27882,baskauf_27882.jpg,Carya cordiformis,twig,close-up winter terminal bud,twig / close-up winter terminal bud,twig,ind-baskauf/27882,close-up,high,"A diagnostic organ, surface, or fine detail is the main subject.",,,,Gemma: contextual woody structure + visible subject,BioImages subview: close-up winter terminal bud,Gemma free tag: close-up,False,leaf-on,not-visible,unspecified
baskauf/30235,baskauf_30235.jpg,Carya cordiformis,twig,orientation of petioles,twig / orientation of petioles,twig,ind-baskauf/30230,close-up,medium,"A diagnostic organ, surface, or fine detail is the main subject.",,,BioImages subview: orientation of petioles,Gemma: contextual woody structure + visible subject,,Gemma free tag: close-up,True,leaf-on,not-visible,unspecified
baskauf/52430,baskauf_52430.jpg,Carya cordiformis,leaf,margin of upper + lower surface,leaf / margin of upper + lower surface,leaf,vanderbilt/7-289,close-up,high,"A diagnostic organ, surface, or fine detail is the main subject.",,,,,BioImages subview: margin of upper + lower surface,Gemma: leaf margin | Gemma: leaf upper surface | Gemma free tag: close-up,False,leaf-on,not-visible,unspecified
baskauf/11993,baskauf_11993.jpg,Carya cordiformis,leaf,whole upper surface,leaf / whole upper surface,leaf,ind-baskauf/11993,close-up,high,"A diagnostic organ, surface, or fine detail is the main subject.",,,,Gemma: contextual woody structure + visible subject,BioImages subview: whole upper surface,Gemma: leaf upper surface | Gemma free tag: close-up,False,leaf-on,not-visible,unspecified
baskauf/12060,baskauf_12060.jpg,Carya cordiformis,leaf,whole upper surface,leaf / whole upper surface,leaf,ind-baskauf/12060,close-up,medium,"A diagnostic organ, surface, or fine detail is the main subject.",,,,Gemma: contextual woody structure + visible subject,BioImages subview: whole upper surface,,True,leaf-on,not-visible,unspecified
baskauf/27889,baskauf_27889.jpg,Carya cordiformis,leaf,whole upper surface,leaf / whole upper surface,leaf,ind-baskauf/27882,close-up,high,"A diagnostic organ, surface, or fine detail is the main subject.",,,,Gemma: contextual woody structure + visible subject,BioImages subview: whole upper surface,Gemma free tag: close-up,False,leaf-on,not-visible,unspecified
baskauf/30252,baskauf_30252.jpg,Carya cordiformis,leaf,whole upper surface,leaf / whole upper surface,leaf,ind-baskauf/30230,close-up,medium,"A diagnostic organ, surface, or fine detail is the main subject.",,,,Gemma: contextual woody structure + visible subject,BioImages subview: whole upper surface,,True,leaf-on,visible,unspecified
baskauf/51574,baskauf_51574.jpg,Carya cordiformis,inflorescence,whole - female,inflorescence / whole - female,flower,vanderbilt/7-289,close-up,medium,"A diagnostic organ, surface, or fine detail is the main subject.",,,,Gemma: contextual woody structure + visible subject,,Gemma: flower close-up | Gemma free tag: close-up,True,not-visible,visible,unspecified
baskauf/51575,baskauf_51575.jpg,Carya cordiformis,inflorescence,whole - female,inflorescence / whole - female,flower,vanderbilt/7-289,close-up,medium,"A diagnostic organ, surface, or fine detail is the main subject.",,,,Gemma: contextual woody structure + visible subject,,Gemma: flower close-up | Gemma free tag: close-up,True,not-visible,visible,unspecified
baskauf/51577,baskauf_51577.jpg,Carya cordiformis,inflorescence,whole - male,inflorescence / whole - male,flower,vanderbilt/7-289,close-up,medium,"A diagnostic organ, surface, or fine detail is the main subject.",,,,Gemma: contextual woody structure + visible subject,,Gemma free tag: close-up,True,leaf-on,visible,unspecified
baskauf/51578,baskauf_51578.jpg,Carya cordiformis,inflorescence,whole - male,inflorescence / whole - male,flower,vanderbilt/7-289,close-up,medium,"A diagnostic organ, surface, or fine detail is the main subject.",,,,Gemma: contextual woody structure + visible subject,,Gemma free tag: close-up,True,not-visible,visible,unspecified
baskauf/51572,baskauf_51572.jpg,Carya cordiformis,inflorescence,whole - unspecified,inflorescence / whole - unspecified,flower,vanderbilt/7-289,mid-range,medium,"A branch system or contextual plant part is visible, without the whole organism.",,,,Gemma: contextual woody structure + visible subject,,,True,leaf-on,visible,unspecified
baskauf/30246,baskauf_30246.jpg,Carya cordiformis,fruit,immature,fruit / immature,fruit,ind-baskauf/30230,close-up,medium,"A diagnostic organ, surface, or fine detail is the main subject.",,,,,,Gemma: fruit close-up | Gemma free tag: close-up,True,not-visible,visible,unspecified
baskauf/30241,baskauf_30241.jpg,Carya cordiformis,fruit,lateral or general close-up,fruit / lateral or general close-up,fruit,ind-baskauf/30230,close-up,high,"A diagnostic organ, surface, or fine detail is the main subject.",,,,,BioImages subview: lateral or general close-up,Gemma: fruit close-up | Gemma free tag: close-up,False,not-visible,visible,unspecified
baskauf/30240,baskauf_30240.jpg,Carya cordiformis,fruit,section or open,fruit / section or open,fruit,ind-baskauf/30230,close-up,high,"A diagnostic organ, surface, or fine detail is the main subject.",,,,,BioImages subview: section or open,Gemma: fruit close-up | Gemma: opened or sectioned fruit | Gemma free tag: close-up,False,not-visible,visible,unspecified
baskauf/13828,baskauf_13828.jpg,Carya laciniosa,whole tree (or vine),general,whole tree (or vine) / general,whole-tree,ind-baskauf/13828,distant,high,Whole organism or crown is visible with scene context.,BioImages group: whole-tree,Gemma: whole plant,,Gemma: contextual woody structure + visible subject,,,False,leaf-on,not-visible,unspecified
baskauf/13839,baskauf_13839.jpg,Carya laciniosa,whole tree (or vine),view up trunk,whole tree (or vine) / view up trunk,whole-tree,ind-baskauf/13828,distant,high,Whole organism or crown is visible with scene context.,BioImages group: whole-tree,Gemma: whole plant,,Gemma: contextual woody structure + visible subject,,,False,leaf-on,not-visible,unspecified
baskauf/13843,baskauf_13843.jpg,Carya laciniosa,bark,of a large tree,bark / of a large tree,bark,ind-baskauf/13828,uncertain,low,"No positive distant, mid-range, or close-up evidence was found.",,,,,,,True,leaf-on,not-visible,environmental
baskauf/13866,baskauf_13866.jpg,Carya laciniosa,twig,orientation of petioles,twig / orientation of petioles,twig,ind-baskauf/13828,close-up,medium,"A diagnostic organ, surface, or fine detail is the main subject.",,,BioImages subview: orientation of petioles,Gemma: contextual woody structure + visible subject,,Gemma: terminal bud | Gemma free tag: close-up,True,not-visible,not-visible,unspecified
baskauf/13870,baskauf_13870.jpg,Carya laciniosa,twig,orientation of petioles,twig / orientation of petioles,twig,ind-baskauf/13828,close-up,medium,"A diagnostic organ, surface, or fine detail is the main subject.",,,BioImages subview: orientation of petioles,Gemma: contextual woody structure + visible subject,,Gemma free tag: close-up,True,leaf-on,not-visible,unspecified
baskauf/13885,baskauf_13885.jpg,Carya laciniosa,twig,unspecified,twig / unspecified,twig,ind-baskauf/13828,close-up,medium,"A diagnostic organ, surface, or fine detail is the main subject.",,,,Gemma: contextual woody structure + visible subject,,Gemma free tag: close-up,True,leaf-off,not-visible,unspecified
baskauf/13836,baskauf_13836.jpg,Carya laciniosa,leaf,margin of upper + lower surface,leaf / margin of upper + lower surface,leaf,ind-baskauf/13828,close-up,high,"A diagnostic organ, surface, or fine detail is the main subject.",,,,,BioImages subview: margin of upper + lower surface,Gemma: leaf margin | Gemma: leaf upper surface | Gemma free tag: close-up,False,leaf-on,not-visible,unspecified
baskauf/13878,baskauf_13878.jpg,Carya laciniosa,leaf,margin of upper + lower surface,leaf / margin of upper + lower surface,leaf,ind-baskauf/13828,close-up,high,"A diagnostic organ, surface, or fine detail is the main subject.",,,,,BioImages subview: margin of upper + lower surface,Gemma: leaf margin | Gemma free tag: close-up,False,leaf-on,not-visible,unspecified
baskauf/13880,baskauf_13880.jpg,Carya laciniosa,leaf,margin of upper + lower surface,leaf / margin of upper + lower surface,leaf,ind-baskauf/13828,close-up,high,"A diagnostic organ, surface, or fine detail is the main subject.",,,,,BioImages subview: margin of upper + lower surface,Gemma: leaf margin | Gemma: leaf upper surface | Gemma: petiole arrangement | Gemma free tag: close-up,False,leaf-on,not-visible,unspecified
baskauf/13833,baskauf_13833.jpg,Carya laciniosa,leaf,showing orientation on twig,leaf / showing orientation on twig,leaf,ind-baskauf/13828,mid-range,high,"A branch system or contextual plant part is visible, without the whole organism.",,,BioImages subview: showing orientation on twig,Gemma: contextual woody structure + visible subject,,,False,leaf-on,visible,unspecified
baskauf/13862,baskauf_13862.jpg,Carya laciniosa,leaf,whole upper surface,leaf / whole upper surface,leaf,ind-baskauf/13828,close-up,high,"A diagnostic organ, surface, or fine detail is the main subject.",,,,Gemma: contextual woody structure + visible subject,BioImages subview: whole upper surface,Gemma: leaf upper surface,False,leaf-on,not-visible,unspecified
baskauf/20783,baskauf_20783.jpg,Carya laciniosa,inflorescence,ventral view of flower + perianth,inflorescence / ventral view of flower + perianth,flower,ind-baskauf/13828,close-up,high,"A diagnostic organ, surface, or fine detail is the main subject.",,,,,BioImages subview: ventral view of flower + perianth,Gemma: fruit close-up | Gemma free tag: close-up,False,not-visible,visible,unspecified
baskauf/20864,baskauf_20864.jpg,Carya laciniosa,inflorescence,whole - female,inflorescence / whole - female,flower,ind-baskauf/13828,close-up,medium,"A diagnostic organ, surface, or fine detail is the main subject.",,,,Gemma: contextual woody structure + visible subject,,Gemma: flower close-up | Gemma free tag: close-up,True,not-visible,not-visible,unspecified
baskauf/20872,baskauf_20872.jpg,Carya laciniosa,inflorescence,whole - male,inflorescence / whole - male,flower,ind-baskauf/13828,mid-range,medium,"A branch system or contextual plant part is visible, without the whole organism.",,,,Gemma: contextual woody structure + visible subject,,,True,not-visible,visible,unspecified
baskauf/20884,baskauf_20884.jpg,Carya laciniosa,inflorescence,whole - male,inflorescence / whole - male,flower,ind-baskauf/13828,close-up,medium,"A diagnostic organ, surface, or fine detail is the main subject.",,,,Gemma: contextual woody structure + visible subject,,Gemma: flower close-up | Gemma free tag: close-up,True,not-visible,visible,unspecified
baskauf/20777,baskauf_20777.jpg,Carya laciniosa,inflorescence,whole - unspecified,inflorescence / whole - unspecified,flower,ind-baskauf/13828,mid-range,medium,"A branch system or contextual plant part is visible, without the whole organism.",,,,Gemma: contextual woody structure + visible subject,,,True,not-visible,visible,unspecified
baskauf/30271,baskauf_30271.jpg,Carya laciniosa,fruit,as borne on the plant,fruit / as borne on the plant,fruit,ind-baskauf/13828,close-up,medium,"A diagnostic organ, surface, or fine detail is the main subject.",,,BioImages subview: as borne on the plant,Gemma: contextual woody structure + visible subject,,Gemma: fruit close-up | Gemma: opened or sectioned fruit | Gemma free tag: close-up,True,leaf-off,visible,unspecified
baskauf/29613,baskauf_29613.jpg,Carya laciniosa,fruit,lateral or general close-up,fruit / lateral or general close-up,fruit,ind-baskauf/13828,close-up,high,"A diagnostic organ, surface, or fine detail is the main subject.",,,,,BioImages subview: lateral or general close-up,Gemma: fruit close-up | Gemma: opened or sectioned fruit | Gemma free tag: close-up,False,not-visible,visible,unspecified
baskauf/30102,baskauf_30102.jpg,Carya laciniosa,fruit,section or open,fruit / section or open,fruit,ind-baskauf/13828,close-up,high,"A diagnostic organ, surface, or fine detail is the main subject.",,,,,BioImages subview: section or open,Gemma: fruit close-up | Gemma: opened or sectioned fruit | Gemma free tag: close-up,False,not-visible,visible,unspecified
baskauf/30278,baskauf_30278.jpg,Carya laciniosa,fruit,section or open,fruit / section or open,fruit,ind-baskauf/13828,close-up,high,"A diagnostic organ, surface, or fine detail is the main subject.",,,,,BioImages subview: section or open,Gemma: fruit close-up | Gemma: opened or sectioned fruit | Gemma free tag: close-up,False,not-visible,visible,unspecified
baskauf/30320,baskauf_30320.jpg,Carya laciniosa,fruit,section or open,fruit / section or open,fruit,ind-baskauf/13828,close-up,high,"A diagnostic organ, surface, or fine detail is the main subject.",,,,,BioImages subview: section or open,Gemma: fruit close-up | Gemma: opened or sectioned fruit,False,not-visible,visible,unspecified
baskauf/13654,baskauf_13654.jpg,Carya ovata,whole tree (or vine),view up trunk,whole tree (or vine) / view up trunk,whole-tree,ind-baskauf/13650,distant,high,Whole organism or crown is visible with scene context.,BioImages group: whole-tree,Gemma: whole plant,,Gemma: contextual woody structure + visible subject,,,False,leaf-on,not-visible,unspecified
baskauf/13650,baskauf_13650.jpg,Carya ovata,bark,of a large tree,bark / of a large tree,bark,ind-baskauf/13650,uncertain,low,"No positive distant, mid-range, or close-up evidence was found.",,,,,,,True,not-visible,not-visible,environmental
baskauf/15864,baskauf_15864.jpg,Carya ovata,bark,of a medium tree or large branch,bark / of a medium tree or large branch,bark,ind-baskauf/15864,close-up,medium,"A diagnostic organ, surface, or fine detail is the main subject.",,,BioImages subview: of a medium tree or large branch,,,Gemma free tag: close-up,True,not-visible,not-visible,unspecified
baskauf/13712,baskauf_13712.jpg,Carya ovata,bark,of a small tree or small branch,bark / of a small tree or small branch,bark,ind-baskauf/13707,close-up,medium,"A diagnostic organ, surface, or fine detail is the main subject.",,,BioImages subview: of a small tree or small branch,Gemma: contextual woody structure + visible subject,,Gemma free tag: close-up,True,not-visible,not-visible,unspecified
baskauf/15861,baskauf_15861.jpg,Carya ovata,bark,of a small tree or small branch,bark / of a small tree or small branch,bark,ind-baskauf/15861,close-up,medium,"A diagnostic organ, surface, or fine detail is the main subject.",,,BioImages subview: of a small tree or small branch,,,Gemma free tag: close-up,True,not-visible,not-visible,unspecified
baskauf/39156,baskauf_39156.jpg,Carya ovata,twig,unspecified,twig / unspecified,twig,ind-baskauf/39155,close-up,medium,"A diagnostic organ, surface, or fine detail is the main subject.",,,,,,Gemma free tag: close-up,True,not-visible,not-visible,unspecified
baskauf/22882,baskauf_22882.jpg,Carya ovata,twig,winter overall,twig / winter overall,twig,ind-baskauf/22872,close-up,medium,"A diagnostic organ, surface, or fine detail is the main subject.",,,,Gemma: contextual woody structure + visible subject,,Gemma free tag: close-up,True,not-visible,not-visible,unspecified
baskauf/15898,baskauf_15898.jpg,Carya ovata,leaf,margin of upper + lower surface,leaf / margin of upper + lower surface,leaf,ind-baskauf/15898,close-up,high,"A diagnostic organ, surface, or fine detail is the main subject.",,,,,BioImages subview: margin of upper + lower surface,Gemma: leaf margin | Gemma: leaf upper surface | Gemma free tag: close-up,False,leaf-on,not-visible,unspecified
baskauf/16192,baskauf_16192.jpg,Carya ovata,leaf,margin of upper + lower surface,leaf / margin of upper + lower surface,leaf,ind-baskauf/16192,close-up,high,"A diagnostic organ, surface, or fine detail is the main subject.",,,,,BioImages subview: margin of upper + lower surface,Gemma: leaf margin | Gemma: leaf upper surface | Gemma free tag: close-up,False,leaf-on,not-visible,unspecified
baskauf/13707,baskauf_13707.jpg,Carya ovata,leaf,showing orientation on twig,leaf / showing orientation on twig,leaf,ind-baskauf/13707,close-up,medium,"A diagnostic organ, surface, or fine detail is the main subject.",,,BioImages subview: showing orientation on twig,Gemma: contextual woody structure + visible subject,,Gemma: leaf upper surface | Gemma free tag: close-up,True,leaf-on,not-visible,unspecified
baskauf/13709,baskauf_13709.jpg,Carya ovata,leaf,whole upper surface,leaf / whole upper surface,leaf,ind-baskauf/13707,close-up,high,"A diagnostic organ, surface, or fine detail is the main subject.",,,,Gemma: contextual woody structure + visible subject,BioImages subview: whole upper surface,Gemma: leaf margin,False,leaf-on,not-visible,unspecified
baskauf/22873,baskauf_22873.jpg,Carya ovata,leaf,whole upper surface,leaf / whole upper surface,leaf,ind-baskauf/22872,close-up,high,"A diagnostic organ, surface, or fine detail is the main subject.",,,,Gemma: contextual woody structure + visible subject,BioImages subview: whole upper surface,Gemma: leaf upper surface | Gemma free tag: close-up,False,leaf-on,not-visible,unspecified
baskauf/22885,baskauf_22885.jpg,Carya ovata,inflorescence,whole - male,inflorescence / whole - male,flower,ind-baskauf/22872,mid-range,medium,"A branch system or contextual plant part is visible, without the whole organism.",,,,Gemma: contextual woody structure + visible subject,,,True,not-visible,visible,unspecified
baskauf/15894,baskauf_15894.jpg,Carya ovata,fruit,lateral or general close-up,fruit / lateral or general close-up,fruit,ind-baskauf/15894,close-up,high,"A diagnostic organ, surface, or fine detail is the main subject.",,,,,BioImages subview: lateral or general close-up,Gemma: fruit close-up | Gemma: opened or sectioned fruit,False,not-visible,visible,unspecified
baskauf/30195,baskauf_30195.jpg,Carya ovata,fruit,section or open,fruit / section or open,fruit,ind-baskauf/30194,close-up,high,"A diagnostic organ, surface, or fine detail is the main subject.",,,,,BioImages subview: section or open,Gemma: fruit close-up | Gemma: opened or sectioned fruit | Gemma free tag: close-up,False,not-visible,visible,unspecified
baskauf/11534,baskauf_11534.jpg,Castanea dentata,bark,of a large tree,bark / of a large tree,bark,ind-baskauf/11534,distant,medium,Whole organism or crown is visible with scene context.,,Gemma: whole plant,,Gemma: contextual woody structure + visible subject,,,True,leaf-on,not-visible,unspecified
baskauf/11535,baskauf_11535.jpg,Castanea dentata,bark,of a large tree,bark / of a large tree,bark,ind-baskauf/11535,distant,medium,Whole organism or crown is visible with scene context.,,Gemma: whole plant,,Gemma: contextual woody structure + visible subject,,,True,leaf-on,not-visible,environmental
baskauf/26253,baskauf_26253.jpg,Castanea dentata,bark,of a large tree,bark / of a large tree,bark,ind-baskauf/26248,close-up,medium,"A diagnostic organ, surface, or fine detail is the main subject.",,,,Gemma: contextual woody structure + visible subject,,Gemma free tag: close-up,True,leaf-on,not-visible,unspecified
baskauf/11854,baskauf_11854.jpg,Castanea dentata,twig,close-up winter leaf scar/bud,twig / close-up winter leaf scar/bud,twig,ind-baskauf/11845,close-up,high,"A diagnostic organ, surface, or fine detail is the main subject.",,,,Gemma: contextual woody structure + visible subject,BioImages subview: close-up winter leaf scar/bud,Gemma free tag: close-up,False,leaf-off,not-visible,unspecified
baskauf/11849,baskauf_11849.jpg,Castanea dentata,twig,orientation of petioles,twig / orientation of petioles,twig,ind-baskauf/11845,close-up,medium,"A diagnostic organ, surface, or fine detail is the main subject.",,,BioImages subview: orientation of petioles,Gemma: contextual woody structure + visible subject,,Gemma free tag: close-up,True,leaf-on,not-visible,unspecified
baskauf/11845,baskauf_11845.jpg,Castanea dentata,leaf,showing orientation on twig,leaf / showing orientation on twig,leaf,ind-baskauf/11845,close-up,medium,"A diagnostic organ, surface, or fine detail is the main subject.",,,BioImages subview: showing orientation on twig,Gemma: contextual woody structure + visible subject,,Gemma: leaf margin,True,leaf-on,not-visible,unspecified
baskauf/11848,baskauf_11848.jpg,Castanea dentata,leaf,whole upper surface,leaf / whole upper surface,leaf,ind-baskauf/11845,close-up,high,"A diagnostic organ, surface, or fine detail is the main subject.",,,,,BioImages subview: whole upper surface,Gemma: leaf margin | Gemma: leaf upper surface | Gemma free tag: close-up,False,leaf-on,not-visible,unspecified
baskauf/35251,baskauf_35251.jpg,Castanea dentata,inflorescence,lateral view of flower,inflorescence / lateral view of flower,flower,ind-baskauf/30720,close-up,high,"A diagnostic organ, surface, or fine detail is the main subject.",,,,Gemma: contextual woody structure + visible subject,BioImages subview: lateral view of flower,Gemma: fruit close-up | Gemma free tag: close-up,False,leaf-on,visible,unspecified
baskauf/35249,baskauf_35249.jpg,Castanea dentata,inflorescence,whole - unspecified,inflorescence / whole - unspecified,flower,ind-baskauf/30720,close-up,medium,"A diagnostic organ, surface, or fine detail is the main subject.",,,,Gemma: contextual woody structure + visible subject,,Gemma: flower close-up | Gemma free tag: close-up,True,leaf-on,visible,unspecified
baskauf/30723,baskauf_30723.jpg,Castanea dentata,fruit,section or open,fruit / section or open,fruit,ind-baskauf/30720,close-up,high,"A diagnostic organ, surface, or fine detail is the main subject.",,,,,BioImages subview: section or open,Gemma: fruit close-up | Gemma: opened or sectioned fruit | Gemma free tag: close-up,False,not-visible,visible,unspecified
baskauf/30724,baskauf_30724.jpg,Castanea dentata,fruit,section or open,fruit / section or open,fruit,ind-baskauf/30720,close-up,high,"A diagnostic organ, surface, or fine detail is the main subject.",,,,,BioImages subview: section or open,Gemma: fruit close-up | Gemma: opened or sectioned fruit | Gemma free tag: close-up,False,not-visible,visible,unspecified
baskauf/35439,baskauf_35439.jpg,Celtis occidentalis,whole tree (or vine),general,whole tree (or vine) / general,whole-tree,ind-baskauf/30984,distant,high,Whole organism or crown is visible with scene context.,BioImages group: whole-tree,Gemma: whole plant | Gemma free tag: full tree,,Gemma: contextual woody structure + visible subject,,,False,leaf-on,not-visible,environmental
baskauf/91122,baskauf_91122.jpg,Celtis occidentalis,whole tree (or vine),general,whole tree (or vine) / general,whole-tree,vanderbilt/12-32,distant,high,Whole organism or crown is visible with scene context.,BioImages group: whole-tree,Gemma: whole plant,,Gemma: contextual woody structure + visible subject,,,False,leaf-on,not-visible,environmental
baskauf/d0420,baskauf_d0420.jpg,Celtis occidentalis,whole tree (or vine),general,whole tree (or vine) / general,whole-tree,ind-baskauf/30984,distant,high,Whole organism or crown is visible with scene context.,BioImages group: whole-tree,Gemma: whole plant,,Gemma: contextual woody structure + visible subject,,,False,leaf-on,not-visible,unspecified
ssmv/2-253-01,ssmv_2-253-01.jpg,Celtis occidentalis,whole tree (or vine),general,whole tree (or vine) / general,whole-tree,vanderbilt/4-216,distant,high,Whole organism or crown is visible with scene context.,BioImages group: whole-tree,Gemma: whole plant,,Gemma: contextual woody structure + visible subject,,,False,leaf-on,not-visible,environmental
ssmv/2-253-02,ssmv_2-253-02.jpg,Celtis occidentalis,whole tree (or vine),view up trunk,whole tree (or vine) / view up trunk,whole-tree,vanderbilt/4-216,distant,high,Whole organism or crown is visible with scene context.,BioImages group: whole-tree,Gemma: whole plant,,Gemma: contextual woody structure + visible subject,,,False,leaf-on,not-visible,unspecified
ssmv/2-253-04,ssmv_2-253-04.jpg,Celtis occidentalis,whole tree (or vine),view up trunk,whole tree (or vine) / view up trunk,whole-tree,vanderbilt/4-216,distant,high,Whole organism or crown is visible with scene context.,BioImages group: whole-tree,Gemma: whole plant | Gemma free tag: tree crown,,Gemma: contextual woody structure + visible subject,,,False,leaf-on,not-visible,unspecified
baskauf/30988,baskauf_30988.jpg,Celtis occidentalis,bark,of a large tree,bark / of a large tree,bark,ind-baskauf/30984,close-up,medium,"A diagnostic organ, surface, or fine detail is the main subject.",,,,,,Gemma free tag: close-up,True,not-visible,not-visible,unspecified
baskauf/d0425,baskauf_d0425.jpg,Celtis occidentalis,bark,of a large tree,bark / of a large tree,bark,ind-baskauf/30984,close-up,medium,"A diagnostic organ, surface, or fine detail is the main subject.",,,,,,Gemma free tag: close-up,True,not-visible,not-visible,environmental
baskauf/30990,baskauf_30990.jpg,Celtis occidentalis,bark,of a medium tree or large branch,bark / of a medium tree or large branch,bark,ind-baskauf/30984,close-up,medium,"A diagnostic organ, surface, or fine detail is the main subject.",,,BioImages subview: of a medium tree or large branch,,,Gemma free tag: close-up,True,not-visible,not-visible,unspecified
baskauf/30984,baskauf_30984.jpg,Celtis occidentalis,twig,winter overall,twig / winter overall,twig,ind-baskauf/30984,close-up,medium,"A diagnostic organ, surface, or fine detail is the main subject.",,,,Gemma: contextual woody structure + visible subject,,Gemma free tag: close-up,True,leaf-off,not-visible,unspecified
baskauf/35450,baskauf_35450.jpg,Celtis occidentalis,leaf,margin of upper + lower surface,leaf / margin of upper + lower surface,leaf,ind-baskauf/30984,close-up,high,"A diagnostic organ, surface, or fine detail is the main subject.",,,,,BioImages subview: margin of upper + lower surface,Gemma: leaf margin | Gemma: leaf upper surface | Gemma free tag: close-up,False,leaf-on,not-visible,unspecified
baskauf/d0426,baskauf_d0426.jpg,Celtis occidentalis,leaf,showing orientation on twig,leaf / showing orientation on twig,leaf,ind-baskauf/30984,mid-range,high,"A branch system or contextual plant part is visible, without the whole organism.",,,BioImages subview: showing orientation on twig,Gemma: contextual woody structure + visible subject,,,False,leaf-on,not-visible,unspecified
ssmv/2-253-03,ssmv_2-253-03.jpg,Celtis occidentalis,leaf,showing orientation on twig,leaf / showing orientation on twig,leaf,vanderbilt/4-216,distant,medium,Whole organism or crown is visible with scene context.,,Gemma: whole plant,BioImages subview: showing orientation on twig,,,,True,leaf-on,not-visible,unspecified
baskauf/35448,baskauf_35448.jpg,Celtis occidentalis,leaf,whole upper surface,leaf / whole upper surface,leaf,ind-baskauf/30984,close-up,high,"A diagnostic organ, surface, or fine detail is the main subject.",,,,Gemma: contextual woody structure + visible subject,BioImages subview: whole upper surface,Gemma: leaf margin | Gemma: leaf upper surface | Gemma free tag: close-up,False,leaf-on,not-visible,unspecified
baskauf/50993,baskauf_50993.jpg,Celtis occidentalis,inflorescence,lateral view of flower,inflorescence / lateral view of flower,flower,vanderbilt/12-33,close-up,high,"A diagnostic organ, surface, or fine detail is the main subject.",,,,Gemma: contextual woody structure + visible subject,BioImages subview: lateral view of flower,Gemma: flower close-up | Gemma free tag: close-up,False,leaf-on,visible,unspecified
baskauf/50992,baskauf_50992.jpg,Celtis occidentalis,inflorescence,whole - unspecified,inflorescence / whole - unspecified,flower,vanderbilt/12-33,close-up,medium,"A diagnostic organ, surface, or fine detail is the main subject.",,,,Gemma: contextual woody structure + visible subject,,Gemma: flower close-up | Gemma: leaf upper surface | Gemma free tag: close-up,True,leaf-on,visible,unspecified
baskauf/35446,baskauf_35446.jpg,Celtis occidentalis,fruit,immature,fruit / immature,fruit,ind-baskauf/30984,close-up,medium,"A diagnostic organ, surface, or fine detail is the main subject.",,,,Gemma: contextual woody structure + visible subject,,Gemma: fruit close-up | Gemma free tag: close-up,True,leaf-on,visible,unspecified
baskauf/28656,baskauf_28656.jpg,Cephalanthus occidentalis,whole tree (or vine),general,whole tree (or vine) / general,whole-tree,ind-baskauf/15734,distant,high,Whole organism or crown is visible with scene context.,BioImages group: whole-tree,Gemma: whole plant,,Gemma: contextual woody structure + visible subject,,,False,leaf-on,visible,unspecified
thomas/0440-04-04,thomas_0440-04-04.jpg,Cephalanthus occidentalis,whole tree (or vine),general,whole tree (or vine) / general,whole-tree,thomas/0440-04,distant,high,Whole organism or crown is visible with scene context.,BioImages group: whole-tree,Gemma: whole plant,,Gemma: contextual woody structure + visible subject,,,False,leaf-on,visible,unspecified
baskauf/28672,baskauf_28672.jpg,Cephalanthus occidentalis,bark,of a medium tree or large branch,bark / of a medium tree or large branch,bark,ind-baskauf/15734,close-up,medium,"A diagnostic organ, surface, or fine detail is the main subject.",,,BioImages subview: of a medium tree or large branch,,,Gemma free tag: close-up,True,not-visible,not-visible,unspecified
baskauf/15737,baskauf_15737.jpg,Cephalanthus occidentalis,bark,of a small tree or small branch,bark / of a small tree or small branch,bark,ind-baskauf/15734,close-up,medium,"A diagnostic organ, surface, or fine detail is the main subject.",,,BioImages subview: of a small tree or small branch,Gemma: contextual woody structure + visible subject,,Gemma free tag: close-up,True,not-visible,not-visible,unspecified
thomas/0440-04-02,thomas_0440-04-02.jpg,Cephalanthus occidentalis,bark,of a small tree or small branch,bark / of a small tree or small branch,bark,thomas/0440-04,close-up,medium,"A diagnostic organ, surface, or fine detail is the main subject.",,,BioImages subview: of a small tree or small branch,Gemma: contextual woody structure + visible subject,,Gemma free tag: close-up,True,not-visible,not-visible,unspecified
baskauf/15742,baskauf_15742.jpg,Cephalanthus occidentalis,twig,orientation of petioles,twig / orientation of petioles,twig,ind-baskauf/15734,close-up,medium,"A diagnostic organ, surface, or fine detail is the main subject.",,,BioImages subview: orientation of petioles,Gemma: contextual woody structure + visible subject,,Gemma: leaf scar | Gemma free tag: close-up,True,not-visible,not-visible,unspecified
baskauf/15750,baskauf_15750.jpg,Cephalanthus occidentalis,twig,orientation of petioles,twig / orientation of petioles,twig,ind-baskauf/15734,close-up,medium,"A diagnostic organ, surface, or fine detail is the main subject.",,,BioImages subview: orientation of petioles,Gemma: contextual woody structure + visible subject,,Gemma: petiole arrangement | Gemma free tag: close-up,True,leaf-on,not-visible,unspecified
thomas/0440-04-01,thomas_0440-04-01.jpg,Cephalanthus occidentalis,twig,orientation of petioles,twig / orientation of petioles,twig,thomas/0440-04,close-up,medium,"A diagnostic organ, surface, or fine detail is the main subject.",,,BioImages subview: orientation of petioles,Gemma: contextual woody structure + visible subject,,Gemma: petiole arrangement | Gemma free tag: close-up,True,leaf-on,not-visible,unspecified
baskauf/15748,baskauf_15748.jpg,Cephalanthus occidentalis,leaf,margin of upper + lower surface,leaf / margin of upper + lower surface,leaf,ind-baskauf/15734,close-up,high,"A diagnostic organ, surface, or fine detail is the main subject.",,,,,BioImages subview: margin of upper + lower surface,Gemma: leaf margin | Gemma: leaf upper surface | Gemma free tag: close-up,False,leaf-on,not-visible,unspecified
thomas/0440-04-05,thomas_0440-04-05.jpg,Cephalanthus occidentalis,leaf,showing orientation on twig,leaf / showing orientation on twig,leaf,thomas/0440-04,close-up,medium,"A diagnostic organ, surface, or fine detail is the main subject.",,,BioImages subview: showing orientation on twig,Gemma: contextual woody structure + visible subject,,Gemma free tag: close-up,True,leaf-on,not-visible,unspecified
thomas/0440-04-03,thomas_0440-04-03.jpg,Cephalanthus occidentalis,leaf,unspecified,leaf / unspecified,leaf,thomas/0440-04,close-up,medium,"A diagnostic organ, surface, or fine detail is the main subject.",,,,,,Gemma: leaf margin | Gemma: leaf upper surface | Gemma: petiole arrangement | Gemma free tag: close-up,True,leaf-on,not-visible,unspecified
baskauf/15745,baskauf_15745.jpg,Cephalanthus occidentalis,leaf,whole upper surface,leaf / whole upper surface,leaf,ind-baskauf/15734,close-up,high,"A diagnostic organ, surface, or fine detail is the main subject.",,,,,BioImages subview: whole upper surface,Gemma: leaf margin | Gemma: leaf upper surface | Gemma free tag: close-up,False,leaf-on,not-visible,unspecified
thomas/0104-01-04,thomas_0104-01-04.jpg,Cephalanthus occidentalis,leaf,whole upper surface,leaf / whole upper surface,leaf,thomas/0104-01,close-up,high,"A diagnostic organ, surface, or fine detail is the main subject.",,,,Gemma: contextual woody structure + visible subject,BioImages subview: whole upper surface,Gemma: leaf upper surface | Gemma free tag: close-up,False,leaf-on,not-visible,unspecified
thomas/0104-01-02,thomas_0104-01-02.jpg,Cephalanthus occidentalis,inflorescence,close-up of flower interior,inflorescence / close-up of flower interior,flower,thomas/0104-01,close-up,high,"A diagnostic organ, surface, or fine detail is the main subject.",,,,,BioImages subview: close-up of flower interior,Gemma: flower close-up | Gemma: flower interior | Gemma free tag: close-up,False,not-visible,visible,unspecified
thomas/0104-01-03,thomas_0104-01-03.jpg,Cephalanthus occidentalis,inflorescence,frontal view of flower,inflorescence / frontal view of flower,flower,thomas/0104-01,close-up,high,"A diagnostic organ, surface, or fine detail is the main subject.",,,,,BioImages subview: frontal view of flower,Gemma: flower close-up,False,not-visible,visible,unspecified
baskauf/28652,baskauf_28652.jpg,Cephalanthus occidentalis,inflorescence,lateral view of flower,inflorescence / lateral view of flower,flower,ind-baskauf/15734,close-up,high,"A diagnostic organ, surface, or fine detail is the main subject.",,,,,BioImages subview: lateral view of flower,Gemma: flower close-up,False,leaf-on,visible,unspecified
baskauf/28666,baskauf_28666.jpg,Cephalanthus occidentalis,inflorescence,lateral view of flower,inflorescence / lateral view of flower,flower,ind-baskauf/15734,close-up,high,"A diagnostic organ, surface, or fine detail is the main subject.",,,,Gemma: contextual woody structure + visible subject,BioImages subview: lateral view of flower,Gemma: flower close-up | Gemma free tag: close-up,False,leaf-on,visible,unspecified
thomas/0440-04-06,thomas_0440-04-06.jpg,Cephalanthus occidentalis,inflorescence,lateral view of flower,inflorescence / lateral view of flower,flower,thomas/0440-04,close-up,high,"A diagnostic organ, surface, or fine detail is the main subject.",,,,,BioImages subview: lateral view of flower,Gemma: fruit close-up | Gemma free tag: close-up,False,not-visible,visible,unspecified
baskauf/28649,baskauf_28649.jpg,Cephalanthus occidentalis,inflorescence,whole - unspecified,inflorescence / whole - unspecified,flower,ind-baskauf/15734,distant,medium,Whole organism or crown is visible with scene context.,,Gemma: whole plant,,Gemma: contextual woody structure + visible subject,,,True,leaf-on,visible,environmental
baskauf/28670,baskauf_28670.jpg,Cephalanthus occidentalis,inflorescence,whole - unspecified,inflorescence / whole - unspecified,flower,ind-baskauf/15734,close-up,medium,"A diagnostic organ, surface, or fine detail is the main subject.",,,,,,Gemma: flower close-up,True,leaf-on,visible,unspecified
thomas/0104-01-01,thomas_0104-01-01.jpg,Cephalanthus occidentalis,inflorescence,whole - unspecified,inflorescence / whole - unspecified,flower,thomas/0104-01,close-up,medium,"A diagnostic organ, surface, or fine detail is the main subject.",,,,Gemma: contextual woody structure + visible subject,,Gemma: flower close-up,True,leaf-on,visible,unspecified
thomas/0440-04-07,thomas_0440-04-07.jpg,Cephalanthus occidentalis,inflorescence,whole - unspecified,inflorescence / whole - unspecified,flower,thomas/0440-04,close-up,medium,"A diagnostic organ, surface, or fine detail is the main subject.",,,,Gemma: contextual woody structure + visible subject,,Gemma: flower close-up | Gemma free tag: close-up,True,not-visible,visible,unspecified
baskauf/15734,baskauf_15734.jpg,Cephalanthus occidentalis,fruit,as borne on the plant,fruit / as borne on the plant,fruit,ind-baskauf/15734,close-up,medium,"A diagnostic organ, surface, or fine detail is the main subject.",,,BioImages subview: as borne on the plant,Gemma: contextual woody structure + visible subject,,Gemma: fruit close-up | Gemma free tag: close-up,True,leaf-on,visible,unspecified
baskauf/37494,baskauf_37494.jpg,Cephalanthus occidentalis,fruit,as borne on the plant,fruit / as borne on the plant,fruit,ind-baskauf/37493,close-up,medium,"A diagnostic organ, surface, or fine detail is the main subject.",,,BioImages subview: as borne on the plant,Gemma: contextual woody structure + visible subject,,Gemma: fruit close-up | Gemma free tag: close-up,True,leaf-on,visible,unspecified
baskauf/15756,baskauf_15756.jpg,Cephalanthus occidentalis,fruit,lateral or general close-up,fruit / lateral or general close-up,fruit,ind-baskauf/15734,close-up,high,"A diagnostic organ, surface, or fine detail is the main subject.",,,,Gemma: contextual woody structure + visible subject,BioImages subview: lateral or general close-up,Gemma: fruit close-up | Gemma free tag: close-up,False,not-visible,visible,unspecified
baskauf/10491,baskauf_10491.jpg,Cercis canadensis,whole tree (or vine),general,whole tree (or vine) / general,whole-tree,ind-baskauf/10491,distant,high,Whole organism or crown is visible with scene context.,BioImages group: whole-tree,Gemma: whole plant,,Gemma: contextual woody structure + visible subject,,,False,leaf-off,visible,environmental
baskauf/10493,baskauf_10493.jpg,Cercis canadensis,whole tree (or vine),general,whole tree (or vine) / general,whole-tree,ind-baskauf/10493,distant,high,Whole organism or crown is visible with scene context.,BioImages group: whole-tree,Gemma: whole plant,,Gemma: contextual woody structure + visible subject,,,False,leaf-off,visible,unspecified
baskauf/10497,baskauf_10497.jpg,Cercis canadensis,whole tree (or vine),general,whole tree (or vine) / general,whole-tree,ind-baskauf/10497,distant,high,Whole organism or crown is visible with scene context.,BioImages group: whole-tree,Gemma: whole plant,,Gemma: contextual woody structure + visible subject,,,False,leaf-off,visible,unspecified
baskauf/29775,baskauf_29775.jpg,Cercis canadensis,whole tree (or vine),general,whole tree (or vine) / general,whole-tree,ind-baskauf/29774,distant,high,Whole organism or crown is visible with scene context.,BioImages group: whole-tree,Gemma: whole plant,,Gemma: contextual woody structure + visible subject,,,False,leaf-on,not-visible,environmental
baskauf/90931,baskauf_90931.jpg,Cercis canadensis,whole tree (or vine),general,whole tree (or vine) / general,whole-tree,vanderbilt/6-29,distant,high,Whole organism or crown is visible with scene context.,BioImages group: whole-tree,Gemma: whole plant,,Gemma: contextual woody structure + visible subject,,,False,leaf-on,not-visible,environmental
baskauf/91134,baskauf_91134.jpg,Cercis canadensis,whole tree (or vine),general,whole tree (or vine) / general,whole-tree,vanderbilt/12-82,distant,high,Whole organism or crown is visible with scene context.,BioImages group: whole-tree,Gemma: whole plant,,Gemma: contextual woody structure + visible subject,,,False,leaf-on,not-visible,environmental
thomas/0049-08-01,thomas_0049-08-01.jpg,Cercis canadensis,whole tree (or vine),general,whole tree (or vine) / general,whole-tree,thomas/0049-08,distant,high,Whole organism or crown is visible with scene context.,BioImages group: whole-tree,Gemma: whole plant,,Gemma: contextual woody structure + visible subject,,,False,mixed,visible,environmental
baskauf/89354,baskauf_89354.jpg,Cercis canadensis,whole tree (or vine),winter,whole tree (or vine) / winter,whole-tree,vanderbilt/6-29,distant,high,Whole organism or crown is visible with scene context.,BioImages group: whole-tree,Gemma: whole plant,,Gemma: contextual woody structure + visible subject,,,False,leaf-off,visible,environmental
baskauf/11227,baskauf_11227.jpg,Cercis canadensis,bark,of a small tree or small branch,bark / of a small tree or small branch,bark,ind-baskauf/11227,close-up,medium,"A diagnostic organ, surface, or fine detail is the main subject.",,,BioImages subview: of a small tree or small branch,,,Gemma free tag: close-up,True,not-visible,not-visible,unspecified
baskauf/29777,baskauf_29777.jpg,Cercis canadensis,twig,orientation of petioles,twig / orientation of petioles,twig,ind-baskauf/29774,close-up,medium,"A diagnostic organ, surface, or fine detail is the main subject.",,,BioImages subview: orientation of petioles,Gemma: contextual woody structure + visible subject,,Gemma free tag: close-up,True,mixed,not-visible,unspecified
baskauf/17265,baskauf_17265.jpg,Cercis canadensis,twig,winter overall,twig / winter overall,twig,ind-baskauf/10739,close-up,medium,"A diagnostic organ, surface, or fine detail is the main subject.",,,,Gemma: contextual woody structure + visible subject,,Gemma free tag: close-up,True,leaf-off,not-visible,unspecified
baskauf/15395,baskauf_15395.jpg,Cercis canadensis,leaf,margin of upper + lower surface,leaf / margin of upper + lower surface,leaf,ind-baskauf/10739,close-up,high,"A diagnostic organ, surface, or fine detail is the main subject.",,,,,BioImages subview: margin of upper + lower surface,Gemma: leaf upper surface | Gemma free tag: close-up,False,leaf-on,not-visible,unspecified
baskauf/10766,baskauf_10766.jpg,Cercis canadensis,leaf,showing orientation on twig,leaf / showing orientation on twig,leaf,ind-baskauf/10766,mid-range,high,"A branch system or contextual plant part is visible, without the whole organism.",,,BioImages subview: showing orientation on twig,Gemma: contextual woody structure + visible subject,,,False,leaf-on,not-visible,unspecified
baskauf/11206,baskauf_11206.jpg,Cercis canadensis,leaf,showing orientation on twig,leaf / showing orientation on twig,leaf,ind-baskauf/10739,close-up,medium,"A diagnostic organ, surface, or fine detail is the main subject.",,,BioImages subview: showing orientation on twig,Gemma: contextual woody structure + visible subject,,Gemma: leaf upper surface | Gemma free tag: close-up,True,leaf-on,not-visible,unspecified
baskauf/11208,baskauf_11208.jpg,Cercis canadensis,leaf,showing orientation on twig,leaf / showing orientation on twig,leaf,ind-baskauf/10739,close-up,medium,"A diagnostic organ, surface, or fine detail is the main subject.",,,BioImages subview: showing orientation on twig,,,Gemma: leaf margin | Gemma: leaf upper surface | Gemma free tag: close-up,True,leaf-on,not-visible,unspecified
thomas/0049-08-05,thomas_0049-08-05.jpg,Cercis canadensis,inflorescence,frontal view of flower,inflorescence / frontal view of flower,flower,thomas/0049-08,close-up,high,"A diagnostic organ, surface, or fine detail is the main subject.",,,,Gemma: contextual woody structure + visible subject,BioImages subview: frontal view of flower,Gemma: flower close-up | Gemma: lateral flower view | Gemma free tag: close-up,False,not-visible,visible,unspecified
thomas/0049-08-04,thomas_0049-08-04.jpg,Cercis canadensis,inflorescence,lateral view of flower,inflorescence / lateral view of flower,flower,thomas/0049-08,close-up,high,"A diagnostic organ, surface, or fine detail is the main subject.",,,,,BioImages subview: lateral view of flower,Gemma: flower close-up | Gemma: frontal flower view | Gemma free tag: close-up,False,not-visible,visible,unspecified
baskauf/10392,baskauf_10392.jpg,Cercis canadensis,inflorescence,whole - unspecified,inflorescence / whole - unspecified,flower,vanderbilt/6-186,close-up,medium,"A diagnostic organ, surface, or fine detail is the main subject.",,,,Gemma: contextual woody structure + visible subject,,Gemma: flower close-up,True,leaf-on,visible,unspecified
baskauf/10393,baskauf_10393.jpg,Cercis canadensis,inflorescence,whole - unspecified,inflorescence / whole - unspecified,flower,vanderbilt/6-186,close-up,medium,"A diagnostic organ, surface, or fine detail is the main subject.",,,,Gemma: contextual woody structure + visible subject,,Gemma: flower close-up | Gemma free tag: close-up,True,not-visible,visible,unspecified
baskauf/51003,baskauf_51003.jpg,Cercis canadensis,inflorescence,whole - unspecified,inflorescence / whole - unspecified,flower,ind-baskauf/51001,close-up,medium,"A diagnostic organ, surface, or fine detail is the main subject.",,,,,,Gemma: flower close-up,True,not-visible,visible,unspecified
baskauf/51004,baskauf_51004.jpg,Cercis canadensis,inflorescence,whole - unspecified,inflorescence / whole - unspecified,flower,ind-baskauf/51001,distant,medium,Whole organism or crown is visible with scene context.,,Gemma: whole plant,,Gemma: contextual woody structure + visible subject,,,True,not-visible,visible,unspecified
thomas/0049-08-02,thomas_0049-08-02.jpg,Cercis canadensis,inflorescence,whole - unspecified,inflorescence / whole - unspecified,flower,thomas/0049-08,close-up,medium,"A diagnostic organ, surface, or fine detail is the main subject.",,,,Gemma: contextual woody structure + visible subject,,Gemma: flower close-up,True,not-visible,visible,unspecified
thomas/0049-08-03,thomas_0049-08-03.jpg,Cercis canadensis,inflorescence,whole - unspecified,inflorescence / whole - unspecified,flower,thomas/0049-08,close-up,medium,"A diagnostic organ, surface, or fine detail is the main subject.",,,,Gemma: contextual woody structure + visible subject,,Gemma: flower close-up | Gemma free tag: close-up,True,not-visible,visible,unspecified
baskauf/10206,baskauf_10206.jpg,Cercis canadensis,fruit,as borne on the plant,fruit / as borne on the plant,fruit,ind-baskauf/10207,mid-range,high,"A branch system or contextual plant part is visible, without the whole organism.",,,BioImages subview: as borne on the plant,Gemma: contextual woody structure + visible subject,,,False,leaf-on,not-visible,unspecified
baskauf/10207,baskauf_10207.jpg,Cercis canadensis,fruit,as borne on the plant,fruit / as borne on the plant,fruit,ind-baskauf/10207,mid-range,high,"A branch system or contextual plant part is visible, without the whole organism.",,,BioImages subview: as borne on the plant,Gemma: contextual woody structure + visible subject,,,False,leaf-on,visible,unspecified
baskauf/10339,baskauf_10339.jpg,Cercis canadensis,fruit,as borne on the plant,fruit / as borne on the plant,fruit,ind-baskauf/10207,distant,medium,Whole organism or crown is visible with scene context.,,Gemma: whole plant,BioImages subview: as borne on the plant,Gemma: contextual woody structure + visible subject,,,True,leaf-off,visible,environmental
baskauf/15391,baskauf_15391.jpg,Cercis canadensis,fruit,as borne on the plant,fruit / as borne on the plant,fruit,ind-baskauf/10739,close-up,medium,"A diagnostic organ, surface, or fine detail is the main subject.",,,BioImages subview: as borne on the plant,Gemma: contextual woody structure + visible subject,,Gemma: fruit close-up | Gemma free tag: close-up,True,leaf-on,visible,unspecified
baskauf/10739,baskauf_10739.jpg,Cercis canadensis,fruit,immature,fruit / immature,fruit,ind-baskauf/10739,close-up,medium,"A diagnostic organ, surface, or fine detail is the main subject.",,,,Gemma: contextual woody structure + visible subject,,Gemma: fruit close-up | Gemma free tag: close-up,True,leaf-on,visible,unspecified
baskauf/11211,baskauf_11211.jpg,Cercis canadensis,fruit,immature,fruit / immature,fruit,ind-baskauf/10739,close-up,medium,"A diagnostic organ, surface, or fine detail is the main subject.",,,,Gemma: contextual woody structure + visible subject,,Gemma: fruit close-up | Gemma free tag: close-up,True,leaf-on,visible,unspecified
baskauf/35214,baskauf_35214.jpg,Cornus amomum,whole tree (or vine),general,whole tree (or vine) / general,whole-tree,ind-baskauf/35213,distant,high,Whole organism or crown is visible with scene context.,BioImages group: whole-tree,Gemma: whole plant,,Gemma: contextual woody structure + visible subject,,,False,leaf-on,visible,environmental
baskauf/30752,baskauf_30752.jpg,Cornus amomum,whole tree (or vine),winter,whole tree (or vine) / winter,whole-tree,ind-baskauf/30752,distant,high,Whole organism or crown is visible with scene context.,BioImages group: whole-tree,Gemma: whole plant,,,,,False,leaf-off,not-visible,unspecified
baskauf/30760,baskauf_30760.jpg,Cornus amomum,bark,of a small tree or small branch,bark / of a small tree or small branch,bark,ind-baskauf/30752,close-up,medium,"A diagnostic organ, surface, or fine detail is the main subject.",,,BioImages subview: of a small tree or small branch,Gemma: contextual woody structure + visible subject,,Gemma free tag: close-up,True,not-visible,not-visible,unspecified
baskauf/30758,baskauf_30758.jpg,Cornus amomum,twig,close-up winter leaf scar/bud,twig / close-up winter leaf scar/bud,twig,ind-baskauf/30752,close-up,high,"A diagnostic organ, surface, or fine detail is the main subject.",,,,Gemma: contextual woody structure + visible subject,BioImages subview: close-up winter leaf scar/bud,Gemma free tag: close-up,False,leaf-off,not-visible,unspecified
baskauf/35221,baskauf_35221.jpg,Cornus amomum,twig,orientation of petioles,twig / orientation of petioles,twig,ind-baskauf/35213,close-up,medium,"A diagnostic organ, surface, or fine detail is the main subject.",,,BioImages subview: orientation of petioles,Gemma: contextual woody structure + visible subject,,Gemma: petiole arrangement | Gemma free tag: close-up,True,leaf-on,visible,unspecified
baskauf/54680,baskauf_54680.jpg,Cornus amomum,twig,orientation of petioles,twig / orientation of petioles,twig,ind-baskauf/54554,close-up,medium,"A diagnostic organ, surface, or fine detail is the main subject.",,,BioImages subview: orientation of petioles,Gemma: contextual woody structure + visible subject,,Gemma free tag: close-up,True,leaf-on,visible,unspecified
baskauf/30941,baskauf_30941.jpg,Cornus amomum,twig,unspecified,twig / unspecified,twig,ind-baskauf/30937,close-up,medium,"A diagnostic organ, surface, or fine detail is the main subject.",,,,Gemma: contextual woody structure + visible subject,,Gemma: leaf scar | Gemma: opened or sectioned fruit | Gemma free tag: close-up,True,not-visible,not-visible,unspecified
baskauf/54677,baskauf_54677.jpg,Cornus amomum,twig,unspecified,twig / unspecified,twig,ind-baskauf/54554,close-up,medium,"A diagnostic organ, surface, or fine detail is the main subject.",,,,Gemma: contextual woody structure + visible subject,,Gemma free tag: close-up,True,leaf-on,visible,unspecified
baskauf/30756,baskauf_30756.jpg,Cornus amomum,twig,winter overall,twig / winter overall,twig,ind-baskauf/30752,close-up,medium,"A diagnostic organ, surface, or fine detail is the main subject.",,,,Gemma: contextual woody structure + visible subject,,Gemma free tag: close-up,True,leaf-off,not-visible,unspecified
baskauf/54683,baskauf_54683.jpg,Cornus amomum,leaf,margin of upper + lower surface,leaf / margin of upper + lower surface,leaf,ind-baskauf/54554,close-up,high,"A diagnostic organ, surface, or fine detail is the main subject.",,,,,BioImages subview: margin of upper + lower surface,Gemma: leaf margin | Gemma: leaf upper surface | Gemma free tag: close-up,False,leaf-on,not-visible,unspecified
baskauf/35219,baskauf_35219.jpg,Cornus amomum,leaf,whole upper surface,leaf / whole upper surface,leaf,ind-baskauf/35213,close-up,high,"A diagnostic organ, surface, or fine detail is the main subject.",,,,Gemma: contextual woody structure + visible subject,BioImages subview: whole upper surface,Gemma: leaf upper surface | Gemma free tag: close-up,False,leaf-on,visible,unspecified
baskauf/54682,baskauf_54682.jpg,Cornus amomum,leaf,whole upper surface,leaf / whole upper surface,leaf,ind-baskauf/54554,close-up,high,"A diagnostic organ, surface, or fine detail is the main subject.",,,,Gemma: contextual woody structure + visible subject,BioImages subview: whole upper surface,Gemma: leaf margin | Gemma: leaf upper surface | Gemma: petiole arrangement | Gemma free tag: close-up,False,leaf-on,not-visible,unspecified
baskauf/35224,baskauf_35224.jpg,Cornus amomum,inflorescence,frontal view of flower,inflorescence / frontal view of flower,flower,ind-baskauf/35213,close-up,high,"A diagnostic organ, surface, or fine detail is the main subject.",,,,,BioImages subview: frontal view of flower,Gemma: flower close-up | Gemma free tag: close-up,False,leaf-on,visible,unspecified
baskauf/35218,baskauf_35218.jpg,Cornus amomum,inflorescence,lateral view of flower,inflorescence / lateral view of flower,flower,ind-baskauf/35213,close-up,high,"A diagnostic organ, surface, or fine detail is the main subject.",,,,Gemma: contextual woody structure + visible subject,BioImages subview: lateral view of flower,Gemma: flower close-up | Gemma free tag: close-up,False,leaf-on,visible,unspecified
baskauf/35216,baskauf_35216.jpg,Cornus amomum,inflorescence,whole - unspecified,inflorescence / whole - unspecified,flower,ind-baskauf/35213,close-up,medium,"A diagnostic organ, surface, or fine detail is the main subject.",,,,,,Gemma: flower close-up | Gemma: flower interior | Gemma free tag: close-up,True,not-visible,visible,unspecified
baskauf/54555,baskauf_54555.jpg,Cornus amomum,fruit,lateral or general close-up,fruit / lateral or general close-up,fruit,ind-baskauf/54554,close-up,high,"A diagnostic organ, surface, or fine detail is the main subject.",,,,Gemma: contextual woody structure + visible subject,BioImages subview: lateral or general close-up,Gemma: fruit close-up | Gemma free tag: close-up,False,not-visible,visible,unspecified
baskauf/11612,baskauf_11612.jpg,Cornus florida,whole tree (or vine),general,whole tree (or vine) / general,whole-tree,ind-baskauf/11612,distant,high,Whole organism or crown is visible with scene context.,BioImages group: whole-tree,Gemma: whole plant,,Gemma: contextual woody structure + visible subject,,,False,leaf-on,not-visible,environmental
baskauf/91064,baskauf_91064.jpg,Cornus florida,whole tree (or vine),general,whole tree (or vine) / general,whole-tree,vanderbilt/6-167,distant,high,Whole organism or crown is visible with scene context.,BioImages group: whole-tree,Gemma: whole plant,,Gemma: contextual woody structure + visible subject,,,False,leaf-on,visible,unspecified
baskauf/91159,baskauf_91159.jpg,Cornus florida,whole tree (or vine),general,whole tree (or vine) / general,whole-tree,vanderbilt/12-227,distant,high,Whole organism or crown is visible with scene context.,BioImages group: whole-tree,Gemma: whole plant,,Gemma: contextual woody structure + visible subject,,,False,leaf-on,not-visible,unspecified
kirchoff/b5090,kirchoff_b5090.jpg,Cornus florida,whole tree (or vine),general,whole tree (or vine) / general,whole-tree,ind-kirchoff/b5087,distant,high,Whole organism or crown is visible with scene context.,BioImages group: whole-tree,Gemma: whole plant,,Gemma: contextual woody structure + visible subject,,,False,leaf-on,visible,environmental
kirchoff/b5091,kirchoff_b5091.jpg,Cornus florida,whole tree (or vine),general,whole tree (or vine) / general,whole-tree,ind-kirchoff/b5087,distant,high,Whole organism or crown is visible with scene context.,BioImages group: whole-tree,Gemma: whole plant,,Gemma: contextual woody structure + visible subject,,,False,leaf-on,visible,unspecified
baskauf/10856,baskauf_10856.jpg,Cornus florida,bark,of a large tree,bark / of a large tree,bark,ind-baskauf/10856,close-up,medium,"A diagnostic organ, surface, or fine detail is the main subject.",,,,,,Gemma free tag: close-up,True,not-visible,not-visible,unspecified
baskauf/10471,baskauf_10471.jpg,Cornus florida,bark,of a medium tree or large branch,bark / of a medium tree or large branch,bark,vanderbilt/6-167,close-up,medium,"A diagnostic organ, surface, or fine detail is the main subject.",,,BioImages subview: of a medium tree or large branch,,,Gemma free tag: close-up,True,not-visible,not-visible,unspecified
baskauf/10377,baskauf_10377.jpg,Cornus florida,twig,close-up winter terminal bud,twig / close-up winter terminal bud,twig,ind-baskauf/10377,close-up,high,"A diagnostic organ, surface, or fine detail is the main subject.",,,,Gemma: contextual woody structure + visible subject,BioImages subview: close-up winter terminal bud,Gemma free tag: close-up,False,leaf-off,not-visible,unspecified
baskauf/15104,baskauf_15104.jpg,Cornus florida,twig,close-up winter terminal bud,twig / close-up winter terminal bud,twig,ind-baskauf/15103,close-up,high,"A diagnostic organ, surface, or fine detail is the main subject.",,,,Gemma: contextual woody structure + visible subject,BioImages subview: close-up winter terminal bud,Gemma free tag: close-up,False,leaf-on,visible,unspecified
baskauf/15105,baskauf_15105.jpg,Cornus florida,twig,close-up winter terminal bud,twig / close-up winter terminal bud,twig,ind-baskauf/15103,close-up,high,"A diagnostic organ, surface, or fine detail is the main subject.",,,,Gemma: contextual woody structure + visible subject,BioImages subview: close-up winter terminal bud,Gemma: fruit close-up | Gemma free tag: close-up,False,leaf-on,visible,unspecified
baskauf/17559,baskauf_17559.jpg,Cornus florida,twig,close-up winter terminal bud,twig / close-up winter terminal bud,twig,vanderbilt/6-167,close-up,high,"A diagnostic organ, surface, or fine detail is the main subject.",,,,Gemma: contextual woody structure + visible subject,BioImages subview: close-up winter terminal bud,Gemma free tag: close-up,False,not-visible,not-visible,unspecified
baskauf/17553,baskauf_17553.jpg,Cornus florida,twig,winter overall,twig / winter overall,twig,vanderbilt/6-167,close-up,medium,"A diagnostic organ, surface, or fine detail is the main subject.",,,,Gemma: contextual woody structure + visible subject,,Gemma free tag: close-up,True,leaf-off,not-visible,unspecified
baskauf/11248,baskauf_11248.jpg,Cornus florida,leaf,showing orientation on twig,leaf / showing orientation on twig,leaf,vanderbilt/6-167,close-up,medium,"A diagnostic organ, surface, or fine detail is the main subject.",,,BioImages subview: showing orientation on twig,Gemma: contextual woody structure + visible subject,,Gemma: leaf upper surface | Gemma free tag: close-up,True,leaf-on,visible,unspecified
baskauf/11613,baskauf_11613.jpg,Cornus florida,leaf,showing orientation on twig,leaf / showing orientation on twig,leaf,ind-baskauf/11612,mid-range,high,"A branch system or contextual plant part is visible, without the whole organism.",,,BioImages subview: showing orientation on twig,Gemma: contextual woody structure + visible subject,,,False,leaf-on,not-visible,environmental
baskauf/16416,baskauf_16416.jpg,Cornus florida,leaf,showing orientation on twig,leaf / showing orientation on twig,leaf,ind-baskauf/16416,mid-range,high,"A branch system or contextual plant part is visible, without the whole organism.",,,BioImages subview: showing orientation on twig,Gemma: contextual woody structure + visible subject,,,False,leaf-on,visible,unspecified
baskauf/16760,baskauf_16760.jpg,Cornus florida,leaf,showing orientation on twig,leaf / showing orientation on twig,leaf,ind-baskauf/16760,close-up,medium,"A diagnostic organ, surface, or fine detail is the main subject.",,,BioImages subview: showing orientation on twig,Gemma: contextual woody structure + visible subject,,Gemma free tag: close-up,True,leaf-on,visible,unspecified
baskauf/11243,baskauf_11243.jpg,Cornus florida,leaf,whole upper surface,leaf / whole upper surface,leaf,vanderbilt/6-167,close-up,high,"A diagnostic organ, surface, or fine detail is the main subject.",,,,Gemma: contextual woody structure + visible subject,BioImages subview: whole upper surface,Gemma: leaf margin | Gemma: leaf upper surface | Gemma free tag: close-up,False,leaf-on,not-visible,unspecified
baskauf/11614,baskauf_11614.jpg,Cornus florida,leaf,whole upper surface,leaf / whole upper surface,leaf,ind-baskauf/11612,close-up,high,"A diagnostic organ, surface, or fine detail is the main subject.",,,,,BioImages subview: whole upper surface,Gemma: leaf margin | Gemma: leaf upper surface | Gemma free tag: close-up,False,leaf-on,not-visible,unspecified
baskauf/10469,baskauf_10469.jpg,Cornus florida,inflorescence,whole - unspecified,inflorescence / whole - unspecified,flower,vanderbilt/6-167,close-up,medium,"A diagnostic organ, surface, or fine detail is the main subject.",,,,Gemma: contextual woody structure + visible subject,,Gemma: flower close-up | Gemma free tag: close-up,True,not-visible,visible,unspecified
baskauf/10470,baskauf_10470.jpg,Cornus florida,inflorescence,whole - unspecified,inflorescence / whole - unspecified,flower,vanderbilt/6-167,close-up,medium,"A diagnostic organ, surface, or fine detail is the main subject.",,,,Gemma: contextual woody structure + visible subject,,Gemma: flower close-up | Gemma free tag: close-up,True,not-visible,visible,unspecified
baskauf/10534,baskauf_10534.jpg,Cornus florida,inflorescence,whole - unspecified,inflorescence / whole - unspecified,flower,ind-baskauf/10534,close-up,medium,"A diagnostic organ, surface, or fine detail is the main subject.",,,,,,Gemma: flower close-up | Gemma: flower interior | Gemma: frontal flower view | Gemma free tag: close-up,True,not-visible,visible,unspecified
baskauf/10535,baskauf_10535.jpg,Cornus florida,inflorescence,whole - unspecified,inflorescence / whole - unspecified,flower,ind-baskauf/10534,close-up,medium,"A diagnostic organ, surface, or fine detail is the main subject.",,,,Gemma: contextual woody structure + visible subject,,Gemma: flower close-up | Gemma: lateral flower view,True,not-visible,visible,unspecified
kirchoff/b5085,kirchoff_b5085.jpg,Cornus florida,inflorescence,whole - unspecified,inflorescence / whole - unspecified,flower,ind-kirchoff/b5085,close-up,medium,"A diagnostic organ, surface, or fine detail is the main subject.",,,,,,Gemma: flower close-up | Gemma free tag: close-up,True,not-visible,visible,unspecified
kirchoff/b5086,kirchoff_b5086.jpg,Cornus florida,inflorescence,whole - unspecified,inflorescence / whole - unspecified,flower,ind-kirchoff/b5085,close-up,medium,"A diagnostic organ, surface, or fine detail is the main subject.",,,,Gemma: contextual woody structure + visible subject,,Gemma: flower close-up | Gemma: frontal flower view | Gemma free tag: close-up,True,not-visible,visible,unspecified
baskauf/15103,baskauf_15103.jpg,Cornus florida,fruit,as borne on the plant,fruit / as borne on the plant,fruit,ind-baskauf/15103,close-up,medium,"A diagnostic organ, surface, or fine detail is the main subject.",,,BioImages subview: as borne on the plant,Gemma: contextual woody structure + visible subject,,Gemma: fruit close-up | Gemma free tag: close-up,True,leaf-on,visible,unspecified
kirchoff/b5087,kirchoff_b5087.jpg,Cornus florida,fruit,as borne on the plant,fruit / as borne on the plant,fruit,ind-kirchoff/b5087,close-up,medium,"A diagnostic organ, surface, or fine detail is the main subject.",,,BioImages subview: as borne on the plant,Gemma: contextual woody structure + visible subject,,Gemma: fruit close-up | Gemma free tag: close-up,True,leaf-on,visible,unspecified
kirchoff/b5088,kirchoff_b5088.jpg,Cornus florida,fruit,as borne on the plant,fruit / as borne on the plant,fruit,ind-kirchoff/b5087,close-up,medium,"A diagnostic organ, surface, or fine detail is the main subject.",,,BioImages subview: as borne on the plant,Gemma: contextual woody structure + visible subject,,Gemma: fruit close-up | Gemma free tag: close-up,True,leaf-on,visible,unspecified
kirchoff/b5089,kirchoff_b5089.jpg,Cornus florida,fruit,as borne on the plant,fruit / as borne on the plant,fruit,ind-kirchoff/b5087,distant,medium,Whole organism or crown is visible with scene context.,,Gemma: whole plant,BioImages subview: as borne on the plant,Gemma: contextual woody structure + visible subject,,,True,leaf-on,visible,unspecified
kirchoff/b5092,kirchoff_b5092.jpg,Cornus florida,fruit,as borne on the plant,fruit / as borne on the plant,fruit,ind-kirchoff/b5087,close-up,medium,"A diagnostic organ, surface, or fine detail is the main subject.",,,BioImages subview: as borne on the plant,Gemma: contextual woody structure + visible subject,,Gemma: fruit close-up | Gemma free tag: close-up,True,not-visible,visible,unspecified
kirchoff/b5094,kirchoff_b5094.jpg,Cornus florida,fruit,as borne on the plant,fruit / as borne on the plant,fruit,ind-kirchoff/b5087,close-up,medium,"A diagnostic organ, surface, or fine detail is the main subject.",,,BioImages subview: as borne on the plant,Gemma: contextual woody structure + visible subject,,Gemma: fruit close-up | Gemma free tag: close-up,True,leaf-on,visible,unspecified
kirchoff/b5095,kirchoff_b5095.jpg,Cornus florida,fruit,as borne on the plant,fruit / as borne on the plant,fruit,ind-kirchoff/b5087,mid-range,high,"A branch system or contextual plant part is visible, without the whole organism.",,,BioImages subview: as borne on the plant,Gemma: contextual woody structure + visible subject,,,False,leaf-on,visible,unspecified
baskauf/10603,baskauf_10603.jpg,Cornus florida,fruit,immature,fruit / immature,fruit,vanderbilt/6-167,close-up,medium,"A diagnostic organ, surface, or fine detail is the main subject.",,,,,,Gemma: flower close-up | Gemma free tag: close-up,True,not-visible,visible,unspecified
kirchoff/b5093,kirchoff_b5093.jpg,Cornus florida,fruit,lateral or general close-up,fruit / lateral or general close-up,fruit,ind-kirchoff/b5087,close-up,high,"A diagnostic organ, surface, or fine detail is the main subject.",,,,Gemma: contextual woody structure + visible subject,BioImages subview: lateral or general close-up,Gemma: fruit close-up | Gemma free tag: close-up,False,leaf-off,visible,unspecified
baskauf/54740,baskauf_54740.jpg,Cornus racemosa,whole tree (or vine),general,whole tree (or vine) / general,whole-tree,ind-baskauf/54740,distant,high,Whole organism or crown is visible with scene context.,BioImages group: whole-tree,Gemma: whole plant,,Gemma: contextual woody structure + visible subject,,,False,leaf-on,visible,unspecified
baskauf/54744,baskauf_54744.jpg,Cornus racemosa,whole tree (or vine),general,whole tree (or vine) / general,whole-tree,ind-baskauf/54740,distant,high,Whole organism or crown is visible with scene context.,BioImages group: whole-tree,Gemma: whole plant,,Gemma: contextual woody structure + visible subject,,,False,leaf-on,not-visible,unspecified
baskauf/54755,baskauf_54755.jpg,Cornus racemosa,bark,of a medium tree or large branch,bark / of a medium tree or large branch,bark,ind-baskauf/54740,close-up,medium,"A diagnostic organ, surface, or fine detail is the main subject.",,,BioImages subview: of a medium tree or large branch,,,Gemma free tag: close-up,True,not-visible,not-visible,unspecified
baskauf/54750,baskauf_54750.jpg,Cornus racemosa,twig,orientation of petioles,twig / orientation of petioles,twig,ind-baskauf/54740,close-up,medium,"A diagnostic organ, surface, or fine detail is the main subject.",,,BioImages subview: orientation of petioles,Gemma: contextual woody structure + visible subject,,Gemma: leaf upper surface | Gemma free tag: close-up,True,leaf-on,not-visible,unspecified
baskauf/54819,baskauf_54819.jpg,Cornus racemosa,twig,unspecified,twig / unspecified,twig,ind-baskauf/54740,close-up,medium,"A diagnostic organ, surface, or fine detail is the main subject.",,,,Gemma: contextual woody structure + visible subject,,Gemma: leaf upper surface,True,leaf-on,not-visible,unspecified
baskauf/54760,baskauf_54760.jpg,Cornus racemosa,leaf,margin of upper + lower surface,leaf / margin of upper + lower surface,leaf,ind-baskauf/54740,close-up,high,"A diagnostic organ, surface, or fine detail is the main subject.",,,,,BioImages subview: margin of upper + lower surface,Gemma: leaf margin | Gemma: leaf upper surface | Gemma free tag: close-up,False,leaf-on,not-visible,unspecified
baskauf/54758,baskauf_54758.jpg,Cornus racemosa,leaf,whole upper surface,leaf / whole upper surface,leaf,ind-baskauf/54740,close-up,high,"A diagnostic organ, surface, or fine detail is the main subject.",,,,Gemma: contextual woody structure + visible subject,BioImages subview: whole upper surface,Gemma: leaf margin | Gemma: leaf upper surface | Gemma free tag: close-up,False,leaf-on,not-visible,unspecified
baskauf/54764,baskauf_54764.jpg,Cornus racemosa,fruit,as borne on the plant,fruit / as borne on the plant,fruit,ind-baskauf/54740,mid-range,high,"A branch system or contextual plant part is visible, without the whole organism.",,,BioImages subview: as borne on the plant,Gemma: contextual woody structure + visible subject,,,False,leaf-on,visible,unspecified
baskauf/54765,baskauf_54765.jpg,Cornus racemosa,fruit,as borne on the plant,fruit / as borne on the plant,fruit,ind-baskauf/54740,close-up,medium,"A diagnostic organ, surface, or fine detail is the main subject.",,,BioImages subview: as borne on the plant,Gemma: contextual woody structure + visible subject,,Gemma: fruit close-up | Gemma free tag: close-up,True,leaf-on,visible,unspecified
baskauf/54747,baskauf_54747.jpg,Cornus racemosa,fruit,immature,fruit / immature,fruit,ind-baskauf/54740,close-up,medium,"A diagnostic organ, surface, or fine detail is the main subject.",,,,Gemma: contextual woody structure + visible subject,,Gemma: fruit close-up | Gemma free tag: close-up,True,leaf-on,visible,unspecified
baskauf/54817,baskauf_54817.jpg,Cornus racemosa,fruit,immature,fruit / immature,fruit,ind-baskauf/54740,close-up,medium,"A diagnostic organ, surface, or fine detail is the main subject.",,,,Gemma: contextual woody structure + visible subject,,Gemma: fruit close-up | Gemma free tag: close-up,True,leaf-on,visible,unspecified
baskauf/54766,baskauf_54766.jpg,Cornus racemosa,fruit,lateral or general close-up,fruit / lateral or general close-up,fruit,ind-baskauf/54740,close-up,high,"A diagnostic organ, surface, or fine detail is the main subject.",,,,Gemma: contextual woody structure + visible subject,BioImages subview: lateral or general close-up,Gemma: fruit close-up | Gemma free tag: close-up,False,leaf-on,visible,unspecified
baskauf/54767,baskauf_54767.jpg,Cornus racemosa,fruit,lateral or general close-up,fruit / lateral or general close-up,fruit,ind-baskauf/54740,close-up,high,"A diagnostic organ, surface, or fine detail is the main subject.",,,,Gemma: contextual woody structure + visible subject,BioImages subview: lateral or general close-up,Gemma: fruit close-up | Gemma free tag: close-up,False,leaf-on,visible,unspecified
baskauf/35318,baskauf_35318.jpg,Cornus sericea,whole tree (or vine),general,whole tree (or vine) / general,whole-tree,ind-baskauf/35309,distant,high,Whole organism or crown is visible with scene context.,BioImages group: whole-tree,Gemma: whole plant,,Gemma: contextual woody structure + visible subject,,,False,leaf-on,not-visible,unspecified
baskauf/30975,baskauf_30975.jpg,Cornus sericea,whole tree (or vine),winter,whole tree (or vine) / winter,whole-tree,ind-baskauf/30951,distant,medium,Whole organism or crown is visible with scene context.,BioImages group: whole-tree,,,,,,True,leaf-off,not-visible,unspecified
baskauf/30981,baskauf_30981.jpg,Cornus sericea,bark,of a small tree or small branch,bark / of a small tree or small branch,bark,ind-baskauf/30951,close-up,medium,"A diagnostic organ, surface, or fine detail is the main subject.",,,BioImages subview: of a small tree or small branch,Gemma: contextual woody structure + visible subject,,Gemma free tag: close-up,True,not-visible,not-visible,unspecified
baskauf/30961,baskauf_30961.jpg,Cornus sericea,twig,close-up winter terminal bud,twig / close-up winter terminal bud,twig,ind-baskauf/30951,close-up,high,"A diagnostic organ, surface, or fine detail is the main subject.",,,,Gemma: contextual woody structure + visible subject,BioImages subview: close-up winter terminal bud,Gemma free tag: close-up,False,leaf-off,not-visible,unspecified
baskauf/35326,baskauf_35326.jpg,Cornus sericea,twig,orientation of petioles,twig / orientation of petioles,twig,ind-baskauf/35309,close-up,medium,"A diagnostic organ, surface, or fine detail is the main subject.",,,BioImages subview: orientation of petioles,Gemma: contextual woody structure + visible subject,,Gemma free tag: close-up,True,not-visible,not-visible,unspecified
baskauf/30951,baskauf_30951.jpg,Cornus sericea,twig,unspecified,twig / unspecified,twig,ind-baskauf/30951,close-up,medium,"A diagnostic organ, surface, or fine detail is the main subject.",,,,Gemma: contextual woody structure + visible subject,,Gemma: leaf scar | Gemma free tag: close-up,True,leaf-off,not-visible,unspecified
baskauf/30958,baskauf_30958.jpg,Cornus sericea,twig,winter overall,twig / winter overall,twig,ind-baskauf/30951,close-up,medium,"A diagnostic organ, surface, or fine detail is the main subject.",,,,Gemma: contextual woody structure + visible subject,,Gemma: leaf scar | Gemma free tag: close-up,True,leaf-off,not-visible,unspecified
baskauf/35319,baskauf_35319.jpg,Cornus sericea,leaf,showing orientation on twig,leaf / showing orientation on twig,leaf,ind-baskauf/35309,close-up,medium,"A diagnostic organ, surface, or fine detail is the main subject.",,,BioImages subview: showing orientation on twig,Gemma: contextual woody structure + visible subject,,Gemma: leaf upper surface | Gemma free tag: close-up,True,leaf-on,not-visible,unspecified
baskauf/35324,baskauf_35324.jpg,Cornus sericea,leaf,whole upper surface,leaf / whole upper surface,leaf,ind-baskauf/35309,close-up,high,"A diagnostic organ, surface, or fine detail is the main subject.",,,,,BioImages subview: whole upper surface,Gemma: leaf margin | Gemma: leaf upper surface | Gemma free tag: close-up,False,leaf-on,not-visible,unspecified
baskauf/54572,baskauf_54572.jpg,Cornus sericea,fruit,lateral or general close-up,fruit / lateral or general close-up,fruit,ind-baskauf/35309,close-up,high,"A diagnostic organ, surface, or fine detail is the main subject.",,,,Gemma: contextual woody structure + visible subject,BioImages subview: lateral or general close-up,Gemma free tag: close-up,False,leaf-on,visible,unspecified
baskauf/65655,baskauf_65655.jpg,Dirca palustris,whole tree (or vine),general,whole tree (or vine) / general,whole-tree,ind-baskauf/65629,distant,high,Whole organism or crown is visible with scene context.,BioImages group: whole-tree,Gemma: whole plant,,Gemma: contextual woody structure + visible subject,,,False,leaf-on,not-visible,environmental
baskauf/65657,baskauf_65657.jpg,Dirca palustris,whole tree (or vine),general,whole tree (or vine) / general,whole-tree,ind-baskauf/65657,distant,high,Whole organism or crown is visible with scene context.,BioImages group: whole-tree,Gemma: whole plant,,Gemma: contextual woody structure + visible subject,,,False,leaf-on,not-visible,unspecified
baskauf/65662,baskauf_65662.jpg,Dirca palustris,whole tree (or vine),general,whole tree (or vine) / general,whole-tree,ind-baskauf/65662,distant,medium,Whole organism or crown is visible with scene context.,BioImages group: whole-tree,,,Gemma: contextual woody structure + visible subject,,,True,leaf-on,not-visible,unspecified
baskauf/65650,baskauf_65650.jpg,Dirca palustris,bark,of a medium tree or large branch,bark / of a medium tree or large branch,bark,ind-baskauf/65629,mid-range,high,"A branch system or contextual plant part is visible, without the whole organism.",,,BioImages subview: of a medium tree or large branch,Gemma: contextual woody structure + visible subject,,,False,not-visible,not-visible,unspecified
baskauf/65651,baskauf_65651.jpg,Dirca palustris,bark,of a medium tree or large branch,bark / of a medium tree or large branch,bark,ind-baskauf/65629,close-up,medium,"A diagnostic organ, surface, or fine detail is the main subject.",,,BioImages subview: of a medium tree or large branch,Gemma: contextual woody structure + visible subject,,Gemma free tag: close-up,True,not-visible,not-visible,unspecified
baskauf/65652,baskauf_65652.jpg,Dirca palustris,bark,of a medium tree or large branch,bark / of a medium tree or large branch,bark,ind-baskauf/65629,close-up,medium,"A diagnostic organ, surface, or fine detail is the main subject.",,,BioImages subview: of a medium tree or large branch,,,Gemma free tag: close-up,True,not-visible,not-visible,unspecified
baskauf/65653,baskauf_65653.jpg,Dirca palustris,bark,of a small tree or small branch,bark / of a small tree or small branch,bark,ind-baskauf/65629,close-up,medium,"A diagnostic organ, surface, or fine detail is the main subject.",,,BioImages subview: of a small tree or small branch,Gemma: contextual woody structure + visible subject,,Gemma free tag: close-up,True,leaf-off,not-visible,unspecified
baskauf/65654,baskauf_65654.jpg,Dirca palustris,bark,of a small tree or small branch,bark / of a small tree or small branch,bark,ind-baskauf/65629,close-up,medium,"A diagnostic organ, surface, or fine detail is the main subject.",,,BioImages subview: of a small tree or small branch,Gemma: contextual woody structure + visible subject,,Gemma free tag: close-up,True,leaf-off,not-visible,unspecified
baskauf/65642,baskauf_65642.jpg,Dirca palustris,twig,orientation of petioles,twig / orientation of petioles,twig,ind-baskauf/65629,close-up,medium,"A diagnostic organ, surface, or fine detail is the main subject.",,,BioImages subview: orientation of petioles,Gemma: contextual woody structure + visible subject,,Gemma free tag: close-up,True,leaf-on,not-visible,unspecified
baskauf/65647,baskauf_65647.jpg,Dirca palustris,twig,orientation of petioles,twig / orientation of petioles,twig,ind-baskauf/65629,close-up,medium,"A diagnostic organ, surface, or fine detail is the main subject.",,,BioImages subview: orientation of petioles,Gemma: contextual woody structure + visible subject,,Gemma: flower close-up | Gemma: leaf upper surface | Gemma free tag: close-up,True,leaf-on,visible,unspecified
baskauf/65649,baskauf_65649.jpg,Dirca palustris,twig,orientation of petioles,twig / orientation of petioles,twig,ind-baskauf/65629,close-up,medium,"A diagnostic organ, surface, or fine detail is the main subject.",,,BioImages subview: orientation of petioles,Gemma: contextual woody structure + visible subject,,Gemma: leaf scar | Gemma free tag: close-up,True,leaf-on,not-visible,unspecified
baskauf/65644,baskauf_65644.jpg,Dirca palustris,leaf,margin of upper + lower surface,leaf / margin of upper + lower surface,leaf,ind-baskauf/65629,close-up,high,"A diagnostic organ, surface, or fine detail is the main subject.",,,,,BioImages subview: margin of upper + lower surface,Gemma: leaf upper surface | Gemma free tag: close-up,False,leaf-on,not-visible,unspecified
baskauf/65645,baskauf_65645.jpg,Dirca palustris,leaf,margin of upper + lower surface,leaf / margin of upper + lower surface,leaf,ind-baskauf/65629,close-up,high,"A diagnostic organ, surface, or fine detail is the main subject.",,,,,BioImages subview: margin of upper + lower surface,Gemma: leaf margin | Gemma: leaf upper surface | Gemma free tag: close-up | Gemma free tag: macro photo,False,leaf-on,not-visible,unspecified
baskauf/65631,baskauf_65631.jpg,Dirca palustris,leaf,showing orientation on twig,leaf / showing orientation on twig,leaf,ind-baskauf/65629,mid-range,high,"A branch system or contextual plant part is visible, without the whole organism.",,,BioImages subview: showing orientation on twig,Gemma: contextual woody structure + visible subject,,,False,leaf-on,not-visible,unspecified
baskauf/65634,baskauf_65634.jpg,Dirca palustris,leaf,showing orientation on twig,leaf / showing orientation on twig,leaf,ind-baskauf/65629,close-up,medium,"A diagnostic organ, surface, or fine detail is the main subject.",,,BioImages subview: showing orientation on twig,Gemma: contextual woody structure + visible subject,,Gemma free tag: close-up,True,leaf-on,not-visible,unspecified
baskauf/65637,baskauf_65637.jpg,Dirca palustris,leaf,showing orientation on twig,leaf / showing orientation on twig,leaf,ind-baskauf/65629,close-up,medium,"A diagnostic organ, surface, or fine detail is the main subject.",,,BioImages subview: showing orientation on twig,Gemma: contextual woody structure + visible subject,,Gemma free tag: close-up,True,leaf-on,not-visible,unspecified
baskauf/65633,baskauf_65633.jpg,Dirca palustris,leaf,whole upper surface,leaf / whole upper surface,leaf,ind-baskauf/65629,close-up,high,"A diagnostic organ, surface, or fine detail is the main subject.",,,,Gemma: contextual woody structure + visible subject,BioImages subview: whole upper surface,Gemma: leaf upper surface | Gemma free tag: close-up,False,leaf-on,visible,unspecified
eickmeierwg/we565,eickmeierwg_we565.jpg,Dirca palustris,inflorescence,whole - unspecified,inflorescence / whole - unspecified,flower,ind-eickmeierwg/we565,mid-range,medium,"A branch system or contextual plant part is visible, without the whole organism.",,,,Gemma: contextual woody structure + visible subject,,,True,leaf-on,visible,unspecified
baskauf/65641,baskauf_65641.jpg,Dirca palustris,fruit,immature,fruit / immature,fruit,ind-baskauf/65629,close-up,medium,"A diagnostic organ, surface, or fine detail is the main subject.",,,,Gemma: contextual woody structure + visible subject,,Gemma: fruit close-up | Gemma free tag: close-up,True,leaf-on,visible,unspecified
baskauf/29773,baskauf_29773.jpg,Fagus grandifolia,whole tree (or vine),general,whole tree (or vine) / general,whole-tree,ind-baskauf/10432,distant,high,Whole organism or crown is visible with scene context.,BioImages group: whole-tree,Gemma: whole plant | Gemma free tag: full crown,,Gemma: contextual woody structure + visible subject,,,False,leaf-on,not-visible,unspecified
baskauf/91057,baskauf_91057.jpg,Fagus grandifolia,whole tree (or vine),general,whole tree (or vine) / general,whole-tree,vanderbilt/6-208,distant,high,Whole organism or crown is visible with scene context.,BioImages group: whole-tree,Gemma: whole plant | Gemma free tag: tree crown,,Gemma: contextual woody structure + visible subject,,,False,leaf-on,not-visible,environmental
baskauf/91143,baskauf_91143.jpg,Fagus grandifolia,whole tree (or vine),general,whole tree (or vine) / general,whole-tree,vanderbilt/12-187,distant,high,Whole organism or crown is visible with scene context.,BioImages group: whole-tree,Gemma: whole plant | Gemma free tag: full crown,,,,,False,leaf-on,not-visible,unspecified
kirchoff/ac1515,kirchoff_ac1515.jpg,Fagus grandifolia,whole tree (or vine),general,whole tree (or vine) / general,whole-tree,ind-kirchoff/mason09,distant,high,Whole organism or crown is visible with scene context.,BioImages group: whole-tree,Gemma: whole plant,,Gemma: contextual woody structure + visible subject,,,False,leaf-on,not-visible,unspecified
baskauf/d0127,baskauf_d0127.jpg,Fagus grandifolia,whole tree (or vine),winter,whole tree (or vine) / winter,whole-tree,ind-baskauf/d0127,distant,high,Whole organism or crown is visible with scene context.,BioImages group: whole-tree,Gemma: whole plant,,Gemma: contextual woody structure + visible subject,,,False,leaf-off,not-visible,environmental
kirchoff/b5132,kirchoff_b5132.jpg,Fagus grandifolia,whole tree (or vine),winter,whole tree (or vine) / winter,whole-tree,ind-kirchoff/b5132,distant,high,Whole organism or crown is visible with scene context.,BioImages group: whole-tree,Gemma: whole plant,,Gemma: contextual woody structure + visible subject,,,False,leaf-off,not-visible,environmental
baskauf/10432,baskauf_10432.jpg,Fagus grandifolia,bark,of a large tree,bark / of a large tree,bark,ind-baskauf/10432,close-up,medium,"A diagnostic organ, surface, or fine detail is the main subject.",,,,Gemma: contextual woody structure + visible subject,,Gemma free tag: close-up,True,not-visible,not-visible,unspecified
kirchoff/ac1516,kirchoff_ac1516.jpg,Fagus grandifolia,bark,of a large tree,bark / of a large tree,bark,ind-kirchoff/mason09,close-up,medium,"A diagnostic organ, surface, or fine detail is the main subject.",,,,,,Gemma free tag: close-up,True,not-visible,not-visible,unspecified
kirchoff/ac1517,kirchoff_ac1517.jpg,Fagus grandifolia,bark,of a large tree,bark / of a large tree,bark,ind-kirchoff/mason09,close-up,medium,"A diagnostic organ, surface, or fine detail is the main subject.",,,,,,Gemma free tag: close-up,True,not-visible,not-visible,unspecified
kirchoff/em2192,kirchoff_em2192.jpg,Fagus grandifolia,bark,of a large tree,bark / of a large tree,bark,ind-kirchoff/mason09,uncertain,low,"No positive distant, mid-range, or close-up evidence was found.",,,,,,,True,not-visible,not-visible,unspecified
baskauf/10431,baskauf_10431.jpg,Fagus grandifolia,twig,close-up winter terminal bud,twig / close-up winter terminal bud,twig,ind-baskauf/10430,close-up,high,"A diagnostic organ, surface, or fine detail is the main subject.",,,,Gemma: contextual woody structure + visible subject,BioImages subview: close-up winter terminal bud,Gemma free tag: close-up,False,leaf-off,not-visible,unspecified
baskauf/39143,baskauf_39143.jpg,Fagus grandifolia,twig,close-up winter terminal bud,twig / close-up winter terminal bud,twig,ind-baskauf/39143,close-up,high,"A diagnostic organ, surface, or fine detail is the main subject.",,,,Gemma: contextual woody structure + visible subject,BioImages subview: close-up winter terminal bud,Gemma free tag: close-up,False,leaf-off,not-visible,unspecified
baskauf/39176,baskauf_39176.jpg,Fagus grandifolia,twig,close-up winter terminal bud,twig / close-up winter terminal bud,twig,ind-baskauf/39143,close-up,high,"A diagnostic organ, surface, or fine detail is the main subject.",,,,Gemma: contextual woody structure + visible subject,BioImages subview: close-up winter terminal bud,Gemma: leaf scar | Gemma free tag: close-up,False,leaf-off,not-visible,unspecified
baskauf/29685,baskauf_29685.jpg,Fagus grandifolia,twig,orientation of petioles,twig / orientation of petioles,twig,ind-baskauf/10432,close-up,medium,"A diagnostic organ, surface, or fine detail is the main subject.",,,BioImages subview: orientation of petioles,Gemma: contextual woody structure + visible subject,,Gemma free tag: close-up,True,leaf-on,not-visible,unspecified
kirchoff/ac1519,kirchoff_ac1519.jpg,Fagus grandifolia,twig,orientation of petioles,twig / orientation of petioles,twig,ind-kirchoff/mason09,close-up,medium,"A diagnostic organ, surface, or fine detail is the main subject.",,,BioImages subview: orientation of petioles,Gemma: contextual woody structure + visible subject,,Gemma free tag: close-up,True,leaf-on,visible,unspecified
kirchoff/em1993,kirchoff_em1993.jpg,Fagus grandifolia,twig,orientation of petioles,twig / orientation of petioles,twig,ind-kirchoff/mason09,close-up,medium,"A diagnostic organ, surface, or fine detail is the main subject.",,,BioImages subview: orientation of petioles,Gemma: contextual woody structure + visible subject,,Gemma free tag: close-up,True,leaf-on,not-visible,unspecified
kirchoff/em1998,kirchoff_em1998.jpg,Fagus grandifolia,twig,orientation of petioles,twig / orientation of petioles,twig,ind-kirchoff/mason09,mid-range,high,"A branch system or contextual plant part is visible, without the whole organism.",,,BioImages subview: orientation of petioles,Gemma: contextual woody structure + visible subject,,,False,leaf-on,not-visible,unspecified
baskauf/10430,baskauf_10430.jpg,Fagus grandifolia,twig,winter overall,twig / winter overall,twig,ind-baskauf/10430,mid-range,medium,"A branch system or contextual plant part is visible, without the whole organism.",,,,Gemma: contextual woody structure + visible subject,,,True,leaf-off,not-visible,unspecified
kirchoff/em2002,kirchoff_em2002.jpg,Fagus grandifolia,leaf,margin of upper + lower surface,leaf / margin of upper + lower surface,leaf,ind-kirchoff/mason09,close-up,high,"A diagnostic organ, surface, or fine detail is the main subject.",,,,,BioImages subview: margin of upper + lower surface,Gemma: leaf margin | Gemma: leaf upper surface | Gemma free tag: close-up,False,leaf-on,not-visible,unspecified
kirchoff/em2198,kirchoff_em2198.jpg,Fagus grandifolia,leaf,margin of upper + lower surface,leaf / margin of upper + lower surface,leaf,ind-kirchoff/mason09,close-up,high,"A diagnostic organ, surface, or fine detail is the main subject.",,,,,BioImages subview: margin of upper + lower surface,Gemma: leaf margin | Gemma: leaf upper surface,False,leaf-on,not-visible,unspecified
baskauf/10757,baskauf_10757.jpg,Fagus grandifolia,leaf,showing orientation on twig,leaf / showing orientation on twig,leaf,vanderbilt/12-187,close-up,medium,"A diagnostic organ, surface, or fine detail is the main subject.",,,BioImages subview: showing orientation on twig,Gemma: contextual woody structure + visible subject,,Gemma: leaf upper surface | Gemma free tag: close-up,True,leaf-on,visible,unspecified
baskauf/16720,baskauf_16720.jpg,Fagus grandifolia,leaf,showing orientation on twig,leaf / showing orientation on twig,leaf,ind-baskauf/16720,uncertain,conflict,Distant and close-up evidence both present; manual review required.,,Gemma: whole plant | Gemma free tag: tree crown,BioImages subview: showing orientation on twig,Gemma: contextual woody structure + visible subject,,Gemma: leaf upper surface,True,leaf-on,not-visible,environmental
baskauf/29683,baskauf_29683.jpg,Fagus grandifolia,leaf,whole upper surface,leaf / whole upper surface,leaf,ind-baskauf/10432,close-up,high,"A diagnostic organ, surface, or fine detail is the main subject.",,,,Gemma: contextual woody structure + visible subject,BioImages subview: whole upper surface,Gemma: leaf margin | Gemma: leaf upper surface | Gemma free tag: close-up,False,leaf-on,not-visible,unspecified
kirchoff/em2001,kirchoff_em2001.jpg,Fagus grandifolia,leaf,whole upper surface,leaf / whole upper surface,leaf,ind-kirchoff/mason09,close-up,high,"A diagnostic organ, surface, or fine detail is the main subject.",,,,,BioImages subview: whole upper surface,Gemma: leaf upper surface,False,leaf-on,not-visible,unspecified
kirchoff/em2003,kirchoff_em2003.jpg,Fagus grandifolia,leaf,whole upper surface,leaf / whole upper surface,leaf,ind-kirchoff/mason09,close-up,high,"A diagnostic organ, surface, or fine detail is the main subject.",,,,,BioImages subview: whole upper surface,Gemma: leaf upper surface,False,leaf-on,not-visible,unspecified
kirchoff/em2062,kirchoff_em2062.jpg,Fagus grandifolia,leaf,whole upper surface,leaf / whole upper surface,leaf,ind-kirchoff/mason09,close-up,high,"A diagnostic organ, surface, or fine detail is the main subject.",,,,,BioImages subview: whole upper surface,Gemma: leaf upper surface,False,leaf-on,not-visible,unspecified
kirchoff/em2063,kirchoff_em2063.jpg,Fagus grandifolia,leaf,whole upper surface,leaf / whole upper surface,leaf,ind-kirchoff/mason09,close-up,high,"A diagnostic organ, surface, or fine detail is the main subject.",,,,,BioImages subview: whole upper surface,Gemma: leaf margin | Gemma: leaf upper surface | Gemma free tag: close-up,False,leaf-on,not-visible,unspecified
kirchoff/em2194,kirchoff_em2194.jpg,Fagus grandifolia,leaf,whole upper surface,leaf / whole upper surface,leaf,ind-kirchoff/mason09,close-up,high,"A diagnostic organ, surface, or fine detail is the main subject.",,,,,BioImages subview: whole upper surface,Gemma: leaf margin | Gemma: leaf upper surface,False,leaf-on,not-visible,unspecified
kirchoff/em2195,kirchoff_em2195.jpg,Fagus grandifolia,leaf,whole upper surface,leaf / whole upper surface,leaf,ind-kirchoff/mason09,close-up,high,"A diagnostic organ, surface, or fine detail is the main subject.",,,,,BioImages subview: whole upper surface,Gemma: leaf upper surface | Gemma free tag: isolated leaf,False,leaf-on,not-visible,isolated
kirchoff/em2196,kirchoff_em2196.jpg,Fagus grandifolia,leaf,whole upper surface,leaf / whole upper surface,leaf,ind-kirchoff/mason09,close-up,high,"A diagnostic organ, surface, or fine detail is the main subject.",,,,,BioImages subview: whole upper surface,Gemma: leaf upper surface,False,leaf-on,not-visible,unspecified
baskauf/39282,baskauf_39282.jpg,Fagus grandifolia,inflorescence,whole - female,inflorescence / whole - female,flower,ind-baskauf/39269,close-up,medium,"A diagnostic organ, surface, or fine detail is the main subject.",,,,Gemma: contextual woody structure + visible subject,,Gemma: flower close-up | Gemma free tag: close-up,True,leaf-on,visible,unspecified
baskauf/10503,baskauf_10503.jpg,Fagus grandifolia,inflorescence,whole - male,inflorescence / whole - male,flower,vanderbilt/12-187,mid-range,medium,"A branch system or contextual plant part is visible, without the whole organism.",,,,Gemma: contextual woody structure + visible subject,,,True,leaf-on,visible,unspecified
baskauf/10504,baskauf_10504.jpg,Fagus grandifolia,inflorescence,whole - male,inflorescence / whole - male,flower,vanderbilt/12-187,close-up,medium,"A diagnostic organ, surface, or fine detail is the main subject.",,,,Gemma: contextual woody structure + visible subject,,Gemma: flower close-up | Gemma free tag: close-up,True,not-visible,visible,unspecified
baskauf/10506,baskauf_10506.jpg,Fagus grandifolia,inflorescence,whole - male,inflorescence / whole - male,flower,vanderbilt/12-187,close-up,medium,"A diagnostic organ, surface, or fine detail is the main subject.",,,,,,Gemma: flower close-up | Gemma free tag: close-up,True,not-visible,visible,unspecified
baskauf/39273,baskauf_39273.jpg,Fagus grandifolia,inflorescence,whole - male,inflorescence / whole - male,flower,ind-baskauf/39269,mid-range,medium,"A branch system or contextual plant part is visible, without the whole organism.",,,,Gemma: contextual woody structure + visible subject,,,True,leaf-on,visible,unspecified
baskauf/10457,baskauf_10457.jpg,Fagus grandifolia,inflorescence,whole - unspecified,inflorescence / whole - unspecified,flower,vanderbilt/12-187,close-up,medium,"A diagnostic organ, surface, or fine detail is the main subject.",,,,Gemma: contextual woody structure + visible subject,,Gemma free tag: close-up,True,not-visible,visible,unspecified
baskauf/10459,baskauf_10459.jpg,Fagus grandifolia,inflorescence,whole - unspecified,inflorescence / whole - unspecified,flower,vanderbilt/12-187,mid-range,medium,"A branch system or contextual plant part is visible, without the whole organism.",,,,Gemma: contextual woody structure + visible subject,,,True,leaf-on,not-visible,unspecified
baskauf/10460,baskauf_10460.jpg,Fagus grandifolia,inflorescence,whole - unspecified,inflorescence / whole - unspecified,flower,vanderbilt/12-187,mid-range,medium,"A branch system or contextual plant part is visible, without the whole organism.",,,,Gemma: contextual woody structure + visible subject,,,True,leaf-on,not-visible,unspecified
baskauf/10474,baskauf_10474.jpg,Fagus grandifolia,inflorescence,whole - unspecified,inflorescence / whole - unspecified,flower,vanderbilt/12-187,close-up,medium,"A diagnostic organ, surface, or fine detail is the main subject.",,,,Gemma: contextual woody structure + visible subject,,Gemma free tag: close-up,True,mixed,not-visible,unspecified
baskauf/39270,baskauf_39270.jpg,Fagus grandifolia,inflorescence,whole - unspecified,inflorescence / whole - unspecified,flower,ind-baskauf/39269,close-up,medium,"A diagnostic organ, surface, or fine detail is the main subject.",,,,Gemma: contextual woody structure + visible subject,,Gemma: leaf upper surface | Gemma free tag: close-up,True,leaf-on,visible,unspecified
kirchoff/ac1518,kirchoff_ac1518.jpg,Fagus grandifolia,fruit,as borne on the plant,fruit / as borne on the plant,fruit,ind-kirchoff/mason09,close-up,medium,"A diagnostic organ, surface, or fine detail is the main subject.",,,BioImages subview: as borne on the plant,Gemma: contextual woody structure + visible subject,,Gemma free tag: close-up,True,leaf-on,visible,unspecified
baskauf/10602,baskauf_10602.jpg,Fagus grandifolia,fruit,immature,fruit / immature,fruit,vanderbilt/12-187,close-up,medium,"A diagnostic organ, surface, or fine detail is the main subject.",,,,Gemma: contextual woody structure + visible subject,,Gemma: flower close-up | Gemma free tag: close-up,True,leaf-on,visible,unspecified
baskauf/52470,baskauf_52470.jpg,Fagus grandifolia,fruit,lateral or general close-up,fruit / lateral or general close-up,fruit,vanderbilt/12-187,close-up,high,"A diagnostic organ, surface, or fine detail is the main subject.",,,,Gemma: contextual woody structure + visible subject,BioImages subview: lateral or general close-up,Gemma: fruit close-up | Gemma free tag: close-up,False,leaf-on,visible,unspecified
baskauf/52471,baskauf_52471.jpg,Fagus grandifolia,fruit,lateral or general close-up,fruit / lateral or general close-up,fruit,vanderbilt/12-187,close-up,high,"A diagnostic organ, surface, or fine detail is the main subject.",,,,Gemma: contextual woody structure + visible subject,BioImages subview: lateral or general close-up,Gemma: fruit close-up | Gemma free tag: close-up,False,leaf-on,visible,unspecified
kirchoff/em2061,kirchoff_em2061.jpg,Fagus grandifolia,fruit,lateral or general close-up,fruit / lateral or general close-up,fruit,ind-kirchoff/mason09,close-up,high,"A diagnostic organ, surface, or fine detail is the main subject.",,,,Gemma: contextual woody structure + visible subject,BioImages subview: lateral or general close-up,Gemma: flower close-up | Gemma free tag: close-up,False,leaf-off,visible,unspecified
baskauf/10550,baskauf_10550.jpg,Fagus grandifolia,fruit,section or open,fruit / section or open,fruit,ind-baskauf/10432,close-up,high,"A diagnostic organ, surface, or fine detail is the main subject.",,,,Gemma: contextual woody structure + visible subject,BioImages subview: section or open,Gemma: fruit close-up | Gemma free tag: close-up,False,leaf-off,visible,unspecified
baskauf/12453,baskauf_12453.jpg,Fraxinus americana,whole tree (or vine),general,whole tree (or vine) / general,whole-tree,vanderbilt/2-146,distant,high,Whole organism or crown is visible with scene context.,BioImages group: whole-tree,Gemma: whole plant | Gemma free tag: full crown,,Gemma: contextual woody structure + visible subject,,,False,leaf-on,not-visible,environmental
baskauf/12800,baskauf_12800.jpg,Fraxinus americana,whole tree (or vine),general,whole tree (or vine) / general,whole-tree,ind-baskauf/12800,distant,high,Whole organism or crown is visible with scene context.,BioImages group: whole-tree,Gemma: whole plant,,Gemma: contextual woody structure + visible subject,,,False,leaf-on,not-visible,environmental
baskauf/90824a,baskauf_90824a.jpg,Fraxinus americana,whole tree (or vine),general,whole tree (or vine) / general,whole-tree,vanderbilt/1-183,distant,high,Whole organism or crown is visible with scene context.,BioImages group: whole-tree,Gemma: whole plant,,Gemma: contextual woody structure + visible subject,,,False,leaf-on,not-visible,environmental
baskauf/90825,baskauf_90825.jpg,Fraxinus americana,whole tree (or vine),general,whole tree (or vine) / general,whole-tree,vanderbilt/1-183,distant,high,Whole organism or crown is visible with scene context.,BioImages group: whole-tree,Gemma: whole plant | Gemma free tag: full tree,,Gemma: contextual woody structure + visible subject,,,False,leaf-on,not-visible,environmental
baskauf/90826a,baskauf_90826a.jpg,Fraxinus americana,whole tree (or vine),general,whole tree (or vine) / general,whole-tree,vanderbilt/1-183,distant,high,Whole organism or crown is visible with scene context.,BioImages group: whole-tree,Gemma: whole plant,,Gemma: contextual woody structure + visible subject,,,False,leaf-on,not-visible,environmental
baskauf/90899,baskauf_90899.jpg,Fraxinus americana,whole tree (or vine),general,whole tree (or vine) / general,whole-tree,vanderbilt/6-71,distant,high,Whole organism or crown is visible with scene context.,BioImages group: whole-tree,Gemma: whole plant,,Gemma: contextual woody structure + visible subject,,,False,leaf-on,not-visible,environmental
baskauf/90905,baskauf_90905.jpg,Fraxinus americana,whole tree (or vine),general,whole tree (or vine) / general,whole-tree,vanderbilt/1-183,distant,high,Whole organism or crown is visible with scene context.,BioImages group: whole-tree,Gemma: whole plant,,Gemma: contextual woody structure + visible subject,,,False,leaf-on,not-visible,environmental
baskauf/91083,baskauf_91083.jpg,Fraxinus americana,whole tree (or vine),general,whole tree (or vine) / general,whole-tree,vanderbilt/2-83,distant,high,Whole organism or crown is visible with scene context.,BioImages group: whole-tree,Gemma: whole plant | Gemma free tag: full crown,,Gemma: contextual woody structure + visible subject,,,False,leaf-on,not-visible,environmental
baskauf/91150,baskauf_91150.jpg,Fraxinus americana,whole tree (or vine),general,whole tree (or vine) / general,whole-tree,vanderbilt/12-167,distant,high,Whole organism or crown is visible with scene context.,BioImages group: whole-tree,Gemma: whole plant | Gemma free tag: full tree,,Gemma: contextual woody structure + visible subject,,,False,leaf-on,not-visible,unspecified
ssmv/2-1006-01,ssmv_2-1006-01.jpg,Fraxinus americana,whole tree (or vine),general,whole tree (or vine) / general,whole-tree,vanderbilt/2-95,distant,high,Whole organism or crown is visible with scene context.,BioImages group: whole-tree,Gemma: whole plant,,Gemma: contextual woody structure + visible subject,,,False,leaf-on,not-visible,unspecified
ssmv/2-1006-02,ssmv_2-1006-02.jpg,Fraxinus americana,whole tree (or vine),general,whole tree (or vine) / general,whole-tree,vanderbilt/2-95,distant,high,Whole organism or crown is visible with scene context.,BioImages group: whole-tree,Gemma: whole plant,,Gemma: contextual woody structure + visible subject,,,False,leaf-on,not-visible,environmental
ssmv/2-1006-03,ssmv_2-1006-03.jpg,Fraxinus americana,whole tree (or vine),general,whole tree (or vine) / general,whole-tree,vanderbilt/2-95,distant,high,Whole organism or crown is visible with scene context.,BioImages group: whole-tree,Gemma: whole plant,,Gemma: contextual woody structure + visible subject,,,False,leaf-on,not-visible,unspecified
ssmv/2-638-02,ssmv_2-638-02.jpg,Fraxinus americana,whole tree (or vine),general,whole tree (or vine) / general,whole-tree,vanderbilt/3-108,distant,high,Whole organism or crown is visible with scene context.,BioImages group: whole-tree,Gemma: whole plant,,Gemma: contextual woody structure + visible subject,,,False,leaf-on,not-visible,unspecified
ssmv/2-638-04,ssmv_2-638-04.jpg,Fraxinus americana,whole tree (or vine),general,whole tree (or vine) / general,whole-tree,vanderbilt/3-108,distant,high,Whole organism or crown is visible with scene context.,BioImages group: whole-tree,Gemma: whole plant,,Gemma: contextual woody structure + visible subject,,,False,leaf-on,not-visible,unspecified
baskauf/12457,baskauf_12457.jpg,Fraxinus americana,whole tree (or vine),view up trunk,whole tree (or vine) / view up trunk,whole-tree,vanderbilt/2-146,distant,high,Whole organism or crown is visible with scene context.,BioImages group: whole-tree,Gemma: whole plant,,Gemma: contextual woody structure + visible subject,,,False,leaf-on,not-visible,environmental
baskauf/89347,baskauf_89347.jpg,Fraxinus americana,whole tree (or vine),winter,whole tree (or vine) / winter,whole-tree,vanderbilt/6-71,distant,high,Whole organism or crown is visible with scene context.,BioImages group: whole-tree,Gemma: whole plant,,Gemma: contextual woody structure + visible subject,,,False,leaf-off,not-visible,unspecified
baskauf/12456,baskauf_12456.jpg,Fraxinus americana,bark,of a large tree,bark / of a large tree,bark,vanderbilt/2-146,close-up,medium,"A diagnostic organ, surface, or fine detail is the main subject.",,,,,,Gemma free tag: close-up,True,not-visible,not-visible,unspecified
ssmv/2-638-01,ssmv_2-638-01.jpg,Fraxinus americana,bark,of a large tree,bark / of a large tree,bark,vanderbilt/3-108,close-up,medium,"A diagnostic organ, surface, or fine detail is the main subject.",,,,,,Gemma free tag: close-up,True,not-visible,not-visible,unspecified
baskauf/12460,baskauf_12460.jpg,Fraxinus americana,bark,of a small tree or small branch,bark / of a small tree or small branch,bark,vanderbilt/2-146,close-up,medium,"A diagnostic organ, surface, or fine detail is the main subject.",,,BioImages subview: of a small tree or small branch,,,Gemma free tag: close-up,True,not-visible,not-visible,unspecified
baskauf/12801,baskauf_12801.jpg,Fraxinus americana,bark,of a small tree or small branch,bark / of a small tree or small branch,bark,ind-baskauf/12800,close-up,medium,"A diagnostic organ, surface, or fine detail is the main subject.",,,BioImages subview: of a small tree or small branch,,,Gemma free tag: close-up,True,not-visible,not-visible,unspecified
baskauf/12469,baskauf_12469.jpg,Fraxinus americana,twig,close-up winter leaf scar/bud,twig / close-up winter leaf scar/bud,twig,vanderbilt/2-146,close-up,high,"A diagnostic organ, surface, or fine detail is the main subject.",,,,Gemma: contextual woody structure + visible subject,BioImages subview: close-up winter leaf scar/bud,Gemma free tag: close-up,False,not-visible,visible,unspecified
baskauf/12505,baskauf_12505.jpg,Fraxinus americana,leaf,margin of upper + lower surface,leaf / margin of upper + lower surface,leaf,vanderbilt/2-146,close-up,high,"A diagnostic organ, surface, or fine detail is the main subject.",,,,,BioImages subview: margin of upper + lower surface,Gemma: leaf margin | Gemma: leaf upper surface | Gemma free tag: close-up,False,leaf-on,not-visible,unspecified
baskauf/12462,baskauf_12462.jpg,Fraxinus americana,leaf,showing orientation on twig,leaf / showing orientation on twig,leaf,vanderbilt/2-146,mid-range,high,"A branch system or contextual plant part is visible, without the whole organism.",,,BioImages subview: showing orientation on twig,Gemma: contextual woody structure + visible subject,,,False,leaf-on,visible,unspecified
baskauf/12467,baskauf_12467.jpg,Fraxinus americana,leaf,unspecified,leaf / unspecified,leaf,vanderbilt/2-146,close-up,medium,"A diagnostic organ, surface, or fine detail is the main subject.",,,,Gemma: contextual woody structure + visible subject,,Gemma: leaf upper surface | Gemma free tag: close-up,True,leaf-on,not-visible,unspecified
baskauf/12465,baskauf_12465.jpg,Fraxinus americana,leaf,whole upper surface,leaf / whole upper surface,leaf,vanderbilt/2-146,close-up,high,"A diagnostic organ, surface, or fine detail is the main subject.",,,,Gemma: contextual woody structure + visible subject,BioImages subview: whole upper surface,Gemma free tag: close-up,False,leaf-on,not-visible,unspecified
baskauf/12501,baskauf_12501.jpg,Fraxinus americana,leaf,whole upper surface,leaf / whole upper surface,leaf,vanderbilt/2-146,close-up,high,"A diagnostic organ, surface, or fine detail is the main subject.",,,,Gemma: contextual woody structure + visible subject,BioImages subview: whole upper surface,Gemma: leaf upper surface | Gemma: petiole arrangement,False,leaf-on,not-visible,unspecified
ssmv/2-638-03,ssmv_2-638-03.jpg,Fraxinus americana,leaf,whole upper surface,leaf / whole upper surface,leaf,vanderbilt/3-108,close-up,medium,"A diagnostic organ, surface, or fine detail is the main subject.",,,,Gemma: contextual woody structure + visible subject,BioImages subview: whole upper surface,,True,leaf-on,not-visible,unspecified
baskauf/18150,baskauf_18150.jpg,Fraxinus americana,inflorescence,whole - male,inflorescence / whole - male,flower,vanderbilt/2-146,close-up,medium,"A diagnostic organ, surface, or fine detail is the main subject.",,,,Gemma: contextual woody structure + visible subject,,Gemma: flower close-up | Gemma free tag: close-up,True,not-visible,visible,unspecified
baskauf/18141,baskauf_18141.jpg,Fraxinus americana,inflorescence,whole - unspecified,inflorescence / whole - unspecified,flower,vanderbilt/2-146,close-up,medium,"A diagnostic organ, surface, or fine detail is the main subject.",,,,Gemma: contextual woody structure + visible subject,,Gemma free tag: close-up,True,not-visible,visible,unspecified
baskauf/25640,baskauf_25640.jpg,Fraxinus americana,fruit,as borne on the plant,fruit / as borne on the plant,fruit,ind-baskauf/25640,close-up,medium,"A diagnostic organ, surface, or fine detail is the main subject.",,,BioImages subview: as borne on the plant,Gemma: contextual woody structure + visible subject,,Gemma: fruit close-up | Gemma free tag: close-up,True,not-visible,visible,unspecified
baskauf/25646,baskauf_25646.jpg,Fraxinus americana,fruit,lateral or general close-up,fruit / lateral or general close-up,fruit,ind-baskauf/25640,close-up,high,"A diagnostic organ, surface, or fine detail is the main subject.",,,,Gemma: contextual woody structure + visible subject,BioImages subview: lateral or general close-up,Gemma: fruit close-up | Gemma free tag: close-up,False,not-visible,visible,unspecified
baskauf/91173,baskauf_91173.jpg,Fraxinus americana,unspecified,unspecified,unspecified / unspecified,other,vanderbilt/1-183,distant,medium,Whole organism or crown is visible with scene context.,,Gemma: whole plant,,,,,True,not-visible,not-visible,unspecified
baskauf/13379,baskauf_13379.jpg,Fraxinus pennsylvanica,whole tree (or vine),general,whole tree (or vine) / general,whole-tree,vanderbilt/5-64,distant,high,Whole organism or crown is visible with scene context.,BioImages group: whole-tree,Gemma: whole plant,,Gemma: contextual woody structure + visible subject,,,False,leaf-on,not-visible,unspecified
baskauf/90785a,baskauf_90785a.jpg,Fraxinus pennsylvanica,whole tree (or vine),general,whole tree (or vine) / general,whole-tree,vanderbilt/9-89,distant,high,Whole organism or crown is visible with scene context.,BioImages group: whole-tree,Gemma: whole plant | Gemma free tag: tree crown,,Gemma: contextual woody structure + visible subject,,,False,leaf-on,not-visible,environmental
baskauf/90797a,baskauf_90797a.jpg,Fraxinus pennsylvanica,whole tree (or vine),general,whole tree (or vine) / general,whole-tree,vanderbilt/9-88,distant,high,Whole organism or crown is visible with scene context.,BioImages group: whole-tree,Gemma: whole plant,,Gemma: contextual woody structure + visible subject,,,False,leaf-on,not-visible,unspecified
baskauf/90798,baskauf_90798.jpg,Fraxinus pennsylvanica,whole tree (or vine),general,whole tree (or vine) / general,whole-tree,vanderbilt/9-88,distant,high,Whole organism or crown is visible with scene context.,BioImages group: whole-tree,Gemma: whole plant,,Gemma: contextual woody structure + visible subject,,,False,leaf-on,not-visible,unspecified
baskauf/90799,baskauf_90799.jpg,Fraxinus pennsylvanica,whole tree (or vine),general,whole tree (or vine) / general,whole-tree,vanderbilt/9-89,distant,high,Whole organism or crown is visible with scene context.,BioImages group: whole-tree,Gemma: whole plant,,Gemma: contextual woody structure + visible subject,,,False,leaf-on,not-visible,environmental
baskauf/91091,baskauf_91091.jpg,Fraxinus pennsylvanica,whole tree (or vine),general,whole tree (or vine) / general,whole-tree,vanderbilt/5-64,distant,high,Whole organism or crown is visible with scene context.,BioImages group: whole-tree,Gemma: whole plant,,Gemma: contextual woody structure + visible subject,,,False,leaf-on,not-visible,environmental
baskauf/91152,baskauf_91152.jpg,Fraxinus pennsylvanica,whole tree (or vine),general,whole tree (or vine) / general,whole-tree,vanderbilt/12-209,distant,high,Whole organism or crown is visible with scene context.,BioImages group: whole-tree,Gemma: whole plant | Gemma free tag: full tree,,Gemma: contextual woody structure + visible subject,,,False,leaf-on,not-visible,environmental
baskauf/13410,baskauf_13410.jpg,Fraxinus pennsylvanica,whole tree (or vine),view up trunk,whole tree (or vine) / view up trunk,whole-tree,vanderbilt/5-64,distant,high,Whole organism or crown is visible with scene context.,BioImages group: whole-tree,Gemma: whole plant,,Gemma: contextual woody structure + visible subject,,,False,leaf-on,not-visible,unspecified
baskauf/90789,baskauf_90789.jpg,Fraxinus pennsylvanica,whole tree (or vine),view up trunk,whole tree (or vine) / view up trunk,whole-tree,vanderbilt/9-89,distant,high,Whole organism or crown is visible with scene context.,BioImages group: whole-tree,Gemma: whole plant,,Gemma: contextual woody structure + visible subject,,,False,leaf-on,not-visible,unspecified
baskauf/90792,baskauf_90792.jpg,Fraxinus pennsylvanica,whole tree (or vine),view up trunk,whole tree (or vine) / view up trunk,whole-tree,vanderbilt/9-88,distant,high,Whole organism or crown is visible with scene context.,BioImages group: whole-tree,Gemma: whole plant,,Gemma: contextual woody structure + visible subject,,,False,leaf-on,not-visible,unspecified
baskauf/13406,baskauf_13406.jpg,Fraxinus pennsylvanica,bark,of a large tree,bark / of a large tree,bark,vanderbilt/5-64,close-up,medium,"A diagnostic organ, surface, or fine detail is the main subject.",,,,,,Gemma free tag: close-up,True,not-visible,not-visible,unspecified
baskauf/13412,baskauf_13412.jpg,Fraxinus pennsylvanica,bark,of a small tree or small branch,bark / of a small tree or small branch,bark,vanderbilt/5-64,close-up,medium,"A diagnostic organ, surface, or fine detail is the main subject.",,,BioImages subview: of a small tree or small branch,,,Gemma free tag: close-up,True,not-visible,not-visible,unspecified
baskauf/17457,baskauf_17457.jpg,Fraxinus pennsylvanica,twig,close-up winter leaf scar/bud,twig / close-up winter leaf scar/bud,twig,ind-baskauf/17451,close-up,high,"A diagnostic organ, surface, or fine detail is the main subject.",,,,Gemma: contextual woody structure + visible subject,BioImages subview: close-up winter leaf scar/bud,Gemma: terminal bud | Gemma free tag: close-up,False,leaf-off,not-visible,unspecified
baskauf/17455,baskauf_17455.jpg,Fraxinus pennsylvanica,twig,winter overall,twig / winter overall,twig,ind-baskauf/17451,close-up,medium,"A diagnostic organ, surface, or fine detail is the main subject.",,,,,,Gemma: leaf scar | Gemma free tag: close-up,True,leaf-off,not-visible,unspecified
baskauf/13392,baskauf_13392.jpg,Fraxinus pennsylvanica,leaf,margin of upper + lower surface,leaf / margin of upper + lower surface,leaf,vanderbilt/5-64,close-up,high,"A diagnostic organ, surface, or fine detail is the main subject.",,,,,BioImages subview: margin of upper + lower surface,Gemma: leaf margin | Gemma: leaf upper surface | Gemma free tag: close-up,False,leaf-on,not-visible,unspecified
baskauf/13401,baskauf_13401.jpg,Fraxinus pennsylvanica,leaf,margin of upper + lower surface,leaf / margin of upper + lower surface,leaf,vanderbilt/5-64,close-up,high,"A diagnostic organ, surface, or fine detail is the main subject.",,,,,BioImages subview: margin of upper + lower surface,Gemma: leaf upper surface | Gemma free tag: close-up,False,leaf-on,not-visible,unspecified
baskauf/13380,baskauf_13380.jpg,Fraxinus pennsylvanica,leaf,showing orientation on twig,leaf / showing orientation on twig,leaf,vanderbilt/5-64,distant,medium,Whole organism or crown is visible with scene context.,,Gemma: whole plant,BioImages subview: showing orientation on twig,Gemma: contextual woody structure + visible subject,,,True,leaf-on,visible,environmental
baskauf/13403,baskauf_13403.jpg,Fraxinus pennsylvanica,leaf,unspecified,leaf / unspecified,leaf,vanderbilt/5-64,close-up,medium,"A diagnostic organ, surface, or fine detail is the main subject.",,,,Gemma: contextual woody structure + visible subject,,Gemma: petiole arrangement | Gemma free tag: close-up,True,leaf-on,not-visible,unspecified
baskauf/13383,baskauf_13383.jpg,Fraxinus pennsylvanica,leaf,whole upper surface,leaf / whole upper surface,leaf,vanderbilt/5-64,close-up,high,"A diagnostic organ, surface, or fine detail is the main subject.",,,,Gemma: contextual woody structure + visible subject,BioImages subview: whole upper surface,Gemma: leaf upper surface,False,leaf-on,not-visible,unspecified
baskauf/13386,baskauf_13386.jpg,Fraxinus pennsylvanica,leaf,whole upper surface,leaf / whole upper surface,leaf,vanderbilt/5-64,close-up,high,"A diagnostic organ, surface, or fine detail is the main subject.",,,,Gemma: contextual woody structure + visible subject,BioImages subview: whole upper surface,Gemma: leaf upper surface | Gemma free tag: close-up,False,leaf-on,not-visible,environmental
baskauf/51169,baskauf_51169.jpg,Fraxinus pennsylvanica,inflorescence,lateral view of flower,inflorescence / lateral view of flower,flower,vanderbilt/12-209,close-up,high,"A diagnostic organ, surface, or fine detail is the main subject.",,,,Gemma: contextual woody structure + visible subject,BioImages subview: lateral view of flower,Gemma free tag: close-up,False,leaf-on,not-visible,unspecified
baskauf/51175,baskauf_51175.jpg,Fraxinus pennsylvanica,inflorescence,lateral view of flower,inflorescence / lateral view of flower,flower,vanderbilt/12-209,close-up,high,"A diagnostic organ, surface, or fine detail is the main subject.",,,,Gemma: contextual woody structure + visible subject,BioImages subview: lateral view of flower,Gemma: flower close-up | Gemma free tag: close-up,False,not-visible,visible,unspecified
baskauf/51172,baskauf_51172.jpg,Fraxinus pennsylvanica,inflorescence,whole - female,inflorescence / whole - female,flower,vanderbilt/12-209,mid-range,medium,"A branch system or contextual plant part is visible, without the whole organism.",,,,Gemma: contextual woody structure + visible subject,,,True,leaf-off,not-visible,unspecified
baskauf/19298,baskauf_19298.jpg,Fraxinus pennsylvanica,inflorescence,whole - male,inflorescence / whole - male,flower,vanderbilt/5-64,close-up,medium,"A diagnostic organ, surface, or fine detail is the main subject.",,,,Gemma: contextual woody structure + visible subject,,Gemma: flower close-up | Gemma free tag: close-up,True,not-visible,visible,unspecified
baskauf/51174,baskauf_51174.jpg,Fraxinus pennsylvanica,inflorescence,whole - male,inflorescence / whole - male,flower,vanderbilt/12-209,mid-range,medium,"A branch system or contextual plant part is visible, without the whole organism.",,,,Gemma: contextual woody structure + visible subject,,,True,not-visible,visible,unspecified
baskauf/19291,baskauf_19291.jpg,Fraxinus pennsylvanica,inflorescence,whole - unspecified,inflorescence / whole - unspecified,flower,vanderbilt/5-64,mid-range,medium,"A branch system or contextual plant part is visible, without the whole organism.",,,,Gemma: contextual woody structure + visible subject,,,True,not-visible,visible,environmental
baskauf/13393,baskauf_13393.jpg,Fraxinus pennsylvanica,fruit,as borne on the plant,fruit / as borne on the plant,fruit,vanderbilt/5-64,close-up,medium,"A diagnostic organ, surface, or fine detail is the main subject.",,,BioImages subview: as borne on the plant,Gemma: contextual woody structure + visible subject,,Gemma: fruit close-up | Gemma free tag: close-up,True,leaf-on,visible,unspecified
baskauf/13397,baskauf_13397.jpg,Fraxinus pennsylvanica,fruit,immature,fruit / immature,fruit,vanderbilt/5-64,close-up,medium,"A diagnostic organ, surface, or fine detail is the main subject.",,,,Gemma: contextual woody structure + visible subject,,Gemma: fruit close-up | Gemma free tag: close-up,True,not-visible,visible,unspecified
baskauf/12755,baskauf_12755.jpg,Fraxinus quadrangulata,whole tree (or vine),general,whole tree (or vine) / general,whole-tree,ind-baskauf/12755,distant,high,Whole organism or crown is visible with scene context.,BioImages group: whole-tree,Gemma: whole plant,,Gemma: contextual woody structure + visible subject,,,False,leaf-on,not-visible,environmental
baskauf/2014-08-23-16-39-52,baskauf_2014-08-23-16-39-52.jpg,Fraxinus quadrangulata,whole tree (or vine),general,whole tree (or vine) / general,whole-tree,ind-baskauf/2014-08-23,distant,high,Whole organism or crown is visible with scene context.,BioImages group: whole-tree,Gemma: whole plant,,Gemma: contextual woody structure + visible subject,,,False,leaf-on,not-visible,environmental
baskauf/32863,baskauf_32863.jpg,Fraxinus quadrangulata,whole tree (or vine),general,whole tree (or vine) / general,whole-tree,ind-baskauf/32863,uncertain,conflict,Distant and close-up evidence both present; manual review required.,BioImages group: whole-tree,,,,,Gemma: leaf upper surface | Gemma free tag: close-up,True,leaf-on,not-visible,unspecified
baskauf/21865,baskauf_21865.jpg,Fraxinus quadrangulata,bark,of a medium tree or large branch,bark / of a medium tree or large branch,bark,ind-baskauf/21860,close-up,medium,"A diagnostic organ, surface, or fine detail is the main subject.",,,BioImages subview: of a medium tree or large branch,,,Gemma free tag: close-up,True,not-visible,not-visible,unspecified
baskauf/12763,baskauf_12763.jpg,Fraxinus quadrangulata,twig,close-up winter terminal bud,twig / close-up winter terminal bud,twig,ind-baskauf/12755,close-up,high,"A diagnostic organ, surface, or fine detail is the main subject.",,,,Gemma: contextual woody structure + visible subject,BioImages subview: close-up winter terminal bud,Gemma free tag: close-up,False,leaf-on,not-visible,unspecified
baskauf/12760,baskauf_12760.jpg,Fraxinus quadrangulata,twig,winter overall,twig / winter overall,twig,ind-baskauf/12755,close-up,medium,"A diagnostic organ, surface, or fine detail is the main subject.",,,,Gemma: contextual woody structure + visible subject,,Gemma free tag: close-up,True,leaf-on,not-visible,unspecified
baskauf/12761,baskauf_12761.jpg,Fraxinus quadrangulata,twig,winter overall,twig / winter overall,twig,ind-baskauf/12755,close-up,medium,"A diagnostic organ, surface, or fine detail is the main subject.",,,,Gemma: contextual woody structure + visible subject,,Gemma free tag: close-up,True,leaf-on,not-visible,unspecified
baskauf/12768,baskauf_12768.jpg,Fraxinus quadrangulata,leaf,margin of upper + lower surface,leaf / margin of upper + lower surface,leaf,ind-baskauf/12755,close-up,high,"A diagnostic organ, surface, or fine detail is the main subject.",,,,,BioImages subview: margin of upper + lower surface,Gemma: leaf margin | Gemma: leaf upper surface | Gemma free tag: close-up,False,leaf-on,not-visible,unspecified
baskauf/12764,baskauf_12764.jpg,Fraxinus quadrangulata,leaf,showing orientation on twig,leaf / showing orientation on twig,leaf,ind-baskauf/12755,mid-range,high,"A branch system or contextual plant part is visible, without the whole organism.",,,BioImages subview: showing orientation on twig,Gemma: contextual woody structure + visible subject,,,False,leaf-on,not-visible,unspecified
baskauf/2014-08-23-16-40-08,baskauf_2014-08-23-16-40-08.jpg,Fraxinus quadrangulata,leaf,showing orientation on twig,leaf / showing orientation on twig,leaf,ind-baskauf/2014-08-23,mid-range,high,"A branch system or contextual plant part is visible, without the whole organism.",,,BioImages subview: showing orientation on twig,Gemma: contextual woody structure + visible subject,,,False,leaf-on,not-visible,unspecified
baskauf/2014-08-23-16-40-31,baskauf_2014-08-23-16-40-31.jpg,Fraxinus quadrangulata,leaf,showing orientation on twig,leaf / showing orientation on twig,leaf,ind-baskauf/2014-08-23,mid-range,high,"A branch system or contextual plant part is visible, without the whole organism.",,,BioImages subview: showing orientation on twig,Gemma: contextual woody structure + visible subject,,,False,leaf-on,not-visible,unspecified
baskauf/12757,baskauf_12757.jpg,Fraxinus quadrangulata,leaf,whole upper surface,leaf / whole upper surface,leaf,ind-baskauf/12755,close-up,high,"A diagnostic organ, surface, or fine detail is the main subject.",,,,Gemma: contextual woody structure + visible subject,BioImages subview: whole upper surface,Gemma free tag: close-up,False,leaf-on,not-visible,unspecified
baskauf/2014-08-23-16-40-51,baskauf_2014-08-23-16-40-51.jpg,Fraxinus quadrangulata,leaf,whole upper surface,leaf / whole upper surface,leaf,ind-baskauf/2014-08-23,close-up,medium,"A diagnostic organ, surface, or fine detail is the main subject.",,,,Gemma: contextual woody structure + visible subject,BioImages subview: whole upper surface,,True,leaf-on,not-visible,unspecified
baskauf/30439,baskauf_30439.jpg,Fraxinus quadrangulata,fruit,as borne on the plant,fruit / as borne on the plant,fruit,ind-baskauf/30435,close-up,medium,"A diagnostic organ, surface, or fine detail is the main subject.",,,BioImages subview: as borne on the plant,Gemma: contextual woody structure + visible subject,,Gemma free tag: close-up,True,leaf-off,visible,unspecified
baskauf/30435,baskauf_30435.jpg,Fraxinus quadrangulata,fruit,lateral or general close-up,fruit / lateral or general close-up,fruit,ind-baskauf/30435,close-up,high,"A diagnostic organ, surface, or fine detail is the main subject.",,,,Gemma: contextual woody structure + visible subject,BioImages subview: lateral or general close-up,Gemma: fruit close-up | Gemma free tag: close-up,False,not-visible,visible,unspecified
baskauf/11301,baskauf_11301.jpg,Ginkgo biloba,whole tree,general,whole tree / general,whole-tree,vanderbilt/2-101,distant,high,Whole organism or crown is visible with scene context.,BioImages group: whole-tree,Gemma: whole plant,,Gemma: contextual woody structure + visible subject,,,False,leaf-on,not-visible,unspecified
baskauf/91076,baskauf_91076.jpg,Ginkgo biloba,whole tree,general,whole tree / general,whole-tree,vanderbilt/4-214,distant,high,Whole organism or crown is visible with scene context.,BioImages group: whole-tree,Gemma: whole plant,,Gemma: contextual woody structure + visible subject,,,False,not-visible,not-visible,unspecified
baskauf/91126,baskauf_91126.jpg,Ginkgo biloba,whole tree,general,whole tree / general,whole-tree,vanderbilt/12-126,distant,high,Whole organism or crown is visible with scene context.,BioImages group: whole-tree,Gemma: whole plant | Gemma free tag: full crown,,Gemma: contextual woody structure + visible subject,,,False,leaf-on,not-visible,environmental
ssmv/2-185-01,ssmv_2-185-01.jpg,Ginkgo biloba,whole tree,general,whole tree / general,whole-tree,vanderbilt/2-101,distant,high,Whole organism or crown is visible with scene context.,BioImages group: whole-tree,Gemma: whole plant | Gemma free tag: tree crown,,Gemma: contextual woody structure + visible subject,,,False,not-visible,not-visible,environmental
baskauf/11958,baskauf_11958.jpg,Ginkgo biloba,bark,of a large tree,bark / of a large tree,bark,ind-baskauf/11958,close-up,medium,"A diagnostic organ, surface, or fine detail is the main subject.",,,,,,Gemma free tag: close-up,True,not-visible,not-visible,unspecified
ssmv/2-185-02,ssmv_2-185-02.jpg,Ginkgo biloba,bark,of a large tree,bark / of a large tree,bark,vanderbilt/2-101,close-up,medium,"A diagnostic organ, surface, or fine detail is the main subject.",,,,,,Gemma free tag: close-up,True,not-visible,not-visible,unspecified
baskauf/11960,baskauf_11960.jpg,Ginkgo biloba,bark,of a medium tree or large branch,bark / of a medium tree or large branch,bark,ind-baskauf/11958,mid-range,high,"A branch system or contextual plant part is visible, without the whole organism.",,,BioImages subview: of a medium tree or large branch,Gemma: contextual woody structure + visible subject,,,False,leaf-on,not-visible,unspecified
baskauf/10502,baskauf_10502.jpg,Ginkgo biloba,twig,showing attachment of needles,twig / showing attachment of needles,twig,vanderbilt/12-126,close-up,high,"A diagnostic organ, surface, or fine detail is the main subject.",,,,Gemma: contextual woody structure + visible subject,BioImages subview: showing attachment of needles,Gemma free tag: close-up,False,mixed,not-visible,unspecified
baskauf/10557,baskauf_10557.jpg,Ginkgo biloba,twig,showing attachment of needles,twig / showing attachment of needles,twig,vanderbilt/12-126,close-up,high,"A diagnostic organ, surface, or fine detail is the main subject.",,,,Gemma: contextual woody structure + visible subject,BioImages subview: showing attachment of needles,Gemma free tag: close-up,False,leaf-on,not-visible,unspecified
baskauf/15607,baskauf_15607.jpg,Ginkgo biloba,twig,showing attachment of needles,twig / showing attachment of needles,twig,vanderbilt/12-63,close-up,high,"A diagnostic organ, surface, or fine detail is the main subject.",,,,Gemma: contextual woody structure + visible subject,BioImages subview: showing attachment of needles,Gemma free tag: close-up,False,leaf-off,not-visible,unspecified
baskauf/11176,baskauf_11176.jpg,Ginkgo biloba,leaf,entire needle,leaf / entire needle,leaf,ind-baskauf/11174,close-up,high,"A diagnostic organ, surface, or fine detail is the main subject.",,,,Gemma: contextual woody structure + visible subject,BioImages subview: entire needle,Gemma: leaf upper surface | Gemma free tag: close-up,False,leaf-on,not-visible,unspecified
ssmv/2-185-03,ssmv_2-185-03.jpg,Ginkgo biloba,leaf,entire needle,leaf / entire needle,leaf,vanderbilt/2-101,close-up,high,"A diagnostic organ, surface, or fine detail is the main subject.",,,,Gemma: contextual woody structure + visible subject,BioImages subview: entire needle,Gemma: leaf upper surface | Gemma free tag: close-up,False,leaf-on,not-visible,unspecified
baskauf/10556,baskauf_10556.jpg,Ginkgo biloba,leaf,showing orientation on twig,leaf / showing orientation on twig,leaf,vanderbilt/12-126,close-up,medium,"A diagnostic organ, surface, or fine detail is the main subject.",,,BioImages subview: showing orientation on twig,Gemma: contextual woody structure + visible subject,,Gemma free tag: close-up,True,leaf-on,not-visible,unspecified
baskauf/11174,baskauf_11174.jpg,Ginkgo biloba,leaf,showing orientation on twig,leaf / showing orientation on twig,leaf,ind-baskauf/11174,close-up,medium,"A diagnostic organ, surface, or fine detail is the main subject.",,,BioImages subview: showing orientation on twig,Gemma: contextual woody structure + visible subject,,Gemma free tag: close-up,True,leaf-on,not-visible,unspecified
baskauf/11304,baskauf_11304.jpg,Ginkgo biloba,leaf,showing orientation on twig,leaf / showing orientation on twig,leaf,vanderbilt/2-101,close-up,medium,"A diagnostic organ, surface, or fine detail is the main subject.",,,BioImages subview: showing orientation on twig,Gemma: contextual woody structure + visible subject,,Gemma free tag: close-up,True,leaf-on,not-visible,unspecified
ssmv/2-185-04,ssmv_2-185-04.jpg,Ginkgo biloba,leaf,showing orientation on twig,leaf / showing orientation on twig,leaf,vanderbilt/2-101,mid-range,high,"A branch system or contextual plant part is visible, without the whole organism.",,,BioImages subview: showing orientation on twig,Gemma: contextual woody structure + visible subject,,,False,leaf-on,not-visible,environmental
baskauf/12307,baskauf_12307.jpg,Ginkgo biloba,cone,female - closed,cone / female - closed,cone,vanderbilt/12-63,close-up,medium,"A diagnostic organ, surface, or fine detail is the main subject.",,,,Gemma: contextual woody structure + visible subject,,Gemma free tag: close-up,True,leaf-on,visible,unspecified
baskauf/12309,baskauf_12309.jpg,Ginkgo biloba,cone,female - closed,cone / female - closed,cone,vanderbilt/12-63,close-up,medium,"A diagnostic organ, surface, or fine detail is the main subject.",,,,Gemma: contextual woody structure + visible subject,,Gemma: fruit close-up | Gemma free tag: close-up,True,leaf-on,visible,unspecified
baskauf/15598,baskauf_15598.jpg,Ginkgo biloba,cone,female - closed,cone / female - closed,cone,vanderbilt/12-63,close-up,medium,"A diagnostic organ, surface, or fine detail is the main subject.",,,,Gemma: contextual woody structure + visible subject,,Gemma: fruit close-up | Gemma free tag: close-up,True,leaf-on,visible,unspecified
baskauf/15604,baskauf_15604.jpg,Ginkgo biloba,cone,female - mature open,cone / female - mature open,cone,vanderbilt/12-63,close-up,medium,"A diagnostic organ, surface, or fine detail is the main subject.",,,,Gemma: contextual woody structure + visible subject,,Gemma: fruit close-up | Gemma: opened or sectioned fruit | Gemma free tag: close-up,True,not-visible,visible,unspecified
baskauf/19346,baskauf_19346.jpg,Ginkgo biloba,cone,female - mature open,cone / female - mature open,cone,vanderbilt/12-63,close-up,medium,"A diagnostic organ, surface, or fine detail is the main subject.",,,,,,Gemma: fruit close-up | Gemma: opened or sectioned fruit | Gemma free tag: close-up,True,not-visible,visible,unspecified
baskauf/19354,baskauf_19354.jpg,Ginkgo biloba,cone,female - receptive,cone / female - receptive,cone,vanderbilt/12-63,close-up,medium,"A diagnostic organ, surface, or fine detail is the main subject.",,,,Gemma: contextual woody structure + visible subject,,Gemma free tag: close-up,True,leaf-on,not-visible,unspecified
baskauf/19361,baskauf_19361.jpg,Ginkgo biloba,cone,female - receptive,cone / female - receptive,cone,vanderbilt/12-63,close-up,medium,"A diagnostic organ, surface, or fine detail is the main subject.",,,,Gemma: contextual woody structure + visible subject,,Gemma free tag: close-up,True,leaf-on,visible,unspecified
baskauf/50745,baskauf_50745.jpg,Ginkgo biloba,cone,female - receptive,cone / female - receptive,cone,vanderbilt/4-214,close-up,medium,"A diagnostic organ, surface, or fine detail is the main subject.",,,,Gemma: contextual woody structure + visible subject,,Gemma: flower close-up | Gemma free tag: close-up,True,not-visible,visible,unspecified
baskauf/50996,baskauf_50996.jpg,Ginkgo biloba,cone,female - receptive,cone / female - receptive,cone,vanderbilt/4-214,close-up,medium,"A diagnostic organ, surface, or fine detail is the main subject.",,,,Gemma: contextual woody structure + visible subject,,Gemma: flower close-up | Gemma free tag: close-up,True,not-visible,not-visible,unspecified
baskauf/50998,baskauf_50998.jpg,Ginkgo biloba,cone,female - receptive,cone / female - receptive,cone,vanderbilt/4-214,close-up,medium,"A diagnostic organ, surface, or fine detail is the main subject.",,,,Gemma: contextual woody structure + visible subject,,Gemma: flower close-up | Gemma free tag: close-up,True,not-visible,not-visible,unspecified
baskauf/10554,baskauf_10554.jpg,Ginkgo biloba,cone,male,cone / male,cone,vanderbilt/12-126,close-up,medium,"A diagnostic organ, surface, or fine detail is the main subject.",,,,Gemma: contextual woody structure + visible subject,,Gemma: flower close-up | Gemma free tag: close-up,True,leaf-on,visible,unspecified
baskauf/66147,baskauf_66147.jpg,Gleditsia triacanthos,whole tree (or vine),general,whole tree (or vine) / general,whole-tree,ind-baskauf/66133,distant,high,Whole organism or crown is visible with scene context.,BioImages group: whole-tree,Gemma: whole plant,,Gemma: contextual woody structure + visible subject,,,False,leaf-on,not-visible,environmental
baskauf/66180,baskauf_66180.jpg,Gleditsia triacanthos,whole tree (or vine),general,whole tree (or vine) / general,whole-tree,ind-baskauf/66180,distant,high,Whole organism or crown is visible with scene context.,BioImages group: whole-tree,Gemma: whole plant | Gemma free tag: full tree,,Gemma: contextual woody structure + visible subject,,,False,leaf-on,not-visible,environmental
baskauf/15531,baskauf_15531.jpg,Gleditsia triacanthos,whole tree (or vine),view up trunk,whole tree (or vine) / view up trunk,whole-tree,ind-baskauf/15521,distant,high,Whole organism or crown is visible with scene context.,BioImages group: whole-tree,Gemma: whole plant,,Gemma: contextual woody structure + visible subject,,,False,leaf-on,not-visible,unspecified
baskauf/21592,baskauf_21592.jpg,Gleditsia triacanthos,whole tree (or vine),view up trunk,whole tree (or vine) / view up trunk,whole-tree,ind-baskauf/21594,distant,high,Whole organism or crown is visible with scene context.,BioImages group: whole-tree,Gemma: whole plant | Gemma free tag: full tree,,Gemma: contextual woody structure + visible subject,,,False,leaf-on,not-visible,unspecified
baskauf/66164,baskauf_66164.jpg,Gleditsia triacanthos,whole tree (or vine),view up trunk,whole tree (or vine) / view up trunk,whole-tree,ind-baskauf/66164,distant,high,Whole organism or crown is visible with scene context.,BioImages group: whole-tree,Gemma: whole plant | Gemma free tag: tree crown,,Gemma: contextual woody structure + visible subject,,,False,leaf-on,not-visible,unspecified
baskauf/15521,baskauf_15521.jpg,Gleditsia triacanthos,bark,of a large tree,bark / of a large tree,bark,ind-baskauf/15521,mid-range,medium,"A branch system or contextual plant part is visible, without the whole organism.",,,,Gemma: contextual woody structure + visible subject,,,True,not-visible,not-visible,unspecified
baskauf/15533,baskauf_15533.jpg,Gleditsia triacanthos,bark,of a large tree,bark / of a large tree,bark,ind-baskauf/15521,close-up,medium,"A diagnostic organ, surface, or fine detail is the main subject.",,,,,,Gemma free tag: close-up,True,not-visible,not-visible,unspecified
baskauf/d1104,baskauf_d1104.jpg,Gleditsia triacanthos,bark,of a large tree,bark / of a large tree,bark,ind-baskauf/d1104,mid-range,medium,"A branch system or contextual plant part is visible, without the whole organism.",,,,Gemma: contextual woody structure + visible subject,,,True,leaf-off,not-visible,unspecified
baskauf/d1112,baskauf_d1112.jpg,Gleditsia triacanthos,bark,of a large tree,bark / of a large tree,bark,ind-baskauf/d1104,mid-range,medium,"A branch system or contextual plant part is visible, without the whole organism.",,,,Gemma: contextual woody structure + visible subject,,,True,leaf-off,not-visible,unspecified
baskauf/66149,baskauf_66149.jpg,Gleditsia triacanthos,bark,of a medium tree or large branch,bark / of a medium tree or large branch,bark,ind-baskauf/66133,close-up,medium,"A diagnostic organ, surface, or fine detail is the main subject.",,,BioImages subview: of a medium tree or large branch,Gemma: contextual woody structure + visible subject,,Gemma free tag: close-up,True,leaf-on,not-visible,unspecified
baskauf/66181,baskauf_66181.jpg,Gleditsia triacanthos,bark,of a medium tree or large branch,bark / of a medium tree or large branch,bark,ind-baskauf/66180,close-up,medium,"A diagnostic organ, surface, or fine detail is the main subject.",,,BioImages subview: of a medium tree or large branch,Gemma: contextual woody structure + visible subject,,Gemma free tag: close-up,True,not-visible,not-visible,unspecified
baskauf/66182,baskauf_66182.jpg,Gleditsia triacanthos,bark,of a medium tree or large branch,bark / of a medium tree or large branch,bark,ind-baskauf/66180,mid-range,high,"A branch system or contextual plant part is visible, without the whole organism.",,,BioImages subview: of a medium tree or large branch,Gemma: contextual woody structure + visible subject,,,False,leaf-on,not-visible,unspecified
baskauf/66163,baskauf_66163.jpg,Gleditsia triacanthos,bark,of a small tree or small branch,bark / of a small tree or small branch,bark,ind-baskauf/66133,close-up,medium,"A diagnostic organ, surface, or fine detail is the main subject.",,,BioImages subview: of a small tree or small branch,Gemma: contextual woody structure + visible subject,,Gemma free tag: close-up,True,not-visible,not-visible,unspecified
baskauf/21595,baskauf_21595.jpg,Gleditsia triacanthos,twig,orientation of petioles,twig / orientation of petioles,twig,ind-baskauf/21594,close-up,medium,"A diagnostic organ, surface, or fine detail is the main subject.",,,BioImages subview: orientation of petioles,Gemma: contextual woody structure + visible subject,,Gemma free tag: close-up,True,not-visible,not-visible,unspecified
baskauf/38435,baskauf_38435.jpg,Gleditsia triacanthos,twig,orientation of petioles,twig / orientation of petioles,twig,ind-baskauf/38435,close-up,medium,"A diagnostic organ, surface, or fine detail is the main subject.",,,BioImages subview: orientation of petioles,Gemma: contextual woody structure + visible subject,,Gemma: fruit close-up | Gemma free tag: close-up,True,not-visible,visible,unspecified
baskauf/38436,baskauf_38436.jpg,Gleditsia triacanthos,twig,orientation of petioles,twig / orientation of petioles,twig,ind-baskauf/38435,close-up,medium,"A diagnostic organ, surface, or fine detail is the main subject.",,,BioImages subview: orientation of petioles,,,Gemma free tag: close-up,True,not-visible,not-visible,unspecified
baskauf/38439,baskauf_38439.jpg,Gleditsia triacanthos,twig,orientation of petioles,twig / orientation of petioles,twig,ind-baskauf/38435,mid-range,high,"A branch system or contextual plant part is visible, without the whole organism.",,,BioImages subview: orientation of petioles,Gemma: contextual woody structure + visible subject,,,False,not-visible,visible,unspecified
baskauf/66154,baskauf_66154.jpg,Gleditsia triacanthos,twig,orientation of petioles,twig / orientation of petioles,twig,ind-baskauf/66133,close-up,medium,"A diagnostic organ, surface, or fine detail is the main subject.",,,BioImages subview: orientation of petioles,Gemma: contextual woody structure + visible subject,,Gemma free tag: close-up,True,leaf-on,visible,unspecified
baskauf/66155,baskauf_66155.jpg,Gleditsia triacanthos,twig,orientation of petioles,twig / orientation of petioles,twig,ind-baskauf/66133,close-up,medium,"A diagnostic organ, surface, or fine detail is the main subject.",,,BioImages subview: orientation of petioles,Gemma: contextual woody structure + visible subject,,Gemma free tag: close-up,True,leaf-on,not-visible,unspecified
baskauf/66156,baskauf_66156.jpg,Gleditsia triacanthos,twig,orientation of petioles,twig / orientation of petioles,twig,ind-baskauf/66133,close-up,medium,"A diagnostic organ, surface, or fine detail is the main subject.",,,BioImages subview: orientation of petioles,Gemma: contextual woody structure + visible subject,,Gemma free tag: close-up,True,leaf-on,visible,unspecified
baskauf/66157,baskauf_66157.jpg,Gleditsia triacanthos,twig,orientation of petioles,twig / orientation of petioles,twig,ind-baskauf/66133,close-up,medium,"A diagnostic organ, surface, or fine detail is the main subject.",,,BioImages subview: orientation of petioles,Gemma: contextual woody structure + visible subject,,Gemma free tag: close-up,True,leaf-on,not-visible,unspecified
baskauf/66159,baskauf_66159.jpg,Gleditsia triacanthos,twig,orientation of petioles,twig / orientation of petioles,twig,ind-baskauf/66133,mid-range,high,"A branch system or contextual plant part is visible, without the whole organism.",,,BioImages subview: orientation of petioles,Gemma: contextual woody structure + visible subject,,,False,leaf-on,not-visible,unspecified
baskauf/66161,baskauf_66161.jpg,Gleditsia triacanthos,twig,orientation of petioles,twig / orientation of petioles,twig,ind-baskauf/66133,close-up,medium,"A diagnostic organ, surface, or fine detail is the main subject.",,,BioImages subview: orientation of petioles,Gemma: contextual woody structure + visible subject,,Gemma free tag: close-up,True,leaf-on,visible,unspecified
baskauf/66173,baskauf_66173.jpg,Gleditsia triacanthos,twig,orientation of petioles,twig / orientation of petioles,twig,ind-baskauf/66164,close-up,medium,"A diagnostic organ, surface, or fine detail is the main subject.",,,BioImages subview: orientation of petioles,Gemma: contextual woody structure + visible subject,,Gemma free tag: close-up,True,leaf-on,visible,unspecified
baskauf/66174,baskauf_66174.jpg,Gleditsia triacanthos,twig,orientation of petioles,twig / orientation of petioles,twig,ind-baskauf/66164,close-up,medium,"A diagnostic organ, surface, or fine detail is the main subject.",,,BioImages subview: orientation of petioles,Gemma: contextual woody structure + visible subject,,Gemma free tag: close-up,True,leaf-on,not-visible,unspecified
baskauf/66190,baskauf_66190.jpg,Gleditsia triacanthos,twig,orientation of petioles,twig / orientation of petioles,twig,ind-baskauf/66180,close-up,medium,"A diagnostic organ, surface, or fine detail is the main subject.",,,BioImages subview: orientation of petioles,Gemma: contextual woody structure + visible subject,,Gemma: flower close-up | Gemma free tag: close-up,True,leaf-on,visible,unspecified
baskauf/66153,baskauf_66153.jpg,Gleditsia triacanthos,leaf,margin of upper + lower surface,leaf / margin of upper + lower surface,leaf,ind-baskauf/66133,close-up,high,"A diagnostic organ, surface, or fine detail is the main subject.",,,,,BioImages subview: margin of upper + lower surface,Gemma: leaf upper surface | Gemma free tag: close-up,False,leaf-on,not-visible,unspecified
baskauf/66175,baskauf_66175.jpg,Gleditsia triacanthos,leaf,margin of upper + lower surface,leaf / margin of upper + lower surface,leaf,ind-baskauf/66164,close-up,high,"A diagnostic organ, surface, or fine detail is the main subject.",,,,Gemma: contextual woody structure + visible subject,BioImages subview: margin of upper + lower surface,Gemma: leaf upper surface | Gemma free tag: close-up,False,leaf-on,not-visible,unspecified
baskauf/15537,baskauf_15537.jpg,Gleditsia triacanthos,leaf,showing orientation on twig,leaf / showing orientation on twig,leaf,ind-baskauf/15521,mid-range,high,"A branch system or contextual plant part is visible, without the whole organism.",,,BioImages subview: showing orientation on twig,Gemma: contextual woody structure + visible subject,,,False,leaf-on,not-visible,environmental
baskauf/21602,baskauf_21602.jpg,Gleditsia triacanthos,leaf,showing orientation on twig,leaf / showing orientation on twig,leaf,ind-baskauf/21594,mid-range,high,"A branch system or contextual plant part is visible, without the whole organism.",,,BioImages subview: showing orientation on twig,Gemma: contextual woody structure + visible subject,,,False,leaf-on,not-visible,unspecified
baskauf/66141,baskauf_66141.jpg,Gleditsia triacanthos,leaf,whole upper surface,leaf / whole upper surface,leaf,ind-baskauf/66133,close-up,high,"A diagnostic organ, surface, or fine detail is the main subject.",,,,Gemma: contextual woody structure + visible subject,BioImages subview: whole upper surface,Gemma: leaf upper surface | Gemma free tag: close-up,False,leaf-on,not-visible,unspecified
baskauf/66144,baskauf_66144.jpg,Gleditsia triacanthos,leaf,whole upper surface,leaf / whole upper surface,leaf,ind-baskauf/66133,close-up,medium,"A diagnostic organ, surface, or fine detail is the main subject.",,,,Gemma: contextual woody structure + visible subject,BioImages subview: whole upper surface,,True,leaf-on,not-visible,unspecified
baskauf/66145,baskauf_66145.jpg,Gleditsia triacanthos,leaf,whole upper surface,leaf / whole upper surface,leaf,ind-baskauf/66133,close-up,medium,"A diagnostic organ, surface, or fine detail is the main subject.",,,,Gemma: contextual woody structure + visible subject,BioImages subview: whole upper surface,,True,leaf-on,not-visible,unspecified
baskauf/66172,baskauf_66172.jpg,Gleditsia triacanthos,leaf,whole upper surface,leaf / whole upper surface,leaf,ind-baskauf/66164,close-up,medium,"A diagnostic organ, surface, or fine detail is the main subject.",,,,Gemma: contextual woody structure + visible subject,BioImages subview: whole upper surface,,True,leaf-on,not-visible,unspecified
baskauf/66176,baskauf_66176.jpg,Gleditsia triacanthos,leaf,whole upper surface,leaf / whole upper surface,leaf,ind-baskauf/66164,close-up,medium,"A diagnostic organ, surface, or fine detail is the main subject.",,,,Gemma: contextual woody structure + visible subject,BioImages subview: whole upper surface,,True,leaf-on,not-visible,unspecified
baskauf/66178,baskauf_66178.jpg,Gleditsia triacanthos,leaf,whole upper surface,leaf / whole upper surface,leaf,ind-baskauf/66164,close-up,medium,"A diagnostic organ, surface, or fine detail is the main subject.",,,,Gemma: contextual woody structure + visible subject,BioImages subview: whole upper surface,,True,leaf-on,not-visible,unspecified
baskauf/66135,baskauf_66135.jpg,Gleditsia triacanthos,inflorescence,frontal view of flower,inflorescence / frontal view of flower,flower,ind-baskauf/66133,close-up,high,"A diagnostic organ, surface, or fine detail is the main subject.",,,,Gemma: contextual woody structure + visible subject,BioImages subview: frontal view of flower,Gemma: flower close-up | Gemma free tag: close-up,False,not-visible,visible,unspecified
baskauf/66185,baskauf_66185.jpg,Gleditsia triacanthos,inflorescence,frontal view of flower,inflorescence / frontal view of flower,flower,ind-baskauf/66180,close-up,high,"A diagnostic organ, surface, or fine detail is the main subject.",,,,,BioImages subview: frontal view of flower,Gemma: flower close-up | Gemma free tag: close-up,False,leaf-on,visible,unspecified
baskauf/66188,baskauf_66188.jpg,Gleditsia triacanthos,inflorescence,frontal view of flower,inflorescence / frontal view of flower,flower,ind-baskauf/66180,close-up,medium,"A diagnostic organ, surface, or fine detail is the main subject.",,,,Gemma: contextual woody structure + visible subject,BioImages subview: frontal view of flower,,True,leaf-on,visible,unspecified
baskauf/66137,baskauf_66137.jpg,Gleditsia triacanthos,inflorescence,lateral view of flower,inflorescence / lateral view of flower,flower,ind-baskauf/66133,close-up,medium,"A diagnostic organ, surface, or fine detail is the main subject.",,,,Gemma: contextual woody structure + visible subject,BioImages subview: lateral view of flower,,True,leaf-on,visible,unspecified
baskauf/66187,baskauf_66187.jpg,Gleditsia triacanthos,inflorescence,lateral view of flower,inflorescence / lateral view of flower,flower,ind-baskauf/66180,close-up,high,"A diagnostic organ, surface, or fine detail is the main subject.",,,,Gemma: contextual woody structure + visible subject,BioImages subview: lateral view of flower,Gemma: flower close-up | Gemma free tag: close-up,False,not-visible,visible,unspecified
baskauf/51771,baskauf_51771.jpg,Gleditsia triacanthos,inflorescence,unspecified,inflorescence / unspecified,flower,ind-baskauf/51771,close-up,medium,"A diagnostic organ, surface, or fine detail is the main subject.",,,,Gemma: contextual woody structure + visible subject,,Gemma free tag: close-up,True,leaf-on,visible,unspecified
baskauf/66134,baskauf_66134.jpg,Gleditsia triacanthos,inflorescence,whole - female,inflorescence / whole - female,flower,ind-baskauf/66133,close-up,medium,"A diagnostic organ, surface, or fine detail is the main subject.",,,,,,Gemma: flower close-up,True,leaf-on,visible,unspecified
baskauf/66138,baskauf_66138.jpg,Gleditsia triacanthos,inflorescence,whole - female,inflorescence / whole - female,flower,ind-baskauf/66133,mid-range,medium,"A branch system or contextual plant part is visible, without the whole organism.",,,,Gemma: contextual woody structure + visible subject,,,True,leaf-on,visible,unspecified
baskauf/66140,baskauf_66140.jpg,Gleditsia triacanthos,inflorescence,whole - female,inflorescence / whole - female,flower,ind-baskauf/66133,mid-range,medium,"A branch system or contextual plant part is visible, without the whole organism.",,,,Gemma: contextual woody structure + visible subject,,,True,leaf-on,visible,unspecified
baskauf/66183,baskauf_66183.jpg,Gleditsia triacanthos,inflorescence,whole - male,inflorescence / whole - male,flower,ind-baskauf/66180,mid-range,medium,"A branch system or contextual plant part is visible, without the whole organism.",,,,Gemma: contextual woody structure + visible subject,,,True,leaf-on,visible,unspecified
baskauf/66184,baskauf_66184.jpg,Gleditsia triacanthos,inflorescence,whole - male,inflorescence / whole - male,flower,ind-baskauf/66180,mid-range,medium,"A branch system or contextual plant part is visible, without the whole organism.",,,,Gemma: contextual woody structure + visible subject,,,True,leaf-on,visible,unspecified
baskauf/66191,baskauf_66191.jpg,Gleditsia triacanthos,inflorescence,whole - male,inflorescence / whole - male,flower,ind-baskauf/66180,mid-range,medium,"A branch system or contextual plant part is visible, without the whole organism.",,,,Gemma: contextual woody structure + visible subject,,,True,leaf-on,visible,unspecified
baskauf/66192,baskauf_66192.jpg,Gleditsia triacanthos,inflorescence,whole - male,inflorescence / whole - male,flower,ind-baskauf/66180,close-up,medium,"A diagnostic organ, surface, or fine detail is the main subject.",,,,Gemma: contextual woody structure + visible subject,,Gemma: flower close-up | Gemma free tag: close-up,True,not-visible,visible,unspecified
baskauf/66166,baskauf_66166.jpg,Gleditsia triacanthos,fruit,immature,fruit / immature,fruit,ind-baskauf/66164,mid-range,medium,"A branch system or contextual plant part is visible, without the whole organism.",,,,Gemma: contextual woody structure + visible subject,,,True,leaf-on,visible,unspecified
baskauf/66167,baskauf_66167.jpg,Gleditsia triacanthos,fruit,immature,fruit / immature,fruit,ind-baskauf/66164,close-up,medium,"A diagnostic organ, surface, or fine detail is the main subject.",,,,Gemma: contextual woody structure + visible subject,,Gemma: fruit close-up | Gemma free tag: close-up,True,leaf-on,visible,unspecified
baskauf/66168,baskauf_66168.jpg,Gleditsia triacanthos,fruit,immature,fruit / immature,fruit,ind-baskauf/66164,mid-range,medium,"A branch system or contextual plant part is visible, without the whole organism.",,,,Gemma: contextual woody structure + visible subject,,,True,leaf-on,visible,unspecified
baskauf/66169,baskauf_66169.jpg,Gleditsia triacanthos,fruit,immature,fruit / immature,fruit,ind-baskauf/66164,close-up,medium,"A diagnostic organ, surface, or fine detail is the main subject.",,,,Gemma: contextual woody structure + visible subject,,Gemma: flower close-up | Gemma free tag: close-up,True,leaf-on,visible,unspecified
baskauf/66170,baskauf_66170.jpg,Gleditsia triacanthos,fruit,immature,fruit / immature,fruit,ind-baskauf/66164,close-up,medium,"A diagnostic organ, surface, or fine detail is the main subject.",,,,,,Gemma: flower close-up | Gemma free tag: close-up,True,not-visible,visible,unspecified
baskauf/d1110,baskauf_d1110.jpg,Gleditsia triacanthos,fruit,lateral or general close-up,fruit / lateral or general close-up,fruit,ind-baskauf/d1104,close-up,high,"A diagnostic organ, surface, or fine detail is the main subject.",,,,,BioImages subview: lateral or general close-up,Gemma: fruit close-up,False,not-visible,visible,unspecified
baskauf/11894,baskauf_11894.jpg,Gymnocladus dioicus,whole tree (or vine),general,whole tree (or vine) / general,whole-tree,ind-baskauf/11894,distant,high,Whole organism or crown is visible with scene context.,BioImages group: whole-tree,Gemma: whole plant,,Gemma: contextual woody structure + visible subject,,,False,leaf-on,not-visible,unspecified
baskauf/25638,baskauf_25638.jpg,Gymnocladus dioicus,whole tree (or vine),general,whole tree (or vine) / general,whole-tree,ind-baskauf/24227,distant,high,Whole organism or crown is visible with scene context.,BioImages group: whole-tree,Gemma: whole plant | Gemma free tag: full tree,,Gemma: contextual woody structure + visible subject,,,False,leaf-on,not-visible,environmental
baskauf/91144,baskauf_91144.jpg,Gymnocladus dioicus,whole tree (or vine),general,whole tree (or vine) / general,whole-tree,vanderbilt/12-177,distant,high,Whole organism or crown is visible with scene context.,BioImages group: whole-tree,Gemma: whole plant,,Gemma: contextual woody structure + visible subject,,,False,leaf-on,not-visible,environmental
baskauf/15984,baskauf_15984.jpg,Gymnocladus dioicus,whole tree (or vine),view up trunk,whole tree (or vine) / view up trunk,whole-tree,vanderbilt/12-177,distant,high,Whole organism or crown is visible with scene context.,BioImages group: whole-tree,Gemma: whole plant,,Gemma: contextual woody structure + visible subject,,,False,leaf-on,not-visible,unspecified
baskauf/15988,baskauf_15988.jpg,Gymnocladus dioicus,bark,of a large tree,bark / of a large tree,bark,vanderbilt/12-177,close-up,medium,"A diagnostic organ, surface, or fine detail is the main subject.",,,,,,Gemma free tag: close-up,True,not-visible,not-visible,unspecified
baskauf/24245,baskauf_24245.jpg,Gymnocladus dioicus,bark,of a large tree,bark / of a large tree,bark,ind-baskauf/24227,close-up,medium,"A diagnostic organ, surface, or fine detail is the main subject.",,,,,,Gemma free tag: close-up,True,not-visible,not-visible,unspecified
baskauf/50913,baskauf_50913.jpg,Gymnocladus dioicus,bark,of a large tree,bark / of a large tree,bark,ind-baskauf/50912,mid-range,medium,"A branch system or contextual plant part is visible, without the whole organism.",,,,Gemma: contextual woody structure + visible subject,,,True,not-visible,not-visible,environmental
baskauf/11902,baskauf_11902.jpg,Gymnocladus dioicus,bark,of a small tree or small branch,bark / of a small tree or small branch,bark,ind-baskauf/11894,close-up,medium,"A diagnostic organ, surface, or fine detail is the main subject.",,,BioImages subview: of a small tree or small branch,,,Gemma free tag: close-up,True,not-visible,not-visible,unspecified
baskauf/63781,baskauf_63781.jpg,Gymnocladus dioicus,twig,close-up winter leaf scar/bud,twig / close-up winter leaf scar/bud,twig,ind-baskauf/24227,close-up,high,"A diagnostic organ, surface, or fine detail is the main subject.",,,,Gemma: contextual woody structure + visible subject,BioImages subview: close-up winter leaf scar/bud,Gemma: leaf scar | Gemma free tag: close-up,False,leaf-off,not-visible,unspecified
baskauf/63783,baskauf_63783.jpg,Gymnocladus dioicus,twig,close-up winter terminal bud,twig / close-up winter terminal bud,twig,ind-baskauf/24227,close-up,high,"A diagnostic organ, surface, or fine detail is the main subject.",,,,Gemma: contextual woody structure + visible subject,BioImages subview: close-up winter terminal bud,Gemma: terminal bud | Gemma free tag: close-up,False,leaf-off,not-visible,unspecified
baskauf/11905,baskauf_11905.jpg,Gymnocladus dioicus,twig,orientation of petioles,twig / orientation of petioles,twig,ind-baskauf/11894,close-up,medium,"A diagnostic organ, surface, or fine detail is the main subject.",,,BioImages subview: orientation of petioles,Gemma: contextual woody structure + visible subject,,Gemma free tag: close-up,True,leaf-on,not-visible,unspecified
baskauf/24236,baskauf_24236.jpg,Gymnocladus dioicus,twig,orientation of petioles,twig / orientation of petioles,twig,ind-baskauf/24227,close-up,medium,"A diagnostic organ, surface, or fine detail is the main subject.",,,BioImages subview: orientation of petioles,Gemma: contextual woody structure + visible subject,,Gemma free tag: close-up,True,leaf-on,not-visible,unspecified
baskauf/63779,baskauf_63779.jpg,Gymnocladus dioicus,twig,winter overall,twig / winter overall,twig,ind-baskauf/24227,close-up,medium,"A diagnostic organ, surface, or fine detail is the main subject.",,,,Gemma: contextual woody structure + visible subject,,Gemma: leaf scar | Gemma: terminal bud | Gemma free tag: close-up,True,leaf-off,not-visible,unspecified
baskauf/24251,baskauf_24251.jpg,Gymnocladus dioicus,leaf,margin of upper + lower surface,leaf / margin of upper + lower surface,leaf,ind-baskauf/24227,close-up,high,"A diagnostic organ, surface, or fine detail is the main subject.",,,,,BioImages subview: margin of upper + lower surface,Gemma: leaf margin | Gemma: leaf upper surface | Gemma free tag: close-up,False,leaf-on,not-visible,unspecified
baskauf/11899,baskauf_11899.jpg,Gymnocladus dioicus,leaf,unspecified,leaf / unspecified,leaf,ind-baskauf/11894,uncertain,conflict,Distant and close-up evidence both present; manual review required.,,Gemma: whole plant,,Gemma: contextual woody structure + visible subject,,Gemma: leaf upper surface,True,leaf-on,not-visible,environmental
baskauf/11896,baskauf_11896.jpg,Gymnocladus dioicus,leaf,whole upper surface,leaf / whole upper surface,leaf,ind-baskauf/11894,close-up,medium,"A diagnostic organ, surface, or fine detail is the main subject.",,,,Gemma: contextual woody structure + visible subject,BioImages subview: whole upper surface,,True,leaf-on,not-visible,unspecified
baskauf/24248,baskauf_24248.jpg,Gymnocladus dioicus,leaf,whole upper surface,leaf / whole upper surface,leaf,ind-baskauf/24227,uncertain,conflict,Distant and close-up evidence both present; manual review required.,,Gemma: whole plant,,Gemma: contextual woody structure + visible subject,BioImages subview: whole upper surface,,True,leaf-on,not-visible,unspecified
baskauf/51691,baskauf_51691.jpg,Gymnocladus dioicus,inflorescence,close-up of flower interior,inflorescence / close-up of flower interior,flower,ind-baskauf/24227,close-up,high,"A diagnostic organ, surface, or fine detail is the main subject.",,,,Gemma: contextual woody structure + visible subject,BioImages subview: close-up of flower interior,Gemma: flower close-up | Gemma free tag: close-up,False,not-visible,visible,unspecified
baskauf/33649,baskauf_33649.jpg,Gymnocladus dioicus,inflorescence,frontal view of flower,inflorescence / frontal view of flower,flower,ind-baskauf/24227,close-up,high,"A diagnostic organ, surface, or fine detail is the main subject.",,,,Gemma: contextual woody structure + visible subject,BioImages subview: frontal view of flower,Gemma: flower close-up | Gemma free tag: close-up,False,not-visible,visible,unspecified
baskauf/51706,baskauf_51706.jpg,Gymnocladus dioicus,inflorescence,frontal view of flower,inflorescence / frontal view of flower,flower,ind-baskauf/24227,close-up,high,"A diagnostic organ, surface, or fine detail is the main subject.",,,,Gemma: contextual woody structure + visible subject,BioImages subview: frontal view of flower,Gemma: flower close-up | Gemma free tag: close-up,False,not-visible,visible,unspecified
baskauf/33651,baskauf_33651.jpg,Gymnocladus dioicus,inflorescence,lateral view of flower,inflorescence / lateral view of flower,flower,ind-baskauf/24227,close-up,high,"A diagnostic organ, surface, or fine detail is the main subject.",,,,Gemma: contextual woody structure + visible subject,BioImages subview: lateral view of flower,Gemma: flower close-up | Gemma: lateral flower view | Gemma free tag: close-up,False,not-visible,visible,unspecified
baskauf/51704,baskauf_51704.jpg,Gymnocladus dioicus,inflorescence,lateral view of flower,inflorescence / lateral view of flower,flower,ind-baskauf/24227,close-up,high,"A diagnostic organ, surface, or fine detail is the main subject.",,,,Gemma: contextual woody structure + visible subject,BioImages subview: lateral view of flower,Gemma: flower close-up | Gemma free tag: close-up,False,not-visible,visible,unspecified
baskauf/33646,baskauf_33646.jpg,Gymnocladus dioicus,inflorescence,whole - unspecified,inflorescence / whole - unspecified,flower,ind-baskauf/24227,close-up,medium,"A diagnostic organ, surface, or fine detail is the main subject.",,,,Gemma: contextual woody structure + visible subject,,Gemma: flower close-up | Gemma free tag: close-up,True,leaf-on,visible,unspecified
baskauf/51686,baskauf_51686.jpg,Gymnocladus dioicus,inflorescence,whole - unspecified,inflorescence / whole - unspecified,flower,ind-baskauf/24227,mid-range,medium,"A branch system or contextual plant part is visible, without the whole organism.",,,,Gemma: contextual woody structure + visible subject,,,True,not-visible,visible,unspecified
baskauf/24227,baskauf_24227.jpg,Gymnocladus dioicus,fruit,as borne on the plant,fruit / as borne on the plant,fruit,ind-baskauf/24227,mid-range,high,"A branch system or contextual plant part is visible, without the whole organism.",,,BioImages subview: as borne on the plant,Gemma: contextual woody structure + visible subject,,,False,leaf-on,visible,environmental
baskauf/24270,baskauf_24270.jpg,Gymnocladus dioicus,fruit,as borne on the plant,fruit / as borne on the plant,fruit,ind-baskauf/24227,mid-range,high,"A branch system or contextual plant part is visible, without the whole organism.",,,BioImages subview: as borne on the plant,Gemma: contextual woody structure + visible subject,,,False,leaf-on,visible,unspecified
baskauf/51688,baskauf_51688.jpg,Gymnocladus dioicus,fruit,immature,fruit / immature,fruit,ind-baskauf/24227,close-up,medium,"A diagnostic organ, surface, or fine detail is the main subject.",,,,Gemma: contextual woody structure + visible subject,,Gemma: flower close-up | Gemma free tag: close-up,True,not-visible,visible,unspecified
baskauf/51694,baskauf_51694.jpg,Gymnocladus dioicus,fruit,immature,fruit / immature,fruit,ind-baskauf/24227,close-up,medium,"A diagnostic organ, surface, or fine detail is the main subject.",,,,Gemma: contextual woody structure + visible subject,,Gemma: flower close-up | Gemma free tag: close-up,True,not-visible,visible,unspecified
baskauf/51695,baskauf_51695.jpg,Gymnocladus dioicus,fruit,immature,fruit / immature,fruit,ind-baskauf/24227,close-up,medium,"A diagnostic organ, surface, or fine detail is the main subject.",,,,Gemma: contextual woody structure + visible subject,,Gemma: flower close-up | Gemma free tag: close-up,True,not-visible,visible,unspecified
baskauf/24254,baskauf_24254.jpg,Gymnocladus dioicus,fruit,lateral or general close-up,fruit / lateral or general close-up,fruit,ind-baskauf/24227,close-up,high,"A diagnostic organ, surface, or fine detail is the main subject.",,,,,BioImages subview: lateral or general close-up,Gemma: fruit close-up | Gemma free tag: close-up,False,not-visible,visible,unspecified
baskauf/24261,baskauf_24261.jpg,Gymnocladus dioicus,fruit,section or open,fruit / section or open,fruit,ind-baskauf/24227,close-up,high,"A diagnostic organ, surface, or fine detail is the main subject.",,,,,BioImages subview: section or open,Gemma: fruit close-up | Gemma: opened or sectioned fruit,False,not-visible,visible,unspecified
baskauf/24265,baskauf_24265.jpg,Gymnocladus dioicus,seed,general view,seed / general view,seed,ind-baskauf/24227,close-up,medium,"A diagnostic organ, surface, or fine detail is the main subject.",,,,,,Gemma: fruit close-up | Gemma: opened or sectioned fruit | Gemma free tag: close-up,True,not-visible,visible,unspecified
baskauf/24849,baskauf_24849.jpg,Gymnocladus dioicus,seed,general view,seed / general view,seed,ind-baskauf/24227,close-up,medium,"A diagnostic organ, surface, or fine detail is the main subject.",,,,,,Gemma: fruit close-up | Gemma: opened or sectioned fruit | Gemma free tag: close-up,True,not-visible,visible,unspecified
baskauf/55738,baskauf_55738.jpg,Hamamelis virginiana,whole tree (or vine),general,whole tree (or vine) / general,whole-tree,vanderbilt/6-163,distant,high,Whole organism or crown is visible with scene context.,BioImages group: whole-tree,Gemma: whole plant,,Gemma: contextual woody structure + visible subject,,,False,leaf-on,not-visible,environmental
baskauf/55755,baskauf_55755.jpg,Hamamelis virginiana,bark,of a medium tree or large branch,bark / of a medium tree or large branch,bark,vanderbilt/6-163,close-up,medium,"A diagnostic organ, surface, or fine detail is the main subject.",,,BioImages subview: of a medium tree or large branch,,,Gemma free tag: close-up,True,not-visible,not-visible,unspecified
baskauf/55757,baskauf_55757.jpg,Hamamelis virginiana,bark,of a small tree or small branch,bark / of a small tree or small branch,bark,vanderbilt/6-163,close-up,medium,"A diagnostic organ, surface, or fine detail is the main subject.",,,BioImages subview: of a small tree or small branch,,,Gemma free tag: close-up,True,not-visible,not-visible,unspecified
baskauf/55748,baskauf_55748.jpg,Hamamelis virginiana,twig,orientation of petioles,twig / orientation of petioles,twig,vanderbilt/6-163,close-up,medium,"A diagnostic organ, surface, or fine detail is the main subject.",,,BioImages subview: orientation of petioles,Gemma: contextual woody structure + visible subject,,Gemma free tag: close-up,True,leaf-off,visible,unspecified
baskauf/55745,baskauf_55745.jpg,Hamamelis virginiana,leaf,margin of upper + lower surface,leaf / margin of upper + lower surface,leaf,vanderbilt/6-163,close-up,high,"A diagnostic organ, surface, or fine detail is the main subject.",,,,,BioImages subview: margin of upper + lower surface,Gemma: leaf margin | Gemma: leaf upper surface | Gemma free tag: close-up,False,leaf-on,not-visible,unspecified
baskauf/15504,baskauf_15504.jpg,Hamamelis virginiana,leaf,showing orientation on twig,leaf / showing orientation on twig,leaf,ind-baskauf/15503,close-up,medium,"A diagnostic organ, surface, or fine detail is the main subject.",,,BioImages subview: showing orientation on twig,Gemma: contextual woody structure + visible subject,,Gemma: leaf upper surface | Gemma free tag: close-up,True,leaf-on,not-visible,unspecified
baskauf/55752,baskauf_55752.jpg,Hamamelis virginiana,leaf,showing orientation on twig,leaf / showing orientation on twig,leaf,vanderbilt/6-163,close-up,medium,"A diagnostic organ, surface, or fine detail is the main subject.",,,BioImages subview: showing orientation on twig,Gemma: contextual woody structure + visible subject,,Gemma free tag: close-up,True,leaf-on,not-visible,unspecified
baskauf/55799,baskauf_55799.jpg,Hamamelis virginiana,leaf,showing orientation on twig,leaf / showing orientation on twig,leaf,vanderbilt/6-163,close-up,medium,"A diagnostic organ, surface, or fine detail is the main subject.",,,BioImages subview: showing orientation on twig,Gemma: contextual woody structure + visible subject,,Gemma: leaf upper surface | Gemma free tag: close-up,True,leaf-on,visible,unspecified
baskauf/55800,baskauf_55800.jpg,Hamamelis virginiana,leaf,showing orientation on twig,leaf / showing orientation on twig,leaf,vanderbilt/6-163,close-up,medium,"A diagnostic organ, surface, or fine detail is the main subject.",,,BioImages subview: showing orientation on twig,Gemma: contextual woody structure + visible subject,,Gemma: leaf upper surface | Gemma free tag: close-up,True,leaf-on,visible,unspecified
baskauf/55741,baskauf_55741.jpg,Hamamelis virginiana,leaf,whole upper surface,leaf / whole upper surface,leaf,vanderbilt/6-163,close-up,high,"A diagnostic organ, surface, or fine detail is the main subject.",,,,Gemma: contextual woody structure + visible subject,BioImages subview: whole upper surface,Gemma: leaf margin | Gemma: leaf upper surface | Gemma free tag: close-up,False,leaf-on,visible,unspecified
baskauf/55763,baskauf_55763.jpg,Hamamelis virginiana,inflorescence,frontal view of flower,inflorescence / frontal view of flower,flower,vanderbilt/6-163,close-up,high,"A diagnostic organ, surface, or fine detail is the main subject.",,,,Gemma: contextual woody structure + visible subject,BioImages subview: frontal view of flower,Gemma: flower close-up | Gemma free tag: close-up,False,not-visible,visible,unspecified
baskauf/55770,baskauf_55770.jpg,Hamamelis virginiana,inflorescence,frontal view of flower,inflorescence / frontal view of flower,flower,vanderbilt/6-163,close-up,high,"A diagnostic organ, surface, or fine detail is the main subject.",,,,Gemma: contextual woody structure + visible subject,BioImages subview: frontal view of flower,Gemma: flower close-up | Gemma free tag: close-up,False,not-visible,visible,unspecified
baskauf/55760,baskauf_55760.jpg,Hamamelis virginiana,inflorescence,lateral view of flower,inflorescence / lateral view of flower,flower,vanderbilt/6-163,close-up,high,"A diagnostic organ, surface, or fine detail is the main subject.",,,,Gemma: contextual woody structure + visible subject,BioImages subview: lateral view of flower,Gemma: flower close-up | Gemma free tag: close-up,False,not-visible,visible,unspecified
baskauf/55764,baskauf_55764.jpg,Hamamelis virginiana,inflorescence,lateral view of flower,inflorescence / lateral view of flower,flower,vanderbilt/6-163,close-up,high,"A diagnostic organ, surface, or fine detail is the main subject.",,,,Gemma: contextual woody structure + visible subject,BioImages subview: lateral view of flower,Gemma: flower close-up | Gemma free tag: close-up,False,not-visible,visible,unspecified
baskauf/55774,baskauf_55774.jpg,Hamamelis virginiana,inflorescence,lateral view of flower,inflorescence / lateral view of flower,flower,vanderbilt/6-163,close-up,high,"A diagnostic organ, surface, or fine detail is the main subject.",,,,Gemma: contextual woody structure + visible subject,BioImages subview: lateral view of flower,Gemma: flower close-up | Gemma free tag: close-up,False,leaf-on,visible,unspecified
baskauf/55769,baskauf_55769.jpg,Hamamelis virginiana,inflorescence,whole - unspecified,inflorescence / whole - unspecified,flower,vanderbilt/6-163,close-up,medium,"A diagnostic organ, surface, or fine detail is the main subject.",,,,Gemma: contextual woody structure + visible subject,,Gemma: flower close-up | Gemma: leaf upper surface | Gemma free tag: close-up,True,leaf-on,visible,unspecified
baskauf/15503,baskauf_15503.jpg,Hamamelis virginiana,fruit,lateral or general close-up,fruit / lateral or general close-up,fruit,ind-baskauf/15503,close-up,high,"A diagnostic organ, surface, or fine detail is the main subject.",,,,Gemma: contextual woody structure + visible subject,BioImages subview: lateral or general close-up,Gemma: fruit close-up | Gemma free tag: close-up,False,leaf-on,visible,unspecified
baskauf/35364,baskauf_35364.jpg,Ilex verticillata,whole tree (or vine),general,whole tree (or vine) / general,whole-tree,ind-baskauf/35363,distant,medium,Whole organism or crown is visible with scene context.,BioImages group: whole-tree,,,Gemma: contextual woody structure + visible subject,,,True,leaf-on,not-visible,unspecified
baskauf/30763,baskauf_30763.jpg,Ilex verticillata,whole tree (or vine),winter,whole tree (or vine) / winter,whole-tree,ind-baskauf/30762,distant,medium,Whole organism or crown is visible with scene context.,BioImages group: whole-tree,,,Gemma: contextual woody structure + visible subject,,,True,leaf-off,visible,unspecified
baskauf/30773,baskauf_30773.jpg,Ilex verticillata,bark,of a small tree or small branch,bark / of a small tree or small branch,bark,ind-baskauf/30762,close-up,medium,"A diagnostic organ, surface, or fine detail is the main subject.",,,BioImages subview: of a small tree or small branch,,,Gemma free tag: close-up,True,not-visible,not-visible,unspecified
baskauf/35372,baskauf_35372.jpg,Ilex verticillata,twig,orientation of petioles,twig / orientation of petioles,twig,ind-baskauf/35363,close-up,medium,"A diagnostic organ, surface, or fine detail is the main subject.",,,BioImages subview: orientation of petioles,Gemma: contextual woody structure + visible subject,,Gemma free tag: close-up,True,leaf-on,not-visible,unspecified
baskauf/35376,baskauf_35376.jpg,Ilex verticillata,twig,orientation of petioles,twig / orientation of petioles,twig,ind-baskauf/35374,close-up,medium,"A diagnostic organ, surface, or fine detail is the main subject.",,,BioImages subview: orientation of petioles,Gemma: contextual woody structure + visible subject,,Gemma: fruit close-up | Gemma free tag: close-up,True,leaf-on,visible,unspecified
baskauf/58502,baskauf_58502.jpg,Ilex verticillata,twig,orientation of petioles,twig / orientation of petioles,twig,ind-baskauf/58500,close-up,medium,"A diagnostic organ, surface, or fine detail is the main subject.",,,BioImages subview: orientation of petioles,Gemma: contextual woody structure + visible subject,,Gemma free tag: close-up,True,leaf-on,not-visible,unspecified
baskauf/58504,baskauf_58504.jpg,Ilex verticillata,twig,orientation of petioles,twig / orientation of petioles,twig,ind-baskauf/58500,close-up,medium,"A diagnostic organ, surface, or fine detail is the main subject.",,,BioImages subview: orientation of petioles,Gemma: contextual woody structure + visible subject,,Gemma free tag: close-up,True,leaf-on,not-visible,unspecified
baskauf/30771,baskauf_30771.jpg,Ilex verticillata,twig,winter overall,twig / winter overall,twig,ind-baskauf/30762,close-up,medium,"A diagnostic organ, surface, or fine detail is the main subject.",,,,Gemma: contextual woody structure + visible subject,,Gemma: fruit close-up | Gemma free tag: close-up,True,leaf-off,visible,unspecified
baskauf/58501,baskauf_58501.jpg,Ilex verticillata,leaf,margin of upper + lower surface,leaf / margin of upper + lower surface,leaf,ind-baskauf/58500,close-up,high,"A diagnostic organ, surface, or fine detail is the main subject.",,,,,BioImages subview: margin of upper + lower surface,Gemma: leaf margin | Gemma: leaf upper surface | Gemma free tag: close-up,False,leaf-on,not-visible,unspecified
baskauf/58506,baskauf_58506.jpg,Ilex verticillata,leaf,margin of upper + lower surface,leaf / margin of upper + lower surface,leaf,ind-baskauf/58500,close-up,high,"A diagnostic organ, surface, or fine detail is the main subject.",,,,,BioImages subview: margin of upper + lower surface,Gemma: leaf margin | Gemma: leaf upper surface | Gemma free tag: close-up,False,leaf-on,not-visible,unspecified
baskauf/35368,baskauf_35368.jpg,Ilex verticillata,leaf,showing orientation on twig,leaf / showing orientation on twig,leaf,ind-baskauf/35363,close-up,medium,"A diagnostic organ, surface, or fine detail is the main subject.",,,BioImages subview: showing orientation on twig,Gemma: contextual woody structure + visible subject,,Gemma: leaf upper surface,True,leaf-on,not-visible,unspecified
baskauf/35369,baskauf_35369.jpg,Ilex verticillata,leaf,whole upper surface,leaf / whole upper surface,leaf,ind-baskauf/35363,close-up,high,"A diagnostic organ, surface, or fine detail is the main subject.",,,,Gemma: contextual woody structure + visible subject,BioImages subview: whole upper surface,Gemma: leaf upper surface | Gemma free tag: close-up,False,leaf-on,visible,unspecified
baskauf/35633,baskauf_35633.jpg,Ilex verticillata,inflorescence,frontal view of flower,inflorescence / frontal view of flower,flower,ind-baskauf/35627,close-up,high,"A diagnostic organ, surface, or fine detail is the main subject.",,,,Gemma: contextual woody structure + visible subject,BioImages subview: frontal view of flower,Gemma: flower close-up | Gemma free tag: close-up,False,not-visible,visible,unspecified
baskauf/35635,baskauf_35635.jpg,Ilex verticillata,inflorescence,frontal view of flower,inflorescence / frontal view of flower,flower,ind-baskauf/35634,close-up,high,"A diagnostic organ, surface, or fine detail is the main subject.",,,,Gemma: contextual woody structure + visible subject,BioImages subview: frontal view of flower,Gemma: flower close-up | Gemma free tag: close-up,False,leaf-on,visible,unspecified
baskauf/35627,baskauf_35627.jpg,Ilex verticillata,inflorescence,whole - male,inflorescence / whole - male,flower,ind-baskauf/35627,close-up,medium,"A diagnostic organ, surface, or fine detail is the main subject.",,,,Gemma: contextual woody structure + visible subject,,Gemma: flower close-up | Gemma free tag: close-up,True,leaf-on,visible,unspecified
kaufmannm/mk466,kaufmannm_mk466.jpg,Ilex verticillata,fruit,as borne on the plant,fruit / as borne on the plant,fruit,ind-kaufmannm/mk466,mid-range,high,"A branch system or contextual plant part is visible, without the whole organism.",,,BioImages subview: as borne on the plant,Gemma: contextual woody structure + visible subject,,,False,leaf-on,visible,unspecified
baskauf/30769,baskauf_30769.jpg,Ilex verticillata,fruit,lateral or general close-up,fruit / lateral or general close-up,fruit,ind-baskauf/30762,close-up,high,"A diagnostic organ, surface, or fine detail is the main subject.",,,,Gemma: contextual woody structure + visible subject,BioImages subview: lateral or general close-up,Gemma: fruit close-up | Gemma free tag: close-up,False,not-visible,visible,unspecified
baskauf/16500,baskauf_16500.jpg,Juglans cinerea,whole tree (or vine),general,whole tree (or vine) / general,whole-tree,ind-baskauf/70791,distant,high,Whole organism or crown is visible with scene context.,BioImages group: whole-tree,Gemma: whole plant,,Gemma: contextual woody structure + visible subject,,,False,leaf-on,not-visible,environmental
baskauf/70791,baskauf_70791.jpg,Juglans cinerea,whole tree (or vine),general,whole tree (or vine) / general,whole-tree,ind-baskauf/70791,distant,high,Whole organism or crown is visible with scene context.,BioImages group: whole-tree,Gemma: whole plant,,Gemma: contextual woody structure + visible subject,,,False,leaf-on,not-visible,unspecified
baskauf/11815,baskauf_11815.jpg,Juglans cinerea,whole tree (or vine),view up trunk,whole tree (or vine) / view up trunk,whole-tree,ind-baskauf/11812,distant,high,Whole organism or crown is visible with scene context.,BioImages group: whole-tree,Gemma: whole plant,,,,,False,leaf-on,not-visible,unspecified
baskauf/16498,baskauf_16498.jpg,Juglans cinerea,whole tree (or vine),view up trunk,whole tree (or vine) / view up trunk,whole-tree,ind-baskauf/70791,distant,high,Whole organism or crown is visible with scene context.,BioImages group: whole-tree,Gemma: whole plant,,Gemma: contextual woody structure + visible subject,,,False,leaf-on,not-visible,environmental
baskauf/16506,baskauf_16506.jpg,Juglans cinerea,whole tree (or vine),view up trunk,whole tree (or vine) / view up trunk,whole-tree,ind-baskauf/16502,distant,high,Whole organism or crown is visible with scene context.,BioImages group: whole-tree,Gemma: whole plant,,Gemma: contextual woody structure + visible subject,,,False,leaf-on,not-visible,unspecified
baskauf/50556,baskauf_50556.jpg,Juglans cinerea,whole tree (or vine),view up trunk,whole tree (or vine) / view up trunk,whole-tree,ind-baskauf/16502,distant,high,Whole organism or crown is visible with scene context.,BioImages group: whole-tree,Gemma: whole plant,,Gemma: contextual woody structure + visible subject,,,False,mixed,not-visible,environmental
baskauf/50554,baskauf_50554.jpg,Juglans cinerea,whole tree (or vine),winter,whole tree (or vine) / winter,whole-tree,ind-baskauf/70791,distant,high,Whole organism or crown is visible with scene context.,BioImages group: whole-tree,Gemma: whole plant,,Gemma: contextual woody structure + visible subject,,,False,leaf-off,not-visible,environmental
baskauf/16502,baskauf_16502.jpg,Juglans cinerea,bark,of a large tree,bark / of a large tree,bark,ind-baskauf/16502,uncertain,low,"No positive distant, mid-range, or close-up evidence was found.",,,,,,,True,not-visible,not-visible,environmental
baskauf/11812,baskauf_11812.jpg,Juglans cinerea,bark,of a medium tree or large branch,bark / of a medium tree or large branch,bark,ind-baskauf/11812,close-up,medium,"A diagnostic organ, surface, or fine detail is the main subject.",,,BioImages subview: of a medium tree or large branch,,,Gemma free tag: close-up,True,not-visible,not-visible,unspecified
baskauf/11813,baskauf_11813.jpg,Juglans cinerea,bark,of a medium tree or large branch,bark / of a medium tree or large branch,bark,ind-baskauf/11812,mid-range,high,"A branch system or contextual plant part is visible, without the whole organism.",,,BioImages subview: of a medium tree or large branch,Gemma: contextual woody structure + visible subject,,,False,leaf-on,not-visible,environmental
baskauf/11843,baskauf_11843.jpg,Juglans cinerea,twig,close-up winter leaf scar/bud,twig / close-up winter leaf scar/bud,twig,ind-baskauf/11839,close-up,high,"A diagnostic organ, surface, or fine detail is the main subject.",,,,Gemma: contextual woody structure + visible subject,BioImages subview: close-up winter leaf scar/bud,Gemma: leaf scar | Gemma free tag: close-up,False,leaf-off,not-visible,unspecified
baskauf/55876,baskauf_55876.jpg,Juglans cinerea,twig,close-up winter leaf scar/bud,twig / close-up winter leaf scar/bud,twig,ind-baskauf/70791,close-up,high,"A diagnostic organ, surface, or fine detail is the main subject.",,,,Gemma: contextual woody structure + visible subject,BioImages subview: close-up winter leaf scar/bud,Gemma free tag: close-up,False,leaf-off,not-visible,unspecified
baskauf/55877,baskauf_55877.jpg,Juglans cinerea,twig,close-up winter leaf scar/bud,twig / close-up winter leaf scar/bud,twig,ind-baskauf/70791,close-up,high,"A diagnostic organ, surface, or fine detail is the main subject.",,,,Gemma: contextual woody structure + visible subject,BioImages subview: close-up winter leaf scar/bud,Gemma free tag: close-up,False,leaf-off,not-visible,unspecified
baskauf/11840,baskauf_11840.jpg,Juglans cinerea,twig,orientation of petioles,twig / orientation of petioles,twig,ind-baskauf/11839,close-up,medium,"A diagnostic organ, surface, or fine detail is the main subject.",,,BioImages subview: orientation of petioles,Gemma: contextual woody structure + visible subject,,Gemma free tag: close-up,True,leaf-on,not-visible,unspecified
baskauf/55869,baskauf_55869.jpg,Juglans cinerea,twig,unspecified,twig / unspecified,twig,ind-baskauf/70791,close-up,medium,"A diagnostic organ, surface, or fine detail is the main subject.",,,,,,Gemma: leaf scar | Gemma free tag: close-up,True,leaf-off,not-visible,unspecified
baskauf/55872,baskauf_55872.jpg,Juglans cinerea,twig,unspecified,twig / unspecified,twig,ind-baskauf/70791,close-up,medium,"A diagnostic organ, surface, or fine detail is the main subject.",,,,Gemma: contextual woody structure + visible subject,,Gemma: leaf scar,True,leaf-off,not-visible,unspecified
baskauf/11839,baskauf_11839.jpg,Juglans cinerea,leaf,whole upper surface,leaf / whole upper surface,leaf,ind-baskauf/11839,close-up,high,"A diagnostic organ, surface, or fine detail is the main subject.",,,,Gemma: contextual woody structure + visible subject,BioImages subview: whole upper surface,Gemma free tag: close-up,False,leaf-on,not-visible,unspecified
baskauf/70795,baskauf_70795.jpg,Juglans cinerea,fruit,lateral or general close-up,fruit / lateral or general close-up,fruit,ind-baskauf/70791,close-up,high,"A diagnostic organ, surface, or fine detail is the main subject.",,,,,BioImages subview: lateral or general close-up,Gemma: fruit close-up | Gemma free tag: close-up,False,not-visible,visible,unspecified
baskauf/70799,baskauf_70799.jpg,Juglans cinerea,fruit,lateral or general close-up,fruit / lateral or general close-up,fruit,ind-baskauf/70791,close-up,high,"A diagnostic organ, surface, or fine detail is the main subject.",,,,,BioImages subview: lateral or general close-up,Gemma: fruit close-up | Gemma free tag: close-up,False,not-visible,not-visible,unspecified
baskauf/70807,baskauf_70807.jpg,Juglans cinerea,fruit,lateral or general close-up,fruit / lateral or general close-up,fruit,ind-baskauf/70791,close-up,high,"A diagnostic organ, surface, or fine detail is the main subject.",,,,,BioImages subview: lateral or general close-up,Gemma: fruit close-up | Gemma free tag: close-up,False,not-visible,visible,unspecified
baskauf/70808,baskauf_70808.jpg,Juglans cinerea,fruit,lateral or general close-up,fruit / lateral or general close-up,fruit,ind-baskauf/70791,close-up,high,"A diagnostic organ, surface, or fine detail is the main subject.",,,,,BioImages subview: lateral or general close-up,Gemma: fruit close-up | Gemma free tag: close-up,False,not-visible,visible,unspecified
baskauf/70867,baskauf_70867.jpg,Juglans cinerea,fruit,lateral or general close-up,fruit / lateral or general close-up,fruit,ind-baskauf/70791,close-up,high,"A diagnostic organ, surface, or fine detail is the main subject.",,,,,BioImages subview: lateral or general close-up,Gemma: fruit close-up | Gemma free tag: close-up,False,not-visible,visible,unspecified
baskauf/70803,baskauf_70803.jpg,Juglans cinerea,fruit,section or open,fruit / section or open,fruit,ind-baskauf/70791,close-up,high,"A diagnostic organ, surface, or fine detail is the main subject.",,,,,BioImages subview: section or open,Gemma: fruit close-up | Gemma: opened or sectioned fruit | Gemma free tag: close-up,False,not-visible,visible,unspecified
baskauf/70804,baskauf_70804.jpg,Juglans cinerea,fruit,section or open,fruit / section or open,fruit,ind-baskauf/70791,close-up,high,"A diagnostic organ, surface, or fine detail is the main subject.",,,,,BioImages subview: section or open,Gemma: fruit close-up | Gemma: opened or sectioned fruit | Gemma free tag: close-up,False,not-visible,visible,unspecified
baskauf/70869,baskauf_70869.jpg,Juglans cinerea,fruit,section or open,fruit / section or open,fruit,ind-baskauf/70791,close-up,high,"A diagnostic organ, surface, or fine detail is the main subject.",,,,,BioImages subview: section or open,Gemma: fruit close-up | Gemma: opened or sectioned fruit | Gemma free tag: close-up,False,not-visible,visible,unspecified
baskauf/70870,baskauf_70870.jpg,Juglans cinerea,fruit,section or open,fruit / section or open,fruit,ind-baskauf/70791,close-up,high,"A diagnostic organ, surface, or fine detail is the main subject.",,,,,BioImages subview: section or open,Gemma: fruit close-up | Gemma: opened or sectioned fruit | Gemma free tag: close-up,False,not-visible,visible,unspecified
baskauf/70792,baskauf_70792.jpg,Juglans cinerea,fruit,unspecified,fruit / unspecified,fruit,ind-baskauf/70791,mid-range,medium,"A branch system or contextual plant part is visible, without the whole organism.",,,,Gemma: contextual woody structure + visible subject,,,True,leaf-on,visible,unspecified
baskauf/16509,baskauf_16509.jpg,Juglans cinerea,seed,general view,seed / general view,seed,ind-baskauf/16502,close-up,medium,"A diagnostic organ, surface, or fine detail is the main subject.",,,,,,Gemma: fruit close-up | Gemma free tag: close-up,True,not-visible,visible,unspecified
baskauf/70872,baskauf_70872.jpg,Juglans cinerea,seed,general view,seed / general view,seed,ind-baskauf/70791,close-up,medium,"A diagnostic organ, surface, or fine detail is the main subject.",,,,,,Gemma: fruit close-up | Gemma: opened or sectioned fruit | Gemma free tag: close-up,True,not-visible,visible,unspecified
baskauf/70873,baskauf_70873.jpg,Juglans cinerea,seed,general view,seed / general view,seed,ind-baskauf/70791,close-up,medium,"A diagnostic organ, surface, or fine detail is the main subject.",,,,,,Gemma: fruit close-up | Gemma free tag: close-up,True,not-visible,visible,unspecified
baskauf/70874,baskauf_70874.jpg,Juglans cinerea,seed,general view,seed / general view,seed,ind-baskauf/70791,close-up,medium,"A diagnostic organ, surface, or fine detail is the main subject.",,,,,,Gemma: fruit close-up | Gemma free tag: close-up,True,not-visible,visible,unspecified
baskauf/70875,baskauf_70875.jpg,Juglans cinerea,seed,general view,seed / general view,seed,ind-baskauf/70791,close-up,medium,"A diagnostic organ, surface, or fine detail is the main subject.",,,,,,Gemma: fruit close-up | Gemma: opened or sectioned fruit | Gemma free tag: close-up,True,not-visible,visible,unspecified
baskauf/70876,baskauf_70876.jpg,Juglans cinerea,seed,general view,seed / general view,seed,ind-baskauf/70791,close-up,medium,"A diagnostic organ, surface, or fine detail is the main subject.",,,,,,Gemma: fruit close-up | Gemma: opened or sectioned fruit | Gemma free tag: close-up,True,not-visible,visible,unspecified
baskauf/11111,baskauf_11111.jpg,Juglans nigra,whole tree (or vine),general,whole tree (or vine) / general,whole-tree,ind-baskauf/11111,distant,high,Whole organism or crown is visible with scene context.,BioImages group: whole-tree,Gemma: whole plant,,Gemma: contextual woody structure + visible subject,,,False,leaf-on,not-visible,environmental
baskauf/90750,baskauf_90750.jpg,Juglans nigra,whole tree (or vine),general,whole tree (or vine) / general,whole-tree,vanderbilt/11-221,distant,high,Whole organism or crown is visible with scene context.,BioImages group: whole-tree,Gemma: whole plant,,Gemma: contextual woody structure + visible subject,,,False,leaf-on,not-visible,unspecified
baskauf/90752,baskauf_90752.jpg,Juglans nigra,whole tree (or vine),general,whole tree (or vine) / general,whole-tree,vanderbilt/11-221,distant,high,Whole organism or crown is visible with scene context.,BioImages group: whole-tree,Gemma: whole plant,,Gemma: contextual woody structure + visible subject,,,False,leaf-on,not-visible,unspecified
baskauf/90936,baskauf_90936.jpg,Juglans nigra,whole tree (or vine),general,whole tree (or vine) / general,whole-tree,vanderbilt/6-85,distant,high,Whole organism or crown is visible with scene context.,BioImages group: whole-tree,Gemma: whole plant | Gemma free tag: full tree,,Gemma: contextual woody structure + visible subject,,,False,leaf-on,not-visible,environmental
baskauf/90955,baskauf_90955.jpg,Juglans nigra,whole tree (or vine),general,whole tree (or vine) / general,whole-tree,vanderbilt/7-88,distant,high,Whole organism or crown is visible with scene context.,BioImages group: whole-tree,Gemma: whole plant,,Gemma: contextual woody structure + visible subject,,,False,leaf-on,not-visible,environmental
baskauf/91101,baskauf_91101.jpg,Juglans nigra,whole tree (or vine),general,whole tree (or vine) / general,whole-tree,vanderbilt/15-120,distant,high,Whole organism or crown is visible with scene context.,BioImages group: whole-tree,Gemma: whole plant,,Gemma: contextual woody structure + visible subject,,,False,leaf-on,not-visible,environmental
baskauf/91127,baskauf_91127.jpg,Juglans nigra,whole tree (or vine),general,whole tree (or vine) / general,whole-tree,vanderbilt/12-123,distant,high,Whole organism or crown is visible with scene context.,BioImages group: whole-tree,Gemma: whole plant,,Gemma: contextual woody structure + visible subject,,,False,leaf-on,not-visible,unspecified
baskauf/11335,baskauf_11335.jpg,Juglans nigra,whole tree (or vine),view up trunk,whole tree (or vine) / view up trunk,whole-tree,ind-baskauf/11335,distant,high,Whole organism or crown is visible with scene context.,BioImages group: whole-tree,Gemma: whole plant,,Gemma: contextual woody structure + visible subject,,,False,leaf-on,not-visible,unspecified
baskauf/89356,baskauf_89356.jpg,Juglans nigra,whole tree (or vine),winter,whole tree (or vine) / winter,whole-tree,vanderbilt/6-85,distant,high,Whole organism or crown is visible with scene context.,BioImages group: whole-tree,Gemma: whole plant,,Gemma: contextual woody structure + visible subject,,,False,leaf-off,not-visible,unspecified
baskauf/89370,baskauf_89370.jpg,Juglans nigra,whole tree (or vine),winter,whole tree (or vine) / winter,whole-tree,vanderbilt/7-88,distant,high,Whole organism or crown is visible with scene context.,BioImages group: whole-tree,Gemma: whole plant,,Gemma: contextual woody structure + visible subject,,,False,leaf-off,not-visible,unspecified
baskauf/10685,baskauf_10685.jpg,Juglans nigra,bark,of a large tree,bark / of a large tree,bark,vanderbilt/11-402,close-up,medium,"A diagnostic organ, surface, or fine detail is the main subject.",,,,,,Gemma free tag: close-up,True,not-visible,not-visible,unspecified
baskauf/15203,baskauf_15203.jpg,Juglans nigra,twig,close-up winter leaf scar/bud,twig / close-up winter leaf scar/bud,twig,vanderbilt/7-88,close-up,high,"A diagnostic organ, surface, or fine detail is the main subject.",,,,Gemma: contextual woody structure + visible subject,BioImages subview: close-up winter leaf scar/bud,Gemma: leaf scar | Gemma free tag: close-up,False,leaf-off,not-visible,unspecified
baskauf/39164,baskauf_39164.jpg,Juglans nigra,twig,close-up winter leaf scar/bud,twig / close-up winter leaf scar/bud,twig,vanderbilt/7-88,close-up,high,"A diagnostic organ, surface, or fine detail is the main subject.",,,,Gemma: contextual woody structure + visible subject,BioImages subview: close-up winter leaf scar/bud,Gemma free tag: close-up,False,leaf-off,not-visible,unspecified
baskauf/15200,baskauf_15200.jpg,Juglans nigra,twig,orientation of petioles,twig / orientation of petioles,twig,vanderbilt/7-88,close-up,medium,"A diagnostic organ, surface, or fine detail is the main subject.",,,BioImages subview: orientation of petioles,Gemma: contextual woody structure + visible subject,,Gemma free tag: close-up,True,not-visible,not-visible,unspecified
baskauf/15205,baskauf_15205.jpg,Juglans nigra,twig,unspecified,twig / unspecified,twig,vanderbilt/7-88,close-up,medium,"A diagnostic organ, surface, or fine detail is the main subject.",,,,,,Gemma: leaf scar | Gemma: opened or sectioned fruit,True,leaf-off,not-visible,unspecified
baskauf/15207,baskauf_15207.jpg,Juglans nigra,twig,unspecified,twig / unspecified,twig,vanderbilt/7-88,close-up,medium,"A diagnostic organ, surface, or fine detail is the main subject.",,,,,,Gemma: leaf scar | Gemma free tag: close-up,True,leaf-off,not-visible,unspecified
baskauf/29699,baskauf_29699.jpg,Juglans nigra,twig,unspecified,twig / unspecified,twig,vanderbilt/6-85,close-up,medium,"A diagnostic organ, surface, or fine detail is the main subject.",,,,,,Gemma free tag: close-up,True,not-visible,not-visible,unspecified
baskauf/39154,baskauf_39154.jpg,Juglans nigra,twig,unspecified,twig / unspecified,twig,vanderbilt/7-88,close-up,medium,"A diagnostic organ, surface, or fine detail is the main subject.",,,,,,Gemma: leaf scar | Gemma free tag: close-up,True,not-visible,not-visible,unspecified
baskauf/15946,baskauf_15946.jpg,Juglans nigra,leaf,margin of upper + lower surface,leaf / margin of upper + lower surface,leaf,vanderbilt/11-402,close-up,high,"A diagnostic organ, surface, or fine detail is the main subject.",,,,,BioImages subview: margin of upper + lower surface,Gemma: leaf margin | Gemma: leaf upper surface | Gemma free tag: close-up,False,leaf-on,not-visible,unspecified
baskauf/43252,baskauf_43252.jpg,Juglans nigra,leaf,margin of upper + lower surface,leaf / margin of upper + lower surface,leaf,vanderbilt/7-88,close-up,high,"A diagnostic organ, surface, or fine detail is the main subject.",,,,,BioImages subview: margin of upper + lower surface,Gemma: leaf margin | Gemma: leaf upper surface | Gemma free tag: close-up,False,leaf-on,not-visible,unspecified
baskauf/11188,baskauf_11188.jpg,Juglans nigra,leaf,showing orientation on twig,leaf / showing orientation on twig,leaf,vanderbilt/11-402,mid-range,high,"A branch system or contextual plant part is visible, without the whole organism.",,,BioImages subview: showing orientation on twig,Gemma: contextual woody structure + visible subject,,,False,leaf-on,not-visible,unspecified
baskauf/15197,baskauf_15197.jpg,Juglans nigra,leaf,unspecified,leaf / unspecified,leaf,vanderbilt/7-88,close-up,medium,"A diagnostic organ, surface, or fine detail is the main subject.",,,,Gemma: contextual woody structure + visible subject,,Gemma: leaf upper surface | Gemma free tag: close-up,True,leaf-on,not-visible,unspecified
baskauf/15199,baskauf_15199.jpg,Juglans nigra,leaf,unspecified,leaf / unspecified,leaf,vanderbilt/7-88,close-up,medium,"A diagnostic organ, surface, or fine detail is the main subject.",,,,Gemma: contextual woody structure + visible subject,,Gemma: leaf upper surface | Gemma free tag: close-up,True,leaf-on,not-visible,unspecified
baskauf/11187,baskauf_11187.jpg,Juglans nigra,leaf,whole upper surface,leaf / whole upper surface,leaf,vanderbilt/11-402,close-up,high,"A diagnostic organ, surface, or fine detail is the main subject.",,,,Gemma: contextual woody structure + visible subject,BioImages subview: whole upper surface,Gemma: leaf margin,False,leaf-on,not-visible,unspecified
baskauf/43251,baskauf_43251.jpg,Juglans nigra,leaf,whole upper surface,leaf / whole upper surface,leaf,vanderbilt/7-88,close-up,medium,"A diagnostic organ, surface, or fine detail is the main subject.",,,,Gemma: contextual woody structure + visible subject,BioImages subview: whole upper surface,,True,leaf-on,not-visible,unspecified
baskauf/10673,baskauf_10673.jpg,Juglans nigra,inflorescence,whole - male,inflorescence / whole - male,flower,vanderbilt/6-85,close-up,medium,"A diagnostic organ, surface, or fine detail is the main subject.",,,,Gemma: contextual woody structure + visible subject,,Gemma free tag: close-up,True,leaf-on,visible,unspecified
baskauf/10683,baskauf_10683.jpg,Juglans nigra,inflorescence,whole - male,inflorescence / whole - male,flower,vanderbilt/11-402,close-up,medium,"A diagnostic organ, surface, or fine detail is the main subject.",,,,Gemma: contextual woody structure + visible subject,,Gemma free tag: close-up,True,not-visible,visible,unspecified
baskauf/23025,baskauf_23025.jpg,Juglans nigra,inflorescence,whole - male,inflorescence / whole - male,flower,ind-baskauf/23021,close-up,medium,"A diagnostic organ, surface, or fine detail is the main subject.",,,,Gemma: contextual woody structure + visible subject,,Gemma: flower close-up | Gemma free tag: close-up,True,not-visible,visible,unspecified
baskauf/10674,baskauf_10674.jpg,Juglans nigra,inflorescence,whole - unspecified,inflorescence / whole - unspecified,flower,vanderbilt/6-85,mid-range,medium,"A branch system or contextual plant part is visible, without the whole organism.",,,,Gemma: contextual woody structure + visible subject,,,True,leaf-on,visible,unspecified
baskauf/10688,baskauf_10688.jpg,Juglans nigra,inflorescence,whole - unspecified,inflorescence / whole - unspecified,flower,vanderbilt/11-402,mid-range,medium,"A branch system or contextual plant part is visible, without the whole organism.",,,,Gemma: contextual woody structure + visible subject,,,True,leaf-on,visible,unspecified
baskauf/23022,baskauf_23022.jpg,Juglans nigra,inflorescence,whole - unspecified,inflorescence / whole - unspecified,flower,ind-baskauf/23021,mid-range,medium,"A branch system or contextual plant part is visible, without the whole organism.",,,,Gemma: contextual woody structure + visible subject,,,True,leaf-on,visible,unspecified
baskauf/15935,baskauf_15935.jpg,Juglans nigra,fruit,as borne on the plant,fruit / as borne on the plant,fruit,vanderbilt/11-402,mid-range,high,"A branch system or contextual plant part is visible, without the whole organism.",,,BioImages subview: as borne on the plant,Gemma: contextual woody structure + visible subject,,,False,leaf-on,visible,unspecified
baskauf/11973,baskauf_11973.jpg,Juglans nigra,fruit,immature,fruit / immature,fruit,ind-baskauf/11973,close-up,medium,"A diagnostic organ, surface, or fine detail is the main subject.",,,,Gemma: contextual woody structure + visible subject,,Gemma: fruit close-up | Gemma free tag: close-up,True,leaf-on,visible,unspecified
baskauf/15938,baskauf_15938.jpg,Juglans nigra,fruit,lateral or general close-up,fruit / lateral or general close-up,fruit,vanderbilt/11-402,close-up,high,"A diagnostic organ, surface, or fine detail is the main subject.",,,,,BioImages subview: lateral or general close-up,Gemma: fruit close-up | Gemma free tag: close-up,False,not-visible,visible,unspecified
baskauf/15942,baskauf_15942.jpg,Juglans nigra,seed,general view,seed / general view,seed,vanderbilt/11-402,close-up,medium,"A diagnostic organ, surface, or fine detail is the main subject.",,,,,,Gemma: fruit close-up | Gemma free tag: close-up,True,not-visible,visible,unspecified
kaufmannm/ke178,kaufmannm_ke178.jpg,Juniperus communis,whole tree,general,whole tree / general,whole-tree,ind-kaufmannm/ke178,distant,high,Whole organism or crown is visible with scene context.,BioImages group: whole-tree,Gemma: whole plant,,Gemma: contextual woody structure + visible subject,,,False,leaf-on,not-visible,unspecified
baskauf/10332,baskauf_10332.jpg,Juniperus virginiana,whole tree,general,whole tree / general,whole-tree,ind-baskauf/10332,distant,high,Whole organism or crown is visible with scene context.,BioImages group: whole-tree,Gemma: whole plant,,Gemma: contextual woody structure + visible subject,,,False,mixed,not-visible,unspecified
baskauf/10333,baskauf_10333.jpg,Juniperus virginiana,whole tree,general,whole tree / general,whole-tree,ind-baskauf/10333,distant,high,Whole organism or crown is visible with scene context.,BioImages group: whole-tree,Gemma: whole plant,,Gemma: contextual woody structure + visible subject,,,False,mixed,not-visible,unspecified
baskauf/11522,baskauf_11522.jpg,Juniperus virginiana,whole tree,general,whole tree / general,whole-tree,ind-baskauf/11522,distant,high,Whole organism or crown is visible with scene context.,BioImages group: whole-tree,Gemma: whole plant,,,,,False,leaf-on,not-visible,unspecified
baskauf/50586,baskauf_50586.jpg,Juniperus virginiana,whole tree,general,whole tree / general,whole-tree,ind-baskauf/50583,distant,high,Whole organism or crown is visible with scene context.,BioImages group: whole-tree,Gemma: whole plant,,,,,False,mixed,not-visible,environmental
baskauf/89384,baskauf_89384.jpg,Juniperus virginiana,whole tree (or vine),winter,whole tree (or vine) / winter,whole-tree,vanderbilt/7-307,distant,high,Whole organism or crown is visible with scene context.,BioImages group: whole-tree,Gemma: whole plant,,Gemma: contextual woody structure + visible subject,,,False,mixed,not-visible,environmental
baskauf/11100,baskauf_11100.jpg,Juniperus virginiana,bark,of a large tree,bark / of a large tree,bark,ind-baskauf/11100,close-up,medium,"A diagnostic organ, surface, or fine detail is the main subject.",,,,,,Gemma free tag: close-up,True,not-visible,not-visible,unspecified
baskauf/11524,baskauf_11524.jpg,Juniperus virginiana,bark,of a large tree,bark / of a large tree,bark,ind-baskauf/11522,close-up,medium,"A diagnostic organ, surface, or fine detail is the main subject.",,,,,,Gemma free tag: close-up,True,not-visible,not-visible,unspecified
baskauf/11166,baskauf_11166.jpg,Juniperus virginiana,twig,showing attachment of needles,twig / showing attachment of needles,twig,ind-baskauf/11166,close-up,high,"A diagnostic organ, surface, or fine detail is the main subject.",,,,Gemma: contextual woody structure + visible subject,BioImages subview: showing attachment of needles,Gemma: needle attachment | Gemma free tag: close-up,False,leaf-on,not-visible,unspecified
baskauf/11202,baskauf_11202.jpg,Juniperus virginiana,leaf,showing orientation on twig,leaf / showing orientation on twig,leaf,ind-baskauf/11202,close-up,medium,"A diagnostic organ, surface, or fine detail is the main subject.",,,BioImages subview: showing orientation on twig,Gemma: contextual woody structure + visible subject,,Gemma: needle attachment | Gemma free tag: close-up,True,leaf-on,not-visible,unspecified
baskauf/10791,baskauf_10791.jpg,Juniperus virginiana,cone,female - closed,cone / female - closed,cone,ind-baskauf/10791,close-up,medium,"A diagnostic organ, surface, or fine detail is the main subject.",,,,Gemma: contextual woody structure + visible subject,,Gemma free tag: close-up,True,leaf-on,visible,unspecified
baskauf/10793,baskauf_10793.jpg,Juniperus virginiana,cone,female - closed,cone / female - closed,cone,ind-baskauf/10791,close-up,medium,"A diagnostic organ, surface, or fine detail is the main subject.",,,,Gemma: contextual woody structure + visible subject,,Gemma: fruit close-up | Gemma free tag: close-up,True,leaf-on,visible,unspecified
baskauf/10794,baskauf_10794.jpg,Juniperus virginiana,cone,female - closed,cone / female - closed,cone,ind-baskauf/10791,close-up,medium,"A diagnostic organ, surface, or fine detail is the main subject.",,,,Gemma: contextual woody structure + visible subject,,Gemma free tag: close-up,True,leaf-on,visible,unspecified
baskauf/50707,baskauf_50707.jpg,Juniperus virginiana,cone,female - closed,cone / female - closed,cone,ind-baskauf/50704,close-up,medium,"A diagnostic organ, surface, or fine detail is the main subject.",,,,Gemma: contextual woody structure + visible subject,,Gemma: fruit close-up | Gemma free tag: close-up,True,leaf-on,visible,unspecified
baskauf/50709,baskauf_50709.jpg,Juniperus virginiana,cone,female - closed,cone / female - closed,cone,ind-baskauf/50704,close-up,medium,"A diagnostic organ, surface, or fine detail is the main subject.",,,,Gemma: contextual woody structure + visible subject,,Gemma: fruit close-up | Gemma free tag: close-up,True,leaf-on,visible,unspecified
baskauf/50587,baskauf_50587.jpg,Juniperus virginiana,cone,male,cone / male,cone,ind-baskauf/50583,mid-range,medium,"A branch system or contextual plant part is visible, without the whole organism.",,,,Gemma: contextual woody structure + visible subject,,,True,leaf-on,visible,unspecified
baskauf/50588,baskauf_50588.jpg,Juniperus virginiana,cone,male,cone / male,cone,ind-baskauf/50583,close-up,medium,"A diagnostic organ, surface, or fine detail is the main subject.",,,,Gemma: contextual woody structure + visible subject,,Gemma: fruit close-up | Gemma free tag: close-up,True,leaf-on,visible,unspecified
baskauf/11086,baskauf_11086.jpg,Lindera benzoin,whole tree (or vine),general,whole tree (or vine) / general,whole-tree,ind-baskauf/11086,distant,medium,Whole organism or crown is visible with scene context.,BioImages group: whole-tree,,,Gemma: contextual woody structure + visible subject,,,True,leaf-on,not-visible,unspecified
baskauf/11691,baskauf_11691.jpg,Lindera benzoin,whole tree (or vine),general,whole tree (or vine) / general,whole-tree,ind-baskauf/11691,distant,high,Whole organism or crown is visible with scene context.,BioImages group: whole-tree,Gemma: whole plant,,Gemma: contextual woody structure + visible subject,,,False,leaf-on,not-visible,unspecified
baskauf/50467,baskauf_50467.jpg,Lindera benzoin,whole tree (or vine),general,whole tree (or vine) / general,whole-tree,ind-baskauf/50458,distant,medium,Whole organism or crown is visible with scene context.,BioImages group: whole-tree,,,Gemma: contextual woody structure + visible subject,,,True,leaf-off,visible,unspecified
baskauf/19080,baskauf_19080.jpg,Lindera benzoin,bark,of a small tree or small branch,bark / of a small tree or small branch,bark,ind-baskauf/19080,close-up,medium,"A diagnostic organ, surface, or fine detail is the main subject.",,,BioImages subview: of a small tree or small branch,,,Gemma free tag: close-up,True,not-visible,not-visible,unspecified
baskauf/11696,baskauf_11696.jpg,Lindera benzoin,twig,close-up winter leaf scar/bud,twig / close-up winter leaf scar/bud,twig,ind-baskauf/11691,close-up,high,"A diagnostic organ, surface, or fine detail is the main subject.",,,,Gemma: contextual woody structure + visible subject,BioImages subview: close-up winter leaf scar/bud,Gemma free tag: close-up,False,leaf-off,not-visible,unspecified
baskauf/52747,baskauf_52747.jpg,Lindera benzoin,leaf,margin of upper + lower surface,leaf / margin of upper + lower surface,leaf,ind-baskauf/52741,close-up,high,"A diagnostic organ, surface, or fine detail is the main subject.",,,,,BioImages subview: margin of upper + lower surface,Gemma: leaf margin | Gemma: leaf upper surface | Gemma free tag: close-up,False,leaf-on,not-visible,unspecified
baskauf/11019,baskauf_11019.jpg,Lindera benzoin,leaf,showing orientation on twig,leaf / showing orientation on twig,leaf,ind-baskauf/11019,close-up,medium,"A diagnostic organ, surface, or fine detail is the main subject.",,,BioImages subview: showing orientation on twig,Gemma: contextual woody structure + visible subject,,Gemma: leaf upper surface | Gemma free tag: close-up,True,leaf-on,not-visible,unspecified
baskauf/11699,baskauf_11699.jpg,Lindera benzoin,leaf,showing orientation on twig,leaf / showing orientation on twig,leaf,ind-baskauf/11691,close-up,medium,"A diagnostic organ, surface, or fine detail is the main subject.",,,BioImages subview: showing orientation on twig,Gemma: contextual woody structure + visible subject,,Gemma free tag: close-up,True,leaf-on,not-visible,unspecified
baskauf/11695,baskauf_11695.jpg,Lindera benzoin,leaf,whole upper surface,leaf / whole upper surface,leaf,ind-baskauf/11691,close-up,high,"A diagnostic organ, surface, or fine detail is the main subject.",,,,,BioImages subview: whole upper surface,Gemma: leaf margin | Gemma: leaf upper surface | Gemma free tag: close-up,False,leaf-on,not-visible,unspecified
baskauf/29705,baskauf_29705.jpg,Lindera benzoin,leaf,whole upper surface,leaf / whole upper surface,leaf,ind-baskauf/29705,close-up,high,"A diagnostic organ, surface, or fine detail is the main subject.",,,,,BioImages subview: whole upper surface,Gemma: leaf margin | Gemma: leaf upper surface | Gemma free tag: close-up,False,leaf-on,not-visible,unspecified
baskauf/52744,baskauf_52744.jpg,Lindera benzoin,leaf,whole upper surface,leaf / whole upper surface,leaf,ind-baskauf/52741,close-up,high,"A diagnostic organ, surface, or fine detail is the main subject.",,,,,BioImages subview: whole upper surface,Gemma: leaf margin | Gemma: leaf upper surface | Gemma free tag: close-up,False,leaf-on,not-visible,unspecified
baskauf/31464,baskauf_31464.jpg,Lindera benzoin,inflorescence,lateral view of flower,inflorescence / lateral view of flower,flower,ind-baskauf/31464,close-up,high,"A diagnostic organ, surface, or fine detail is the main subject.",,,,Gemma: contextual woody structure + visible subject,BioImages subview: lateral view of flower,Gemma: flower close-up | Gemma free tag: close-up,False,not-visible,visible,unspecified
baskauf/50462,baskauf_50462.jpg,Lindera benzoin,inflorescence,lateral view of flower,inflorescence / lateral view of flower,flower,ind-baskauf/50458,close-up,high,"A diagnostic organ, surface, or fine detail is the main subject.",,,,Gemma: contextual woody structure + visible subject,BioImages subview: lateral view of flower,Gemma: flower close-up,False,not-visible,visible,unspecified
baskauf/17771,baskauf_17771.jpg,Lindera benzoin,inflorescence,whole - unspecified,inflorescence / whole - unspecified,flower,ind-baskauf/17766,close-up,medium,"A diagnostic organ, surface, or fine detail is the main subject.",,,,Gemma: contextual woody structure + visible subject,,Gemma: flower close-up | Gemma free tag: close-up,True,not-visible,visible,unspecified
baskauf/50460,baskauf_50460.jpg,Lindera benzoin,inflorescence,whole - unspecified,inflorescence / whole - unspecified,flower,ind-baskauf/50458,mid-range,medium,"A branch system or contextual plant part is visible, without the whole organism.",,,,Gemma: contextual woody structure + visible subject,,,True,not-visible,visible,unspecified
baskauf/15729,baskauf_15729.jpg,Lindera benzoin,fruit,as borne on the plant,fruit / as borne on the plant,fruit,ind-baskauf/15729,close-up,medium,"A diagnostic organ, surface, or fine detail is the main subject.",,,BioImages subview: as borne on the plant,Gemma: contextual woody structure + visible subject,,Gemma free tag: close-up,True,leaf-on,visible,environmental
baskauf/15117,baskauf_15117.jpg,Lindera benzoin,fruit,lateral or general close-up,fruit / lateral or general close-up,fruit,ind-baskauf/15117,close-up,high,"A diagnostic organ, surface, or fine detail is the main subject.",,,,Gemma: contextual woody structure + visible subject,BioImages subview: lateral or general close-up,Gemma: fruit close-up | Gemma free tag: close-up,False,leaf-on,visible,unspecified
baskauf/29816,baskauf_29816.jpg,Lindera benzoin,fruit,lateral or general close-up,fruit / lateral or general close-up,fruit,ind-baskauf/29815,close-up,high,"A diagnostic organ, surface, or fine detail is the main subject.",,,,Gemma: contextual woody structure + visible subject,BioImages subview: lateral or general close-up,Gemma: fruit close-up | Gemma free tag: close-up,False,leaf-on,visible,unspecified
baskauf/51741,baskauf_51741.jpg,Lonicera morrowii,whole tree (or vine),general,whole tree (or vine) / general,whole-tree,ind-baskauf/51729,distant,high,Whole organism or crown is visible with scene context.,BioImages group: whole-tree,Gemma: whole plant,,Gemma: contextual woody structure + visible subject,,,False,leaf-on,visible,environmental
baskauf/51793,baskauf_51793.jpg,Lonicera morrowii,whole tree (or vine),general,whole tree (or vine) / general,whole-tree,ind-baskauf/51793,distant,high,Whole organism or crown is visible with scene context.,BioImages group: whole-tree,Gemma: whole plant,,Gemma: contextual woody structure + visible subject,,,False,leaf-on,visible,environmental
baskauf/51797,baskauf_51797.jpg,Lonicera morrowii,whole tree (or vine),general,whole tree (or vine) / general,whole-tree,ind-baskauf/51793,distant,high,Whole organism or crown is visible with scene context.,BioImages group: whole-tree,Gemma: whole plant,,Gemma: contextual woody structure + visible subject,,,False,leaf-on,visible,unspecified
baskauf/54564,baskauf_54564.jpg,Lonicera morrowii,whole tree (or vine),general,whole tree (or vine) / general,whole-tree,ind-baskauf/54562,distant,high,Whole organism or crown is visible with scene context.,BioImages group: whole-tree,Gemma: whole plant,,Gemma: contextual woody structure + visible subject,,,False,leaf-on,visible,environmental
baskauf/51738,baskauf_51738.jpg,Lonicera morrowii,bark,of a small tree or small branch,bark / of a small tree or small branch,bark,ind-baskauf/51729,close-up,medium,"A diagnostic organ, surface, or fine detail is the main subject.",,,BioImages subview: of a small tree or small branch,Gemma: contextual woody structure + visible subject,,Gemma free tag: close-up,True,not-visible,not-visible,unspecified
baskauf/51736,baskauf_51736.jpg,Lonicera morrowii,twig,orientation of petioles,twig / orientation of petioles,twig,ind-baskauf/51729,close-up,medium,"A diagnostic organ, surface, or fine detail is the main subject.",,,BioImages subview: orientation of petioles,Gemma: contextual woody structure + visible subject,,Gemma free tag: close-up,True,leaf-on,not-visible,unspecified
baskauf/51734,baskauf_51734.jpg,Lonicera morrowii,leaf,whole upper surface,leaf / whole upper surface,leaf,ind-baskauf/51729,close-up,high,"A diagnostic organ, surface, or fine detail is the main subject.",,,,Gemma: contextual woody structure + visible subject,BioImages subview: whole upper surface,Gemma: leaf upper surface | Gemma free tag: close-up,False,leaf-on,not-visible,unspecified
baskauf/51730,baskauf_51730.jpg,Lonicera morrowii,inflorescence,frontal view of flower,inflorescence / frontal view of flower,flower,ind-baskauf/51729,close-up,high,"A diagnostic organ, surface, or fine detail is the main subject.",,,,,BioImages subview: frontal view of flower,Gemma: flower close-up | Gemma: flower interior | Gemma: lateral flower view | Gemma free tag: close-up,False,leaf-on,visible,unspecified
baskauf/51804,baskauf_51804.jpg,Lonicera morrowii,inflorescence,frontal view of flower,inflorescence / frontal view of flower,flower,ind-baskauf/51793,close-up,high,"A diagnostic organ, surface, or fine detail is the main subject.",,,,,BioImages subview: frontal view of flower,Gemma: flower close-up | Gemma: flower interior | Gemma free tag: close-up,False,leaf-on,visible,unspecified
baskauf/51807,baskauf_51807.jpg,Lonicera morrowii,inflorescence,lateral view of flower,inflorescence / lateral view of flower,flower,ind-baskauf/51793,close-up,high,"A diagnostic organ, surface, or fine detail is the main subject.",,,,Gemma: contextual woody structure + visible subject,BioImages subview: lateral view of flower,Gemma: flower close-up | Gemma free tag: close-up,False,leaf-on,visible,unspecified
baskauf/51808,baskauf_51808.jpg,Lonicera morrowii,inflorescence,lateral view of flower,inflorescence / lateral view of flower,flower,ind-baskauf/51793,close-up,high,"A diagnostic organ, surface, or fine detail is the main subject.",,,,,BioImages subview: lateral view of flower,Gemma: flower close-up | Gemma: lateral flower view | Gemma free tag: close-up,False,leaf-on,visible,unspecified
baskauf/51731,baskauf_51731.jpg,Lonicera morrowii,inflorescence,whole - unspecified,inflorescence / whole - unspecified,flower,ind-baskauf/51729,close-up,medium,"A diagnostic organ, surface, or fine detail is the main subject.",,,,Gemma: contextual woody structure + visible subject,,Gemma: flower close-up | Gemma free tag: close-up,True,leaf-on,visible,unspecified
baskauf/51799,baskauf_51799.jpg,Lonicera morrowii,inflorescence,whole - unspecified,inflorescence / whole - unspecified,flower,ind-baskauf/51793,mid-range,medium,"A branch system or contextual plant part is visible, without the whole organism.",,,,Gemma: contextual woody structure + visible subject,,,True,leaf-on,visible,unspecified
baskauf/54565,baskauf_54565.jpg,Lonicera morrowii,fruit,as borne on the plant,fruit / as borne on the plant,fruit,ind-baskauf/54562,close-up,medium,"A diagnostic organ, surface, or fine detail is the main subject.",,,BioImages subview: as borne on the plant,Gemma: contextual woody structure + visible subject,,Gemma: fruit close-up | Gemma free tag: close-up,True,leaf-on,visible,unspecified
baskauf/54568,baskauf_54568.jpg,Lonicera morrowii,fruit,lateral or general close-up,fruit / lateral or general close-up,fruit,ind-baskauf/54562,close-up,high,"A diagnostic organ, surface, or fine detail is the main subject.",,,,Gemma: contextual woody structure + visible subject,BioImages subview: lateral or general close-up,Gemma: fruit close-up | Gemma free tag: close-up,False,leaf-on,visible,unspecified
baskauf/12258,baskauf_12258.jpg,Magnolia acuminata,whole tree (or vine),general,whole tree (or vine) / general,whole-tree,vanderbilt/12-206,distant,high,Whole organism or crown is visible with scene context.,BioImages group: whole-tree,Gemma: whole plant | Gemma free tag: full tree,,Gemma: contextual woody structure + visible subject,,,False,leaf-on,not-visible,unspecified
baskauf/55485,baskauf_55485.jpg,Magnolia acuminata,whole tree (or vine),general,whole tree (or vine) / general,whole-tree,vanderbilt/12-206,distant,high,Whole organism or crown is visible with scene context.,BioImages group: whole-tree,Gemma: whole plant,,Gemma: contextual woody structure + visible subject,,,False,leaf-on,not-visible,environmental
baskauf/91174,baskauf_91174.jpg,Magnolia acuminata,whole tree (or vine),general,whole tree (or vine) / general,whole-tree,vanderbilt/1-185,distant,high,Whole organism or crown is visible with scene context.,BioImages group: whole-tree,Gemma: whole plant | Gemma free tag: full tree,,Gemma: contextual woody structure + visible subject,,,False,leaf-on,not-visible,unspecified
baskauf/10977,baskauf_10977.jpg,Magnolia acuminata,bark,of a large tree,bark / of a large tree,bark,vanderbilt/12-206,close-up,medium,"A diagnostic organ, surface, or fine detail is the main subject.",,,,,,Gemma free tag: close-up,True,not-visible,not-visible,unspecified
baskauf/55474,baskauf_55474.jpg,Magnolia acuminata,bark,of a large tree,bark / of a large tree,bark,vanderbilt/12-206,close-up,medium,"A diagnostic organ, surface, or fine detail is the main subject.",,,,,,Gemma free tag: close-up,True,not-visible,not-visible,unspecified
baskauf/55475,baskauf_55475.jpg,Magnolia acuminata,bark,of a large tree,bark / of a large tree,bark,vanderbilt/12-206,close-up,medium,"A diagnostic organ, surface, or fine detail is the main subject.",,,,,,Gemma free tag: close-up,True,not-visible,not-visible,unspecified
baskauf/15592,baskauf_15592.jpg,Magnolia acuminata,twig,orientation of petioles,twig / orientation of petioles,twig,vanderbilt/12-206,close-up,medium,"A diagnostic organ, surface, or fine detail is the main subject.",,,BioImages subview: orientation of petioles,Gemma: contextual woody structure + visible subject,,Gemma free tag: close-up,True,leaf-on,not-visible,unspecified
baskauf/15597,baskauf_15597.jpg,Magnolia acuminata,twig,winter overall,twig / winter overall,twig,vanderbilt/12-206,close-up,medium,"A diagnostic organ, surface, or fine detail is the main subject.",,,,Gemma: contextual woody structure + visible subject,,Gemma: leaf scar | Gemma free tag: close-up,True,leaf-off,not-visible,unspecified
baskauf/52523,baskauf_52523.jpg,Magnolia acuminata,leaf,margin of upper + lower surface,leaf / margin of upper + lower surface,leaf,vanderbilt/12-206,close-up,high,"A diagnostic organ, surface, or fine detail is the main subject.",,,,Gemma: contextual woody structure + visible subject,BioImages subview: margin of upper + lower surface,Gemma: leaf margin | Gemma: leaf upper surface | Gemma free tag: close-up,False,leaf-on,not-visible,unspecified
baskauf/55500,baskauf_55500.jpg,Magnolia acuminata,leaf,unspecified,leaf / unspecified,leaf,vanderbilt/12-206,close-up,medium,"A diagnostic organ, surface, or fine detail is the main subject.",,,,Gemma: contextual woody structure + visible subject,,Gemma: leaf margin | Gemma: leaf upper surface | Gemma: petiole arrangement | Gemma free tag: close-up,True,leaf-on,not-visible,unspecified
baskauf/10975,baskauf_10975.jpg,Magnolia acuminata,leaf,whole upper surface,leaf / whole upper surface,leaf,vanderbilt/12-206,close-up,high,"A diagnostic organ, surface, or fine detail is the main subject.",,,,Gemma: contextual woody structure + visible subject,BioImages subview: whole upper surface,Gemma: leaf margin | Gemma: leaf upper surface | Gemma free tag: close-up,False,leaf-on,not-visible,unspecified
baskauf/55479,baskauf_55479.jpg,Magnolia acuminata,leaf,whole upper surface,leaf / whole upper surface,leaf,vanderbilt/12-206,close-up,high,"A diagnostic organ, surface, or fine detail is the main subject.",,,,,BioImages subview: whole upper surface,Gemma: leaf margin | Gemma: leaf upper surface | Gemma free tag: close-up,False,leaf-on,not-visible,unspecified
baskauf/55492,baskauf_55492.jpg,Magnolia acuminata,leaf,whole upper surface,leaf / whole upper surface,leaf,vanderbilt/12-206,close-up,high,"A diagnostic organ, surface, or fine detail is the main subject.",,,,Gemma: contextual woody structure + visible subject,BioImages subview: whole upper surface,Gemma: leaf margin | Gemma: leaf upper surface | Gemma free tag: close-up,False,leaf-on,not-visible,unspecified
baskauf/55494,baskauf_55494.jpg,Magnolia acuminata,leaf,whole upper surface,leaf / whole upper surface,leaf,vanderbilt/12-206,close-up,high,"A diagnostic organ, surface, or fine detail is the main subject.",,,,,BioImages subview: whole upper surface,Gemma: leaf margin | Gemma: leaf upper surface | Gemma free tag: close-up,False,leaf-on,not-visible,unspecified
baskauf/22032,baskauf_22032.jpg,Magnolia acuminata,inflorescence,close-up of flower interior,inflorescence / close-up of flower interior,flower,vanderbilt/12-206,close-up,high,"A diagnostic organ, surface, or fine detail is the main subject.",,,,,BioImages subview: close-up of flower interior,Gemma: flower close-up | Gemma: flower interior | Gemma free tag: close-up,False,not-visible,visible,unspecified
baskauf/22028,baskauf_22028.jpg,Magnolia acuminata,inflorescence,lateral view of flower,inflorescence / lateral view of flower,flower,vanderbilt/12-206,close-up,high,"A diagnostic organ, surface, or fine detail is the main subject.",,,,,BioImages subview: lateral view of flower,Gemma: flower close-up | Gemma: flower interior | Gemma: frontal flower view | Gemma free tag: close-up,False,not-visible,visible,unspecified
baskauf/51161,baskauf_51161.jpg,Magnolia acuminata,inflorescence,lateral view of flower,inflorescence / lateral view of flower,flower,vanderbilt/12-206,close-up,high,"A diagnostic organ, surface, or fine detail is the main subject.",,,,Gemma: contextual woody structure + visible subject,BioImages subview: lateral view of flower,Gemma: flower close-up | Gemma: flower interior | Gemma free tag: close-up,False,not-visible,visible,unspecified
baskauf/51163,baskauf_51163.jpg,Magnolia acuminata,inflorescence,lateral view of flower,inflorescence / lateral view of flower,flower,vanderbilt/12-206,close-up,high,"A diagnostic organ, surface, or fine detail is the main subject.",,,,Gemma: contextual woody structure + visible subject,BioImages subview: lateral view of flower,Gemma: flower close-up | Gemma free tag: close-up,False,not-visible,visible,unspecified
baskauf/51164,baskauf_51164.jpg,Magnolia acuminata,inflorescence,whole - unspecified,inflorescence / whole - unspecified,flower,vanderbilt/12-206,mid-range,medium,"A branch system or contextual plant part is visible, without the whole organism.",,,,Gemma: contextual woody structure + visible subject,,,True,leaf-on,not-visible,environmental
baskauf/10966,baskauf_10966.jpg,Magnolia acuminata,fruit,as borne on the plant,fruit / as borne on the plant,fruit,vanderbilt/12-206,close-up,medium,"A diagnostic organ, surface, or fine detail is the main subject.",,,BioImages subview: as borne on the plant,Gemma: contextual woody structure + visible subject,,Gemma free tag: close-up,True,leaf-on,not-visible,unspecified
baskauf/10972,baskauf_10972.jpg,Magnolia acuminata,fruit,immature,fruit / immature,fruit,vanderbilt/12-206,close-up,medium,"A diagnostic organ, surface, or fine detail is the main subject.",,,,Gemma: contextual woody structure + visible subject,,Gemma: fruit close-up | Gemma free tag: close-up,True,not-visible,visible,unspecified
baskauf/49612,baskauf_49612.jpg,Magnolia acuminata,fruit,immature,fruit / immature,fruit,vanderbilt/12-206,close-up,medium,"A diagnostic organ, surface, or fine detail is the main subject.",,,,Gemma: contextual woody structure + visible subject,,Gemma: fruit close-up | Gemma free tag: close-up,True,not-visible,visible,unspecified
baskauf/54856,baskauf_54856.jpg,Magnolia acuminata,fruit,lateral or general close-up,fruit / lateral or general close-up,fruit,vanderbilt/12-206,close-up,high,"A diagnostic organ, surface, or fine detail is the main subject.",,,,Gemma: contextual woody structure + visible subject,BioImages subview: lateral or general close-up,Gemma: fruit close-up | Gemma free tag: close-up,False,not-visible,visible,unspecified
baskauf/54857,baskauf_54857.jpg,Magnolia acuminata,fruit,lateral or general close-up,fruit / lateral or general close-up,fruit,vanderbilt/12-206,close-up,high,"A diagnostic organ, surface, or fine detail is the main subject.",,,,Gemma: contextual woody structure + visible subject,BioImages subview: lateral or general close-up,Gemma: fruit close-up | Gemma free tag: close-up,False,not-visible,visible,unspecified
baskauf/55228,baskauf_55228.jpg,Magnolia acuminata,fruit,lateral or general close-up,fruit / lateral or general close-up,fruit,vanderbilt/12-206,close-up,high,"A diagnostic organ, surface, or fine detail is the main subject.",,,,Gemma: contextual woody structure + visible subject,BioImages subview: lateral or general close-up,Gemma: flower close-up | Gemma: flower interior | Gemma free tag: close-up,False,leaf-on,visible,unspecified
baskauf/55230,baskauf_55230.jpg,Magnolia acuminata,fruit,section or open,fruit / section or open,fruit,vanderbilt/12-206,close-up,high,"A diagnostic organ, surface, or fine detail is the main subject.",,,,Gemma: contextual woody structure + visible subject,BioImages subview: section or open,Gemma: fruit close-up | Gemma: opened or sectioned fruit | Gemma free tag: close-up,False,not-visible,visible,unspecified
baskauf/10213,baskauf_10213.jpg,Nyssa sylvatica,whole tree (or vine),general,whole tree (or vine) / general,whole-tree,vanderbilt/12-188,distant,high,Whole organism or crown is visible with scene context.,BioImages group: whole-tree,Gemma: whole plant,,Gemma: contextual woody structure + visible subject,,,False,leaf-on,not-visible,environmental
baskauf/16683,baskauf_16683.jpg,Nyssa sylvatica,whole tree (or vine),general,whole tree (or vine) / general,whole-tree,ind-baskauf/16683,distant,high,Whole organism or crown is visible with scene context.,BioImages group: whole-tree,Gemma: whole plant,,Gemma: contextual woody structure + visible subject,,,False,leaf-on,not-visible,unspecified
baskauf/91065,baskauf_91065.jpg,Nyssa sylvatica,whole tree (or vine),general,whole tree (or vine) / general,whole-tree,vanderbilt/6-239,distant,high,Whole organism or crown is visible with scene context.,BioImages group: whole-tree,Gemma: whole plant | Gemma free tag: full tree,,,,,False,leaf-on,not-visible,environmental
baskauf/91067,baskauf_91067.jpg,Nyssa sylvatica,whole tree (or vine),general,whole tree (or vine) / general,whole-tree,vanderbilt/6-238,distant,high,Whole organism or crown is visible with scene context.,BioImages group: whole-tree,Gemma: whole plant | Gemma free tag: full tree,,,,,False,leaf-on,not-visible,environmental
baskauf/16712,baskauf_16712.jpg,Nyssa sylvatica,whole tree (or vine),view up trunk,whole tree (or vine) / view up trunk,whole-tree,ind-baskauf/16712,uncertain,conflict,Distant and close-up evidence both present; manual review required.,BioImages group: whole-tree,Gemma: whole plant,,Gemma: contextual woody structure + visible subject,,Gemma: leaf upper surface,True,leaf-on,not-visible,environmental
baskauf/10987,baskauf_10987.jpg,Nyssa sylvatica,bark,of a medium tree or large branch,bark / of a medium tree or large branch,bark,vanderbilt/12-188,close-up,medium,"A diagnostic organ, surface, or fine detail is the main subject.",,,BioImages subview: of a medium tree or large branch,,,Gemma free tag: close-up,True,not-visible,not-visible,unspecified
baskauf/16715,baskauf_16715.jpg,Nyssa sylvatica,bark,of a medium tree or large branch,bark / of a medium tree or large branch,bark,ind-baskauf/16712,close-up,medium,"A diagnostic organ, surface, or fine detail is the main subject.",,,BioImages subview: of a medium tree or large branch,,,Gemma free tag: close-up,True,not-visible,not-visible,unspecified
baskauf/10427,baskauf_10427.jpg,Nyssa sylvatica,twig,close-up winter leaf scar/bud,twig / close-up winter leaf scar/bud,twig,ind-baskauf/10427,close-up,high,"A diagnostic organ, surface, or fine detail is the main subject.",,,,Gemma: contextual woody structure + visible subject,BioImages subview: close-up winter leaf scar/bud,Gemma: leaf scar | Gemma free tag: close-up,False,leaf-off,not-visible,unspecified
baskauf/16710,baskauf_16710.jpg,Nyssa sylvatica,twig,close-up winter leaf scar/bud,twig / close-up winter leaf scar/bud,twig,ind-baskauf/16683,close-up,high,"A diagnostic organ, surface, or fine detail is the main subject.",,,,,BioImages subview: close-up winter leaf scar/bud,Gemma: leaf scar | Gemma free tag: close-up,False,leaf-off,not-visible,unspecified
baskauf/15144,baskauf_15144.jpg,Nyssa sylvatica,twig,orientation of petioles,twig / orientation of petioles,twig,ind-baskauf/15141,close-up,medium,"A diagnostic organ, surface, or fine detail is the main subject.",,,BioImages subview: orientation of petioles,Gemma: contextual woody structure + visible subject,,Gemma free tag: close-up,True,leaf-on,not-visible,unspecified
baskauf/10218,baskauf_10218.jpg,Nyssa sylvatica,leaf,showing orientation on twig,leaf / showing orientation on twig,leaf,vanderbilt/12-188,close-up,medium,"A diagnostic organ, surface, or fine detail is the main subject.",,,BioImages subview: showing orientation on twig,Gemma: contextual woody structure + visible subject,,Gemma: leaf upper surface | Gemma free tag: close-up,True,leaf-on,not-visible,unspecified
baskauf/15141,baskauf_15141.jpg,Nyssa sylvatica,leaf,showing orientation on twig,leaf / showing orientation on twig,leaf,ind-baskauf/15141,distant,medium,Whole organism or crown is visible with scene context.,,Gemma: whole plant,BioImages subview: showing orientation on twig,Gemma: contextual woody structure + visible subject,,,True,leaf-on,not-visible,unspecified
baskauf/15143,baskauf_15143.jpg,Nyssa sylvatica,leaf,showing orientation on twig,leaf / showing orientation on twig,leaf,ind-baskauf/15141,close-up,medium,"A diagnostic organ, surface, or fine detail is the main subject.",,,BioImages subview: showing orientation on twig,Gemma: contextual woody structure + visible subject,,Gemma: leaf upper surface,True,leaf-on,not-visible,unspecified
baskauf/d0997,baskauf_d0997.jpg,Nyssa sylvatica,leaf,showing orientation on twig,leaf / showing orientation on twig,leaf,ind-baskauf/d0997,close-up,medium,"A diagnostic organ, surface, or fine detail is the main subject.",,,BioImages subview: showing orientation on twig,Gemma: contextual woody structure + visible subject,,Gemma: leaf upper surface,True,leaf-on,not-visible,environmental
baskauf/10221,baskauf_10221.jpg,Nyssa sylvatica,leaf,whole upper surface,leaf / whole upper surface,leaf,vanderbilt/12-188,close-up,high,"A diagnostic organ, surface, or fine detail is the main subject.",,,,,BioImages subview: whole upper surface,Gemma: leaf upper surface | Gemma free tag: close-up,False,leaf-on,not-visible,unspecified
baskauf/29805,baskauf_29805.jpg,Nyssa sylvatica,leaf,whole upper surface,leaf / whole upper surface,leaf,vanderbilt/12-188,close-up,high,"A diagnostic organ, surface, or fine detail is the main subject.",,,,,BioImages subview: whole upper surface,Gemma: leaf margin | Gemma: leaf upper surface | Gemma free tag: close-up,False,leaf-on,not-visible,unspecified
baskauf/51397,baskauf_51397.jpg,Nyssa sylvatica,inflorescence,frontal view of flower,inflorescence / frontal view of flower,flower,vanderbilt/6-239,close-up,high,"A diagnostic organ, surface, or fine detail is the main subject.",,,,Gemma: contextual woody structure + visible subject,BioImages subview: frontal view of flower,Gemma: flower close-up | Gemma free tag: close-up,False,leaf-on,visible,unspecified
baskauf/51414,baskauf_51414.jpg,Nyssa sylvatica,inflorescence,frontal view of flower,inflorescence / frontal view of flower,flower,vanderbilt/6-238,close-up,high,"A diagnostic organ, surface, or fine detail is the main subject.",,,,Gemma: contextual woody structure + visible subject,BioImages subview: frontal view of flower,Gemma: flower close-up | Gemma free tag: close-up,False,leaf-on,visible,unspecified
baskauf/51416,baskauf_51416.jpg,Nyssa sylvatica,inflorescence,frontal view of flower,inflorescence / frontal view of flower,flower,vanderbilt/6-238,close-up,high,"A diagnostic organ, surface, or fine detail is the main subject.",,,,Gemma: contextual woody structure + visible subject,BioImages subview: frontal view of flower,Gemma: flower close-up | Gemma free tag: close-up,False,leaf-on,visible,unspecified
baskauf/51398,baskauf_51398.jpg,Nyssa sylvatica,inflorescence,lateral view of flower,inflorescence / lateral view of flower,flower,vanderbilt/6-239,close-up,medium,"A diagnostic organ, surface, or fine detail is the main subject.",,,,Gemma: contextual woody structure + visible subject,BioImages subview: lateral view of flower,,True,leaf-on,visible,unspecified
baskauf/51402,baskauf_51402.jpg,Nyssa sylvatica,inflorescence,lateral view of flower,inflorescence / lateral view of flower,flower,vanderbilt/6-239,close-up,high,"A diagnostic organ, surface, or fine detail is the main subject.",,,,Gemma: contextual woody structure + visible subject,BioImages subview: lateral view of flower,Gemma free tag: close-up,False,leaf-on,visible,unspecified
baskauf/51406,baskauf_51406.jpg,Nyssa sylvatica,inflorescence,whole - female,inflorescence / whole - female,flower,vanderbilt/6-239,mid-range,medium,"A branch system or contextual plant part is visible, without the whole organism.",,,,Gemma: contextual woody structure + visible subject,,,True,leaf-on,visible,unspecified
baskauf/10981,baskauf_10981.jpg,Nyssa sylvatica,inflorescence,whole - male,inflorescence / whole - male,flower,vanderbilt/12-188,close-up,medium,"A diagnostic organ, surface, or fine detail is the main subject.",,,,Gemma: contextual woody structure + visible subject,,Gemma: flower close-up | Gemma free tag: close-up,True,leaf-on,visible,unspecified
baskauf/10988,baskauf_10988.jpg,Nyssa sylvatica,inflorescence,whole - male,inflorescence / whole - male,flower,vanderbilt/12-188,close-up,medium,"A diagnostic organ, surface, or fine detail is the main subject.",,,,,,Gemma: flower close-up | Gemma free tag: close-up,True,leaf-on,visible,unspecified
baskauf/51409,baskauf_51409.jpg,Nyssa sylvatica,inflorescence,whole - male,inflorescence / whole - male,flower,vanderbilt/6-238,close-up,medium,"A diagnostic organ, surface, or fine detail is the main subject.",,,,Gemma: contextual woody structure + visible subject,,Gemma: leaf upper surface | Gemma free tag: close-up,True,leaf-on,visible,unspecified
baskauf/51411,baskauf_51411.jpg,Nyssa sylvatica,inflorescence,whole - male,inflorescence / whole - male,flower,vanderbilt/6-238,close-up,medium,"A diagnostic organ, surface, or fine detail is the main subject.",,,,Gemma: contextual woody structure + visible subject,,Gemma free tag: close-up,True,leaf-on,visible,unspecified
baskauf/51418,baskauf_51418.jpg,Nyssa sylvatica,inflorescence,whole - male,inflorescence / whole - male,flower,vanderbilt/6-238,close-up,medium,"A diagnostic organ, surface, or fine detail is the main subject.",,,,Gemma: contextual woody structure + visible subject,,Gemma: flower close-up | Gemma free tag: close-up,True,leaf-on,visible,unspecified
baskauf/10574,baskauf_10574.jpg,Nyssa sylvatica,inflorescence,whole - unspecified,inflorescence / whole - unspecified,flower,vanderbilt/6-236,close-up,medium,"A diagnostic organ, surface, or fine detail is the main subject.",,,,Gemma: contextual woody structure + visible subject,,Gemma: terminal bud | Gemma free tag: close-up,True,not-visible,visible,unspecified
baskauf/29397,baskauf_29397.jpg,Nyssa sylvatica,fruit,as borne on the plant,fruit / as borne on the plant,fruit,ind-baskauf/29396,close-up,medium,"A diagnostic organ, surface, or fine detail is the main subject.",,,BioImages subview: as borne on the plant,Gemma: contextual woody structure + visible subject,,Gemma free tag: close-up,True,not-visible,visible,unspecified
baskauf/27927,baskauf_27927.jpg,Nyssa sylvatica,fruit,immature,fruit / immature,fruit,ind-baskauf/27926,close-up,medium,"A diagnostic organ, surface, or fine detail is the main subject.",,,,Gemma: contextual woody structure + visible subject,,Gemma: fruit close-up | Gemma free tag: close-up,True,leaf-on,visible,unspecified
baskauf/27929,baskauf_27929.jpg,Nyssa sylvatica,fruit,immature,fruit / immature,fruit,ind-baskauf/27926,close-up,medium,"A diagnostic organ, surface, or fine detail is the main subject.",,,,,,Gemma: leaf upper surface | Gemma free tag: close-up,True,leaf-on,visible,unspecified
baskauf/29400,baskauf_29400.jpg,Nyssa sylvatica,fruit,lateral or general close-up,fruit / lateral or general close-up,fruit,ind-baskauf/29396,close-up,high,"A diagnostic organ, surface, or fine detail is the main subject.",,,,Gemma: contextual woody structure + visible subject,BioImages subview: lateral or general close-up,Gemma: fruit close-up | Gemma free tag: close-up,False,not-visible,visible,unspecified
baskauf/12131,baskauf_12131.jpg,Ostrya virginiana,whole tree (or vine),general,whole tree (or vine) / general,whole-tree,ind-baskauf/12128,distant,high,Whole organism or crown is visible with scene context.,BioImages group: whole-tree,Gemma: whole plant,,Gemma: contextual woody structure + visible subject,,,False,leaf-on,not-visible,environmental
baskauf/91006,baskauf_91006.jpg,Ostrya virginiana,whole tree (or vine),general,whole tree (or vine) / general,whole-tree,vanderbilt/7-201,distant,high,Whole organism or crown is visible with scene context.,BioImages group: whole-tree,Gemma: whole plant | Gemma free tag: tree crown,,Gemma: contextual woody structure + visible subject,,,False,leaf-on,not-visible,environmental
baskauf/89391,baskauf_89391.jpg,Ostrya virginiana,whole tree (or vine),winter,whole tree (or vine) / winter,whole-tree,vanderbilt/7-201,distant,high,Whole organism or crown is visible with scene context.,BioImages group: whole-tree,Gemma: whole plant,,,,,False,leaf-off,not-visible,environmental
baskauf/12021,baskauf_12021.jpg,Ostrya virginiana,bark,of a small tree or small branch,bark / of a small tree or small branch,bark,ind-baskauf/12021,mid-range,medium,"A branch system or contextual plant part is visible, without the whole organism.",,,BioImages subview: of a small tree or small branch,,,,True,not-visible,not-visible,unspecified
baskauf/15280,baskauf_15280.jpg,Ostrya virginiana,twig,orientation of petioles,twig / orientation of petioles,twig,ind-baskauf/15272,close-up,medium,"A diagnostic organ, surface, or fine detail is the main subject.",,,BioImages subview: orientation of petioles,Gemma: contextual woody structure + visible subject,,Gemma: leaf margin | Gemma free tag: close-up,True,leaf-on,not-visible,unspecified
baskauf/15288,baskauf_15288.jpg,Ostrya virginiana,twig,unspecified,twig / unspecified,twig,ind-baskauf/15272,close-up,medium,"A diagnostic organ, surface, or fine detail is the main subject.",,,,Gemma: contextual woody structure + visible subject,,Gemma: terminal bud | Gemma free tag: close-up,True,not-visible,not-visible,unspecified
baskauf/15272,baskauf_15272.jpg,Ostrya virginiana,leaf,margin of upper + lower surface,leaf / margin of upper + lower surface,leaf,ind-baskauf/15272,close-up,high,"A diagnostic organ, surface, or fine detail is the main subject.",,,,,BioImages subview: margin of upper + lower surface,Gemma: leaf margin | Gemma: leaf upper surface | Gemma free tag: close-up,False,leaf-on,not-visible,unspecified
baskauf/12129,baskauf_12129.jpg,Ostrya virginiana,leaf,showing orientation on twig,leaf / showing orientation on twig,leaf,ind-baskauf/12128,close-up,medium,"A diagnostic organ, surface, or fine detail is the main subject.",,,BioImages subview: showing orientation on twig,Gemma: contextual woody structure + visible subject,,Gemma free tag: close-up,True,leaf-on,visible,unspecified
baskauf/15276,baskauf_15276.jpg,Ostrya virginiana,leaf,unspecified,leaf / unspecified,leaf,ind-baskauf/15272,close-up,medium,"A diagnostic organ, surface, or fine detail is the main subject.",,,,Gemma: contextual woody structure + visible subject,,Gemma: leaf upper surface | Gemma: petiole arrangement | Gemma free tag: close-up,True,leaf-on,not-visible,unspecified
baskauf/12128,baskauf_12128.jpg,Ostrya virginiana,leaf,whole upper surface,leaf / whole upper surface,leaf,ind-baskauf/12128,close-up,high,"A diagnostic organ, surface, or fine detail is the main subject.",,,,,BioImages subview: whole upper surface,Gemma: leaf margin | Gemma: leaf upper surface | Gemma free tag: close-up,False,leaf-on,not-visible,unspecified
baskauf/29784,baskauf_29784.jpg,Ostrya virginiana,leaf,whole upper surface,leaf / whole upper surface,leaf,ind-baskauf/15272,close-up,high,"A diagnostic organ, surface, or fine detail is the main subject.",,,,Gemma: contextual woody structure + visible subject,BioImages subview: whole upper surface,Gemma: leaf upper surface,False,leaf-on,not-visible,unspecified
baskauf/50629,baskauf_50629.jpg,Ostrya virginiana,inflorescence,whole - female,inflorescence / whole - female,flower,vanderbilt/7-201,close-up,medium,"A diagnostic organ, surface, or fine detail is the main subject.",,,,Gemma: contextual woody structure + visible subject,,Gemma: terminal bud | Gemma free tag: close-up,True,leaf-on,not-visible,unspecified
baskauf/50632,baskauf_50632.jpg,Ostrya virginiana,inflorescence,whole - female,inflorescence / whole - female,flower,vanderbilt/7-201,close-up,medium,"A diagnostic organ, surface, or fine detail is the main subject.",,,,Gemma: contextual woody structure + visible subject,,Gemma: flower close-up | Gemma free tag: close-up,True,not-visible,visible,unspecified
baskauf/16207,baskauf_16207.jpg,Ostrya virginiana,inflorescence,whole - male,inflorescence / whole - male,flower,ind-baskauf/15272,close-up,medium,"A diagnostic organ, surface, or fine detail is the main subject.",,,,Gemma: contextual woody structure + visible subject,,Gemma free tag: close-up,True,leaf-on,visible,unspecified
baskauf/18746,baskauf_18746.jpg,Ostrya virginiana,inflorescence,whole - male,inflorescence / whole - male,flower,ind-baskauf/15272,close-up,medium,"A diagnostic organ, surface, or fine detail is the main subject.",,,,Gemma: contextual woody structure + visible subject,,Gemma free tag: close-up,True,not-visible,visible,unspecified
baskauf/18748,baskauf_18748.jpg,Ostrya virginiana,inflorescence,whole - male,inflorescence / whole - male,flower,ind-baskauf/15272,mid-range,medium,"A branch system or contextual plant part is visible, without the whole organism.",,,,Gemma: contextual woody structure + visible subject,,,True,mixed,visible,environmental
baskauf/50630,baskauf_50630.jpg,Ostrya virginiana,inflorescence,whole - male,inflorescence / whole - male,flower,vanderbilt/7-201,close-up,medium,"A diagnostic organ, surface, or fine detail is the main subject.",,,,Gemma: contextual woody structure + visible subject,,Gemma free tag: close-up,True,not-visible,visible,unspecified
baskauf/16278,baskauf_16278.jpg,Ostrya virginiana,fruit,lateral or general close-up,fruit / lateral or general close-up,fruit,ind-baskauf/15272,close-up,high,"A diagnostic organ, surface, or fine detail is the main subject.",,,,Gemma: contextual woody structure + visible subject,BioImages subview: lateral or general close-up,Gemma: fruit close-up | Gemma free tag: close-up,False,not-visible,visible,unspecified
baskauf/50375,baskauf_50375.jpg,Picea glauca,whole tree,general,whole tree / general,whole-tree,ind-baskauf/50373,distant,high,Whole organism or crown is visible with scene context.,BioImages group: whole-tree,Gemma: whole plant,,Gemma: contextual woody structure + visible subject,,,False,mixed,not-visible,environmental
baskauf/50392,baskauf_50392.jpg,Picea glauca,bark,of a medium tree or large branch,bark / of a medium tree or large branch,bark,ind-baskauf/50373,mid-range,high,"A branch system or contextual plant part is visible, without the whole organism.",,,BioImages subview: of a medium tree or large branch,Gemma: contextual woody structure + visible subject,,,False,not-visible,not-visible,unspecified
baskauf/50384,baskauf_50384.jpg,Picea glauca,twig,after fallen needles,twig / after fallen needles,twig,ind-baskauf/50373,close-up,medium,"A diagnostic organ, surface, or fine detail is the main subject.",,,,Gemma: contextual woody structure + visible subject,,Gemma: needle attachment | Gemma free tag: close-up,True,leaf-on,not-visible,unspecified
baskauf/50383,baskauf_50383.jpg,Picea glauca,twig,showing attachment of needles,twig / showing attachment of needles,twig,ind-baskauf/50373,close-up,high,"A diagnostic organ, surface, or fine detail is the main subject.",,,,Gemma: contextual woody structure + visible subject,BioImages subview: showing attachment of needles,Gemma: needle attachment | Gemma free tag: close-up,False,mixed,not-visible,unspecified
baskauf/50385,baskauf_50385.jpg,Picea glauca,leaf,entire needle,leaf / entire needle,leaf,ind-baskauf/50373,close-up,high,"A diagnostic organ, surface, or fine detail is the main subject.",,,,Gemma: contextual woody structure + visible subject,BioImages subview: entire needle,Gemma: needle attachment | Gemma free tag: close-up,False,leaf-on,not-visible,unspecified
baskauf/50377,baskauf_50377.jpg,Picea glauca,leaf,showing orientation on twig,leaf / showing orientation on twig,leaf,ind-baskauf/50373,close-up,medium,"A diagnostic organ, surface, or fine detail is the main subject.",,,BioImages subview: showing orientation on twig,Gemma: contextual woody structure + visible subject,,Gemma: needle attachment,True,leaf-on,not-visible,unspecified
baskauf/50380,baskauf_50380.jpg,Picea glauca,leaf,showing orientation on twig,leaf / showing orientation on twig,leaf,ind-baskauf/50373,close-up,medium,"A diagnostic organ, surface, or fine detail is the main subject.",,,BioImages subview: showing orientation on twig,Gemma: contextual woody structure + visible subject,,Gemma: needle attachment,True,leaf-on,not-visible,unspecified
baskauf/50395,baskauf_50395.jpg,Picea glauca,cone,female - mature open,cone / female - mature open,cone,ind-baskauf/50373,close-up,medium,"A diagnostic organ, surface, or fine detail is the main subject.",,,,,,Gemma: fruit close-up | Gemma free tag: close-up,True,not-visible,visible,unspecified
kaufmannm/ke128,kaufmannm_ke128.jpg,Picea mariana,whole tree,general,whole tree / general,whole-tree,ind-kaufmannm/ke128,distant,high,Whole organism or crown is visible with scene context.,BioImages group: whole-tree,Gemma: whole plant,,,,,False,leaf-on,not-visible,environmental
baskauf/11427,baskauf_11427.jpg,Picea rubens,whole tree,general,whole tree / general,whole-tree,ind-baskauf/11427,distant,high,Whole organism or crown is visible with scene context.,BioImages group: whole-tree,Gemma: whole plant,,,,,False,leaf-on,not-visible,unspecified
baskauf/11435,baskauf_11435.jpg,Picea rubens,bark,of a large tree,bark / of a large tree,bark,ind-baskauf/11427,mid-range,medium,"A branch system or contextual plant part is visible, without the whole organism.",,,,Gemma: contextual woody structure + visible subject,,,True,not-visible,not-visible,environmental
baskauf/11432,baskauf_11432.jpg,Picea rubens,twig,showing attachment of needles,twig / showing attachment of needles,twig,ind-baskauf/11427,close-up,high,"A diagnostic organ, surface, or fine detail is the main subject.",,,,Gemma: contextual woody structure + visible subject,BioImages subview: showing attachment of needles,Gemma: needle attachment | Gemma free tag: close-up,False,leaf-on,not-visible,unspecified
baskauf/11434,baskauf_11434.jpg,Picea rubens,leaf,entire needle,leaf / entire needle,leaf,ind-baskauf/11427,close-up,high,"A diagnostic organ, surface, or fine detail is the main subject.",,,,Gemma: contextual woody structure + visible subject,BioImages subview: entire needle,Gemma: needle attachment | Gemma free tag: close-up,False,leaf-on,not-visible,unspecified
baskauf/11430,baskauf_11430.jpg,Picea rubens,leaf,showing orientation on twig,leaf / showing orientation on twig,leaf,ind-baskauf/11427,close-up,medium,"A diagnostic organ, surface, or fine detail is the main subject.",,,BioImages subview: showing orientation on twig,Gemma: contextual woody structure + visible subject,,Gemma: needle attachment | Gemma free tag: close-up,True,leaf-on,not-visible,unspecified
baskauf/26131,baskauf_26131.jpg,Picea rubens,leaf,showing orientation on twig,leaf / showing orientation on twig,leaf,ind-baskauf/26128,close-up,medium,"A diagnostic organ, surface, or fine detail is the main subject.",,,BioImages subview: showing orientation on twig,Gemma: contextual woody structure + visible subject,,Gemma: needle attachment | Gemma free tag: close-up,True,leaf-on,not-visible,unspecified
baskauf/38128,baskauf_38128.jpg,Picea rubens,cone,female - closed,cone / female - closed,cone,ind-baskauf/38128,close-up,medium,"A diagnostic organ, surface, or fine detail is the main subject.",,,,Gemma: contextual woody structure + visible subject,,Gemma free tag: close-up,True,leaf-on,visible,unspecified
baskauf/38132,baskauf_38132.jpg,Picea rubens,cone,female - closed,cone / female - closed,cone,ind-baskauf/38128,close-up,medium,"A diagnostic organ, surface, or fine detail is the main subject.",,,,Gemma: contextual woody structure + visible subject,,Gemma: needle attachment | Gemma free tag: close-up,True,leaf-on,visible,unspecified
baskauf/50496,baskauf_50496.jpg,Pinus resinosa,whole tree,general,whole tree / general,whole-tree,vanderbilt/9-106,distant,high,Whole organism or crown is visible with scene context.,BioImages group: whole-tree,Gemma: whole plant,,Gemma: contextual woody structure + visible subject,,,False,mixed,not-visible,environmental
baskauf/50500,baskauf_50500.jpg,Pinus resinosa,bark,of a large tree,bark / of a large tree,bark,vanderbilt/9-106,uncertain,low,"No positive distant, mid-range, or close-up evidence was found.",,,,,,,True,not-visible,not-visible,unspecified
baskauf/50514,baskauf_50514.jpg,Pinus resinosa,twig,showing attachment of needles,twig / showing attachment of needles,twig,vanderbilt/9-106,close-up,high,"A diagnostic organ, surface, or fine detail is the main subject.",,,,Gemma: contextual woody structure + visible subject,BioImages subview: showing attachment of needles,Gemma: needle attachment | Gemma free tag: close-up,False,leaf-on,not-visible,unspecified
baskauf/50515,baskauf_50515.jpg,Pinus resinosa,twig,unspecified,twig / unspecified,twig,vanderbilt/9-106,close-up,medium,"A diagnostic organ, surface, or fine detail is the main subject.",,,,Gemma: contextual woody structure + visible subject,,Gemma: needle attachment | Gemma free tag: close-up,True,leaf-on,not-visible,unspecified
baskauf/50507,baskauf_50507.jpg,Pinus resinosa,leaf,entire needle,leaf / entire needle,leaf,vanderbilt/9-106,close-up,high,"A diagnostic organ, surface, or fine detail is the main subject.",,,,Gemma: contextual woody structure + visible subject,BioImages subview: entire needle,Gemma: needle attachment | Gemma free tag: close-up,False,leaf-on,not-visible,unspecified
baskauf/50517,baskauf_50517.jpg,Pinus resinosa,leaf,entire needle,leaf / entire needle,leaf,vanderbilt/9-106,close-up,high,"A diagnostic organ, surface, or fine detail is the main subject.",,,,Gemma: contextual woody structure + visible subject,BioImages subview: entire needle,Gemma: needle attachment | Gemma free tag: close-up,False,leaf-on,not-visible,unspecified
baskauf/50503,baskauf_50503.jpg,Pinus resinosa,cone,female - mature open,cone / female - mature open,cone,vanderbilt/9-106,close-up,medium,"A diagnostic organ, surface, or fine detail is the main subject.",,,,,,Gemma: fruit close-up | Gemma free tag: close-up,True,not-visible,visible,unspecified
baskauf/50504,baskauf_50504.jpg,Pinus resinosa,cone,female - mature open,cone / female - mature open,cone,vanderbilt/9-106,close-up,medium,"A diagnostic organ, surface, or fine detail is the main subject.",,,,,,Gemma free tag: close-up,True,not-visible,visible,unspecified
baskauf/38294,baskauf_38294.jpg,Pinus rigida,whole tree,general,whole tree / general,whole-tree,ind-baskauf/38289,distant,high,Whole organism or crown is visible with scene context.,BioImages group: whole-tree,Gemma: whole plant,,Gemma: contextual woody structure + visible subject,,,False,leaf-on,not-visible,unspecified
baskauf/38289,baskauf_38289.jpg,Pinus rigida,whole tree,view up trunk,whole tree / view up trunk,whole-tree,ind-baskauf/38289,distant,high,Whole organism or crown is visible with scene context.,BioImages group: whole-tree,Gemma: whole plant,,Gemma: contextual woody structure + visible subject,,,False,leaf-on,not-visible,unspecified
baskauf/38303,baskauf_38303.jpg,Pinus rigida,bark,of a medium tree or large branch,bark / of a medium tree or large branch,bark,ind-baskauf/38289,close-up,medium,"A diagnostic organ, surface, or fine detail is the main subject.",,,BioImages subview: of a medium tree or large branch,,,Gemma free tag: close-up,True,not-visible,not-visible,unspecified
baskauf/38305,baskauf_38305.jpg,Pinus rigida,bark,of a medium tree or large branch,bark / of a medium tree or large branch,bark,ind-baskauf/38289,mid-range,high,"A branch system or contextual plant part is visible, without the whole organism.",,,BioImages subview: of a medium tree or large branch,Gemma: contextual woody structure + visible subject,,,False,leaf-on,not-visible,unspecified
baskauf/38302,baskauf_38302.jpg,Pinus rigida,twig,showing attachment of needles,twig / showing attachment of needles,twig,ind-baskauf/38289,close-up,high,"A diagnostic organ, surface, or fine detail is the main subject.",,,,Gemma: contextual woody structure + visible subject,BioImages subview: showing attachment of needles,Gemma: needle attachment | Gemma free tag: close-up,False,mixed,not-visible,unspecified
baskauf/38299,baskauf_38299.jpg,Pinus rigida,leaf,entire needle,leaf / entire needle,leaf,ind-baskauf/38289,close-up,high,"A diagnostic organ, surface, or fine detail is the main subject.",,,,Gemma: contextual woody structure + visible subject,BioImages subview: entire needle,Gemma: needle attachment | Gemma free tag: close-up,False,leaf-on,not-visible,unspecified
baskauf/38297,baskauf_38297.jpg,Pinus rigida,leaf,showing orientation on twig,leaf / showing orientation on twig,leaf,ind-baskauf/38289,close-up,medium,"A diagnostic organ, surface, or fine detail is the main subject.",,,BioImages subview: showing orientation on twig,Gemma: contextual woody structure + visible subject,,Gemma: needle attachment | Gemma free tag: close-up,True,leaf-on,not-visible,unspecified
baskauf/38309,baskauf_38309.jpg,Pinus rigida,cone,female - mature open,cone / female - mature open,cone,ind-baskauf/38289,close-up,medium,"A diagnostic organ, surface, or fine detail is the main subject.",,,,Gemma: contextual woody structure + visible subject,,Gemma: fruit close-up | Gemma free tag: close-up,True,not-visible,visible,unspecified
baskauf/38311,baskauf_38311.jpg,Pinus rigida,cone,female - mature open,cone / female - mature open,cone,ind-baskauf/38289,close-up,medium,"A diagnostic organ, surface, or fine detail is the main subject.",,,,Gemma: contextual woody structure + visible subject,,Gemma free tag: close-up,True,not-visible,visible,unspecified
baskauf/15662,baskauf_15662.jpg,Pinus strobus,whole tree,general,whole tree / general,whole-tree,ind-baskauf/10225,distant,high,Whole organism or crown is visible with scene context.,BioImages group: whole-tree,Gemma: whole plant | Gemma free tag: full crown,,Gemma: contextual woody structure + visible subject,,,False,leaf-on,not-visible,unspecified
baskauf/90988,baskauf_90988.jpg,Pinus strobus,whole tree,general,whole tree / general,whole-tree,vanderbilt/10-83,distant,high,Whole organism or crown is visible with scene context.,BioImages group: whole-tree,Gemma: whole plant,,Gemma: contextual woody structure + visible subject,,,False,leaf-on,not-visible,unspecified
baskauf/89397,baskauf_89397.jpg,Pinus strobus,whole tree (or vine),winter,whole tree (or vine) / winter,whole-tree,vanderbilt/10-83,distant,high,Whole organism or crown is visible with scene context.,BioImages group: whole-tree,Gemma: whole plant,,,,,False,leaf-on,not-visible,environmental
baskauf/11094,baskauf_11094.jpg,Pinus strobus,bark,of a medium tree or large branch,bark / of a medium tree or large branch,bark,ind-baskauf/10225,close-up,medium,"A diagnostic organ, surface, or fine detail is the main subject.",,,BioImages subview: of a medium tree or large branch,,,Gemma free tag: close-up,True,not-visible,not-visible,unspecified
baskauf/17544,baskauf_17544.jpg,Pinus strobus,bark,of a medium tree or large branch,bark / of a medium tree or large branch,bark,vanderbilt/6-15,close-up,medium,"A diagnostic organ, surface, or fine detail is the main subject.",,,BioImages subview: of a medium tree or large branch,,,Gemma free tag: close-up,True,not-visible,not-visible,unspecified
baskauf/17548,baskauf_17548.jpg,Pinus strobus,bark,of a medium tree or large branch,bark / of a medium tree or large branch,bark,ind-baskauf/17548,close-up,medium,"A diagnostic organ, surface, or fine detail is the main subject.",,,BioImages subview: of a medium tree or large branch,,,Gemma free tag: close-up,True,not-visible,not-visible,unspecified
baskauf/17546,baskauf_17546.jpg,Pinus strobus,bark,of a small tree or small branch,bark / of a small tree or small branch,bark,vanderbilt/6-15,mid-range,high,"A branch system or contextual plant part is visible, without the whole organism.",,,BioImages subview: of a small tree or small branch,Gemma: contextual woody structure + visible subject,,,False,not-visible,not-visible,environmental
baskauf/17542,baskauf_17542.jpg,Pinus strobus,twig,showing attachment of needles,twig / showing attachment of needles,twig,vanderbilt/6-15,close-up,high,"A diagnostic organ, surface, or fine detail is the main subject.",,,,Gemma: contextual woody structure + visible subject,BioImages subview: showing attachment of needles,Gemma: needle attachment | Gemma free tag: close-up,False,leaf-on,not-visible,unspecified
baskauf/11093,baskauf_11093.jpg,Pinus strobus,leaf,entire needle,leaf / entire needle,leaf,ind-baskauf/10225,close-up,high,"A diagnostic organ, surface, or fine detail is the main subject.",,,,Gemma: contextual woody structure + visible subject,BioImages subview: entire needle,Gemma: needle attachment | Gemma free tag: close-up,False,leaf-on,not-visible,unspecified
baskauf/15663,baskauf_15663.jpg,Pinus strobus,leaf,entire needle,leaf / entire needle,leaf,ind-baskauf/10225,close-up,high,"A diagnostic organ, surface, or fine detail is the main subject.",,,,Gemma: contextual woody structure + visible subject,BioImages subview: entire needle,Gemma: needle attachment | Gemma free tag: close-up,False,leaf-on,not-visible,unspecified
baskauf/54826,baskauf_54826.jpg,Pinus strobus,leaf,unspecified,leaf / unspecified,leaf,ind-baskauf/54837,close-up,medium,"A diagnostic organ, surface, or fine detail is the main subject.",,,,Gemma: contextual woody structure + visible subject,,Gemma free tag: close-up,True,leaf-on,not-visible,unspecified
baskauf/54828,baskauf_54828.jpg,Pinus strobus,leaf,unspecified,leaf / unspecified,leaf,ind-baskauf/54837,close-up,medium,"A diagnostic organ, surface, or fine detail is the main subject.",,,,Gemma: contextual woody structure + visible subject,,Gemma: needle attachment | Gemma free tag: close-up,True,leaf-on,not-visible,unspecified
baskauf/54834,baskauf_54834.jpg,Pinus strobus,leaf,unspecified,leaf / unspecified,leaf,ind-baskauf/54837,close-up,medium,"A diagnostic organ, surface, or fine detail is the main subject.",,,,,,Gemma: leaf margin | Gemma: leaf upper surface | Gemma free tag: close-up,True,leaf-on,not-visible,unspecified
baskauf/54836,baskauf_54836.jpg,Pinus strobus,leaf,unspecified,leaf / unspecified,leaf,ind-baskauf/54837,close-up,medium,"A diagnostic organ, surface, or fine detail is the main subject.",,,,,,Gemma: needle attachment | Gemma free tag: close-up,True,leaf-on,not-visible,unspecified
baskauf/13417,baskauf_13417.jpg,Pinus strobus,cone,female - closed,cone / female - closed,cone,vanderbilt/1-125,close-up,medium,"A diagnostic organ, surface, or fine detail is the main subject.",,,,Gemma: contextual woody structure + visible subject,,Gemma: fruit close-up | Gemma free tag: close-up,True,leaf-on,visible,unspecified
baskauf/13418,baskauf_13418.jpg,Pinus strobus,cone,female - closed,cone / female - closed,cone,vanderbilt/1-125,close-up,medium,"A diagnostic organ, surface, or fine detail is the main subject.",,,,,,Gemma: fruit close-up | Gemma free tag: close-up,True,not-visible,visible,unspecified
baskauf/10225,baskauf_10225.jpg,Pinus strobus,cone,female - mature open,cone / female - mature open,cone,ind-baskauf/10225,distant,medium,Whole organism or crown is visible with scene context.,,Gemma: whole plant,,Gemma: contextual woody structure + visible subject,,,True,leaf-on,visible,environmental
baskauf/15225,baskauf_15225.jpg,Pinus strobus,cone,female - mature open,cone / female - mature open,cone,ind-baskauf/15225,close-up,medium,"A diagnostic organ, surface, or fine detail is the main subject.",,,,,,Gemma free tag: close-up,True,not-visible,visible,unspecified
baskauf/34222,baskauf_34222.jpg,Pinus strobus,cone,female - receptive,cone / female - receptive,cone,ind-baskauf/34215,close-up,medium,"A diagnostic organ, surface, or fine detail is the main subject.",,,,Gemma: contextual woody structure + visible subject,,Gemma: flower close-up | Gemma free tag: close-up,True,not-visible,visible,unspecified
baskauf/11091,baskauf_11091.jpg,Pinus strobus,cone,male,cone / male,cone,ind-baskauf/10225,close-up,medium,"A diagnostic organ, surface, or fine detail is the main subject.",,,,,,Gemma: fruit close-up | Gemma free tag: close-up,True,leaf-on,visible,unspecified
baskauf/34216,baskauf_34216.jpg,Pinus strobus,cone,male,cone / male,cone,ind-baskauf/34215,mid-range,medium,"A branch system or contextual plant part is visible, without the whole organism.",,,,Gemma: contextual woody structure + visible subject,,,True,leaf-on,visible,unspecified
baskauf/34219,baskauf_34219.jpg,Pinus strobus,cone,male,cone / male,cone,ind-baskauf/34215,close-up,medium,"A diagnostic organ, surface, or fine detail is the main subject.",,,,Gemma: contextual woody structure + visible subject,,Gemma: flower close-up | Gemma free tag: close-up,True,not-visible,visible,unspecified
baskauf/15370,baskauf_15370.jpg,Platanus occidentalis,whole tree (or vine),general,whole tree (or vine) / general,whole-tree,ind-baskauf/15358,distant,high,Whole organism or crown is visible with scene context.,BioImages group: whole-tree,Gemma: whole plant,,Gemma: contextual woody structure + visible subject,,,False,leaf-on,not-visible,environmental
baskauf/90872,baskauf_90872.jpg,Platanus occidentalis,whole tree (or vine),general,whole tree (or vine) / general,whole-tree,vanderbilt/11-283,distant,high,Whole organism or crown is visible with scene context.,BioImages group: whole-tree,Gemma: whole plant,,Gemma: contextual woody structure + visible subject,,,False,leaf-on,not-visible,unspecified
baskauf/90874,baskauf_90874.jpg,Platanus occidentalis,whole tree (or vine),general,whole tree (or vine) / general,whole-tree,vanderbilt/11-283,distant,high,Whole organism or crown is visible with scene context.,BioImages group: whole-tree,Gemma: whole plant,,Gemma: contextual woody structure + visible subject,,,False,leaf-on,not-visible,environmental
baskauf/90911,baskauf_90911.jpg,Platanus occidentalis,whole tree (or vine),general,whole tree (or vine) / general,whole-tree,vanderbilt/7-205,distant,high,Whole organism or crown is visible with scene context.,BioImages group: whole-tree,Gemma: whole plant,,Gemma: contextual woody structure + visible subject,,,False,leaf-on,visible,environmental
baskauf/91123,baskauf_91123.jpg,Platanus occidentalis,whole tree (or vine),general,whole tree (or vine) / general,whole-tree,vanderbilt/12-90,distant,high,Whole organism or crown is visible with scene context.,BioImages group: whole-tree,Gemma: whole plant | Gemma free tag: tree crown,,Gemma: contextual woody structure + visible subject,,,False,leaf-on,not-visible,environmental
baskauf/15367,baskauf_15367.jpg,Platanus occidentalis,whole tree (or vine),view up trunk,whole tree (or vine) / view up trunk,whole-tree,ind-baskauf/15358,distant,high,Whole organism or crown is visible with scene context.,BioImages group: whole-tree,Gemma: whole plant,,Gemma: contextual woody structure + visible subject,,,False,leaf-on,not-visible,unspecified
baskauf/89954,baskauf_89954.jpg,Platanus occidentalis,whole tree (or vine),view up trunk,whole tree (or vine) / view up trunk,whole-tree,vanderbilt/11-283,distant,high,Whole organism or crown is visible with scene context.,BioImages group: whole-tree,Gemma: whole plant,,Gemma: contextual woody structure + visible subject,,,False,leaf-off,not-visible,unspecified
baskauf/10336,baskauf_10336.jpg,Platanus occidentalis,whole tree (or vine),winter,whole tree (or vine) / winter,whole-tree,ind-baskauf/10336,distant,high,Whole organism or crown is visible with scene context.,BioImages group: whole-tree,Gemma: whole plant | Gemma free tag: tree crown,,Gemma: contextual woody structure + visible subject,,,False,leaf-off,not-visible,unspecified
baskauf/10338,baskauf_10338.jpg,Platanus occidentalis,whole tree (or vine),winter,whole tree (or vine) / winter,whole-tree,ind-baskauf/10338,distant,high,Whole organism or crown is visible with scene context.,BioImages group: whole-tree,Gemma: whole plant,,Gemma: contextual woody structure + visible subject,,,False,leaf-off,not-visible,environmental
baskauf/89394,baskauf_89394.jpg,Platanus occidentalis,whole tree (or vine),winter,whole tree (or vine) / winter,whole-tree,vanderbilt/7-205,distant,high,Whole organism or crown is visible with scene context.,BioImages group: whole-tree,Gemma: whole plant,,Gemma: contextual woody structure + visible subject,,,False,leaf-off,not-visible,environmental
baskauf/89960a,baskauf_89960a.jpg,Platanus occidentalis,whole tree (or vine),winter,whole tree (or vine) / winter,whole-tree,vanderbilt/11-283,distant,high,Whole organism or crown is visible with scene context.,BioImages group: whole-tree,Gemma: whole plant,,Gemma: contextual woody structure + visible subject,,,False,leaf-off,not-visible,unspecified
baskauf/89963,baskauf_89963.jpg,Platanus occidentalis,whole tree (or vine),winter,whole tree (or vine) / winter,whole-tree,vanderbilt/11-283,distant,high,Whole organism or crown is visible with scene context.,BioImages group: whole-tree,Gemma: whole plant,,Gemma: contextual woody structure + visible subject,,,False,leaf-off,not-visible,unspecified
baskauf/10462,baskauf_10462.jpg,Platanus occidentalis,bark,of a large tree,bark / of a large tree,bark,ind-baskauf/10462,uncertain,low,"No positive distant, mid-range, or close-up evidence was found.",,,,,,,True,not-visible,not-visible,unspecified
baskauf/89955,baskauf_89955.jpg,Platanus occidentalis,bark,of a large tree,bark / of a large tree,bark,vanderbilt/11-283,uncertain,low,"No positive distant, mid-range, or close-up evidence was found.",,,,,,,True,not-visible,not-visible,environmental
baskauf/39162,baskauf_39162.jpg,Platanus occidentalis,twig,close-up winter leaf scar/bud,twig / close-up winter leaf scar/bud,twig,ind-baskauf/39130,close-up,high,"A diagnostic organ, surface, or fine detail is the main subject.",,,,Gemma: contextual woody structure + visible subject,BioImages subview: close-up winter leaf scar/bud,Gemma: terminal bud | Gemma free tag: close-up,False,leaf-off,not-visible,unspecified
baskauf/39134,baskauf_39134.jpg,Platanus occidentalis,twig,close-up winter terminal bud,twig / close-up winter terminal bud,twig,ind-baskauf/39130,close-up,high,"A diagnostic organ, surface, or fine detail is the main subject.",,,,Gemma: contextual woody structure + visible subject,BioImages subview: close-up winter terminal bud,Gemma free tag: close-up,False,leaf-off,not-visible,unspecified
baskauf/39142,baskauf_39142.jpg,Platanus occidentalis,twig,close-up winter terminal bud,twig / close-up winter terminal bud,twig,ind-baskauf/39130,close-up,high,"A diagnostic organ, surface, or fine detail is the main subject.",,,,Gemma: contextual woody structure + visible subject,BioImages subview: close-up winter terminal bud,Gemma free tag: close-up,False,leaf-off,not-visible,unspecified
baskauf/39152,baskauf_39152.jpg,Platanus occidentalis,twig,close-up winter terminal bud,twig / close-up winter terminal bud,twig,ind-baskauf/39130,close-up,high,"A diagnostic organ, surface, or fine detail is the main subject.",,,,Gemma: contextual woody structure + visible subject,BioImages subview: close-up winter terminal bud,Gemma: leaf scar | Gemma free tag: close-up,False,leaf-off,not-visible,unspecified
baskauf/15129,baskauf_15129.jpg,Platanus occidentalis,twig,orientation of petioles,twig / orientation of petioles,twig,ind-baskauf/15129,close-up,medium,"A diagnostic organ, surface, or fine detail is the main subject.",,,BioImages subview: orientation of petioles,Gemma: contextual woody structure + visible subject,,Gemma free tag: close-up,True,leaf-on,not-visible,unspecified
baskauf/15360,baskauf_15360.jpg,Platanus occidentalis,twig,orientation of petioles,twig / orientation of petioles,twig,ind-baskauf/15358,mid-range,high,"A branch system or contextual plant part is visible, without the whole organism.",,,BioImages subview: orientation of petioles,Gemma: contextual woody structure + visible subject,,,False,leaf-on,visible,unspecified
baskauf/15363,baskauf_15363.jpg,Platanus occidentalis,twig,orientation of petioles,twig / orientation of petioles,twig,ind-baskauf/15358,close-up,medium,"A diagnostic organ, surface, or fine detail is the main subject.",,,BioImages subview: orientation of petioles,Gemma: contextual woody structure + visible subject,,Gemma free tag: close-up,True,leaf-off,not-visible,unspecified
baskauf/17313,baskauf_17313.jpg,Platanus occidentalis,twig,winter overall,twig / winter overall,twig,ind-baskauf/15129,close-up,medium,"A diagnostic organ, surface, or fine detail is the main subject.",,,,Gemma: contextual woody structure + visible subject,,Gemma free tag: close-up,True,leaf-off,not-visible,unspecified
baskauf/17316,baskauf_17316.jpg,Platanus occidentalis,twig,winter overall,twig / winter overall,twig,ind-baskauf/15129,close-up,medium,"A diagnostic organ, surface, or fine detail is the main subject.",,,,Gemma: contextual woody structure + visible subject,,Gemma: leaf scar | Gemma free tag: close-up,True,leaf-off,not-visible,unspecified
baskauf/15364,baskauf_15364.jpg,Platanus occidentalis,leaf,margin of upper + lower surface,leaf / margin of upper + lower surface,leaf,ind-baskauf/15358,close-up,high,"A diagnostic organ, surface, or fine detail is the main subject.",,,,,BioImages subview: margin of upper + lower surface,Gemma: leaf margin | Gemma: leaf upper surface | Gemma free tag: close-up,False,leaf-on,not-visible,unspecified
baskauf/11124,baskauf_11124.jpg,Platanus occidentalis,leaf,whole upper surface,leaf / whole upper surface,leaf,vanderbilt/12-90,close-up,high,"A diagnostic organ, surface, or fine detail is the main subject.",,,,Gemma: contextual woody structure + visible subject,BioImages subview: whole upper surface,Gemma: leaf upper surface,False,leaf-on,visible,unspecified
baskauf/15358,baskauf_15358.jpg,Platanus occidentalis,leaf,whole upper surface,leaf / whole upper surface,leaf,ind-baskauf/15358,close-up,high,"A diagnostic organ, surface, or fine detail is the main subject.",,,,,BioImages subview: whole upper surface,Gemma: leaf margin | Gemma: leaf upper surface | Gemma free tag: close-up,False,leaf-on,not-visible,unspecified
baskauf/29666,baskauf_29666.jpg,Platanus occidentalis,leaf,whole upper surface,leaf / whole upper surface,leaf,vanderbilt/7-205,close-up,high,"A diagnostic organ, surface, or fine detail is the main subject.",,,,Gemma: contextual woody structure + visible subject,BioImages subview: whole upper surface,Gemma: leaf margin | Gemma: leaf upper surface | Gemma free tag: close-up,False,leaf-on,not-visible,unspecified
baskauf/19402,baskauf_19402.jpg,Platanus occidentalis,inflorescence,lateral view of flower,inflorescence / lateral view of flower,flower,vanderbilt/12-90,close-up,high,"A diagnostic organ, surface, or fine detail is the main subject.",,,,Gemma: contextual woody structure + visible subject,BioImages subview: lateral view of flower,Gemma: fruit close-up | Gemma free tag: close-up,False,leaf-on,visible,unspecified
baskauf/11125,baskauf_11125.jpg,Platanus occidentalis,inflorescence,whole - female,inflorescence / whole - female,flower,vanderbilt/12-90,close-up,medium,"A diagnostic organ, surface, or fine detail is the main subject.",,,,Gemma: contextual woody structure + visible subject,,Gemma free tag: close-up,True,leaf-on,visible,unspecified
baskauf/11127,baskauf_11127.jpg,Platanus occidentalis,inflorescence,whole - female,inflorescence / whole - female,flower,vanderbilt/12-90,close-up,medium,"A diagnostic organ, surface, or fine detail is the main subject.",,,,Gemma: contextual woody structure + visible subject,,Gemma: fruit close-up | Gemma free tag: close-up,True,leaf-on,visible,unspecified
baskauf/19392,baskauf_19392.jpg,Platanus occidentalis,inflorescence,whole - unspecified,inflorescence / whole - unspecified,flower,vanderbilt/12-90,close-up,medium,"A diagnostic organ, surface, or fine detail is the main subject.",,,,Gemma: contextual woody structure + visible subject,,Gemma free tag: close-up,True,leaf-on,visible,unspecified
baskauf/10464,baskauf_10464.jpg,Platanus occidentalis,fruit,as borne on the plant,fruit / as borne on the plant,fruit,ind-baskauf/10462,distant,medium,Whole organism or crown is visible with scene context.,,Gemma: whole plant,BioImages subview: as borne on the plant,Gemma: contextual woody structure + visible subject,,,True,leaf-off,visible,unspecified
baskauf/16835,baskauf_16835.jpg,Platanus occidentalis,fruit,as borne on the plant,fruit / as borne on the plant,fruit,ind-baskauf/16835,mid-range,high,"A branch system or contextual plant part is visible, without the whole organism.",,,BioImages subview: as borne on the plant,Gemma: contextual woody structure + visible subject,,,False,leaf-off,visible,unspecified
baskauf/10463,baskauf_10463.jpg,Platanus occidentalis,fruit,section or open,fruit / section or open,fruit,ind-baskauf/10462,close-up,high,"A diagnostic organ, surface, or fine detail is the main subject.",,,,,BioImages subview: section or open,Gemma: fruit close-up | Gemma free tag: close-up,False,not-visible,visible,unspecified
baskauf/15335,baskauf_15335.jpg,Populus deltoides,whole tree (or vine),general,whole tree (or vine) / general,whole-tree,ind-baskauf/15335,distant,high,Whole organism or crown is visible with scene context.,BioImages group: whole-tree,Gemma: whole plant | Gemma free tag: full crown,,Gemma: contextual woody structure + visible subject,,,False,leaf-on,not-visible,environmental
baskauf/90802,baskauf_90802.jpg,Populus deltoides,whole tree (or vine),general,whole tree (or vine) / general,whole-tree,vanderbilt/8-103,distant,high,Whole organism or crown is visible with scene context.,BioImages group: whole-tree,Gemma: whole plant | Gemma free tag: full crown,,Gemma: contextual woody structure + visible subject,,,False,leaf-on,not-visible,environmental
baskauf/90804,baskauf_90804.jpg,Populus deltoides,whole tree (or vine),view up trunk,whole tree (or vine) / view up trunk,whole-tree,vanderbilt/8-103,distant,high,Whole organism or crown is visible with scene context.,BioImages group: whole-tree,Gemma: whole plant,,Gemma: contextual woody structure + visible subject,,,False,leaf-on,not-visible,unspecified
baskauf/11066,baskauf_11066.jpg,Populus deltoides,bark,of a large tree,bark / of a large tree,bark,ind-baskauf/11064,distant,medium,Whole organism or crown is visible with scene context.,,Gemma: whole plant,,Gemma: contextual woody structure + visible subject,,,True,leaf-on,not-visible,environmental
baskauf/15347,baskauf_15347.jpg,Populus deltoides,twig,close-up winter leaf scar/bud,twig / close-up winter leaf scar/bud,twig,ind-baskauf/15335,close-up,high,"A diagnostic organ, surface, or fine detail is the main subject.",,,,Gemma: contextual woody structure + visible subject,BioImages subview: close-up winter leaf scar/bud,Gemma: leaf scar | Gemma free tag: close-up,False,leaf-off,not-visible,unspecified
baskauf/15346,baskauf_15346.jpg,Populus deltoides,twig,orientation of petioles,twig / orientation of petioles,twig,ind-baskauf/15335,close-up,medium,"A diagnostic organ, surface, or fine detail is the main subject.",,,BioImages subview: orientation of petioles,Gemma: contextual woody structure + visible subject,,Gemma free tag: close-up,True,leaf-off,not-visible,unspecified
baskauf/15343,baskauf_15343.jpg,Populus deltoides,leaf,margin of upper + lower surface,leaf / margin of upper + lower surface,leaf,ind-baskauf/15335,close-up,high,"A diagnostic organ, surface, or fine detail is the main subject.",,,,,BioImages subview: margin of upper + lower surface,Gemma: leaf margin | Gemma: leaf upper surface | Gemma free tag: close-up,False,leaf-on,not-visible,unspecified
baskauf/11070,baskauf_11070.jpg,Populus deltoides,leaf,whole upper surface,leaf / whole upper surface,leaf,ind-baskauf/11064,close-up,high,"A diagnostic organ, surface, or fine detail is the main subject.",,,,Gemma: contextual woody structure + visible subject,BioImages subview: whole upper surface,Gemma: leaf upper surface | Gemma free tag: close-up,False,leaf-on,not-visible,unspecified
baskauf/15339,baskauf_15339.jpg,Populus deltoides,leaf,whole upper surface,leaf / whole upper surface,leaf,ind-baskauf/15335,close-up,high,"A diagnostic organ, surface, or fine detail is the main subject.",,,,,BioImages subview: whole upper surface,Gemma: leaf margin | Gemma: leaf upper surface | Gemma free tag: close-up,False,leaf-on,not-visible,unspecified
baskauf/31457,baskauf_31457.jpg,Populus deltoides,inflorescence,whole - female,inflorescence / whole - female,flower,ind-baskauf/31457,mid-range,medium,"A branch system or contextual plant part is visible, without the whole organism.",,,,Gemma: contextual woody structure + visible subject,,,True,leaf-off,visible,environmental
baskauf/31459,baskauf_31459.jpg,Populus deltoides,inflorescence,whole - female,inflorescence / whole - female,flower,ind-baskauf/31457,close-up,medium,"A diagnostic organ, surface, or fine detail is the main subject.",,,,,,Gemma: flower close-up | Gemma free tag: close-up,True,not-visible,visible,unspecified
baskauf/31462,baskauf_31462.jpg,Populus deltoides,inflorescence,whole - female,inflorescence / whole - female,flower,ind-baskauf/31457,mid-range,medium,"A branch system or contextual plant part is visible, without the whole organism.",,,,Gemma: contextual woody structure + visible subject,,,True,not-visible,visible,unspecified
baskauf/31433,baskauf_31433.jpg,Populus deltoides,inflorescence,whole - male,inflorescence / whole - male,flower,ind-baskauf/31433,mid-range,medium,"A branch system or contextual plant part is visible, without the whole organism.",,,,Gemma: contextual woody structure + visible subject,,,True,leaf-off,not-visible,environmental
baskauf/31447,baskauf_31447.jpg,Populus deltoides,inflorescence,whole - male,inflorescence / whole - male,flower,ind-baskauf/31433,close-up,medium,"A diagnostic organ, surface, or fine detail is the main subject.",,,,Gemma: contextual woody structure + visible subject,,Gemma free tag: close-up,True,leaf-off,visible,unspecified
baskauf/31453,baskauf_31453.jpg,Populus deltoides,inflorescence,whole - male,inflorescence / whole - male,flower,ind-baskauf/31433,close-up,medium,"A diagnostic organ, surface, or fine detail is the main subject.",,,,Gemma: contextual woody structure + visible subject,,Gemma: flower close-up | Gemma free tag: close-up,True,not-visible,visible,unspecified
baskauf/31468,baskauf_31468.jpg,Populus deltoides,inflorescence,whole - male,inflorescence / whole - male,flower,ind-baskauf/31433,close-up,medium,"A diagnostic organ, surface, or fine detail is the main subject.",,,,Gemma: contextual woody structure + visible subject,,Gemma: flower close-up | Gemma free tag: close-up,True,not-visible,visible,unspecified
baskauf/11054,baskauf_11054.jpg,Populus deltoides,fruit,as borne on the plant,fruit / as borne on the plant,fruit,ind-baskauf/11053,distant,medium,Whole organism or crown is visible with scene context.,,Gemma: whole plant,BioImages subview: as borne on the plant,Gemma: contextual woody structure + visible subject,,,True,leaf-on,visible,environmental
baskauf/11064,baskauf_11064.jpg,Populus deltoides,fruit,as borne on the plant,fruit / as borne on the plant,fruit,ind-baskauf/11064,mid-range,high,"A branch system or contextual plant part is visible, without the whole organism.",,,BioImages subview: as borne on the plant,Gemma: contextual woody structure + visible subject,,,False,leaf-on,visible,unspecified
baskauf/11053,baskauf_11053.jpg,Populus deltoides,fruit,section or open,fruit / section or open,fruit,ind-baskauf/11053,close-up,medium,"A diagnostic organ, surface, or fine detail is the main subject.",,,,Gemma: contextual woody structure + visible subject,BioImages subview: section or open,,True,not-visible,visible,environmental
baskauf/35419,baskauf_35419.jpg,Populus grandidentata,whole tree (or vine),general,whole tree (or vine) / general,whole-tree,ind-baskauf/35417,distant,high,Whole organism or crown is visible with scene context.,BioImages group: whole-tree,Gemma: whole plant,,,,,False,leaf-on,not-visible,unspecified
baskauf/35422,baskauf_35422.jpg,Populus grandidentata,bark,of a large tree,bark / of a large tree,bark,ind-baskauf/35417,close-up,medium,"A diagnostic organ, surface, or fine detail is the main subject.",,,,,,Gemma free tag: close-up,True,not-visible,not-visible,unspecified
baskauf/35432,baskauf_35432.jpg,Populus grandidentata,twig,orientation of petioles,twig / orientation of petioles,twig,ind-baskauf/35417,close-up,medium,"A diagnostic organ, surface, or fine detail is the main subject.",,,BioImages subview: orientation of petioles,Gemma: contextual woody structure + visible subject,,Gemma free tag: close-up,True,leaf-on,not-visible,unspecified
baskauf/35425,baskauf_35425.jpg,Populus grandidentata,leaf,showing orientation on twig,leaf / showing orientation on twig,leaf,ind-baskauf/35417,close-up,medium,"A diagnostic organ, surface, or fine detail is the main subject.",,,BioImages subview: showing orientation on twig,Gemma: contextual woody structure + visible subject,,Gemma: leaf upper surface,True,leaf-on,not-visible,unspecified
baskauf/35435,baskauf_35435.jpg,Populus grandidentata,leaf,unspecified,leaf / unspecified,leaf,ind-baskauf/35417,close-up,medium,"A diagnostic organ, surface, or fine detail is the main subject.",,,,Gemma: contextual woody structure + visible subject,,Gemma: leaf upper surface | Gemma: petiole arrangement | Gemma free tag: close-up,True,leaf-on,not-visible,unspecified
baskauf/35429,baskauf_35429.jpg,Populus grandidentata,leaf,whole upper surface,leaf / whole upper surface,leaf,ind-baskauf/35417,close-up,high,"A diagnostic organ, surface, or fine detail is the main subject.",,,,,BioImages subview: whole upper surface,Gemma: leaf margin | Gemma: leaf upper surface | Gemma free tag: close-up,False,leaf-on,not-visible,unspecified
baskauf/13975,baskauf_13975.jpg,Populus tremuloides,whole tree (or vine),general,whole tree (or vine) / general,whole-tree,ind-baskauf/13975,distant,high,Whole organism or crown is visible with scene context.,BioImages group: whole-tree,Gemma: whole plant,,Gemma: contextual woody structure + visible subject,,,False,leaf-on,not-visible,environmental
kaufmannm/ke062,kaufmannm_ke062.jpg,Populus tremuloides,whole tree (or vine),general,whole tree (or vine) / general,whole-tree,ind-kaufmannm/ke062,uncertain,conflict,Distant and close-up evidence both present; manual review required.,BioImages group: whole-tree,Gemma: whole plant | Gemma free tag: tree crown,,Gemma: contextual woody structure + visible subject,,Gemma: leaf upper surface,True,leaf-on,not-visible,unspecified
kaufmannm/ke063,kaufmannm_ke063.jpg,Populus tremuloides,whole tree (or vine),general,whole tree (or vine) / general,whole-tree,ind-kaufmannm/ke063,distant,high,Whole organism or crown is visible with scene context.,BioImages group: whole-tree,Gemma: whole plant,,Gemma: contextual woody structure + visible subject,,,False,leaf-on,not-visible,unspecified
kaufmannm/ke064,kaufmannm_ke064.jpg,Populus tremuloides,whole tree (or vine),general,whole tree (or vine) / general,whole-tree,ind-kaufmannm/ke064,distant,high,Whole organism or crown is visible with scene context.,BioImages group: whole-tree,Gemma: whole plant,,Gemma: contextual woody structure + visible subject,,,False,leaf-on,not-visible,unspecified
baskauf/13980,baskauf_13980.jpg,Populus tremuloides,whole tree (or vine),view up trunk,whole tree (or vine) / view up trunk,whole-tree,ind-baskauf/13977,distant,high,Whole organism or crown is visible with scene context.,BioImages group: whole-tree,Gemma: whole plant,,Gemma: contextual woody structure + visible subject,,,False,leaf-on,not-visible,unspecified
baskauf/13977,baskauf_13977.jpg,Populus tremuloides,bark,of a medium tree or large branch,bark / of a medium tree or large branch,bark,ind-baskauf/13977,close-up,medium,"A diagnostic organ, surface, or fine detail is the main subject.",,,BioImages subview: of a medium tree or large branch,,,Gemma free tag: close-up,True,not-visible,not-visible,unspecified
baskauf/14029,baskauf_14029.jpg,Populus tremuloides,twig,orientation of petioles,twig / orientation of petioles,twig,ind-baskauf/14024,close-up,medium,"A diagnostic organ, surface, or fine detail is the main subject.",,,BioImages subview: orientation of petioles,Gemma: contextual woody structure + visible subject,,Gemma free tag: close-up,True,leaf-on,not-visible,unspecified
baskauf/14034,baskauf_14034.jpg,Populus tremuloides,twig,orientation of petioles,twig / orientation of petioles,twig,ind-baskauf/14024,close-up,medium,"A diagnostic organ, surface, or fine detail is the main subject.",,,BioImages subview: orientation of petioles,Gemma: contextual woody structure + visible subject,,Gemma free tag: close-up,True,mixed,not-visible,unspecified
baskauf/14027,baskauf_14027.jpg,Populus tremuloides,leaf,margin of upper + lower surface,leaf / margin of upper + lower surface,leaf,ind-baskauf/14024,close-up,high,"A diagnostic organ, surface, or fine detail is the main subject.",,,,,BioImages subview: margin of upper + lower surface,Gemma: leaf margin | Gemma: leaf upper surface | Gemma free tag: close-up,False,leaf-on,not-visible,unspecified
baskauf/13981,baskauf_13981.jpg,Populus tremuloides,leaf,showing orientation on twig,leaf / showing orientation on twig,leaf,ind-baskauf/13977,close-up,medium,"A diagnostic organ, surface, or fine detail is the main subject.",,,BioImages subview: showing orientation on twig,Gemma: contextual woody structure + visible subject,,Gemma: leaf upper surface,True,leaf-on,not-visible,unspecified
baskauf/14024,baskauf_14024.jpg,Populus tremuloides,leaf,whole upper surface,leaf / whole upper surface,leaf,ind-baskauf/14024,close-up,high,"A diagnostic organ, surface, or fine detail is the main subject.",,,,Gemma: contextual woody structure + visible subject,BioImages subview: whole upper surface,Gemma: leaf upper surface | Gemma: petiole arrangement | Gemma free tag: close-up,False,leaf-on,not-visible,unspecified
baskauf/14031,baskauf_14031.jpg,Populus tremuloides,leaf,whole upper surface,leaf / whole upper surface,leaf,ind-baskauf/14024,close-up,high,"A diagnostic organ, surface, or fine detail is the main subject.",,,,Gemma: contextual woody structure + visible subject,BioImages subview: whole upper surface,Gemma free tag: close-up,False,leaf-on,not-visible,unspecified
baskauf/26515,baskauf_26515.jpg,Prunus pensylvanica,whole tree (or vine),general,whole tree (or vine) / general,whole-tree,ind-baskauf/26515,distant,high,Whole organism or crown is visible with scene context.,BioImages group: whole-tree,Gemma: whole plant | Gemma free tag: tree crown,,Gemma: contextual woody structure + visible subject,,,False,leaf-on,not-visible,unspecified
baskauf/26532,baskauf_26532.jpg,Prunus pensylvanica,bark,of a medium tree or large branch,bark / of a medium tree or large branch,bark,ind-baskauf/26515,close-up,medium,"A diagnostic organ, surface, or fine detail is the main subject.",,,BioImages subview: of a medium tree or large branch,,,Gemma free tag: close-up,True,not-visible,not-visible,unspecified
baskauf/26528,baskauf_26528.jpg,Prunus pensylvanica,twig,orientation of petioles,twig / orientation of petioles,twig,ind-baskauf/26515,close-up,medium,"A diagnostic organ, surface, or fine detail is the main subject.",,,BioImages subview: orientation of petioles,Gemma: contextual woody structure + visible subject,,Gemma free tag: close-up,True,leaf-off,not-visible,unspecified
baskauf/26531,baskauf_26531.jpg,Prunus pensylvanica,leaf,margin of upper + lower surface,leaf / margin of upper + lower surface,leaf,ind-baskauf/26515,close-up,high,"A diagnostic organ, surface, or fine detail is the main subject.",,,,,BioImages subview: margin of upper + lower surface,Gemma: leaf margin | Gemma: leaf upper surface | Gemma free tag: close-up,False,leaf-on,not-visible,unspecified
baskauf/26519,baskauf_26519.jpg,Prunus pensylvanica,leaf,showing orientation on twig,leaf / showing orientation on twig,leaf,ind-baskauf/26515,mid-range,high,"A branch system or contextual plant part is visible, without the whole organism.",,,BioImages subview: showing orientation on twig,Gemma: contextual woody structure + visible subject,,,False,leaf-on,not-visible,unspecified
baskauf/26526,baskauf_26526.jpg,Prunus pensylvanica,leaf,whole upper surface,leaf / whole upper surface,leaf,ind-baskauf/26515,close-up,high,"A diagnostic organ, surface, or fine detail is the main subject.",,,,Gemma: contextual woody structure + visible subject,BioImages subview: whole upper surface,Gemma: leaf upper surface | Gemma free tag: close-up,False,leaf-on,not-visible,unspecified
baskauf/10643,baskauf_10643.jpg,Prunus serotina,whole tree (or vine),view up trunk,whole tree (or vine) / view up trunk,whole-tree,ind-baskauf/10643,distant,high,Whole organism or crown is visible with scene context.,BioImages group: whole-tree,Gemma: whole plant,,Gemma: contextual woody structure + visible subject,,,False,leaf-on,not-visible,unspecified
baskauf/12043,baskauf_12043.jpg,Prunus serotina,whole tree (or vine),view up trunk,whole tree (or vine) / view up trunk,whole-tree,ind-baskauf/12041,distant,high,Whole organism or crown is visible with scene context.,BioImages group: whole-tree,Gemma: whole plant,,Gemma: contextual woody structure + visible subject,,,False,leaf-on,not-visible,unspecified
baskauf/11331,baskauf_11331.jpg,Prunus serotina,bark,of a large tree,bark / of a large tree,bark,ind-baskauf/11331,close-up,medium,"A diagnostic organ, surface, or fine detail is the main subject.",,,,Gemma: contextual woody structure + visible subject,,Gemma free tag: close-up,True,not-visible,not-visible,unspecified
baskauf/12041,baskauf_12041.jpg,Prunus serotina,bark,of a large tree,bark / of a large tree,bark,ind-baskauf/12041,distant,medium,Whole organism or crown is visible with scene context.,,Gemma: whole plant,,Gemma: contextual woody structure + visible subject,,,True,not-visible,not-visible,environmental
baskauf/12045,baskauf_12045.jpg,Prunus serotina,bark,of a large tree,bark / of a large tree,bark,ind-baskauf/12041,close-up,medium,"A diagnostic organ, surface, or fine detail is the main subject.",,,,,,Gemma free tag: close-up,True,not-visible,not-visible,unspecified
baskauf/11213,baskauf_11213.jpg,Prunus serotina,bark,of a small tree or small branch,bark / of a small tree or small branch,bark,ind-baskauf/10643,close-up,medium,"A diagnostic organ, surface, or fine detail is the main subject.",,,BioImages subview: of a small tree or small branch,Gemma: contextual woody structure + visible subject,,Gemma free tag: close-up,True,not-visible,not-visible,unspecified
baskauf/11327,baskauf_11327.jpg,Prunus serotina,bark,of a small tree or small branch,bark / of a small tree or small branch,bark,ind-baskauf/11327,close-up,medium,"A diagnostic organ, surface, or fine detail is the main subject.",,,BioImages subview: of a small tree or small branch,,,Gemma free tag: close-up,True,not-visible,not-visible,unspecified
baskauf/50473,baskauf_50473.jpg,Prunus serotina,twig,winter overall,twig / winter overall,twig,ind-baskauf/10643,close-up,medium,"A diagnostic organ, surface, or fine detail is the main subject.",,,,Gemma: contextual woody structure + visible subject,,Gemma free tag: close-up,True,leaf-off,not-visible,unspecified
baskauf/50474,baskauf_50474.jpg,Prunus serotina,twig,winter overall,twig / winter overall,twig,ind-baskauf/10643,close-up,medium,"A diagnostic organ, surface, or fine detail is the main subject.",,,,Gemma: contextual woody structure + visible subject,,Gemma free tag: close-up,True,leaf-off,not-visible,unspecified
baskauf/15381,baskauf_15381.jpg,Prunus serotina,leaf,margin of upper + lower surface,leaf / margin of upper + lower surface,leaf,ind-baskauf/10643,close-up,high,"A diagnostic organ, surface, or fine detail is the main subject.",,,,,BioImages subview: margin of upper + lower surface,Gemma: leaf margin | Gemma: leaf upper surface | Gemma free tag: close-up,False,leaf-on,not-visible,unspecified
baskauf/11961,baskauf_11961.jpg,Prunus serotina,leaf,showing orientation on twig,leaf / showing orientation on twig,leaf,ind-baskauf/11961,mid-range,high,"A branch system or contextual plant part is visible, without the whole organism.",,,BioImages subview: showing orientation on twig,Gemma: contextual woody structure + visible subject,,,False,leaf-on,not-visible,unspecified
baskauf/11962,baskauf_11962.jpg,Prunus serotina,leaf,whole upper surface,leaf / whole upper surface,leaf,ind-baskauf/11961,close-up,high,"A diagnostic organ, surface, or fine detail is the main subject.",,,,Gemma: contextual woody structure + visible subject,BioImages subview: whole upper surface,Gemma: leaf upper surface | Gemma free tag: close-up,False,leaf-on,not-visible,unspecified
baskauf/29787,baskauf_29787.jpg,Prunus serotina,leaf,whole upper surface,leaf / whole upper surface,leaf,ind-baskauf/10643,close-up,high,"A diagnostic organ, surface, or fine detail is the main subject.",,,,Gemma: contextual woody structure + visible subject,BioImages subview: whole upper surface,Gemma: leaf margin | Gemma: leaf upper surface | Gemma free tag: close-up,False,leaf-on,not-visible,unspecified
baskauf/10652,baskauf_10652.jpg,Prunus serotina,inflorescence,frontal view of flower,inflorescence / frontal view of flower,flower,ind-baskauf/10643,close-up,high,"A diagnostic organ, surface, or fine detail is the main subject.",,,,,BioImages subview: frontal view of flower,Gemma: flower close-up | Gemma free tag: close-up,False,not-visible,visible,unspecified
baskauf/10651,baskauf_10651.jpg,Prunus serotina,inflorescence,whole - unspecified,inflorescence / whole - unspecified,flower,ind-baskauf/10643,close-up,medium,"A diagnostic organ, surface, or fine detail is the main subject.",,,,Gemma: contextual woody structure + visible subject,,Gemma: flower close-up | Gemma free tag: close-up,True,leaf-on,visible,unspecified
baskauf/11964,baskauf_11964.jpg,Prunus serotina,fruit,as borne on the plant,fruit / as borne on the plant,fruit,ind-baskauf/11961,mid-range,high,"A branch system or contextual plant part is visible, without the whole organism.",,,BioImages subview: as borne on the plant,Gemma: contextual woody structure + visible subject,,,False,leaf-on,visible,unspecified
baskauf/35740,baskauf_35740.jpg,Prunus serotina,fruit,as borne on the plant,fruit / as borne on the plant,fruit,ind-baskauf/10643,close-up,medium,"A diagnostic organ, surface, or fine detail is the main subject.",,,BioImages subview: as borne on the plant,Gemma: contextual woody structure + visible subject,,Gemma: fruit close-up | Gemma free tag: close-up,True,leaf-on,visible,unspecified
baskauf/11966,baskauf_11966.jpg,Prunus serotina,fruit,immature,fruit / immature,fruit,ind-baskauf/11961,close-up,medium,"A diagnostic organ, surface, or fine detail is the main subject.",,,,Gemma: contextual woody structure + visible subject,,Gemma free tag: close-up,True,leaf-on,visible,unspecified
baskauf/35743,baskauf_35743.jpg,Prunus serotina,fruit,lateral or general close-up,fruit / lateral or general close-up,fruit,ind-baskauf/10643,close-up,high,"A diagnostic organ, surface, or fine detail is the main subject.",,,,Gemma: contextual woody structure + visible subject,BioImages subview: lateral or general close-up,Gemma: fruit close-up | Gemma free tag: close-up,False,not-visible,visible,unspecified
baskauf/35290,baskauf_35290.jpg,Prunus virginiana,whole tree (or vine),general,whole tree (or vine) / general,whole-tree,ind-baskauf/35287,distant,high,Whole organism or crown is visible with scene context.,BioImages group: whole-tree,Gemma: whole plant,,Gemma: contextual woody structure + visible subject,,,False,leaf-on,visible,unspecified
baskauf/35306,baskauf_35306.jpg,Prunus virginiana,bark,of a small tree or small branch,bark / of a small tree or small branch,bark,ind-baskauf/35287,close-up,medium,"A diagnostic organ, surface, or fine detail is the main subject.",,,BioImages subview: of a small tree or small branch,Gemma: contextual woody structure + visible subject,,Gemma free tag: close-up,True,not-visible,not-visible,unspecified
baskauf/35303,baskauf_35303.jpg,Prunus virginiana,twig,orientation of petioles,twig / orientation of petioles,twig,ind-baskauf/35287,close-up,medium,"A diagnostic organ, surface, or fine detail is the main subject.",,,BioImages subview: orientation of petioles,Gemma: contextual woody structure + visible subject,,Gemma: leaf margin | Gemma free tag: close-up,True,leaf-on,not-visible,unspecified
baskauf/35305,baskauf_35305.jpg,Prunus virginiana,twig,orientation of petioles,twig / orientation of petioles,twig,ind-baskauf/35287,close-up,medium,"A diagnostic organ, surface, or fine detail is the main subject.",,,BioImages subview: orientation of petioles,Gemma: contextual woody structure + visible subject,,Gemma: leaf scar | Gemma free tag: close-up,True,leaf-on,not-visible,unspecified
baskauf/35302,baskauf_35302.jpg,Prunus virginiana,leaf,whole upper surface,leaf / whole upper surface,leaf,ind-baskauf/35287,close-up,high,"A diagnostic organ, surface, or fine detail is the main subject.",,,,,BioImages subview: whole upper surface,Gemma: leaf margin | Gemma: leaf upper surface | Gemma free tag: close-up,False,leaf-on,not-visible,unspecified
baskauf/35296,baskauf_35296.jpg,Prunus virginiana,fruit,as borne on the plant,fruit / as borne on the plant,fruit,ind-baskauf/35287,mid-range,high,"A branch system or contextual plant part is visible, without the whole organism.",,,BioImages subview: as borne on the plant,Gemma: contextual woody structure + visible subject,,,False,leaf-on,visible,unspecified
baskauf/35299,baskauf_35299.jpg,Prunus virginiana,fruit,immature,fruit / immature,fruit,ind-baskauf/35287,close-up,medium,"A diagnostic organ, surface, or fine detail is the main subject.",,,,Gemma: contextual woody structure + visible subject,,Gemma: fruit close-up | Gemma free tag: close-up,True,not-visible,visible,unspecified
baskauf/32045,baskauf_32045.jpg,Pyrus calleryana,whole tree (or vine),general,whole tree (or vine) / general,whole-tree,ind-baskauf/31910,uncertain,conflict,Distant and close-up evidence both present; manual review required.,BioImages group: whole-tree,Gemma: whole plant | Gemma free tag: full crown,,Gemma: contextual woody structure + visible subject,,Gemma: flower close-up,True,not-visible,visible,environmental
baskauf/31257,baskauf_31257.jpg,Pyrus calleryana,whole tree (or vine),winter,whole tree (or vine) / winter,whole-tree,ind-baskauf/31257,uncertain,conflict,Distant and close-up evidence both present; manual review required.,BioImages group: whole-tree,Gemma: whole plant,,Gemma: contextual woody structure + visible subject,,Gemma: flower close-up,True,not-visible,visible,environmental
baskauf/31920,baskauf_31920.jpg,Pyrus calleryana,bark,of a large tree,bark / of a large tree,bark,ind-baskauf/31910,close-up,medium,"A diagnostic organ, surface, or fine detail is the main subject.",,,,,,Gemma free tag: close-up,True,not-visible,not-visible,unspecified
baskauf/31288,baskauf_31288.jpg,Pyrus calleryana,bark,of a medium tree or large branch,bark / of a medium tree or large branch,bark,ind-baskauf/31257,close-up,medium,"A diagnostic organ, surface, or fine detail is the main subject.",,,BioImages subview: of a medium tree or large branch,,,Gemma free tag: close-up,True,not-visible,not-visible,unspecified
baskauf/31922,baskauf_31922.jpg,Pyrus calleryana,bark,of a small tree or small branch,bark / of a small tree or small branch,bark,ind-baskauf/31910,close-up,medium,"A diagnostic organ, surface, or fine detail is the main subject.",,,BioImages subview: of a small tree or small branch,Gemma: contextual woody structure + visible subject,,Gemma free tag: close-up,True,not-visible,not-visible,unspecified
baskauf/31916,baskauf_31916.jpg,Pyrus calleryana,twig,orientation of petioles,twig / orientation of petioles,twig,ind-baskauf/31910,close-up,medium,"A diagnostic organ, surface, or fine detail is the main subject.",,,BioImages subview: orientation of petioles,Gemma: contextual woody structure + visible subject,,Gemma free tag: close-up,True,not-visible,not-visible,unspecified
baskauf/31917,baskauf_31917.jpg,Pyrus calleryana,twig,orientation of petioles,twig / orientation of petioles,twig,ind-baskauf/31910,close-up,medium,"A diagnostic organ, surface, or fine detail is the main subject.",,,BioImages subview: orientation of petioles,Gemma: contextual woody structure + visible subject,,Gemma: terminal bud,True,not-visible,not-visible,unspecified
baskauf/31283,baskauf_31283.jpg,Pyrus calleryana,twig,winter overall,twig / winter overall,twig,ind-baskauf/31257,mid-range,medium,"A branch system or contextual plant part is visible, without the whole organism.",,,,Gemma: contextual woody structure + visible subject,,,True,leaf-off,not-visible,unspecified
baskauf/31285,baskauf_31285.jpg,Pyrus calleryana,twig,winter overall,twig / winter overall,twig,ind-baskauf/31257,close-up,medium,"A diagnostic organ, surface, or fine detail is the main subject.",,,,Gemma: contextual woody structure + visible subject,,Gemma: leaf scar | Gemma: terminal bud | Gemma free tag: close-up,True,leaf-off,not-visible,unspecified
baskauf/31291,baskauf_31291.jpg,Pyrus calleryana,twig,winter overall,twig / winter overall,twig,ind-baskauf/31257,close-up,medium,"A diagnostic organ, surface, or fine detail is the main subject.",,,,Gemma: contextual woody structure + visible subject,,Gemma free tag: close-up,True,leaf-off,not-visible,unspecified
baskauf/31778,baskauf_31778.jpg,Pyrus calleryana,leaf,margin of upper + lower surface,leaf / margin of upper + lower surface,leaf,ind-baskauf/31257,close-up,high,"A diagnostic organ, surface, or fine detail is the main subject.",,,,,BioImages subview: margin of upper + lower surface,Gemma: leaf margin | Gemma: leaf upper surface | Gemma free tag: close-up | Gemma free tag: macro photo,False,leaf-on,not-visible,unspecified
baskauf/31780,baskauf_31780.jpg,Pyrus calleryana,leaf,margin of upper + lower surface,leaf / margin of upper + lower surface,leaf,ind-baskauf/31257,close-up,high,"A diagnostic organ, surface, or fine detail is the main subject.",,,,,BioImages subview: margin of upper + lower surface,Gemma: leaf margin | Gemma: leaf upper surface | Gemma free tag: close-up,False,leaf-on,not-visible,unspecified
baskauf/31980,baskauf_31980.jpg,Pyrus calleryana,leaf,margin of upper + lower surface,leaf / margin of upper + lower surface,leaf,ind-baskauf/31910,close-up,high,"A diagnostic organ, surface, or fine detail is the main subject.",,,,,BioImages subview: margin of upper + lower surface,Gemma: leaf margin | Gemma: leaf upper surface | Gemma free tag: close-up,False,leaf-on,not-visible,unspecified
baskauf/32748,baskauf_32748.jpg,Pyrus calleryana,leaf,margin of upper + lower surface,leaf / margin of upper + lower surface,leaf,ind-baskauf/31910,close-up,high,"A diagnostic organ, surface, or fine detail is the main subject.",,,,,BioImages subview: margin of upper + lower surface,Gemma: leaf margin | Gemma: leaf upper surface | Gemma free tag: close-up,False,leaf-on,not-visible,unspecified
baskauf/32764,baskauf_32764.jpg,Pyrus calleryana,leaf,margin of upper + lower surface,leaf / margin of upper + lower surface,leaf,ind-baskauf/31910,close-up,high,"A diagnostic organ, surface, or fine detail is the main subject.",,,,,BioImages subview: margin of upper + lower surface,Gemma: leaf margin | Gemma: leaf upper surface | Gemma free tag: close-up,False,leaf-on,not-visible,unspecified
baskauf/32768,baskauf_32768.jpg,Pyrus calleryana,leaf,margin of upper + lower surface,leaf / margin of upper + lower surface,leaf,ind-baskauf/32766,close-up,high,"A diagnostic organ, surface, or fine detail is the main subject.",,,,,BioImages subview: margin of upper + lower surface,Gemma: leaf margin | Gemma: leaf upper surface | Gemma free tag: close-up,False,leaf-on,not-visible,unspecified
baskauf/32770,baskauf_32770.jpg,Pyrus calleryana,leaf,margin of upper + lower surface,leaf / margin of upper + lower surface,leaf,ind-baskauf/32766,close-up,high,"A diagnostic organ, surface, or fine detail is the main subject.",,,,,BioImages subview: margin of upper + lower surface,Gemma: leaf margin | Gemma: leaf upper surface | Gemma free tag: close-up,False,leaf-on,not-visible,unspecified
baskauf/32629,baskauf_32629.jpg,Pyrus calleryana,leaf,showing orientation on twig,leaf / showing orientation on twig,leaf,ind-baskauf/31910,close-up,medium,"A diagnostic organ, surface, or fine detail is the main subject.",,,BioImages subview: showing orientation on twig,Gemma: contextual woody structure + visible subject,,Gemma: flower close-up | Gemma free tag: close-up,True,leaf-on,visible,unspecified
baskauf/31775,baskauf_31775.jpg,Pyrus calleryana,leaf,whole upper surface,leaf / whole upper surface,leaf,ind-baskauf/31257,close-up,high,"A diagnostic organ, surface, or fine detail is the main subject.",,,,Gemma: contextual woody structure + visible subject,BioImages subview: whole upper surface,Gemma: leaf upper surface | Gemma: petiole arrangement | Gemma free tag: close-up,False,leaf-on,not-visible,unspecified
baskauf/31926,baskauf_31926.jpg,Pyrus calleryana,leaf,whole upper surface,leaf / whole upper surface,leaf,ind-baskauf/31910,close-up,high,"A diagnostic organ, surface, or fine detail is the main subject.",,,,,BioImages subview: whole upper surface,Gemma: leaf margin | Gemma: leaf upper surface | Gemma free tag: close-up,False,leaf-on,not-visible,unspecified
baskauf/32631,baskauf_32631.jpg,Pyrus calleryana,leaf,whole upper surface,leaf / whole upper surface,leaf,ind-baskauf/31910,close-up,high,"A diagnostic organ, surface, or fine detail is the main subject.",,,,,BioImages subview: whole upper surface,Gemma: leaf margin | Gemma: leaf upper surface | Gemma free tag: close-up,False,leaf-on,not-visible,unspecified
baskauf/32634,baskauf_32634.jpg,Pyrus calleryana,leaf,whole upper surface,leaf / whole upper surface,leaf,ind-baskauf/31257,close-up,high,"A diagnostic organ, surface, or fine detail is the main subject.",,,,,BioImages subview: whole upper surface,Gemma: leaf margin | Gemma: leaf upper surface | Gemma: petiole arrangement | Gemma free tag: close-up,False,leaf-on,not-visible,unspecified
baskauf/31282,baskauf_31282.jpg,Pyrus calleryana,inflorescence,frontal view of flower,inflorescence / frontal view of flower,flower,ind-baskauf/31257,close-up,high,"A diagnostic organ, surface, or fine detail is the main subject.",,,,,BioImages subview: frontal view of flower,Gemma: flower close-up | Gemma: flower interior | Gemma: frontal flower view | Gemma free tag: close-up,False,not-visible,visible,unspecified
baskauf/31911,baskauf_31911.jpg,Pyrus calleryana,inflorescence,frontal view of flower,inflorescence / frontal view of flower,flower,ind-baskauf/31910,close-up,high,"A diagnostic organ, surface, or fine detail is the main subject.",,,,Gemma: contextual woody structure + visible subject,BioImages subview: frontal view of flower,Gemma: flower close-up | Gemma: flower interior | Gemma free tag: close-up,False,not-visible,visible,unspecified
baskauf/31913,baskauf_31913.jpg,Pyrus calleryana,inflorescence,lateral view of flower,inflorescence / lateral view of flower,flower,ind-baskauf/31910,close-up,high,"A diagnostic organ, surface, or fine detail is the main subject.",,,,Gemma: contextual woody structure + visible subject,BioImages subview: lateral view of flower,Gemma: flower close-up | Gemma free tag: close-up,False,not-visible,visible,unspecified
baskauf/31996,baskauf_31996.jpg,Pyrus calleryana,inflorescence,lateral view of flower,inflorescence / lateral view of flower,flower,ind-baskauf/31910,close-up,high,"A diagnostic organ, surface, or fine detail is the main subject.",,,,Gemma: contextual woody structure + visible subject,BioImages subview: lateral view of flower,Gemma: flower close-up | Gemma free tag: close-up,False,not-visible,visible,unspecified
baskauf/31312,baskauf_31312.jpg,Pyrus calleryana,inflorescence,ventral view of flower + perianth,inflorescence / ventral view of flower + perianth,flower,ind-baskauf/31257,close-up,high,"A diagnostic organ, surface, or fine detail is the main subject.",,,,Gemma: contextual woody structure + visible subject,BioImages subview: ventral view of flower + perianth,Gemma: flower close-up | Gemma free tag: close-up,False,not-visible,visible,unspecified
baskauf/31314,baskauf_31314.jpg,Pyrus calleryana,inflorescence,ventral view of flower + perianth,inflorescence / ventral view of flower + perianth,flower,ind-baskauf/31257,close-up,high,"A diagnostic organ, surface, or fine detail is the main subject.",,,,,BioImages subview: ventral view of flower + perianth,Gemma: flower close-up | Gemma: flower interior | Gemma free tag: close-up,False,not-visible,visible,unspecified
baskauf/31981,baskauf_31981.jpg,Pyrus calleryana,inflorescence,ventral view of flower + perianth,inflorescence / ventral view of flower + perianth,flower,ind-baskauf/31910,close-up,high,"A diagnostic organ, surface, or fine detail is the main subject.",,,,Gemma: contextual woody structure + visible subject,BioImages subview: ventral view of flower + perianth,Gemma: flower close-up | Gemma free tag: close-up,False,not-visible,visible,unspecified
baskauf/31991,baskauf_31991.jpg,Pyrus calleryana,inflorescence,ventral view of flower + perianth,inflorescence / ventral view of flower + perianth,flower,ind-baskauf/31910,close-up,high,"A diagnostic organ, surface, or fine detail is the main subject.",,,,Gemma: contextual woody structure + visible subject,BioImages subview: ventral view of flower + perianth,Gemma: flower close-up | Gemma free tag: close-up,False,not-visible,visible,unspecified
baskauf/32752,baskauf_32752.jpg,Pyrus calleryana,inflorescence,ventral view of flower + perianth,inflorescence / ventral view of flower + perianth,flower,ind-baskauf/31910,close-up,high,"A diagnostic organ, surface, or fine detail is the main subject.",,,,Gemma: contextual woody structure + visible subject,BioImages subview: ventral view of flower + perianth,Gemma: fruit close-up | Gemma free tag: close-up,False,not-visible,visible,unspecified
baskauf/38700,baskauf_38700.jpg,Pyrus calleryana,fruit,as borne on the plant,fruit / as borne on the plant,fruit,ind-baskauf/31257,close-up,medium,"A diagnostic organ, surface, or fine detail is the main subject.",,,BioImages subview: as borne on the plant,Gemma: contextual woody structure + visible subject,,Gemma: fruit close-up | Gemma free tag: close-up,True,not-visible,visible,unspecified
baskauf/32633,baskauf_32633.jpg,Pyrus calleryana,fruit,immature,fruit / immature,fruit,ind-baskauf/31257,close-up,medium,"A diagnostic organ, surface, or fine detail is the main subject.",,,,Gemma: contextual woody structure + visible subject,,Gemma: flower close-up | Gemma free tag: close-up,True,leaf-on,visible,unspecified
baskauf/33644,baskauf_33644.jpg,Pyrus calleryana,fruit,immature,fruit / immature,fruit,ind-baskauf/31910,close-up,medium,"A diagnostic organ, surface, or fine detail is the main subject.",,,,Gemma: contextual woody structure + visible subject,,Gemma free tag: close-up,True,leaf-on,visible,unspecified
baskauf/37883,baskauf_37883.jpg,Pyrus calleryana,fruit,immature,fruit / immature,fruit,ind-baskauf/31257,close-up,medium,"A diagnostic organ, surface, or fine detail is the main subject.",,,,Gemma: contextual woody structure + visible subject,,Gemma free tag: close-up,True,leaf-on,visible,unspecified
baskauf/37886,baskauf_37886.jpg,Pyrus calleryana,fruit,immature,fruit / immature,fruit,ind-baskauf/31257,close-up,medium,"A diagnostic organ, surface, or fine detail is the main subject.",,,,Gemma: contextual woody structure + visible subject,,Gemma: fruit close-up | Gemma free tag: close-up,True,not-visible,visible,unspecified
baskauf/38441,baskauf_38441.jpg,Pyrus calleryana,fruit,immature,fruit / immature,fruit,ind-baskauf/31257,close-up,medium,"A diagnostic organ, surface, or fine detail is the main subject.",,,,Gemma: contextual woody structure + visible subject,,Gemma: fruit close-up | Gemma free tag: close-up,True,leaf-on,visible,unspecified
baskauf/35968,baskauf_35968.jpg,Pyrus calleryana,fruit,lateral or general close-up,fruit / lateral or general close-up,fruit,ind-baskauf/31910,close-up,high,"A diagnostic organ, surface, or fine detail is the main subject.",,,,Gemma: contextual woody structure + visible subject,BioImages subview: lateral or general close-up,Gemma: fruit close-up | Gemma free tag: close-up,False,leaf-on,visible,unspecified
baskauf/38433,baskauf_38433.jpg,Pyrus calleryana,fruit,lateral or general close-up,fruit / lateral or general close-up,fruit,ind-baskauf/31910,close-up,high,"A diagnostic organ, surface, or fine detail is the main subject.",,,,Gemma: contextual woody structure + visible subject,BioImages subview: lateral or general close-up,Gemma: fruit close-up | Gemma free tag: close-up,False,not-visible,visible,unspecified
baskauf/38698,baskauf_38698.jpg,Pyrus calleryana,fruit,lateral or general close-up,fruit / lateral or general close-up,fruit,ind-baskauf/31257,close-up,high,"A diagnostic organ, surface, or fine detail is the main subject.",,,,Gemma: contextual woody structure + visible subject,BioImages subview: lateral or general close-up,Gemma: fruit close-up | Gemma free tag: close-up,False,not-visible,visible,unspecified
baskauf/38731,baskauf_38731.jpg,Pyrus calleryana,fruit,section or open,fruit / section or open,fruit,ind-baskauf/31257,close-up,high,"A diagnostic organ, surface, or fine detail is the main subject.",,,,Gemma: contextual woody structure + visible subject,BioImages subview: section or open,Gemma: fruit close-up | Gemma: opened or sectioned fruit | Gemma free tag: close-up,False,not-visible,visible,unspecified
baskauf/38461,baskauf_38461.jpg,Pyrus calleryana,seed,general view,seed / general view,seed,ind-baskauf/31910,close-up,medium,"A diagnostic organ, surface, or fine detail is the main subject.",,,,Gemma: contextual woody structure + visible subject,,Gemma: fruit close-up | Gemma: opened or sectioned fruit | Gemma free tag: close-up,True,not-visible,visible,unspecified
baskauf/43578,baskauf_43578.jpg,Pyrus calleryana,seed,general view,seed / general view,seed,ind-baskauf/31910,close-up,medium,"A diagnostic organ, surface, or fine detail is the main subject.",,,,,,Gemma: fruit close-up | Gemma free tag: isolated seed,True,not-visible,visible,isolated
baskauf/10992,baskauf_10992.jpg,Quercus alba,whole tree (or vine),general,whole tree (or vine) / general,whole-tree,ind-baskauf/10992,distant,high,Whole organism or crown is visible with scene context.,BioImages group: whole-tree,Gemma: whole plant | Gemma free tag: full tree | Gemma free tag: tree crown,,Gemma: contextual woody structure + visible subject,,,False,leaf-on,not-visible,unspecified
baskauf/12409,baskauf_12409.jpg,Quercus alba,whole tree (or vine),general,whole tree (or vine) / general,whole-tree,vanderbilt/7-324,distant,high,Whole organism or crown is visible with scene context.,BioImages group: whole-tree,Gemma: whole plant | Gemma free tag: full crown,,,,,False,leaf-on,not-visible,environmental
baskauf/35191,baskauf_35191.jpg,Quercus alba,whole tree (or vine),general,whole tree (or vine) / general,whole-tree,ind-baskauf/35191,distant,high,Whole organism or crown is visible with scene context.,BioImages group: whole-tree,Gemma: whole plant,,Gemma: contextual woody structure + visible subject,,,False,leaf-on,not-visible,environmental
baskauf/90712,baskauf_90712.jpg,Quercus alba,whole tree (or vine),general,whole tree (or vine) / general,whole-tree,vanderbilt/15-134,distant,high,Whole organism or crown is visible with scene context.,BioImages group: whole-tree,Gemma: whole plant,,Gemma: contextual woody structure + visible subject,,,False,leaf-on,not-visible,environmental
baskauf/90714,baskauf_90714.jpg,Quercus alba,whole tree (or vine),general,whole tree (or vine) / general,whole-tree,vanderbilt/15-134,distant,high,Whole organism or crown is visible with scene context.,BioImages group: whole-tree,Gemma: whole plant,,Gemma: contextual woody structure + visible subject,,,False,leaf-on,not-visible,environmental
baskauf/91139,baskauf_91139.jpg,Quercus alba,whole tree (or vine),general,whole tree (or vine) / general,whole-tree,vanderbilt/15-139,distant,high,Whole organism or crown is visible with scene context.,BioImages group: whole-tree,Gemma: whole plant,,Gemma: contextual woody structure + visible subject,,,False,leaf-on,not-visible,environmental
baskauf/91140,baskauf_91140.jpg,Quercus alba,whole tree (or vine),general,whole tree (or vine) / general,whole-tree,vanderbilt/15-139,distant,high,Whole organism or crown is visible with scene context.,BioImages group: whole-tree,Gemma: whole plant | Gemma free tag: full tree,,Gemma: contextual woody structure + visible subject,,,False,leaf-on,not-visible,environmental
kirchoff/ac1447,kirchoff_ac1447.jpg,Quercus alba,whole tree (or vine),general,whole tree (or vine) / general,whole-tree,ind-kirchoff/mason03,distant,high,Whole organism or crown is visible with scene context.,BioImages group: whole-tree,Gemma: whole plant,,Gemma: contextual woody structure + visible subject,,,False,leaf-on,not-visible,unspecified
kirchoff/em2703,kirchoff_em2703.jpg,Quercus alba,whole tree (or vine),general,whole tree (or vine) / general,whole-tree,ind-kirchoff/mason02,distant,high,Whole organism or crown is visible with scene context.,BioImages group: whole-tree,Gemma: whole plant,,Gemma: contextual woody structure + visible subject,,,False,leaf-on,not-visible,environmental
ssmv/2-161-04,ssmv_2-161-04.jpg,Quercus alba,whole tree (or vine),general,whole tree (or vine) / general,whole-tree,vanderbilt/1-178,distant,high,Whole organism or crown is visible with scene context.,BioImages group: whole-tree,Gemma: whole plant,,Gemma: contextual woody structure + visible subject,,,False,leaf-on,not-visible,unspecified
ssmv/2-759-01,ssmv_2-759-01.jpg,Quercus alba,whole tree (or vine),general,whole tree (or vine) / general,whole-tree,vanderbilt/2-76,distant,high,Whole organism or crown is visible with scene context.,BioImages group: whole-tree,Gemma: whole plant | Gemma free tag: full crown,,Gemma: contextual woody structure + visible subject,,,False,leaf-on,not-visible,unspecified
baskauf/12411,baskauf_12411.jpg,Quercus alba,whole tree (or vine),view up trunk,whole tree (or vine) / view up trunk,whole-tree,vanderbilt/6-152,distant,high,Whole organism or crown is visible with scene context.,BioImages group: whole-tree,Gemma: whole plant,,Gemma: contextual woody structure + visible subject,,,False,not-visible,not-visible,environmental
ssmv/2-161-02,ssmv_2-161-02.jpg,Quercus alba,whole tree (or vine),view up trunk,whole tree (or vine) / view up trunk,whole-tree,vanderbilt/1-178,distant,high,Whole organism or crown is visible with scene context.,BioImages group: whole-tree,Gemma: whole plant,,Gemma: contextual woody structure + visible subject,,,False,leaf-on,not-visible,unspecified
baskauf/11251,baskauf_11251.jpg,Quercus alba,bark,of a large tree,bark / of a large tree,bark,vanderbilt/6-152,uncertain,low,"No positive distant, mid-range, or close-up evidence was found.",,,,,,,True,leaf-on,not-visible,unspecified
kirchoff/ac1448,kirchoff_ac1448.jpg,Quercus alba,bark,of a large tree,bark / of a large tree,bark,ind-kirchoff/mason03,uncertain,low,"No positive distant, mid-range, or close-up evidence was found.",,,,,,,True,not-visible,not-visible,environmental
kirchoff/ac1449,kirchoff_ac1449.jpg,Quercus alba,bark,of a large tree,bark / of a large tree,bark,ind-kirchoff/mason03,close-up,medium,"A diagnostic organ, surface, or fine detail is the main subject.",,,,,,Gemma free tag: close-up,True,not-visible,not-visible,unspecified
kirchoff/em2092,kirchoff_em2092.jpg,Quercus alba,bark,of a large tree,bark / of a large tree,bark,ind-kirchoff/mason03,close-up,medium,"A diagnostic organ, surface, or fine detail is the main subject.",,,,,,Gemma free tag: close-up,True,not-visible,not-visible,unspecified
kirchoff/em2093,kirchoff_em2093.jpg,Quercus alba,bark,of a large tree,bark / of a large tree,bark,ind-kirchoff/mason03,close-up,medium,"A diagnostic organ, surface, or fine detail is the main subject.",,,,,,Gemma free tag: close-up,True,not-visible,not-visible,environmental
kirchoff/em2106,kirchoff_em2106.jpg,Quercus alba,bark,of a large tree,bark / of a large tree,bark,ind-kirchoff/mason02,uncertain,low,"No positive distant, mid-range, or close-up evidence was found.",,,,,,,True,not-visible,not-visible,unspecified
kirchoff/em2107,kirchoff_em2107.jpg,Quercus alba,bark,of a large tree,bark / of a large tree,bark,ind-kirchoff/mason02,close-up,medium,"A diagnostic organ, surface, or fine detail is the main subject.",,,,,,Gemma free tag: close-up,True,not-visible,not-visible,unspecified
ssmv/2-161-01,ssmv_2-161-01.jpg,Quercus alba,bark,of a large tree,bark / of a large tree,bark,vanderbilt/1-178,close-up,medium,"A diagnostic organ, surface, or fine detail is the main subject.",,,,,,Gemma free tag: close-up,True,not-visible,not-visible,unspecified
baskauf/15641,baskauf_15641.jpg,Quercus alba,twig,orientation of petioles,twig / orientation of petioles,twig,vanderbilt/6-152,close-up,medium,"A diagnostic organ, surface, or fine detail is the main subject.",,,BioImages subview: orientation of petioles,Gemma: contextual woody structure + visible subject,,Gemma: petiole arrangement | Gemma free tag: close-up,True,not-visible,visible,unspecified
kirchoff/em2095,kirchoff_em2095.jpg,Quercus alba,twig,orientation of petioles,twig / orientation of petioles,twig,ind-kirchoff/mason03,close-up,medium,"A diagnostic organ, surface, or fine detail is the main subject.",,,BioImages subview: orientation of petioles,Gemma: contextual woody structure + visible subject,,Gemma: petiole arrangement | Gemma free tag: close-up,True,leaf-on,not-visible,unspecified
kirchoff/em2096,kirchoff_em2096.jpg,Quercus alba,twig,orientation of petioles,twig / orientation of petioles,twig,ind-kirchoff/mason03,close-up,medium,"A diagnostic organ, surface, or fine detail is the main subject.",,,BioImages subview: orientation of petioles,Gemma: contextual woody structure + visible subject,,Gemma free tag: close-up,True,leaf-on,not-visible,unspecified
kirchoff/em2112,kirchoff_em2112.jpg,Quercus alba,twig,orientation of petioles,twig / orientation of petioles,twig,ind-kirchoff/mason02,close-up,medium,"A diagnostic organ, surface, or fine detail is the main subject.",,,BioImages subview: orientation of petioles,Gemma: contextual woody structure + visible subject,,Gemma free tag: close-up,True,leaf-on,not-visible,unspecified
kirchoff/em2108,kirchoff_em2108.jpg,Quercus alba,twig,unspecified,twig / unspecified,twig,ind-kirchoff/mason02,close-up,medium,"A diagnostic organ, surface, or fine detail is the main subject.",,,,Gemma: contextual woody structure + visible subject,,Gemma: fruit close-up | Gemma free tag: close-up,True,leaf-off,visible,unspecified
kirchoff/em2097,kirchoff_em2097.jpg,Quercus alba,twig,winter overall,twig / winter overall,twig,ind-kirchoff/mason03,close-up,medium,"A diagnostic organ, surface, or fine detail is the main subject.",,,,Gemma: contextual woody structure + visible subject,,Gemma free tag: close-up,True,leaf-off,not-visible,unspecified
baskauf/15388,baskauf_15388.jpg,Quercus alba,leaf,margin of upper + lower surface,leaf / margin of upper + lower surface,leaf,ind-baskauf/15387,close-up,high,"A diagnostic organ, surface, or fine detail is the main subject.",,,,,BioImages subview: margin of upper + lower surface,Gemma: leaf margin | Gemma: leaf upper surface | Gemma free tag: close-up,False,leaf-on,not-visible,unspecified
kirchoff/em2102,kirchoff_em2102.jpg,Quercus alba,leaf,margin of upper + lower surface,leaf / margin of upper + lower surface,leaf,ind-kirchoff/mason03,close-up,high,"A diagnostic organ, surface, or fine detail is the main subject.",,,,,BioImages subview: margin of upper + lower surface,Gemma: leaf upper surface | Gemma free tag: close-up,False,leaf-on,not-visible,unspecified
kirchoff/em2119,kirchoff_em2119.jpg,Quercus alba,leaf,margin of upper + lower surface,leaf / margin of upper + lower surface,leaf,ind-kirchoff/mason02,close-up,high,"A diagnostic organ, surface, or fine detail is the main subject.",,,,,BioImages subview: margin of upper + lower surface,Gemma: leaf margin | Gemma: leaf upper surface | Gemma free tag: close-up,False,leaf-on,not-visible,unspecified
baskauf/10993,baskauf_10993.jpg,Quercus alba,leaf,showing orientation on twig,leaf / showing orientation on twig,leaf,ind-baskauf/10993,close-up,medium,"A diagnostic organ, surface, or fine detail is the main subject.",,,BioImages subview: showing orientation on twig,Gemma: contextual woody structure + visible subject,,Gemma: leaf upper surface | Gemma free tag: close-up,True,leaf-on,not-visible,unspecified
baskauf/12403,baskauf_12403.jpg,Quercus alba,leaf,showing orientation on twig,leaf / showing orientation on twig,leaf,vanderbilt/7-324,close-up,medium,"A diagnostic organ, surface, or fine detail is the main subject.",,,BioImages subview: showing orientation on twig,Gemma: contextual woody structure + visible subject,,Gemma free tag: close-up,True,leaf-on,visible,unspecified
baskauf/12407,baskauf_12407.jpg,Quercus alba,leaf,showing orientation on twig,leaf / showing orientation on twig,leaf,vanderbilt/7-324,close-up,medium,"A diagnostic organ, surface, or fine detail is the main subject.",,,BioImages subview: showing orientation on twig,,,Gemma: leaf upper surface | Gemma free tag: close-up,True,leaf-on,not-visible,unspecified
baskauf/16838,baskauf_16838.jpg,Quercus alba,leaf,showing orientation on twig,leaf / showing orientation on twig,leaf,ind-baskauf/16838,distant,medium,Whole organism or crown is visible with scene context.,,Gemma: whole plant,BioImages subview: showing orientation on twig,Gemma: contextual woody structure + visible subject,,,True,leaf-on,not-visible,environmental
kirchoff/em2094,kirchoff_em2094.jpg,Quercus alba,leaf,showing orientation on twig,leaf / showing orientation on twig,leaf,ind-kirchoff/mason03,close-up,medium,"A diagnostic organ, surface, or fine detail is the main subject.",,,BioImages subview: showing orientation on twig,Gemma: contextual woody structure + visible subject,,Gemma: leaf upper surface | Gemma free tag: close-up,True,leaf-on,not-visible,unspecified
kirchoff/em2110,kirchoff_em2110.jpg,Quercus alba,leaf,showing orientation on twig,leaf / showing orientation on twig,leaf,ind-kirchoff/mason02,close-up,medium,"A diagnostic organ, surface, or fine detail is the main subject.",,,BioImages subview: showing orientation on twig,Gemma: contextual woody structure + visible subject,,Gemma: leaf upper surface | Gemma free tag: close-up,True,leaf-on,not-visible,unspecified
ssmv/2-161-03,ssmv_2-161-03.jpg,Quercus alba,leaf,showing orientation on twig,leaf / showing orientation on twig,leaf,vanderbilt/1-178,mid-range,high,"A branch system or contextual plant part is visible, without the whole organism.",,,BioImages subview: showing orientation on twig,Gemma: contextual woody structure + visible subject,,,False,leaf-on,not-visible,unspecified
baskauf/12511,baskauf_12511.jpg,Quercus alba,leaf,unspecified,leaf / unspecified,leaf,vanderbilt/7-324,close-up,medium,"A diagnostic organ, surface, or fine detail is the main subject.",,,,,,Gemma: leaf margin | Gemma: leaf upper surface | Gemma: petiole arrangement | Gemma free tag: close-up,True,leaf-on,not-visible,unspecified
baskauf/12516,baskauf_12516.jpg,Quercus alba,leaf,unspecified,leaf / unspecified,leaf,vanderbilt/7-324,close-up,medium,"A diagnostic organ, surface, or fine detail is the main subject.",,,,,,Gemma: leaf margin | Gemma: leaf upper surface,True,leaf-on,not-visible,unspecified
baskauf/12528,baskauf_12528.jpg,Quercus alba,leaf,unspecified,leaf / unspecified,leaf,vanderbilt/7-324,close-up,medium,"A diagnostic organ, surface, or fine detail is the main subject.",,,,,,Gemma: leaf margin | Gemma: leaf upper surface | Gemma free tag: close-up,True,leaf-on,not-visible,unspecified
baskauf/15387,baskauf_15387.jpg,Quercus alba,leaf,whole upper surface,leaf / whole upper surface,leaf,ind-baskauf/15387,close-up,high,"A diagnostic organ, surface, or fine detail is the main subject.",,,,,BioImages subview: whole upper surface,Gemma: leaf margin | Gemma: leaf upper surface | Gemma free tag: close-up,False,leaf-on,visible,unspecified
kirchoff/em2099,kirchoff_em2099.jpg,Quercus alba,leaf,whole upper surface,leaf / whole upper surface,leaf,ind-kirchoff/mason03,close-up,high,"A diagnostic organ, surface, or fine detail is the main subject.",,,,,BioImages subview: whole upper surface,Gemma: leaf margin | Gemma: leaf upper surface,False,leaf-on,not-visible,unspecified
kirchoff/em2100,kirchoff_em2100.jpg,Quercus alba,leaf,whole upper surface,leaf / whole upper surface,leaf,ind-kirchoff/mason03,close-up,high,"A diagnostic organ, surface, or fine detail is the main subject.",,,,,BioImages subview: whole upper surface,Gemma: leaf margin | Gemma: leaf upper surface | Gemma free tag: isolated leaf,False,leaf-on,not-visible,isolated
kirchoff/em2101,kirchoff_em2101.jpg,Quercus alba,leaf,whole upper surface,leaf / whole upper surface,leaf,ind-kirchoff/mason03,close-up,high,"A diagnostic organ, surface, or fine detail is the main subject.",,,,,BioImages subview: whole upper surface,Gemma: leaf margin | Gemma: leaf upper surface | Gemma free tag: isolated leaf,False,leaf-on,not-visible,isolated
kirchoff/em2114,kirchoff_em2114.jpg,Quercus alba,leaf,whole upper surface,leaf / whole upper surface,leaf,ind-kirchoff/mason02,close-up,high,"A diagnostic organ, surface, or fine detail is the main subject.",,,,,BioImages subview: whole upper surface,Gemma: leaf upper surface | Gemma free tag: isolated leaf,False,leaf-on,not-visible,isolated
kirchoff/em2115,kirchoff_em2115.jpg,Quercus alba,leaf,whole upper surface,leaf / whole upper surface,leaf,ind-kirchoff/mason02,close-up,high,"A diagnostic organ, surface, or fine detail is the main subject.",,,,,BioImages subview: whole upper surface,Gemma: leaf margin | Gemma: leaf upper surface | Gemma free tag: isolated leaf,False,leaf-on,not-visible,isolated
kirchoff/em2116,kirchoff_em2116.jpg,Quercus alba,leaf,whole upper surface,leaf / whole upper surface,leaf,ind-kirchoff/mason02,close-up,high,"A diagnostic organ, surface, or fine detail is the main subject.",,,,,BioImages subview: whole upper surface,Gemma: leaf margin | Gemma: leaf upper surface | Gemma free tag: isolated leaf,False,leaf-on,not-visible,isolated
baskauf/19712,baskauf_19712.jpg,Quercus alba,inflorescence,whole - female,inflorescence / whole - female,flower,ind-baskauf/19695,close-up,medium,"A diagnostic organ, surface, or fine detail is the main subject.",,,,Gemma: contextual woody structure + visible subject,,Gemma free tag: close-up,True,leaf-on,not-visible,unspecified
baskauf/19705,baskauf_19705.jpg,Quercus alba,inflorescence,whole - male,inflorescence / whole - male,flower,ind-baskauf/19695,close-up,medium,"A diagnostic organ, surface, or fine detail is the main subject.",,,,Gemma: contextual woody structure + visible subject,,Gemma free tag: close-up,True,not-visible,visible,unspecified
baskauf/19695,baskauf_19695.jpg,Quercus alba,inflorescence,whole - unspecified,inflorescence / whole - unspecified,flower,ind-baskauf/19695,mid-range,medium,"A branch system or contextual plant part is visible, without the whole organism.",,,,Gemma: contextual woody structure + visible subject,,,True,leaf-on,visible,unspecified
baskauf/15637,baskauf_15637.jpg,Quercus alba,fruit,as borne on the plant,fruit / as borne on the plant,fruit,vanderbilt/6-152,close-up,medium,"A diagnostic organ, surface, or fine detail is the main subject.",,,BioImages subview: as borne on the plant,Gemma: contextual woody structure + visible subject,,Gemma: fruit close-up | Gemma free tag: close-up,True,not-visible,visible,unspecified
baskauf/12405,baskauf_12405.jpg,Quercus alba,fruit,immature,fruit / immature,fruit,vanderbilt/7-324,close-up,medium,"A diagnostic organ, surface, or fine detail is the main subject.",,,,,,Gemma: fruit close-up | Gemma free tag: close-up,True,leaf-on,visible,unspecified
baskauf/16842,baskauf_16842.jpg,Quercus alba,seed,unspecified,seed / unspecified,seed,ind-baskauf/16838,uncertain,low,"No positive distant, mid-range, or close-up evidence was found.",,,,,,,True,not-visible,visible,unspecified
kirchoff/em2105,kirchoff_em2105.jpg,Quercus alba,unspecified,unspecified,unspecified / unspecified,other,ind-kirchoff/mason03,close-up,medium,"A diagnostic organ, surface, or fine detail is the main subject.",,,,Gemma: contextual woody structure + visible subject,,Gemma: fruit close-up | Gemma free tag: close-up,True,leaf-on,visible,unspecified
baskauf/91110,baskauf_91110.jpg,Quercus bicolor,whole tree (or vine),general,whole tree (or vine) / general,whole-tree,vanderbilt/12-11,distant,high,Whole organism or crown is visible with scene context.,BioImages group: whole-tree,Gemma: whole plant | Gemma free tag: full tree,,Gemma: contextual woody structure + visible subject,,,False,leaf-on,not-visible,environmental
kirchoff/ac1468,kirchoff_ac1468.jpg,Quercus bicolor,whole tree (or vine),general,whole tree (or vine) / general,whole-tree,uncg/5,distant,high,Whole organism or crown is visible with scene context.,BioImages group: whole-tree,Gemma: whole plant | Gemma free tag: full tree,,,,,False,leaf-on,not-visible,unspecified
baskauf/12361,baskauf_12361.jpg,Quercus bicolor,whole tree (or vine),view up trunk,whole tree (or vine) / view up trunk,whole-tree,vanderbilt/6-173,distant,high,Whole organism or crown is visible with scene context.,BioImages group: whole-tree,Gemma: whole plant,,Gemma: contextual woody structure + visible subject,,,False,leaf-on,not-visible,environmental
baskauf/12356,baskauf_12356.jpg,Quercus bicolor,bark,of a large tree,bark / of a large tree,bark,vanderbilt/6-173,close-up,medium,"A diagnostic organ, surface, or fine detail is the main subject.",,,,,,Gemma free tag: close-up,True,not-visible,not-visible,unspecified
kirchoff/ac1469,kirchoff_ac1469.jpg,Quercus bicolor,bark,of a large tree,bark / of a large tree,bark,uncg/5,uncertain,low,"No positive distant, mid-range, or close-up evidence was found.",,,,,,,True,not-visible,not-visible,unspecified
kirchoff/ac1470,kirchoff_ac1470.jpg,Quercus bicolor,bark,of a large tree,bark / of a large tree,bark,uncg/5,close-up,medium,"A diagnostic organ, surface, or fine detail is the main subject.",,,,,,Gemma free tag: close-up,True,not-visible,not-visible,unspecified
kirchoff/em2143,kirchoff_em2143.jpg,Quercus bicolor,bark,of a large tree,bark / of a large tree,bark,uncg/5,close-up,medium,"A diagnostic organ, surface, or fine detail is the main subject.",,,,,,Gemma free tag: close-up,True,not-visible,not-visible,unspecified
kirchoff/em2144,kirchoff_em2144.jpg,Quercus bicolor,bark,of a large tree,bark / of a large tree,bark,uncg/5,close-up,medium,"A diagnostic organ, surface, or fine detail is the main subject.",,,,,,Gemma free tag: close-up,True,not-visible,not-visible,unspecified
baskauf/16026,baskauf_16026.jpg,Quercus bicolor,twig,orientation of petioles,twig / orientation of petioles,twig,vanderbilt/6-243,close-up,medium,"A diagnostic organ, surface, or fine detail is the main subject.",,,BioImages subview: orientation of petioles,Gemma: contextual woody structure + visible subject,,Gemma free tag: close-up,True,leaf-on,not-visible,unspecified
kirchoff/em2150,kirchoff_em2150.jpg,Quercus bicolor,twig,orientation of petioles,twig / orientation of petioles,twig,uncg/5,close-up,medium,"A diagnostic organ, surface, or fine detail is the main subject.",,,BioImages subview: orientation of petioles,Gemma: contextual woody structure + visible subject,,Gemma free tag: close-up,True,leaf-on,not-visible,unspecified
baskauf/12368,baskauf_12368.jpg,Quercus bicolor,leaf,margin of upper + lower surface,leaf / margin of upper + lower surface,leaf,vanderbilt/6-173,close-up,high,"A diagnostic organ, surface, or fine detail is the main subject.",,,,,BioImages subview: margin of upper + lower surface,Gemma: leaf margin | Gemma: leaf upper surface | Gemma free tag: close-up,False,leaf-on,not-visible,unspecified
baskauf/52483,baskauf_52483.jpg,Quercus bicolor,leaf,margin of upper + lower surface,leaf / margin of upper + lower surface,leaf,vanderbilt/12-11,close-up,high,"A diagnostic organ, surface, or fine detail is the main subject.",,,,,BioImages subview: margin of upper + lower surface,Gemma: leaf margin | Gemma: leaf upper surface | Gemma free tag: close-up,False,leaf-on,not-visible,unspecified
kirchoff/ac1478,kirchoff_ac1478.jpg,Quercus bicolor,leaf,margin of upper + lower surface,leaf / margin of upper + lower surface,leaf,uncg/5,close-up,high,"A diagnostic organ, surface, or fine detail is the main subject.",,,,,BioImages subview: margin of upper + lower surface,Gemma: leaf upper surface | Gemma free tag: close-up,False,leaf-on,not-visible,unspecified
kirchoff/ac1479,kirchoff_ac1479.jpg,Quercus bicolor,leaf,margin of upper + lower surface,leaf / margin of upper + lower surface,leaf,uncg/5,close-up,high,"A diagnostic organ, surface, or fine detail is the main subject.",,,,,BioImages subview: margin of upper + lower surface,Gemma: leaf margin | Gemma: leaf upper surface | Gemma free tag: close-up,False,leaf-on,not-visible,unspecified
baskauf/12363,baskauf_12363.jpg,Quercus bicolor,leaf,showing orientation on twig,leaf / showing orientation on twig,leaf,vanderbilt/6-173,close-up,medium,"A diagnostic organ, surface, or fine detail is the main subject.",,,BioImages subview: showing orientation on twig,Gemma: contextual woody structure + visible subject,,Gemma free tag: close-up,True,leaf-on,visible,unspecified
kirchoff/ac1472,kirchoff_ac1472.jpg,Quercus bicolor,leaf,showing orientation on twig,leaf / showing orientation on twig,leaf,uncg/5,close-up,medium,"A diagnostic organ, surface, or fine detail is the main subject.",,,BioImages subview: showing orientation on twig,Gemma: contextual woody structure + visible subject,,Gemma: leaf upper surface | Gemma free tag: close-up,True,leaf-on,not-visible,unspecified
kirchoff/ac1473,kirchoff_ac1473.jpg,Quercus bicolor,leaf,showing orientation on twig,leaf / showing orientation on twig,leaf,uncg/5,close-up,medium,"A diagnostic organ, surface, or fine detail is the main subject.",,,BioImages subview: showing orientation on twig,Gemma: contextual woody structure + visible subject,,Gemma: leaf upper surface,True,leaf-on,not-visible,environmental
kirchoff/em2146,kirchoff_em2146.jpg,Quercus bicolor,leaf,showing orientation on twig,leaf / showing orientation on twig,leaf,uncg/5,close-up,medium,"A diagnostic organ, surface, or fine detail is the main subject.",,,BioImages subview: showing orientation on twig,Gemma: contextual woody structure + visible subject,,Gemma: leaf upper surface | Gemma free tag: close-up,True,leaf-on,not-visible,unspecified
kirchoff/em2147,kirchoff_em2147.jpg,Quercus bicolor,leaf,showing orientation on twig,leaf / showing orientation on twig,leaf,uncg/5,close-up,medium,"A diagnostic organ, surface, or fine detail is the main subject.",,,BioImages subview: showing orientation on twig,Gemma: contextual woody structure + visible subject,,Gemma: leaf upper surface | Gemma free tag: close-up,True,leaf-on,not-visible,unspecified
baskauf/12382,baskauf_12382.jpg,Quercus bicolor,leaf,unspecified,leaf / unspecified,leaf,vanderbilt/6-173,close-up,medium,"A diagnostic organ, surface, or fine detail is the main subject.",,,,Gemma: contextual woody structure + visible subject,,Gemma: leaf upper surface | Gemma: petiole arrangement | Gemma free tag: close-up,True,leaf-on,not-visible,unspecified
baskauf/12396,baskauf_12396.jpg,Quercus bicolor,leaf,unspecified,leaf / unspecified,leaf,vanderbilt/6-173,close-up,medium,"A diagnostic organ, surface, or fine detail is the main subject.",,,,,,Gemma: leaf margin | Gemma: leaf upper surface | Gemma: petiole arrangement | Gemma free tag: close-up,True,leaf-on,not-visible,unspecified
baskauf/12366,baskauf_12366.jpg,Quercus bicolor,leaf,whole upper surface,leaf / whole upper surface,leaf,vanderbilt/6-173,close-up,high,"A diagnostic organ, surface, or fine detail is the main subject.",,,,Gemma: contextual woody structure + visible subject,BioImages subview: whole upper surface,Gemma: leaf margin | Gemma: leaf upper surface | Gemma free tag: close-up,False,leaf-on,not-visible,unspecified
kirchoff/ac1477,kirchoff_ac1477.jpg,Quercus bicolor,leaf,whole upper surface,leaf / whole upper surface,leaf,uncg/5,close-up,high,"A diagnostic organ, surface, or fine detail is the main subject.",,,,,BioImages subview: whole upper surface,Gemma: leaf margin | Gemma: leaf upper surface,False,leaf-on,not-visible,unspecified
kirchoff/em2152,kirchoff_em2152.jpg,Quercus bicolor,leaf,whole upper surface,leaf / whole upper surface,leaf,uncg/5,close-up,high,"A diagnostic organ, surface, or fine detail is the main subject.",,,,,BioImages subview: whole upper surface,Gemma: leaf margin | Gemma: leaf upper surface | Gemma free tag: isolated leaf,False,leaf-on,not-visible,isolated
kirchoff/em2153,kirchoff_em2153.jpg,Quercus bicolor,leaf,whole upper surface,leaf / whole upper surface,leaf,uncg/5,close-up,high,"A diagnostic organ, surface, or fine detail is the main subject.",,,,,BioImages subview: whole upper surface,Gemma: leaf margin | Gemma: leaf upper surface | Gemma free tag: isolated leaf,False,leaf-on,not-visible,isolated
kirchoff/em2154,kirchoff_em2154.jpg,Quercus bicolor,leaf,whole upper surface,leaf / whole upper surface,leaf,uncg/5,close-up,high,"A diagnostic organ, surface, or fine detail is the main subject.",,,,,BioImages subview: whole upper surface,Gemma: leaf upper surface,False,leaf-on,not-visible,unspecified
baskauf/18839,baskauf_18839.jpg,Quercus bicolor,inflorescence,whole - male,inflorescence / whole - male,flower,ind-baskauf/18833,close-up,medium,"A diagnostic organ, surface, or fine detail is the main subject.",,,,Gemma: contextual woody structure + visible subject,,Gemma free tag: close-up,True,not-visible,visible,unspecified
baskauf/51186,baskauf_51186.jpg,Quercus bicolor,inflorescence,whole - male,inflorescence / whole - male,flower,vanderbilt/12-11,close-up,medium,"A diagnostic organ, surface, or fine detail is the main subject.",,,,Gemma: contextual woody structure + visible subject,,Gemma: flower close-up | Gemma free tag: close-up,True,not-visible,visible,unspecified
baskauf/18836,baskauf_18836.jpg,Quercus bicolor,inflorescence,whole - unspecified,inflorescence / whole - unspecified,flower,ind-baskauf/18833,close-up,medium,"A diagnostic organ, surface, or fine detail is the main subject.",,,,Gemma: contextual woody structure + visible subject,,Gemma: flower close-up | Gemma free tag: close-up,True,not-visible,visible,unspecified
baskauf/51183,baskauf_51183.jpg,Quercus bicolor,inflorescence,whole - unspecified,inflorescence / whole - unspecified,flower,vanderbilt/12-11,mid-range,medium,"A branch system or contextual plant part is visible, without the whole organism.",,,,Gemma: contextual woody structure + visible subject,,,True,not-visible,visible,unspecified
baskauf/16299,baskauf_16299.jpg,Quercus bicolor,fruit,lateral or general close-up,fruit / lateral or general close-up,fruit,ind-baskauf/16299,close-up,high,"A diagnostic organ, surface, or fine detail is the main subject.",,,,Gemma: contextual woody structure + visible subject,BioImages subview: lateral or general close-up,Gemma: fruit close-up | Gemma free tag: close-up,False,not-visible,visible,unspecified
baskauf/12413,baskauf_12413.jpg,Quercus macrocarpa,whole tree (or vine),general,whole tree (or vine) / general,whole-tree,vanderbilt/7-314,distant,high,Whole organism or crown is visible with scene context.,BioImages group: whole-tree,Gemma: whole plant,,Gemma: contextual woody structure + visible subject,,,False,leaf-on,not-visible,unspecified
baskauf/79649,baskauf_79649.jpg,Quercus macrocarpa,whole tree (or vine),general,whole tree (or vine) / general,whole-tree,vanderbilt/7-314,distant,high,Whole organism or crown is visible with scene context.,BioImages group: whole-tree,Gemma: whole plant | Gemma free tag: full crown,,Gemma: contextual woody structure + visible subject,,,False,leaf-on,not-visible,unspecified
baskauf/90661,baskauf_90661.jpg,Quercus macrocarpa,whole tree (or vine),general,whole tree (or vine) / general,whole-tree,vanderbilt/6-135,distant,high,Whole organism or crown is visible with scene context.,BioImages group: whole-tree,Gemma: whole plant | Gemma free tag: full tree,,Gemma: contextual woody structure + visible subject,,,False,leaf-on,not-visible,unspecified
baskauf/91098,baskauf_91098.jpg,Quercus macrocarpa,whole tree (or vine),general,whole tree (or vine) / general,whole-tree,vanderbilt/6-153,distant,high,Whole organism or crown is visible with scene context.,BioImages group: whole-tree,Gemma: whole plant | Gemma free tag: full tree,,Gemma: contextual woody structure + visible subject,,,False,leaf-on,not-visible,environmental
baskauf/91119,baskauf_91119.jpg,Quercus macrocarpa,whole tree (or vine),general,whole tree (or vine) / general,whole-tree,vanderbilt/12-29,distant,high,Whole organism or crown is visible with scene context.,BioImages group: whole-tree,Gemma: whole plant | Gemma free tag: full crown,,Gemma: contextual woody structure + visible subject,,,False,leaf-on,not-visible,unspecified
vanderbilt/conkin-p-69-campus-from-kirkland-tower,vanderbilt_conkin-p-69-campus-from-kirkland-tower.jpg,Quercus macrocarpa,whole tree (or vine),general,whole tree (or vine) / general,whole-tree,vanderbilt/h001,distant,high,Whole organism or crown is visible with scene context.,BioImages group: whole-tree,Gemma: whole plant | Gemma free tag: tree crown,,Gemma: contextual woody structure + visible subject,,,False,leaf-on,not-visible,unspecified
baskauf/12420,baskauf_12420.jpg,Quercus macrocarpa,whole tree (or vine),view up trunk,whole tree (or vine) / view up trunk,whole-tree,vanderbilt/7-314,distant,high,Whole organism or crown is visible with scene context.,BioImages group: whole-tree,Gemma: whole plant,,Gemma: contextual woody structure + visible subject,,,False,not-visible,not-visible,unspecified
baskauf/79651,baskauf_79651.jpg,Quercus macrocarpa,whole tree (or vine),view up trunk,whole tree (or vine) / view up trunk,whole-tree,vanderbilt/7-314,distant,high,Whole organism or crown is visible with scene context.,BioImages group: whole-tree,Gemma: whole plant,,Gemma: contextual woody structure + visible subject,,,False,leaf-on,not-visible,environmental
baskauf/12417,baskauf_12417.jpg,Quercus macrocarpa,bark,of a large tree,bark / of a large tree,bark,vanderbilt/7-314,close-up,medium,"A diagnostic organ, surface, or fine detail is the main subject.",,,,,,Gemma free tag: close-up,True,not-visible,not-visible,unspecified
baskauf/79653,baskauf_79653.jpg,Quercus macrocarpa,bark,of a large tree,bark / of a large tree,bark,vanderbilt/7-314,uncertain,low,"No positive distant, mid-range, or close-up evidence was found.",,,,,,,True,not-visible,not-visible,unspecified
vanderbilt/mcgaw-p137-old-central-porch,vanderbilt_mcgaw-p137-old-central-porch.jpg,Quercus macrocarpa,bark,of a large tree,bark / of a large tree,bark,vanderbilt/h001,distant,medium,Whole organism or crown is visible with scene context.,,Gemma: whole plant,,Gemma: contextual woody structure + visible subject,,,True,not-visible,not-visible,environmental
baskauf/15620,baskauf_15620.jpg,Quercus macrocarpa,twig,orientation of petioles,twig / orientation of petioles,twig,vanderbilt/6-135,close-up,medium,"A diagnostic organ, surface, or fine detail is the main subject.",,,BioImages subview: orientation of petioles,Gemma: contextual woody structure + visible subject,,Gemma free tag: close-up,True,leaf-on,not-visible,unspecified
baskauf/15624,baskauf_15624.jpg,Quercus macrocarpa,leaf,margin of upper + lower surface,leaf / margin of upper + lower surface,leaf,vanderbilt/6-135,close-up,high,"A diagnostic organ, surface, or fine detail is the main subject.",,,,Gemma: contextual woody structure + visible subject,BioImages subview: margin of upper + lower surface,Gemma: leaf margin | Gemma: leaf upper surface | Gemma free tag: close-up,False,leaf-on,not-visible,unspecified
baskauf/12493,baskauf_12493.jpg,Quercus macrocarpa,leaf,showing orientation on twig,leaf / showing orientation on twig,leaf,vanderbilt/7-314,close-up,medium,"A diagnostic organ, surface, or fine detail is the main subject.",,,BioImages subview: showing orientation on twig,Gemma: contextual woody structure + visible subject,,Gemma free tag: close-up,True,leaf-on,visible,unspecified
baskauf/12509,baskauf_12509.jpg,Quercus macrocarpa,leaf,unspecified,leaf / unspecified,leaf,vanderbilt/7-314,close-up,medium,"A diagnostic organ, surface, or fine detail is the main subject.",,,,,,Gemma: leaf margin | Gemma: leaf upper surface | Gemma free tag: close-up,True,leaf-on,not-visible,unspecified
baskauf/12522,baskauf_12522.jpg,Quercus macrocarpa,leaf,unspecified,leaf / unspecified,leaf,vanderbilt/7-314,close-up,medium,"A diagnostic organ, surface, or fine detail is the main subject.",,,,Gemma: contextual woody structure + visible subject,,Gemma: leaf upper surface | Gemma free tag: close-up,True,leaf-on,not-visible,unspecified
baskauf/12500,baskauf_12500.jpg,Quercus macrocarpa,leaf,whole upper surface,leaf / whole upper surface,leaf,vanderbilt/7-314,close-up,high,"A diagnostic organ, surface, or fine detail is the main subject.",,,,Gemma: contextual woody structure + visible subject,BioImages subview: whole upper surface,Gemma: leaf upper surface | Gemma free tag: close-up,False,leaf-on,not-visible,unspecified
baskauf/79657,baskauf_79657.jpg,Quercus macrocarpa,leaf,whole upper surface,leaf / whole upper surface,leaf,vanderbilt/7-314,close-up,high,"A diagnostic organ, surface, or fine detail is the main subject.",,,,Gemma: contextual woody structure + visible subject,BioImages subview: whole upper surface,Gemma free tag: close-up,False,leaf-on,visible,unspecified
baskauf/18859,baskauf_18859.jpg,Quercus macrocarpa,inflorescence,whole - female,inflorescence / whole - female,flower,ind-baskauf/18850,close-up,medium,"A diagnostic organ, surface, or fine detail is the main subject.",,,,Gemma: contextual woody structure + visible subject,,Gemma: terminal bud | Gemma free tag: close-up,True,leaf-on,not-visible,unspecified
baskauf/18855,baskauf_18855.jpg,Quercus macrocarpa,inflorescence,whole - male,inflorescence / whole - male,flower,ind-baskauf/18850,close-up,medium,"A diagnostic organ, surface, or fine detail is the main subject.",,,,Gemma: contextual woody structure + visible subject,,Gemma: flower close-up | Gemma free tag: close-up,True,not-visible,visible,unspecified
baskauf/18850,baskauf_18850.jpg,Quercus macrocarpa,inflorescence,whole - unspecified,inflorescence / whole - unspecified,flower,ind-baskauf/18850,mid-range,medium,"A branch system or contextual plant part is visible, without the whole organism.",,,,Gemma: contextual woody structure + visible subject,,,True,leaf-on,visible,unspecified
baskauf/15615,baskauf_15615.jpg,Quercus macrocarpa,fruit,as borne on the plant,fruit / as borne on the plant,fruit,vanderbilt/6-135,close-up,medium,"A diagnostic organ, surface, or fine detail is the main subject.",,,BioImages subview: as borne on the plant,,,Gemma: fruit close-up | Gemma free tag: close-up,True,leaf-on,visible,unspecified
baskauf/12318,baskauf_12318.jpg,Quercus muehlenbergii,whole tree (or vine),general,whole tree (or vine) / general,whole-tree,vanderbilt/15-154,distant,high,Whole organism or crown is visible with scene context.,BioImages group: whole-tree,Gemma: whole plant | Gemma free tag: full crown,,,,,False,leaf-on,not-visible,unspecified
baskauf/90718,baskauf_90718.jpg,Quercus muehlenbergii,whole tree (or vine),general,whole tree (or vine) / general,whole-tree,vanderbilt/15-154,distant,high,Whole organism or crown is visible with scene context.,BioImages group: whole-tree,Gemma: whole plant | Gemma free tag: full crown,,,,,False,leaf-on,not-visible,unspecified
baskauf/90950,baskauf_90950.jpg,Quercus muehlenbergii,whole tree (or vine),general,whole tree (or vine) / general,whole-tree,vanderbilt/7-282,distant,high,Whole organism or crown is visible with scene context.,BioImages group: whole-tree,Gemma: whole plant | Gemma free tag: full tree,,Gemma: contextual woody structure + visible subject,,,False,leaf-on,not-visible,environmental
baskauf/91004,baskauf_91004.jpg,Quercus muehlenbergii,whole tree (or vine),general,whole tree (or vine) / general,whole-tree,vanderbilt/7-282,distant,high,Whole organism or crown is visible with scene context.,BioImages group: whole-tree,Gemma: whole plant,,Gemma: contextual woody structure + visible subject,,,False,leaf-on,not-visible,environmental
baskauf/12055,baskauf_12055.jpg,Quercus muehlenbergii,whole tree (or vine),view up trunk,whole tree (or vine) / view up trunk,whole-tree,ind-baskauf/12050,distant,high,Whole organism or crown is visible with scene context.,BioImages group: whole-tree,Gemma: whole plant,,Gemma: contextual woody structure + visible subject,,,False,leaf-on,not-visible,unspecified
baskauf/12321,baskauf_12321.jpg,Quercus muehlenbergii,whole tree (or vine),view up trunk,whole tree (or vine) / view up trunk,whole-tree,vanderbilt/15-154,distant,high,Whole organism or crown is visible with scene context.,BioImages group: whole-tree,Gemma: whole plant,,Gemma: contextual woody structure + visible subject,,,False,leaf-on,not-visible,unspecified
baskauf/89368,baskauf_89368.jpg,Quercus muehlenbergii,whole tree (or vine),winter,whole tree (or vine) / winter,whole-tree,vanderbilt/7-282,distant,high,Whole organism or crown is visible with scene context.,BioImages group: whole-tree,Gemma: whole plant,,,,,False,leaf-off,not-visible,environmental
baskauf/12319,baskauf_12319.jpg,Quercus muehlenbergii,bark,of a large tree,bark / of a large tree,bark,vanderbilt/15-154,close-up,medium,"A diagnostic organ, surface, or fine detail is the main subject.",,,,,,Gemma free tag: close-up,True,not-visible,not-visible,unspecified
baskauf/12050,baskauf_12050.jpg,Quercus muehlenbergii,bark,of a medium tree or large branch,bark / of a medium tree or large branch,bark,ind-baskauf/12050,mid-range,medium,"A branch system or contextual plant part is visible, without the whole organism.",,,BioImages subview: of a medium tree or large branch,,,,True,not-visible,not-visible,environmental
baskauf/16083,baskauf_16083.jpg,Quercus muehlenbergii,twig,orientation of petioles,twig / orientation of petioles,twig,vanderbilt/15-154,close-up,medium,"A diagnostic organ, surface, or fine detail is the main subject.",,,BioImages subview: orientation of petioles,Gemma: contextual woody structure + visible subject,,Gemma free tag: close-up,True,mixed,not-visible,unspecified
baskauf/12328,baskauf_12328.jpg,Quercus muehlenbergii,leaf,margin of upper + lower surface,leaf / margin of upper + lower surface,leaf,vanderbilt/15-154,close-up,high,"A diagnostic organ, surface, or fine detail is the main subject.",,,,,BioImages subview: margin of upper + lower surface,Gemma: leaf margin | Gemma: leaf upper surface | Gemma free tag: close-up,False,leaf-on,not-visible,unspecified
baskauf/52480,baskauf_52480.jpg,Quercus muehlenbergii,leaf,margin of upper + lower surface,leaf / margin of upper + lower surface,leaf,vanderbilt/15-154,close-up,high,"A diagnostic organ, surface, or fine detail is the main subject.",,,,,BioImages subview: margin of upper + lower surface,Gemma: leaf margin | Gemma: leaf upper surface | Gemma free tag: close-up,False,leaf-on,not-visible,unspecified
baskauf/12323,baskauf_12323.jpg,Quercus muehlenbergii,leaf,showing orientation on twig,leaf / showing orientation on twig,leaf,vanderbilt/15-154,mid-range,high,"A branch system or contextual plant part is visible, without the whole organism.",,,BioImages subview: showing orientation on twig,Gemma: contextual woody structure + visible subject,,,False,leaf-on,visible,environmental
baskauf/12376,baskauf_12376.jpg,Quercus muehlenbergii,leaf,unspecified,leaf / unspecified,leaf,vanderbilt/15-154,close-up,medium,"A diagnostic organ, surface, or fine detail is the main subject.",,,,,,Gemma: leaf margin | Gemma: leaf upper surface | Gemma: petiole arrangement | Gemma free tag: close-up,True,leaf-on,not-visible,unspecified
baskauf/12393,baskauf_12393.jpg,Quercus muehlenbergii,leaf,unspecified,leaf / unspecified,leaf,vanderbilt/15-154,close-up,medium,"A diagnostic organ, surface, or fine detail is the main subject.",,,,,,Gemma: leaf margin | Gemma: leaf upper surface | Gemma free tag: close-up,True,leaf-on,not-visible,unspecified
baskauf/12324,baskauf_12324.jpg,Quercus muehlenbergii,leaf,whole upper surface,leaf / whole upper surface,leaf,vanderbilt/15-154,close-up,high,"A diagnostic organ, surface, or fine detail is the main subject.",,,,,BioImages subview: whole upper surface,Gemma: leaf margin | Gemma: leaf upper surface | Gemma free tag: close-up,False,leaf-on,not-visible,unspecified
baskauf/19373,baskauf_19373.jpg,Quercus muehlenbergii,inflorescence,whole - female,inflorescence / whole - female,flower,vanderbilt/15-154,close-up,medium,"A diagnostic organ, surface, or fine detail is the main subject.",,,,Gemma: contextual woody structure + visible subject,,Gemma: terminal bud | Gemma free tag: close-up,True,leaf-on,not-visible,unspecified
baskauf/19371,baskauf_19371.jpg,Quercus muehlenbergii,inflorescence,whole - male,inflorescence / whole - male,flower,vanderbilt/15-154,close-up,medium,"A diagnostic organ, surface, or fine detail is the main subject.",,,,Gemma: contextual woody structure + visible subject,,Gemma: flower close-up | Gemma free tag: close-up,True,not-visible,visible,unspecified
baskauf/19366,baskauf_19366.jpg,Quercus muehlenbergii,inflorescence,whole - unspecified,inflorescence / whole - unspecified,flower,vanderbilt/15-154,mid-range,medium,"A branch system or contextual plant part is visible, without the whole organism.",,,,Gemma: contextual woody structure + visible subject,,,True,not-visible,visible,unspecified
baskauf/16094,baskauf_16094.jpg,Quercus muehlenbergii,fruit,lateral or general close-up,fruit / lateral or general close-up,fruit,vanderbilt/15-154,close-up,high,"A diagnostic organ, surface, or fine detail is the main subject.",,,,Gemma: contextual woody structure + visible subject,BioImages subview: lateral or general close-up,Gemma: fruit close-up | Gemma free tag: close-up,False,not-visible,visible,unspecified
baskauf/12435,baskauf_12435.jpg,Quercus palustris,whole tree (or vine),general,whole tree (or vine) / general,whole-tree,vanderbilt/3-62,distant,high,Whole organism or crown is visible with scene context.,BioImages group: whole-tree,Gemma: whole plant,,Gemma: contextual woody structure + visible subject,,,False,leaf-on,not-visible,environmental
baskauf/90701,baskauf_90701.jpg,Quercus palustris,whole tree (or vine),general,whole tree (or vine) / general,whole-tree,vanderbilt/12-215,distant,high,Whole organism or crown is visible with scene context.,BioImages group: whole-tree,Gemma: whole plant,,Gemma: contextual woody structure + visible subject,,,False,leaf-on,not-visible,unspecified
baskauf/91133,baskauf_91133.jpg,Quercus palustris,whole tree (or vine),general,whole tree (or vine) / general,whole-tree,vanderbilt/12-76,distant,high,Whole organism or crown is visible with scene context.,BioImages group: whole-tree,Gemma: whole plant,,,,,False,leaf-on,not-visible,environmental
kirchoff/em1968,kirchoff_em1968.jpg,Quercus palustris,whole tree (or vine),general,whole tree (or vine) / general,whole-tree,uncg/84,distant,high,Whole organism or crown is visible with scene context.,BioImages group: whole-tree,Gemma: whole plant | Gemma free tag: full tree,,Gemma: contextual woody structure + visible subject,,,False,leaf-on,not-visible,environmental
kirchoff/em2312,kirchoff_em2312.jpg,Quercus palustris,whole tree (or vine),general,whole tree (or vine) / general,whole-tree,ind-kirchoff/mason18,distant,high,Whole organism or crown is visible with scene context.,BioImages group: whole-tree,Gemma: whole plant | Gemma free tag: full crown,,Gemma: contextual woody structure + visible subject,,,False,leaf-on,not-visible,unspecified
kirchoff/em2338,kirchoff_em2338.jpg,Quercus palustris,whole tree (or vine),general,whole tree (or vine) / general,whole-tree,ind-kirchoff/mason19,distant,high,Whole organism or crown is visible with scene context.,BioImages group: whole-tree,Gemma: whole plant,,,,,False,leaf-on,not-visible,environmental
kirchoff/em2559,kirchoff_em2559.jpg,Quercus palustris,whole tree (or vine),general,whole tree (or vine) / general,whole-tree,ind-kirchoff/mason24,distant,high,Whole organism or crown is visible with scene context.,BioImages group: whole-tree,Gemma: whole plant,,Gemma: contextual woody structure + visible subject,,,False,leaf-on,not-visible,unspecified
kirchoff/em2581,kirchoff_em2581.jpg,Quercus palustris,whole tree (or vine),general,whole tree (or vine) / general,whole-tree,ind-kirchoff/mason25,distant,high,Whole organism or crown is visible with scene context.,BioImages group: whole-tree,Gemma: whole plant | Gemma free tag: full crown,,Gemma: contextual woody structure + visible subject,,,False,leaf-on,not-visible,environmental
kirchoff/em2583,kirchoff_em2583.jpg,Quercus palustris,whole tree (or vine),general,whole tree (or vine) / general,whole-tree,ind-kirchoff/mason25,distant,high,Whole organism or crown is visible with scene context.,BioImages group: whole-tree,Gemma: whole plant,,Gemma: contextual woody structure + visible subject,,,False,leaf-on,not-visible,unspecified
kirchoff/em2604,kirchoff_em2604.jpg,Quercus palustris,whole tree (or vine),general,whole tree (or vine) / general,whole-tree,ind-kirchoff/mason26,distant,high,Whole organism or crown is visible with scene context.,BioImages group: whole-tree,Gemma: whole plant | Gemma free tag: tree crown,,Gemma: contextual woody structure + visible subject,,,False,leaf-on,not-visible,environmental
kirchoff/em2605,kirchoff_em2605.jpg,Quercus palustris,whole tree (or vine),general,whole tree (or vine) / general,whole-tree,ind-kirchoff/mason26,distant,high,Whole organism or crown is visible with scene context.,BioImages group: whole-tree,Gemma: whole plant | Gemma free tag: full tree,,Gemma: contextual woody structure + visible subject,,,False,leaf-on,not-visible,unspecified
baskauf/12440,baskauf_12440.jpg,Quercus palustris,whole tree (or vine),view up trunk,whole tree (or vine) / view up trunk,whole-tree,vanderbilt/3-62,distant,high,Whole organism or crown is visible with scene context.,BioImages group: whole-tree,Gemma: whole plant,,Gemma: contextual woody structure + visible subject,,,False,leaf-on,not-visible,unspecified
baskauf/12625,baskauf_12625.jpg,Quercus palustris,whole tree (or vine),view up trunk,whole tree (or vine) / view up trunk,whole-tree,vanderbilt/12-76,distant,high,Whole organism or crown is visible with scene context.,BioImages group: whole-tree,Gemma: whole plant,,Gemma: contextual woody structure + visible subject,,,False,leaf-on,not-visible,environmental
baskauf/15823,baskauf_15823.jpg,Quercus palustris,whole tree (or vine),view up trunk,whole tree (or vine) / view up trunk,whole-tree,ind-baskauf/15823,distant,high,Whole organism or crown is visible with scene context.,BioImages group: whole-tree,Gemma: whole plant,,,,,False,leaf-on,not-visible,unspecified
baskauf/15827,baskauf_15827.jpg,Quercus palustris,whole tree (or vine),view up trunk,whole tree (or vine) / view up trunk,whole-tree,ind-baskauf/15827,distant,high,Whole organism or crown is visible with scene context.,BioImages group: whole-tree,Gemma: whole plant,,,,,False,leaf-on,not-visible,unspecified
kirchoff/em2561,kirchoff_em2561.jpg,Quercus palustris,whole tree (or vine),view up trunk,whole tree (or vine) / view up trunk,whole-tree,ind-kirchoff/mason24,distant,high,Whole organism or crown is visible with scene context.,BioImages group: whole-tree,Gemma: whole plant,,Gemma: contextual woody structure + visible subject,,,False,leaf-on,not-visible,environmental
kirchoff/em2562,kirchoff_em2562.jpg,Quercus palustris,whole tree (or vine),view up trunk,whole tree (or vine) / view up trunk,whole-tree,ind-kirchoff/mason24,distant,high,Whole organism or crown is visible with scene context.,BioImages group: whole-tree,Gemma: whole plant,,Gemma: contextual woody structure + visible subject,,,False,leaf-on,not-visible,unspecified
baskauf/10858,baskauf_10858.jpg,Quercus palustris,bark,of a large tree,bark / of a large tree,bark,vanderbilt/7-163,close-up,medium,"A diagnostic organ, surface, or fine detail is the main subject.",,,,,,Gemma free tag: close-up,True,not-visible,not-visible,environmental
baskauf/12438,baskauf_12438.jpg,Quercus palustris,bark,of a large tree,bark / of a large tree,bark,vanderbilt/3-62,close-up,medium,"A diagnostic organ, surface, or fine detail is the main subject.",,,,,,Gemma free tag: close-up,True,not-visible,not-visible,unspecified
kirchoff/em1969,kirchoff_em1969.jpg,Quercus palustris,bark,of a large tree,bark / of a large tree,bark,uncg/84,close-up,medium,"A diagnostic organ, surface, or fine detail is the main subject.",,,,,,Gemma free tag: close-up,True,not-visible,not-visible,unspecified
kirchoff/em2200,kirchoff_em2200.jpg,Quercus palustris,bark,of a large tree,bark / of a large tree,bark,uncg/84,close-up,medium,"A diagnostic organ, surface, or fine detail is the main subject.",,,,,,Gemma free tag: close-up,True,not-visible,not-visible,unspecified
kirchoff/em2315,kirchoff_em2315.jpg,Quercus palustris,bark,of a large tree,bark / of a large tree,bark,ind-kirchoff/mason18,close-up,medium,"A diagnostic organ, surface, or fine detail is the main subject.",,,,,,Gemma free tag: close-up,True,not-visible,not-visible,unspecified
kirchoff/em2339,kirchoff_em2339.jpg,Quercus palustris,bark,of a large tree,bark / of a large tree,bark,ind-kirchoff/mason19,close-up,medium,"A diagnostic organ, surface, or fine detail is the main subject.",,,,,,Gemma free tag: close-up,True,not-visible,not-visible,unspecified
kirchoff/em2563,kirchoff_em2563.jpg,Quercus palustris,bark,of a large tree,bark / of a large tree,bark,ind-kirchoff/mason24,close-up,medium,"A diagnostic organ, surface, or fine detail is the main subject.",,,,,,Gemma free tag: close-up,True,not-visible,not-visible,unspecified
kirchoff/em2564,kirchoff_em2564.jpg,Quercus palustris,bark,of a large tree,bark / of a large tree,bark,ind-kirchoff/mason24,close-up,medium,"A diagnostic organ, surface, or fine detail is the main subject.",,,,,,Gemma free tag: close-up,True,not-visible,not-visible,unspecified
kirchoff/em2584,kirchoff_em2584.jpg,Quercus palustris,bark,of a large tree,bark / of a large tree,bark,ind-kirchoff/mason25,close-up,medium,"A diagnostic organ, surface, or fine detail is the main subject.",,,,,,Gemma free tag: close-up,True,not-visible,not-visible,unspecified
kirchoff/em2585,kirchoff_em2585.jpg,Quercus palustris,bark,of a large tree,bark / of a large tree,bark,ind-kirchoff/mason25,close-up,medium,"A diagnostic organ, surface, or fine detail is the main subject.",,,,,,Gemma free tag: close-up,True,not-visible,not-visible,unspecified
kirchoff/em2607,kirchoff_em2607.jpg,Quercus palustris,bark,of a large tree,bark / of a large tree,bark,ind-kirchoff/mason26,close-up,medium,"A diagnostic organ, surface, or fine detail is the main subject.",,,,,,Gemma free tag: close-up,True,not-visible,not-visible,unspecified
baskauf/12450,baskauf_12450.jpg,Quercus palustris,twig,orientation of petioles,twig / orientation of petioles,twig,vanderbilt/3-62,close-up,medium,"A diagnostic organ, surface, or fine detail is the main subject.",,,BioImages subview: orientation of petioles,Gemma: contextual woody structure + visible subject,,Gemma free tag: close-up,True,leaf-on,visible,unspecified
baskauf/15994,baskauf_15994.jpg,Quercus palustris,twig,orientation of petioles,twig / orientation of petioles,twig,vanderbilt/12-76,close-up,medium,"A diagnostic organ, surface, or fine detail is the main subject.",,,BioImages subview: orientation of petioles,Gemma: contextual woody structure + visible subject,,Gemma free tag: close-up,True,leaf-on,not-visible,unspecified
kirchoff/em1971,kirchoff_em1971.jpg,Quercus palustris,twig,orientation of petioles,twig / orientation of petioles,twig,uncg/84,mid-range,high,"A branch system or contextual plant part is visible, without the whole organism.",,,BioImages subview: orientation of petioles,Gemma: contextual woody structure + visible subject,,,False,leaf-on,not-visible,unspecified
kirchoff/em2009,kirchoff_em2009.jpg,Quercus palustris,twig,orientation of petioles,twig / orientation of petioles,twig,uncg/84,close-up,medium,"A diagnostic organ, surface, or fine detail is the main subject.",,,BioImages subview: orientation of petioles,Gemma: contextual woody structure + visible subject,,Gemma free tag: close-up,True,leaf-off,not-visible,unspecified
kirchoff/em2319,kirchoff_em2319.jpg,Quercus palustris,twig,orientation of petioles,twig / orientation of petioles,twig,ind-kirchoff/mason18,close-up,medium,"A diagnostic organ, surface, or fine detail is the main subject.",,,BioImages subview: orientation of petioles,Gemma: contextual woody structure + visible subject,,Gemma free tag: close-up,True,leaf-on,not-visible,unspecified
kirchoff/em2321,kirchoff_em2321.jpg,Quercus palustris,twig,orientation of petioles,twig / orientation of petioles,twig,ind-kirchoff/mason18,close-up,medium,"A diagnostic organ, surface, or fine detail is the main subject.",,,BioImages subview: orientation of petioles,Gemma: contextual woody structure + visible subject,,Gemma free tag: close-up,True,leaf-on,not-visible,unspecified
kirchoff/em2344,kirchoff_em2344.jpg,Quercus palustris,twig,orientation of petioles,twig / orientation of petioles,twig,ind-kirchoff/mason19,close-up,medium,"A diagnostic organ, surface, or fine detail is the main subject.",,,BioImages subview: orientation of petioles,Gemma: contextual woody structure + visible subject,,Gemma: petiole arrangement | Gemma free tag: close-up,True,leaf-on,not-visible,unspecified
kirchoff/em2570,kirchoff_em2570.jpg,Quercus palustris,twig,orientation of petioles,twig / orientation of petioles,twig,ind-kirchoff/mason24,close-up,medium,"A diagnostic organ, surface, or fine detail is the main subject.",,,BioImages subview: orientation of petioles,Gemma: contextual woody structure + visible subject,,Gemma free tag: close-up,True,leaf-off,not-visible,unspecified
kirchoff/em2590,kirchoff_em2590.jpg,Quercus palustris,twig,orientation of petioles,twig / orientation of petioles,twig,ind-kirchoff/mason25,close-up,medium,"A diagnostic organ, surface, or fine detail is the main subject.",,,BioImages subview: orientation of petioles,Gemma: contextual woody structure + visible subject,,Gemma free tag: close-up,True,leaf-on,not-visible,unspecified
kirchoff/em2613,kirchoff_em2613.jpg,Quercus palustris,twig,orientation of petioles,twig / orientation of petioles,twig,ind-kirchoff/mason26,close-up,medium,"A diagnostic organ, surface, or fine detail is the main subject.",,,BioImages subview: orientation of petioles,Gemma: contextual woody structure + visible subject,,Gemma: leaf scar | Gemma: terminal bud | Gemma free tag: close-up,True,leaf-off,not-visible,unspecified
kirchoff/em2201,kirchoff_em2201.jpg,Quercus palustris,twig,winter overall,twig / winter overall,twig,uncg/84,close-up,medium,"A diagnostic organ, surface, or fine detail is the main subject.",,,,Gemma: contextual woody structure + visible subject,,Gemma: terminal bud | Gemma free tag: close-up,True,leaf-off,not-visible,unspecified
baskauf/52472,baskauf_52472.jpg,Quercus palustris,leaf,margin of upper + lower surface,leaf / margin of upper + lower surface,leaf,vanderbilt/12-76,close-up,high,"A diagnostic organ, surface, or fine detail is the main subject.",,,,,BioImages subview: margin of upper + lower surface,Gemma: leaf margin | Gemma: leaf upper surface | Gemma free tag: close-up,False,leaf-on,not-visible,unspecified
kirchoff/em2014,kirchoff_em2014.jpg,Quercus palustris,leaf,margin of upper + lower surface,leaf / margin of upper + lower surface,leaf,uncg/84,close-up,high,"A diagnostic organ, surface, or fine detail is the main subject.",,,,Gemma: contextual woody structure + visible subject,BioImages subview: margin of upper + lower surface,Gemma: leaf margin | Gemma: leaf upper surface | Gemma free tag: close-up,False,leaf-on,not-visible,unspecified
kirchoff/em2018,kirchoff_em2018.jpg,Quercus palustris,leaf,margin of upper + lower surface,leaf / margin of upper + lower surface,leaf,uncg/84,close-up,high,"A diagnostic organ, surface, or fine detail is the main subject.",,,,,BioImages subview: margin of upper + lower surface,Gemma: leaf margin | Gemma: leaf upper surface | Gemma free tag: close-up,False,leaf-on,not-visible,unspecified
kirchoff/em2021,kirchoff_em2021.jpg,Quercus palustris,leaf,margin of upper + lower surface,leaf / margin of upper + lower surface,leaf,uncg/84,close-up,high,"A diagnostic organ, surface, or fine detail is the main subject.",,,,,BioImages subview: margin of upper + lower surface,Gemma: leaf margin | Gemma: leaf upper surface | Gemma free tag: close-up,False,leaf-on,not-visible,unspecified
kirchoff/em2076,kirchoff_em2076.jpg,Quercus palustris,leaf,margin of upper + lower surface,leaf / margin of upper + lower surface,leaf,uncg/84,close-up,high,"A diagnostic organ, surface, or fine detail is the main subject.",,,,,BioImages subview: margin of upper + lower surface,Gemma: leaf margin | Gemma: leaf upper surface | Gemma free tag: close-up,False,leaf-on,not-visible,unspecified
kirchoff/em2334,kirchoff_em2334.jpg,Quercus palustris,leaf,margin of upper + lower surface,leaf / margin of upper + lower surface,leaf,ind-kirchoff/mason18,close-up,high,"A diagnostic organ, surface, or fine detail is the main subject.",,,,,BioImages subview: margin of upper + lower surface,Gemma: leaf margin | Gemma: leaf upper surface | Gemma free tag: close-up,False,leaf-on,not-visible,unspecified
kirchoff/em2335,kirchoff_em2335.jpg,Quercus palustris,leaf,margin of upper + lower surface,leaf / margin of upper + lower surface,leaf,ind-kirchoff/mason18,close-up,high,"A diagnostic organ, surface, or fine detail is the main subject.",,,,,BioImages subview: margin of upper + lower surface,Gemma: leaf margin | Gemma: leaf upper surface | Gemma free tag: close-up,False,leaf-on,not-visible,unspecified
kirchoff/em2356,kirchoff_em2356.jpg,Quercus palustris,leaf,margin of upper + lower surface,leaf / margin of upper + lower surface,leaf,ind-kirchoff/mason19,close-up,high,"A diagnostic organ, surface, or fine detail is the main subject.",,,,,BioImages subview: margin of upper + lower surface,Gemma: leaf margin | Gemma: leaf upper surface | Gemma free tag: close-up,False,leaf-on,not-visible,unspecified
kirchoff/em2358,kirchoff_em2358.jpg,Quercus palustris,leaf,margin of upper + lower surface,leaf / margin of upper + lower surface,leaf,ind-kirchoff/mason19,close-up,high,"A diagnostic organ, surface, or fine detail is the main subject.",,,,,BioImages subview: margin of upper + lower surface,Gemma: leaf margin | Gemma: leaf upper surface | Gemma free tag: close-up,False,leaf-on,not-visible,unspecified
kirchoff/em2576,kirchoff_em2576.jpg,Quercus palustris,leaf,margin of upper + lower surface,leaf / margin of upper + lower surface,leaf,ind-kirchoff/mason24,close-up,high,"A diagnostic organ, surface, or fine detail is the main subject.",,,,,BioImages subview: margin of upper + lower surface,Gemma: leaf margin | Gemma: leaf upper surface | Gemma free tag: close-up,False,leaf-on,not-visible,unspecified
kirchoff/em2603,kirchoff_em2603.jpg,Quercus palustris,leaf,margin of upper + lower surface,leaf / margin of upper + lower surface,leaf,ind-kirchoff/mason25,close-up,high,"A diagnostic organ, surface, or fine detail is the main subject.",,,,,BioImages subview: margin of upper + lower surface,Gemma: leaf margin | Gemma: leaf upper surface | Gemma free tag: close-up,False,leaf-on,not-visible,unspecified
kirchoff/em2621,kirchoff_em2621.jpg,Quercus palustris,leaf,margin of upper + lower surface,leaf / margin of upper + lower surface,leaf,ind-kirchoff/mason26,close-up,high,"A diagnostic organ, surface, or fine detail is the main subject.",,,,,BioImages subview: margin of upper + lower surface,Gemma: leaf upper surface | Gemma free tag: close-up,False,leaf-on,not-visible,unspecified
kirchoff/em2623,kirchoff_em2623.jpg,Quercus palustris,leaf,margin of upper + lower surface,leaf / margin of upper + lower surface,leaf,ind-kirchoff/mason26,close-up,high,"A diagnostic organ, surface, or fine detail is the main subject.",,,,,BioImages subview: margin of upper + lower surface,Gemma: leaf margin | Gemma: leaf upper surface | Gemma free tag: close-up,False,leaf-on,not-visible,unspecified
baskauf/12443,baskauf_12443.jpg,Quercus palustris,leaf,showing orientation on twig,leaf / showing orientation on twig,leaf,vanderbilt/3-62,mid-range,high,"A branch system or contextual plant part is visible, without the whole organism.",,,BioImages subview: showing orientation on twig,Gemma: contextual woody structure + visible subject,,,False,leaf-on,not-visible,unspecified
baskauf/12448,baskauf_12448.jpg,Quercus palustris,leaf,showing orientation on twig,leaf / showing orientation on twig,leaf,vanderbilt/3-62,close-up,medium,"A diagnostic organ, surface, or fine detail is the main subject.",,,BioImages subview: showing orientation on twig,Gemma: contextual woody structure + visible subject,,Gemma: leaf margin | Gemma: leaf upper surface | Gemma free tag: close-up,True,leaf-on,not-visible,unspecified
kirchoff/em1975,kirchoff_em1975.jpg,Quercus palustris,leaf,showing orientation on twig,leaf / showing orientation on twig,leaf,uncg/84,mid-range,high,"A branch system or contextual plant part is visible, without the whole organism.",,,BioImages subview: showing orientation on twig,Gemma: contextual woody structure + visible subject,,,False,leaf-on,not-visible,unspecified
kirchoff/em2316,kirchoff_em2316.jpg,Quercus palustris,leaf,showing orientation on twig,leaf / showing orientation on twig,leaf,ind-kirchoff/mason18,mid-range,high,"A branch system or contextual plant part is visible, without the whole organism.",,,BioImages subview: showing orientation on twig,Gemma: contextual woody structure + visible subject,,,False,leaf-on,visible,unspecified
kirchoff/em2341,kirchoff_em2341.jpg,Quercus palustris,leaf,showing orientation on twig,leaf / showing orientation on twig,leaf,ind-kirchoff/mason19,mid-range,high,"A branch system or contextual plant part is visible, without the whole organism.",,,BioImages subview: showing orientation on twig,Gemma: contextual woody structure + visible subject,,,False,leaf-on,not-visible,unspecified
kirchoff/em2342,kirchoff_em2342.jpg,Quercus palustris,leaf,showing orientation on twig,leaf / showing orientation on twig,leaf,ind-kirchoff/mason19,mid-range,high,"A branch system or contextual plant part is visible, without the whole organism.",,,BioImages subview: showing orientation on twig,Gemma: contextual woody structure + visible subject,,,False,leaf-on,visible,unspecified
kirchoff/em2343,kirchoff_em2343.jpg,Quercus palustris,leaf,showing orientation on twig,leaf / showing orientation on twig,leaf,ind-kirchoff/mason19,close-up,medium,"A diagnostic organ, surface, or fine detail is the main subject.",,,BioImages subview: showing orientation on twig,Gemma: contextual woody structure + visible subject,,Gemma: leaf upper surface | Gemma free tag: close-up,True,leaf-on,not-visible,unspecified
kirchoff/em2566,kirchoff_em2566.jpg,Quercus palustris,leaf,showing orientation on twig,leaf / showing orientation on twig,leaf,ind-kirchoff/mason24,mid-range,high,"A branch system or contextual plant part is visible, without the whole organism.",,,BioImages subview: showing orientation on twig,Gemma: contextual woody structure + visible subject,,,False,leaf-on,visible,unspecified
kirchoff/em2587,kirchoff_em2587.jpg,Quercus palustris,leaf,showing orientation on twig,leaf / showing orientation on twig,leaf,ind-kirchoff/mason25,mid-range,high,"A branch system or contextual plant part is visible, without the whole organism.",,,BioImages subview: showing orientation on twig,Gemma: contextual woody structure + visible subject,,,False,leaf-on,visible,unspecified
kirchoff/em2610,kirchoff_em2610.jpg,Quercus palustris,leaf,showing orientation on twig,leaf / showing orientation on twig,leaf,ind-kirchoff/mason26,mid-range,high,"A branch system or contextual plant part is visible, without the whole organism.",,,BioImages subview: showing orientation on twig,Gemma: contextual woody structure + visible subject,,,False,leaf-on,not-visible,unspecified
baskauf/12507,baskauf_12507.jpg,Quercus palustris,leaf,unspecified,leaf / unspecified,leaf,vanderbilt/3-62,close-up,medium,"A diagnostic organ, surface, or fine detail is the main subject.",,,,,,Gemma: leaf margin | Gemma: leaf upper surface | Gemma free tag: close-up,True,leaf-on,not-visible,unspecified
baskauf/12520,baskauf_12520.jpg,Quercus palustris,leaf,unspecified,leaf / unspecified,leaf,vanderbilt/3-62,close-up,medium,"A diagnostic organ, surface, or fine detail is the main subject.",,,,Gemma: contextual woody structure + visible subject,,Gemma: leaf margin | Gemma: leaf upper surface | Gemma free tag: close-up,True,leaf-on,not-visible,unspecified
baskauf/12447,baskauf_12447.jpg,Quercus palustris,leaf,whole upper surface,leaf / whole upper surface,leaf,vanderbilt/3-62,close-up,high,"A diagnostic organ, surface, or fine detail is the main subject.",,,,,BioImages subview: whole upper surface,Gemma: leaf margin | Gemma: leaf upper surface | Gemma free tag: close-up,False,leaf-on,not-visible,unspecified
kirchoff/em2010,kirchoff_em2010.jpg,Quercus palustris,leaf,whole upper surface,leaf / whole upper surface,leaf,uncg/84,close-up,high,"A diagnostic organ, surface, or fine detail is the main subject.",,,,,BioImages subview: whole upper surface,Gemma: leaf margin | Gemma: leaf upper surface | Gemma free tag: isolated leaf,False,leaf-on,not-visible,isolated
kirchoff/em2017,kirchoff_em2017.jpg,Quercus palustris,leaf,whole upper surface,leaf / whole upper surface,leaf,uncg/84,close-up,high,"A diagnostic organ, surface, or fine detail is the main subject.",,,,,BioImages subview: whole upper surface,Gemma: leaf margin | Gemma: leaf upper surface,False,leaf-on,not-visible,unspecified
kirchoff/em2020,kirchoff_em2020.jpg,Quercus palustris,leaf,whole upper surface,leaf / whole upper surface,leaf,uncg/84,close-up,high,"A diagnostic organ, surface, or fine detail is the main subject.",,,,,BioImages subview: whole upper surface,Gemma: leaf margin | Gemma: leaf upper surface | Gemma free tag: isolated leaf,False,leaf-on,not-visible,isolated
kirchoff/em2069,kirchoff_em2069.jpg,Quercus palustris,leaf,whole upper surface,leaf / whole upper surface,leaf,uncg/84,close-up,high,"A diagnostic organ, surface, or fine detail is the main subject.",,,,,BioImages subview: whole upper surface,Gemma: leaf upper surface,False,leaf-on,not-visible,unspecified
kirchoff/em2070,kirchoff_em2070.jpg,Quercus palustris,leaf,whole upper surface,leaf / whole upper surface,leaf,uncg/84,close-up,high,"A diagnostic organ, surface, or fine detail is the main subject.",,,,,BioImages subview: whole upper surface,Gemma: leaf margin | Gemma: leaf upper surface,False,leaf-on,not-visible,unspecified
kirchoff/em2071,kirchoff_em2071.jpg,Quercus palustris,leaf,whole upper surface,leaf / whole upper surface,leaf,uncg/84,close-up,high,"A diagnostic organ, surface, or fine detail is the main subject.",,,,,BioImages subview: whole upper surface,Gemma: leaf margin | Gemma: leaf upper surface | Gemma free tag: isolated leaf,False,leaf-on,not-visible,isolated
kirchoff/em2072,kirchoff_em2072.jpg,Quercus palustris,leaf,whole upper surface,leaf / whole upper surface,leaf,uncg/84,close-up,high,"A diagnostic organ, surface, or fine detail is the main subject.",,,,,BioImages subview: whole upper surface,Gemma: leaf margin | Gemma: leaf upper surface | Gemma free tag: isolated leaf,False,leaf-on,not-visible,isolated
kirchoff/em2073,kirchoff_em2073.jpg,Quercus palustris,leaf,whole upper surface,leaf / whole upper surface,leaf,uncg/84,close-up,high,"A diagnostic organ, surface, or fine detail is the main subject.",,,,,BioImages subview: whole upper surface,Gemma: leaf margin | Gemma: leaf upper surface | Gemma free tag: isolated leaf,False,leaf-on,not-visible,isolated
kirchoff/em2328,kirchoff_em2328.jpg,Quercus palustris,leaf,whole upper surface,leaf / whole upper surface,leaf,ind-kirchoff/mason18,close-up,high,"A diagnostic organ, surface, or fine detail is the main subject.",,,,,BioImages subview: whole upper surface,Gemma: leaf margin | Gemma: leaf upper surface | Gemma free tag: isolated leaf,False,leaf-on,not-visible,isolated
kirchoff/em2329,kirchoff_em2329.jpg,Quercus palustris,leaf,whole upper surface,leaf / whole upper surface,leaf,ind-kirchoff/mason18,close-up,high,"A diagnostic organ, surface, or fine detail is the main subject.",,,,,BioImages subview: whole upper surface,Gemma: leaf margin | Gemma: leaf upper surface,False,leaf-on,not-visible,unspecified
kirchoff/em2330,kirchoff_em2330.jpg,Quercus palustris,leaf,whole upper surface,leaf / whole upper surface,leaf,ind-kirchoff/mason18,close-up,high,"A diagnostic organ, surface, or fine detail is the main subject.",,,,,BioImages subview: whole upper surface,Gemma: leaf margin | Gemma: leaf upper surface | Gemma free tag: isolated leaf,False,leaf-on,not-visible,isolated
kirchoff/em2352,kirchoff_em2352.jpg,Quercus palustris,leaf,whole upper surface,leaf / whole upper surface,leaf,ind-kirchoff/mason19,close-up,high,"A diagnostic organ, surface, or fine detail is the main subject.",,,,,BioImages subview: whole upper surface,Gemma: leaf margin | Gemma: leaf upper surface | Gemma free tag: close-up | Gemma free tag: isolated leaf,False,leaf-on,not-visible,isolated
kirchoff/em2353,kirchoff_em2353.jpg,Quercus palustris,leaf,whole upper surface,leaf / whole upper surface,leaf,ind-kirchoff/mason19,close-up,high,"A diagnostic organ, surface, or fine detail is the main subject.",,,,,BioImages subview: whole upper surface,Gemma: leaf margin | Gemma: leaf upper surface | Gemma: petiole arrangement,False,leaf-on,not-visible,unspecified
kirchoff/em2354,kirchoff_em2354.jpg,Quercus palustris,leaf,whole upper surface,leaf / whole upper surface,leaf,ind-kirchoff/mason19,close-up,high,"A diagnostic organ, surface, or fine detail is the main subject.",,,,,BioImages subview: whole upper surface,Gemma: leaf margin | Gemma: leaf upper surface | Gemma free tag: isolated leaf,False,leaf-on,not-visible,isolated
kirchoff/em2355,kirchoff_em2355.jpg,Quercus palustris,leaf,whole upper surface,leaf / whole upper surface,leaf,ind-kirchoff/mason19,close-up,high,"A diagnostic organ, surface, or fine detail is the main subject.",,,,,BioImages subview: whole upper surface,Gemma: leaf upper surface | Gemma: petiole arrangement | Gemma free tag: isolated leaf,False,leaf-on,not-visible,isolated
kirchoff/em2571,kirchoff_em2571.jpg,Quercus palustris,leaf,whole upper surface,leaf / whole upper surface,leaf,ind-kirchoff/mason24,close-up,high,"A diagnostic organ, surface, or fine detail is the main subject.",,,,Gemma: contextual woody structure + visible subject,BioImages subview: whole upper surface,Gemma: petiole arrangement,False,leaf-on,not-visible,unspecified
kirchoff/em2572,kirchoff_em2572.jpg,Quercus palustris,leaf,whole upper surface,leaf / whole upper surface,leaf,ind-kirchoff/mason24,close-up,high,"A diagnostic organ, surface, or fine detail is the main subject.",,,,,BioImages subview: whole upper surface,Gemma: leaf margin | Gemma: leaf upper surface | Gemma free tag: isolated leaf,False,leaf-on,not-visible,isolated
kirchoff/em2573,kirchoff_em2573.jpg,Quercus palustris,leaf,whole upper surface,leaf / whole upper surface,leaf,ind-kirchoff/mason24,close-up,high,"A diagnostic organ, surface, or fine detail is the main subject.",,,,,BioImages subview: whole upper surface,Gemma: leaf upper surface | Gemma: petiole arrangement,False,leaf-on,not-visible,unspecified
kirchoff/em2574,kirchoff_em2574.jpg,Quercus palustris,leaf,whole upper surface,leaf / whole upper surface,leaf,ind-kirchoff/mason24,close-up,high,"A diagnostic organ, surface, or fine detail is the main subject.",,,,,BioImages subview: whole upper surface,Gemma: leaf upper surface | Gemma: petiole arrangement,False,leaf-on,not-visible,unspecified
kirchoff/em2597,kirchoff_em2597.jpg,Quercus palustris,leaf,whole upper surface,leaf / whole upper surface,leaf,ind-kirchoff/mason25,close-up,high,"A diagnostic organ, surface, or fine detail is the main subject.",,,,,BioImages subview: whole upper surface,Gemma: leaf margin | Gemma: leaf upper surface | Gemma free tag: isolated leaf,False,leaf-on,not-visible,isolated
kirchoff/em2598,kirchoff_em2598.jpg,Quercus palustris,leaf,whole upper surface,leaf / whole upper surface,leaf,ind-kirchoff/mason25,close-up,high,"A diagnostic organ, surface, or fine detail is the main subject.",,,,,BioImages subview: whole upper surface,Gemma: leaf margin | Gemma: leaf upper surface,False,leaf-on,not-visible,unspecified
kirchoff/em2599,kirchoff_em2599.jpg,Quercus palustris,leaf,whole upper surface,leaf / whole upper surface,leaf,ind-kirchoff/mason25,close-up,high,"A diagnostic organ, surface, or fine detail is the main subject.",,,,,BioImages subview: whole upper surface,Gemma: leaf margin | Gemma: leaf upper surface | Gemma free tag: isolated leaf,False,leaf-on,not-visible,isolated
kirchoff/em2600,kirchoff_em2600.jpg,Quercus palustris,leaf,whole upper surface,leaf / whole upper surface,leaf,ind-kirchoff/mason25,close-up,high,"A diagnostic organ, surface, or fine detail is the main subject.",,,,,BioImages subview: whole upper surface,Gemma: leaf margin | Gemma: leaf upper surface | Gemma free tag: isolated leaf,False,leaf-on,not-visible,isolated
kirchoff/em2618,kirchoff_em2618.jpg,Quercus palustris,leaf,whole upper surface,leaf / whole upper surface,leaf,ind-kirchoff/mason26,close-up,high,"A diagnostic organ, surface, or fine detail is the main subject.",,,,,BioImages subview: whole upper surface,Gemma: leaf margin | Gemma: leaf upper surface,False,leaf-on,not-visible,unspecified
kirchoff/em2619,kirchoff_em2619.jpg,Quercus palustris,leaf,whole upper surface,leaf / whole upper surface,leaf,ind-kirchoff/mason26,close-up,high,"A diagnostic organ, surface, or fine detail is the main subject.",,,,,BioImages subview: whole upper surface,Gemma: leaf margin | Gemma: leaf upper surface | Gemma free tag: isolated leaf,False,leaf-on,not-visible,isolated
kirchoff/em2620,kirchoff_em2620.jpg,Quercus palustris,leaf,whole upper surface,leaf / whole upper surface,leaf,ind-kirchoff/mason26,close-up,high,"A diagnostic organ, surface, or fine detail is the main subject.",,,,,BioImages subview: whole upper surface,Gemma: leaf margin | Gemma: leaf upper surface | Gemma free tag: isolated leaf,False,leaf-on,not-visible,isolated
baskauf/50985,baskauf_50985.jpg,Quercus palustris,inflorescence,whole - female,inflorescence / whole - female,flower,vanderbilt/12-76,close-up,medium,"A diagnostic organ, surface, or fine detail is the main subject.",,,,Gemma: contextual woody structure + visible subject,,Gemma: flower close-up | Gemma free tag: close-up,True,not-visible,visible,unspecified
baskauf/19319,baskauf_19319.jpg,Quercus palustris,inflorescence,whole - male,inflorescence / whole - male,flower,ind-baskauf/19299,close-up,medium,"A diagnostic organ, surface, or fine detail is the main subject.",,,,Gemma: contextual woody structure + visible subject,,Gemma: flower close-up | Gemma free tag: close-up,True,not-visible,visible,unspecified
baskauf/50987,baskauf_50987.jpg,Quercus palustris,inflorescence,whole - male,inflorescence / whole - male,flower,vanderbilt/12-76,close-up,medium,"A diagnostic organ, surface, or fine detail is the main subject.",,,,Gemma: contextual woody structure + visible subject,,Gemma: flower close-up | Gemma free tag: close-up,True,not-visible,visible,unspecified
baskauf/19311,baskauf_19311.jpg,Quercus palustris,inflorescence,whole - unspecified,inflorescence / whole - unspecified,flower,ind-baskauf/19299,mid-range,medium,"A branch system or contextual plant part is visible, without the whole organism.",,,,Gemma: contextual woody structure + visible subject,,,True,leaf-on,visible,unspecified
baskauf/50988,baskauf_50988.jpg,Quercus palustris,inflorescence,whole - unspecified,inflorescence / whole - unspecified,flower,vanderbilt/12-76,mid-range,medium,"A branch system or contextual plant part is visible, without the whole organism.",,,,Gemma: contextual woody structure + visible subject,,,True,not-visible,visible,unspecified
kirchoff/bkk2902,kirchoff_bkk2902.jpg,Quercus palustris,fruit,as borne on the plant,fruit / as borne on the plant,fruit,uncg/84,close-up,medium,"A diagnostic organ, surface, or fine detail is the main subject.",,,BioImages subview: as borne on the plant,Gemma: contextual woody structure + visible subject,,Gemma: fruit close-up | Gemma free tag: close-up,True,not-visible,visible,unspecified
kirchoff/em2323,kirchoff_em2323.jpg,Quercus palustris,fruit,as borne on the plant,fruit / as borne on the plant,fruit,ind-kirchoff/mason18,close-up,medium,"A diagnostic organ, surface, or fine detail is the main subject.",,,BioImages subview: as borne on the plant,Gemma: contextual woody structure + visible subject,,Gemma: fruit close-up | Gemma free tag: close-up,True,leaf-on,visible,unspecified
kirchoff/em2347,kirchoff_em2347.jpg,Quercus palustris,fruit,as borne on the plant,fruit / as borne on the plant,fruit,ind-kirchoff/mason19,close-up,medium,"A diagnostic organ, surface, or fine detail is the main subject.",,,BioImages subview: as borne on the plant,Gemma: contextual woody structure + visible subject,,Gemma: fruit close-up | Gemma free tag: close-up,True,not-visible,visible,unspecified
kirchoff/em2349,kirchoff_em2349.jpg,Quercus palustris,fruit,as borne on the plant,fruit / as borne on the plant,fruit,ind-kirchoff/mason19,close-up,medium,"A diagnostic organ, surface, or fine detail is the main subject.",,,BioImages subview: as borne on the plant,Gemma: contextual woody structure + visible subject,,Gemma: fruit close-up | Gemma free tag: close-up,True,not-visible,visible,unspecified
baskauf/15991,baskauf_15991.jpg,Quercus palustris,fruit,lateral or general close-up,fruit / lateral or general close-up,fruit,vanderbilt/12-76,close-up,high,"A diagnostic organ, surface, or fine detail is the main subject.",,,,Gemma: contextual woody structure + visible subject,BioImages subview: lateral or general close-up,Gemma: fruit close-up | Gemma free tag: close-up,False,not-visible,visible,unspecified
kirchoff/bkk2903,kirchoff_bkk2903.jpg,Quercus palustris,fruit,lateral or general close-up,fruit / lateral or general close-up,fruit,uncg/84,close-up,high,"A diagnostic organ, surface, or fine detail is the main subject.",,,,Gemma: contextual woody structure + visible subject,BioImages subview: lateral or general close-up,Gemma: fruit close-up | Gemma free tag: close-up,False,not-visible,visible,unspecified
kirchoff/bkk2904,kirchoff_bkk2904.jpg,Quercus palustris,fruit,lateral or general close-up,fruit / lateral or general close-up,fruit,uncg/84,close-up,high,"A diagnostic organ, surface, or fine detail is the main subject.",,,,Gemma: contextual woody structure + visible subject,BioImages subview: lateral or general close-up,Gemma: fruit close-up | Gemma free tag: close-up,False,not-visible,visible,unspecified
kirchoff/bkk2905,kirchoff_bkk2905.jpg,Quercus palustris,fruit,lateral or general close-up,fruit / lateral or general close-up,fruit,uncg/84,close-up,high,"A diagnostic organ, surface, or fine detail is the main subject.",,,,Gemma: contextual woody structure + visible subject,BioImages subview: lateral or general close-up,Gemma: fruit close-up | Gemma free tag: close-up,False,not-visible,visible,unspecified
kirchoff/em2067,kirchoff_em2067.jpg,Quercus palustris,fruit,lateral or general close-up,fruit / lateral or general close-up,fruit,uncg/84,close-up,high,"A diagnostic organ, surface, or fine detail is the main subject.",,,,Gemma: contextual woody structure + visible subject,BioImages subview: lateral or general close-up,Gemma: fruit close-up | Gemma free tag: close-up,False,not-visible,visible,unspecified
kirchoff/em2324,kirchoff_em2324.jpg,Quercus palustris,fruit,lateral or general close-up,fruit / lateral or general close-up,fruit,ind-kirchoff/mason18,close-up,medium,"A diagnostic organ, surface, or fine detail is the main subject.",,,,Gemma: contextual woody structure + visible subject,BioImages subview: lateral or general close-up,,True,leaf-on,visible,unspecified
kirchoff/em2325,kirchoff_em2325.jpg,Quercus palustris,fruit,lateral or general close-up,fruit / lateral or general close-up,fruit,ind-kirchoff/mason18,close-up,high,"A diagnostic organ, surface, or fine detail is the main subject.",,,,Gemma: contextual woody structure + visible subject,BioImages subview: lateral or general close-up,Gemma: fruit close-up | Gemma free tag: close-up,False,not-visible,visible,unspecified
kirchoff/em2348,kirchoff_em2348.jpg,Quercus palustris,fruit,lateral or general close-up,fruit / lateral or general close-up,fruit,ind-kirchoff/mason19,close-up,high,"A diagnostic organ, surface, or fine detail is the main subject.",,,,Gemma: contextual woody structure + visible subject,BioImages subview: lateral or general close-up,Gemma: fruit close-up | Gemma free tag: close-up,False,not-visible,visible,unspecified
kirchoff/em2350,kirchoff_em2350.jpg,Quercus palustris,fruit,lateral or general close-up,fruit / lateral or general close-up,fruit,ind-kirchoff/mason19,close-up,high,"A diagnostic organ, surface, or fine detail is the main subject.",,,,,BioImages subview: lateral or general close-up,Gemma: fruit close-up | Gemma free tag: close-up,False,not-visible,visible,unspecified
kirchoff/em2577,kirchoff_em2577.jpg,Quercus palustris,fruit,lateral or general close-up,fruit / lateral or general close-up,fruit,ind-kirchoff/mason24,close-up,high,"A diagnostic organ, surface, or fine detail is the main subject.",,,,Gemma: contextual woody structure + visible subject,BioImages subview: lateral or general close-up,Gemma: fruit close-up | Gemma free tag: close-up,False,not-visible,visible,unspecified
kirchoff/em2579,kirchoff_em2579.jpg,Quercus palustris,fruit,lateral or general close-up,fruit / lateral or general close-up,fruit,ind-kirchoff/mason24,close-up,high,"A diagnostic organ, surface, or fine detail is the main subject.",,,,Gemma: contextual woody structure + visible subject,BioImages subview: lateral or general close-up,Gemma: fruit close-up | Gemma free tag: close-up,False,not-visible,visible,unspecified
kirchoff/em2593,kirchoff_em2593.jpg,Quercus palustris,fruit,lateral or general close-up,fruit / lateral or general close-up,fruit,ind-kirchoff/mason25,close-up,high,"A diagnostic organ, surface, or fine detail is the main subject.",,,,Gemma: contextual woody structure + visible subject,BioImages subview: lateral or general close-up,Gemma: fruit close-up | Gemma free tag: close-up,False,not-visible,visible,unspecified
kirchoff/em2596,kirchoff_em2596.jpg,Quercus palustris,fruit,lateral or general close-up,fruit / lateral or general close-up,fruit,ind-kirchoff/mason25,close-up,high,"A diagnostic organ, surface, or fine detail is the main subject.",,,,Gemma: contextual woody structure + visible subject,BioImages subview: lateral or general close-up,Gemma: fruit close-up | Gemma free tag: close-up,False,not-visible,visible,unspecified
kirchoff/em2616,kirchoff_em2616.jpg,Quercus palustris,fruit,lateral or general close-up,fruit / lateral or general close-up,fruit,ind-kirchoff/mason26,close-up,high,"A diagnostic organ, surface, or fine detail is the main subject.",,,,Gemma: contextual woody structure + visible subject,BioImages subview: lateral or general close-up,Gemma: fruit close-up | Gemma free tag: close-up,False,not-visible,visible,unspecified
baskauf/90696,baskauf_90696.jpg,Quercus rubra,whole tree (or vine),general,whole tree (or vine) / general,whole-tree,ind-baskauf/90696,distant,high,Whole organism or crown is visible with scene context.,BioImages group: whole-tree,Gemma: whole plant,,Gemma: contextual woody structure + visible subject,,,False,leaf-on,not-visible,unspecified
baskauf/90735,baskauf_90735.jpg,Quercus rubra,whole tree (or vine),general,whole tree (or vine) / general,whole-tree,vanderbilt/12-112,distant,high,Whole organism or crown is visible with scene context.,BioImages group: whole-tree,Gemma: whole plant,,Gemma: contextual woody structure + visible subject,,,False,leaf-on,not-visible,environmental
baskauf/90815,baskauf_90815.jpg,Quercus rubra,whole tree (or vine),general,whole tree (or vine) / general,whole-tree,vanderbilt/5-76,distant,high,Whole organism or crown is visible with scene context.,BioImages group: whole-tree,Gemma: whole plant | Gemma free tag: full crown,,Gemma: contextual woody structure + visible subject,,,False,leaf-on,not-visible,environmental
baskauf/90817,baskauf_90817.jpg,Quercus rubra,whole tree (or vine),general,whole tree (or vine) / general,whole-tree,vanderbilt/5-76,distant,high,Whole organism or crown is visible with scene context.,BioImages group: whole-tree,Gemma: whole plant | Gemma free tag: full crown,,,,,False,leaf-on,not-visible,environmental
baskauf/90884,baskauf_90884.jpg,Quercus rubra,whole tree (or vine),general,whole tree (or vine) / general,whole-tree,vanderbilt/15-227,distant,high,Whole organism or crown is visible with scene context.,BioImages group: whole-tree,Gemma: whole plant,,Gemma: contextual woody structure + visible subject,,,False,leaf-on,not-visible,environmental
baskauf/90889,baskauf_90889.jpg,Quercus rubra,whole tree (or vine),general,whole tree (or vine) / general,whole-tree,vanderbilt/15-227,distant,high,Whole organism or crown is visible with scene context.,BioImages group: whole-tree,Gemma: whole plant,,Gemma: contextual woody structure + visible subject,,,False,leaf-on,not-visible,environmental
baskauf/90969,baskauf_90969.jpg,Quercus rubra,whole tree (or vine),general,whole tree (or vine) / general,whole-tree,vanderbilt/7-306,distant,high,Whole organism or crown is visible with scene context.,BioImages group: whole-tree,Gemma: whole plant | Gemma free tag: full crown,,Gemma: contextual woody structure + visible subject,,,False,leaf-on,not-visible,environmental
baskauf/90972,baskauf_90972.jpg,Quercus rubra,whole tree (or vine),general,whole tree (or vine) / general,whole-tree,vanderbilt/7-306,distant,high,Whole organism or crown is visible with scene context.,BioImages group: whole-tree,Gemma: whole plant | Gemma free tag: full crown,,Gemma: contextual woody structure + visible subject,,,False,leaf-on,not-visible,environmental
baskauf/91105,baskauf_91105.jpg,Quercus rubra,whole tree (or vine),general,whole tree (or vine) / general,whole-tree,vanderbilt/12-6,distant,high,Whole organism or crown is visible with scene context.,BioImages group: whole-tree,Gemma: whole plant | Gemma free tag: full crown,,Gemma: contextual woody structure + visible subject,,,False,leaf-on,not-visible,unspecified
kirchoff/em2392,kirchoff_em2392.jpg,Quercus rubra,whole tree (or vine),general,whole tree (or vine) / general,whole-tree,ind-kirchoff/mason17,distant,high,Whole organism or crown is visible with scene context.,BioImages group: whole-tree,Gemma: whole plant,,Gemma: contextual woody structure + visible subject,,,False,leaf-on,not-visible,environmental
kirchoff/em2412,kirchoff_em2412.jpg,Quercus rubra,whole tree (or vine),general,whole tree (or vine) / general,whole-tree,ind-kirchoff/mason21,distant,high,Whole organism or crown is visible with scene context.,BioImages group: whole-tree,Gemma: whole plant,,Gemma: contextual woody structure + visible subject,,,False,leaf-on,not-visible,environmental
baskauf/13122,baskauf_13122.jpg,Quercus rubra,whole tree (or vine),view up trunk,whole tree (or vine) / view up trunk,whole-tree,vanderbilt/15-227,distant,high,Whole organism or crown is visible with scene context.,BioImages group: whole-tree,Gemma: whole plant | Gemma free tag: tree crown,,Gemma: contextual woody structure + visible subject,,,False,leaf-on,not-visible,unspecified
baskauf/90737,baskauf_90737.jpg,Quercus rubra,whole tree (or vine),view up trunk,whole tree (or vine) / view up trunk,whole-tree,vanderbilt/12-112,distant,high,Whole organism or crown is visible with scene context.,BioImages group: whole-tree,Gemma: whole plant,,Gemma: contextual woody structure + visible subject,,,False,leaf-on,not-visible,unspecified
baskauf/90820,baskauf_90820.jpg,Quercus rubra,whole tree (or vine),view up trunk,whole tree (or vine) / view up trunk,whole-tree,vanderbilt/5-76,distant,high,Whole organism or crown is visible with scene context.,BioImages group: whole-tree,Gemma: whole plant,,Gemma: contextual woody structure + visible subject,,,False,not-visible,not-visible,environmental
baskauf/89376,baskauf_89376.jpg,Quercus rubra,whole tree (or vine),winter,whole tree (or vine) / winter,whole-tree,vanderbilt/7-306,distant,high,Whole organism or crown is visible with scene context.,BioImages group: whole-tree,Gemma: whole plant | Gemma free tag: tree crown,,Gemma: contextual woody structure + visible subject,,,False,leaf-off,not-visible,environmental
baskauf/10499,baskauf_10499.jpg,Quercus rubra,bark,of a large tree,bark / of a large tree,bark,vanderbilt/15-227,uncertain,low,"No positive distant, mid-range, or close-up evidence was found.",,,,,,,True,not-visible,not-visible,unspecified
baskauf/13118,baskauf_13118.jpg,Quercus rubra,bark,of a large tree,bark / of a large tree,bark,vanderbilt/15-227,close-up,medium,"A diagnostic organ, surface, or fine detail is the main subject.",,,,,,Gemma free tag: close-up,True,not-visible,not-visible,unspecified
baskauf/15732,baskauf_15732.jpg,Quercus rubra,bark,of a large tree,bark / of a large tree,bark,ind-baskauf/15732,close-up,medium,"A diagnostic organ, surface, or fine detail is the main subject.",,,,,,Gemma free tag: close-up,True,not-visible,not-visible,environmental
kirchoff/em2393,kirchoff_em2393.jpg,Quercus rubra,bark,of a large tree,bark / of a large tree,bark,ind-kirchoff/mason17,close-up,medium,"A diagnostic organ, surface, or fine detail is the main subject.",,,,,,Gemma free tag: close-up,True,not-visible,not-visible,unspecified
kirchoff/em2394,kirchoff_em2394.jpg,Quercus rubra,bark,of a large tree,bark / of a large tree,bark,ind-kirchoff/mason17,close-up,medium,"A diagnostic organ, surface, or fine detail is the main subject.",,,,,,Gemma free tag: close-up,True,not-visible,not-visible,unspecified
kirchoff/em2413,kirchoff_em2413.jpg,Quercus rubra,bark,of a large tree,bark / of a large tree,bark,ind-kirchoff/mason21,mid-range,medium,"A branch system or contextual plant part is visible, without the whole organism.",,,,Gemma: contextual woody structure + visible subject,,,True,not-visible,not-visible,unspecified
baskauf/13155,baskauf_13155.jpg,Quercus rubra,twig,close-up winter leaf scar/bud,twig / close-up winter leaf scar/bud,twig,vanderbilt/15-227,close-up,high,"A diagnostic organ, surface, or fine detail is the main subject.",,,,Gemma: contextual woody structure + visible subject,BioImages subview: close-up winter leaf scar/bud,Gemma: fruit close-up | Gemma free tag: close-up,False,not-visible,visible,unspecified
baskauf/13135,baskauf_13135.jpg,Quercus rubra,twig,orientation of petioles,twig / orientation of petioles,twig,vanderbilt/15-227,mid-range,high,"A branch system or contextual plant part is visible, without the whole organism.",,,BioImages subview: orientation of petioles,Gemma: contextual woody structure + visible subject,,,False,leaf-on,not-visible,unspecified
kirchoff/em2397,kirchoff_em2397.jpg,Quercus rubra,twig,orientation of petioles,twig / orientation of petioles,twig,ind-kirchoff/mason17,close-up,medium,"A diagnostic organ, surface, or fine detail is the main subject.",,,BioImages subview: orientation of petioles,Gemma: contextual woody structure + visible subject,,Gemma free tag: close-up,True,leaf-on,not-visible,unspecified
kirchoff/em2399,kirchoff_em2399.jpg,Quercus rubra,twig,orientation of petioles,twig / orientation of petioles,twig,ind-kirchoff/mason17,close-up,medium,"A diagnostic organ, surface, or fine detail is the main subject.",,,BioImages subview: orientation of petioles,Gemma: contextual woody structure + visible subject,,Gemma: petiole arrangement | Gemma free tag: close-up,True,mixed,not-visible,unspecified
kirchoff/em2401,kirchoff_em2401.jpg,Quercus rubra,twig,orientation of petioles,twig / orientation of petioles,twig,ind-kirchoff/mason17,close-up,medium,"A diagnostic organ, surface, or fine detail is the main subject.",,,BioImages subview: orientation of petioles,Gemma: contextual woody structure + visible subject,,Gemma free tag: close-up,True,leaf-on,not-visible,unspecified
kirchoff/em2402,kirchoff_em2402.jpg,Quercus rubra,twig,orientation of petioles,twig / orientation of petioles,twig,ind-kirchoff/mason17,close-up,medium,"A diagnostic organ, surface, or fine detail is the main subject.",,,BioImages subview: orientation of petioles,Gemma: contextual woody structure + visible subject,,Gemma free tag: close-up,True,leaf-on,not-visible,unspecified
kirchoff/em2418,kirchoff_em2418.jpg,Quercus rubra,twig,orientation of petioles,twig / orientation of petioles,twig,ind-kirchoff/mason21,close-up,medium,"A diagnostic organ, surface, or fine detail is the main subject.",,,BioImages subview: orientation of petioles,Gemma: contextual woody structure + visible subject,,Gemma free tag: close-up,True,leaf-on,not-visible,unspecified
baskauf/15643,baskauf_15643.jpg,Quercus rubra,leaf,margin of upper + lower surface,leaf / margin of upper + lower surface,leaf,vanderbilt/7-306,close-up,high,"A diagnostic organ, surface, or fine detail is the main subject.",,,,Gemma: contextual woody structure + visible subject,BioImages subview: margin of upper + lower surface,Gemma: leaf margin | Gemma: leaf upper surface | Gemma free tag: close-up,False,leaf-on,not-visible,unspecified
kirchoff/em2408,kirchoff_em2408.jpg,Quercus rubra,leaf,margin of upper + lower surface,leaf / margin of upper + lower surface,leaf,ind-kirchoff/mason17,close-up,high,"A diagnostic organ, surface, or fine detail is the main subject.",,,,,BioImages subview: margin of upper + lower surface,Gemma: leaf margin | Gemma: leaf upper surface | Gemma free tag: close-up,False,leaf-on,not-visible,unspecified
kirchoff/em2409,kirchoff_em2409.jpg,Quercus rubra,leaf,margin of upper + lower surface,leaf / margin of upper + lower surface,leaf,ind-kirchoff/mason17,close-up,high,"A diagnostic organ, surface, or fine detail is the main subject.",,,,,BioImages subview: margin of upper + lower surface,Gemma: leaf margin | Gemma: leaf upper surface | Gemma free tag: close-up,False,leaf-on,not-visible,unspecified
kirchoff/em2424,kirchoff_em2424.jpg,Quercus rubra,leaf,margin of upper + lower surface,leaf / margin of upper + lower surface,leaf,ind-kirchoff/mason21,close-up,high,"A diagnostic organ, surface, or fine detail is the main subject.",,,,,BioImages subview: margin of upper + lower surface,Gemma: leaf margin | Gemma: leaf upper surface | Gemma free tag: close-up,False,leaf-on,not-visible,unspecified
baskauf/13113,baskauf_13113.jpg,Quercus rubra,leaf,showing orientation on twig,leaf / showing orientation on twig,leaf,vanderbilt/15-227,close-up,medium,"A diagnostic organ, surface, or fine detail is the main subject.",,,BioImages subview: showing orientation on twig,Gemma: contextual woody structure + visible subject,,Gemma: leaf upper surface | Gemma free tag: close-up,True,leaf-on,not-visible,unspecified
baskauf/13127,baskauf_13127.jpg,Quercus rubra,leaf,showing orientation on twig,leaf / showing orientation on twig,leaf,vanderbilt/15-227,mid-range,high,"A branch system or contextual plant part is visible, without the whole organism.",,,BioImages subview: showing orientation on twig,Gemma: contextual woody structure + visible subject,,,False,leaf-on,visible,unspecified
kirchoff/em2396,kirchoff_em2396.jpg,Quercus rubra,leaf,showing orientation on twig,leaf / showing orientation on twig,leaf,ind-kirchoff/mason17,mid-range,high,"A branch system or contextual plant part is visible, without the whole organism.",,,BioImages subview: showing orientation on twig,Gemma: contextual woody structure + visible subject,,,False,leaf-on,not-visible,unspecified
kirchoff/em2414,kirchoff_em2414.jpg,Quercus rubra,leaf,showing orientation on twig,leaf / showing orientation on twig,leaf,ind-kirchoff/mason21,mid-range,high,"A branch system or contextual plant part is visible, without the whole organism.",,,BioImages subview: showing orientation on twig,Gemma: contextual woody structure + visible subject,,,False,leaf-on,not-visible,unspecified
kirchoff/em2415,kirchoff_em2415.jpg,Quercus rubra,leaf,showing orientation on twig,leaf / showing orientation on twig,leaf,ind-kirchoff/mason21,close-up,medium,"A diagnostic organ, surface, or fine detail is the main subject.",,,BioImages subview: showing orientation on twig,Gemma: contextual woody structure + visible subject,,Gemma: leaf upper surface | Gemma free tag: close-up,True,leaf-on,not-visible,unspecified
baskauf/13145,baskauf_13145.jpg,Quercus rubra,leaf,unspecified,leaf / unspecified,leaf,vanderbilt/15-227,close-up,medium,"A diagnostic organ, surface, or fine detail is the main subject.",,,,,,Gemma: leaf margin | Gemma: leaf upper surface | Gemma free tag: close-up,True,leaf-on,not-visible,unspecified
baskauf/13151,baskauf_13151.jpg,Quercus rubra,leaf,unspecified,leaf / unspecified,leaf,vanderbilt/15-227,close-up,medium,"A diagnostic organ, surface, or fine detail is the main subject.",,,,,,Gemma: leaf margin | Gemma: leaf upper surface | Gemma free tag: close-up,True,leaf-on,not-visible,unspecified
baskauf/13132,baskauf_13132.jpg,Quercus rubra,leaf,whole upper surface,leaf / whole upper surface,leaf,vanderbilt/15-227,close-up,high,"A diagnostic organ, surface, or fine detail is the main subject.",,,,Gemma: contextual woody structure + visible subject,BioImages subview: whole upper surface,Gemma: leaf upper surface | Gemma free tag: close-up,False,leaf-on,not-visible,unspecified
kirchoff/em2403,kirchoff_em2403.jpg,Quercus rubra,leaf,whole upper surface,leaf / whole upper surface,leaf,ind-kirchoff/mason17,close-up,high,"A diagnostic organ, surface, or fine detail is the main subject.",,,,,BioImages subview: whole upper surface,Gemma: leaf margin | Gemma: leaf upper surface,False,leaf-on,not-visible,unspecified
kirchoff/em2404,kirchoff_em2404.jpg,Quercus rubra,leaf,whole upper surface,leaf / whole upper surface,leaf,ind-kirchoff/mason17,close-up,high,"A diagnostic organ, surface, or fine detail is the main subject.",,,,,BioImages subview: whole upper surface,Gemma: leaf margin | Gemma: leaf upper surface,False,leaf-on,not-visible,unspecified
kirchoff/em2405,kirchoff_em2405.jpg,Quercus rubra,leaf,whole upper surface,leaf / whole upper surface,leaf,ind-kirchoff/mason17,close-up,high,"A diagnostic organ, surface, or fine detail is the main subject.",,,,,BioImages subview: whole upper surface,Gemma: leaf margin | Gemma: leaf upper surface | Gemma free tag: isolated leaf,False,leaf-on,not-visible,isolated
kirchoff/em2406,kirchoff_em2406.jpg,Quercus rubra,leaf,whole upper surface,leaf / whole upper surface,leaf,ind-kirchoff/mason17,close-up,high,"A diagnostic organ, surface, or fine detail is the main subject.",,,,,BioImages subview: whole upper surface,Gemma: leaf margin | Gemma: leaf upper surface | Gemma free tag: isolated leaf,False,leaf-on,not-visible,isolated
kirchoff/em2407,kirchoff_em2407.jpg,Quercus rubra,leaf,whole upper surface,leaf / whole upper surface,leaf,ind-kirchoff/mason17,close-up,high,"A diagnostic organ, surface, or fine detail is the main subject.",,,,,BioImages subview: whole upper surface,Gemma: leaf margin | Gemma: leaf upper surface | Gemma free tag: isolated leaf,False,leaf-on,not-visible,isolated
kirchoff/em2420,kirchoff_em2420.jpg,Quercus rubra,leaf,whole upper surface,leaf / whole upper surface,leaf,ind-kirchoff/mason21,close-up,high,"A diagnostic organ, surface, or fine detail is the main subject.",,,,,BioImages subview: whole upper surface,Gemma: leaf upper surface,False,leaf-on,not-visible,unspecified
kirchoff/em2421,kirchoff_em2421.jpg,Quercus rubra,leaf,whole upper surface,leaf / whole upper surface,leaf,ind-kirchoff/mason21,close-up,high,"A diagnostic organ, surface, or fine detail is the main subject.",,,,,BioImages subview: whole upper surface,Gemma: leaf margin | Gemma: leaf upper surface | Gemma free tag: isolated leaf,False,leaf-on,not-visible,isolated
kirchoff/em2422,kirchoff_em2422.jpg,Quercus rubra,leaf,whole upper surface,leaf / whole upper surface,leaf,ind-kirchoff/mason21,close-up,high,"A diagnostic organ, surface, or fine detail is the main subject.",,,,,BioImages subview: whole upper surface,Gemma: leaf margin | Gemma: leaf upper surface,False,leaf-on,not-visible,unspecified
baskauf/18093,baskauf_18093.jpg,Quercus rubra,inflorescence,whole - female,inflorescence / whole - female,flower,vanderbilt/15-227,close-up,medium,"A diagnostic organ, surface, or fine detail is the main subject.",,,,Gemma: contextual woody structure + visible subject,,Gemma free tag: close-up,True,not-visible,visible,unspecified
baskauf/18096,baskauf_18096.jpg,Quercus rubra,inflorescence,whole - female,inflorescence / whole - female,flower,vanderbilt/15-227,close-up,medium,"A diagnostic organ, surface, or fine detail is the main subject.",,,,Gemma: contextual woody structure + visible subject,,Gemma free tag: close-up,True,not-visible,visible,unspecified
baskauf/10498,baskauf_10498.jpg,Quercus rubra,inflorescence,whole - unspecified,inflorescence / whole - unspecified,flower,vanderbilt/15-227,mid-range,medium,"A branch system or contextual plant part is visible, without the whole organism.",,,,Gemma: contextual woody structure + visible subject,,,True,mixed,not-visible,environmental
baskauf/18084,baskauf_18084.jpg,Quercus rubra,inflorescence,whole - unspecified,inflorescence / whole - unspecified,flower,vanderbilt/15-227,mid-range,medium,"A branch system or contextual plant part is visible, without the whole organism.",,,,Gemma: contextual woody structure + visible subject,,,True,not-visible,visible,unspecified
baskauf/15999,baskauf_15999.jpg,Quercus rubra,fruit,lateral or general close-up,fruit / lateral or general close-up,fruit,vanderbilt/15-227,close-up,high,"A diagnostic organ, surface, or fine detail is the main subject.",,,,,BioImages subview: lateral or general close-up,Gemma: fruit close-up | Gemma free tag: close-up,False,not-visible,visible,unspecified
baskauf/12424,baskauf_12424.jpg,Quercus velutina,whole tree (or vine),general,whole tree (or vine) / general,whole-tree,vanderbilt/7-313,distant,high,Whole organism or crown is visible with scene context.,BioImages group: whole-tree,Gemma: whole plant | Gemma free tag: tree crown,,Gemma: contextual woody structure + visible subject,,,False,leaf-on,not-visible,unspecified
baskauf/90912,baskauf_90912.jpg,Quercus velutina,whole tree (or vine),general,whole tree (or vine) / general,whole-tree,vanderbilt/7-313,distant,high,Whole organism or crown is visible with scene context.,BioImages group: whole-tree,Gemma: whole plant,,Gemma: contextual woody structure + visible subject,,,False,leaf-on,not-visible,unspecified
baskauf/90913,baskauf_90913.jpg,Quercus velutina,whole tree (or vine),general,whole tree (or vine) / general,whole-tree,vanderbilt/7-313,distant,high,Whole organism or crown is visible with scene context.,BioImages group: whole-tree,Gemma: whole plant,,Gemma: contextual woody structure + visible subject,,,False,leaf-on,not-visible,unspecified
baskauf/90917,baskauf_90917.jpg,Quercus velutina,whole tree (or vine),general,whole tree (or vine) / general,whole-tree,vanderbilt/7-313,distant,high,Whole organism or crown is visible with scene context.,BioImages group: whole-tree,Gemma: whole plant,,Gemma: contextual woody structure + visible subject,,,False,leaf-on,not-visible,unspecified
baskauf/12433,baskauf_12433.jpg,Quercus velutina,whole tree (or vine),view up trunk,whole tree (or vine) / view up trunk,whole-tree,vanderbilt/7-313,distant,high,Whole organism or crown is visible with scene context.,BioImages group: whole-tree,Gemma: whole plant,,Gemma: contextual woody structure + visible subject,,,False,not-visible,not-visible,unspecified
baskauf/89382,baskauf_89382.jpg,Quercus velutina,whole tree (or vine),winter,whole tree (or vine) / winter,whole-tree,vanderbilt/7-313,distant,high,Whole organism or crown is visible with scene context.,BioImages group: whole-tree,Gemma: whole plant,,Gemma: contextual woody structure + visible subject,,,False,mixed,not-visible,environmental
baskauf/12429,baskauf_12429.jpg,Quercus velutina,bark,of a large tree,bark / of a large tree,bark,vanderbilt/7-313,close-up,medium,"A diagnostic organ, surface, or fine detail is the main subject.",,,,,,Gemma free tag: close-up,True,not-visible,not-visible,unspecified
baskauf/13107,baskauf_13107.jpg,Quercus velutina,twig,close-up winter leaf scar/bud,twig / close-up winter leaf scar/bud,twig,vanderbilt/7-313,close-up,high,"A diagnostic organ, surface, or fine detail is the main subject.",,,,Gemma: contextual woody structure + visible subject,BioImages subview: close-up winter leaf scar/bud,Gemma: fruit close-up | Gemma free tag: close-up,False,not-visible,visible,unspecified
baskauf/13096,baskauf_13096.jpg,Quercus velutina,twig,orientation of petioles,twig / orientation of petioles,twig,vanderbilt/7-313,close-up,medium,"A diagnostic organ, surface, or fine detail is the main subject.",,,BioImages subview: orientation of petioles,Gemma: contextual woody structure + visible subject,,Gemma free tag: close-up,True,leaf-off,not-visible,unspecified
baskauf/13110,baskauf_13110.jpg,Quercus velutina,twig,orientation of petioles,twig / orientation of petioles,twig,vanderbilt/7-313,close-up,medium,"A diagnostic organ, surface, or fine detail is the main subject.",,,BioImages subview: orientation of petioles,Gemma: contextual woody structure + visible subject,,Gemma free tag: close-up,True,leaf-off,not-visible,unspecified
baskauf/13194,baskauf_13194.jpg,Quercus velutina,twig,orientation of petioles,twig / orientation of petioles,twig,vanderbilt/7-313,close-up,medium,"A diagnostic organ, surface, or fine detail is the main subject.",,,BioImages subview: orientation of petioles,Gemma: contextual woody structure + visible subject,,Gemma free tag: close-up,True,not-visible,visible,unspecified
baskauf/13195,baskauf_13195.jpg,Quercus velutina,twig,orientation of petioles,twig / orientation of petioles,twig,vanderbilt/7-313,close-up,medium,"A diagnostic organ, surface, or fine detail is the main subject.",,,BioImages subview: orientation of petioles,Gemma: contextual woody structure + visible subject,,Gemma free tag: close-up,True,leaf-off,not-visible,unspecified
baskauf/12316,baskauf_12316.jpg,Quercus velutina,twig,unspecified,twig / unspecified,twig,vanderbilt/7-313,close-up,medium,"A diagnostic organ, surface, or fine detail is the main subject.",,,,,,Gemma: flower close-up | Gemma free tag: close-up,True,not-visible,not-visible,unspecified
baskauf/13095,baskauf_13095.jpg,Quercus velutina,leaf,margin of upper + lower surface,leaf / margin of upper + lower surface,leaf,vanderbilt/7-313,close-up,high,"A diagnostic organ, surface, or fine detail is the main subject.",,,,Gemma: contextual woody structure + visible subject,BioImages subview: margin of upper + lower surface,Gemma: leaf margin | Gemma: leaf upper surface | Gemma free tag: close-up,False,leaf-on,not-visible,unspecified
baskauf/13201,baskauf_13201.jpg,Quercus velutina,leaf,margin of upper + lower surface,leaf / margin of upper + lower surface,leaf,vanderbilt/7-313,close-up,high,"A diagnostic organ, surface, or fine detail is the main subject.",,,,,BioImages subview: margin of upper + lower surface,Gemma: leaf margin | Gemma: leaf upper surface | Gemma: petiole arrangement | Gemma free tag: close-up,False,leaf-on,not-visible,unspecified
baskauf/16021,baskauf_16021.jpg,Quercus velutina,leaf,margin of upper + lower surface,leaf / margin of upper + lower surface,leaf,vanderbilt/7-313,close-up,high,"A diagnostic organ, surface, or fine detail is the main subject.",,,,,BioImages subview: margin of upper + lower surface,Gemma: leaf margin | Gemma: leaf upper surface | Gemma free tag: close-up,False,leaf-on,not-visible,unspecified
baskauf/12434,baskauf_12434.jpg,Quercus velutina,leaf,showing orientation on twig,leaf / showing orientation on twig,leaf,vanderbilt/7-313,close-up,medium,"A diagnostic organ, surface, or fine detail is the main subject.",,,BioImages subview: showing orientation on twig,Gemma: contextual woody structure + visible subject,,Gemma: leaf upper surface | Gemma free tag: close-up,True,leaf-on,not-visible,environmental
baskauf/13075,baskauf_13075.jpg,Quercus velutina,leaf,showing orientation on twig,leaf / showing orientation on twig,leaf,vanderbilt/7-313,mid-range,high,"A branch system or contextual plant part is visible, without the whole organism.",,,BioImages subview: showing orientation on twig,Gemma: contextual woody structure + visible subject,,,False,leaf-on,not-visible,unspecified
baskauf/13184,baskauf_13184.jpg,Quercus velutina,leaf,showing orientation on twig,leaf / showing orientation on twig,leaf,vanderbilt/7-313,mid-range,high,"A branch system or contextual plant part is visible, without the whole organism.",,,BioImages subview: showing orientation on twig,Gemma: contextual woody structure + visible subject,,,False,leaf-on,not-visible,unspecified
baskauf/13000,baskauf_13000.jpg,Quercus velutina,leaf,unspecified,leaf / unspecified,leaf,vanderbilt/7-313,close-up,medium,"A diagnostic organ, surface, or fine detail is the main subject.",,,,Gemma: contextual woody structure + visible subject,,Gemma: leaf upper surface | Gemma free tag: close-up,True,leaf-on,not-visible,unspecified
baskauf/13104,baskauf_13104.jpg,Quercus velutina,leaf,unspecified,leaf / unspecified,leaf,vanderbilt/7-313,close-up,medium,"A diagnostic organ, surface, or fine detail is the main subject.",,,,,,Gemma: leaf margin | Gemma: leaf upper surface | Gemma: petiole arrangement | Gemma free tag: close-up,True,leaf-on,not-visible,unspecified
baskauf/13139,baskauf_13139.jpg,Quercus velutina,leaf,unspecified,leaf / unspecified,leaf,vanderbilt/7-313,close-up,medium,"A diagnostic organ, surface, or fine detail is the main subject.",,,,,,Gemma: leaf upper surface,True,leaf-on,not-visible,unspecified
baskauf/13142,baskauf_13142.jpg,Quercus velutina,leaf,unspecified,leaf / unspecified,leaf,vanderbilt/7-313,close-up,medium,"A diagnostic organ, surface, or fine detail is the main subject.",,,,,,Gemma: leaf upper surface | Gemma: petiole arrangement | Gemma free tag: close-up,True,leaf-on,not-visible,unspecified
baskauf/13202,baskauf_13202.jpg,Quercus velutina,leaf,unspecified,leaf / unspecified,leaf,vanderbilt/7-313,close-up,medium,"A diagnostic organ, surface, or fine detail is the main subject.",,,,,,Gemma: leaf margin | Gemma: leaf upper surface | Gemma free tag: close-up,True,leaf-on,not-visible,unspecified
baskauf/13209,baskauf_13209.jpg,Quercus velutina,leaf,unspecified,leaf / unspecified,leaf,vanderbilt/7-313,close-up,medium,"A diagnostic organ, surface, or fine detail is the main subject.",,,,,,Gemma: leaf margin | Gemma: leaf upper surface | Gemma free tag: close-up,True,leaf-on,not-visible,unspecified
baskauf/13089,baskauf_13089.jpg,Quercus velutina,leaf,whole upper surface,leaf / whole upper surface,leaf,vanderbilt/7-313,close-up,high,"A diagnostic organ, surface, or fine detail is the main subject.",,,,Gemma: contextual woody structure + visible subject,BioImages subview: whole upper surface,Gemma: leaf upper surface | Gemma free tag: close-up,False,leaf-on,not-visible,unspecified
baskauf/13093,baskauf_13093.jpg,Quercus velutina,leaf,whole upper surface,leaf / whole upper surface,leaf,vanderbilt/7-313,close-up,high,"A diagnostic organ, surface, or fine detail is the main subject.",,,,Gemma: contextual woody structure + visible subject,BioImages subview: whole upper surface,Gemma: leaf upper surface,False,leaf-on,not-visible,unspecified
baskauf/13183,baskauf_13183.jpg,Quercus velutina,leaf,whole upper surface,leaf / whole upper surface,leaf,vanderbilt/7-313,close-up,high,"A diagnostic organ, surface, or fine detail is the main subject.",,,,,BioImages subview: whole upper surface,Gemma: leaf margin | Gemma: leaf upper surface | Gemma free tag: close-up,False,leaf-on,not-visible,unspecified
baskauf/19689,baskauf_19689.jpg,Quercus velutina,inflorescence,whole - female,inflorescence / whole - female,flower,vanderbilt/7-313,close-up,medium,"A diagnostic organ, surface, or fine detail is the main subject.",,,,Gemma: contextual woody structure + visible subject,,Gemma free tag: close-up,True,leaf-on,not-visible,unspecified
baskauf/19643,baskauf_19643.jpg,Quercus velutina,inflorescence,whole - male,inflorescence / whole - male,flower,vanderbilt/7-313,close-up,medium,"A diagnostic organ, surface, or fine detail is the main subject.",,,,Gemma: contextual woody structure + visible subject,,Gemma: flower close-up | Gemma free tag: close-up,True,not-visible,visible,unspecified
baskauf/19669,baskauf_19669.jpg,Quercus velutina,inflorescence,whole - unspecified,inflorescence / whole - unspecified,flower,vanderbilt/7-313,mid-range,medium,"A branch system or contextual plant part is visible, without the whole organism.",,,,Gemma: contextual woody structure + visible subject,,,True,leaf-on,visible,unspecified
baskauf/16016,baskauf_16016.jpg,Quercus velutina,fruit,lateral or general close-up,fruit / lateral or general close-up,fruit,vanderbilt/7-313,close-up,high,"A diagnostic organ, surface, or fine detail is the main subject.",,,,,BioImages subview: lateral or general close-up,Gemma: fruit close-up | Gemma free tag: close-up,False,not-visible,visible,unspecified
baskauf/12804,baskauf_12804.jpg,Rhus aromatica,whole tree (or vine),general,whole tree (or vine) / general,whole-tree,ind-baskauf/12804,distant,high,Whole organism or crown is visible with scene context.,BioImages group: whole-tree,Gemma: whole plant,,Gemma: contextual woody structure + visible subject,,,False,leaf-on,not-visible,environmental
baskauf/12928,baskauf_12928.jpg,Rhus aromatica,whole tree (or vine),general,whole tree (or vine) / general,whole-tree,ind-baskauf/12928,distant,high,Whole organism or crown is visible with scene context.,BioImages group: whole-tree,Gemma: whole plant,,Gemma: contextual woody structure + visible subject,,,False,leaf-on,visible,unspecified
baskauf/32255,baskauf_32255.jpg,Rhus aromatica,whole tree (or vine),winter,whole tree (or vine) / winter,whole-tree,ind-baskauf/32253,distant,medium,Whole organism or crown is visible with scene context.,BioImages group: whole-tree,,,Gemma: contextual woody structure + visible subject,,,True,leaf-off,visible,unspecified
baskauf/21914,baskauf_21914.jpg,Rhus aromatica,bark,of a small tree or small branch,bark / of a small tree or small branch,bark,ind-baskauf/21893,mid-range,medium,"A branch system or contextual plant part is visible, without the whole organism.",,,BioImages subview: of a small tree or small branch,,,,True,not-visible,not-visible,unspecified
baskauf/21906,baskauf_21906.jpg,Rhus aromatica,twig,winter overall,twig / winter overall,twig,ind-baskauf/21893,mid-range,medium,"A branch system or contextual plant part is visible, without the whole organism.",,,,Gemma: contextual woody structure + visible subject,,,True,leaf-off,not-visible,unspecified
baskauf/52662,baskauf_52662.jpg,Rhus aromatica,leaf,margin of upper + lower surface,leaf / margin of upper + lower surface,leaf,ind-baskauf/52661,close-up,high,"A diagnostic organ, surface, or fine detail is the main subject.",,,,,BioImages subview: margin of upper + lower surface,Gemma: leaf margin | Gemma: leaf upper surface | Gemma free tag: close-up,False,leaf-on,not-visible,unspecified
baskauf/12703,baskauf_12703.jpg,Rhus aromatica,leaf,whole upper surface,leaf / whole upper surface,leaf,ind-baskauf/12698,close-up,high,"A diagnostic organ, surface, or fine detail is the main subject.",,,,Gemma: contextual woody structure + visible subject,BioImages subview: whole upper surface,Gemma: leaf margin | Gemma free tag: close-up,False,leaf-on,not-visible,unspecified
baskauf/32173,baskauf_32173.jpg,Rhus aromatica,inflorescence,unspecified,inflorescence / unspecified,flower,ind-baskauf/32172,close-up,medium,"A diagnostic organ, surface, or fine detail is the main subject.",,,,Gemma: contextual woody structure + visible subject,,Gemma: flower close-up | Gemma free tag: close-up,True,not-visible,visible,unspecified
baskauf/32257,baskauf_32257.jpg,Rhus aromatica,inflorescence,whole - unspecified,inflorescence / whole - unspecified,flower,ind-baskauf/32253,close-up,medium,"A diagnostic organ, surface, or fine detail is the main subject.",,,,Gemma: contextual woody structure + visible subject,,Gemma: flower close-up | Gemma free tag: close-up,True,not-visible,visible,unspecified
baskauf/12700,baskauf_12700.jpg,Rhus aromatica,fruit,as borne on the plant,fruit / as borne on the plant,fruit,ind-baskauf/12698,mid-range,high,"A branch system or contextual plant part is visible, without the whole organism.",,,BioImages subview: as borne on the plant,Gemma: contextual woody structure + visible subject,,,False,leaf-on,visible,unspecified
baskauf/52663,baskauf_52663.jpg,Rhus aromatica,fruit,as borne on the plant,fruit / as borne on the plant,fruit,ind-baskauf/52661,close-up,medium,"A diagnostic organ, surface, or fine detail is the main subject.",,,BioImages subview: as borne on the plant,Gemma: contextual woody structure + visible subject,,Gemma: fruit close-up | Gemma free tag: close-up,True,leaf-on,visible,unspecified
hessd/e5353,hessd_e5353.jpg,Rhus aromatica,fruit,as borne on the plant,fruit / as borne on the plant,fruit,ind-hessd/e5353,mid-range,high,"A branch system or contextual plant part is visible, without the whole organism.",,,BioImages subview: as borne on the plant,Gemma: contextual woody structure + visible subject,,,False,leaf-on,visible,unspecified
baskauf/21894,baskauf_21894.jpg,Rhus aromatica,fruit,immature,fruit / immature,fruit,ind-baskauf/21893,close-up,medium,"A diagnostic organ, surface, or fine detail is the main subject.",,,,Gemma: contextual woody structure + visible subject,,Gemma: fruit close-up | Gemma free tag: close-up,True,leaf-on,visible,unspecified
baskauf/12698,baskauf_12698.jpg,Rhus aromatica,fruit,lateral or general close-up,fruit / lateral or general close-up,fruit,ind-baskauf/12698,close-up,high,"A diagnostic organ, surface, or fine detail is the main subject.",,,,Gemma: contextual woody structure + visible subject,BioImages subview: lateral or general close-up,Gemma: fruit close-up | Gemma free tag: close-up,False,leaf-on,visible,unspecified
baskauf/13534,baskauf_13534.jpg,Rhus copallinum,whole tree (or vine),general,whole tree (or vine) / general,whole-tree,ind-baskauf/13534,distant,medium,Whole organism or crown is visible with scene context.,BioImages group: whole-tree,,,Gemma: contextual woody structure + visible subject,,,True,leaf-on,visible,unspecified
baskauf/15444,baskauf_15444.jpg,Rhus copallinum,whole tree (or vine),general,whole tree (or vine) / general,whole-tree,ind-baskauf/15444,distant,high,Whole organism or crown is visible with scene context.,BioImages group: whole-tree,Gemma: whole plant | Gemma free tag: tree crown,,Gemma: contextual woody structure + visible subject,,,False,leaf-on,visible,unspecified
baskauf/16684,baskauf_16684.jpg,Rhus copallinum,whole tree (or vine),general,whole tree (or vine) / general,whole-tree,ind-baskauf/13534,distant,high,Whole organism or crown is visible with scene context.,BioImages group: whole-tree,Gemma: whole plant | Gemma free tag: tree crown,,Gemma: contextual woody structure + visible subject,,,False,leaf-on,not-visible,unspecified
baskauf/54517,baskauf_54517.jpg,Rhus copallinum,whole tree (or vine),general,whole tree (or vine) / general,whole-tree,ind-baskauf/10419,distant,high,Whole organism or crown is visible with scene context.,BioImages group: whole-tree,Gemma: whole plant,,Gemma: contextual woody structure + visible subject,,,False,leaf-on,visible,unspecified
baskauf/13540,baskauf_13540.jpg,Rhus copallinum,bark,of a medium tree or large branch,bark / of a medium tree or large branch,bark,ind-baskauf/13534,close-up,medium,"A diagnostic organ, surface, or fine detail is the main subject.",,,BioImages subview: of a medium tree or large branch,,,Gemma free tag: close-up,True,not-visible,not-visible,environmental
baskauf/12585,baskauf_12585.jpg,Rhus copallinum,twig,orientation of petioles,twig / orientation of petioles,twig,ind-baskauf/12580,close-up,medium,"A diagnostic organ, surface, or fine detail is the main subject.",,,BioImages subview: orientation of petioles,Gemma: contextual woody structure + visible subject,,Gemma free tag: close-up,True,leaf-on,not-visible,unspecified
baskauf/10942,baskauf_10942.jpg,Rhus copallinum,twig,winter overall,twig / winter overall,twig,ind-baskauf/10938,close-up,medium,"A diagnostic organ, surface, or fine detail is the main subject.",,,,Gemma: contextual woody structure + visible subject,,Gemma: leaf scar | Gemma free tag: close-up,True,leaf-off,not-visible,unspecified
baskauf/12583,baskauf_12583.jpg,Rhus copallinum,leaf,margin of upper + lower surface,leaf / margin of upper + lower surface,leaf,ind-baskauf/12580,close-up,high,"A diagnostic organ, surface, or fine detail is the main subject.",,,,,BioImages subview: margin of upper + lower surface,Gemma: leaf margin | Gemma: leaf upper surface | Gemma free tag: close-up,False,leaf-on,not-visible,unspecified
baskauf/30099,baskauf_30099.jpg,Rhus copallinum,leaf,margin of upper + lower surface,leaf / margin of upper + lower surface,leaf,ind-baskauf/30092,close-up,high,"A diagnostic organ, surface, or fine detail is the main subject.",,,,Gemma: contextual woody structure + visible subject,BioImages subview: margin of upper + lower surface,Gemma: leaf upper surface | Gemma free tag: close-up,False,leaf-on,not-visible,unspecified
baskauf/10938,baskauf_10938.jpg,Rhus copallinum,leaf,showing orientation on twig,leaf / showing orientation on twig,leaf,ind-baskauf/10938,close-up,medium,"A diagnostic organ, surface, or fine detail is the main subject.",,,BioImages subview: showing orientation on twig,Gemma: contextual woody structure + visible subject,,Gemma free tag: close-up,True,leaf-on,not-visible,unspecified
baskauf/12580,baskauf_12580.jpg,Rhus copallinum,leaf,showing orientation on twig,leaf / showing orientation on twig,leaf,ind-baskauf/12580,close-up,medium,"A diagnostic organ, surface, or fine detail is the main subject.",,,BioImages subview: showing orientation on twig,Gemma: contextual woody structure + visible subject,,Gemma free tag: close-up,True,leaf-on,not-visible,unspecified
baskauf/16724,baskauf_16724.jpg,Rhus copallinum,leaf,showing orientation on twig,leaf / showing orientation on twig,leaf,ind-baskauf/13534,mid-range,high,"A branch system or contextual plant part is visible, without the whole organism.",,,BioImages subview: showing orientation on twig,Gemma: contextual woody structure + visible subject,,,False,leaf-on,visible,unspecified
baskauf/10939,baskauf_10939.jpg,Rhus copallinum,leaf,whole upper surface,leaf / whole upper surface,leaf,ind-baskauf/10938,close-up,high,"A diagnostic organ, surface, or fine detail is the main subject.",,,,Gemma: contextual woody structure + visible subject,BioImages subview: whole upper surface,Gemma free tag: close-up,False,leaf-on,not-visible,unspecified
baskauf/30096,baskauf_30096.jpg,Rhus copallinum,leaf,whole upper surface,leaf / whole upper surface,leaf,ind-baskauf/30092,close-up,high,"A diagnostic organ, surface, or fine detail is the main subject.",,,,Gemma: contextual woody structure + visible subject,BioImages subview: whole upper surface,Gemma: leaf upper surface | Gemma free tag: close-up,False,leaf-on,not-visible,unspecified
baskauf/54528,baskauf_54528.jpg,Rhus copallinum,inflorescence,frontal view of flower,inflorescence / frontal view of flower,flower,ind-baskauf/10419,close-up,high,"A diagnostic organ, surface, or fine detail is the main subject.",,,,Gemma: contextual woody structure + visible subject,BioImages subview: frontal view of flower,Gemma: flower close-up,False,not-visible,visible,unspecified
baskauf/13535,baskauf_13535.jpg,Rhus copallinum,inflorescence,whole - unspecified,inflorescence / whole - unspecified,flower,ind-baskauf/13534,close-up,medium,"A diagnostic organ, surface, or fine detail is the main subject.",,,,Gemma: contextual woody structure + visible subject,,Gemma free tag: close-up,True,leaf-on,visible,unspecified
baskauf/13537,baskauf_13537.jpg,Rhus copallinum,inflorescence,whole - unspecified,inflorescence / whole - unspecified,flower,ind-baskauf/13534,mid-range,medium,"A branch system or contextual plant part is visible, without the whole organism.",,,,Gemma: contextual woody structure + visible subject,,,True,leaf-on,visible,unspecified
baskauf/54519,baskauf_54519.jpg,Rhus copallinum,inflorescence,whole - unspecified,inflorescence / whole - unspecified,flower,ind-baskauf/10419,distant,medium,Whole organism or crown is visible with scene context.,,Gemma: whole plant,,,,,True,leaf-on,visible,unspecified
baskauf/54525,baskauf_54525.jpg,Rhus copallinum,inflorescence,whole - unspecified,inflorescence / whole - unspecified,flower,ind-baskauf/10419,mid-range,medium,"A branch system or contextual plant part is visible, without the whole organism.",,,,Gemma: contextual woody structure + visible subject,,,True,leaf-on,visible,unspecified
baskauf/54532,baskauf_54532.jpg,Rhus copallinum,inflorescence,whole - unspecified,inflorescence / whole - unspecified,flower,ind-baskauf/10419,close-up,medium,"A diagnostic organ, surface, or fine detail is the main subject.",,,,Gemma: contextual woody structure + visible subject,,Gemma: flower close-up | Gemma free tag: close-up,True,leaf-on,visible,unspecified
baskauf/10420,baskauf_10420.jpg,Rhus copallinum,fruit,as borne on the plant,fruit / as borne on the plant,fruit,ind-baskauf/10420,distant,medium,Whole organism or crown is visible with scene context.,,Gemma: whole plant,BioImages subview: as borne on the plant,Gemma: contextual woody structure + visible subject,,,True,leaf-off,visible,environmental
baskauf/15445,baskauf_15445.jpg,Rhus copallinum,fruit,as borne on the plant,fruit / as borne on the plant,fruit,ind-baskauf/15444,mid-range,high,"A branch system or contextual plant part is visible, without the whole organism.",,,BioImages subview: as borne on the plant,Gemma: contextual woody structure + visible subject,,,False,leaf-on,visible,unspecified
baskauf/10419,baskauf_10419.jpg,Rhus copallinum,fruit,lateral or general close-up,fruit / lateral or general close-up,fruit,ind-baskauf/10419,close-up,medium,"A diagnostic organ, surface, or fine detail is the main subject.",,,,Gemma: contextual woody structure + visible subject,BioImages subview: lateral or general close-up,,True,leaf-off,visible,unspecified
baskauf/15448,baskauf_15448.jpg,Rhus copallinum,fruit,lateral or general close-up,fruit / lateral or general close-up,fruit,ind-baskauf/15444,close-up,high,"A diagnostic organ, surface, or fine detail is the main subject.",,,,Gemma: contextual woody structure + visible subject,BioImages subview: lateral or general close-up,Gemma: fruit close-up | Gemma free tag: close-up,False,not-visible,visible,unspecified
baskauf/12538,baskauf_12538.jpg,Rhus glabra,whole tree (or vine),general,whole tree (or vine) / general,whole-tree,ind-baskauf/10414,distant,high,Whole organism or crown is visible with scene context.,BioImages group: whole-tree,Gemma: whole plant,,,,,False,leaf-on,visible,unspecified
baskauf/15477,baskauf_15477.jpg,Rhus glabra,whole tree (or vine),general,whole tree (or vine) / general,whole-tree,ind-baskauf/15477,distant,high,Whole organism or crown is visible with scene context.,BioImages group: whole-tree,Gemma: whole plant,,Gemma: contextual woody structure + visible subject,,,False,leaf-on,not-visible,unspecified
baskauf/17339,baskauf_17339.jpg,Rhus glabra,bark,of a medium tree or large branch,bark / of a medium tree or large branch,bark,ind-baskauf/10414,close-up,medium,"A diagnostic organ, surface, or fine detail is the main subject.",,,BioImages subview: of a medium tree or large branch,,,Gemma free tag: close-up,True,not-visible,not-visible,unspecified
baskauf/10941,baskauf_10941.jpg,Rhus glabra,twig,close-up winter leaf scar/bud,twig / close-up winter leaf scar/bud,twig,ind-baskauf/10414,close-up,high,"A diagnostic organ, surface, or fine detail is the main subject.",,,,Gemma: contextual woody structure + visible subject,BioImages subview: close-up winter leaf scar/bud,Gemma free tag: close-up,False,not-visible,not-visible,unspecified
baskauf/10934,baskauf_10934.jpg,Rhus glabra,twig,orientation of petioles,twig / orientation of petioles,twig,ind-baskauf/10414,close-up,medium,"A diagnostic organ, surface, or fine detail is the main subject.",,,BioImages subview: orientation of petioles,Gemma: contextual woody structure + visible subject,,Gemma: petiole arrangement | Gemma free tag: close-up,True,leaf-on,not-visible,unspecified
baskauf/12572,baskauf_12572.jpg,Rhus glabra,twig,orientation of petioles,twig / orientation of petioles,twig,ind-baskauf/10414,close-up,medium,"A diagnostic organ, surface, or fine detail is the main subject.",,,BioImages subview: orientation of petioles,Gemma: contextual woody structure + visible subject,,Gemma free tag: close-up,True,leaf-on,not-visible,unspecified
baskauf/10937,baskauf_10937.jpg,Rhus glabra,twig,winter overall,twig / winter overall,twig,ind-baskauf/10414,close-up,medium,"A diagnostic organ, surface, or fine detail is the main subject.",,,,,,Gemma: leaf scar,True,not-visible,not-visible,unspecified
baskauf/12578,baskauf_12578.jpg,Rhus glabra,leaf,margin of upper + lower surface,leaf / margin of upper + lower surface,leaf,ind-baskauf/10414,close-up,high,"A diagnostic organ, surface, or fine detail is the main subject.",,,,Gemma: contextual woody structure + visible subject,BioImages subview: margin of upper + lower surface,Gemma: leaf upper surface | Gemma free tag: close-up,False,leaf-on,not-visible,unspecified
baskauf/29771,baskauf_29771.jpg,Rhus glabra,leaf,margin of upper + lower surface,leaf / margin of upper + lower surface,leaf,ind-baskauf/10414,close-up,high,"A diagnostic organ, surface, or fine detail is the main subject.",,,,,BioImages subview: margin of upper + lower surface,Gemma: leaf margin | Gemma: leaf upper surface | Gemma free tag: close-up,False,leaf-on,not-visible,unspecified
baskauf/10936,baskauf_10936.jpg,Rhus glabra,leaf,showing orientation on twig,leaf / showing orientation on twig,leaf,ind-baskauf/10414,mid-range,high,"A branch system or contextual plant part is visible, without the whole organism.",,,BioImages subview: showing orientation on twig,Gemma: contextual woody structure + visible subject,,,False,leaf-on,visible,unspecified
baskauf/10935,baskauf_10935.jpg,Rhus glabra,leaf,whole upper surface,leaf / whole upper surface,leaf,ind-baskauf/10414,close-up,high,"A diagnostic organ, surface, or fine detail is the main subject.",,,,Gemma: contextual woody structure + visible subject,BioImages subview: whole upper surface,Gemma free tag: close-up,False,leaf-on,not-visible,unspecified
baskauf/29766,baskauf_29766.jpg,Rhus glabra,leaf,whole upper surface,leaf / whole upper surface,leaf,ind-baskauf/10414,close-up,high,"A diagnostic organ, surface, or fine detail is the main subject.",,,,Gemma: contextual woody structure + visible subject,BioImages subview: whole upper surface,Gemma: leaf upper surface | Gemma free tag: close-up,False,leaf-on,not-visible,unspecified
baskauf/12567,baskauf_12567.jpg,Rhus glabra,inflorescence,frontal view of flower,inflorescence / frontal view of flower,flower,ind-baskauf/10414,close-up,high,"A diagnostic organ, surface, or fine detail is the main subject.",,,,Gemma: contextual woody structure + visible subject,BioImages subview: frontal view of flower,Gemma: flower close-up | Gemma free tag: close-up,False,not-visible,visible,unspecified
baskauf/12560,baskauf_12560.jpg,Rhus glabra,inflorescence,whole - unspecified,inflorescence / whole - unspecified,flower,ind-baskauf/10414,mid-range,medium,"A branch system or contextual plant part is visible, without the whole organism.",,,,Gemma: contextual woody structure + visible subject,,,True,leaf-on,visible,unspecified
baskauf/10414,baskauf_10414.jpg,Rhus glabra,fruit,as borne on the plant,fruit / as borne on the plant,fruit,ind-baskauf/10414,mid-range,high,"A branch system or contextual plant part is visible, without the whole organism.",,,BioImages subview: as borne on the plant,Gemma: contextual woody structure + visible subject,,,False,leaf-off,visible,unspecified
baskauf/13515,baskauf_13515.jpg,Rhus glabra,fruit,as borne on the plant,fruit / as borne on the plant,fruit,ind-baskauf/13515,distant,medium,Whole organism or crown is visible with scene context.,,Gemma: whole plant,BioImages subview: as borne on the plant,Gemma: contextual woody structure + visible subject,,,True,leaf-on,visible,unspecified
baskauf/13516,baskauf_13516.jpg,Rhus glabra,fruit,as borne on the plant,fruit / as borne on the plant,fruit,ind-baskauf/13515,distant,medium,Whole organism or crown is visible with scene context.,,Gemma: whole plant,BioImages subview: as borne on the plant,,,,True,leaf-on,visible,unspecified
baskauf/13518,baskauf_13518.jpg,Rhus glabra,fruit,immature,fruit / immature,fruit,ind-baskauf/13515,close-up,medium,"A diagnostic organ, surface, or fine detail is the main subject.",,,,Gemma: contextual woody structure + visible subject,,Gemma: fruit close-up | Gemma free tag: close-up,True,leaf-on,visible,unspecified
baskauf/10415,baskauf_10415.jpg,Rhus glabra,fruit,lateral or general close-up,fruit / lateral or general close-up,fruit,ind-baskauf/10414,close-up,high,"A diagnostic organ, surface, or fine detail is the main subject.",,,,Gemma: contextual woody structure + visible subject,BioImages subview: lateral or general close-up,Gemma: fruit close-up | Gemma free tag: close-up,False,not-visible,visible,unspecified
baskauf/11509,baskauf_11509.jpg,Robinia pseudoacacia,whole tree (or vine),general,whole tree (or vine) / general,whole-tree,ind-baskauf/11506,distant,high,Whole organism or crown is visible with scene context.,BioImages group: whole-tree,Gemma: whole plant,,Gemma: contextual woody structure + visible subject,,,False,leaf-on,not-visible,environmental
baskauf/21605,baskauf_21605.jpg,Robinia pseudoacacia,whole tree (or vine),general,whole tree (or vine) / general,whole-tree,ind-baskauf/21607,distant,high,Whole organism or crown is visible with scene context.,BioImages group: whole-tree,Gemma: whole plant,,Gemma: contextual woody structure + visible subject,,,False,not-visible,visible,environmental
baskauf/21618,baskauf_21618.jpg,Robinia pseudoacacia,whole tree (or vine),general,whole tree (or vine) / general,whole-tree,ind-baskauf/21607,distant,high,Whole organism or crown is visible with scene context.,BioImages group: whole-tree,Gemma: whole plant,,Gemma: contextual woody structure + visible subject,,,False,not-visible,visible,environmental
thomas/0486-01-02,thomas_0486-01-02.jpg,Robinia pseudoacacia,whole tree (or vine),general,whole tree (or vine) / general,whole-tree,thomas/0486-01,distant,high,Whole organism or crown is visible with scene context.,BioImages group: whole-tree,Gemma: whole plant,,Gemma: contextual woody structure + visible subject,,,False,leaf-on,visible,unspecified
baskauf/11457,baskauf_11457.jpg,Robinia pseudoacacia,whole tree (or vine),view up trunk,whole tree (or vine) / view up trunk,whole-tree,ind-baskauf/11454,distant,high,Whole organism or crown is visible with scene context.,BioImages group: whole-tree,Gemma: whole plant,,Gemma: contextual woody structure + visible subject,,,False,leaf-on,not-visible,unspecified
baskauf/11499,baskauf_11499.jpg,Robinia pseudoacacia,whole tree (or vine),view up trunk,whole tree (or vine) / view up trunk,whole-tree,ind-baskauf/11498,distant,high,Whole organism or crown is visible with scene context.,BioImages group: whole-tree,Gemma: whole plant,,Gemma: contextual woody structure + visible subject,,,False,leaf-on,not-visible,unspecified
baskauf/11504,baskauf_11504.jpg,Robinia pseudoacacia,whole tree (or vine),view up trunk,whole tree (or vine) / view up trunk,whole-tree,ind-baskauf/11504,distant,high,Whole organism or crown is visible with scene context.,BioImages group: whole-tree,Gemma: whole plant,,Gemma: contextual woody structure + visible subject,,,False,leaf-on,not-visible,unspecified
baskauf/11454,baskauf_11454.jpg,Robinia pseudoacacia,bark,of a large tree,bark / of a large tree,bark,ind-baskauf/11454,close-up,medium,"A diagnostic organ, surface, or fine detail is the main subject.",,,,,,Gemma free tag: close-up,True,not-visible,not-visible,unspecified
baskauf/11458,baskauf_11458.jpg,Robinia pseudoacacia,bark,of a large tree,bark / of a large tree,bark,ind-baskauf/11454,uncertain,low,"No positive distant, mid-range, or close-up evidence was found.",,,,,,,True,not-visible,not-visible,environmental
baskauf/11498,baskauf_11498.jpg,Robinia pseudoacacia,bark,of a large tree,bark / of a large tree,bark,ind-baskauf/11498,distant,medium,Whole organism or crown is visible with scene context.,,Gemma: whole plant,,Gemma: contextual woody structure + visible subject,,,True,leaf-on,not-visible,environmental
baskauf/11505,baskauf_11505.jpg,Robinia pseudoacacia,bark,of a large tree,bark / of a large tree,bark,ind-baskauf/11504,close-up,medium,"A diagnostic organ, surface, or fine detail is the main subject.",,,,,,Gemma free tag: close-up,True,not-visible,not-visible,environmental
thomas/0486-01-06,thomas_0486-01-06.jpg,Robinia pseudoacacia,bark,of a small tree or small branch,bark / of a small tree or small branch,bark,thomas/0486-01,close-up,medium,"A diagnostic organ, surface, or fine detail is the main subject.",,,BioImages subview: of a small tree or small branch,Gemma: contextual woody structure + visible subject,,Gemma free tag: close-up,True,not-visible,not-visible,unspecified
baskauf/11632,baskauf_11632.jpg,Robinia pseudoacacia,twig,orientation of petioles,twig / orientation of petioles,twig,ind-baskauf/11632,close-up,medium,"A diagnostic organ, surface, or fine detail is the main subject.",,,BioImages subview: orientation of petioles,Gemma: contextual woody structure + visible subject,,Gemma free tag: close-up,True,leaf-on,not-visible,unspecified
baskauf/11633,baskauf_11633.jpg,Robinia pseudoacacia,twig,orientation of petioles,twig / orientation of petioles,twig,ind-baskauf/11632,close-up,medium,"A diagnostic organ, surface, or fine detail is the main subject.",,,BioImages subview: orientation of petioles,Gemma: contextual woody structure + visible subject,,Gemma free tag: close-up,True,leaf-on,not-visible,unspecified
baskauf/29725,baskauf_29725.jpg,Robinia pseudoacacia,twig,orientation of petioles,twig / orientation of petioles,twig,ind-baskauf/29725,close-up,medium,"A diagnostic organ, surface, or fine detail is the main subject.",,,BioImages subview: orientation of petioles,Gemma: contextual woody structure + visible subject,,Gemma free tag: close-up,True,leaf-on,not-visible,unspecified
thomas/0486-01-07,thomas_0486-01-07.jpg,Robinia pseudoacacia,twig,orientation of petioles,twig / orientation of petioles,twig,thomas/0486-01,close-up,medium,"A diagnostic organ, surface, or fine detail is the main subject.",,,BioImages subview: orientation of petioles,Gemma: contextual woody structure + visible subject,,Gemma free tag: close-up,True,not-visible,not-visible,unspecified
thomas/0486-01-09,thomas_0486-01-09.jpg,Robinia pseudoacacia,twig,unspecified,twig / unspecified,twig,thomas/0486-01,close-up,medium,"A diagnostic organ, surface, or fine detail is the main subject.",,,,Gemma: contextual woody structure + visible subject,,Gemma free tag: close-up,True,leaf-off,not-visible,unspecified
baskauf/15573,baskauf_15573.jpg,Robinia pseudoacacia,leaf,margin of upper + lower surface,leaf / margin of upper + lower surface,leaf,ind-baskauf/15573,close-up,high,"A diagnostic organ, surface, or fine detail is the main subject.",,,,,BioImages subview: margin of upper + lower surface,Gemma: leaf margin | Gemma: leaf upper surface | Gemma free tag: close-up,False,leaf-on,not-visible,unspecified
baskauf/11508,baskauf_11508.jpg,Robinia pseudoacacia,leaf,showing orientation on twig,leaf / showing orientation on twig,leaf,ind-baskauf/11506,mid-range,high,"A branch system or contextual plant part is visible, without the whole organism.",,,BioImages subview: showing orientation on twig,Gemma: contextual woody structure + visible subject,,,False,leaf-on,not-visible,unspecified
baskauf/11506,baskauf_11506.jpg,Robinia pseudoacacia,leaf,whole upper surface,leaf / whole upper surface,leaf,ind-baskauf/11506,close-up,high,"A diagnostic organ, surface, or fine detail is the main subject.",,,,Gemma: contextual woody structure + visible subject,BioImages subview: whole upper surface,Gemma free tag: close-up,False,leaf-on,not-visible,unspecified
baskauf/29730,baskauf_29730.jpg,Robinia pseudoacacia,leaf,whole upper surface,leaf / whole upper surface,leaf,ind-baskauf/29725,close-up,medium,"A diagnostic organ, surface, or fine detail is the main subject.",,,,Gemma: contextual woody structure + visible subject,BioImages subview: whole upper surface,,True,leaf-on,not-visible,unspecified
thomas/0486-01-04,thomas_0486-01-04.jpg,Robinia pseudoacacia,leaf,whole upper surface,leaf / whole upper surface,leaf,thomas/0486-01,close-up,medium,"A diagnostic organ, surface, or fine detail is the main subject.",,,,Gemma: contextual woody structure + visible subject,BioImages subview: whole upper surface,,True,leaf-on,not-visible,unspecified
thomas/0486-01-11,thomas_0486-01-11.jpg,Robinia pseudoacacia,inflorescence,close-up of flower interior,inflorescence / close-up of flower interior,flower,thomas/0486-01,close-up,high,"A diagnostic organ, surface, or fine detail is the main subject.",,,,,BioImages subview: close-up of flower interior,Gemma: flower close-up | Gemma: lateral flower view | Gemma free tag: close-up,False,not-visible,visible,unspecified
baskauf/21611,baskauf_21611.jpg,Robinia pseudoacacia,inflorescence,frontal view of flower,inflorescence / frontal view of flower,flower,ind-baskauf/21607,close-up,high,"A diagnostic organ, surface, or fine detail is the main subject.",,,,,BioImages subview: frontal view of flower,Gemma: flower close-up | Gemma free tag: close-up,False,not-visible,visible,unspecified
baskauf/22004,baskauf_22004.jpg,Robinia pseudoacacia,inflorescence,frontal view of flower,inflorescence / frontal view of flower,flower,ind-baskauf/21999,close-up,high,"A diagnostic organ, surface, or fine detail is the main subject.",,,,Gemma: contextual woody structure + visible subject,BioImages subview: frontal view of flower,Gemma: flower close-up | Gemma free tag: close-up,False,not-visible,visible,unspecified
baskauf/22014,baskauf_22014.jpg,Robinia pseudoacacia,inflorescence,lateral view of flower,inflorescence / lateral view of flower,flower,ind-baskauf/21999,close-up,high,"A diagnostic organ, surface, or fine detail is the main subject.",,,,Gemma: contextual woody structure + visible subject,BioImages subview: lateral view of flower,Gemma: flower close-up | Gemma free tag: close-up,False,not-visible,visible,unspecified
thomas/0486-01-01,thomas_0486-01-01.jpg,Robinia pseudoacacia,inflorescence,lateral view of flower,inflorescence / lateral view of flower,flower,thomas/0486-01,close-up,high,"A diagnostic organ, surface, or fine detail is the main subject.",,,,,BioImages subview: lateral view of flower,Gemma: flower close-up | Gemma: flower interior | Gemma free tag: close-up,False,leaf-on,visible,unspecified
thomas/0486-01-10,thomas_0486-01-10.jpg,Robinia pseudoacacia,inflorescence,ventral view of flower + perianth,inflorescence / ventral view of flower + perianth,flower,thomas/0486-01,close-up,high,"A diagnostic organ, surface, or fine detail is the main subject.",,,,Gemma: contextual woody structure + visible subject,BioImages subview: ventral view of flower + perianth,Gemma: flower close-up | Gemma free tag: close-up,False,not-visible,not-visible,unspecified
baskauf/21608,baskauf_21608.jpg,Robinia pseudoacacia,inflorescence,whole - unspecified,inflorescence / whole - unspecified,flower,ind-baskauf/21607,close-up,medium,"A diagnostic organ, surface, or fine detail is the main subject.",,,,Gemma: contextual woody structure + visible subject,,Gemma: flower close-up | Gemma free tag: close-up,True,leaf-on,visible,unspecified
baskauf/21999,baskauf_21999.jpg,Robinia pseudoacacia,inflorescence,whole - unspecified,inflorescence / whole - unspecified,flower,ind-baskauf/21999,close-up,medium,"A diagnostic organ, surface, or fine detail is the main subject.",,,,Gemma: contextual woody structure + visible subject,,Gemma: flower close-up | Gemma: lateral flower view,True,leaf-on,visible,unspecified
thomas/0486-01-03,thomas_0486-01-03.jpg,Robinia pseudoacacia,inflorescence,whole - unspecified,inflorescence / whole - unspecified,flower,thomas/0486-01,close-up,medium,"A diagnostic organ, surface, or fine detail is the main subject.",,,,,,Gemma: flower close-up | Gemma: lateral flower view | Gemma free tag: close-up,True,leaf-on,visible,unspecified
thomas/0486-01-05,thomas_0486-01-05.jpg,Robinia pseudoacacia,inflorescence,whole - unspecified,inflorescence / whole - unspecified,flower,thomas/0486-01,close-up,medium,"A diagnostic organ, surface, or fine detail is the main subject.",,,,Gemma: contextual woody structure + visible subject,,Gemma: flower close-up,True,leaf-on,visible,unspecified
baskauf/15353,baskauf_15353.jpg,Robinia pseudoacacia,fruit,as borne on the plant,fruit / as borne on the plant,fruit,ind-baskauf/15353,mid-range,high,"A branch system or contextual plant part is visible, without the whole organism.",,,BioImages subview: as borne on the plant,Gemma: contextual woody structure + visible subject,,,False,leaf-on,visible,unspecified
thomas/0486-01-08,thomas_0486-01-08.jpg,Robinia pseudoacacia,fruit,as borne on the plant,fruit / as borne on the plant,fruit,thomas/0486-01,mid-range,high,"A branch system or contextual plant part is visible, without the whole organism.",,,BioImages subview: as borne on the plant,Gemma: contextual woody structure + visible subject,,,False,leaf-on,visible,unspecified
baskauf/15356,baskauf_15356.jpg,Robinia pseudoacacia,fruit,lateral or general close-up,fruit / lateral or general close-up,fruit,ind-baskauf/15353,close-up,high,"A diagnostic organ, surface, or fine detail is the main subject.",,,,Gemma: contextual woody structure + visible subject,BioImages subview: lateral or general close-up,Gemma: fruit close-up | Gemma free tag: close-up,False,not-visible,visible,unspecified
baskauf/13574,baskauf_13574.jpg,Salix nigra,whole tree (or vine),general,whole tree (or vine) / general,whole-tree,ind-baskauf/13574,distant,high,Whole organism or crown is visible with scene context.,BioImages group: whole-tree,Gemma: whole plant,,Gemma: contextual woody structure + visible subject,,,False,leaf-on,not-visible,unspecified
baskauf/23002,baskauf_23002.jpg,Salix nigra,whole tree (or vine),general,whole tree (or vine) / general,whole-tree,ind-baskauf/22997,distant,high,Whole organism or crown is visible with scene context.,BioImages group: whole-tree,Gemma: whole plant,,Gemma: contextual woody structure + visible subject,,,False,leaf-on,not-visible,environmental
baskauf/13594,baskauf_13594.jpg,Salix nigra,whole tree (or vine),view up trunk,whole tree (or vine) / view up trunk,whole-tree,ind-baskauf/13574,distant,high,Whole organism or crown is visible with scene context.,BioImages group: whole-tree,Gemma: whole plant,,Gemma: contextual woody structure + visible subject,,,False,leaf-on,not-visible,unspecified
baskauf/13585,baskauf_13585.jpg,Salix nigra,bark,of a large tree,bark / of a large tree,bark,ind-baskauf/13574,close-up,medium,"A diagnostic organ, surface, or fine detail is the main subject.",,,,,,Gemma free tag: close-up,True,not-visible,not-visible,unspecified
baskauf/13589,baskauf_13589.jpg,Salix nigra,bark,of a medium tree or large branch,bark / of a medium tree or large branch,bark,ind-baskauf/13574,mid-range,high,"A branch system or contextual plant part is visible, without the whole organism.",,,BioImages subview: of a medium tree or large branch,Gemma: contextual woody structure + visible subject,,,False,not-visible,not-visible,unspecified
baskauf/23020,baskauf_23020.jpg,Salix nigra,bark,of a medium tree or large branch,bark / of a medium tree or large branch,bark,ind-baskauf/22997,close-up,medium,"A diagnostic organ, surface, or fine detail is the main subject.",,,BioImages subview: of a medium tree or large branch,,,Gemma free tag: close-up,True,not-visible,not-visible,unspecified
baskauf/13588,baskauf_13588.jpg,Salix nigra,bark,of a small tree or small branch,bark / of a small tree or small branch,bark,ind-baskauf/13574,close-up,medium,"A diagnostic organ, surface, or fine detail is the main subject.",,,BioImages subview: of a small tree or small branch,Gemma: contextual woody structure + visible subject,,Gemma free tag: close-up,True,not-visible,not-visible,unspecified
baskauf/13576,baskauf_13576.jpg,Salix nigra,twig,orientation of petioles,twig / orientation of petioles,twig,ind-baskauf/13574,close-up,medium,"A diagnostic organ, surface, or fine detail is the main subject.",,,BioImages subview: orientation of petioles,Gemma: contextual woody structure + visible subject,,Gemma free tag: close-up,True,leaf-on,not-visible,unspecified
baskauf/23013,baskauf_23013.jpg,Salix nigra,twig,orientation of petioles,twig / orientation of petioles,twig,ind-baskauf/22997,close-up,medium,"A diagnostic organ, surface, or fine detail is the main subject.",,,BioImages subview: orientation of petioles,Gemma: contextual woody structure + visible subject,,Gemma free tag: close-up,True,leaf-on,not-visible,unspecified
baskauf/13580,baskauf_13580.jpg,Salix nigra,leaf,showing orientation on twig,leaf / showing orientation on twig,leaf,ind-baskauf/13574,close-up,medium,"A diagnostic organ, surface, or fine detail is the main subject.",,,BioImages subview: showing orientation on twig,Gemma: contextual woody structure + visible subject,,Gemma free tag: close-up,True,leaf-on,not-visible,unspecified
baskauf/23004,baskauf_23004.jpg,Salix nigra,leaf,showing orientation on twig,leaf / showing orientation on twig,leaf,ind-baskauf/22997,close-up,medium,"A diagnostic organ, surface, or fine detail is the main subject.",,,BioImages subview: showing orientation on twig,Gemma: contextual woody structure + visible subject,,Gemma free tag: close-up,True,leaf-on,not-visible,unspecified
baskauf/13583,baskauf_13583.jpg,Salix nigra,leaf,whole upper surface,leaf / whole upper surface,leaf,ind-baskauf/13574,close-up,high,"A diagnostic organ, surface, or fine detail is the main subject.",,,,Gemma: contextual woody structure + visible subject,BioImages subview: whole upper surface,Gemma: leaf upper surface | Gemma free tag: close-up,False,leaf-on,not-visible,unspecified
baskauf/23007,baskauf_23007.jpg,Salix nigra,leaf,whole upper surface,leaf / whole upper surface,leaf,ind-baskauf/22997,close-up,high,"A diagnostic organ, surface, or fine detail is the main subject.",,,,Gemma: contextual woody structure + visible subject,BioImages subview: whole upper surface,Gemma: leaf upper surface | Gemma free tag: close-up,False,leaf-on,not-visible,unspecified
baskauf/21454,baskauf_21454.jpg,Salix nigra,inflorescence,whole - male,inflorescence / whole - male,flower,ind-baskauf/21454,mid-range,medium,"A branch system or contextual plant part is visible, without the whole organism.",,,,Gemma: contextual woody structure + visible subject,,,True,leaf-on,visible,unspecified
baskauf/21457,baskauf_21457.jpg,Salix nigra,inflorescence,whole - male,inflorescence / whole - male,flower,ind-baskauf/21454,close-up,medium,"A diagnostic organ, surface, or fine detail is the main subject.",,,,Gemma: contextual woody structure + visible subject,,Gemma: flower close-up | Gemma free tag: close-up,True,not-visible,visible,unspecified
baskauf/11078,baskauf_11078.jpg,Salix nigra,inflorescence,whole - unspecified,inflorescence / whole - unspecified,flower,ind-baskauf/11078,close-up,medium,"A diagnostic organ, surface, or fine detail is the main subject.",,,,Gemma: contextual woody structure + visible subject,,Gemma free tag: close-up,True,leaf-on,visible,unspecified
baskauf/23997,baskauf_23997.jpg,Salix nigra,fruit,as borne on the plant,fruit / as borne on the plant,fruit,ind-baskauf/23990,mid-range,high,"A branch system or contextual plant part is visible, without the whole organism.",,,BioImages subview: as borne on the plant,Gemma: contextual woody structure + visible subject,,,False,leaf-on,visible,unspecified
baskauf/21465,baskauf_21465.jpg,Salix nigra,fruit,immature,fruit / immature,fruit,ind-baskauf/21454,close-up,medium,"A diagnostic organ, surface, or fine detail is the main subject.",,,,Gemma: contextual woody structure + visible subject,,Gemma: fruit close-up | Gemma free tag: close-up,True,not-visible,visible,unspecified
baskauf/24001,baskauf_24001.jpg,Salix nigra,fruit,section or open,fruit / section or open,fruit,ind-baskauf/23990,close-up,high,"A diagnostic organ, surface, or fine detail is the main subject.",,,,Gemma: contextual woody structure + visible subject,BioImages subview: section or open,Gemma free tag: close-up,False,leaf-on,visible,unspecified
baskauf/12171,baskauf_12171.jpg,Sambucus nigra,whole tree (or vine),general,whole tree (or vine) / general,whole-tree,ind-baskauf/12171,distant,high,Whole organism or crown is visible with scene context.,BioImages group: whole-tree,Gemma: whole plant,,Gemma: contextual woody structure + visible subject,,,False,leaf-on,visible,unspecified
baskauf/25625,baskauf_25625.jpg,Sambucus nigra,bark,of a small tree or small branch,bark / of a small tree or small branch,bark,ind-baskauf/25620,close-up,medium,"A diagnostic organ, surface, or fine detail is the main subject.",,,BioImages subview: of a small tree or small branch,,,Gemma free tag: close-up,True,not-visible,not-visible,unspecified
baskauf/26714,baskauf_26714.jpg,Sambucus nigra,twig,orientation of petioles,twig / orientation of petioles,twig,ind-baskauf/26705,close-up,medium,"A diagnostic organ, surface, or fine detail is the main subject.",,,BioImages subview: orientation of petioles,Gemma: contextual woody structure + visible subject,,Gemma free tag: close-up,True,not-visible,not-visible,unspecified
baskauf/12178,baskauf_12178.jpg,Sambucus nigra,leaf,whole upper surface,leaf / whole upper surface,leaf,ind-baskauf/12171,close-up,high,"A diagnostic organ, surface, or fine detail is the main subject.",,,,Gemma: contextual woody structure + visible subject,BioImages subview: whole upper surface,Gemma: leaf margin | Gemma free tag: close-up,False,leaf-on,not-visible,unspecified
baskauf/12175,baskauf_12175.jpg,Sambucus nigra,inflorescence,frontal view of flower,inflorescence / frontal view of flower,flower,ind-baskauf/12171,close-up,high,"A diagnostic organ, surface, or fine detail is the main subject.",,,,,BioImages subview: frontal view of flower,Gemma: flower close-up | Gemma: flower interior | Gemma: frontal flower view | Gemma free tag: close-up,False,not-visible,visible,unspecified
baskauf/26710,baskauf_26710.jpg,Sambucus nigra,inflorescence,frontal view of flower,inflorescence / frontal view of flower,flower,ind-baskauf/26705,close-up,high,"A diagnostic organ, surface, or fine detail is the main subject.",,,,,BioImages subview: frontal view of flower,Gemma: flower close-up | Gemma free tag: close-up,False,not-visible,visible,unspecified
baskauf/12190,baskauf_12190.jpg,Sambucus nigra,inflorescence,whole - unspecified,inflorescence / whole - unspecified,flower,ind-baskauf/12190,close-up,medium,"A diagnostic organ, surface, or fine detail is the main subject.",,,,Gemma: contextual woody structure + visible subject,,Gemma: flower close-up,True,leaf-on,visible,unspecified
baskauf/12192,baskauf_12192.jpg,Sambucus nigra,inflorescence,whole - unspecified,inflorescence / whole - unspecified,flower,ind-baskauf/12190,close-up,medium,"A diagnostic organ, surface, or fine detail is the main subject.",,,,,,Gemma: flower close-up | Gemma free tag: close-up,True,leaf-on,visible,unspecified
baskauf/26705,baskauf_26705.jpg,Sambucus nigra,inflorescence,whole - unspecified,inflorescence / whole - unspecified,flower,ind-baskauf/26705,close-up,medium,"A diagnostic organ, surface, or fine detail is the main subject.",,,,Gemma: contextual woody structure + visible subject,,Gemma: flower close-up | Gemma free tag: close-up,True,leaf-on,visible,unspecified
baskauf/26707,baskauf_26707.jpg,Sambucus nigra,inflorescence,whole - unspecified,inflorescence / whole - unspecified,flower,ind-baskauf/26705,close-up,medium,"A diagnostic organ, surface, or fine detail is the main subject.",,,,,,Gemma: flower close-up,True,leaf-on,visible,unspecified
baskauf/15687,baskauf_15687.jpg,Sambucus nigra,fruit,as borne on the plant,fruit / as borne on the plant,fruit,ind-baskauf/15687,mid-range,high,"A branch system or contextual plant part is visible, without the whole organism.",,,BioImages subview: as borne on the plant,Gemma: contextual woody structure + visible subject,,,False,leaf-on,visible,unspecified
baskauf/15688,baskauf_15688.jpg,Sambucus nigra,fruit,lateral or general close-up,fruit / lateral or general close-up,fruit,ind-baskauf/15687,close-up,high,"A diagnostic organ, surface, or fine detail is the main subject.",,,,Gemma: contextual woody structure + visible subject,BioImages subview: lateral or general close-up,Gemma: fruit close-up | Gemma free tag: close-up,False,leaf-on,visible,unspecified
baskauf/11471,baskauf_11471.jpg,Sambucus racemosa,whole tree (or vine),general,whole tree (or vine) / general,whole-tree,ind-baskauf/11471,distant,medium,Whole organism or crown is visible with scene context.,BioImages group: whole-tree,,,Gemma: contextual woody structure + visible subject,,,True,leaf-on,visible,unspecified
baskauf/26114,baskauf_26114.jpg,Sambucus racemosa,whole tree (or vine),general,whole tree (or vine) / general,whole-tree,ind-baskauf/26113,distant,medium,Whole organism or crown is visible with scene context.,BioImages group: whole-tree,,,Gemma: contextual woody structure + visible subject,,,True,leaf-on,visible,unspecified
baskauf/26153,baskauf_26153.jpg,Sambucus racemosa,whole tree (or vine),general,whole tree (or vine) / general,whole-tree,ind-baskauf/26137,distant,high,Whole organism or crown is visible with scene context.,BioImages group: whole-tree,Gemma: whole plant,,Gemma: contextual woody structure + visible subject,,,False,leaf-on,visible,unspecified
baskauf/26147,baskauf_26147.jpg,Sambucus racemosa,twig,orientation of petioles,twig / orientation of petioles,twig,ind-baskauf/26137,close-up,medium,"A diagnostic organ, surface, or fine detail is the main subject.",,,BioImages subview: orientation of petioles,Gemma: contextual woody structure + visible subject,,Gemma: leaf scar | Gemma free tag: close-up,True,leaf-off,not-visible,unspecified
baskauf/26149,baskauf_26149.jpg,Sambucus racemosa,leaf,margin of upper + lower surface,leaf / margin of upper + lower surface,leaf,ind-baskauf/26137,close-up,high,"A diagnostic organ, surface, or fine detail is the main subject.",,,,,BioImages subview: margin of upper + lower surface,Gemma: leaf margin | Gemma: leaf upper surface | Gemma free tag: close-up,False,leaf-on,not-visible,unspecified
baskauf/11481,baskauf_11481.jpg,Sambucus racemosa,leaf,showing orientation on twig,leaf / showing orientation on twig,leaf,ind-baskauf/11471,mid-range,high,"A branch system or contextual plant part is visible, without the whole organism.",,,BioImages subview: showing orientation on twig,Gemma: contextual woody structure + visible subject,,,False,leaf-on,visible,unspecified
baskauf/11482,baskauf_11482.jpg,Sambucus racemosa,leaf,whole upper surface,leaf / whole upper surface,leaf,ind-baskauf/11471,close-up,medium,"A diagnostic organ, surface, or fine detail is the main subject.",,,,Gemma: contextual woody structure + visible subject,BioImages subview: whole upper surface,,True,leaf-on,not-visible,unspecified
baskauf/26143,baskauf_26143.jpg,Sambucus racemosa,leaf,whole upper surface,leaf / whole upper surface,leaf,ind-baskauf/26137,close-up,medium,"A diagnostic organ, surface, or fine detail is the main subject.",,,,Gemma: contextual woody structure + visible subject,BioImages subview: whole upper surface,,True,leaf-on,not-visible,unspecified
baskauf/28756,baskauf_28756.jpg,Sambucus racemosa,leaf,whole upper surface,leaf / whole upper surface,leaf,ind-baskauf/28751,close-up,high,"A diagnostic organ, surface, or fine detail is the main subject.",,,,Gemma: contextual woody structure + visible subject,BioImages subview: whole upper surface,Gemma: leaf upper surface | Gemma free tag: close-up,False,leaf-on,not-visible,unspecified
baskauf/26127,baskauf_26127.jpg,Sambucus racemosa,inflorescence,frontal view of flower,inflorescence / frontal view of flower,flower,ind-baskauf/26113,close-up,high,"A diagnostic organ, surface, or fine detail is the main subject.",,,,,BioImages subview: frontal view of flower,Gemma: flower close-up | Gemma free tag: close-up,False,not-visible,visible,unspecified
baskauf/49293,baskauf_49293.jpg,Sambucus racemosa,inflorescence,frontal view of flower,inflorescence / frontal view of flower,flower,ind-baskauf/49288,close-up,high,"A diagnostic organ, surface, or fine detail is the main subject.",,,,Gemma: contextual woody structure + visible subject,BioImages subview: frontal view of flower,Gemma: flower close-up | Gemma free tag: close-up,False,leaf-on,visible,unspecified
baskauf/26119,baskauf_26119.jpg,Sambucus racemosa,inflorescence,whole - unspecified,inflorescence / whole - unspecified,flower,ind-baskauf/26113,mid-range,medium,"A branch system or contextual plant part is visible, without the whole organism.",,,,Gemma: contextual woody structure + visible subject,,,True,leaf-on,visible,unspecified
baskauf/26141,baskauf_26141.jpg,Sambucus racemosa,inflorescence,whole - unspecified,inflorescence / whole - unspecified,flower,ind-baskauf/26137,close-up,medium,"A diagnostic organ, surface, or fine detail is the main subject.",,,,Gemma: contextual woody structure + visible subject,,Gemma: fruit close-up | Gemma free tag: close-up,True,not-visible,visible,unspecified
baskauf/26540,baskauf_26540.jpg,Sambucus racemosa,inflorescence,whole - unspecified,inflorescence / whole - unspecified,flower,ind-baskauf/26538,mid-range,medium,"A branch system or contextual plant part is visible, without the whole organism.",,,,Gemma: contextual woody structure + visible subject,,,True,leaf-on,visible,unspecified
baskauf/49290,baskauf_49290.jpg,Sambucus racemosa,inflorescence,whole - unspecified,inflorescence / whole - unspecified,flower,ind-baskauf/49288,close-up,medium,"A diagnostic organ, surface, or fine detail is the main subject.",,,,Gemma: contextual woody structure + visible subject,,Gemma: flower close-up | Gemma free tag: close-up,True,leaf-on,visible,unspecified
baskauf/11477,baskauf_11477.jpg,Sambucus racemosa,fruit,as borne on the plant,fruit / as borne on the plant,fruit,ind-baskauf/11471,mid-range,high,"A branch system or contextual plant part is visible, without the whole organism.",,,BioImages subview: as borne on the plant,Gemma: contextual woody structure + visible subject,,,False,leaf-on,visible,unspecified
baskauf/28751,baskauf_28751.jpg,Sambucus racemosa,fruit,as borne on the plant,fruit / as borne on the plant,fruit,ind-baskauf/28751,mid-range,high,"A branch system or contextual plant part is visible, without the whole organism.",,,BioImages subview: as borne on the plant,Gemma: contextual woody structure + visible subject,,,False,leaf-on,visible,environmental
baskauf/11479,baskauf_11479.jpg,Sambucus racemosa,fruit,lateral or general close-up,fruit / lateral or general close-up,fruit,ind-baskauf/11471,close-up,high,"A diagnostic organ, surface, or fine detail is the main subject.",,,,Gemma: contextual woody structure + visible subject,BioImages subview: lateral or general close-up,Gemma: fruit close-up | Gemma free tag: close-up,False,leaf-on,visible,unspecified
baskauf/28754,baskauf_28754.jpg,Sambucus racemosa,fruit,lateral or general close-up,fruit / lateral or general close-up,fruit,ind-baskauf/28751,close-up,high,"A diagnostic organ, surface, or fine detail is the main subject.",,,,Gemma: contextual woody structure + visible subject,BioImages subview: lateral or general close-up,Gemma: fruit close-up | Gemma free tag: close-up,False,leaf-on,visible,unspecified
baskauf/11322,baskauf_11322.jpg,Sassafras albidum,whole tree (or vine),general,whole tree (or vine) / general,whole-tree,ind-baskauf/11322,distant,high,Whole organism or crown is visible with scene context.,BioImages group: whole-tree,Gemma: whole plant,,Gemma: contextual woody structure + visible subject,,,False,leaf-on,not-visible,unspecified
baskauf/11722,baskauf_11722.jpg,Sassafras albidum,whole tree (or vine),general,whole tree (or vine) / general,whole-tree,ind-baskauf/11722,distant,high,Whole organism or crown is visible with scene context.,BioImages group: whole-tree,Gemma: whole plant,,Gemma: contextual woody structure + visible subject,,,False,leaf-on,not-visible,environmental
baskauf/51027,baskauf_51027.jpg,Sassafras albidum,whole tree (or vine),general,whole tree (or vine) / general,whole-tree,ind-baskauf/51010,distant,high,Whole organism or crown is visible with scene context.,BioImages group: whole-tree,Gemma: whole plant,,Gemma: contextual woody structure + visible subject,,,False,leaf-off,not-visible,environmental
baskauf/91056,baskauf_91056.jpg,Sassafras albidum,whole tree (or vine),general,whole tree (or vine) / general,whole-tree,vanderbilt/6-215,distant,high,Whole organism or crown is visible with scene context.,BioImages group: whole-tree,Gemma: whole plant,,Gemma: contextual woody structure + visible subject,,,False,leaf-on,not-visible,environmental
baskauf/16325,baskauf_16325.jpg,Sassafras albidum,whole tree (or vine),view up trunk,whole tree (or vine) / view up trunk,whole-tree,ind-baskauf/16321,distant,high,Whole organism or crown is visible with scene context.,BioImages group: whole-tree,Gemma: whole plant,,Gemma: contextual woody structure + visible subject,,,False,leaf-on,not-visible,unspecified
baskauf/11341,baskauf_11341.jpg,Sassafras albidum,bark,of a large tree,bark / of a large tree,bark,ind-baskauf/11341,close-up,medium,"A diagnostic organ, surface, or fine detail is the main subject.",,,,,,Gemma free tag: close-up,True,not-visible,not-visible,unspecified
baskauf/16321,baskauf_16321.jpg,Sassafras albidum,bark,of a large tree,bark / of a large tree,bark,ind-baskauf/16321,close-up,medium,"A diagnostic organ, surface, or fine detail is the main subject.",,,,,,Gemma free tag: close-up,True,not-visible,not-visible,unspecified
baskauf/16324,baskauf_16324.jpg,Sassafras albidum,bark,of a large tree,bark / of a large tree,bark,ind-baskauf/16321,close-up,medium,"A diagnostic organ, surface, or fine detail is the main subject.",,,,,,Gemma free tag: close-up,True,not-visible,not-visible,unspecified
baskauf/15549,baskauf_15549.jpg,Sassafras albidum,bark,of a medium tree or large branch,bark / of a medium tree or large branch,bark,ind-baskauf/15549,mid-range,medium,"A branch system or contextual plant part is visible, without the whole organism.",,,BioImages subview: of a medium tree or large branch,,,,True,not-visible,not-visible,unspecified
baskauf/15424,baskauf_15424.jpg,Sassafras albidum,twig,orientation of petioles,twig / orientation of petioles,twig,ind-baskauf/15412,close-up,medium,"A diagnostic organ, surface, or fine detail is the main subject.",,,BioImages subview: orientation of petioles,Gemma: contextual woody structure + visible subject,,Gemma free tag: close-up,True,leaf-on,not-visible,unspecified
baskauf/15417,baskauf_15417.jpg,Sassafras albidum,leaf,margin of upper + lower surface,leaf / margin of upper + lower surface,leaf,ind-baskauf/15412,close-up,high,"A diagnostic organ, surface, or fine detail is the main subject.",,,,,BioImages subview: margin of upper + lower surface,Gemma: leaf margin | Gemma: leaf upper surface | Gemma free tag: close-up,False,leaf-on,not-visible,unspecified
baskauf/10890,baskauf_10890.jpg,Sassafras albidum,leaf,showing orientation on twig,leaf / showing orientation on twig,leaf,ind-baskauf/10890,close-up,medium,"A diagnostic organ, surface, or fine detail is the main subject.",,,BioImages subview: showing orientation on twig,Gemma: contextual woody structure + visible subject,,Gemma: leaf upper surface,True,leaf-on,not-visible,unspecified
baskauf/15868,baskauf_15868.jpg,Sassafras albidum,leaf,showing orientation on twig,leaf / showing orientation on twig,leaf,ind-baskauf/15867,close-up,medium,"A diagnostic organ, surface, or fine detail is the main subject.",,,BioImages subview: showing orientation on twig,Gemma: contextual woody structure + visible subject,,Gemma: leaf upper surface | Gemma free tag: close-up,True,leaf-on,not-visible,unspecified
baskauf/16722,baskauf_16722.jpg,Sassafras albidum,leaf,showing orientation on twig,leaf / showing orientation on twig,leaf,ind-baskauf/16722,distant,medium,Whole organism or crown is visible with scene context.,,Gemma: whole plant,BioImages subview: showing orientation on twig,Gemma: contextual woody structure + visible subject,,,True,mixed,not-visible,environmental
kirchoff/b5148,kirchoff_b5148.jpg,Sassafras albidum,leaf,showing orientation on twig,leaf / showing orientation on twig,leaf,ind-kirchoff/b5147,close-up,medium,"A diagnostic organ, surface, or fine detail is the main subject.",,,BioImages subview: showing orientation on twig,Gemma: contextual woody structure + visible subject,,Gemma: leaf upper surface | Gemma free tag: close-up,True,leaf-on,not-visible,unspecified
kirchoff/b5149,kirchoff_b5149.jpg,Sassafras albidum,leaf,showing orientation on twig,leaf / showing orientation on twig,leaf,ind-kirchoff/b5149,mid-range,high,"A branch system or contextual plant part is visible, without the whole organism.",,,BioImages subview: showing orientation on twig,Gemma: contextual woody structure + visible subject,,,False,leaf-on,not-visible,unspecified
baskauf/15412,baskauf_15412.jpg,Sassafras albidum,leaf,whole upper surface,leaf / whole upper surface,leaf,ind-baskauf/15412,close-up,high,"A diagnostic organ, surface, or fine detail is the main subject.",,,,,BioImages subview: whole upper surface,Gemma: leaf upper surface | Gemma free tag: close-up,False,leaf-on,not-visible,unspecified
baskauf/15867,baskauf_15867.jpg,Sassafras albidum,leaf,whole upper surface,leaf / whole upper surface,leaf,ind-baskauf/15867,close-up,high,"A diagnostic organ, surface, or fine detail is the main subject.",,,,Gemma: contextual woody structure + visible subject,BioImages subview: whole upper surface,Gemma: leaf upper surface | Gemma free tag: close-up,False,leaf-on,not-visible,unspecified
kirchoff/b5147,kirchoff_b5147.jpg,Sassafras albidum,leaf,whole upper surface,leaf / whole upper surface,leaf,ind-kirchoff/b5147,close-up,high,"A diagnostic organ, surface, or fine detail is the main subject.",,,,,BioImages subview: whole upper surface,Gemma: leaf margin | Gemma: leaf upper surface | Gemma free tag: close-up,False,leaf-on,not-visible,unspecified
baskauf/50977,baskauf_50977.jpg,Sassafras albidum,inflorescence,frontal view of flower,inflorescence / frontal view of flower,flower,vanderbilt/6-215,close-up,high,"A diagnostic organ, surface, or fine detail is the main subject.",,,,Gemma: contextual woody structure + visible subject,BioImages subview: frontal view of flower,Gemma: flower close-up | Gemma free tag: close-up,False,not-visible,visible,unspecified
baskauf/51013,baskauf_51013.jpg,Sassafras albidum,inflorescence,frontal view of flower,inflorescence / frontal view of flower,flower,ind-baskauf/51010,close-up,high,"A diagnostic organ, surface, or fine detail is the main subject.",,,,Gemma: contextual woody structure + visible subject,BioImages subview: frontal view of flower,Gemma: flower close-up | Gemma free tag: close-up,False,not-visible,visible,unspecified
baskauf/51014,baskauf_51014.jpg,Sassafras albidum,inflorescence,frontal view of flower,inflorescence / frontal view of flower,flower,ind-baskauf/51010,close-up,high,"A diagnostic organ, surface, or fine detail is the main subject.",,,,Gemma: contextual woody structure + visible subject,BioImages subview: frontal view of flower,Gemma: flower close-up | Gemma free tag: close-up,False,not-visible,visible,unspecified
baskauf/19587,baskauf_19587.jpg,Sassafras albidum,inflorescence,lateral view of flower,inflorescence / lateral view of flower,flower,ind-baskauf/10890,close-up,high,"A diagnostic organ, surface, or fine detail is the main subject.",,,,Gemma: contextual woody structure + visible subject,BioImages subview: lateral view of flower,Gemma: flower close-up | Gemma free tag: close-up,False,leaf-on,visible,unspecified
baskauf/50974,baskauf_50974.jpg,Sassafras albidum,inflorescence,lateral view of flower,inflorescence / lateral view of flower,flower,vanderbilt/6-215,close-up,high,"A diagnostic organ, surface, or fine detail is the main subject.",,,,Gemma: contextual woody structure + visible subject,BioImages subview: lateral view of flower,Gemma: flower close-up | Gemma free tag: close-up,False,not-visible,visible,unspecified
baskauf/50973,baskauf_50973.jpg,Sassafras albidum,inflorescence,whole - female,inflorescence / whole - female,flower,vanderbilt/6-215,close-up,medium,"A diagnostic organ, surface, or fine detail is the main subject.",,,,Gemma: contextual woody structure + visible subject,,Gemma: flower close-up | Gemma free tag: close-up,True,not-visible,visible,unspecified
baskauf/50978,baskauf_50978.jpg,Sassafras albidum,inflorescence,whole - female,inflorescence / whole - female,flower,vanderbilt/6-215,mid-range,medium,"A branch system or contextual plant part is visible, without the whole organism.",,,,Gemma: contextual woody structure + visible subject,,,True,not-visible,visible,unspecified
baskauf/10537,baskauf_10537.jpg,Sassafras albidum,inflorescence,whole - male,inflorescence / whole - male,flower,ind-baskauf/10537,close-up,medium,"A diagnostic organ, surface, or fine detail is the main subject.",,,,Gemma: contextual woody structure + visible subject,,Gemma: flower close-up | Gemma free tag: close-up,True,leaf-on,visible,unspecified
baskauf/10539,baskauf_10539.jpg,Sassafras albidum,inflorescence,whole - male,inflorescence / whole - male,flower,ind-baskauf/10537,close-up,medium,"A diagnostic organ, surface, or fine detail is the main subject.",,,,Gemma: contextual woody structure + visible subject,,Gemma: flower close-up | Gemma free tag: close-up,True,leaf-on,visible,unspecified
baskauf/13474,baskauf_13474.jpg,Sassafras albidum,fruit,immature,fruit / immature,fruit,ind-baskauf/13474,close-up,medium,"A diagnostic organ, surface, or fine detail is the main subject.",,,,Gemma: contextual woody structure + visible subject,,Gemma free tag: close-up,True,leaf-on,visible,unspecified
baskauf/15112,baskauf_15112.jpg,Sassafras albidum,fruit,lateral or general close-up,fruit / lateral or general close-up,fruit,ind-baskauf/15112,close-up,high,"A diagnostic organ, surface, or fine detail is the main subject.",,,,,BioImages subview: lateral or general close-up,Gemma: fruit close-up | Gemma free tag: close-up,False,leaf-on,visible,unspecified
baskauf/15013,baskauf_15013.jpg,Sorbus americana,whole tree (or vine),general,whole tree (or vine) / general,whole-tree,ind-baskauf/15003,distant,high,Whole organism or crown is visible with scene context.,BioImages group: whole-tree,Gemma: whole plant,,Gemma: contextual woody structure + visible subject,,,False,leaf-on,visible,environmental
baskauf/15049,baskauf_15049.jpg,Sorbus americana,whole tree (or vine),general,whole tree (or vine) / general,whole-tree,ind-baskauf/15049,distant,high,Whole organism or crown is visible with scene context.,BioImages group: whole-tree,Gemma: whole plant,,Gemma: contextual woody structure + visible subject,,,False,leaf-off,visible,unspecified
baskauf/49296,baskauf_49296.jpg,Sorbus americana,whole tree (or vine),general,whole tree (or vine) / general,whole-tree,ind-baskauf/49296,distant,medium,Whole organism or crown is visible with scene context.,BioImages group: whole-tree,,,Gemma: contextual woody structure + visible subject,,,True,leaf-on,visible,unspecified
baskauf/49335,baskauf_49335.jpg,Sorbus americana,whole tree (or vine),general,whole tree (or vine) / general,whole-tree,ind-baskauf/49335,distant,high,Whole organism or crown is visible with scene context.,BioImages group: whole-tree,Gemma: whole plant | Gemma free tag: tree crown,,,,,False,leaf-on,visible,environmental
baskauf/15010,baskauf_15010.jpg,Sorbus americana,bark,of a medium tree or large branch,bark / of a medium tree or large branch,bark,ind-baskauf/15003,close-up,medium,"A diagnostic organ, surface, or fine detail is the main subject.",,,BioImages subview: of a medium tree or large branch,Gemma: contextual woody structure + visible subject,,Gemma free tag: close-up,True,not-visible,not-visible,unspecified
baskauf/15011,baskauf_15011.jpg,Sorbus americana,twig,orientation of petioles,twig / orientation of petioles,twig,ind-baskauf/15003,close-up,medium,"A diagnostic organ, surface, or fine detail is the main subject.",,,BioImages subview: orientation of petioles,Gemma: contextual woody structure + visible subject,,Gemma free tag: close-up,True,leaf-on,not-visible,unspecified
baskauf/15007,baskauf_15007.jpg,Sorbus americana,leaf,showing orientation on twig,leaf / showing orientation on twig,leaf,ind-baskauf/15003,mid-range,high,"A branch system or contextual plant part is visible, without the whole organism.",,,BioImages subview: showing orientation on twig,Gemma: contextual woody structure + visible subject,,,False,leaf-on,not-visible,unspecified
baskauf/15009,baskauf_15009.jpg,Sorbus americana,leaf,unspecified,leaf / unspecified,leaf,ind-baskauf/15003,close-up,medium,"A diagnostic organ, surface, or fine detail is the main subject.",,,,Gemma: contextual woody structure + visible subject,,Gemma: leaf margin | Gemma free tag: close-up,True,leaf-on,not-visible,unspecified
baskauf/15006,baskauf_15006.jpg,Sorbus americana,leaf,whole upper surface,leaf / whole upper surface,leaf,ind-baskauf/15003,close-up,medium,"A diagnostic organ, surface, or fine detail is the main subject.",,,,Gemma: contextual woody structure + visible subject,BioImages subview: whole upper surface,,True,leaf-on,not-visible,environmental
baskauf/49330,baskauf_49330.jpg,Sorbus americana,inflorescence,frontal view of flower,inflorescence / frontal view of flower,flower,ind-baskauf/49326,close-up,high,"A diagnostic organ, surface, or fine detail is the main subject.",,,,,BioImages subview: frontal view of flower,Gemma: flower close-up | Gemma free tag: close-up,False,leaf-on,visible,unspecified
baskauf/49332,baskauf_49332.jpg,Sorbus americana,inflorescence,frontal view of flower,inflorescence / frontal view of flower,flower,ind-baskauf/49326,close-up,high,"A diagnostic organ, surface, or fine detail is the main subject.",,,,,BioImages subview: frontal view of flower,Gemma: flower close-up | Gemma free tag: close-up,False,leaf-on,visible,unspecified
baskauf/49341,baskauf_49341.jpg,Sorbus americana,inflorescence,frontal view of flower,inflorescence / frontal view of flower,flower,ind-baskauf/49335,close-up,high,"A diagnostic organ, surface, or fine detail is the main subject.",,,,,BioImages subview: frontal view of flower,Gemma: flower close-up | Gemma: flower interior | Gemma free tag: close-up,False,not-visible,visible,unspecified
baskauf/49334,baskauf_49334.jpg,Sorbus americana,inflorescence,lateral view of flower,inflorescence / lateral view of flower,flower,ind-baskauf/49326,close-up,high,"A diagnostic organ, surface, or fine detail is the main subject.",,,,Gemma: contextual woody structure + visible subject,BioImages subview: lateral view of flower,Gemma: flower close-up | Gemma free tag: close-up,False,leaf-on,visible,unspecified
baskauf/49344,baskauf_49344.jpg,Sorbus americana,inflorescence,lateral view of flower,inflorescence / lateral view of flower,flower,ind-baskauf/49335,close-up,high,"A diagnostic organ, surface, or fine detail is the main subject.",,,,Gemma: contextual woody structure + visible subject,BioImages subview: lateral view of flower,Gemma: flower close-up | Gemma free tag: close-up,False,not-visible,visible,unspecified
baskauf/49300,baskauf_49300.jpg,Sorbus americana,inflorescence,unspecified,inflorescence / unspecified,flower,ind-baskauf/49296,close-up,medium,"A diagnostic organ, surface, or fine detail is the main subject.",,,,,,Gemma: flower close-up | Gemma free tag: close-up,True,leaf-on,visible,unspecified
baskauf/49326,baskauf_49326.jpg,Sorbus americana,inflorescence,whole - unspecified,inflorescence / whole - unspecified,flower,ind-baskauf/49326,mid-range,medium,"A branch system or contextual plant part is visible, without the whole organism.",,,,Gemma: contextual woody structure + visible subject,,,True,leaf-on,visible,unspecified
baskauf/49339,baskauf_49339.jpg,Sorbus americana,inflorescence,whole - unspecified,inflorescence / whole - unspecified,flower,ind-baskauf/49335,close-up,medium,"A diagnostic organ, surface, or fine detail is the main subject.",,,,Gemma: contextual woody structure + visible subject,,Gemma: flower close-up | Gemma free tag: close-up,True,leaf-on,visible,unspecified
baskauf/15003,baskauf_15003.jpg,Sorbus americana,fruit,as borne on the plant,fruit / as borne on the plant,fruit,ind-baskauf/15003,mid-range,high,"A branch system or contextual plant part is visible, without the whole organism.",,,BioImages subview: as borne on the plant,Gemma: contextual woody structure + visible subject,,,False,leaf-on,visible,unspecified
baskauf/15008,baskauf_15008.jpg,Sorbus americana,fruit,as borne on the plant,fruit / as borne on the plant,fruit,ind-baskauf/15003,mid-range,high,"A branch system or contextual plant part is visible, without the whole organism.",,,BioImages subview: as borne on the plant,Gemma: contextual woody structure + visible subject,,,False,leaf-on,visible,environmental
baskauf/11999,baskauf_11999.jpg,Staphylea trifolia,whole tree (or vine),general,whole tree (or vine) / general,whole-tree,ind-baskauf/11999,distant,medium,Whole organism or crown is visible with scene context.,BioImages group: whole-tree,,,Gemma: contextual woody structure + visible subject,,,True,leaf-on,visible,unspecified
baskauf/20551,baskauf_20551.jpg,Staphylea trifolia,whole tree (or vine),general,whole tree (or vine) / general,whole-tree,ind-baskauf/20542,distant,high,Whole organism or crown is visible with scene context.,BioImages group: whole-tree,Gemma: whole plant,,Gemma: contextual woody structure + visible subject,,,False,leaf-on,visible,environmental
baskauf/20563,baskauf_20563.jpg,Staphylea trifolia,bark,of a medium tree or large branch,bark / of a medium tree or large branch,bark,ind-baskauf/20542,close-up,medium,"A diagnostic organ, surface, or fine detail is the main subject.",,,BioImages subview: of a medium tree or large branch,,,Gemma free tag: close-up,True,not-visible,not-visible,unspecified
baskauf/20565,baskauf_20565.jpg,Staphylea trifolia,bark,of a small tree or small branch,bark / of a small tree or small branch,bark,ind-baskauf/20542,close-up,medium,"A diagnostic organ, surface, or fine detail is the main subject.",,,BioImages subview: of a small tree or small branch,,,Gemma free tag: close-up,True,not-visible,not-visible,unspecified
baskauf/20570,baskauf_20570.jpg,Staphylea trifolia,twig,orientation of petioles,twig / orientation of petioles,twig,ind-baskauf/20542,close-up,medium,"A diagnostic organ, surface, or fine detail is the main subject.",,,BioImages subview: orientation of petioles,Gemma: contextual woody structure + visible subject,,Gemma free tag: close-up,True,not-visible,visible,unspecified
baskauf/12002,baskauf_12002.jpg,Staphylea trifolia,leaf,whole upper surface,leaf / whole upper surface,leaf,ind-baskauf/11999,close-up,high,"A diagnostic organ, surface, or fine detail is the main subject.",,,,Gemma: contextual woody structure + visible subject,BioImages subview: whole upper surface,Gemma: leaf upper surface | Gemma free tag: close-up,False,leaf-on,not-visible,unspecified
baskauf/20572,baskauf_20572.jpg,Staphylea trifolia,leaf,whole upper surface,leaf / whole upper surface,leaf,ind-baskauf/20542,close-up,high,"A diagnostic organ, surface, or fine detail is the main subject.",,,,Gemma: contextual woody structure + visible subject,BioImages subview: whole upper surface,Gemma: leaf upper surface | Gemma free tag: close-up,False,leaf-on,not-visible,unspecified
baskauf/20545,baskauf_20545.jpg,Staphylea trifolia,inflorescence,whole - unspecified,inflorescence / whole - unspecified,flower,ind-baskauf/20542,close-up,medium,"A diagnostic organ, surface, or fine detail is the main subject.",,,,Gemma: contextual woody structure + visible subject,,Gemma: flower close-up | Gemma free tag: close-up,True,not-visible,visible,unspecified
baskauf/20553,baskauf_20553.jpg,Staphylea trifolia,inflorescence,whole - unspecified,inflorescence / whole - unspecified,flower,ind-baskauf/20542,distant,medium,Whole organism or crown is visible with scene context.,,Gemma: whole plant,,Gemma: contextual woody structure + visible subject,,,True,leaf-on,visible,unspecified
baskauf/12005,baskauf_12005.jpg,Staphylea trifolia,fruit,as borne on the plant,fruit / as borne on the plant,fruit,ind-baskauf/11999,mid-range,high,"A branch system or contextual plant part is visible, without the whole organism.",,,BioImages subview: as borne on the plant,Gemma: contextual woody structure + visible subject,,,False,not-visible,visible,unspecified
baskauf/12008,baskauf_12008.jpg,Staphylea trifolia,fruit,lateral or general close-up,fruit / lateral or general close-up,fruit,ind-baskauf/11999,close-up,high,"A diagnostic organ, surface, or fine detail is the main subject.",,,,,BioImages subview: lateral or general close-up,Gemma: fruit close-up | Gemma free tag: close-up,False,not-visible,visible,unspecified
baskauf/43539,baskauf_43539.jpg,Thuja occidentalis,whole tree,general,whole tree / general,whole-tree,ind-baskauf/43537,distant,high,Whole organism or crown is visible with scene context.,BioImages group: whole-tree,Gemma: whole plant | Gemma free tag: full crown,,Gemma: contextual woody structure + visible subject,,,False,leaf-on,not-visible,environmental
baskauf/43553,baskauf_43553.jpg,Thuja occidentalis,whole tree,view up trunk,whole tree / view up trunk,whole-tree,ind-baskauf/43537,distant,medium,Whole organism or crown is visible with scene context.,BioImages group: whole-tree,,,Gemma: contextual woody structure + visible subject,,,True,leaf-on,not-visible,unspecified
baskauf/43541,baskauf_43541.jpg,Thuja occidentalis,bark,of a medium tree or large branch,bark / of a medium tree or large branch,bark,ind-baskauf/43537,mid-range,medium,"A branch system or contextual plant part is visible, without the whole organism.",,,BioImages subview: of a medium tree or large branch,,,,True,not-visible,not-visible,unspecified
baskauf/43552,baskauf_43552.jpg,Thuja occidentalis,twig,after fallen needles,twig / after fallen needles,twig,ind-baskauf/43537,close-up,medium,"A diagnostic organ, surface, or fine detail is the main subject.",,,,Gemma: contextual woody structure + visible subject,,Gemma: needle attachment | Gemma free tag: close-up,True,leaf-on,not-visible,unspecified
baskauf/43550,baskauf_43550.jpg,Thuja occidentalis,twig,showing attachment of needles,twig / showing attachment of needles,twig,ind-baskauf/43537,close-up,high,"A diagnostic organ, surface, or fine detail is the main subject.",,,,Gemma: contextual woody structure + visible subject,BioImages subview: showing attachment of needles,Gemma: needle attachment | Gemma free tag: close-up,False,mixed,not-visible,unspecified
baskauf/43546,baskauf_43546.jpg,Thuja occidentalis,leaf,entire needle,leaf / entire needle,leaf,ind-baskauf/43537,close-up,high,"A diagnostic organ, surface, or fine detail is the main subject.",,,,Gemma: contextual woody structure + visible subject,BioImages subview: entire needle,Gemma: needle attachment | Gemma free tag: close-up,False,leaf-on,not-visible,unspecified
baskauf/43548,baskauf_43548.jpg,Thuja occidentalis,leaf,entire needle,leaf / entire needle,leaf,ind-baskauf/43537,close-up,high,"A diagnostic organ, surface, or fine detail is the main subject.",,,,Gemma: contextual woody structure + visible subject,BioImages subview: entire needle,Gemma: needle attachment | Gemma free tag: close-up,False,leaf-on,not-visible,unspecified
baskauf/43545,baskauf_43545.jpg,Thuja occidentalis,leaf,showing orientation on twig,leaf / showing orientation on twig,leaf,ind-baskauf/43537,mid-range,high,"A branch system or contextual plant part is visible, without the whole organism.",,,BioImages subview: showing orientation on twig,Gemma: contextual woody structure + visible subject,,,False,leaf-on,not-visible,unspecified
baskauf/11469,baskauf_11469.jpg,Tilia americana,whole tree (or vine),general,whole tree (or vine) / general,whole-tree,ind-baskauf/11469,distant,high,Whole organism or crown is visible with scene context.,BioImages group: whole-tree,Gemma: whole plant,,Gemma: contextual woody structure + visible subject,,,False,leaf-on,not-visible,environmental
baskauf/90902,baskauf_90902.jpg,Tilia americana,whole tree (or vine),general,whole tree (or vine) / general,whole-tree,vanderbilt/6-89,distant,high,Whole organism or crown is visible with scene context.,BioImages group: whole-tree,Gemma: whole plant | Gemma free tag: full tree,,Gemma: contextual woody structure + visible subject,,,False,leaf-on,not-visible,unspecified
baskauf/91146,baskauf_91146.jpg,Tilia americana,whole tree (or vine),general,whole tree (or vine) / general,whole-tree,vanderbilt/12-173,distant,high,Whole organism or crown is visible with scene context.,BioImages group: whole-tree,Gemma: whole plant | Gemma free tag: full crown,,Gemma: contextual woody structure + visible subject,,,False,leaf-on,not-visible,environmental
baskauf/11666,baskauf_11666.jpg,Tilia americana,whole tree (or vine),unspecified,whole tree (or vine) / unspecified,whole-tree,ind-baskauf/11666,distant,high,Whole organism or crown is visible with scene context.,BioImages group: whole-tree,Gemma: whole plant,,Gemma: contextual woody structure + visible subject,,,False,leaf-on,not-visible,environmental
baskauf/11463,baskauf_11463.jpg,Tilia americana,bark,of a large tree,bark / of a large tree,bark,ind-baskauf/11463,distant,medium,Whole organism or crown is visible with scene context.,,Gemma: whole plant,,Gemma: contextual woody structure + visible subject,,,True,leaf-on,not-visible,environmental
baskauf/16689,baskauf_16689.jpg,Tilia americana,twig,close-up winter terminal bud,twig / close-up winter terminal bud,twig,ind-baskauf/16689,close-up,high,"A diagnostic organ, surface, or fine detail is the main subject.",,,,Gemma: contextual woody structure + visible subject,BioImages subview: close-up winter terminal bud,Gemma: terminal bud | Gemma free tag: close-up,False,leaf-off,not-visible,unspecified
baskauf/11646,baskauf_11646.jpg,Tilia americana,twig,orientation of petioles,twig / orientation of petioles,twig,ind-baskauf/11643,close-up,medium,"A diagnostic organ, surface, or fine detail is the main subject.",,,BioImages subview: orientation of petioles,Gemma: contextual woody structure + visible subject,,Gemma: leaf margin | Gemma free tag: close-up,True,leaf-on,not-visible,unspecified
baskauf/11653,baskauf_11653.jpg,Tilia americana,twig,orientation of petioles,twig / orientation of petioles,twig,ind-baskauf/11653,close-up,medium,"A diagnostic organ, surface, or fine detail is the main subject.",,,BioImages subview: orientation of petioles,Gemma: contextual woody structure + visible subject,,Gemma free tag: close-up,True,leaf-off,not-visible,unspecified
baskauf/11656,baskauf_11656.jpg,Tilia americana,twig,orientation of petioles,twig / orientation of petioles,twig,ind-baskauf/11653,close-up,medium,"A diagnostic organ, surface, or fine detail is the main subject.",,,BioImages subview: orientation of petioles,Gemma: contextual woody structure + visible subject,,Gemma free tag: close-up,True,leaf-on,not-visible,unspecified
baskauf/16240,baskauf_16240.jpg,Tilia americana,twig,orientation of petioles,twig / orientation of petioles,twig,vanderbilt/6-89,close-up,medium,"A diagnostic organ, surface, or fine detail is the main subject.",,,BioImages subview: orientation of petioles,Gemma: contextual woody structure + visible subject,,Gemma free tag: close-up,True,not-visible,visible,unspecified
baskauf/15576,baskauf_15576.jpg,Tilia americana,leaf,margin of upper + lower surface,leaf / margin of upper + lower surface,leaf,vanderbilt/6-89,close-up,high,"A diagnostic organ, surface, or fine detail is the main subject.",,,,Gemma: contextual woody structure + visible subject,BioImages subview: margin of upper + lower surface,Gemma: leaf margin | Gemma: leaf upper surface | Gemma free tag: close-up,False,leaf-on,not-visible,unspecified
baskauf/11464,baskauf_11464.jpg,Tilia americana,leaf,showing orientation on twig,leaf / showing orientation on twig,leaf,ind-baskauf/11464,uncertain,conflict,Distant and close-up evidence both present; manual review required.,,Gemma: whole plant,BioImages subview: showing orientation on twig,Gemma: contextual woody structure + visible subject,,Gemma free tag: close-up,True,leaf-on,not-visible,unspecified
baskauf/11645,baskauf_11645.jpg,Tilia americana,leaf,showing orientation on twig,leaf / showing orientation on twig,leaf,ind-baskauf/11643,close-up,medium,"A diagnostic organ, surface, or fine detail is the main subject.",,,BioImages subview: showing orientation on twig,Gemma: contextual woody structure + visible subject,,Gemma: leaf upper surface,True,leaf-on,not-visible,unspecified
baskauf/11752,baskauf_11752.jpg,Tilia americana,leaf,unspecified,leaf / unspecified,leaf,vanderbilt/6-89,close-up,medium,"A diagnostic organ, surface, or fine detail is the main subject.",,,,,,Gemma: leaf upper surface | Gemma free tag: close-up,True,leaf-on,not-visible,unspecified
baskauf/11753,baskauf_11753.jpg,Tilia americana,leaf,unspecified,leaf / unspecified,leaf,vanderbilt/6-89,close-up,medium,"A diagnostic organ, surface, or fine detail is the main subject.",,,,,,Gemma free tag: close-up,True,not-visible,not-visible,unspecified
baskauf/11643,baskauf_11643.jpg,Tilia americana,leaf,whole upper surface,leaf / whole upper surface,leaf,ind-baskauf/11643,close-up,high,"A diagnostic organ, surface, or fine detail is the main subject.",,,,Gemma: contextual woody structure + visible subject,BioImages subview: whole upper surface,Gemma: leaf upper surface | Gemma free tag: close-up,False,leaf-on,not-visible,unspecified
baskauf/11644,baskauf_11644.jpg,Tilia americana,leaf,whole upper surface,leaf / whole upper surface,leaf,ind-baskauf/11643,close-up,high,"A diagnostic organ, surface, or fine detail is the main subject.",,,,Gemma: contextual woody structure + visible subject,BioImages subview: whole upper surface,Gemma: leaf upper surface | Gemma: petiole arrangement | Gemma free tag: close-up,False,leaf-on,not-visible,unspecified
baskauf/11751,baskauf_11751.jpg,Tilia americana,leaf,whole upper surface,leaf / whole upper surface,leaf,vanderbilt/6-89,close-up,high,"A diagnostic organ, surface, or fine detail is the main subject.",,,,Gemma: contextual woody structure + visible subject,BioImages subview: whole upper surface,Gemma: leaf upper surface | Gemma free tag: close-up,False,leaf-on,visible,unspecified
baskauf/11746,baskauf_11746.jpg,Tilia americana,inflorescence,frontal view of flower,inflorescence / frontal view of flower,flower,vanderbilt/6-89,close-up,high,"A diagnostic organ, surface, or fine detail is the main subject.",,,,Gemma: contextual woody structure + visible subject,BioImages subview: frontal view of flower,Gemma: flower close-up | Gemma free tag: close-up,False,not-visible,visible,unspecified
baskauf/10670,baskauf_10670.jpg,Tilia americana,inflorescence,whole - unspecified,inflorescence / whole - unspecified,flower,vanderbilt/6-89,close-up,medium,"A diagnostic organ, surface, or fine detail is the main subject.",,,,,,Gemma: flower close-up | Gemma free tag: close-up,True,leaf-on,visible,unspecified
baskauf/11733,baskauf_11733.jpg,Tilia americana,inflorescence,whole - unspecified,inflorescence / whole - unspecified,flower,vanderbilt/6-89,close-up,medium,"A diagnostic organ, surface, or fine detail is the main subject.",,,,Gemma: contextual woody structure + visible subject,,Gemma: leaf upper surface,True,leaf-on,visible,unspecified
baskauf/11744,baskauf_11744.jpg,Tilia americana,inflorescence,whole - unspecified,inflorescence / whole - unspecified,flower,vanderbilt/6-89,close-up,medium,"A diagnostic organ, surface, or fine detail is the main subject.",,,,Gemma: contextual woody structure + visible subject,,Gemma: leaf upper surface,True,leaf-on,visible,unspecified
baskauf/15581,baskauf_15581.jpg,Tilia americana,fruit,as borne on the plant,fruit / as borne on the plant,fruit,vanderbilt/6-89,close-up,medium,"A diagnostic organ, surface, or fine detail is the main subject.",,,BioImages subview: as borne on the plant,Gemma: contextual woody structure + visible subject,,Gemma: leaf upper surface | Gemma free tag: close-up,True,leaf-on,visible,unspecified
baskauf/10220,baskauf_10220.jpg,Tilia americana,fruit,lateral or general close-up,fruit / lateral or general close-up,fruit,vanderbilt/6-89,close-up,medium,"A diagnostic organ, surface, or fine detail is the main subject.",,,,Gemma: contextual woody structure + visible subject,BioImages subview: lateral or general close-up,,True,leaf-off,visible,unspecified
baskauf/10833,baskauf_10833.jpg,Toxicodendron radicans,whole tree (or vine),general,whole tree (or vine) / general,whole-tree,ind-baskauf/10832,distant,medium,Whole organism or crown is visible with scene context.,BioImages group: whole-tree,,,Gemma: contextual woody structure + visible subject,,,True,leaf-on,visible,unspecified
baskauf/10892,baskauf_10892.jpg,Toxicodendron radicans,whole tree (or vine),general,whole tree (or vine) / general,whole-tree,ind-baskauf/10892,distant,medium,Whole organism or crown is visible with scene context.,BioImages group: whole-tree,,,Gemma: contextual woody structure + visible subject,,,True,leaf-on,not-visible,unspecified
baskauf/10893,baskauf_10893.jpg,Toxicodendron radicans,whole tree (or vine),general,whole tree (or vine) / general,whole-tree,ind-baskauf/10893,distant,medium,Whole organism or crown is visible with scene context.,BioImages group: whole-tree,,,Gemma: contextual woody structure + visible subject,,,True,leaf-on,not-visible,unspecified
thomas/0506-01-06,thomas_0506-01-06.jpg,Toxicodendron radicans,whole tree (or vine),general,whole tree (or vine) / general,whole-tree,thomas/0506-01,distant,medium,Whole organism or crown is visible with scene context.,BioImages group: whole-tree,,,Gemma: contextual woody structure + visible subject,,,True,leaf-on,visible,unspecified
baskauf/10834,baskauf_10834.jpg,Toxicodendron radicans,bark,of a large tree,bark / of a large tree,bark,ind-baskauf/10832,distant,medium,Whole organism or crown is visible with scene context.,,Gemma: whole plant,,Gemma: contextual woody structure + visible subject,,,True,leaf-on,visible,unspecified
baskauf/17295,baskauf_17295.jpg,Toxicodendron radicans,bark,of a small tree or small branch,bark / of a small tree or small branch,bark,ind-baskauf/17295,mid-range,high,"A branch system or contextual plant part is visible, without the whole organism.",,,BioImages subview: of a small tree or small branch,Gemma: contextual woody structure + visible subject,,,False,leaf-off,not-visible,unspecified
baskauf/17306,baskauf_17306.jpg,Toxicodendron radicans,twig,winter overall,twig / winter overall,twig,ind-baskauf/17295,close-up,medium,"A diagnostic organ, surface, or fine detail is the main subject.",,,,Gemma: contextual woody structure + visible subject,,Gemma free tag: close-up,True,leaf-off,not-visible,unspecified
baskauf/16418,baskauf_16418.jpg,Toxicodendron radicans,leaf,showing orientation on twig,leaf / showing orientation on twig,leaf,ind-baskauf/16418,close-up,medium,"A diagnostic organ, surface, or fine detail is the main subject.",,,BioImages subview: showing orientation on twig,Gemma: contextual woody structure + visible subject,,Gemma: leaf upper surface | Gemma free tag: close-up,True,leaf-on,not-visible,unspecified
thomas/0506-01-08,thomas_0506-01-08.jpg,Toxicodendron radicans,leaf,showing orientation on twig,leaf / showing orientation on twig,leaf,thomas/0506-01,mid-range,high,"A branch system or contextual plant part is visible, without the whole organism.",,,BioImages subview: showing orientation on twig,Gemma: contextual woody structure + visible subject,,,False,leaf-on,not-visible,unspecified
thomas/0506-01-05,thomas_0506-01-05.jpg,Toxicodendron radicans,leaf,unspecified,leaf / unspecified,leaf,thomas/0506-01,close-up,medium,"A diagnostic organ, surface, or fine detail is the main subject.",,,,Gemma: contextual woody structure + visible subject,,Gemma: petiole arrangement | Gemma free tag: close-up,True,leaf-on,not-visible,unspecified
thomas/0506-01-09,thomas_0506-01-09.jpg,Toxicodendron radicans,leaf,unspecified,leaf / unspecified,leaf,thomas/0506-01,close-up,medium,"A diagnostic organ, surface, or fine detail is the main subject.",,,,,,Gemma: leaf margin | Gemma: leaf upper surface | Gemma free tag: close-up,True,leaf-on,not-visible,unspecified
thomas/0506-01-10,thomas_0506-01-10.jpg,Toxicodendron radicans,leaf,unspecified,leaf / unspecified,leaf,thomas/0506-01,close-up,medium,"A diagnostic organ, surface, or fine detail is the main subject.",,,,,,Gemma: leaf margin | Gemma: leaf upper surface | Gemma free tag: close-up,True,leaf-on,not-visible,unspecified
baskauf/20452,baskauf_20452.jpg,Toxicodendron radicans,leaf,whole upper surface,leaf / whole upper surface,leaf,ind-baskauf/20451,close-up,high,"A diagnostic organ, surface, or fine detail is the main subject.",,,,Gemma: contextual woody structure + visible subject,BioImages subview: whole upper surface,Gemma: leaf upper surface | Gemma free tag: close-up,False,leaf-on,not-visible,unspecified
baskauf/20454,baskauf_20454.jpg,Toxicodendron radicans,leaf,whole upper surface,leaf / whole upper surface,leaf,ind-baskauf/20451,close-up,high,"A diagnostic organ, surface, or fine detail is the main subject.",,,,Gemma: contextual woody structure + visible subject,BioImages subview: whole upper surface,Gemma free tag: close-up,False,leaf-on,not-visible,unspecified
thomas/0301-02-02,thomas_0301-02-02.jpg,Toxicodendron radicans,leaf,whole upper surface,leaf / whole upper surface,leaf,thomas/0301-02,close-up,high,"A diagnostic organ, surface, or fine detail is the main subject.",,,,,BioImages subview: whole upper surface,Gemma: leaf upper surface | Gemma free tag: close-up,False,leaf-on,not-visible,unspecified
thomas/0506-01-04,thomas_0506-01-04.jpg,Toxicodendron radicans,leaf,whole upper surface,leaf / whole upper surface,leaf,thomas/0506-01,close-up,high,"A diagnostic organ, surface, or fine detail is the main subject.",,,,Gemma: contextual woody structure + visible subject,BioImages subview: whole upper surface,Gemma: leaf margin | Gemma free tag: isolated leaf,False,leaf-on,not-visible,isolated
hessd/e5381,hessd_e5381.jpg,Toxicodendron radicans,inflorescence,frontal view of flower,inflorescence / frontal view of flower,flower,ind-hessd/e5381,close-up,high,"A diagnostic organ, surface, or fine detail is the main subject.",,,,Gemma: contextual woody structure + visible subject,BioImages subview: frontal view of flower,Gemma: flower close-up | Gemma free tag: close-up,False,not-visible,visible,unspecified
thomas/0301-02-01,thomas_0301-02-01.jpg,Toxicodendron radicans,inflorescence,frontal view of flower,inflorescence / frontal view of flower,flower,thomas/0301-02,close-up,high,"A diagnostic organ, surface, or fine detail is the main subject.",,,,Gemma: contextual woody structure + visible subject,BioImages subview: frontal view of flower,Gemma: flower close-up | Gemma free tag: close-up,False,not-visible,visible,unspecified
thomas/0506-01-03,thomas_0506-01-03.jpg,Toxicodendron radicans,inflorescence,frontal view of flower,inflorescence / frontal view of flower,flower,thomas/0506-01,close-up,high,"A diagnostic organ, surface, or fine detail is the main subject.",,,,,BioImages subview: frontal view of flower,Gemma: flower close-up | Gemma: flower interior | Gemma free tag: close-up,False,not-visible,visible,unspecified
thomas/0506-01-02,thomas_0506-01-02.jpg,Toxicodendron radicans,inflorescence,lateral view of flower,inflorescence / lateral view of flower,flower,thomas/0506-01,close-up,high,"A diagnostic organ, surface, or fine detail is the main subject.",,,,,BioImages subview: lateral view of flower,Gemma: flower close-up | Gemma free tag: close-up,False,not-visible,visible,unspecified
baskauf/10832,baskauf_10832.jpg,Toxicodendron radicans,inflorescence,whole - unspecified,inflorescence / whole - unspecified,flower,ind-baskauf/10832,close-up,medium,"A diagnostic organ, surface, or fine detail is the main subject.",,,,Gemma: contextual woody structure + visible subject,,Gemma: flower close-up | Gemma free tag: close-up,True,not-visible,visible,unspecified
baskauf/34172,baskauf_34172.jpg,Toxicodendron radicans,inflorescence,whole - unspecified,inflorescence / whole - unspecified,flower,ind-baskauf/34170,close-up,medium,"A diagnostic organ, surface, or fine detail is the main subject.",,,,Gemma: contextual woody structure + visible subject,,Gemma: flower close-up | Gemma free tag: close-up,True,not-visible,visible,unspecified
thomas/0301-02-03,thomas_0301-02-03.jpg,Toxicodendron radicans,inflorescence,whole - unspecified,inflorescence / whole - unspecified,flower,thomas/0301-02,close-up,medium,"A diagnostic organ, surface, or fine detail is the main subject.",,,,Gemma: contextual woody structure + visible subject,,Gemma: flower close-up | Gemma free tag: close-up,True,leaf-on,visible,unspecified
thomas/0506-01-01,thomas_0506-01-01.jpg,Toxicodendron radicans,inflorescence,whole - unspecified,inflorescence / whole - unspecified,flower,thomas/0506-01,close-up,medium,"A diagnostic organ, surface, or fine detail is the main subject.",,,,,,Gemma: flower close-up | Gemma: lateral flower view | Gemma free tag: close-up,True,not-visible,visible,unspecified
thomas/0506-01-07,thomas_0506-01-07.jpg,Toxicodendron radicans,inflorescence,whole - unspecified,inflorescence / whole - unspecified,flower,thomas/0506-01,close-up,medium,"A diagnostic organ, surface, or fine detail is the main subject.",,,,Gemma: contextual woody structure + visible subject,,Gemma: flower close-up | Gemma free tag: close-up,True,leaf-on,visible,unspecified
baskauf/15951,baskauf_15951.jpg,Toxicodendron radicans,fruit,as borne on the plant,fruit / as borne on the plant,fruit,ind-baskauf/15948,mid-range,high,"A branch system or contextual plant part is visible, without the whole organism.",,,BioImages subview: as borne on the plant,Gemma: contextual woody structure + visible subject,,,False,leaf-on,visible,unspecified
baskauf/15948,baskauf_15948.jpg,Toxicodendron radicans,fruit,lateral or general close-up,fruit / lateral or general close-up,fruit,ind-baskauf/15948,close-up,high,"A diagnostic organ, surface, or fine detail is the main subject.",,,,Gemma: contextual woody structure + visible subject,BioImages subview: lateral or general close-up,Gemma: fruit close-up | Gemma free tag: close-up,False,not-visible,visible,unspecified
baskauf/11392,baskauf_11392.jpg,Tsuga canadensis,whole tree,general,whole tree / general,whole-tree,ind-baskauf/11392,distant,high,Whole organism or crown is visible with scene context.,BioImages group: whole-tree,Gemma: whole plant,,Gemma: contextual woody structure + visible subject,,,False,leaf-on,not-visible,unspecified
baskauf/11490,baskauf_11490.jpg,Tsuga canadensis,whole tree,general,whole tree / general,whole-tree,ind-baskauf/11490,distant,high,Whole organism or crown is visible with scene context.,BioImages group: whole-tree,Gemma: whole plant,,Gemma: contextual woody structure + visible subject,,,False,leaf-on,not-visible,environmental
baskauf/11492,baskauf_11492.jpg,Tsuga canadensis,whole tree,general,whole tree / general,whole-tree,ind-baskauf/11492,distant,high,Whole organism or crown is visible with scene context.,BioImages group: whole-tree,Gemma: whole plant,,Gemma: contextual woody structure + visible subject,,,False,not-visible,not-visible,unspecified
baskauf/91062,baskauf_91062.jpg,Tsuga canadensis,whole tree,general,whole tree / general,whole-tree,vanderbilt/6-144,distant,high,Whole organism or crown is visible with scene context.,BioImages group: whole-tree,Gemma: whole plant,,Gemma: contextual woody structure + visible subject,,,False,leaf-on,not-visible,environmental
baskauf/11495,baskauf_11495.jpg,Tsuga canadensis,whole tree,view up trunk,whole tree / view up trunk,whole-tree,ind-baskauf/11495,distant,high,Whole organism or crown is visible with scene context.,BioImages group: whole-tree,Gemma: whole plant,,Gemma: contextual woody structure + visible subject,,,False,leaf-on,not-visible,unspecified
baskauf/11497,baskauf_11497.jpg,Tsuga canadensis,whole tree,view up trunk,whole tree / view up trunk,whole-tree,ind-baskauf/11497,distant,high,Whole organism or crown is visible with scene context.,BioImages group: whole-tree,Gemma: whole plant,,Gemma: contextual woody structure + visible subject,,,False,leaf-on,not-visible,environmental
baskauf/11404,baskauf_11404.jpg,Tsuga canadensis,bark,of a large tree,bark / of a large tree,bark,ind-baskauf/11404,close-up,medium,"A diagnostic organ, surface, or fine detail is the main subject.",,,,,,Gemma free tag: close-up,True,not-visible,not-visible,unspecified
baskauf/11493,baskauf_11493.jpg,Tsuga canadensis,bark,of a large tree,bark / of a large tree,bark,ind-baskauf/11492,mid-range,medium,"A branch system or contextual plant part is visible, without the whole organism.",,,,Gemma: contextual woody structure + visible subject,,,True,not-visible,not-visible,environmental
baskauf/15626,baskauf_15626.jpg,Tsuga canadensis,twig,showing attachment of needles,twig / showing attachment of needles,twig,vanderbilt/6-117,close-up,high,"A diagnostic organ, surface, or fine detail is the main subject.",,,,Gemma: contextual woody structure + visible subject,BioImages subview: showing attachment of needles,Gemma: needle attachment | Gemma free tag: close-up,False,leaf-on,not-visible,unspecified
baskauf/11394,baskauf_11394.jpg,Tsuga canadensis,leaf,showing orientation on twig,leaf / showing orientation on twig,leaf,ind-baskauf/11392,close-up,medium,"A diagnostic organ, surface, or fine detail is the main subject.",,,BioImages subview: showing orientation on twig,Gemma: contextual woody structure + visible subject,,Gemma: needle attachment | Gemma free tag: close-up,True,leaf-on,not-visible,unspecified
baskauf/10805,baskauf_10805.jpg,Tsuga canadensis,cone,female - closed,cone / female - closed,cone,vanderbilt/6-117,close-up,medium,"A diagnostic organ, surface, or fine detail is the main subject.",,,,Gemma: contextual woody structure + visible subject,,Gemma: needle attachment | Gemma free tag: close-up,True,leaf-on,visible,unspecified
baskauf/10485,baskauf_10485.jpg,Tsuga canadensis,cone,female - mature open,cone / female - mature open,cone,vanderbilt/6-139,close-up,medium,"A diagnostic organ, surface, or fine detail is the main subject.",,,,Gemma: contextual woody structure + visible subject,,Gemma free tag: close-up,True,leaf-on,visible,unspecified
baskauf/10515,baskauf_10515.jpg,Tsuga canadensis,cone,female - receptive,cone / female - receptive,cone,vanderbilt/6-117,mid-range,medium,"A branch system or contextual plant part is visible, without the whole organism.",,,,Gemma: contextual woody structure + visible subject,,,True,leaf-on,visible,unspecified
baskauf/10516,baskauf_10516.jpg,Tsuga canadensis,cone,female - receptive,cone / female - receptive,cone,vanderbilt/6-117,close-up,medium,"A diagnostic organ, surface, or fine detail is the main subject.",,,,Gemma: contextual woody structure + visible subject,,Gemma free tag: close-up,True,leaf-on,visible,unspecified
baskauf/10536,baskauf_10536.jpg,Tsuga canadensis,cone,male,cone / male,cone,vanderbilt/6-117,close-up,medium,"A diagnostic organ, surface, or fine detail is the main subject.",,,,Gemma: contextual woody structure + visible subject,,Gemma free tag: close-up,True,leaf-on,visible,unspecified
baskauf/12242,baskauf_12242.jpg,Ulmus americana,whole tree (or vine),general,whole tree (or vine) / general,whole-tree,vanderbilt/13-27,distant,high,Whole organism or crown is visible with scene context.,BioImages group: whole-tree,Gemma: whole plant,,Gemma: contextual woody structure + visible subject,,,False,leaf-on,not-visible,unspecified
baskauf/90762,baskauf_90762.jpg,Ulmus americana,whole tree (or vine),general,whole tree (or vine) / general,whole-tree,vanderbilt/10-158,distant,high,Whole organism or crown is visible with scene context.,BioImages group: whole-tree,Gemma: whole plant,,Gemma: contextual woody structure + visible subject,,,False,leaf-on,not-visible,environmental
baskauf/90807,baskauf_90807.jpg,Ulmus americana,whole tree (or vine),general,whole tree (or vine) / general,whole-tree,vanderbilt/8-77,distant,high,Whole organism or crown is visible with scene context.,BioImages group: whole-tree,Gemma: whole plant | Gemma free tag: full crown,,Gemma: contextual woody structure + visible subject,,,False,leaf-on,not-visible,environmental
baskauf/90809,baskauf_90809.jpg,Ulmus americana,whole tree (or vine),general,whole tree (or vine) / general,whole-tree,vanderbilt/8-77,distant,high,Whole organism or crown is visible with scene context.,BioImages group: whole-tree,Gemma: whole plant,,Gemma: contextual woody structure + visible subject,,,False,leaf-on,not-visible,environmental
baskauf/90975,baskauf_90975.jpg,Ulmus americana,whole tree (or vine),general,whole tree (or vine) / general,whole-tree,vanderbilt/3-63,distant,high,Whole organism or crown is visible with scene context.,BioImages group: whole-tree,Gemma: whole plant | Gemma free tag: tree crown,,Gemma: contextual woody structure + visible subject,,,False,not-visible,not-visible,environmental
baskauf/91081,baskauf_91081.jpg,Ulmus americana,whole tree (or vine),general,whole tree (or vine) / general,whole-tree,vanderbilt/2-30,distant,high,Whole organism or crown is visible with scene context.,BioImages group: whole-tree,Gemma: whole plant | Gemma free tag: full crown,,Gemma: contextual woody structure + visible subject,,,False,leaf-on,not-visible,environmental
baskauf/91107,baskauf_91107.jpg,Ulmus americana,whole tree (or vine),general,whole tree (or vine) / general,whole-tree,vanderbilt/12-8,distant,high,Whole organism or crown is visible with scene context.,BioImages group: whole-tree,Gemma: whole plant,,Gemma: contextual woody structure + visible subject,,,False,leaf-on,not-visible,environmental
baskauf/91154,baskauf_91154.jpg,Ulmus americana,whole tree (or vine),general,whole tree (or vine) / general,whole-tree,vanderbilt/12-222,distant,high,Whole organism or crown is visible with scene context.,BioImages group: whole-tree,Gemma: whole plant,,Gemma: contextual woody structure + visible subject,,,False,not-visible,not-visible,unspecified
baskauf/90812,baskauf_90812.jpg,Ulmus americana,whole tree (or vine),view up trunk,whole tree (or vine) / view up trunk,whole-tree,vanderbilt/8-77,distant,high,Whole organism or crown is visible with scene context.,BioImages group: whole-tree,Gemma: whole plant,,Gemma: contextual woody structure + visible subject,,,False,leaf-on,not-visible,environmental
baskauf/90814,baskauf_90814.jpg,Ulmus americana,whole tree (or vine),view up trunk,whole tree (or vine) / view up trunk,whole-tree,vanderbilt/8-77,distant,high,Whole organism or crown is visible with scene context.,BioImages group: whole-tree,Gemma: whole plant,,Gemma: contextual woody structure + visible subject,,,False,leaf-on,not-visible,environmental
baskauf/10341,baskauf_10341.jpg,Ulmus americana,whole tree (or vine),winter,whole tree (or vine) / winter,whole-tree,ind-baskauf/10341,distant,high,Whole organism or crown is visible with scene context.,BioImages group: whole-tree,Gemma: whole plant,,Gemma: contextual woody structure + visible subject,,,False,leaf-off,not-visible,environmental
baskauf/89363,baskauf_89363.jpg,Ulmus americana,whole tree (or vine),winter,whole tree (or vine) / winter,whole-tree,vanderbilt/6-126,distant,high,Whole organism or crown is visible with scene context.,BioImages group: whole-tree,Gemma: whole plant,,Gemma: contextual woody structure + visible subject,,,False,leaf-off,not-visible,unspecified
baskauf/89388,baskauf_89388.jpg,Ulmus americana,whole tree (or vine),winter,whole tree (or vine) / winter,whole-tree,vanderbilt/3-63,distant,high,Whole organism or crown is visible with scene context.,BioImages group: whole-tree,Gemma: whole plant,,Gemma: contextual woody structure + visible subject,,,False,leaf-off,not-visible,environmental
baskauf/12246,baskauf_12246.jpg,Ulmus americana,bark,of a large tree,bark / of a large tree,bark,vanderbilt/13-27,close-up,medium,"A diagnostic organ, surface, or fine detail is the main subject.",,,,,,Gemma free tag: close-up,True,not-visible,not-visible,unspecified
baskauf/11690,baskauf_11690.jpg,Ulmus americana,bark,of a small tree or small branch,bark / of a small tree or small branch,bark,ind-baskauf/11687,close-up,medium,"A diagnostic organ, surface, or fine detail is the main subject.",,,BioImages subview: of a small tree or small branch,,,Gemma free tag: close-up,True,not-visible,not-visible,unspecified
baskauf/16195,baskauf_16195.jpg,Ulmus americana,bark,unspecified,bark / unspecified,bark,ind-baskauf/16195,close-up,medium,"A diagnostic organ, surface, or fine detail is the main subject.",,,,,,Gemma free tag: close-up,True,not-visible,not-visible,unspecified
baskauf/15241,baskauf_15241.jpg,Ulmus americana,twig,orientation of petioles,twig / orientation of petioles,twig,vanderbilt/7-175,close-up,medium,"A diagnostic organ, surface, or fine detail is the main subject.",,,BioImages subview: orientation of petioles,Gemma: contextual woody structure + visible subject,,Gemma: terminal bud | Gemma free tag: close-up,True,leaf-on,not-visible,unspecified
baskauf/15652,baskauf_15652.jpg,Ulmus americana,twig,orientation of petioles,twig / orientation of petioles,twig,vanderbilt/7-175,close-up,medium,"A diagnostic organ, surface, or fine detail is the main subject.",,,BioImages subview: orientation of petioles,Gemma: contextual woody structure + visible subject,,Gemma: leaf upper surface | Gemma free tag: close-up,True,leaf-on,not-visible,unspecified
baskauf/11689,baskauf_11689.jpg,Ulmus americana,leaf,margin of upper + lower surface,leaf / margin of upper + lower surface,leaf,ind-baskauf/11687,close-up,high,"A diagnostic organ, surface, or fine detail is the main subject.",,,,,BioImages subview: margin of upper + lower surface,Gemma: leaf margin | Gemma: leaf upper surface | Gemma free tag: close-up,False,leaf-on,not-visible,unspecified
baskauf/15230,baskauf_15230.jpg,Ulmus americana,leaf,margin of upper + lower surface,leaf / margin of upper + lower surface,leaf,vanderbilt/7-175,close-up,high,"A diagnostic organ, surface, or fine detail is the main subject.",,,,,BioImages subview: margin of upper + lower surface,Gemma: leaf margin | Gemma: leaf upper surface | Gemma free tag: close-up,False,leaf-on,not-visible,unspecified
baskauf/11687,baskauf_11687.jpg,Ulmus americana,leaf,showing orientation on twig,leaf / showing orientation on twig,leaf,ind-baskauf/11687,close-up,medium,"A diagnostic organ, surface, or fine detail is the main subject.",,,BioImages subview: showing orientation on twig,,,Gemma: leaf margin,True,leaf-on,not-visible,unspecified
baskauf/15227,baskauf_15227.jpg,Ulmus americana,leaf,showing orientation on twig,leaf / showing orientation on twig,leaf,vanderbilt/7-175,mid-range,high,"A branch system or contextual plant part is visible, without the whole organism.",,,BioImages subview: showing orientation on twig,Gemma: contextual woody structure + visible subject,,,False,leaf-on,not-visible,unspecified
baskauf/55139,baskauf_55139.jpg,Ulmus americana,leaf,showing orientation on twig,leaf / showing orientation on twig,leaf,vanderbilt/7-175,close-up,medium,"A diagnostic organ, surface, or fine detail is the main subject.",,,BioImages subview: showing orientation on twig,Gemma: contextual woody structure + visible subject,,Gemma: leaf margin | Gemma free tag: close-up,True,leaf-on,not-visible,unspecified
baskauf/55141,baskauf_55141.jpg,Ulmus americana,leaf,showing orientation on twig,leaf / showing orientation on twig,leaf,vanderbilt/7-175,close-up,medium,"A diagnostic organ, surface, or fine detail is the main subject.",,,BioImages subview: showing orientation on twig,Gemma: contextual woody structure + visible subject,,Gemma: leaf margin | Gemma free tag: close-up,True,leaf-on,not-visible,unspecified
baskauf/15235,baskauf_15235.jpg,Ulmus americana,leaf,unspecified,leaf / unspecified,leaf,vanderbilt/7-175,close-up,medium,"A diagnostic organ, surface, or fine detail is the main subject.",,,,Gemma: contextual woody structure + visible subject,,Gemma free tag: close-up,True,leaf-on,not-visible,unspecified
baskauf/11688,baskauf_11688.jpg,Ulmus americana,leaf,whole upper surface,leaf / whole upper surface,leaf,ind-baskauf/11687,close-up,high,"A diagnostic organ, surface, or fine detail is the main subject.",,,,,BioImages subview: whole upper surface,Gemma: leaf margin | Gemma: leaf upper surface | Gemma free tag: close-up,False,leaf-on,not-visible,unspecified
baskauf/15238,baskauf_15238.jpg,Ulmus americana,leaf,whole upper surface,leaf / whole upper surface,leaf,vanderbilt/7-175,close-up,high,"A diagnostic organ, surface, or fine detail is the main subject.",,,,,BioImages subview: whole upper surface,Gemma: leaf margin | Gemma: leaf upper surface | Gemma free tag: close-up,False,leaf-on,not-visible,unspecified
baskauf/10343,baskauf_10343.jpg,Ulmus americana,inflorescence,whole - unspecified,inflorescence / whole - unspecified,flower,ind-baskauf/10341,mid-range,medium,"A branch system or contextual plant part is visible, without the whole organism.",,,,Gemma: contextual woody structure + visible subject,,,True,leaf-off,not-visible,environmental
baskauf/10344,baskauf_10344.jpg,Ulmus americana,inflorescence,whole - unspecified,inflorescence / whole - unspecified,flower,ind-baskauf/10341,mid-range,medium,"A branch system or contextual plant part is visible, without the whole organism.",,,,Gemma: contextual woody structure + visible subject,,,True,leaf-off,not-visible,environmental
baskauf/17569,baskauf_17569.jpg,Ulmus americana,inflorescence,whole - unspecified,inflorescence / whole - unspecified,flower,ind-baskauf/17569,close-up,medium,"A diagnostic organ, surface, or fine detail is the main subject.",,,,Gemma: contextual woody structure + visible subject,,Gemma: flower close-up | Gemma free tag: close-up,True,not-visible,visible,unspecified
baskauf/18004,baskauf_18004.jpg,Ulmus americana,fruit,immature,fruit / immature,fruit,ind-baskauf/18004,close-up,medium,"A diagnostic organ, surface, or fine detail is the main subject.",,,,Gemma: contextual woody structure + visible subject,,Gemma: fruit close-up | Gemma free tag: close-up,True,not-visible,visible,unspecified
baskauf/50606,baskauf_50606.jpg,Ulmus americana,fruit,immature,fruit / immature,fruit,ind-baskauf/50603,close-up,medium,"A diagnostic organ, surface, or fine detail is the main subject.",,,,Gemma: contextual woody structure + visible subject,,Gemma: fruit close-up | Gemma free tag: close-up,True,not-visible,visible,unspecified
baskauf/10380,baskauf_10380.jpg,Ulmus americana,fruit,lateral or general close-up,fruit / lateral or general close-up,fruit,ind-baskauf/10380,close-up,high,"A diagnostic organ, surface, or fine detail is the main subject.",,,,Gemma: contextual woody structure + visible subject,BioImages subview: lateral or general close-up,Gemma: flower close-up | Gemma free tag: close-up,False,not-visible,visible,unspecified
baskauf/18483,baskauf_18483.jpg,Ulmus americana,fruit,lateral or general close-up,fruit / lateral or general close-up,fruit,ind-baskauf/18483,close-up,high,"A diagnostic organ, surface, or fine detail is the main subject.",,,,Gemma: contextual woody structure + visible subject,BioImages subview: lateral or general close-up,Gemma: fruit close-up | Gemma free tag: close-up,False,not-visible,visible,unspecified
baskauf/19631,baskauf_19631.jpg,Ulmus americana,fruit,lateral or general close-up,fruit / lateral or general close-up,fruit,vanderbilt/6-126,close-up,high,"A diagnostic organ, surface, or fine detail is the main subject.",,,,Gemma: contextual woody structure + visible subject,BioImages subview: lateral or general close-up,Gemma: fruit close-up | Gemma free tag: close-up,False,not-visible,visible,unspecified
baskauf/20950,baskauf_20950.jpg,Ulmus americana,fruit,unspecified,fruit / unspecified,fruit,ind-baskauf/20950,uncertain,low,"No positive distant, mid-range, or close-up evidence was found.",,,,,,,True,not-visible,visible,unspecified
baskauf/10991,baskauf_10991.jpg,Ulmus rubra,whole tree (or vine),general,whole tree (or vine) / general,whole-tree,ind-baskauf/10991,distant,high,Whole organism or crown is visible with scene context.,BioImages group: whole-tree,Gemma: whole plant | Gemma free tag: tree crown,,Gemma: contextual woody structure + visible subject,,,False,leaf-on,not-visible,unspecified
baskauf/11320,baskauf_11320.jpg,Ulmus rubra,whole tree (or vine),general,whole tree (or vine) / general,whole-tree,ind-baskauf/11320,distant,high,Whole organism or crown is visible with scene context.,BioImages group: whole-tree,Gemma: whole plant,,Gemma: contextual woody structure + visible subject,,,False,leaf-on,not-visible,environmental
baskauf/11336,baskauf_11336.jpg,Ulmus rubra,bark,of a large tree,bark / of a large tree,bark,ind-baskauf/10991,mid-range,medium,"A branch system or contextual plant part is visible, without the whole organism.",,,,Gemma: contextual woody structure + visible subject,,,True,leaf-on,not-visible,unspecified
baskauf/16201,baskauf_16201.jpg,Ulmus rubra,bark,unspecified,bark / unspecified,bark,ind-baskauf/10991,close-up,medium,"A diagnostic organ, surface, or fine detail is the main subject.",,,,,,Gemma free tag: close-up,True,not-visible,not-visible,unspecified
baskauf/15180,baskauf_15180.jpg,Ulmus rubra,twig,orientation of petioles,twig / orientation of petioles,twig,ind-baskauf/15172,close-up,medium,"A diagnostic organ, surface, or fine detail is the main subject.",,,BioImages subview: orientation of petioles,Gemma: contextual woody structure + visible subject,,Gemma: petiole arrangement | Gemma free tag: close-up,True,leaf-on,not-visible,unspecified
baskauf/15912,baskauf_15912.jpg,Ulmus rubra,twig,orientation of petioles,twig / orientation of petioles,twig,ind-baskauf/15912,close-up,medium,"A diagnostic organ, surface, or fine detail is the main subject.",,,BioImages subview: orientation of petioles,Gemma: contextual woody structure + visible subject,,Gemma: leaf upper surface | Gemma: petiole arrangement | Gemma free tag: close-up,True,leaf-on,not-visible,unspecified
baskauf/15175,baskauf_15175.jpg,Ulmus rubra,leaf,margin of upper + lower surface,leaf / margin of upper + lower surface,leaf,ind-baskauf/15172,close-up,high,"A diagnostic organ, surface, or fine detail is the main subject.",,,,,BioImages subview: margin of upper + lower surface,Gemma: leaf margin | Gemma: leaf upper surface | Gemma free tag: close-up,False,leaf-on,not-visible,unspecified
baskauf/11037,baskauf_11037.jpg,Ulmus rubra,leaf,showing orientation on twig,leaf / showing orientation on twig,leaf,ind-baskauf/11037,close-up,medium,"A diagnostic organ, surface, or fine detail is the main subject.",,,BioImages subview: showing orientation on twig,Gemma: contextual woody structure + visible subject,,Gemma: leaf margin,True,leaf-on,not-visible,unspecified
baskauf/15176,baskauf_15176.jpg,Ulmus rubra,leaf,showing orientation on twig,leaf / showing orientation on twig,leaf,ind-baskauf/15172,close-up,medium,"A diagnostic organ, surface, or fine detail is the main subject.",,,BioImages subview: showing orientation on twig,Gemma: contextual woody structure + visible subject,,Gemma: leaf margin,True,leaf-on,not-visible,unspecified
baskauf/15172,baskauf_15172.jpg,Ulmus rubra,leaf,unspecified,leaf / unspecified,leaf,ind-baskauf/15172,close-up,medium,"A diagnostic organ, surface, or fine detail is the main subject.",,,,Gemma: contextual woody structure + visible subject,,Gemma: leaf margin | Gemma: leaf upper surface | Gemma free tag: close-up,True,leaf-on,not-visible,unspecified
baskauf/11038,baskauf_11038.jpg,Ulmus rubra,leaf,whole upper surface,leaf / whole upper surface,leaf,ind-baskauf/11037,close-up,high,"A diagnostic organ, surface, or fine detail is the main subject.",,,,Gemma: contextual woody structure + visible subject,BioImages subview: whole upper surface,Gemma: leaf margin | Gemma: leaf upper surface | Gemma: petiole arrangement | Gemma free tag: close-up,False,leaf-on,not-visible,unspecified
baskauf/17959,baskauf_17959.jpg,Ulmus rubra,inflorescence,whole - unspecified,inflorescence / whole - unspecified,flower,ind-baskauf/17959,close-up,medium,"A diagnostic organ, surface, or fine detail is the main subject.",,,,Gemma: contextual woody structure + visible subject,,Gemma: flower close-up | Gemma free tag: close-up,True,not-visible,visible,unspecified
baskauf/19579,baskauf_19579.jpg,Ulmus rubra,fruit,as borne on the plant,fruit / as borne on the plant,fruit,ind-baskauf/10991,distant,medium,Whole organism or crown is visible with scene context.,,Gemma: whole plant,BioImages subview: as borne on the plant,Gemma: contextual woody structure + visible subject,,,True,leaf-on,not-visible,environmental
baskauf/19835,baskauf_19835.jpg,Ulmus rubra,fruit,lateral or general close-up,fruit / lateral or general close-up,fruit,ind-baskauf/10991,close-up,high,"A diagnostic organ, surface, or fine detail is the main subject.",,,,,BioImages subview: lateral or general close-up,Gemma: fruit close-up | Gemma free tag: close-up,False,not-visible,visible,unspecified
baskauf/19886,baskauf_19886.jpg,Ulmus rubra,fruit,lateral or general close-up,fruit / lateral or general close-up,fruit,ind-baskauf/10991,close-up,high,"A diagnostic organ, surface, or fine detail is the main subject.",,,,,BioImages subview: lateral or general close-up,Gemma: fruit close-up | Gemma free tag: close-up,False,not-visible,visible,unspecified
baskauf/26495,baskauf_26495.jpg,Viburnum lantanoides,whole tree (or vine),general,whole tree (or vine) / general,whole-tree,ind-baskauf/26489,uncertain,conflict,Distant and close-up evidence both present; manual review required.,BioImages group: whole-tree,,,Gemma: contextual woody structure + visible subject,,Gemma free tag: close-up,True,leaf-on,not-visible,environmental
baskauf/26511,baskauf_26511.jpg,Viburnum lantanoides,bark,of a small tree or small branch,bark / of a small tree or small branch,bark,ind-baskauf/26489,close-up,medium,"A diagnostic organ, surface, or fine detail is the main subject.",,,BioImages subview: of a small tree or small branch,,,Gemma free tag: close-up,True,not-visible,not-visible,unspecified
baskauf/26508,baskauf_26508.jpg,Viburnum lantanoides,twig,close-up winter leaf scar/bud,twig / close-up winter leaf scar/bud,twig,ind-baskauf/26489,close-up,high,"A diagnostic organ, surface, or fine detail is the main subject.",,,,Gemma: contextual woody structure + visible subject,BioImages subview: close-up winter leaf scar/bud,Gemma: leaf scar,False,leaf-off,not-visible,unspecified
baskauf/26308,baskauf_26308.jpg,Viburnum lantanoides,twig,orientation of petioles,twig / orientation of petioles,twig,ind-baskauf/26298,close-up,medium,"A diagnostic organ, surface, or fine detail is the main subject.",,,BioImages subview: orientation of petioles,Gemma: contextual woody structure + visible subject,,Gemma: petiole arrangement | Gemma free tag: close-up,True,leaf-on,not-visible,unspecified
baskauf/26510,baskauf_26510.jpg,Viburnum lantanoides,leaf,margin of upper + lower surface,leaf / margin of upper + lower surface,leaf,ind-baskauf/26489,close-up,high,"A diagnostic organ, surface, or fine detail is the main subject.",,,,,BioImages subview: margin of upper + lower surface,Gemma: leaf margin | Gemma: leaf upper surface | Gemma free tag: close-up,False,leaf-on,not-visible,unspecified
baskauf/15050,baskauf_15050.jpg,Viburnum lantanoides,leaf,showing orientation on twig,leaf / showing orientation on twig,leaf,ind-baskauf/15050,close-up,medium,"A diagnostic organ, surface, or fine detail is the main subject.",,,BioImages subview: showing orientation on twig,Gemma: contextual woody structure + visible subject,,Gemma free tag: close-up,True,leaf-on,not-visible,unspecified
baskauf/15051,baskauf_15051.jpg,Viburnum lantanoides,leaf,showing orientation on twig,leaf / showing orientation on twig,leaf,ind-baskauf/15050,close-up,medium,"A diagnostic organ, surface, or fine detail is the main subject.",,,BioImages subview: showing orientation on twig,Gemma: contextual woody structure + visible subject,,Gemma: leaf upper surface | Gemma free tag: close-up,True,leaf-on,not-visible,unspecified
baskauf/26311,baskauf_26311.jpg,Viburnum lantanoides,leaf,showing orientation on twig,leaf / showing orientation on twig,leaf,ind-baskauf/26298,close-up,medium,"A diagnostic organ, surface, or fine detail is the main subject.",,,BioImages subview: showing orientation on twig,Gemma: contextual woody structure + visible subject,,Gemma free tag: close-up,True,leaf-on,not-visible,unspecified
baskauf/26502,baskauf_26502.jpg,Viburnum lantanoides,leaf,whole upper surface,leaf / whole upper surface,leaf,ind-baskauf/26489,close-up,high,"A diagnostic organ, surface, or fine detail is the main subject.",,,,Gemma: contextual woody structure + visible subject,BioImages subview: whole upper surface,Gemma: leaf upper surface | Gemma free tag: close-up,False,leaf-on,not-visible,unspecified
baskauf/26493,baskauf_26493.jpg,Viburnum lantanoides,inflorescence,frontal view of flower,inflorescence / frontal view of flower,flower,ind-baskauf/26489,close-up,high,"A diagnostic organ, surface, or fine detail is the main subject.",,,,,BioImages subview: frontal view of flower,Gemma: flower close-up | Gemma: frontal flower view | Gemma free tag: close-up,False,leaf-on,visible,unspecified
baskauf/26492,baskauf_26492.jpg,Viburnum lantanoides,inflorescence,whole - unspecified,inflorescence / whole - unspecified,flower,ind-baskauf/26489,close-up,medium,"A diagnostic organ, surface, or fine detail is the main subject.",,,,,,Gemma: flower close-up | Gemma free tag: close-up,True,not-visible,visible,unspecified
baskauf/26496,baskauf_26496.jpg,Viburnum lantanoides,inflorescence,whole - unspecified,inflorescence / whole - unspecified,flower,ind-baskauf/26489,close-up,medium,"A diagnostic organ, surface, or fine detail is the main subject.",,,,Gemma: contextual woody structure + visible subject,,Gemma: flower close-up | Gemma free tag: close-up,True,leaf-on,visible,unspecified
baskauf/26321,baskauf_26321.jpg,Viburnum lantanoides,fruit,as borne on the plant,fruit / as borne on the plant,fruit,ind-baskauf/26298,close-up,medium,"A diagnostic organ, surface, or fine detail is the main subject.",,,BioImages subview: as borne on the plant,Gemma: contextual woody structure + visible subject,,Gemma free tag: close-up,True,leaf-on,visible,unspecified
baskauf/26325,baskauf_26325.jpg,Viburnum lantanoides,fruit,immature,fruit / immature,fruit,ind-baskauf/26298,close-up,medium,"A diagnostic organ, surface, or fine detail is the main subject.",,,,Gemma: contextual woody structure + visible subject,,Gemma: fruit close-up | Gemma free tag: close-up,True,not-visible,visible,unspecified
baskauf/35272,baskauf_35272.jpg,Viburnum opulus,whole tree (or vine),general,whole tree (or vine) / general,whole-tree,ind-baskauf/30777,distant,high,Whole organism or crown is visible with scene context.,BioImages group: whole-tree,Gemma: whole plant,,Gemma: contextual woody structure + visible subject,,,False,leaf-on,not-visible,environmental
baskauf/30778,baskauf_30778.jpg,Viburnum opulus,whole tree (or vine),winter,whole tree (or vine) / winter,whole-tree,ind-baskauf/30777,distant,medium,Whole organism or crown is visible with scene context.,BioImages group: whole-tree,,,Gemma: contextual woody structure + visible subject,,,True,leaf-off,visible,unspecified
baskauf/30786,baskauf_30786.jpg,Viburnum opulus,bark,of a small tree or small branch,bark / of a small tree or small branch,bark,ind-baskauf/30777,close-up,medium,"A diagnostic organ, surface, or fine detail is the main subject.",,,BioImages subview: of a small tree or small branch,,,Gemma free tag: close-up,True,not-visible,not-visible,unspecified
baskauf/30784,baskauf_30784.jpg,Viburnum opulus,twig,orientation of petioles,twig / orientation of petioles,twig,ind-baskauf/30777,close-up,medium,"A diagnostic organ, surface, or fine detail is the main subject.",,,BioImages subview: orientation of petioles,Gemma: contextual woody structure + visible subject,,Gemma free tag: close-up,True,leaf-off,not-visible,unspecified
baskauf/35283,baskauf_35283.jpg,Viburnum opulus,leaf,margin of upper + lower surface,leaf / margin of upper + lower surface,leaf,ind-baskauf/30777,close-up,high,"A diagnostic organ, surface, or fine detail is the main subject.",,,,,BioImages subview: margin of upper + lower surface,Gemma: leaf margin | Gemma: leaf upper surface | Gemma free tag: close-up,False,leaf-on,not-visible,unspecified
baskauf/35278,baskauf_35278.jpg,Viburnum opulus,leaf,showing orientation on twig,leaf / showing orientation on twig,leaf,ind-baskauf/30777,close-up,medium,"A diagnostic organ, surface, or fine detail is the main subject.",,,BioImages subview: showing orientation on twig,Gemma: contextual woody structure + visible subject,,Gemma: leaf upper surface | Gemma free tag: close-up,True,leaf-on,not-visible,unspecified
baskauf/35282,baskauf_35282.jpg,Viburnum opulus,leaf,whole upper surface,leaf / whole upper surface,leaf,ind-baskauf/30777,close-up,high,"A diagnostic organ, surface, or fine detail is the main subject.",,,,Gemma: contextual woody structure + visible subject,BioImages subview: whole upper surface,Gemma: leaf upper surface | Gemma free tag: close-up,False,leaf-on,not-visible,unspecified
baskauf/39822,baskauf_39822.jpg,Viburnum opulus,inflorescence,frontal view of flower,inflorescence / frontal view of flower,flower,ind-baskauf/30777,close-up,high,"A diagnostic organ, surface, or fine detail is the main subject.",,,,,BioImages subview: frontal view of flower,Gemma: flower close-up | Gemma: flower interior | Gemma: frontal flower view,False,leaf-on,visible,unspecified
baskauf/39818,baskauf_39818.jpg,Viburnum opulus,inflorescence,lateral view of flower,inflorescence / lateral view of flower,flower,ind-baskauf/30777,close-up,high,"A diagnostic organ, surface, or fine detail is the main subject.",,,,Gemma: contextual woody structure + visible subject,BioImages subview: lateral view of flower,Gemma: flower close-up | Gemma free tag: close-up,False,leaf-on,visible,unspecified
baskauf/39814,baskauf_39814.jpg,Viburnum opulus,inflorescence,whole - unspecified,inflorescence / whole - unspecified,flower,ind-baskauf/30777,close-up,medium,"A diagnostic organ, surface, or fine detail is the main subject.",,,,,,Gemma: flower close-up | Gemma free tag: close-up,True,leaf-on,visible,unspecified
baskauf/30779,baskauf_30779.jpg,Viburnum opulus,fruit,as borne on the plant,fruit / as borne on the plant,fruit,ind-baskauf/30777,mid-range,high,"A branch system or contextual plant part is visible, without the whole organism.",,,BioImages subview: as borne on the plant,Gemma: contextual woody structure + visible subject,,,False,leaf-off,visible,unspecified
baskauf/35284,baskauf_35284.jpg,Viburnum opulus,fruit,immature,fruit / immature,fruit,ind-baskauf/30777,close-up,medium,"A diagnostic organ, surface, or fine detail is the main subject.",,,,Gemma: contextual woody structure + visible subject,,Gemma: fruit close-up | Gemma free tag: close-up,True,leaf-on,visible,unspecified
baskauf/30783,baskauf_30783.jpg,Viburnum opulus,fruit,lateral or general close-up,fruit / lateral or general close-up,fruit,ind-baskauf/30777,close-up,high,"A diagnostic organ, surface, or fine detail is the main subject.",,,,Gemma: contextual woody structure + visible subject,BioImages subview: lateral or general close-up,Gemma: fruit close-up | Gemma free tag: close-up,False,not-visible,visible,unspecified
baskauf/11726,baskauf_11726.jpg,Yucca filamentosa,whole tree (or vine),general,whole tree (or vine) / general,whole-tree,ind-baskauf/11726,distant,medium,Whole organism or crown is visible with scene context.,BioImages group: whole-tree,,,Gemma: contextual woody structure + visible subject,,,True,leaf-on,visible,unspecified
baskauf/35163,baskauf_35163.jpg,Yucca filamentosa,whole plant,in flower - general view,whole plant / in flower - general view,whole-tree,ind-baskauf/35163,distant,high,Whole organism or crown is visible with scene context.,BioImages group: whole-tree,Gemma: whole plant,,Gemma: contextual woody structure + visible subject,,,False,leaf-on,visible,unspecified
baskauf/27139,baskauf_27139.jpg,Yucca filamentosa,bark,of a small tree or small branch,bark / of a small tree or small branch,bark,ind-baskauf/27131,close-up,medium,"A diagnostic organ, surface, or fine detail is the main subject.",,,BioImages subview: of a small tree or small branch,Gemma: contextual woody structure + visible subject,,Gemma: terminal bud | Gemma free tag: close-up,True,leaf-off,not-visible,unspecified
baskauf/27143,baskauf_27143.jpg,Yucca filamentosa,twig,orientation of petioles,twig / orientation of petioles,twig,ind-baskauf/27131,close-up,medium,"A diagnostic organ, surface, or fine detail is the main subject.",,,BioImages subview: orientation of petioles,Gemma: contextual woody structure + visible subject,,Gemma: flower close-up | Gemma free tag: close-up,True,not-visible,visible,unspecified
baskauf/35181,baskauf_35181.jpg,Yucca filamentosa,stem,showing leaf bases,stem / showing leaf bases,twig,ind-baskauf/35163,close-up,medium,"A diagnostic organ, surface, or fine detail is the main subject.",,,BioImages subview: showing leaf bases,Gemma: contextual woody structure + visible subject,,Gemma free tag: close-up,True,not-visible,visible,unspecified
baskauf/35184,baskauf_35184.jpg,Yucca filamentosa,leaf,basal or on lower stem,leaf / basal or on lower stem,leaf,ind-baskauf/35163,mid-range,high,"A branch system or contextual plant part is visible, without the whole organism.",,,BioImages subview: basal or on lower stem,Gemma: contextual woody structure + visible subject,,,False,leaf-on,not-visible,unspecified
baskauf/11732,baskauf_11732.jpg,Yucca filamentosa,leaf,showing orientation on twig,leaf / showing orientation on twig,leaf,ind-baskauf/11726,distant,medium,Whole organism or crown is visible with scene context.,,Gemma: whole plant,BioImages subview: showing orientation on twig,,,,True,leaf-on,not-visible,unspecified
baskauf/11731,baskauf_11731.jpg,Yucca filamentosa,leaf,whole upper surface,leaf / whole upper surface,leaf,ind-baskauf/11726,close-up,medium,"A diagnostic organ, surface, or fine detail is the main subject.",,,,Gemma: contextual woody structure + visible subject,BioImages subview: whole upper surface,,True,leaf-on,not-visible,unspecified
baskauf/11729,baskauf_11729.jpg,Yucca filamentosa,inflorescence,frontal view of flower,inflorescence / frontal view of flower,flower,ind-baskauf/11726,close-up,high,"A diagnostic organ, surface, or fine detail is the main subject.",,,,,BioImages subview: frontal view of flower,Gemma: flower close-up | Gemma: flower interior | Gemma: frontal flower view | Gemma free tag: close-up,False,not-visible,visible,unspecified
baskauf/35180,baskauf_35180.jpg,Yucca filamentosa,inflorescence,frontal view of flower,inflorescence / frontal view of flower,flower,ind-baskauf/35163,close-up,high,"A diagnostic organ, surface, or fine detail is the main subject.",,,,,BioImages subview: frontal view of flower,Gemma: flower close-up | Gemma: flower interior | Gemma free tag: close-up,False,not-visible,visible,unspecified
baskauf/11727,baskauf_11727.jpg,Yucca filamentosa,inflorescence,lateral view of flower,inflorescence / lateral view of flower,flower,ind-baskauf/11726,close-up,high,"A diagnostic organ, surface, or fine detail is the main subject.",,,,Gemma: contextual woody structure + visible subject,BioImages subview: lateral view of flower,Gemma: flower close-up | Gemma: lateral flower view | Gemma free tag: close-up,False,not-visible,visible,unspecified
baskauf/35177,baskauf_35177.jpg,Yucca filamentosa,inflorescence,lateral view of flower,inflorescence / lateral view of flower,flower,ind-baskauf/35163,close-up,high,"A diagnostic organ, surface, or fine detail is the main subject.",,,,Gemma: contextual woody structure + visible subject,BioImages subview: lateral view of flower,Gemma: flower close-up | Gemma: frontal flower view | Gemma free tag: close-up,False,not-visible,visible,unspecified
baskauf/11730,baskauf_11730.jpg,Yucca filamentosa,inflorescence,whole - unspecified,inflorescence / whole - unspecified,flower,ind-baskauf/11726,mid-range,medium,"A branch system or contextual plant part is visible, without the whole organism.",,,,Gemma: contextual woody structure + visible subject,,,True,leaf-on,visible,unspecified
baskauf/35167,baskauf_35167.jpg,Yucca filamentosa,inflorescence,whole - unspecified,inflorescence / whole - unspecified,flower,ind-baskauf/35163,close-up,medium,"A diagnostic organ, surface, or fine detail is the main subject.",,,,Gemma: contextual woody structure + visible subject,,Gemma: flower close-up,True,leaf-on,visible,unspecified
baskauf/27132,baskauf_27132.jpg,Yucca filamentosa,fruit,lateral or general close-up,fruit / lateral or general close-up,fruit,ind-baskauf/27131,close-up,high,"A diagnostic organ, surface, or fine detail is the main subject.",,,,Gemma: contextual woody structure + visible subject,BioImages subview: lateral or general close-up,Gemma: fruit close-up | Gemma free tag: close-up,False,not-visible,visible,unspecified
baskauf/27137,baskauf_27137.jpg,Yucca filamentosa,fruit,lateral or general close-up,fruit / lateral or general close-up,fruit,ind-baskauf/27131,close-up,high,"A diagnostic organ, surface, or fine detail is the main subject.",,,,Gemma: contextual woody structure + visible subject,BioImages subview: lateral or general close-up,Gemma: fruit close-up | Gemma free tag: close-up,False,not-visible,visible,unspecified
baskauf/35713,baskauf_35713.jpg,Zanthoxylum americanum,whole tree (or vine),general,whole tree (or vine) / general,whole-tree,ind-baskauf/35706,distant,medium,Whole organism or crown is visible with scene context.,BioImages group: whole-tree,,,Gemma: contextual woody structure + visible subject,,,True,leaf-on,not-visible,unspecified
baskauf/54556,baskauf_54556.jpg,Zanthoxylum americanum,whole tree (or vine),general,whole tree (or vine) / general,whole-tree,ind-baskauf/54533,distant,high,Whole organism or crown is visible with scene context.,BioImages group: whole-tree,Gemma: whole plant,,Gemma: contextual woody structure + visible subject,,,False,leaf-on,visible,environmental
baskauf/35731,baskauf_35731.jpg,Zanthoxylum americanum,bark,of a small tree or small branch,bark / of a small tree or small branch,bark,ind-baskauf/35706,close-up,medium,"A diagnostic organ, surface, or fine detail is the main subject.",,,BioImages subview: of a small tree or small branch,Gemma: contextual woody structure + visible subject,,Gemma free tag: close-up,True,not-visible,not-visible,unspecified
baskauf/35729,baskauf_35729.jpg,Zanthoxylum americanum,twig,orientation of petioles,twig / orientation of petioles,twig,ind-baskauf/35706,close-up,medium,"A diagnostic organ, surface, or fine detail is the main subject.",,,BioImages subview: orientation of petioles,Gemma: contextual woody structure + visible subject,,Gemma free tag: close-up,True,leaf-on,not-visible,unspecified
baskauf/51816,baskauf_51816.jpg,Zanthoxylum americanum,twig,orientation of petioles,twig / orientation of petioles,twig,ind-baskauf/51813,close-up,medium,"A diagnostic organ, surface, or fine detail is the main subject.",,,BioImages subview: orientation of petioles,Gemma: contextual woody structure + visible subject,,Gemma free tag: close-up,True,leaf-on,visible,unspecified
baskauf/54534,baskauf_54534.jpg,Zanthoxylum americanum,twig,orientation of petioles,twig / orientation of petioles,twig,ind-baskauf/54533,close-up,medium,"A diagnostic organ, surface, or fine detail is the main subject.",,,BioImages subview: orientation of petioles,Gemma: contextual woody structure + visible subject,,Gemma free tag: close-up,True,leaf-on,not-visible,unspecified
baskauf/35725,baskauf_35725.jpg,Zanthoxylum americanum,leaf,margin of upper + lower surface,leaf / margin of upper + lower surface,leaf,ind-baskauf/35706,close-up,high,"A diagnostic organ, surface, or fine detail is the main subject.",,,,,BioImages subview: margin of upper + lower surface,Gemma: leaf margin | Gemma: leaf upper surface | Gemma free tag: close-up,False,leaf-on,not-visible,unspecified
baskauf/35716,baskauf_35716.jpg,Zanthoxylum americanum,leaf,showing orientation on twig,leaf / showing orientation on twig,leaf,ind-baskauf/35706,close-up,medium,"A diagnostic organ, surface, or fine detail is the main subject.",,,BioImages subview: showing orientation on twig,Gemma: contextual woody structure + visible subject,,Gemma: leaf margin,True,leaf-on,not-visible,unspecified
baskauf/35726,baskauf_35726.jpg,Zanthoxylum americanum,leaf,unspecified,leaf / unspecified,leaf,ind-baskauf/35706,close-up,medium,"A diagnostic organ, surface, or fine detail is the main subject.",,,,Gemma: contextual woody structure + visible subject,,Gemma free tag: close-up,True,leaf-on,not-visible,unspecified
baskauf/35728,baskauf_35728.jpg,Zanthoxylum americanum,leaf,unspecified,leaf / unspecified,leaf,ind-baskauf/35706,close-up,medium,"A diagnostic organ, surface, or fine detail is the main subject.",,,,Gemma: contextual woody structure + visible subject,,Gemma: leaf upper surface | Gemma free tag: close-up,True,leaf-on,not-visible,unspecified
baskauf/35720,baskauf_35720.jpg,Zanthoxylum americanum,leaf,whole upper surface,leaf / whole upper surface,leaf,ind-baskauf/35706,close-up,high,"A diagnostic organ, surface, or fine detail is the main subject.",,,,Gemma: contextual woody structure + visible subject,BioImages subview: whole upper surface,Gemma: leaf upper surface | Gemma free tag: close-up,False,leaf-on,not-visible,unspecified
baskauf/51813,baskauf_51813.jpg,Zanthoxylum americanum,inflorescence,frontal view of flower,inflorescence / frontal view of flower,flower,ind-baskauf/51813,close-up,high,"A diagnostic organ, surface, or fine detail is the main subject.",,,,Gemma: contextual woody structure + visible subject,BioImages subview: frontal view of flower,Gemma: flower close-up | Gemma free tag: close-up,False,not-visible,visible,unspecified
baskauf/51815,baskauf_51815.jpg,Zanthoxylum americanum,inflorescence,lateral view of flower,inflorescence / lateral view of flower,flower,ind-baskauf/51813,close-up,high,"A diagnostic organ, surface, or fine detail is the main subject.",,,,Gemma: contextual woody structure + visible subject,BioImages subview: lateral view of flower,Gemma free tag: close-up,False,leaf-on,not-visible,unspecified
baskauf/51814,baskauf_51814.jpg,Zanthoxylum americanum,inflorescence,whole - female,inflorescence / whole - female,flower,ind-baskauf/51813,close-up,medium,"A diagnostic organ, surface, or fine detail is the main subject.",,,,Gemma: contextual woody structure + visible subject,,Gemma free tag: close-up,True,leaf-on,not-visible,unspecified
baskauf/54535,baskauf_54535.jpg,Zanthoxylum americanum,fruit,lateral or general close-up,fruit / lateral or general close-up,fruit,ind-baskauf/54533,close-up,high,"A diagnostic organ, surface, or fine detail is the main subject.",,,,Gemma: contextual woody structure + visible subject,BioImages subview: lateral or general close-up,Gemma: fruit close-up | Gemma free tag: close-up,False,not-visible,visible,unspecified
baskauf/54536,baskauf_54536.jpg,Zanthoxylum americanum,fruit,lateral or general close-up,fruit / lateral or general close-up,fruit,ind-baskauf/54533,close-up,high,"A diagnostic organ, surface, or fine detail is the main subject.",,,,Gemma: contextual woody structure + visible subject,BioImages subview: lateral or general close-up,Gemma: fruit close-up | Gemma free tag: close-up,False,not-visible,visible,unspecified
baskauf/54538,baskauf_54538.jpg,Zanthoxylum americanum,fruit,lateral or general close-up,fruit / lateral or general close-up,fruit,ind-baskauf/54533,close-up,high,"A diagnostic organ, surface, or fine detail is the main subject.",,,,Gemma: contextual woody structure + visible subject,BioImages subview: lateral or general close-up,Gemma: fruit close-up | Gemma free tag: close-up,False,not-visible,visible,unspecified
