image_id,species,individual_id,bioimages_label,bioimages_canonical_tag,predicted_tags,tag_confidences,bioimages_match,top1_exact_match,gemma_tags,gemma_normalized_tags,gemma_precision,gemma_recall,gemma_f1,gemma_jaccard
baskauf/00000,Acer rubrum,ind-baskauf/00000,inflorescence / whole - unspecified,flower,"[""winter habit"", ""branch"", ""whole plant"", ""view up trunk"", ""inflorescence""]","{""winter habit"": 0.9528, ""branch"": 0.9442, ""whole plant"": 0.9381, ""view up trunk"": 0.7818, ""inflorescence"": 0.7516}",False,False,"[""red flower clusters"", ""bare branches"", ""blue sky background"", ""early spring bloom"", ""woody plant"", ""branching pattern""]","[""whole plant"", ""branch"", ""flower"", ""inflorescence"", ""winter habit""]",0.8,0.8,0.8,0.6667
baskauf/00001,Acer rubrum,ind-baskauf/00000,inflorescence / whole - male,flower,"[""inflorescence"", ""flower"", ""flower close-up"", ""stem""]","{""inflorescence"": 0.9795, ""flower"": 0.8872, ""flower close-up"": 0.8486, ""stem"": 0.5501}",True,False,"[""red flower clusters"", ""bare branches"", ""early spring"", ""close-up flowers"", ""twig with buds"", ""bright red""]","[""twig"", ""flower"", ""inflorescence"", ""flower close-up"", ""bud""]",0.75,0.6,0.6667,0.5
baskauf/10206,Cercis canadensis,ind-baskauf/10207,fruit / as borne on the plant,fruit,"[""fruit borne on plant"", ""fruit"", ""twig"", ""leaf"", ""immature fruit""]","{""fruit borne on plant"": 0.8435, ""fruit"": 0.8088, ""twig"": 0.7952, ""leaf"": 0.7817, ""immature fruit"": 0.7132}",True,False,"[""yellow leaves"", ""brown leaves"", ""woody twigs"", ""autumn foliage"", ""leaf arrangement"", ""blurred background""]","[""leaf"", ""twig"", ""leaf arrangement on twig""]",0.4,0.6667,0.5,0.3333
baskauf/10207,Cercis canadensis,ind-baskauf/10207,fruit / as borne on the plant,fruit,"[""fruit borne on plant"", ""twig"", ""fruit"", ""leaf"", ""immature fruit""]","{""fruit borne on plant"": 0.8461, ""twig"": 0.8353, ""fruit"": 0.8339, ""leaf"": 0.7949, ""immature fruit"": 0.7038}",True,False,"[""yellow leaves"", ""brown leaves"", ""woody twigs"", ""leaf arrangement"", ""autumn colors"", ""blurred background""]","[""twig"", ""leaf"", ""leaf arrangement on twig"", ""fruit"", ""immature fruit""]",0.8,0.8,0.8,0.6667
baskauf/10213,Nyssa sylvatica,vanderbilt/12-188,whole tree (or vine) / general,whole plant,"[""whole plant"", ""view up trunk"", ""branch"", ""trunk"", ""leaf""]","{""whole plant"": 0.9961, ""view up trunk"": 0.9803, ""branch"": 0.9741, ""trunk"": 0.9592, ""leaf"": 0.9242}",True,True,"[""dense canopy"", ""green foliage"", ""tree branches"", ""upward view"", ""woodland scene"", ""leafy crown""]","[""whole plant"", ""branch"", ""leaf"", ""view up trunk""]",0.8,1.0,0.8889,0.8
baskauf/10218,Nyssa sylvatica,vanderbilt/12-188,leaf / showing orientation on twig,leaf,"[""leaf"", ""leaf arrangement on twig"", ""branch"", ""twig""]","{""leaf"": 0.9698, ""leaf arrangement on twig"": 0.7562, ""branch"": 0.7434, ""twig"": 0.6168}",True,True,"[""green leaves"", ""woody branch"", ""leaf arrangement"", ""leaf veins"", ""light background"", ""close-up leaves""]","[""leaf"", ""branch"", ""leaf arrangement on twig"", ""leaf upper surface""]",0.75,0.75,0.75,0.6
baskauf/10220,Tilia americana,vanderbilt/6-89,fruit / lateral or general close-up,fruit,"[""fruit"", ""fruit borne on plant"", ""fruit close-up"", ""winter habit"", ""twig"", ""immature fruit""]","{""fruit"": 0.9577, ""fruit borne on plant"": 0.919, ""fruit close-up"": 0.8301, ""winter habit"": 0.7996, ""twig"": 0.7576, ""immature fruit"": 0.7401}",True,True,"[""woody twig"", ""buds"", ""immature fruit"", ""tree trunk"", ""bark texture"", ""winter twig"", ""leafless branch""]","[""twig"", ""bud"", ""fruit"", ""trunk"", ""bark"", ""winter habit"", ""winter twig"", ""immature fruit""]",0.6667,0.5,0.5714,0.4
baskauf/10221,Nyssa sylvatica,vanderbilt/12-188,leaf / whole upper surface,leaf,"[""leaf"", ""leaf upper surface"", ""leaf arrangement on twig""]","{""leaf"": 0.9753, ""leaf upper surface"": 0.9321, ""leaf arrangement on twig"": 0.6935}",True,True,"[""green leaves"", ""leaf veins"", ""close-up leaves"", ""blurred background"", ""compound leaf""]","[""leaf"", ""leaf upper surface"", ""leaf arrangement on twig""]",1.0,1.0,1.0,1.0
baskauf/10225,Pinus strobus,ind-baskauf/10225,cone / female - mature open,cone,"[""needle"", ""whole plant"", ""view up trunk"", ""branch"", ""leaf""]","{""needle"": 0.96, ""whole plant"": 0.9313, ""view up trunk"": 0.8219, ""branch"": 0.8139, ""leaf"": 0.5104}",False,False,"[""green needles"", ""conifer branches"", ""hanging cones"", ""sky background"", ""dense foliage"", ""woody branches""]","[""whole plant"", ""branch"", ""needle"", ""cone"", ""view up trunk""]",0.8,0.8,0.8,0.6667
baskauf/10332,Juniperus virginiana,ind-baskauf/10332,whole tree / general,whole plant,"[""needle"", ""twig""]","{""needle"": 0.9005, ""twig"": 0.4593}",False,False,"[""small shrub"", ""dense foliage"", ""needle-like leaves"", ""rocky substrate"", ""winter condition"", ""evergreen"", ""compact form"", ""brownish-green foliage""]","[""whole plant"", ""twig"", ""needle"", ""winter habit""]",1.0,0.5,0.6667,0.5
baskauf/10333,Juniperus virginiana,ind-baskauf/10333,whole tree / general,whole plant,"[""winter habit"", ""twig""]","{""winter habit"": 0.7846, ""twig"": 0.539}",False,False,"[""coniferous foliage"", ""rocky cliff"", ""leafless branches"", ""evergreen trees"", ""winter landscape"", ""layered rock""]","[""whole plant"", ""twig"", ""needle"", ""winter habit""]",1.0,0.5,0.6667,0.5
baskauf/10336,Platanus occidentalis,ind-baskauf/10336,whole tree (or vine) / winter,whole plant,"[""view up trunk"", ""branch"", ""whole plant"", ""trunk"", ""winter habit"", ""bark""]","{""view up trunk"": 0.9911, ""branch"": 0.979, ""whole plant"": 0.9786, ""trunk"": 0.9535, ""winter habit"": 0.9479, ""bark"": 0.7851}",True,False,"[""leafless tree"", ""branching pattern"", ""winter sky"", ""tree crown"", ""pale bark"", ""woody branches""]","[""whole plant"", ""trunk"", ""branch"", ""winter habit"", ""view up trunk""]",0.8333,1.0,0.9091,0.8333
baskauf/10338,Platanus occidentalis,ind-baskauf/10338,whole tree (or vine) / winter,whole plant,"[""winter habit"", ""whole plant"", ""branch""]","{""winter habit"": 0.8034, ""whole plant"": 0.787, ""branch"": 0.5776}",True,False,"[""leafless trees"", ""winter scene"", ""woodland"", ""bare branches"", ""smooth bark"", ""roadside view""]","[""whole plant"", ""trunk"", ""bark"", ""branch"", ""winter habit"", ""view up trunk"", ""large-tree bark""]",1.0,0.4286,0.6,0.4286
baskauf/10339,Cercis canadensis,ind-baskauf/10207,fruit / as borne on the plant,fruit,"[""fruit borne on plant"", ""fruit"", ""twig"", ""branch"", ""immature fruit""]","{""fruit borne on plant"": 0.8506, ""fruit"": 0.8485, ""twig"": 0.8281, ""branch"": 0.8036, ""immature fruit"": 0.7116}",True,False,"[""leafless branches"", ""hanging fruits"", ""blue sky backdrop"", ""winter scene"", ""woody structure"", ""pendulous fruits""]","[""twig"", ""fruit"", ""fruit borne on plant"", ""winter habit"", ""branch"", ""whole plant""]",0.8,0.6667,0.7273,0.5714
baskauf/10341,Ulmus americana,ind-baskauf/10341,whole tree (or vine) / winter,whole plant,"[""branch"", ""view up trunk"", ""whole plant"", ""winter habit"", ""trunk"", ""leaf""]","{""branch"": 0.9721, ""view up trunk"": 0.9675, ""whole plant"": 0.9535, ""winter habit"": 0.9386, ""trunk"": 0.722, ""leaf"": 0.4343}",True,False,"[""leafless branches"", ""dark bark"", ""sky background"", ""branching pattern"", ""winter tree"", ""upward view""]","[""whole plant"", ""trunk"", ""branch"", ""winter habit"", ""view up trunk"", ""bark""]",0.8333,0.8333,0.8333,0.7143
baskauf/10343,Ulmus americana,ind-baskauf/10341,inflorescence / whole - unspecified,flower,"[""winter habit"", ""twig"", ""branch"", ""fruit"", ""inflorescence"", ""bud"", ""fruit borne on plant""]","{""winter habit"": 0.9846, ""twig"": 0.9397, ""branch"": 0.8838, ""fruit"": 0.6969, ""inflorescence"": 0.6567, ""bud"": 0.6336, ""fruit borne on plant"": 0.6179}",False,False,"[""leafless branches"", ""early spring buds"", ""sky background"", ""branching pattern"", ""dormant twigs"", ""bud clusters""]","[""twig"", ""branch"", ""bud"", ""winter habit"", ""view up trunk""]",0.5714,0.8,0.6667,0.5
baskauf/10344,Ulmus americana,ind-baskauf/10341,inflorescence / whole - unspecified,flower,"[""inflorescence"", ""winter habit"", ""flower"", ""twig"", ""branch"", ""bud""]","{""inflorescence"": 0.9374, ""winter habit"": 0.93, ""flower"": 0.9192, ""twig"": 0.8903, ""branch"": 0.7813, ""bud"": 0.7363}",True,False,"[""leafless branches"", ""early spring buds"", ""sky background"", ""branching pattern"", ""dormant twigs"", ""small buds""]","[""twig"", ""branch"", ""bud"", ""winter habit"", ""winter twig""]",0.6667,0.8,0.7273,0.5714
baskauf/10374,Acer saccharum,ind-baskauf/10374,whole tree (or vine) / general,whole plant,"[""whole plant"", ""view up trunk"", ""branch"", ""trunk"", ""leaf""]","{""whole plant"": 0.9782, ""view up trunk"": 0.9751, ""branch"": 0.9724, ""trunk"": 0.8935, ""leaf"": 0.7425}",True,True,"[""large tree"", ""branching crown"", ""emerging leaves"", ""blue sky"", ""woody branches"", ""tree silhouette""]","[""whole plant"", ""trunk"", ""branch"", ""leaf"", ""view up trunk""]",1.0,1.0,1.0,1.0
baskauf/10376,Acer saccharum,ind-baskauf/10376,inflorescence / whole - male,flower,"[""bud"", ""twig"", ""inflorescence"", ""flower"", ""immature fruit"", ""flower close-up""]","{""bud"": 0.9698, ""twig"": 0.9371, ""inflorescence"": 0.9344, ""flower"": 0.8871, ""immature fruit"": 0.8012, ""flower close-up"": 0.758}",True,False,"[""small twigs"", ""green buds"", ""early spring"", ""developing flowers"", ""woody stem"", ""close-up view""]","[""twig"", ""bud"", ""stem"", ""flower"", ""inflorescence"", ""immature fruit"", ""leaf arrangement on twig""]",0.8333,0.7143,0.7692,0.625
baskauf/10377,Cornus florida,ind-baskauf/10377,twig / close-up winter terminal bud,twig,"[""twig"", ""bud"", ""winter twig"", ""fruit"", ""fruit borne on plant"", ""stem""]","{""twig"": 0.9624, ""bud"": 0.8828, ""winter twig"": 0.7272, ""fruit"": 0.7245, ""fruit borne on plant"": 0.7002, ""stem"": 0.6203}",True,True,"[""leafless twigs"", ""developing buds"", ""early spring"", ""close-up view"", ""pale branches"", ""rounded buds""]","[""twig"", ""bud"", ""winter twig""]",0.5,1.0,0.6667,0.5
baskauf/10380,Ulmus americana,ind-baskauf/10380,fruit / lateral or general close-up,fruit,"[""immature fruit"", ""fruit"", ""fruit close-up"", ""twig"", ""fruit borne on plant"", ""bud""]","{""immature fruit"": 0.9241, ""fruit"": 0.8946, ""fruit close-up"": 0.8537, ""twig"": 0.848, ""fruit borne on plant"": 0.824, ""bud"": 0.6824}",True,False,"[""green developing structures"", ""woody branch"", ""early spring"", ""close-up view"", ""pendulous forms""]","[""branch"", ""twig"", ""flower"", ""inflorescence"", ""immature fruit"", ""fruit borne on plant"", ""flower close-up""]",0.5,0.4286,0.4615,0.3
baskauf/10386,Acer saccharum,ind-baskauf/10386,inflorescence / whole - male,flower,"[""inflorescence"", ""flower"", ""bud"", ""flower close-up"", ""twig"", ""immature fruit""]","{""inflorescence"": 0.959, ""flower"": 0.9564, ""bud"": 0.9285, ""flower close-up"": 0.8458, ""twig"": 0.8407, ""immature fruit"": 0.7677}",True,False,"[""emerging leaves"", ""small green flowers"", ""woody branch"", ""early spring"", ""close-up flowers"", ""new growth""]","[""twig"", ""flower"", ""inflorescence"", ""bud"", ""leaf"", ""flower close-up""]",0.8333,0.8333,0.8333,0.7143
baskauf/10392,Cercis canadensis,vanderbilt/6-186,inflorescence / whole - unspecified,flower,"[""twig"", ""flower"", ""inflorescence"", ""bud"", ""branch""]","{""twig"": 0.925, ""flower"": 0.8876, ""inflorescence"": 0.8736, ""bud"": 0.8625, ""branch"": 0.7957}",True,False,"[""pink blossoms"", ""woody branches"", ""early spring"", ""delicate flowers"", ""emerging leaves"", ""branching pattern""]","[""branch"", ""flower"", ""inflorescence"", ""twig"", ""leaf"", ""flower close-up""]",0.8,0.6667,0.7273,0.5714
baskauf/10393,Cercis canadensis,vanderbilt/6-186,inflorescence / whole - unspecified,flower,"[""flower close-up"", ""flower"", ""inflorescence"", ""bud"", ""twig""]","{""flower close-up"": 0.8926, ""flower"": 0.8388, ""inflorescence"": 0.7699, ""bud"": 0.7092, ""twig"": 0.6894}",True,False,"[""pink flowers"", ""clustered blooms"", ""woody branch"", ""early spring"", ""close-up flowers"", ""delicate petals""]","[""flower"", ""inflorescence"", ""branch"", ""flower close-up""]",0.6,0.75,0.6667,0.5
baskauf/10414,Rhus glabra,ind-baskauf/10414,fruit / as borne on the plant,fruit,"[""winter habit"", ""twig"", ""inflorescence"", ""fruit borne on plant""]","{""winter habit"": 0.9332, ""twig"": 0.8144, ""inflorescence"": 0.6894, ""fruit borne on plant"": 0.661}",False,False,"[""leafless branches"", ""red catkins"", ""winter view"", ""woody stems"", ""bud-like structures""]","[""twig"", ""branch"", ""stem"", ""inflorescence"", ""winter habit"", ""bud""]",0.75,0.5,0.6,0.4286
baskauf/10415,Rhus glabra,ind-baskauf/10414,fruit / lateral or general close-up,fruit,"[""fruit"", ""fruit borne on plant"", ""fruit close-up"", ""winter habit"", ""inflorescence"", ""immature fruit""]","{""fruit"": 0.9858, ""fruit borne on plant"": 0.97, ""fruit close-up"": 0.8783, ""winter habit"": 0.7899, ""inflorescence"": 0.7735, ""immature fruit"": 0.692}",True,True,"[""red fruit cluster"", ""dense fruiting body"", ""vertical stem"", ""close-up fruit"", ""bright color"", ""natural light""]","[""fruit"", ""inflorescence"", ""stem"", ""fruit close-up"", ""fruit borne on plant""]",0.6667,0.8,0.7273,0.5714
baskauf/10419,Rhus copallinum,ind-baskauf/10419,fruit / lateral or general close-up,fruit,"[""fruit"", ""fruit borne on plant"", ""twig"", ""fruit close-up"", ""stem"", ""branch""]","{""fruit"": 0.9259, ""fruit borne on plant"": 0.8789, ""twig"": 0.8245, ""fruit close-up"": 0.7328, ""stem"": 0.6848, ""branch"": 0.5829}",True,True,"[""leafless twig"", ""clustered fruit"", ""dark brown"", ""woody stem"", ""pendent clusters"", ""dormant branch""]","[""twig"", ""fruit"", ""stem"", ""winter habit"", ""fruit borne on plant""]",0.6667,0.8,0.7273,0.5714
baskauf/10420,Rhus copallinum,ind-baskauf/10420,fruit / as borne on the plant,fruit,"[""winter habit"", ""fruit"", ""fruit borne on plant"", ""twig"", ""branch""]","{""winter habit"": 0.9501, ""fruit"": 0.8129, ""fruit borne on plant"": 0.8088, ""twig"": 0.7314, ""branch"": 0.7165}",True,False,"[""leafless branches"", ""dense clusters"", ""woody structure"", ""sky background"", ""branching pattern"", ""dormant tree"", ""winter silhouette""]","[""whole plant"", ""branch"", ""twig"", ""winter habit"", ""inflorescence""]",0.6,0.6,0.6,0.4286
baskauf/10427,Nyssa sylvatica,ind-baskauf/10427,twig / close-up winter leaf scar/bud,twig,"[""bud"", ""winter twig"", ""twig"", ""leaf scar""]","{""bud"": 0.9798, ""winter twig"": 0.9769, ""twig"": 0.9536, ""leaf scar"": 0.9271}",True,False,"[""woody twig"", ""bud"", ""close-up"", ""dormant branch"", ""bud scales"", ""twig texture""]","[""twig"", ""bud"", ""winter twig"", ""leaf scar""]",1.0,1.0,1.0,1.0
baskauf/10430,Fagus grandifolia,ind-baskauf/10430,twig / winter overall,twig,"[""twig"", ""winter twig"", ""winter habit"", ""branch""]","{""twig"": 0.9852, ""winter twig"": 0.9509, ""winter habit"": 0.8912, ""branch"": 0.7012}",True,True,"[""leafless twig"", ""pointed buds"", ""dormant branch"", ""winter view"", ""brown twigs""]","[""twig"", ""bud"", ""winter twig""]",0.5,0.6667,0.5714,0.4
baskauf/10431,Fagus grandifolia,ind-baskauf/10430,twig / close-up winter terminal bud,twig,"[""winter twig"", ""twig"", ""bud"", ""leaf scar""]","{""winter twig"": 0.9861, ""twig"": 0.9755, ""bud"": 0.9747, ""leaf scar"": 0.85}",True,False,"[""leafless twig"", ""reddish brown twig"", ""close-up twig"", ""bud"", ""dormant branch""]","[""twig"", ""bud"", ""winter twig""]",0.75,1.0,0.8571,0.75
baskauf/10432,Fagus grandifolia,ind-baskauf/10432,bark / of a large tree,bark,"[""bark"", ""trunk"", ""large-tree bark"", ""medium-tree or large-branch bark"", ""winter habit"", ""twig""]","{""bark"": 0.9932, ""trunk"": 0.9731, ""large-tree bark"": 0.9658, ""medium-tree or large-branch bark"": 0.8906, ""winter habit"": 0.803, ""twig"": 0.4786}",True,True,"[""tree trunk"", ""peeling bark"", ""branching pattern"", ""gray bark"", ""close-up bark"", ""winter tree""]","[""trunk"", ""bark"", ""branch"", ""large-tree bark""]",0.5,0.75,0.6,0.4286
baskauf/10457,Fagus grandifolia,vanderbilt/12-187,inflorescence / whole - unspecified,flower,"[""inflorescence"", ""twig"", ""bud"", ""flower"", ""stem"", ""leaf arrangement on twig""]","{""inflorescence"": 0.9108, ""twig"": 0.9021, ""bud"": 0.8432, ""flower"": 0.8288, ""stem"": 0.6377, ""leaf arrangement on twig"": 0.6185}",True,False,"[""emerging buds"", ""fuzzy catkins"", ""slender twig"", ""spring growth"", ""green and brown"", ""close-up view""]","[""twig"", ""bud"", ""inflorescence"", ""flower"", ""immature fruit"", ""fruit borne on plant""]",0.6667,0.6667,0.6667,0.5
baskauf/10459,Fagus grandifolia,vanderbilt/12-187,inflorescence / whole - unspecified,flower,"[""twig"", ""inflorescence"", ""branch"", ""bud"", ""leaf arrangement on twig"", ""leaf""]","{""twig"": 0.9433, ""inflorescence"": 0.8066, ""branch"": 0.7282, ""bud"": 0.7081, ""leaf arrangement on twig"": 0.6886, ""leaf"": 0.5598}",False,False,"[""new leaves"", ""emerging foliage"", ""woody branches"", ""spring growth"", ""reddish leaves"", ""green leaves"", ""twiggy structure"", ""blurred background""]","[""branch"", ""twig"", ""leaf"", ""leaf arrangement on twig"", ""bud""]",0.8333,1.0,0.9091,0.8333
baskauf/10460,Fagus grandifolia,vanderbilt/12-187,inflorescence / whole - unspecified,flower,"[""twig"", ""bud"", ""inflorescence"", ""leaf arrangement on twig"", ""branch"", ""leaf""]","{""twig"": 0.95, ""bud"": 0.8408, ""inflorescence"": 0.8215, ""leaf arrangement on twig"": 0.7541, ""branch"": 0.6567, ""leaf"": 0.5575}",False,False,"[""new leaves"", ""emerging foliage"", ""woody branch"", ""spring buds"", ""light green leaves"", ""reddish leaves""]","[""branch"", ""leaf"", ""bud"", ""leaf arrangement on twig"", ""twig""]",0.8333,1.0,0.9091,0.8333
baskauf/10462,Platanus occidentalis,ind-baskauf/10462,bark / of a large tree,bark,"[""bark"", ""large-tree bark"", ""trunk""]","{""bark"": 0.9681, ""large-tree bark"": 0.9529, ""trunk"": 0.9463}",True,True,"[""peeling bark"", ""textured bark"", ""tree trunk"", ""patchy bark"", ""light and dark bark"", ""vertical view""]","[""trunk"", ""bark"", ""large-tree bark""]",1.0,1.0,1.0,1.0
baskauf/10463,Platanus occidentalis,ind-baskauf/10462,fruit / section or open,fruit,"[""fruit"", ""fruit close-up"", ""fruit borne on plant"", ""immature fruit"", ""twig""]","{""fruit"": 0.9747, ""fruit close-up"": 0.9722, ""fruit borne on plant"": 0.9381, ""immature fruit"": 0.7861, ""twig"": 0.5667}",True,True,"[""spherical fruit"", ""textured surface"", ""hanging fruit"", ""dry fruit"", ""close-up view"", ""brown tones""]","[""fruit"", ""fruit close-up"", ""fruit borne on plant""]",0.6,1.0,0.75,0.6
baskauf/10464,Platanus occidentalis,ind-baskauf/10462,fruit / as borne on the plant,fruit,"[""winter habit"", ""branch"", ""fruit"", ""view up trunk"", ""fruit borne on plant"", ""whole plant""]","{""winter habit"": 0.9736, ""branch"": 0.9108, ""fruit"": 0.9028, ""view up trunk"": 0.8759, ""fruit borne on plant"": 0.8046, ""whole plant"": 0.7161}",True,False,"[""leafless branches"", ""spherical fruit"", ""pale bark"", ""upward view"", ""winter scene"", ""branching pattern""]","[""whole plant"", ""trunk"", ""branch"", ""fruit"", ""winter habit"", ""view up trunk"", ""fruit borne on plant""]",1.0,0.8571,0.9231,0.8571
baskauf/10469,Cornus florida,vanderbilt/6-167,inflorescence / whole - unspecified,flower,"[""flower close-up"", ""flower"", ""inflorescence"", ""twig""]","{""flower close-up"": 0.869, ""flower"": 0.86, ""inflorescence"": 0.8588, ""twig"": 0.831}",True,False,"[""white flowers"", ""green cluster"", ""woody branch"", ""close-up view"", ""blurred background"", ""floral arrangement""]","[""flower"", ""inflorescence"", ""branch"", ""flower close-up""]",0.75,0.75,0.75,0.6
baskauf/10470,Cornus florida,vanderbilt/6-167,inflorescence / whole - unspecified,flower,"[""twig"", ""inflorescence"", ""flower"", ""flower close-up""]","{""twig"": 0.8643, ""inflorescence"": 0.8578, ""flower"": 0.8571, ""flower close-up"": 0.8386}",True,False,"[""clustered flowers"", ""green flower cluster"", ""whitish bracts"", ""small twigs"", ""shallow depth of field"", ""close-up view"", ""early spring bloom""]","[""flower"", ""inflorescence"", ""twig"", ""flower close-up""]",1.0,1.0,1.0,1.0
baskauf/10471,Cornus florida,vanderbilt/6-167,bark / of a medium tree or large branch,bark,"[""bark"", ""large-tree bark"", ""trunk"", ""medium-tree or large-branch bark""]","{""bark"": 0.9901, ""large-tree bark"": 0.9571, ""trunk"": 0.9489, ""medium-tree or large-branch bark"": 0.9176}",True,True,"[""textured bark"", ""tree trunk"", ""close-up bark"", ""rough surface"", ""brown tones"", ""natural patterns""]","[""trunk"", ""bark"", ""large-tree bark""]",0.75,1.0,0.8571,0.75
baskauf/10474,Fagus grandifolia,vanderbilt/12-187,inflorescence / whole - unspecified,flower,"[""twig"", ""bud"", ""inflorescence"", ""leaf arrangement on twig""]","{""twig"": 0.9659, ""bud"": 0.9581, ""inflorescence"": 0.8464, ""leaf arrangement on twig"": 0.655}",False,False,"[""emerging leaves"", ""woody twigs"", ""bud scales"", ""early spring"", ""close-up view"", ""brown and green""]","[""twig"", ""bud"", ""leaf"", ""leaf arrangement on twig"", ""winter twig""]",0.75,0.6,0.6667,0.5
baskauf/10485,Tsuga canadensis,vanderbilt/6-139,cone / female - mature open,cone,"[""cone"", ""needle"", ""twig"", ""fruit borne on plant"", ""branch"", ""fruit""]","{""cone"": 0.9607, ""needle"": 0.9106, ""twig"": 0.8743, ""fruit borne on plant"": 0.8257, ""branch"": 0.7685, ""fruit"": 0.7039}",True,True,"[""scale-like foliage"", ""small cones"", ""green needles"", ""woody branches"", ""cone bearing"", ""close-up view""]","[""needle"", ""cone"", ""twig"", ""branch"", ""fruit"", ""immature fruit""]",0.8333,0.8333,0.8333,0.7143
baskauf/10491,Cercis canadensis,ind-baskauf/10491,whole tree (or vine) / general,whole plant,"[""winter habit"", ""whole plant"", ""branch"", ""twig""]","{""winter habit"": 0.9314, ""whole plant"": 0.9028, ""branch"": 0.8561, ""twig"": 0.6779}",True,False,"[""pink blossoms"", ""leafless trees"", ""woodland scene"", ""early spring"", ""tree line"", ""bare branches"", ""distant trees"", ""grassy verge""]","[""whole plant"", ""branch"", ""twig"", ""flower"", ""inflorescence"", ""winter habit""]",1.0,0.6667,0.8,0.6667
baskauf/10492,Acer rubrum,ind-baskauf/10492,fruit / as borne on the plant,fruit,"[""twig"", ""fruit borne on plant"", ""immature fruit"", ""fruit"", ""bud""]","{""twig"": 0.9202, ""fruit borne on plant"": 0.8656, ""immature fruit"": 0.8369, ""fruit"": 0.8304, ""bud"": 0.8056}",True,False,"[""winged seeds"", ""reddish-green samaras"", ""slender stem"", ""hanging fruit"", ""early spring"", ""close-up view"", ""bright sky background""]","[""stem"", ""fruit"", ""immature fruit"", ""fruit borne on plant"", ""fruit close-up""]",0.6,0.6,0.6,0.4286
baskauf/10493,Cercis canadensis,ind-baskauf/10493,whole tree (or vine) / general,whole plant,"[""whole plant"", ""winter habit"", ""branch"", ""twig""]","{""whole plant"": 0.9463, ""winter habit"": 0.9418, ""branch"": 0.8836, ""twig"": 0.6637}",True,True,"[""pink blossoms"", ""leafless trees"", ""evergreen trees"", ""winter landscape"", ""dense flowering"", ""small trees"", ""branching pattern"", ""open growth habit""]","[""whole plant"", ""branch"", ""flower"", ""winter habit"", ""inflorescence""]",0.75,0.6,0.6667,0.5
baskauf/10494,Acer rubrum,ind-baskauf/10494,whole tree (or vine) / general,whole plant,"[""winter habit"", ""whole plant"", ""branch"", ""twig""]","{""winter habit"": 0.985, ""whole plant"": 0.9534, ""branch"": 0.8809, ""twig"": 0.6657}",True,False,"[""leafless branches"", ""red buds"", ""early spring"", ""tree silhouette"", ""branching pattern"", ""clear sky""]","[""whole plant"", ""branch"", ""twig"", ""bud"", ""winter habit"", ""view up trunk""]",1.0,0.6667,0.8,0.6667
baskauf/10495,Acer rubrum,ind-baskauf/10494,fruit / as borne on the plant,fruit,"[""twig"", ""fruit borne on plant"", ""branch""]","{""twig"": 0.8777, ""fruit borne on plant"": 0.7763, ""branch"": 0.5888}",False,False,"[""red winged seeds"", ""branching twig"", ""early spring"", ""sky background"", ""paired samaras""]","[""twig"", ""fruit"", ""fruit borne on plant"", ""leaf"", ""branch""]",1.0,0.6,0.75,0.6
baskauf/10496,Acer rubrum,ind-baskauf/10494,fruit / as borne on the plant,fruit,"[""winter habit"", ""branch"", ""whole plant"", ""twig""]","{""winter habit"": 0.9154, ""branch"": 0.9148, ""whole plant"": 0.729, ""twig"": 0.6562}",False,False,"[""leafless branches"", ""red buds"", ""blue sky"", ""winter branches"", ""branching pattern"", ""upward view""]","[""branch"", ""twig"", ""bud"", ""winter habit"", ""view up trunk"", ""winter twig""]",0.75,0.5,0.6,0.4286
baskauf/10497,Cercis canadensis,ind-baskauf/10497,whole tree (or vine) / general,whole plant,"[""winter habit"", ""whole plant"", ""branch"", ""twig"", ""flower""]","{""winter habit"": 0.9809, ""whole plant"": 0.9004, ""branch"": 0.8314, ""twig"": 0.8192, ""flower"": 0.7069}",True,False,"[""pink blossoms"", ""flowering trees"", ""bare branches"", ""distant trees"", ""early spring"", ""roadside vegetation""]","[""whole plant"", ""flower"", ""branch"", ""twig"", ""inflorescence""]",0.8,0.8,0.8,0.6667
baskauf/10498,Quercus rubra,vanderbilt/15-227,inflorescence / whole - unspecified,flower,"[""branch"", ""view up trunk"", ""twig"", ""leaf""]","{""branch"": 0.9076, ""view up trunk"": 0.8838, ""twig"": 0.7792, ""leaf"": 0.6966}",False,False,"[""leafless branches"", ""emerging leaves"", ""blue sky"", ""twiggy crown"", ""early spring"", ""branching pattern""]","[""twig"", ""branch"", ""leaf"", ""winter habit"", ""leaf arrangement on twig""]",0.75,0.6,0.6667,0.5
baskauf/10499,Quercus rubra,vanderbilt/15-227,bark / of a large tree,bark,"[""bark"", ""trunk"", ""large-tree bark"", ""view up trunk""]","{""bark"": 0.9937, ""trunk"": 0.9869, ""large-tree bark"": 0.9851, ""view up trunk"": 0.7208}",True,True,"[""tree trunk"", ""rough bark"", ""vertical view"", ""textured surface"", ""gray bark"", ""natural pattern""]","[""trunk"", ""bark"", ""large-tree bark"", ""view up trunk""]",1.0,1.0,1.0,1.0
baskauf/10502,Ginkgo biloba,vanderbilt/12-126,twig / showing attachment of needles,twig,"[""bud"", ""twig"", ""branch"", ""inflorescence"", ""flower""]","{""bud"": 0.9623, ""twig"": 0.9105, ""branch"": 0.86, ""inflorescence"": 0.7792, ""flower"": 0.756}",True,False,"[""new leaves"", ""emerging buds"", ""woody twig"", ""spring growth"", ""close-up view"", ""blurred background""]","[""twig"", ""bud"", ""leaf"", ""leaf arrangement on twig"", ""winter twig""]",0.4,0.4,0.4,0.25
baskauf/10503,Fagus grandifolia,vanderbilt/12-187,inflorescence / whole - male,flower,"[""inflorescence"", ""flower"", ""twig"", ""bud"", ""stem"", ""leaf"", ""branch""]","{""inflorescence"": 0.9491, ""flower"": 0.9087, ""twig"": 0.8133, ""bud"": 0.7897, ""stem"": 0.7453, ""leaf"": 0.6871, ""branch"": 0.5014}",True,False,"[""early leaves"", ""catkins"", ""developing flowers"", ""woody stem"", ""spring growth"", ""pale green foliage""]","[""stem"", ""leaf"", ""inflorescence"", ""flower"", ""immature fruit"", ""twig"", ""leaf arrangement on twig""]",0.7143,0.7143,0.7143,0.5556
baskauf/10504,Fagus grandifolia,vanderbilt/12-187,inflorescence / whole - male,flower,"[""inflorescence"", ""flower"", ""flower close-up"", ""immature fruit"", ""stem"", ""fruit"", ""twig""]","{""inflorescence"": 0.9851, ""flower"": 0.971, ""flower close-up"": 0.9171, ""immature fruit"": 0.7514, ""stem"": 0.7264, ""fruit"": 0.596, ""twig"": 0.5371}",True,False,"[""small flower clusters"", ""immature flower buds"", ""slender stem"", ""fuzzy appearance"", ""green and white flowers"", ""close-up view""]","[""flower"", ""inflorescence"", ""stem"", ""flower close-up"", ""immature fruit""]",0.7143,1.0,0.8333,0.7143
baskauf/10506,Fagus grandifolia,vanderbilt/12-187,inflorescence / whole - male,flower,"[""inflorescence"", ""flower"", ""flower close-up"", ""immature fruit"", ""stem"", ""fruit"", ""fruit borne on plant""]","{""inflorescence"": 0.9829, ""flower"": 0.9644, ""flower close-up"": 0.925, ""immature fruit"": 0.8592, ""stem"": 0.7715, ""fruit"": 0.771, ""fruit borne on plant"": 0.591}",True,False,"[""fluffy flower cluster"", ""dense inflorescence"", ""green and white flowers"", ""close-up view"", ""soft texture"", ""blurred background""]","[""inflorescence"", ""flower"", ""flower close-up""]",0.4286,1.0,0.6,0.4286
baskauf/10515,Tsuga canadensis,vanderbilt/6-117,cone / female - receptive,cone,"[""needle"", ""twig"", ""cone"", ""fruit borne on plant"", ""branch"", ""fruit""]","{""needle"": 0.9078, ""twig"": 0.9075, ""cone"": 0.8124, ""fruit borne on plant"": 0.6698, ""branch"": 0.6219, ""fruit"": 0.6119}",True,False,"[""green needles"", ""small cones"", ""woody branch"", ""new growth"", ""cone buds"", ""blurred background""]","[""needle"", ""cone"", ""branch"", ""twig"", ""immature fruit"", ""fruit borne on plant""]",0.8333,0.8333,0.8333,0.7143
baskauf/10516,Tsuga canadensis,vanderbilt/6-117,cone / female - receptive,cone,"[""needle"", ""needle attachment"", ""cone"", ""twig""]","{""needle"": 0.9415, ""needle attachment"": 0.8929, ""cone"": 0.7729, ""twig"": 0.763}",True,False,"[""needle-like leaves"", ""new growth"", ""cone"", ""twig"", ""green shoots"", ""close-up""]","[""needle"", ""twig"", ""cone"", ""immature fruit""]",0.75,0.75,0.75,0.6
baskauf/10534,Cornus florida,ind-baskauf/10534,inflorescence / whole - unspecified,flower,"[""flower close-up"", ""flower"", ""inflorescence"", ""frontal flower view""]","{""flower close-up"": 0.9572, ""flower"": 0.9547, ""inflorescence"": 0.9324, ""frontal flower view"": 0.8537}",True,False,"[""white flowers"", ""yellow centers"", ""close-up view"", ""floral cluster"", ""spring bloom"", ""detailed petals""]","[""flower"", ""flower close-up"", ""inflorescence"", ""flower interior"", ""frontal flower view""]",1.0,0.8,0.8889,0.8
baskauf/10535,Cornus florida,ind-baskauf/10534,inflorescence / whole - unspecified,flower,"[""flower close-up"", ""flower"", ""twig""]","{""flower close-up"": 0.8227, ""flower"": 0.7911, ""twig"": 0.5782}",True,False,"[""white flowers"", ""flowering branch"", ""dense bloom"", ""spring blossoms"", ""small flowers"", ""branching pattern""]","[""branch"", ""flower"", ""inflorescence"", ""flower close-up"", ""lateral flower view""]",0.6667,0.4,0.5,0.3333
baskauf/10536,Tsuga canadensis,vanderbilt/6-117,cone / male,cone,"[""needle"", ""twig"", ""fruit"", ""cone"", ""immature fruit"", ""fruit borne on plant""]","{""needle"": 0.9102, ""twig"": 0.807, ""fruit"": 0.7433, ""cone"": 0.7425, ""immature fruit"": 0.7344, ""fruit borne on plant"": 0.7197}",True,False,"[""needle-like leaves"", ""immature cone"", ""green foliage"", ""close-up"", ""branchlet"", ""soft focus background""]","[""needle"", ""cone"", ""twig"", ""immature fruit"", ""fruit""]",0.8333,1.0,0.9091,0.8333
baskauf/10537,Sassafras albidum,ind-baskauf/10537,inflorescence / whole - male,flower,"[""flower"", ""flower close-up"", ""inflorescence"", ""lateral flower view"", ""stem""]","{""flower"": 0.9924, ""flower close-up"": 0.9827, ""inflorescence"": 0.9708, ""lateral flower view"": 0.8522, ""stem"": 0.6425}",True,True,"[""yellow buds"", ""green leaves"", ""close-up"", ""developing flowers"", ""stem"", ""floral cluster""]","[""bud"", ""leaf"", ""flower"", ""inflorescence"", ""stem"", ""flower close-up""]",0.8,0.6667,0.7273,0.5714
baskauf/10539,Sassafras albidum,ind-baskauf/10537,inflorescence / whole - male,flower,"[""flower"", ""inflorescence"", ""flower close-up"", ""bud"", ""twig""]","{""flower"": 0.9906, ""inflorescence"": 0.9788, ""flower close-up"": 0.9684, ""bud"": 0.9387, ""twig"": 0.6744}",True,True,"[""yellow flowers"", ""new leaves"", ""slender twigs"", ""early bloom"", ""close-up flowers"", ""blurred background""]","[""twig"", ""flower"", ""inflorescence"", ""flower close-up"", ""leaf""]",0.8,0.8,0.8,0.6667
baskauf/10550,Fagus grandifolia,ind-baskauf/10432,fruit / section or open,fruit,"[""fruit"", ""fruit close-up"", ""fruit borne on plant"", ""immature fruit"", ""twig""]","{""fruit"": 0.9766, ""fruit close-up"": 0.9482, ""fruit borne on plant"": 0.9247, ""immature fruit"": 0.7911, ""twig"": 0.757}",True,True,"[""brown fruit"", ""spiky exterior"", ""dormant branch"", ""close-up view"", ""winter condition"", ""textured surface""]","[""fruit"", ""fruit close-up"", ""twig"", ""winter habit"", ""immature fruit""]",0.8,0.8,0.8,0.6667
baskauf/10554,Ginkgo biloba,vanderbilt/12-126,cone / male,cone,"[""inflorescence"", ""flower"", ""branch"", ""bud"", ""twig"", ""leaf""]","{""inflorescence"": 0.9158, ""flower"": 0.861, ""branch"": 0.6551, ""bud"": 0.6321, ""twig"": 0.5348, ""leaf"": 0.5061}",False,False,"[""young shoot"", ""green leaves"", ""developing flowers"", ""textured stem"", ""close-up view"", ""vertical orientation""]","[""stem"", ""leaf"", ""flower"", ""inflorescence"", ""twig"", ""flower close-up""]",0.6667,0.6667,0.6667,0.5
baskauf/10556,Ginkgo biloba,vanderbilt/12-126,leaf / showing orientation on twig,needle,"[""stem"", ""immature fruit"", ""fruit borne on plant"", ""fruit""]","{""stem"": 0.856, ""immature fruit"": 0.8499, ""fruit borne on plant"": 0.73, ""fruit"": 0.7283}",False,False,"[""green stems"", ""developing buds"", ""close-up view"", ""leafy twig"", ""immature structures"", ""angled light""]","[""stem"", ""bud"", ""twig"", ""leaf"", ""immature fruit"", ""fruit borne on plant""]",0.75,0.5,0.6,0.4286
baskauf/10557,Ginkgo biloba,vanderbilt/12-126,twig / showing attachment of needles,twig,"[""bud"", ""branch"", ""bark"", ""twig""]","{""bud"": 0.7919, ""branch"": 0.7786, ""bark"": 0.7005, ""twig"": 0.6483}",True,False,"[""new leaves"", ""woody branch"", ""buds"", ""light green foliage"", ""close-up"", ""twig"", ""branching pattern""]","[""branch"", ""twig"", ""bud"", ""leaf"", ""leaf arrangement on twig""]",0.75,0.6,0.6667,0.5
baskauf/10564,Acer saccharum,vanderbilt/6-133,fruit / immature,fruit,"[""inflorescence"", ""flower"", ""twig"", ""bud"", ""flower close-up"", ""branch"", ""leaf arrangement on twig""]","{""inflorescence"": 0.9436, ""flower"": 0.9289, ""twig"": 0.8828, ""bud"": 0.8216, ""flower close-up"": 0.7641, ""branch"": 0.5831, ""leaf arrangement on twig"": 0.5684}",False,False,"[""new leaves"", ""emerging flowers"", ""slender stems"", ""dark twig"", ""spring buds"", ""hanging structures""]","[""twig"", ""bud"", ""leaf"", ""flower"", ""inflorescence"", ""stem""]",0.5714,0.6667,0.6154,0.4444
baskauf/10565,Acer saccharum,vanderbilt/6-133,fruit / immature,fruit,"[""immature fruit"", ""flower"", ""bud"", ""inflorescence"", ""twig"", ""fruit borne on plant"", ""stem""]","{""immature fruit"": 0.9189, ""flower"": 0.8129, ""bud"": 0.75, ""inflorescence"": 0.7445, ""twig"": 0.7061, ""fruit borne on plant"": 0.6369, ""stem"": 0.5679}",False,False,"[""pendulous structures"", ""immature winged fruit"", ""slender stems"", ""pale green color"", ""close-up view"", ""delicate structures""]","[""stem"", ""fruit"", ""immature fruit"", ""fruit close-up""]",0.2857,0.5,0.3636,0.2222
baskauf/10570,Acer saccharum,vanderbilt/6-133,fruit / immature,fruit,"[""bud"", ""twig"", ""inflorescence"", ""flower"", ""leaf arrangement on twig"", ""branch"", ""leaf"", ""stem""]","{""bud"": 0.935, ""twig"": 0.8875, ""inflorescence"": 0.8105, ""flower"": 0.7447, ""leaf arrangement on twig"": 0.7202, ""branch"": 0.5885, ""leaf"": 0.5859, ""stem"": 0.5576}",False,False,"[""new growth"", ""emerging leaves"", ""slender twig"", ""green buds"", ""close-up view"", ""blurred background""]","[""twig"", ""bud"", ""leaf"", ""leaf arrangement on twig"", ""winter twig""]",0.5,0.8,0.6154,0.4444
baskauf/10574,Nyssa sylvatica,vanderbilt/6-236,inflorescence / whole - unspecified,flower,"[""bud"", ""inflorescence"", ""flower"", ""flower close-up"", ""twig"", ""immature fruit"", ""stem""]","{""bud"": 0.9637, ""inflorescence"": 0.9287, ""flower"": 0.885, ""flower close-up"": 0.8613, ""twig"": 0.8464, ""immature fruit"": 0.8217, ""stem"": 0.5618}",True,False,"[""emerging buds"", ""new growth"", ""green shoots"", ""close-up"", ""spring buds"", ""fuzzy buds""]","[""bud"", ""twig"", ""inflorescence"", ""terminal bud""]",0.4286,0.75,0.5455,0.375
baskauf/10602,Fagus grandifolia,vanderbilt/12-187,fruit / immature,fruit,"[""leaf"", ""inflorescence"", ""immature fruit"", ""twig"", ""stem"", ""fruit"", ""fruit borne on plant""]","{""leaf"": 0.8821, ""inflorescence"": 0.8139, ""immature fruit"": 0.7686, ""twig"": 0.7457, ""stem"": 0.6351, ""fruit"": 0.6341, ""fruit borne on plant"": 0.5805}",True,False,"[""green leaves"", ""catkins"", ""developing fruit"", ""woody stem"", ""close-up view"", ""bright sunlight""]","[""leaf"", ""stem"", ""inflorescence"", ""fruit"", ""immature fruit"", ""flower close-up""]",0.7143,0.8333,0.7692,0.625
baskauf/10603,Cornus florida,vanderbilt/6-167,fruit / immature,fruit,"[""flower close-up"", ""flower"", ""inflorescence"", ""immature fruit"", ""fruit"", ""fruit borne on plant"", ""stem""]","{""flower close-up"": 0.9277, ""flower"": 0.9093, ""inflorescence"": 0.862, ""immature fruit"": 0.826, ""fruit"": 0.8163, ""fruit borne on plant"": 0.716, ""stem"": 0.6878}",True,False,"[""wilted petals"", ""green seed pod"", ""developing fruit"", ""close-up flower"", ""floral structure""]","[""flower"", ""fruit"", ""immature fruit"", ""flower close-up"", ""fruit borne on plant""]",0.7143,1.0,0.8333,0.7143
baskauf/10606,Acer saccharum,vanderbilt/6-133,fruit / as borne on the plant,fruit,"[""immature fruit"", ""fruit"", ""fruit borne on plant"", ""leaf"", ""inflorescence"", ""twig""]","{""immature fruit"": 0.9615, ""fruit"": 0.9157, ""fruit borne on plant"": 0.8928, ""leaf"": 0.7183, ""inflorescence"": 0.6856, ""twig"": 0.6174}",True,False,"[""green leaves"", ""winged fruit"", ""immature seed"", ""branch"", ""early spring"", ""new growth"", ""light green"", ""close-up""]","[""leaf"", ""fruit"", ""immature fruit"", ""branch"", ""fruit borne on plant"", ""flower"", ""inflorescence""]",0.8333,0.7143,0.7692,0.625
baskauf/10643,Prunus serotina,ind-baskauf/10643,whole tree (or vine) / view up trunk,whole plant,"[""whole plant"", ""view up trunk"", ""branch"", ""trunk"", ""leaf""]","{""whole plant"": 0.9903, ""view up trunk"": 0.9878, ""branch"": 0.9831, ""trunk"": 0.9138, ""leaf"": 0.8925}",True,True,"[""tree canopy"", ""branching pattern"", ""woody trunk"", ""green foliage"", ""upward view"", ""dense crown""]","[""whole plant"", ""trunk"", ""branch"", ""leaf"", ""view up trunk""]",1.0,1.0,1.0,1.0
baskauf/10651,Prunus serotina,ind-baskauf/10643,inflorescence / whole - unspecified,flower,"[""inflorescence"", ""flower"", ""flower close-up"", ""leaf"", ""stem""]","{""inflorescence"": 0.9881, ""flower"": 0.9845, ""flower close-up"": 0.9197, ""leaf"": 0.7192, ""stem"": 0.6831}",True,False,"[""small white flowers"", ""dense flower clusters"", ""green leaves"", ""woody stems"", ""branching pattern"", ""close-up view""]","[""flower"", ""inflorescence"", ""leaf"", ""stem"", ""branch"", ""flower close-up""]",1.0,0.8333,0.9091,0.8333
baskauf/10652,Prunus serotina,ind-baskauf/10643,inflorescence / frontal view of flower,flower,"[""flower"", ""flower close-up"", ""inflorescence""]","{""flower"": 0.9855, ""flower close-up"": 0.9804, ""inflorescence"": 0.9793}",True,True,"[""dense flower cluster"", ""small white flowers"", ""elongated inflorescence"", ""delicate stamens"", ""blurred background"", ""close-up view""]","[""flower"", ""inflorescence"", ""flower close-up""]",1.0,1.0,1.0,1.0
baskauf/10670,Tilia americana,vanderbilt/6-89,inflorescence / whole - unspecified,flower,"[""immature fruit"", ""flower"", ""inflorescence"", ""leaf"", ""fruit"", ""fruit borne on plant"", ""flower close-up""]","{""immature fruit"": 0.8564, ""flower"": 0.8189, ""inflorescence"": 0.8093, ""leaf"": 0.8051, ""fruit"": 0.7716, ""fruit borne on plant"": 0.6917, ""flower close-up"": 0.6674}",True,False,"[""new growth"", ""small flowers"", ""hanging cluster"", ""green leaves"", ""close-up view"", ""blurred background""]","[""leaf"", ""flower"", ""inflorescence"", ""flower close-up""]",0.5714,1.0,0.7273,0.5714
baskauf/10673,Juglans nigra,vanderbilt/6-85,inflorescence / whole - male,flower,"[""inflorescence"", ""immature fruit"", ""branch"", ""flower"", ""leaf"", ""twig"", ""fruit"", ""fruit borne on plant""]","{""inflorescence"": 0.9531, ""immature fruit"": 0.7862, ""branch"": 0.737, ""flower"": 0.714, ""leaf"": 0.7126, ""twig"": 0.6626, ""fruit"": 0.6325, ""fruit borne on plant"": 0.6119}",True,False,"[""pendulous clusters"", ""new leaves"", ""green catkins"", ""woody branch"", ""bright sunlight"", ""early spring"", ""developing buds"", ""close-up view""]","[""branch"", ""leaf"", ""inflorescence"", ""bud"", ""immature fruit"", ""fruit borne on plant""]",0.625,0.8333,0.7143,0.5556
baskauf/10674,Juglans nigra,vanderbilt/6-85,inflorescence / whole - unspecified,flower,"[""leaf"", ""branch"", ""leaf arrangement on twig"", ""inflorescence"", ""view up trunk"", ""twig""]","{""leaf"": 0.9549, ""branch"": 0.9421, ""leaf arrangement on twig"": 0.8581, ""inflorescence"": 0.7708, ""view up trunk"": 0.6773, ""twig"": 0.653}",False,False,"[""compound leaves"", ""green foliage"", ""developing fruit"", ""woody branch"", ""spring growth"", ""catkins""]","[""leaf"", ""branch"", ""fruit"", ""inflorescence"", ""immature fruit"", ""leaf arrangement on twig""]",0.6667,0.6667,0.6667,0.5
baskauf/10675,Aesculus hippocastanum,vanderbilt/6-87,inflorescence / whole - unspecified,flower,"[""inflorescence"", ""flower"", ""leaf"", ""branch"", ""whole plant"", ""flower close-up""]","{""inflorescence"": 0.9728, ""flower"": 0.9559, ""leaf"": 0.9092, ""branch"": 0.8616, ""whole plant"": 0.8481, ""flower close-up"": 0.6464}",True,False,"[""large leaves"", ""white flowers"", ""dense inflorescence"", ""blue sky backdrop"", ""branching pattern"", ""upward view""]","[""leaf"", ""flower"", ""inflorescence"", ""branch"", ""view up trunk""]",0.6667,0.8,0.7273,0.5714
baskauf/10676,Aesculus hippocastanum,vanderbilt/6-87,inflorescence / frontal view of flower,flower,"[""flower close-up"", ""flower"", ""inflorescence""]","{""flower close-up"": 0.9287, ""flower"": 0.918, ""inflorescence"": 0.871}",True,False,"[""white flowers"", ""hanging flower cluster"", ""green leaves"", ""slender stems"", ""detailed flower structure"", ""close-up view""]","[""flower"", ""inflorescence"", ""leaf"", ""stem"", ""flower close-up""]",1.0,0.6,0.75,0.6
baskauf/10677,Aesculus hippocastanum,vanderbilt/6-87,inflorescence / whole - unspecified,flower,"[""flower"", ""flower close-up"", ""inflorescence"", ""stem""]","{""flower"": 0.9647, ""flower close-up"": 0.961, ""inflorescence"": 0.9565, ""stem"": 0.5979}",True,True,"[""white flowers"", ""flower cluster"", ""slender stems"", ""delicate petals"", ""close-up view"", ""bright sunlight""]","[""flower"", ""inflorescence"", ""stem"", ""flower close-up"", ""frontal flower view""]",1.0,0.8,0.8889,0.8
baskauf/10683,Juglans nigra,vanderbilt/11-402,inflorescence / whole - male,flower,"[""stem"", ""leaf arrangement on twig"", ""immature fruit"", ""leaf"", ""bud"", ""twig""]","{""stem"": 0.8762, ""leaf arrangement on twig"": 0.862, ""immature fruit"": 0.8456, ""leaf"": 0.8404, ""bud"": 0.75, ""twig"": 0.582}",False,False,"[""hairy stems"", ""immature flower clusters"", ""green shoots"", ""close-up view"", ""fuzzy texture"", ""developing buds""]","[""stem"", ""twig"", ""flower"", ""inflorescence"", ""bud"", ""immature fruit""]",0.6667,0.6667,0.6667,0.5
baskauf/10685,Juglans nigra,vanderbilt/11-402,bark / of a large tree,bark,"[""trunk"", ""bark"", ""large-tree bark""]","{""trunk"": 0.993, ""bark"": 0.9929, ""large-tree bark"": 0.9836}",True,False,"[""rough bark"", ""tree trunk"", ""vertical texture"", ""close-up bark"", ""brown tones"", ""natural patterns""]","[""trunk"", ""bark"", ""large-tree bark""]",1.0,1.0,1.0,1.0
baskauf/10688,Juglans nigra,vanderbilt/11-402,inflorescence / whole - unspecified,flower,"[""leaf"", ""leaf arrangement on twig"", ""inflorescence"", ""immature fruit"", ""twig"", ""stem"", ""branch""]","{""leaf"": 0.9686, ""leaf arrangement on twig"": 0.855, ""inflorescence"": 0.8362, ""immature fruit"": 0.8124, ""twig"": 0.7023, ""stem"": 0.6704, ""branch"": 0.6448}",False,False,"[""green catkins"", ""compound leaves"", ""young shoots"", ""pendulous inflorescence"", ""light green foliage"", ""branching pattern""]","[""twig"", ""leaf"", ""inflorescence"", ""immature fruit"", ""fruit borne on plant""]",0.5714,0.8,0.6667,0.5
baskauf/10689,Aesculus glabra,vanderbilt/11-210,inflorescence / whole - unspecified,flower,"[""inflorescence"", ""flower"", ""leaf"", ""branch"", ""whole plant""]","{""inflorescence"": 0.9939, ""flower"": 0.9855, ""leaf"": 0.8784, ""branch"": 0.8679, ""whole plant"": 0.7313}",True,False,"[""green leaves"", ""flower clusters"", ""branching pattern"", ""sky background"", ""light green flowers"", ""woody branches""]","[""leaf"", ""flower"", ""inflorescence"", ""branch"", ""whole plant""]",1.0,1.0,1.0,1.0
baskauf/10690,Aesculus glabra,vanderbilt/11-210,inflorescence / whole - unspecified,flower,"[""inflorescence"", ""flower"", ""flower close-up"", ""stem"", ""leaf""]","{""inflorescence"": 0.9854, ""flower"": 0.9827, ""flower close-up"": 0.9758, ""stem"": 0.6635, ""leaf"": 0.6617}",True,False,"[""dense flower cluster"", ""yellow flowers"", ""small flowers"", ""twig with flowers"", ""close-up flowers"", ""blurred background""]","[""flower"", ""inflorescence"", ""twig"", ""flower close-up""]",0.6,0.75,0.6667,0.5
baskauf/10692,Aesculus glabra,vanderbilt/11-210,inflorescence / lateral view of flower,flower,"[""flower close-up"", ""flower"", ""inflorescence"", ""flower interior""]","{""flower close-up"": 0.9718, ""flower"": 0.9708, ""inflorescence"": 0.9574, ""flower interior"": 0.8788}",True,False,"[""yellow flowers"", ""flower cluster"", ""close-up view"", ""delicate petals"", ""orange stamens"", ""blurred background"", ""shallow depth of field"", ""early bloom""]","[""flower"", ""inflorescence"", ""flower close-up"", ""flower interior"", ""frontal flower view""]",1.0,0.8,0.8889,0.8
baskauf/10693,Aesculus glabra,vanderbilt/11-210,bark / of a large tree,bark,"[""bark"", ""trunk"", ""large-tree bark""]","{""bark"": 0.9932, ""trunk"": 0.9916, ""large-tree bark"": 0.989}",True,True,"[""tree trunk"", ""rough bark"", ""vertical texture"", ""close-up bark"", ""natural patterns"", ""gray tones""]","[""trunk"", ""bark"", ""large-tree bark""]",1.0,1.0,1.0,1.0
baskauf/10739,Cercis canadensis,ind-baskauf/10739,fruit / immature,fruit,"[""leaf"", ""fruit"", ""fruit borne on plant"", ""immature fruit""]","{""leaf"": 0.7654, ""fruit"": 0.7341, ""fruit borne on plant"": 0.713, ""immature fruit"": 0.6768}",True,False,"[""elongated fruit"", ""broad leaves"", ""hanging fruit"", ""woody stem"", ""close-up view"", ""green foliage""]","[""leaf"", ""stem"", ""fruit"", ""immature fruit"", ""fruit borne on plant"", ""fruit close-up""]",1.0,0.6667,0.8,0.6667
baskauf/10757,Fagus grandifolia,vanderbilt/12-187,leaf / showing orientation on twig,leaf,"[""leaf"", ""leaf arrangement on twig"", ""twig"", ""stem""]","{""leaf"": 0.9753, ""leaf arrangement on twig"": 0.8008, ""twig"": 0.7457, ""stem"": 0.7089}",True,True,"[""green leaves"", ""small branch"", ""catkins"", ""leaf veins"", ""bright sunlight"", ""close-up leaves""]","[""leaf"", ""branch"", ""twig"", ""inflorescence"", ""leaf upper surface""]",0.5,0.4,0.4444,0.2857
baskauf/10766,Cercis canadensis,ind-baskauf/10766,leaf / showing orientation on twig,leaf,"[""leaf"", ""leaf arrangement on twig"", ""leaf upper surface"", ""twig""]","{""leaf"": 0.9329, ""leaf arrangement on twig"": 0.8189, ""leaf upper surface"": 0.7484, ""twig"": 0.6169}",True,True,"[""heart-shaped leaves"", ""green foliage"", ""dense leaves"", ""leaf arrangement"", ""sunlit leaves"", ""branch with leaves""]","[""leaf"", ""leaf arrangement on twig"", ""stem"", ""twig""]",0.75,0.75,0.75,0.6
baskauf/10791,Juniperus virginiana,ind-baskauf/10791,cone / female - closed,cone,"[""needle"", ""twig"", ""fruit borne on plant""]","{""needle"": 0.9566, ""twig"": 0.837, ""fruit borne on plant"": 0.6583}",False,False,"[""scale-like foliage"", ""small round fruit"", ""dense branching"", ""green needles"", ""woody stem"", ""close-up view""]","[""needle"", ""fruit"", ""twig"", ""stem"", ""fruit borne on plant""]",1.0,0.6,0.75,0.6
baskauf/10793,Juniperus virginiana,ind-baskauf/10791,cone / female - closed,cone,"[""needle"", ""twig""]","{""needle"": 0.9286, ""twig"": 0.7651}",False,False,"[""scale-like leaves"", ""white berry-like fruit"", ""dense foliage"", ""close-up view"", ""green and white contrast"", ""small branch""]","[""needle"", ""fruit"", ""twig"", ""fruit borne on plant"", ""fruit close-up""]",1.0,0.4,0.5714,0.4
baskauf/10794,Juniperus virginiana,ind-baskauf/10791,cone / female - closed,cone,"[""needle"", ""whole plant"", ""branch"", ""twig""]","{""needle"": 0.8917, ""whole plant"": 0.8276, ""branch"": 0.801, ""twig"": 0.5104}",False,False,"[""dense foliage"", ""small white flowers"", ""scale-like leaves"", ""greenery"", ""branching pattern"", ""close-up foliage"", ""conifer-like appearance""]","[""branch"", ""leaf"", ""needle"", ""flower"", ""inflorescence""]",0.5,0.4,0.4444,0.2857
baskauf/10805,Tsuga canadensis,vanderbilt/6-117,cone / female - closed,cone,"[""needle"", ""needle attachment"", ""twig"", ""cone""]","{""needle"": 0.9733, ""needle attachment"": 0.8931, ""twig"": 0.8364, ""cone"": 0.8186}",True,False,"[""needle-like leaves"", ""small cone"", ""woody twig"", ""green foliage"", ""close-up view"", ""new growth""]","[""needle"", ""twig"", ""cone"", ""immature fruit"", ""needle attachment""]",1.0,0.8,0.8889,0.8
baskauf/10832,Toxicodendron radicans,ind-baskauf/10832,inflorescence / whole - unspecified,flower,"[""inflorescence"", ""flower"", ""flower close-up"", ""stem"", ""immature fruit"", ""leaf""]","{""inflorescence"": 0.9587, ""flower"": 0.928, ""flower close-up"": 0.8799, ""stem"": 0.8739, ""immature fruit"": 0.8046, ""leaf"": 0.6802}",True,False,"[""green inflorescence"", ""rough bark"", ""branching stem"", ""small green flowers"", ""close-up view"", ""textured background""]","[""bark"", ""branch"", ""stem"", ""inflorescence"", ""flower"", ""flower close-up""]",0.6667,0.6667,0.6667,0.5
baskauf/10833,Toxicodendron radicans,ind-baskauf/10832,whole tree (or vine) / general,whole plant,"[""leaf"", ""bark"", ""trunk"", ""leaf arrangement on twig"", ""branch"", ""stem""]","{""leaf"": 0.9523, ""bark"": 0.8088, ""trunk"": 0.7766, ""leaf arrangement on twig"": 0.7267, ""branch"": 0.6917, ""stem"": 0.5983}",False,False,"[""textured bark"", ""ascending vine"", ""broad leaves"", ""small flower clusters"", ""woody trunk"", ""green foliage""]","[""trunk"", ""bark"", ""stem"", ""leaf"", ""inflorescence"", ""fruit"", ""large-tree bark""]",0.6667,0.5714,0.6154,0.4444
baskauf/10834,Toxicodendron radicans,ind-baskauf/10832,bark / of a large tree,bark,"[""leaf"", ""bark"", ""trunk""]","{""leaf"": 0.9333, ""bark"": 0.8411, ""trunk"": 0.7873}",True,False,"[""climbing vine"", ""heart-shaped leaves"", ""woody stem"", ""textured bark"", ""green foliage"", ""immature fruit clusters""]","[""stem"", ""leaf"", ""bark"", ""fruit"", ""immature fruit"", ""twig"", ""whole plant""]",0.6667,0.2857,0.4,0.25
baskauf/10856,Cornus florida,ind-baskauf/10856,bark / of a large tree,bark,"[""bark"", ""trunk"", ""large-tree bark""]","{""bark"": 0.9878, ""trunk"": 0.9781, ""large-tree bark"": 0.9768}",True,True,"[""rough bark"", ""tree trunk"", ""textured surface"", ""close-up bark"", ""vertical view"", ""grayish brown""]","[""trunk"", ""bark"", ""large-tree bark""]",1.0,1.0,1.0,1.0
baskauf/10858,Quercus palustris,vanderbilt/7-163,bark / of a large tree,bark,"[""trunk"", ""large-tree bark"", ""bark""]","{""trunk"": 0.993, ""large-tree bark"": 0.9922, ""bark"": 0.9912}",True,False,"[""tree trunk"", ""rough bark"", ""vertical texture"", ""daylight"", ""outdoor scene"", ""close-up bark""]","[""trunk"", ""bark"", ""large-tree bark""]",1.0,1.0,1.0,1.0
baskauf/10861,Acer saccharum,ind-baskauf/10861,bark / of a large tree,bark,"[""bark"", ""trunk"", ""large-tree bark""]","{""bark"": 0.9947, ""trunk"": 0.9894, ""large-tree bark"": 0.9822}",True,True,"[""tree trunk"", ""ridged bark"", ""vertical texture"", ""close-up bark"", ""natural patterns"", ""wood grain""]","[""trunk"", ""bark"", ""large-tree bark""]",1.0,1.0,1.0,1.0
baskauf/10890,Sassafras albidum,ind-baskauf/10890,leaf / showing orientation on twig,leaf,"[""leaf"", ""leaf upper surface"", ""leaf arrangement on twig"", ""stem""]","{""leaf"": 0.9839, ""leaf upper surface"": 0.8347, ""leaf arrangement on twig"": 0.8063, ""stem"": 0.5895}",True,True,"[""bright green leaves"", ""large leaves"", ""leaf veins"", ""leaf underside"", ""twig"", ""leaf arrangement""]","[""leaf"", ""twig"", ""leaf arrangement on twig"", ""leaf upper surface""]",0.75,0.75,0.75,0.6
baskauf/10892,Toxicodendron radicans,ind-baskauf/10892,whole tree (or vine) / general,whole plant,"[""leaf"", ""stem"", ""leaf arrangement on twig"", ""leaf upper surface""]","{""leaf"": 0.9783, ""stem"": 0.8137, ""leaf arrangement on twig"": 0.7927, ""leaf upper surface"": 0.7534}",False,False,"[""green leaves"", ""leaf arrangement"", ""low growing"", ""three leaflets"", ""woody stems"", ""forest floor""]","[""leaf"", ""stem"", ""leaf arrangement on twig""]",0.75,1.0,0.8571,0.75
baskauf/10893,Toxicodendron radicans,ind-baskauf/10893,whole tree (or vine) / general,whole plant,"[""leaf"", ""leaf arrangement on twig"", ""stem"", ""bark""]","{""leaf"": 0.9472, ""leaf arrangement on twig"": 0.8514, ""stem"": 0.8005, ""bark"": 0.6472}",False,False,"[""tree trunk"", ""climbing vine"", ""compound leaves"", ""green foliage"", ""textured bark"", ""lichen on bark""]","[""trunk"", ""bark"", ""leaf"", ""stem"", ""leaf arrangement on twig""]",1.0,0.8,0.8889,0.8
baskauf/10897,Acer negundo,ind-baskauf/10897,whole tree (or vine) / general,whole plant,"[""leaf"", ""leaf arrangement on twig"", ""stem""]","{""leaf"": 0.9764, ""leaf arrangement on twig"": 0.9379, ""stem"": 0.9342}",False,False,"[""green leaves"", ""compound leaves"", ""slender stems"", ""new growth"", ""leaf arrangement"", ""bright light"", ""soft focus background"", ""vertical composition""]","[""leaf"", ""stem"", ""leaf arrangement on twig""]",1.0,1.0,1.0,1.0
baskauf/10904,Ailanthus altissima,ind-baskauf/10904,whole tree (or vine) / general,whole plant,"[""leaf"", ""leaf arrangement on twig"", ""stem"", ""branch"", ""twig""]","{""leaf"": 0.9834, ""leaf arrangement on twig"": 0.9607, ""stem"": 0.817, ""branch"": 0.6734, ""twig"": 0.64}",False,False,"[""red new growth"", ""compound leaves"", ""green foliage"", ""herbaceous stem"", ""multiple stems"", ""outdoor scene"", ""vertical composition"", ""bright sunlight"", ""natural habitat"", ""emerging leaves"", ""young plant"", ""leaf arrangement""]","[""stem"", ""leaf"", ""leaf arrangement on twig""]",0.6,1.0,0.75,0.6
baskauf/10934,Rhus glabra,ind-baskauf/10414,twig / orientation of petioles,twig,"[""leaf arrangement on twig"", ""stem"", ""leaf"", ""twig""]","{""leaf arrangement on twig"": 0.932, ""stem"": 0.9317, ""leaf"": 0.9312, ""twig"": 0.599}",True,False,"[""green leaves"", ""red stem"", ""angled stem"", ""leaf veins"", ""close-up view"", ""bright light"", ""shallow depth of field"", ""angled branch""]","[""leaf"", ""stem"", ""twig"", ""leaf arrangement on twig"", ""petiole arrangement""]",1.0,0.8,0.8889,0.8
baskauf/10935,Rhus glabra,ind-baskauf/10414,leaf / whole upper surface,leaf,"[""leaf"", ""leaf arrangement on twig"", ""stem"", ""twig""]","{""leaf"": 0.9845, ""leaf arrangement on twig"": 0.9806, ""stem"": 0.6566, ""twig"": 0.5382}",True,True,"[""compound leaves"", ""green foliage"", ""red stem"", ""leaf arrangement"", ""pinnately compound"", ""close-up leaves""]","[""leaf"", ""stem"", ""leaf arrangement on twig""]",0.75,1.0,0.8571,0.75
baskauf/10936,Rhus glabra,ind-baskauf/10414,leaf / showing orientation on twig,leaf,"[""leaf"", ""leaf arrangement on twig"", ""stem"", ""twig"", ""fruit borne on plant""]","{""leaf"": 0.9695, ""leaf arrangement on twig"": 0.9242, ""stem"": 0.9194, ""twig"": 0.7208, ""fruit borne on plant"": 0.6022}",True,True,"[""compound leaves"", ""reddish stems"", ""small dark fruit"", ""new growth"", ""branching pattern"", ""bright green foliage""]","[""stem"", ""leaf"", ""fruit"", ""twig"", ""branch"", ""immature fruit"", ""leaf arrangement on twig""]",0.8,0.5714,0.6667,0.5
baskauf/10937,Rhus glabra,ind-baskauf/10414,twig / winter overall,twig,"[""leaf scar"", ""winter twig"", ""bud"", ""twig""]","{""leaf scar"": 0.8889, ""winter twig"": 0.8873, ""bud"": 0.7622, ""twig"": 0.6785}",True,False,"[""cross-section"", ""twig interior"", ""woody stem"", ""exposed pith"", ""plant anatomy""]","[""twig"", ""stem"", ""leaf scar""]",0.5,0.6667,0.5714,0.4
baskauf/10938,Rhus copallinum,ind-baskauf/10938,leaf / showing orientation on twig,leaf,"[""leaf"", ""leaf arrangement on twig"", ""stem"", ""twig"", ""branch""]","{""leaf"": 0.9866, ""leaf arrangement on twig"": 0.9689, ""stem"": 0.9263, ""twig"": 0.6451, ""branch"": 0.5941}",True,True,"[""green leaves"", ""young stems"", ""bud"", ""leaf arrangement"", ""soft focus background"", ""vertical stems"", ""bright green"", ""close-up leaves""]","[""stem"", ""leaf"", ""bud"", ""leaf arrangement on twig""]",0.6,0.75,0.6667,0.5
baskauf/10939,Rhus copallinum,ind-baskauf/10938,leaf / whole upper surface,leaf,"[""leaf"", ""leaf arrangement on twig"", ""stem""]","{""leaf"": 0.976, ""leaf arrangement on twig"": 0.9717, ""stem"": 0.7765}",True,True,"[""compound leaves"", ""green foliage"", ""leaf arrangement"", ""branching pattern"", ""leaf veins"", ""bright sunlight"", ""close-up leaves"", ""leafy twig""]","[""leaf"", ""twig"", ""leaf arrangement on twig"", ""stem""]",1.0,0.75,0.8571,0.75
baskauf/10941,Rhus glabra,ind-baskauf/10414,twig / close-up winter leaf scar/bud,twig,"[""medium-tree or large-branch bark"", ""bark"", ""bud"", ""twig""]","{""medium-tree or large-branch bark"": 0.9083, ""bark"": 0.8527, ""bud"": 0.8252, ""twig"": 0.6649}",True,False,"[""woody stem"", ""close-up"", ""bud"", ""lenticels"", ""gray bark""]","[""stem"", ""twig"", ""bud"", ""bark"", ""small-tree or branch bark""]",0.75,0.6,0.6667,0.5
baskauf/10942,Rhus copallinum,ind-baskauf/10938,twig / winter overall,twig,"[""bud"", ""twig"", ""bark"", ""branch""]","{""bud"": 0.7794, ""twig"": 0.7466, ""bark"": 0.746, ""branch"": 0.5504}",True,False,"[""woody twig"", ""bud scales"", ""close-up"", ""brown twig"", ""textured bark"", ""dormant branch""]","[""twig"", ""bud"", ""bark"", ""winter twig"", ""leaf scar""]",0.75,0.6,0.6667,0.5
baskauf/10966,Magnolia acuminata,vanderbilt/12-206,fruit / as borne on the plant,fruit,"[""leaf"", ""leaf arrangement on twig"", ""twig"", ""bud"", ""leaf upper surface"", ""stem""]","{""leaf"": 0.9678, ""leaf arrangement on twig"": 0.8136, ""twig"": 0.7178, ""bud"": 0.7067, ""leaf upper surface"": 0.6566, ""stem"": 0.5349}",False,False,"[""green leaves"", ""developing bud"", ""woody stem"", ""close-up view"", ""bright sunlight"", ""leaf veins""]","[""leaf"", ""stem"", ""bud"", ""leaf arrangement on twig""]",0.6667,1.0,0.8,0.6667
baskauf/10972,Magnolia acuminata,vanderbilt/12-206,fruit / immature,fruit,"[""fruit close-up"", ""bud"", ""immature fruit"", ""fruit"", ""stem"", ""fruit borne on plant"", ""twig""]","{""fruit close-up"": 0.9051, ""bud"": 0.902, ""immature fruit"": 0.893, ""fruit"": 0.8209, ""stem"": 0.8174, ""fruit borne on plant"": 0.7843, ""twig"": 0.6752}",True,False,"[""green fruit"", ""close-up"", ""developing fruit"", ""stem"", ""textured surface"", ""blurred background""]","[""fruit"", ""stem"", ""immature fruit"", ""fruit close-up""]",0.5714,1.0,0.7273,0.5714
baskauf/10975,Magnolia acuminata,vanderbilt/12-206,leaf / whole upper surface,leaf,"[""leaf"", ""leaf upper surface"", ""leaf margin""]","{""leaf"": 0.9628, ""leaf upper surface"": 0.9482, ""leaf margin"": 0.6991}",True,True,"[""large green leaf"", ""prominent veins"", ""leaf underside"", ""close-up leaf"", ""blurred background"", ""natural light""]","[""leaf"", ""leaf upper surface"", ""leaf margin"", ""twig"", ""leaf arrangement on twig""]",1.0,0.6,0.75,0.6
baskauf/10977,Magnolia acuminata,vanderbilt/12-206,bark / of a large tree,bark,"[""bark"", ""large-tree bark"", ""trunk""]","{""bark"": 0.9948, ""large-tree bark"": 0.9931, ""trunk"": 0.9891}",True,True,"[""tree trunk"", ""rough bark"", ""vertical ridges"", ""close-up texture"", ""natural patterns"", ""grayish-brown""]","[""trunk"", ""bark"", ""large-tree bark""]",1.0,1.0,1.0,1.0
baskauf/10978,Ailanthus altissima,vanderbilt/12-230,whole tree (or vine) / general,whole plant,"[""whole plant"", ""branch"", ""leaf"", ""view up trunk"", ""trunk""]","{""whole plant"": 0.9943, ""branch"": 0.9795, ""leaf"": 0.9672, ""view up trunk"": 0.9607, ""trunk"": 0.8072}",True,True,"[""dense canopy"", ""green foliage"", ""branching pattern"", ""upward view"", ""tree crown"", ""leafy branches""]","[""whole plant"", ""branch"", ""leaf"", ""view up trunk""]",0.8,1.0,0.8889,0.8
baskauf/10980,Ailanthus altissima,vanderbilt/12-230,leaf / showing orientation on twig,leaf,"[""leaf"", ""leaf arrangement on twig"", ""branch"", ""whole plant"", ""inflorescence""]","{""leaf"": 0.9952, ""leaf arrangement on twig"": 0.9039, ""branch"": 0.8905, ""whole plant"": 0.7837, ""inflorescence"": 0.7107}",True,True,"[""bright green leaves"", ""compound leaves"", ""branching pattern"", ""sky background"", ""upward view"", ""dense foliage""]","[""leaf"", ""branch"", ""leaf arrangement on twig"", ""view up trunk""]",0.6,0.75,0.6667,0.5
baskauf/10981,Nyssa sylvatica,vanderbilt/12-188,inflorescence / whole - male,flower,"[""inflorescence"", ""flower"", ""leaf"", ""flower close-up"", ""immature fruit"", ""stem""]","{""inflorescence"": 0.966, ""flower"": 0.9499, ""leaf"": 0.9429, ""flower close-up"": 0.7382, ""immature fruit"": 0.6947, ""stem"": 0.682}",True,False,"[""green leaves"", ""small flowers"", ""developing fruit"", ""woody stem"", ""bright light"", ""close-up view""]","[""leaf"", ""flower"", ""inflorescence"", ""stem"", ""fruit"", ""immature fruit"", ""flower close-up""]",1.0,0.8571,0.9231,0.8571
baskauf/10987,Nyssa sylvatica,vanderbilt/12-188,bark / of a medium tree or large branch,bark,"[""bark"", ""large-tree bark"", ""trunk""]","{""bark"": 0.9925, ""large-tree bark"": 0.9913, ""trunk"": 0.9875}",True,True,"[""tree trunk"", ""rough bark"", ""vertical ridges"", ""close-up bark"", ""natural texture"", ""daylight""]","[""trunk"", ""bark"", ""large-tree bark""]",1.0,1.0,1.0,1.0
baskauf/10988,Nyssa sylvatica,vanderbilt/12-188,inflorescence / whole - male,flower,"[""flower close-up"", ""flower"", ""inflorescence"", ""leaf"", ""stem""]","{""flower close-up"": 0.982, ""flower"": 0.9798, ""inflorescence"": 0.9768, ""leaf"": 0.7537, ""stem"": 0.649}",True,False,"[""small green leaves"", ""flower cluster"", ""tiny white flowers"", ""blurred background"", ""close-up view"", ""green stems""]","[""leaf"", ""flower"", ""inflorescence"", ""flower close-up""]",0.8,1.0,0.8889,0.8
baskauf/10991,Ulmus rubra,ind-baskauf/10991,whole tree (or vine) / general,whole plant,"[""whole plant"", ""branch"", ""view up trunk"", ""leaf""]","{""whole plant"": 0.9876, ""branch"": 0.9727, ""view up trunk"": 0.9131, ""leaf"": 0.8891}",True,True,"[""dense foliage"", ""tree crown"", ""green leaves"", ""branching pattern"", ""sky visible through leaves"", ""upward view""]","[""whole plant"", ""branch"", ""leaf"", ""view up trunk""]",1.0,1.0,1.0,1.0
baskauf/10992,Quercus alba,ind-baskauf/10992,whole tree (or vine) / general,whole plant,"[""whole plant"", ""leaf"", ""branch"", ""view up trunk"", ""trunk""]","{""whole plant"": 0.9912, ""leaf"": 0.9521, ""branch"": 0.9233, ""view up trunk"": 0.9097, ""trunk"": 0.8664}",True,True,"[""full tree"", ""green canopy"", ""dense foliage"", ""upward view"", ""tree crown"", ""summer leaves""]","[""whole plant"", ""trunk"", ""branch"", ""leaf"", ""view up trunk""]",1.0,1.0,1.0,1.0
baskauf/10993,Quercus alba,ind-baskauf/10993,leaf / showing orientation on twig,leaf,"[""leaf"", ""leaf arrangement on twig"", ""twig"", ""branch""]","{""leaf"": 0.9773, ""leaf arrangement on twig"": 0.8516, ""twig"": 0.6029, ""branch"": 0.515}",True,True,"[""lobed green leaves"", ""branching twigs"", ""leaf arrangement"", ""bright sunlight"", ""close-up leaves""]","[""leaf"", ""twig"", ""leaf arrangement on twig"", ""leaf upper surface""]",0.75,0.75,0.75,0.6
baskauf/10997,Ailanthus altissima,ind-baskauf/10997,whole tree (or vine) / general,whole plant,"[""whole plant"", ""branch"", ""leaf""]","{""whole plant"": 0.9713, ""branch"": 0.9041, ""leaf"": 0.868}",True,True,"[""multiple trunks"", ""dense foliage"", ""green leaves"", ""branching pattern"", ""upward view"", ""tree canopy""]","[""whole plant"", ""trunk"", ""branch"", ""leaf"", ""view up trunk""]",1.0,0.6,0.75,0.6
baskauf/10998,Ailanthus altissima,ind-baskauf/10997,whole tree (or vine) / general,whole plant,"[""leaf"", ""whole plant"", ""branch""]","{""leaf"": 0.9722, ""whole plant"": 0.9553, ""branch"": 0.8775}",True,False,"[""compound leaves"", ""dense foliage"", ""green leaves"", ""woody stems"", ""roadside vegetation"", ""bright sunlight""]","[""leaf"", ""stem"", ""twig"", ""leaf arrangement on twig"", ""whole plant""]",0.6667,0.4,0.5,0.3333
baskauf/10999,Ailanthus altissima,ind-baskauf/10997,inflorescence / whole - unspecified,flower,"[""leaf"", ""inflorescence"", ""flower"", ""branch"", ""fruit"", ""stem""]","{""leaf"": 0.9835, ""inflorescence"": 0.9551, ""flower"": 0.7639, ""branch"": 0.7072, ""fruit"": 0.5826, ""stem"": 0.5334}",True,False,"[""compound leaves"", ""dense foliage"", ""white flower clusters"", ""green leaves"", ""branching pattern"", ""sunny day""]","[""leaf"", ""branch"", ""inflorescence"", ""flower"", ""leaf arrangement on twig""]",0.6667,0.8,0.7273,0.5714
baskauf/11019,Lindera benzoin,ind-baskauf/11019,leaf / showing orientation on twig,leaf,"[""leaf"", ""leaf upper surface"", ""leaf arrangement on twig"", ""leaf margin"", ""stem""]","{""leaf"": 0.9891, ""leaf upper surface"": 0.936, ""leaf arrangement on twig"": 0.8927, ""leaf margin"": 0.7828, ""stem"": 0.6095}",True,True,"[""compound leaves"", ""green foliage"", ""leaf veins"", ""slender stem"", ""bright light"", ""close-up view""]","[""leaf"", ""stem"", ""leaf arrangement on twig"", ""leaf upper surface""]",0.8,1.0,0.8889,0.8
baskauf/11030,Carpinus caroliniana,ind-baskauf/11030,leaf / showing orientation on twig,leaf,"[""leaf"", ""leaf arrangement on twig"", ""leaf upper surface"", ""twig""]","{""leaf"": 0.9837, ""leaf arrangement on twig"": 0.9519, ""leaf upper surface"": 0.8386, ""twig"": 0.7422}",True,True,"[""green leaves"", ""woody twig"", ""leaf arrangement"", ""leaf upper surface"", ""sunlit leaves"", ""branching pattern""]","[""leaf"", ""twig"", ""stem"", ""leaf arrangement on twig"", ""leaf upper surface""]",1.0,0.8,0.8889,0.8
baskauf/11037,Ulmus rubra,ind-baskauf/11037,leaf / showing orientation on twig,leaf,"[""leaf"", ""leaf arrangement on twig"", ""leaf upper surface"", ""stem"", ""leaf margin""]","{""leaf"": 0.9761, ""leaf arrangement on twig"": 0.9498, ""leaf upper surface"": 0.8376, ""stem"": 0.8118, ""leaf margin"": 0.7496}",True,True,"[""green leaves"", ""compound leaf"", ""leaf arrangement"", ""branching twig"", ""sunlit leaves"", ""serrated leaf margin""]","[""leaf"", ""twig"", ""leaf arrangement on twig"", ""leaf margin""]",0.6,0.75,0.6667,0.5
baskauf/11038,Ulmus rubra,ind-baskauf/11037,leaf / whole upper surface,leaf,"[""leaf"", ""leaf arrangement on twig"", ""leaf upper surface"", ""leaf margin"", ""stem""]","{""leaf"": 0.9662, ""leaf arrangement on twig"": 0.906, ""leaf upper surface"": 0.9034, ""leaf margin"": 0.8545, ""stem"": 0.7227}",True,True,"[""green leaves"", ""leaf veins"", ""leaf margin"", ""immature bud"", ""leaf attachment"", ""close-up view""]","[""leaf"", ""leaf upper surface"", ""leaf margin"", ""bud"", ""immature fruit"", ""twig"", ""petiole arrangement""]",0.6,0.4286,0.5,0.3333
baskauf/11053,Populus deltoides,ind-baskauf/11053,fruit / section or open,fruit,"[""fruit"", ""immature fruit"", ""fruit borne on plant"", ""fruit close-up"", ""stem""]","{""fruit"": 0.9368, ""immature fruit"": 0.9276, ""fruit borne on plant"": 0.8794, ""fruit close-up"": 0.8101, ""stem"": 0.7777}",True,True,"[""green seed pods"", ""fluffy seed dispersal"", ""hanging fruit"", ""smooth stem"", ""bright sky background""]","[""stem"", ""fruit"", ""immature fruit"", ""fruit borne on plant""]",0.8,1.0,0.8889,0.8
baskauf/11054,Populus deltoides,ind-baskauf/11053,fruit / as borne on the plant,fruit,"[""leaf"", ""inflorescence"", ""branch"", ""immature fruit"", ""fruit borne on plant""]","{""leaf"": 0.9139, ""inflorescence"": 0.8607, ""branch"": 0.8199, ""immature fruit"": 0.7391, ""fruit borne on plant"": 0.5867}",False,False,"[""broad leaves"", ""hanging seed clusters"", ""woody branches"", ""sky background"", ""seed dispersal"", ""green foliage""]","[""leaf"", ""branch"", ""seed"", ""fruit"", ""inflorescence"", ""whole plant""]",0.6,0.5,0.5455,0.375
baskauf/11064,Populus deltoides,ind-baskauf/11064,fruit / as borne on the plant,fruit,"[""inflorescence"", ""immature fruit"", ""fruit"", ""leaf"", ""fruit borne on plant"", ""branch""]","{""inflorescence"": 0.8924, ""immature fruit"": 0.8659, ""fruit"": 0.8505, ""leaf"": 0.8435, ""fruit borne on plant"": 0.8093, ""branch"": 0.7928}",True,False,"[""green leaves"", ""hanging catkins"", ""bright sky"", ""leaf veins"", ""branching structure"", ""light and shadow""]","[""leaf"", ""branch"", ""inflorescence"", ""fruit"", ""immature fruit""]",0.8333,1.0,0.9091,0.8333
baskauf/11066,Populus deltoides,ind-baskauf/11064,bark / of a large tree,bark,"[""bark"", ""trunk"", ""large-tree bark"", ""branch"", ""view up trunk"", ""whole plant"", ""leaf""]","{""bark"": 0.9897, ""trunk"": 0.9862, ""large-tree bark"": 0.9433, ""branch"": 0.9432, ""view up trunk"": 0.9363, ""whole plant"": 0.8734, ""leaf"": 0.5604}",True,True,"[""tree trunk"", ""branching pattern"", ""rough bark"", ""sky background"", ""green foliage"", ""upward view""]","[""whole plant"", ""trunk"", ""branch"", ""bark"", ""leaf"", ""view up trunk"", ""large-tree bark""]",1.0,1.0,1.0,1.0
baskauf/11070,Populus deltoides,ind-baskauf/11064,leaf / whole upper surface,leaf,"[""leaf"", ""leaf upper surface"", ""leaf margin"", ""petiole arrangement"", ""leaf arrangement on twig""]","{""leaf"": 0.9844, ""leaf upper surface"": 0.9507, ""leaf margin"": 0.9035, ""petiole arrangement"": 0.8345, ""leaf arrangement on twig"": 0.7152}",True,True,"[""bright green leaves"", ""heart-shaped leaves"", ""leaf veins"", ""young twigs"", ""close-up leaf"", ""leaf arrangement""]","[""leaf"", ""twig"", ""leaf upper surface"", ""leaf arrangement on twig""]",0.6,0.75,0.6667,0.5
baskauf/11078,Salix nigra,ind-baskauf/11078,inflorescence / whole - unspecified,flower,"[""stem"", ""immature fruit"", ""bud"", ""inflorescence"", ""twig"", ""leaf"", ""leaf arrangement on twig"", ""fruit"", ""fruit borne on plant""]","{""stem"": 0.9105, ""immature fruit"": 0.8528, ""bud"": 0.7389, ""inflorescence"": 0.7328, ""twig"": 0.7058, ""leaf"": 0.7013, ""leaf arrangement on twig"": 0.6776, ""fruit"": 0.6646, ""fruit borne on plant"": 0.5722}",False,False,"[""green leaves"", ""woody stem"", ""developing flower cluster"", ""close-up view"", ""branching pattern"", ""textured stem""]","[""stem"", ""leaf"", ""inflorescence"", ""flower"", ""twig"", ""fruit"", ""immature fruit""]",0.6667,0.8571,0.75,0.6
baskauf/11086,Lindera benzoin,ind-baskauf/11086,whole tree (or vine) / general,whole plant,"[""leaf"", ""stem"", ""leaf arrangement on twig"", ""whole plant"", ""branch"", ""twig""]","{""leaf"": 0.9796, ""stem"": 0.9215, ""leaf arrangement on twig"": 0.8756, ""whole plant"": 0.8291, ""branch"": 0.6899, ""twig"": 0.6863}",True,False,"[""green leaves"", ""woody stems"", ""branching pattern"", ""dense foliage"", ""vertical orientation"", ""natural light""]","[""stem"", ""branch"", ""leaf"", ""leaf arrangement on twig""]",0.6667,1.0,0.8,0.6667
baskauf/11091,Pinus strobus,ind-baskauf/10225,cone / male,cone,"[""inflorescence"", ""needle"", ""fruit borne on plant"", ""fruit"", ""immature fruit"", ""fruit close-up"", ""twig"", ""stem""]","{""inflorescence"": 0.91, ""needle"": 0.8835, ""fruit borne on plant"": 0.8596, ""fruit"": 0.8104, ""immature fruit"": 0.7873, ""fruit close-up"": 0.7564, ""twig"": 0.594, ""stem"": 0.5436}",False,False,"[""needle leaves"", ""immature cones"", ""orange cones"", ""green needles"", ""cone cluster"", ""close-up cones""]","[""needle"", ""cone"", ""immature fruit"", ""fruit borne on plant"", ""flower"", ""inflorescence"", ""fruit close-up""]",0.625,0.7143,0.6667,0.5
baskauf/11093,Pinus strobus,ind-baskauf/10225,leaf / entire needle,needle,"[""needle"", ""needle attachment"", ""twig"", ""leaf arrangement on twig""]","{""needle"": 0.9917, ""needle attachment"": 0.9851, ""twig"": 0.7357, ""leaf arrangement on twig"": 0.6935}",True,True,"[""needle-like leaves"", ""green needles"", ""close-up needles"", ""branch detail"", ""conifer foliage"", ""sharp needles""]","[""needle"", ""twig"", ""leaf arrangement on twig"", ""needle attachment""]",1.0,1.0,1.0,1.0
baskauf/11094,Pinus strobus,ind-baskauf/10225,bark / of a medium tree or large branch,bark,"[""bark"", ""trunk"", ""large-tree bark"", ""branch""]","{""bark"": 0.9885, ""trunk"": 0.9755, ""large-tree bark"": 0.9621, ""branch"": 0.6228}",True,True,"[""tree trunk"", ""mottled bark"", ""lichen covered"", ""vertical view"", ""close-up bark"", ""natural patterns""]","[""trunk"", ""bark"", ""large-tree bark""]",0.75,1.0,0.8571,0.75
baskauf/11100,Juniperus virginiana,ind-baskauf/11100,bark / of a large tree,bark,"[""bark"", ""trunk"", ""large-tree bark""]","{""bark"": 0.9734, ""trunk"": 0.9623, ""large-tree bark"": 0.9611}",True,True,"[""textured bark"", ""vertical ridges"", ""grayish bark"", ""tree trunk"", ""close-up bark"", ""woody texture""]","[""trunk"", ""bark"", ""large-tree bark""]",1.0,1.0,1.0,1.0
baskauf/11102,Ailanthus altissima,ind-baskauf/10997,inflorescence / whole - unspecified,flower,"[""inflorescence"", ""flower"", ""leaf"", ""stem"", ""fruit""]","{""inflorescence"": 0.9805, ""flower"": 0.9252, ""leaf"": 0.8926, ""stem"": 0.7728, ""fruit"": 0.6088}",True,False,"[""green compound leaves"", ""dense flower clusters"", ""elongated inflorescences"", ""bright light"", ""dark background"", ""vertical composition""]","[""leaf"", ""inflorescence"", ""flower"", ""fruit"", ""twig"", ""stem"", ""leaf arrangement on twig""]",1.0,0.7143,0.8333,0.7143
baskauf/11105,Ailanthus altissima,ind-baskauf/10997,inflorescence / frontal view of flower,flower,"[""flower"", ""inflorescence"", ""flower close-up"", ""immature fruit"", ""fruit"", ""stem""]","{""flower"": 0.9931, ""inflorescence"": 0.9924, ""flower close-up"": 0.9892, ""immature fruit"": 0.7222, ""fruit"": 0.636, ""stem"": 0.6048}",True,True,"[""green flower cluster"", ""developing fruit"", ""small flower parts"", ""close-up view"", ""dense inflorescence"", ""light green color""]","[""flower"", ""inflorescence"", ""flower close-up"", ""fruit"", ""immature fruit""]",0.8333,1.0,0.9091,0.8333
baskauf/11106,Ailanthus altissima,ind-baskauf/10997,whole tree (or vine) / general,whole plant,"[""leaf"", ""inflorescence"", ""branch"", ""leaf arrangement on twig"", ""stem""]","{""leaf"": 0.9867, ""inflorescence"": 0.8895, ""branch"": 0.7111, ""leaf arrangement on twig"": 0.6653, ""stem"": 0.5334}",False,False,"[""compound leaves"", ""green foliage"", ""flowering top"", ""woody stem"", ""bright sunlight"", ""dense canopy""]","[""stem"", ""leaf"", ""inflorescence"", ""flower"", ""whole plant""]",0.6,0.6,0.6,0.4286
baskauf/11107,Ailanthus altissima,ind-baskauf/10997,leaf / whole upper surface,leaf,"[""leaf"", ""leaf arrangement on twig"", ""leaf upper surface"", ""stem""]","{""leaf"": 0.9912, ""leaf arrangement on twig"": 0.9698, ""leaf upper surface"": 0.7726, ""stem"": 0.7}",True,True,"[""compound leaf"", ""green foliage"", ""leaf arrangement"", ""elongated leaves"", ""woody stem"", ""sunlit leaves""]","[""leaf"", ""stem"", ""leaf arrangement on twig""]",0.75,1.0,0.8571,0.75
baskauf/11109,Ailanthus altissima,ind-baskauf/10997,bark / of a medium tree or large branch,bark,"[""bark"", ""large-tree bark"", ""trunk""]","{""bark"": 0.9925, ""large-tree bark"": 0.9809, ""trunk"": 0.9786}",True,True,"[""tree bark"", ""vertical ridges"", ""grayish texture"", ""close-up bark"", ""detailed bark pattern"", ""natural texture""]","[""trunk"", ""bark"", ""large-tree bark""]",1.0,1.0,1.0,1.0
baskauf/11111,Juglans nigra,ind-baskauf/11111,whole tree (or vine) / general,whole plant,"[""whole plant"", ""view up trunk"", ""trunk"", ""branch"", ""leaf""]","{""whole plant"": 0.9925, ""view up trunk"": 0.982, ""trunk"": 0.9554, ""branch"": 0.9113, ""leaf"": 0.8099}",True,True,"[""tall tree"", ""green foliage"", ""visible trunk"", ""branching pattern"", ""sky background"", ""leafy crown""]","[""whole plant"", ""trunk"", ""branch"", ""leaf"", ""view up trunk""]",1.0,1.0,1.0,1.0
baskauf/11124,Platanus occidentalis,vanderbilt/12-90,leaf / whole upper surface,leaf,"[""leaf"", ""leaf upper surface"", ""leaf arrangement on twig""]","{""leaf"": 0.947, ""leaf upper surface"": 0.9001, ""leaf arrangement on twig"": 0.6221}",True,True,"[""large green leaf"", ""leaf veins"", ""hanging leaf"", ""light and shadow"", ""blurred background"", ""small inflorescence""]","[""leaf"", ""leaf upper surface"", ""inflorescence"", ""twig""]",0.6667,0.5,0.5714,0.4
baskauf/11125,Platanus occidentalis,vanderbilt/12-90,inflorescence / whole - female,flower,"[""immature fruit"", ""fruit"", ""leaf"", ""fruit borne on plant"", ""stem""]","{""immature fruit"": 0.9041, ""fruit"": 0.8693, ""leaf"": 0.8521, ""fruit borne on plant"": 0.8461, ""stem"": 0.5921}",False,False,"[""large green leaf"", ""developing fruit"", ""slender stem"", ""sunlit leaves"", ""close-up view"", ""green foliage""]","[""leaf"", ""fruit"", ""stem"", ""immature fruit"", ""fruit borne on plant""]",1.0,1.0,1.0,1.0
baskauf/11127,Platanus occidentalis,vanderbilt/12-90,inflorescence / whole - female,flower,"[""fruit"", ""fruit close-up"", ""fruit borne on plant"", ""immature fruit"", ""stem"", ""leaf""]","{""fruit"": 0.8948, ""fruit close-up"": 0.8892, ""fruit borne on plant"": 0.8387, ""immature fruit"": 0.8135, ""stem"": 0.7231, ""leaf"": 0.5137}",False,False,"[""green fruit"", ""textured surface"", ""leaf background"", ""close-up view"", ""spherical fruit"", ""stem attachment""]","[""fruit"", ""fruit close-up"", ""fruit borne on plant"", ""stem"", ""leaf""]",0.8333,1.0,0.9091,0.8333
baskauf/11166,Juniperus virginiana,ind-baskauf/11166,twig / showing attachment of needles,twig,"[""needle"", ""needle attachment"", ""twig"", ""leaf arrangement on twig""]","{""needle"": 0.9558, ""needle attachment"": 0.9161, ""twig"": 0.9152, ""leaf arrangement on twig"": 0.7908}",True,False,"[""scale-like foliage"", ""woody stem"", ""close-up view"", ""green needles"", ""branch detail"", ""textured stem""]","[""twig"", ""needle"", ""stem"", ""branch"", ""needle attachment""]",0.75,0.6,0.6667,0.5
baskauf/11174,Ginkgo biloba,ind-baskauf/11174,leaf / showing orientation on twig,needle,"[""leaf arrangement on twig"", ""leaf"", ""branch"", ""twig""]","{""leaf arrangement on twig"": 0.8151, ""leaf"": 0.7232, ""branch"": 0.7038, ""twig"": 0.6748}",False,False,"[""fan-shaped leaves"", ""green foliage"", ""branch with leaves"", ""close-up leaves"", ""leaf arrangement""]","[""leaf"", ""branch"", ""leaf arrangement on twig""]",0.75,1.0,0.8571,0.75
baskauf/11176,Ginkgo biloba,ind-baskauf/11174,leaf / entire needle,needle,"[""leaf arrangement on twig"", ""leaf"", ""twig""]","{""leaf arrangement on twig"": 0.7813, ""leaf"": 0.7227, ""twig"": 0.5776}",False,False,"[""fan-shaped leaves"", ""green foliage"", ""leaf veins"", ""close-up leaf"", ""branching pattern"", ""natural light""]","[""leaf"", ""twig"", ""leaf upper surface""]",0.6667,0.6667,0.6667,0.5
baskauf/11181,Aesculus glabra,vanderbilt/11-210,leaf / showing orientation on twig,leaf,"[""leaf"", ""leaf upper surface"", ""leaf arrangement on twig"", ""stem""]","{""leaf"": 0.9496, ""leaf upper surface"": 0.8582, ""leaf arrangement on twig"": 0.8434, ""stem"": 0.6242}",True,True,"[""large green leaves"", ""palmate venation"", ""leaf arrangement"", ""close-up leaves"", ""bright sunlight"", ""deep shadows""]","[""leaf"", ""leaf upper surface"", ""leaf arrangement on twig""]",0.75,1.0,0.8571,0.75
baskauf/11182,Aesculus glabra,vanderbilt/11-210,leaf / whole upper surface,leaf,"[""leaf"", ""leaf upper surface"", ""leaf arrangement on twig"", ""stem""]","{""leaf"": 0.9393, ""leaf upper surface"": 0.8911, ""leaf arrangement on twig"": 0.8503, ""stem"": 0.5701}",True,True,"[""palmate leaves"", ""green foliage"", ""leaf veins"", ""compound leaf"", ""branching pattern"", ""close-up view""]","[""leaf"", ""twig"", ""leaf upper surface"", ""leaf arrangement on twig""]",0.75,0.75,0.75,0.6
baskauf/11187,Juglans nigra,vanderbilt/11-402,leaf / whole upper surface,leaf,"[""leaf"", ""leaf arrangement on twig"", ""stem""]","{""leaf"": 0.9839, ""leaf arrangement on twig"": 0.959, ""stem"": 0.7119}",True,True,"[""compound leaf"", ""green foliage"", ""leaf arrangement"", ""leaf margin"", ""elongated leaflets"", ""central stem""]","[""leaf"", ""stem"", ""leaf arrangement on twig"", ""leaf margin""]",1.0,0.75,0.8571,0.75
baskauf/11188,Juglans nigra,vanderbilt/11-402,leaf / showing orientation on twig,leaf,"[""leaf"", ""leaf arrangement on twig"", ""branch"", ""twig""]","{""leaf"": 0.977, ""leaf arrangement on twig"": 0.8976, ""branch"": 0.8965, ""twig"": 0.5984}",True,True,"[""compound leaves"", ""bright green foliage"", ""leaf arrangement"", ""branching pattern"", ""sunlit leaves"", ""dense canopy""]","[""leaf"", ""branch"", ""leaf arrangement on twig""]",0.75,1.0,0.8571,0.75
baskauf/11202,Juniperus virginiana,ind-baskauf/11202,leaf / showing orientation on twig,needle,"[""needle"", ""needle attachment"", ""twig""]","{""needle"": 0.9517, ""needle attachment"": 0.8734, ""twig"": 0.8328}",True,True,"[""scale-like leaves"", ""green foliage"", ""branchlet"", ""close-up view"", ""dense growth"", ""twiggy structure""]","[""twig"", ""needle"", ""leaf arrangement on twig"", ""needle attachment""]",1.0,0.75,0.8571,0.75
baskauf/11206,Cercis canadensis,ind-baskauf/10739,leaf / showing orientation on twig,leaf,"[""leaf"", ""leaf upper surface"", ""leaf arrangement on twig"", ""twig"", ""stem""]","{""leaf"": 0.9681, ""leaf upper surface"": 0.763, ""leaf arrangement on twig"": 0.6835, ""twig"": 0.6787, ""stem"": 0.5728}",True,True,"[""heart-shaped leaves"", ""reddish stems"", ""green foliage"", ""leaf veins"", ""branching pattern"", ""close-up leaves""]","[""leaf"", ""stem"", ""twig"", ""leaf arrangement on twig"", ""leaf upper surface""]",1.0,1.0,1.0,1.0
baskauf/11208,Cercis canadensis,ind-baskauf/10739,leaf / showing orientation on twig,leaf,"[""leaf"", ""leaf upper surface"", ""petiole arrangement""]","{""leaf"": 0.9506, ""leaf upper surface"": 0.909, ""petiole arrangement"": 0.8366}",True,True,"[""heart-shaped leaf"", ""green leaf"", ""leaf veins"", ""close-up leaf"", ""brightly lit leaf"", ""blurred background""]","[""leaf"", ""leaf upper surface"", ""leaf margin""]",0.6667,0.6667,0.6667,0.5
baskauf/11211,Cercis canadensis,ind-baskauf/10739,fruit / immature,fruit,"[""fruit"", ""fruit borne on plant"", ""leaf""]","{""fruit"": 0.7025, ""fruit borne on plant"": 0.6622, ""leaf"": 0.6295}",True,True,"[""heart-shaped leaves"", ""elongated seed pods"", ""woody stem"", ""green foliage"", ""close-up view"", ""natural light""]","[""leaf"", ""stem"", ""fruit"", ""fruit borne on plant"", ""fruit close-up"", ""immature fruit""]",1.0,0.5,0.6667,0.5
baskauf/11213,Prunus serotina,ind-baskauf/10643,bark / of a small tree or small branch,bark,"[""bark"", ""medium-tree or large-branch bark"", ""trunk"", ""bud""]","{""bark"": 0.9552, ""medium-tree or large-branch bark"": 0.9314, ""trunk"": 0.7423, ""bud"": 0.657}",True,True,"[""lenticels"", ""smooth bark"", ""buds"", ""twig"", ""close-up"", ""vertical view""]","[""bark"", ""twig"", ""bud"", ""small-tree or branch bark""]",0.5,0.5,0.5,0.3333
baskauf/11227,Cercis canadensis,ind-baskauf/11227,bark / of a small tree or small branch,bark,"[""bark"", ""large-tree bark"", ""trunk""]","{""bark"": 0.9948, ""large-tree bark"": 0.9876, ""trunk"": 0.9872}",True,True,"[""tree trunk"", ""rough bark"", ""vertical texture"", ""close-up bark"", ""natural patterns"", ""daylight""]","[""trunk"", ""bark"", ""large-tree bark""]",1.0,1.0,1.0,1.0
baskauf/11243,Cornus florida,vanderbilt/6-167,leaf / whole upper surface,leaf,"[""leaf"", ""leaf upper surface"", ""leaf margin"", ""stem"", ""leaf arrangement on twig""]","{""leaf"": 0.9826, ""leaf upper surface"": 0.9253, ""leaf margin"": 0.7485, ""stem"": 0.6675, ""leaf arrangement on twig"": 0.6598}",True,True,"[""bright green leaves"", ""leaf veins"", ""close-up leaf"", ""smooth leaf surface"", ""pointed leaf tip"", ""leaf and stem""]","[""leaf"", ""leaf upper surface"", ""stem"", ""leaf margin""]",0.8,1.0,0.8889,0.8
baskauf/11248,Cornus florida,vanderbilt/6-167,leaf / showing orientation on twig,leaf,"[""leaf"", ""stem"", ""immature fruit"", ""leaf arrangement on twig"", ""fruit"", ""twig""]","{""leaf"": 0.9778, ""stem"": 0.805, ""immature fruit"": 0.8036, ""leaf arrangement on twig"": 0.7689, ""fruit"": 0.7195, ""twig"": 0.6541}",True,True,"[""green leaves"", ""developing buds"", ""light green foliage"", ""close-up view"", ""leaf veins"", ""branching pattern""]","[""leaf"", ""bud"", ""twig"", ""inflorescence"", ""immature fruit"", ""leaf upper surface""]",0.5,0.5,0.5,0.3333
baskauf/11251,Quercus alba,vanderbilt/6-152,bark / of a large tree,bark,"[""bark"", ""trunk"", ""large-tree bark"", ""view up trunk""]","{""bark"": 0.9944, ""trunk"": 0.9886, ""large-tree bark"": 0.9862, ""view up trunk"": 0.8272}",True,True,"[""tree trunk"", ""rough bark"", ""sunlit bark"", ""green leaves"", ""partial view""]","[""trunk"", ""bark"", ""leaf"", ""large-tree bark"", ""view up trunk""]",1.0,0.8,0.8889,0.8
baskauf/11288,Acer saccharum,ind-baskauf/11288,leaf / showing orientation on twig,leaf,"[""leaf"", ""immature fruit"", ""fruit borne on plant"", ""leaf arrangement on twig"", ""fruit"", ""twig"", ""stem""]","{""leaf"": 0.903, ""immature fruit"": 0.8291, ""fruit borne on plant"": 0.7514, ""leaf arrangement on twig"": 0.7464, ""fruit"": 0.6843, ""twig"": 0.5735, ""stem"": 0.5644}",True,True,"[""green leaves"", ""lobed leaves"", ""reddish stems"", ""developing fruit"", ""leaf arrangement""]","[""leaf"", ""stem"", ""fruit"", ""immature fruit"", ""leaf arrangement on twig""]",0.7143,1.0,0.8333,0.7143
baskauf/11294,Acer saccharum,ind-baskauf/11288,leaf / whole upper surface,leaf,"[""leaf"", ""leaf upper surface"", ""leaf arrangement on twig"", ""leaf margin""]","{""leaf"": 0.9755, ""leaf upper surface"": 0.9409, ""leaf arrangement on twig"": 0.8697, ""leaf margin"": 0.7251}",True,True,"[""bright green leaf"", ""palmate venation"", ""close-up leaf"", ""blurred background"", ""natural light"", ""leaf texture""]","[""leaf"", ""leaf upper surface"", ""leaf margin"", ""twig"", ""petiole arrangement""]",0.75,0.6,0.6667,0.5
baskauf/11301,Ginkgo biloba,vanderbilt/2-101,whole tree / general,whole plant,"[""whole plant"", ""branch"", ""trunk"", ""view up trunk"", ""leaf"", ""large-tree bark""]","{""whole plant"": 0.9904, ""branch"": 0.973, ""trunk"": 0.9684, ""view up trunk"": 0.9638, ""leaf"": 0.9485, ""large-tree bark"": 0.6794}",True,True,"[""large tree"", ""dense foliage"", ""upward view"", ""branching pattern"", ""green canopy"", ""trunk and branches""]","[""whole plant"", ""trunk"", ""branch"", ""view up trunk"", ""leaf""]",0.8333,1.0,0.9091,0.8333
baskauf/11304,Ginkgo biloba,vanderbilt/2-101,leaf / showing orientation on twig,needle,"[""leaf"", ""leaf arrangement on twig"", ""branch""]","{""leaf"": 0.8498, ""leaf arrangement on twig"": 0.7186, ""branch"": 0.5683}",False,False,"[""green fan-shaped leaves"", ""long slender twig"", ""leaf arrangement"", ""bright sunlight"", ""close-up view"", ""natural background""]","[""leaf"", ""twig"", ""leaf arrangement on twig""]",0.6667,0.6667,0.6667,0.5
baskauf/11320,Ulmus rubra,ind-baskauf/11320,whole tree (or vine) / general,whole plant,"[""whole plant"", ""leaf"", ""branch"", ""trunk"", ""view up trunk""]","{""whole plant"": 0.9924, ""leaf"": 0.9716, ""branch"": 0.9644, ""trunk"": 0.7869, ""view up trunk"": 0.7498}",True,True,"[""tree with full canopy"", ""woody trunk"", ""branching pattern"", ""green leaves"", ""visible bark"", ""outdoor scene""]","[""whole plant"", ""trunk"", ""branch"", ""leaf"", ""bark""]",0.8,0.8,0.8,0.6667
baskauf/11322,Sassafras albidum,ind-baskauf/11322,whole tree (or vine) / general,whole plant,"[""whole plant"", ""leaf"", ""branch""]","{""whole plant"": 0.9683, ""leaf"": 0.9522, ""branch"": 0.8813}",True,True,"[""bright green foliage"", ""dense canopy"", ""multiple stems"", ""leafy branches"", ""sunlit leaves"", ""vertical stems""]","[""whole plant"", ""stem"", ""branch"", ""leaf"", ""leaf arrangement on twig""]",1.0,0.6,0.75,0.6
baskauf/11327,Prunus serotina,ind-baskauf/11327,bark / of a small tree or small branch,bark,"[""bark"", ""large-tree bark"", ""trunk"", ""medium-tree or large-branch bark""]","{""bark"": 0.9906, ""large-tree bark"": 0.9767, ""trunk"": 0.9744, ""medium-tree or large-branch bark"": 0.8506}",True,True,"[""tree bark"", ""vertical view"", ""textured surface"", ""close-up bark"", ""gray and brown tones"", ""natural patterns""]","[""trunk"", ""bark"", ""large-tree bark""]",0.75,1.0,0.8571,0.75
baskauf/11331,Prunus serotina,ind-baskauf/11331,bark / of a large tree,bark,"[""bark"", ""trunk"", ""large-tree bark""]","{""bark"": 0.9952, ""trunk"": 0.9884, ""large-tree bark"": 0.984}",True,True,"[""rough bark"", ""tree trunk"", ""small branch"", ""textured surface"", ""close-up bark"", ""woody texture""]","[""trunk"", ""bark"", ""branch"", ""large-tree bark""]",1.0,0.75,0.8571,0.75
baskauf/11335,Juglans nigra,ind-baskauf/11335,whole tree (or vine) / view up trunk,whole plant,"[""whole plant"", ""view up trunk"", ""trunk"", ""branch"", ""leaf""]","{""whole plant"": 0.9975, ""view up trunk"": 0.9952, ""trunk"": 0.9823, ""branch"": 0.982, ""leaf"": 0.8869}",True,True,"[""upward view"", ""tree canopy"", ""green leaves"", ""dark trunk"", ""branching pattern"", ""sky visible""]","[""whole plant"", ""trunk"", ""branch"", ""leaf"", ""view up trunk""]",1.0,1.0,1.0,1.0
baskauf/11336,Ulmus rubra,ind-baskauf/10991,bark / of a large tree,bark,"[""bark"", ""trunk"", ""leaf"", ""large-tree bark"", ""branch"", ""stem""]","{""bark"": 0.9494, ""trunk"": 0.9396, ""leaf"": 0.8195, ""large-tree bark"": 0.7985, ""branch"": 0.7501, ""stem"": 0.5873}",True,True,"[""ridged bark"", ""green leaves"", ""woody trunk"", ""leafy branches"", ""vertical view"", ""sunlit foliage""]","[""trunk"", ""bark"", ""large-tree bark"", ""leaf"", ""branch"", ""view up trunk""]",0.8333,0.8333,0.8333,0.7143
baskauf/11341,Sassafras albidum,ind-baskauf/11341,bark / of a large tree,bark,"[""bark"", ""large-tree bark"", ""trunk""]","{""bark"": 0.9919, ""large-tree bark"": 0.9844, ""trunk"": 0.9757}",True,True,"[""tree trunk"", ""rough bark"", ""vertical texture"", ""close-up bark"", ""natural patterns"", ""wood grain""]","[""trunk"", ""bark"", ""large-tree bark""]",1.0,1.0,1.0,1.0
baskauf/11392,Tsuga canadensis,ind-baskauf/11392,whole tree / general,whole plant,"[""branch"", ""whole plant"", ""leaf"", ""view up trunk"", ""trunk"", ""twig""]","{""branch"": 0.9119, ""whole plant"": 0.8874, ""leaf"": 0.8084, ""view up trunk"": 0.7417, ""trunk"": 0.6477, ""twig"": 0.5354}",True,False,"[""bright green foliage"", ""woody trunk"", ""branching pattern"", ""water in background"", ""mossy rocks"", ""forest scene""]","[""whole plant"", ""trunk"", ""branch"", ""leaf"", ""twig"", ""bark""]",0.8333,0.8333,0.8333,0.7143
baskauf/11394,Tsuga canadensis,ind-baskauf/11392,leaf / showing orientation on twig,needle,"[""needle"", ""needle attachment"", ""twig"", ""leaf arrangement on twig""]","{""needle"": 0.9864, ""needle attachment"": 0.9818, ""twig"": 0.8457, ""leaf arrangement on twig"": 0.7904}",True,True,"[""needle-like leaves"", ""green needles"", ""branchlet"", ""close-up view"", ""soft foliage"", ""new growth""]","[""needle"", ""twig"", ""leaf arrangement on twig"", ""needle attachment""]",1.0,1.0,1.0,1.0
baskauf/11404,Tsuga canadensis,ind-baskauf/11404,bark / of a large tree,bark,"[""bark"", ""trunk"", ""large-tree bark"", ""branch""]","{""bark"": 0.9908, ""trunk"": 0.9769, ""large-tree bark"": 0.9698, ""branch"": 0.5933}",True,True,"[""tree trunk"", ""rough bark"", ""lichen covered"", ""vertical view"", ""wood texture"", ""close-up bark""]","[""trunk"", ""bark"", ""large-tree bark""]",0.75,1.0,0.8571,0.75
baskauf/11427,Picea rubens,ind-baskauf/11427,whole tree / general,whole plant,"[""branch"", ""whole plant"", ""needle"", ""view up trunk"", ""trunk""]","{""branch"": 0.8962, ""whole plant"": 0.8906, ""needle"": 0.8377, ""view up trunk"": 0.8155, ""trunk"": 0.6519}",True,False,"[""evergreen tree"", ""dense foliage"", ""upward view"", ""conical crown"", ""woody trunk"", ""green needles""]","[""whole plant"", ""trunk"", ""needle"", ""view up trunk""]",0.8,1.0,0.8889,0.8
baskauf/11430,Picea rubens,ind-baskauf/11427,leaf / showing orientation on twig,needle,"[""needle"", ""needle attachment"", ""twig"", ""leaf arrangement on twig""]","{""needle"": 0.9818, ""needle attachment"": 0.9798, ""twig"": 0.9363, ""leaf arrangement on twig"": 0.7365}",True,True,"[""needle-like leaves"", ""green needles"", ""woody stem"", ""branch detail"", ""close-up view"", ""natural light""]","[""needle"", ""stem"", ""twig"", ""leaf arrangement on twig"", ""needle attachment""]",1.0,0.8,0.8889,0.8
baskauf/11432,Picea rubens,ind-baskauf/11427,twig / showing attachment of needles,twig,"[""needle"", ""needle attachment"", ""twig"", ""cone"", ""leaf arrangement on twig""]","{""needle"": 0.9795, ""needle attachment"": 0.9723, ""twig"": 0.9154, ""cone"": 0.8542, ""leaf arrangement on twig"": 0.6286}",True,False,"[""needle-like leaves"", ""woody twig"", ""brown twig"", ""green needles"", ""close-up view"", ""needle arrangement""]","[""needle"", ""twig"", ""needle attachment"", ""leaf arrangement on twig""]",0.8,1.0,0.8889,0.8
baskauf/11434,Picea rubens,ind-baskauf/11427,leaf / entire needle,needle,"[""needle"", ""needle attachment"", ""twig"", ""leaf arrangement on twig""]","{""needle"": 0.9889, ""needle attachment"": 0.9883, ""twig"": 0.8987, ""leaf arrangement on twig"": 0.7452}",True,True,"[""needle-like leaves"", ""green needles"", ""woody twig"", ""close-up view"", ""branch detail"", ""sharp needles""]","[""needle"", ""twig"", ""branch"", ""needle attachment""]",0.75,0.75,0.75,0.6
baskauf/11435,Picea rubens,ind-baskauf/11427,bark / of a large tree,bark,"[""bark"", ""trunk"", ""large-tree bark""]","{""bark"": 0.9918, ""trunk"": 0.9776, ""large-tree bark"": 0.9681}",True,True,"[""tree trunk"", ""rough bark"", ""small branches"", ""vertical view"", ""forest background"", ""gray tones""]","[""trunk"", ""bark"", ""branch"", ""large-tree bark""]",1.0,0.75,0.8571,0.75
baskauf/11449,Betula alleghaniensis,ind-baskauf/11449,bark / of a large tree,bark,"[""bark"", ""trunk"", ""large-tree bark""]","{""bark"": 0.9915, ""trunk"": 0.9871, ""large-tree bark"": 0.985}",True,True,"[""tree trunk"", ""vertical view"", ""textured bark"", ""mossy surface"", ""forest background"", ""natural light""]","[""trunk"", ""bark"", ""large-tree bark"", ""view up trunk""]",1.0,0.75,0.8571,0.75
baskauf/11454,Robinia pseudoacacia,ind-baskauf/11454,bark / of a large tree,bark,"[""bark"", ""large-tree bark"", ""trunk""]","{""bark"": 0.9953, ""large-tree bark"": 0.99, ""trunk"": 0.9849}",True,True,"[""tree bark"", ""ridged texture"", ""vertical view"", ""close-up bark"", ""brown tones"", ""natural patterns""]","[""trunk"", ""bark"", ""large-tree bark"", ""medium-tree or large-branch bark""]",1.0,0.75,0.8571,0.75
baskauf/11457,Robinia pseudoacacia,ind-baskauf/11454,whole tree (or vine) / view up trunk,whole plant,"[""view up trunk"", ""trunk"", ""whole plant"", ""bark"", ""branch"", ""large-tree bark"", ""leaf""]","{""view up trunk"": 0.9951, ""trunk"": 0.989, ""whole plant"": 0.9761, ""bark"": 0.9655, ""branch"": 0.951, ""large-tree bark"": 0.8717, ""leaf"": 0.801}",True,False,"[""upward view"", ""tree trunk"", ""green canopy"", ""branching pattern"", ""textured bark"", ""leafy crown""]","[""whole plant"", ""trunk"", ""bark"", ""branch"", ""leaf"", ""view up trunk"", ""large-tree bark""]",1.0,1.0,1.0,1.0
baskauf/11458,Robinia pseudoacacia,ind-baskauf/11454,bark / of a large tree,bark,"[""bark"", ""trunk"", ""large-tree bark"", ""view up trunk""]","{""bark"": 0.9898, ""trunk"": 0.9822, ""large-tree bark"": 0.9803, ""view up trunk"": 0.7919}",True,True,"[""tree trunk"", ""rough bark"", ""vertical view"", ""forest background"", ""natural light"", ""wood texture""]","[""trunk"", ""bark"", ""large-tree bark"", ""view up trunk""]",1.0,1.0,1.0,1.0
baskauf/11463,Tilia americana,ind-baskauf/11463,bark / of a large tree,bark,"[""trunk"", ""bark"", ""leaf"", ""view up trunk"", ""large-tree bark"", ""branch""]","{""trunk"": 0.9236, ""bark"": 0.918, ""leaf"": 0.8447, ""view up trunk"": 0.8031, ""large-tree bark"": 0.715, ""branch"": 0.6455}",True,False,"[""tree trunk"", ""ridged bark"", ""upward view"", ""green leaves"", ""forest canopy"", ""woodland scene""]","[""whole plant"", ""trunk"", ""bark"", ""branch"", ""leaf"", ""view up trunk"", ""large-tree bark""]",1.0,0.8571,0.9231,0.8571
baskauf/11464,Tilia americana,ind-baskauf/11464,leaf / showing orientation on twig,leaf,"[""leaf"", ""leaf arrangement on twig"", ""stem""]","{""leaf"": 0.9837, ""leaf arrangement on twig"": 0.8362, ""stem"": 0.6862}",True,True,"[""bright green leaves"", ""leaf arrangement"", ""woody branches"", ""sunlit foliage"", ""close-up leaves"", ""tree canopy""]","[""leaf"", ""branch"", ""leaf arrangement on twig"", ""whole plant""]",0.6667,0.5,0.5714,0.4
baskauf/11469,Tilia americana,ind-baskauf/11469,whole tree (or vine) / general,whole plant,"[""trunk"", ""whole plant"", ""bark"", ""leaf"", ""branch"", ""stem""]","{""trunk"": 0.9564, ""whole plant"": 0.9483, ""bark"": 0.8692, ""leaf"": 0.794, ""branch"": 0.778, ""stem"": 0.6401}",True,False,"[""tree trunk"", ""broad leaves"", ""forest scene"", ""green foliage"", ""vertical composition"", ""woodland"", ""multiple trunks"", ""leafy canopy""]","[""whole plant"", ""trunk"", ""bark"", ""leaf"", ""branch"", ""view up trunk""]",0.8333,0.8333,0.8333,0.7143
baskauf/11471,Sambucus racemosa,ind-baskauf/11471,whole tree (or vine) / general,whole plant,"[""leaf"", ""branch"", ""fruit borne on plant"", ""whole plant"", ""fruit"", ""stem"", ""inflorescence"", ""twig""]","{""leaf"": 0.9043, ""branch"": 0.8829, ""fruit borne on plant"": 0.7975, ""whole plant"": 0.7775, ""fruit"": 0.7509, ""stem"": 0.6884, ""inflorescence"": 0.6622, ""twig"": 0.6383}",True,False,"[""compound leaves"", ""red fruit clusters"", ""woody branches"", ""bright green foliage"", ""natural light""]","[""leaf"", ""branch"", ""fruit"", ""fruit borne on plant"", ""inflorescence""]",0.625,1.0,0.7692,0.625
baskauf/11477,Sambucus racemosa,ind-baskauf/11471,fruit / as borne on the plant,fruit,"[""leaf"", ""fruit borne on plant"", ""fruit"", ""stem"", ""inflorescence"", ""branch""]","{""leaf"": 0.9555, ""fruit borne on plant"": 0.8841, ""fruit"": 0.8233, ""stem"": 0.734, ""inflorescence"": 0.7101, ""branch"": 0.6035}",True,False,"[""red berries"", ""compound leaves"", ""green stems"", ""branching pattern"", ""natural light"", ""shallow depth of field""]","[""stem"", ""leaf"", ""fruit"", ""fruit borne on plant""]",0.6667,1.0,0.8,0.6667
baskauf/11479,Sambucus racemosa,ind-baskauf/11471,fruit / lateral or general close-up,fruit,"[""leaf"", ""fruit borne on plant"", ""fruit"", ""stem"", ""inflorescence""]","{""leaf"": 0.9242, ""fruit borne on plant"": 0.8838, ""fruit"": 0.8716, ""stem"": 0.7859, ""inflorescence"": 0.7079}",True,False,"[""red berries"", ""clustered fruit"", ""green leaves"", ""purple stem"", ""close-up view""]","[""fruit"", ""inflorescence"", ""leaf"", ""stem"", ""fruit borne on plant"", ""fruit close-up""]",1.0,0.8333,0.9091,0.8333
baskauf/11481,Sambucus racemosa,ind-baskauf/11471,leaf / showing orientation on twig,leaf,"[""leaf"", ""leaf arrangement on twig"", ""stem""]","{""leaf"": 0.9867, ""leaf arrangement on twig"": 0.9168, ""stem"": 0.7923}",True,True,"[""compound leaves"", ""green foliage"", ""slender stem"", ""small white flowers"", ""leaf arrangement"", ""natural light""]","[""leaf"", ""stem"", ""flower"", ""leaf arrangement on twig""]",1.0,0.75,0.8571,0.75
baskauf/11482,Sambucus racemosa,ind-baskauf/11471,leaf / whole upper surface,leaf,"[""leaf"", ""leaf arrangement on twig"", ""stem"", ""leaf upper surface""]","{""leaf"": 0.986, ""leaf arrangement on twig"": 0.9614, ""stem"": 0.8614, ""leaf upper surface"": 0.8031}",True,True,"[""compound leaf"", ""green foliage"", ""leaf arrangement"", ""leaf veins"", ""slender stem"", ""blurred background""]","[""leaf"", ""stem"", ""leaf arrangement on twig""]",0.75,1.0,0.8571,0.75
baskauf/11490,Tsuga canadensis,ind-baskauf/11490,whole tree / general,whole plant,"[""whole plant"", ""trunk"", ""view up trunk"", ""branch"", ""bark"", ""leaf""]","{""whole plant"": 0.9832, ""trunk"": 0.9601, ""view up trunk"": 0.8936, ""branch"": 0.8904, ""bark"": 0.7242, ""leaf"": 0.7097}",True,True,"[""tall tree"", ""dense foliage"", ""woodland scene"", ""vertical composition"", ""green hues"", ""multiple trunks"", ""forest environment"", ""branching pattern""]","[""whole plant"", ""trunk"", ""branch"", ""leaf"", ""view up trunk""]",0.8333,1.0,0.9091,0.8333
baskauf/11492,Tsuga canadensis,ind-baskauf/11492,whole tree / general,whole plant,"[""whole plant"", ""trunk"", ""branch"", ""view up trunk"", ""bark"", ""leaf""]","{""whole plant"": 0.9675, ""trunk"": 0.9415, ""branch"": 0.9026, ""view up trunk"": 0.9019, ""bark"": 0.7467, ""leaf"": 0.6761}",True,True,"[""tree trunk"", ""woody branches"", ""dense foliage"", ""forest scene"", ""upward view"", ""textured bark""]","[""whole plant"", ""trunk"", ""branch"", ""bark"", ""view up trunk""]",0.8333,1.0,0.9091,0.8333
baskauf/11493,Tsuga canadensis,ind-baskauf/11492,bark / of a large tree,bark,"[""bark"", ""trunk"", ""large-tree bark"", ""view up trunk"", ""branch""]","{""bark"": 0.9941, ""trunk"": 0.9913, ""large-tree bark"": 0.9843, ""view up trunk"": 0.6871, ""branch"": 0.593}",True,True,"[""tree trunk"", ""rough bark"", ""branching pattern"", ""wood texture"", ""forest background"", ""vertical view""]","[""trunk"", ""bark"", ""branch"", ""large-tree bark"", ""view up trunk""]",1.0,1.0,1.0,1.0
baskauf/11495,Tsuga canadensis,ind-baskauf/11495,whole tree / view up trunk,whole plant,"[""whole plant"", ""view up trunk"", ""branch"", ""trunk"", ""leaf""]","{""whole plant"": 0.9949, ""view up trunk"": 0.9829, ""branch"": 0.9478, ""trunk"": 0.9478, ""leaf"": 0.8774}",True,True,"[""lush canopy"", ""bright green leaves"", ""dense foliage"", ""branching pattern"", ""looking up into trees"", ""filtered sunlight""]","[""whole plant"", ""branch"", ""leaf"", ""view up trunk""]",0.8,1.0,0.8889,0.8
baskauf/11497,Tsuga canadensis,ind-baskauf/11497,whole tree / view up trunk,whole plant,"[""whole plant"", ""view up trunk"", ""trunk"", ""branch"", ""bark"", ""leaf""]","{""whole plant"": 0.953, ""view up trunk"": 0.9381, ""trunk"": 0.9354, ""branch"": 0.8827, ""bark"": 0.7547, ""leaf"": 0.6378}",True,True,"[""dense forest"", ""tall trees"", ""green foliage"", ""woodland scene"", ""vertical lines"", ""tree trunks"", ""leafy canopy"", ""natural light""]","[""whole plant"", ""trunk"", ""branch"", ""leaf"", ""view up trunk""]",0.8333,1.0,0.9091,0.8333
baskauf/11498,Robinia pseudoacacia,ind-baskauf/11498,bark / of a large tree,bark,"[""whole plant"", ""trunk"", ""view up trunk"", ""bark"", ""leaf"", ""branch"", ""large-tree bark""]","{""whole plant"": 0.9607, ""trunk"": 0.9524, ""view up trunk"": 0.9088, ""bark"": 0.9035, ""leaf"": 0.881, ""branch"": 0.8435, ""large-tree bark"": 0.6806}",True,False,"[""tree trunk"", ""forest canopy"", ""green leaves"", ""sunlit foliage"", ""woodland scene"", ""vertical composition""]","[""whole plant"", ""trunk"", ""bark"", ""branch"", ""leaf"", ""view up trunk""]",0.8571,1.0,0.9231,0.8571
baskauf/11499,Robinia pseudoacacia,ind-baskauf/11498,whole tree (or vine) / view up trunk,whole plant,"[""view up trunk"", ""whole plant"", ""branch"", ""trunk"", ""leaf"", ""bark""]","{""view up trunk"": 0.9969, ""whole plant"": 0.9912, ""branch"": 0.9762, ""trunk"": 0.9598, ""leaf"": 0.876, ""bark"": 0.7076}",True,False,"[""tall tree"", ""upward view"", ""green canopy"", ""woody trunk"", ""branching pattern"", ""leafy crown""]","[""whole plant"", ""trunk"", ""branch"", ""leaf"", ""view up trunk""]",0.8333,1.0,0.9091,0.8333
baskauf/11504,Robinia pseudoacacia,ind-baskauf/11504,whole tree (or vine) / view up trunk,whole plant,"[""view up trunk"", ""whole plant"", ""trunk"", ""branch"", ""bark"", ""leaf"", ""large-tree bark""]","{""view up trunk"": 0.9895, ""whole plant"": 0.9879, ""trunk"": 0.9865, ""branch"": 0.9728, ""bark"": 0.9242, ""leaf"": 0.8248, ""large-tree bark"": 0.7379}",True,False,"[""multiple trunks"", ""bright green leaves"", ""looking up into canopy"", ""tree trunks"", ""leafy branches"", ""sunlit foliage""]","[""whole plant"", ""trunk"", ""branch"", ""leaf"", ""view up trunk""]",0.7143,1.0,0.8333,0.7143
baskauf/11505,Robinia pseudoacacia,ind-baskauf/11504,bark / of a large tree,bark,"[""bark"", ""trunk"", ""large-tree bark""]","{""bark"": 0.9945, ""trunk"": 0.9887, ""large-tree bark"": 0.9873}",True,True,"[""tree trunk"", ""ridged bark"", ""vertical texture"", ""forest background"", ""natural patterns"", ""close-up bark""]","[""trunk"", ""bark"", ""large-tree bark""]",1.0,1.0,1.0,1.0
baskauf/11506,Robinia pseudoacacia,ind-baskauf/11506,leaf / whole upper surface,leaf,"[""leaf"", ""leaf arrangement on twig""]","{""leaf"": 0.9648, ""leaf arrangement on twig"": 0.9247}",True,True,"[""compound leaf"", ""bright green foliage"", ""slender stem"", ""pinnately arranged leaves"", ""soft focus background"", ""close-up view""]","[""leaf"", ""stem"", ""leaf arrangement on twig""]",1.0,0.6667,0.8,0.6667
baskauf/11508,Robinia pseudoacacia,ind-baskauf/11506,leaf / showing orientation on twig,leaf,"[""leaf"", ""leaf arrangement on twig"", ""branch"", ""stem"", ""twig""]","{""leaf"": 0.9796, ""leaf arrangement on twig"": 0.9292, ""branch"": 0.6047, ""stem"": 0.5641, ""twig"": 0.539}",True,True,"[""compound leaves"", ""green foliage"", ""slender stems"", ""leaf arrangement"", ""bright light"", ""soft focus background""]","[""leaf"", ""stem"", ""leaf arrangement on twig""]",0.6,1.0,0.75,0.6
baskauf/11509,Robinia pseudoacacia,ind-baskauf/11506,whole tree (or vine) / general,whole plant,"[""whole plant"", ""branch"", ""leaf"", ""trunk"", ""stem""]","{""whole plant"": 0.9624, ""branch"": 0.8341, ""leaf"": 0.8285, ""trunk"": 0.696, ""stem"": 0.5943}",True,True,"[""young tree"", ""green foliage"", ""multiple stems"", ""woodland setting"", ""slender branches"", ""leafy canopy""]","[""whole plant"", ""stem"", ""branch"", ""leaf""]",0.8,1.0,0.8889,0.8
baskauf/11510,Betula alleghaniensis,ind-baskauf/11510,leaf / whole upper surface,leaf,"[""leaf"", ""leaf margin"", ""leaf upper surface"", ""leaf arrangement on twig"", ""twig""]","{""leaf"": 0.9669, ""leaf margin"": 0.9363, ""leaf upper surface"": 0.9052, ""leaf arrangement on twig"": 0.8442, ""twig"": 0.6409}",True,True,"[""green leaves"", ""serrated leaf edge"", ""leaf veins"", ""close-up leaf"", ""bright light""]","[""leaf"", ""leaf upper surface"", ""leaf margin"", ""leaf arrangement on twig""]",0.8,1.0,0.8889,0.8
baskauf/11511,Betula alleghaniensis,ind-baskauf/11510,leaf / showing orientation on twig,leaf,"[""leaf arrangement on twig"", ""leaf"", ""twig"", ""stem""]","{""leaf arrangement on twig"": 0.93, ""leaf"": 0.9, ""twig"": 0.8713, ""stem"": 0.6833}",True,False,"[""green leaves"", ""woody stem"", ""leaf arrangement"", ""close-up view"", ""serrated leaf margin"", ""branching stem""]","[""stem"", ""leaf"", ""leaf arrangement on twig"", ""leaf margin""]",0.75,0.75,0.75,0.6
baskauf/11515,Betula alleghaniensis,ind-baskauf/11510,whole tree (or vine) / general,whole plant,"[""whole plant"", ""branch"", ""trunk"", ""leaf"", ""view up trunk""]","{""whole plant"": 0.9364, ""branch"": 0.9098, ""trunk"": 0.822, ""leaf"": 0.8084, ""view up trunk"": 0.744}",True,True,"[""tree by stream"", ""green leaves"", ""woody trunk"", ""branching pattern"", ""bright sunlight"", ""water flowing over rocks""]","[""whole plant"", ""trunk"", ""branch"", ""leaf"", ""bark"", ""view up trunk""]",1.0,0.8333,0.9091,0.8333
baskauf/11516,Betula alleghaniensis,ind-baskauf/11510,bark / of a medium tree or large branch,bark,"[""bark"", ""trunk"", ""large-tree bark""]","{""bark"": 0.9795, ""trunk"": 0.9509, ""large-tree bark"": 0.9392}",True,True,"[""peeling bark"", ""tree trunk"", ""lichen covered bark"", ""vertical view"", ""close-up bark"", ""textured bark""]","[""trunk"", ""bark"", ""large-tree bark""]",1.0,1.0,1.0,1.0
baskauf/11522,Juniperus virginiana,ind-baskauf/11522,whole tree / general,whole plant,"[""whole plant"", ""needle"", ""view up trunk"", ""trunk"", ""branch"", ""leaf""]","{""whole plant"": 0.9041, ""needle"": 0.8453, ""view up trunk"": 0.8246, ""trunk"": 0.7608, ""branch"": 0.5838, ""leaf"": 0.5765}",True,True,"[""tall tree"", ""dense foliage"", ""woody trunk"", ""green needles"", ""clear sky"", ""upward view""]","[""whole plant"", ""trunk"", ""needle"", ""view up trunk""]",0.6667,1.0,0.8,0.6667
baskauf/11524,Juniperus virginiana,ind-baskauf/11522,bark / of a large tree,bark,"[""bark"", ""trunk"", ""large-tree bark""]","{""bark"": 0.9795, ""trunk"": 0.9785, ""large-tree bark"": 0.9737}",True,True,"[""tree trunk"", ""fibrous bark"", ""vertical texture"", ""close-up bark"", ""natural light"", ""wood grain""]","[""trunk"", ""bark"", ""large-tree bark""]",1.0,1.0,1.0,1.0
baskauf/11534,Castanea dentata,ind-baskauf/11534,bark / of a large tree,bark,"[""leaf"", ""whole plant"", ""trunk"", ""branch"", ""stem""]","{""leaf"": 0.8485, ""whole plant"": 0.7986, ""trunk"": 0.78, ""branch"": 0.6728, ""stem"": 0.5318}",False,False,"[""fallen log"", ""moss covered wood"", ""forest floor"", ""woody branches"", ""tree trunks"", ""green foliage""]","[""trunk"", ""branch"", ""twig"", ""leaf"", ""bark"", ""whole plant""]",0.8,0.6667,0.7273,0.5714
baskauf/11535,Castanea dentata,ind-baskauf/11535,bark / of a large tree,bark,"[""whole plant"", ""trunk"", ""branch"", ""bark"", ""view up trunk"", ""leaf""]","{""whole plant"": 0.9645, ""trunk"": 0.9294, ""branch"": 0.9152, ""bark"": 0.852, ""view up trunk"": 0.8394, ""leaf"": 0.5574}",True,False,"[""forest scene"", ""tree trunks"", ""fallen logs"", ""green foliage"", ""woodland understory"", ""vertical tree forms""]","[""whole plant"", ""trunk"", ""branch"", ""leaf"", ""large-tree bark""]",0.6667,0.8,0.7273,0.5714
baskauf/11612,Cornus florida,ind-baskauf/11612,whole tree (or vine) / general,whole plant,"[""whole plant"", ""leaf"", ""branch"", ""trunk"", ""view up trunk""]","{""whole plant"": 0.9898, ""leaf"": 0.9267, ""branch"": 0.9267, ""trunk"": 0.8938, ""view up trunk"": 0.8328}",True,True,"[""bright green foliage"", ""dense canopy"", ""woodland scene"", ""upward view"", ""leafy branches"", ""sunlit leaves""]","[""whole plant"", ""branch"", ""leaf"", ""view up trunk""]",0.8,1.0,0.8889,0.8
baskauf/11613,Cornus florida,ind-baskauf/11612,leaf / showing orientation on twig,leaf,"[""leaf"", ""branch"", ""twig"", ""leaf arrangement on twig""]","{""leaf"": 0.9501, ""branch"": 0.7861, ""twig"": 0.7821, ""leaf arrangement on twig"": 0.7534}",True,True,"[""bright green leaves"", ""arching branch"", ""leaf arrangement"", ""sunlit foliage"", ""woodland background"", ""compound leaves""]","[""branch"", ""leaf"", ""leaf arrangement on twig"", ""twig""]",1.0,1.0,1.0,1.0
baskauf/11614,Cornus florida,ind-baskauf/11612,leaf / whole upper surface,leaf,"[""leaf"", ""leaf upper surface"", ""leaf margin""]","{""leaf"": 0.9656, ""leaf upper surface"": 0.8904, ""leaf margin"": 0.7795}",True,True,"[""bright green leaf"", ""leaf veins"", ""close-up leaf"", ""textured leaf surface"", ""broadleaf"", ""natural light""]","[""leaf"", ""leaf upper surface"", ""leaf margin""]",1.0,1.0,1.0,1.0
baskauf/11632,Robinia pseudoacacia,ind-baskauf/11632,twig / orientation of petioles,twig,"[""leaf"", ""twig"", ""stem"", ""leaf arrangement on twig"", ""branch""]","{""leaf"": 0.9171, ""twig"": 0.8965, ""stem"": 0.8646, ""leaf arrangement on twig"": 0.8544, ""branch"": 0.6947}",True,False,"[""thorny stem"", ""rounded leaves"", ""green foliage"", ""branching pattern"", ""close-up view""]","[""stem"", ""leaf"", ""twig"", ""branch"", ""leaf arrangement on twig""]",1.0,1.0,1.0,1.0
baskauf/11633,Robinia pseudoacacia,ind-baskauf/11632,twig / orientation of petioles,twig,"[""leaf"", ""leaf arrangement on twig"", ""twig"", ""stem"", ""branch""]","{""leaf"": 0.9579, ""leaf arrangement on twig"": 0.9415, ""twig"": 0.7276, ""stem"": 0.7178, ""branch"": 0.5777}",True,False,"[""thorn"", ""green leaves"", ""woody stem"", ""leaf arrangement"", ""close-up view""]","[""stem"", ""leaf"", ""twig"", ""leaf arrangement on twig""]",0.8,1.0,0.8889,0.8
baskauf/11643,Tilia americana,ind-baskauf/11643,leaf / whole upper surface,leaf,"[""leaf"", ""leaf upper surface"", ""leaf margin"", ""petiole arrangement"", ""leaf arrangement on twig"", ""stem""]","{""leaf"": 0.9631, ""leaf upper surface"": 0.952, ""leaf margin"": 0.9333, ""petiole arrangement"": 0.8569, ""leaf arrangement on twig"": 0.81, ""stem"": 0.5745}",True,True,"[""heart-shaped leaf"", ""green leaf"", ""leaf veins"", ""leaf texture"", ""close-up leaf"", ""leaf and stem""]","[""leaf"", ""leaf upper surface"", ""stem"", ""leaf arrangement on twig""]",0.6667,1.0,0.8,0.6667
baskauf/11644,Tilia americana,ind-baskauf/11643,leaf / whole upper surface,leaf,"[""leaf upper surface"", ""leaf margin"", ""leaf"", ""petiole arrangement"", ""leaf arrangement on twig"", ""stem""]","{""leaf upper surface"": 0.9451, ""leaf margin"": 0.9449, ""leaf"": 0.9438, ""petiole arrangement"": 0.8083, ""leaf arrangement on twig"": 0.774, ""stem"": 0.6317}",True,False,"[""broad green leaf"", ""leaf veins"", ""green stem"", ""leaf attachment"", ""close-up view""]","[""leaf"", ""stem"", ""leaf upper surface"", ""leaf arrangement on twig"", ""petiole arrangement""]",0.8333,1.0,0.9091,0.8333
baskauf/11645,Tilia americana,ind-baskauf/11643,leaf / showing orientation on twig,leaf,"[""leaf"", ""leaf upper surface"", ""leaf arrangement on twig"", ""leaf margin"", ""stem""]","{""leaf"": 0.9784, ""leaf upper surface"": 0.94, ""leaf arrangement on twig"": 0.9333, ""leaf margin"": 0.9031, ""stem"": 0.7299}",True,True,"[""compound leaves"", ""green foliage"", ""leaf veins"", ""branching twig"", ""leaf damage"", ""natural light""]","[""leaf"", ""twig"", ""leaf arrangement on twig"", ""leaf upper surface""]",0.6,0.75,0.6667,0.5
baskauf/11646,Tilia americana,ind-baskauf/11643,twig / orientation of petioles,twig,"[""twig"", ""stem"", ""bud"", ""leaf arrangement on twig"", ""leaf""]","{""twig"": 0.9284, ""stem"": 0.8389, ""bud"": 0.797, ""leaf arrangement on twig"": 0.7442, ""leaf"": 0.567}",True,True,"[""woody stem"", ""small bud"", ""leaf edge"", ""branching pattern"", ""close-up view"", ""green background""]","[""stem"", ""bud"", ""leaf"", ""twig"", ""leaf margin"", ""leaf arrangement on twig""]",1.0,0.8333,0.9091,0.8333
baskauf/11653,Tilia americana,ind-baskauf/11653,twig / orientation of petioles,twig,"[""bud"", ""twig"", ""winter twig"", ""leaf scar"", ""stem""]","{""bud"": 0.9717, ""twig"": 0.9675, ""winter twig"": 0.9393, ""leaf scar"": 0.8898, ""stem"": 0.7797}",True,False,"[""green twigs"", ""bud-like structures"", ""close-up view"", ""smooth stem"", ""branching pattern"", ""blurred background""]","[""twig"", ""bud"", ""stem"", ""branch"", ""winter twig""]",0.8,0.8,0.8,0.6667
baskauf/11656,Tilia americana,ind-baskauf/11653,twig / orientation of petioles,twig,"[""stem"", ""leaf arrangement on twig"", ""twig"", ""leaf""]","{""stem"": 0.8911, ""leaf arrangement on twig"": 0.8426, ""twig"": 0.8279, ""leaf"": 0.7421}",True,False,"[""green stem"", ""leaf arrangement"", ""tender shoots"", ""close-up view""]","[""stem"", ""leaf"", ""leaf arrangement on twig""]",0.75,1.0,0.8571,0.75
baskauf/11657,Acer saccharum,ind-baskauf/11657,whole tree (or vine) / view up trunk,whole plant,"[""view up trunk"", ""trunk"", ""whole plant"", ""branch"", ""bark"", ""large-tree bark"", ""leaf""]","{""view up trunk"": 0.9936, ""trunk"": 0.989, ""whole plant"": 0.9755, ""branch"": 0.9465, ""bark"": 0.902, ""large-tree bark"": 0.8824, ""leaf"": 0.6067}",True,False,"[""tree canopy"", ""upward view"", ""textured bark"", ""leafy branches"", ""large tree"", ""sunlit leaves""]","[""whole plant"", ""trunk"", ""bark"", ""branch"", ""leaf"", ""view up trunk"", ""large-tree bark""]",1.0,1.0,1.0,1.0
baskauf/11666,Tilia americana,ind-baskauf/11666,whole tree (or vine) / unspecified,whole plant,"[""trunk"", ""bark"", ""whole plant"", ""leaf"", ""stem""]","{""trunk"": 0.8687, ""bark"": 0.854, ""whole plant"": 0.8455, ""leaf"": 0.7358, ""stem"": 0.566}",True,False,"[""dense forest"", ""tree trunks"", ""green foliage"", ""woodland understory"", ""vertical composition"", ""natural light"", ""multiple trunks"", ""leafy stems""]","[""whole plant"", ""trunk"", ""bark"", ""branch"", ""stem"", ""leaf"", ""twig""]",1.0,0.7143,0.8333,0.7143
baskauf/11687,Ulmus americana,ind-baskauf/11687,leaf / showing orientation on twig,leaf,"[""leaf"", ""leaf arrangement on twig"", ""leaf upper surface"", ""leaf margin"", ""stem""]","{""leaf"": 0.9861, ""leaf arrangement on twig"": 0.9582, ""leaf upper surface"": 0.8351, ""leaf margin"": 0.792, ""stem"": 0.7791}",True,True,"[""green leaves"", ""serrated leaf margin"", ""leaf arrangement"", ""compound leaf"", ""branching vein pattern"", ""light green foliage""]","[""leaf"", ""leaf arrangement on twig"", ""leaf margin""]",0.6,1.0,0.75,0.6
baskauf/11688,Ulmus americana,ind-baskauf/11687,leaf / whole upper surface,leaf,"[""leaf"", ""leaf upper surface"", ""leaf margin"", ""leaf arrangement on twig""]","{""leaf"": 0.9644, ""leaf upper surface"": 0.9048, ""leaf margin"": 0.8867, ""leaf arrangement on twig"": 0.8044}",True,True,"[""single leaf"", ""green leaf"", ""serrated edge"", ""leaf veins"", ""close-up leaf"", ""natural light""]","[""leaf"", ""leaf upper surface"", ""leaf margin""]",0.75,1.0,0.8571,0.75
baskauf/11689,Ulmus americana,ind-baskauf/11687,leaf / margin of upper + lower surface,leaf,"[""leaf upper surface"", ""leaf"", ""leaf margin"", ""leaf arrangement on twig""]","{""leaf upper surface"": 0.9837, ""leaf"": 0.9774, ""leaf margin"": 0.9765, ""leaf arrangement on twig"": 0.6375}",True,False,"[""green leaves"", ""leaf veins"", ""close-up"", ""leaf texture"", ""natural light"", ""broadleaf""]","[""leaf"", ""leaf upper surface"", ""leaf margin"", ""leaf arrangement on twig""]",1.0,1.0,1.0,1.0
baskauf/11690,Ulmus americana,ind-baskauf/11687,bark / of a small tree or small branch,bark,"[""bark"", ""large-tree bark"", ""trunk""]","{""bark"": 0.9944, ""large-tree bark"": 0.9857, ""trunk"": 0.9813}",True,True,"[""tree trunk"", ""rough bark"", ""vertical view"", ""natural texture"", ""close-up bark"", ""blurred background""]","[""trunk"", ""bark"", ""large-tree bark""]",1.0,1.0,1.0,1.0
baskauf/11691,Lindera benzoin,ind-baskauf/11691,whole tree (or vine) / general,whole plant,"[""leaf"", ""stem"", ""whole plant"", ""leaf arrangement on twig"", ""branch"", ""twig""]","{""leaf"": 0.9468, ""stem"": 0.8632, ""whole plant"": 0.7805, ""leaf arrangement on twig"": 0.73, ""branch"": 0.6648, ""twig"": 0.6513}",True,False,"[""young shoots"", ""bright green leaves"", ""slender stems"", ""forest understory"", ""new growth"", ""vertical composition""]","[""stem"", ""leaf"", ""twig"", ""whole plant""]",0.6667,1.0,0.8,0.6667
baskauf/11695,Lindera benzoin,ind-baskauf/11691,leaf / whole upper surface,leaf,"[""leaf"", ""leaf upper surface"", ""leaf margin"", ""leaf arrangement on twig"", ""petiole arrangement"", ""stem""]","{""leaf"": 0.9877, ""leaf upper surface"": 0.969, ""leaf margin"": 0.8169, ""leaf arrangement on twig"": 0.8021, ""petiole arrangement"": 0.7674, ""stem"": 0.5397}",True,True,"[""green leaf"", ""leaf veins"", ""close-up leaf"", ""leaf texture"", ""brightly lit leaf"", ""blurred background""]","[""leaf"", ""leaf upper surface"", ""leaf margin""]",0.5,1.0,0.6667,0.5
baskauf/11696,Lindera benzoin,ind-baskauf/11691,twig / close-up winter leaf scar/bud,twig,"[""bark"", ""small-tree or branch bark"", ""leaf scar"", ""bud"", ""winter twig"", ""twig""]","{""bark"": 0.9443, ""small-tree or branch bark"": 0.9248, ""leaf scar"": 0.9045, ""bud"": 0.9004, ""winter twig"": 0.8989, ""twig"": 0.8097}",True,False,"[""twig"", ""buds"", ""close-up"", ""dormant branch"", ""lenticels"", ""rough texture""]","[""twig"", ""bud"", ""winter twig"", ""small-tree or branch bark""]",0.6667,1.0,0.8,0.6667
baskauf/11698,Betula lenta,ind-baskauf/11698,bark / of a large tree,bark,"[""bark"", ""large-tree bark"", ""trunk""]","{""bark"": 0.9939, ""large-tree bark"": 0.9857, ""trunk"": 0.9806}",True,True,"[""tree trunk"", ""vertical striations"", ""gray bark"", ""close-up bark"", ""tree texture"", ""branching pattern""]","[""trunk"", ""bark"", ""large-tree bark""]",1.0,1.0,1.0,1.0
baskauf/11699,Lindera benzoin,ind-baskauf/11691,leaf / showing orientation on twig,leaf,"[""leaf"", ""leaf arrangement on twig"", ""stem"", ""leaf upper surface""]","{""leaf"": 0.9891, ""leaf arrangement on twig"": 0.9222, ""stem"": 0.7844, ""leaf upper surface"": 0.7174}",True,True,"[""green leaves"", ""woody stem"", ""opposite leaves"", ""leaf arrangement"", ""bright light"", ""close-up view""]","[""leaf"", ""stem"", ""leaf arrangement on twig""]",0.75,1.0,0.8571,0.75
baskauf/11719,Betula alleghaniensis,ind-baskauf/11719,bark / of a small tree or small branch,bark,"[""bark"", ""large-tree bark"", ""trunk""]","{""bark"": 0.9925, ""large-tree bark"": 0.9832, ""trunk"": 0.9809}",True,True,"[""peeling bark"", ""tree trunk"", ""vertical view"", ""smooth bark"", ""light colored bark"", ""close-up bark""]","[""trunk"", ""bark"", ""large-tree bark""]",1.0,1.0,1.0,1.0
baskauf/11722,Sassafras albidum,ind-baskauf/11722,whole tree (or vine) / general,whole plant,"[""leaf"", ""whole plant"", ""stem"", ""branch""]","{""leaf"": 0.9685, ""whole plant"": 0.934, ""stem"": 0.7704, ""branch"": 0.7362}",True,False,"[""green leaves"", ""multiple stems"", ""woodland habitat"", ""young tree"", ""leaf arrangement"", ""stem"", ""bright sunlight""]","[""whole plant"", ""stem"", ""leaf"", ""leaf arrangement on twig""]",0.75,0.75,0.75,0.6
baskauf/11726,Yucca filamentosa,ind-baskauf/11726,whole tree (or vine) / general,whole plant,"[""whole plant"", ""flower"", ""inflorescence"", ""branch""]","{""whole plant"": 0.8496, ""flower"": 0.7929, ""inflorescence"": 0.748, ""branch"": 0.7005}",True,True,"[""tall flowering stalk"", ""white pendulous flowers"", ""pointed leaves"", ""woody branches"", ""upward view"", ""green foliage""]","[""stem"", ""flower"", ""inflorescence"", ""branch"", ""leaf"", ""view up trunk""]",0.75,0.5,0.6,0.4286
baskauf/11727,Yucca filamentosa,ind-baskauf/11726,inflorescence / lateral view of flower,flower,"[""flower close-up"", ""twig"", ""fruit"", ""inflorescence""]","{""flower close-up"": 0.7781, ""twig"": 0.7232, ""fruit"": 0.7004, ""inflorescence"": 0.659}",False,False,"[""hanging white flowers"", ""green stem"", ""pendulous blooms"", ""close-up flower detail"", ""flower cluster""]","[""stem"", ""flower"", ""inflorescence"", ""flower close-up"", ""lateral flower view""]",0.5,0.4,0.4444,0.2857
baskauf/11729,Yucca filamentosa,ind-baskauf/11726,inflorescence / frontal view of flower,flower,"[""flower close-up"", ""flower"", ""stem""]","{""flower close-up"": 0.8246, ""flower"": 0.7969, ""stem"": 0.5267}",True,False,"[""white petals"", ""flower interior"", ""central reproductive parts"", ""close-up view"", ""delicate structure"", ""six-part flower""]","[""flower"", ""flower close-up"", ""flower interior"", ""frontal flower view""]",0.6667,0.5,0.5714,0.4
baskauf/11730,Yucca filamentosa,ind-baskauf/11726,inflorescence / whole - unspecified,flower,"[""flower"", ""twig"", ""inflorescence""]","{""flower"": 0.7702, ""twig"": 0.6884, ""inflorescence"": 0.6873}",True,True,"[""hanging white flowers"", ""slender stems"", ""dense flowering"", ""branching pattern"", ""green foliage backdrop""]","[""stem"", ""flower"", ""inflorescence"", ""branch"", ""leaf""]",0.6667,0.4,0.5,0.3333
baskauf/11731,Yucca filamentosa,ind-baskauf/11726,leaf / whole upper surface,leaf,"[""twig""]","{""twig"": 0.5327}",False,False,"[""long leaves"", ""green foliage"", ""pointed tips"", ""dense growth"", ""woody stems"", ""sunlit leaves""]","[""leaf"", ""stem"", ""leaf arrangement on twig""]",0.0,0.0,0.0,0.0
baskauf/11732,Yucca filamentosa,ind-baskauf/11726,leaf / showing orientation on twig,leaf,"[""twig""]","{""twig"": 0.4073}",False,False,"[""pointed leaves"", ""radial symmetry"", ""dense foliage"", ""green hues"", ""basal rosette"", ""tough texture""]","[""leaf"", ""whole plant"", ""leaf arrangement on twig""]",0.0,0.0,0.0,0.0
baskauf/11733,Tilia americana,vanderbilt/6-89,inflorescence / whole - unspecified,flower,"[""leaf"", ""inflorescence"", ""immature fruit"", ""fruit"", ""fruit borne on plant""]","{""leaf"": 0.9611, ""inflorescence"": 0.833, ""immature fruit"": 0.7397, ""fruit"": 0.6836, ""fruit borne on plant"": 0.6518}",False,False,"[""broad leaves"", ""small flowers"", ""dense foliage"", ""light green leaves"", ""clusters of flowers"", ""branching pattern""]","[""leaf"", ""flower"", ""inflorescence"", ""branch"", ""leaf upper surface"", ""fruit borne on plant""]",0.6,0.5,0.5455,0.375
baskauf/11744,Tilia americana,vanderbilt/6-89,inflorescence / whole - unspecified,flower,"[""leaf"", ""fruit"", ""immature fruit"", ""fruit borne on plant"", ""leaf upper surface"", ""stem""]","{""leaf"": 0.9487, ""fruit"": 0.8725, ""immature fruit"": 0.864, ""fruit borne on plant"": 0.7961, ""leaf upper surface"": 0.7138, ""stem"": 0.6883}",False,False,"[""broad leaves"", ""green foliage"", ""hanging clusters"", ""small flowers"", ""leaf damage"", ""twig"", ""branch"", ""sunlit leaves""]","[""leaf"", ""twig"", ""branch"", ""flower"", ""inflorescence"", ""leaf arrangement on twig"", ""leaf upper surface""]",0.3333,0.2857,0.3077,0.1818
baskauf/11746,Tilia americana,vanderbilt/6-89,inflorescence / frontal view of flower,flower,"[""flower close-up"", ""flower"", ""inflorescence"", ""flower interior"", ""frontal flower view"", ""stem"", ""fruit""]","{""flower close-up"": 0.98, ""flower"": 0.9589, ""inflorescence"": 0.9162, ""flower interior"": 0.8722, ""frontal flower view"": 0.8642, ""stem"": 0.6919, ""fruit"": 0.6085}",True,False,"[""small white flowers"", ""green developing fruit"", ""slender stem"", ""close-up view"", ""floral cluster"", ""delicate petals""]","[""flower"", ""fruit"", ""stem"", ""inflorescence"", ""flower close-up"", ""immature fruit""]",0.7143,0.8333,0.7692,0.625
baskauf/11751,Tilia americana,vanderbilt/6-89,leaf / whole upper surface,leaf,"[""leaf"", ""leaf upper surface"", ""inflorescence"", ""stem""]","{""leaf"": 0.9581, ""leaf upper surface"": 0.8461, ""inflorescence"": 0.7556, ""stem"": 0.5531}",True,True,"[""heart-shaped leaf"", ""green leaf"", ""leaf veins"", ""hanging inflorescence"", ""bright sunlight"", ""close-up leaf""]","[""leaf"", ""leaf upper surface"", ""inflorescence"", ""fruit"", ""twig""]",0.75,0.6,0.6667,0.5
baskauf/11752,Tilia americana,vanderbilt/6-89,leaf / unspecified,leaf,"[""leaf"", ""leaf upper surface"", ""leaf margin""]","{""leaf"": 0.9735, ""leaf upper surface"": 0.9599, ""leaf margin"": 0.9092}",True,True,"[""broad leaf"", ""leaf veins"", ""leaf upper surface"", ""green leaf"", ""hand holding leaf"", ""close-up leaf""]","[""leaf"", ""leaf upper surface""]",0.6667,1.0,0.8,0.6667
baskauf/11753,Tilia americana,vanderbilt/6-89,leaf / unspecified,leaf,"[""fruit""]","{""fruit"": 0.4825}",False,False,"[""fine branching"", ""dense growth"", ""close-up texture"", ""fuzzy appearance"", ""thin stems"", ""intricate network""]","[""twig"", ""stem"", ""leaf arrangement on twig""]",0.0,0.0,0.0,0.0
baskauf/11812,Juglans cinerea,ind-baskauf/11812,bark / of a medium tree or large branch,bark,"[""bark"", ""large-tree bark"", ""trunk""]","{""bark"": 0.9944, ""large-tree bark"": 0.9866, ""trunk"": 0.9823}",True,True,"[""rough bark"", ""vertical ridges"", ""textured surface"", ""close-up bark"", ""grayish bark"", ""tree trunk detail""]","[""trunk"", ""bark"", ""large-tree bark""]",1.0,1.0,1.0,1.0
baskauf/11813,Juglans cinerea,ind-baskauf/11812,bark / of a medium tree or large branch,bark,"[""bark"", ""trunk"", ""leaf"", ""large-tree bark"", ""branch""]","{""bark"": 0.9772, ""trunk"": 0.8858, ""leaf"": 0.7946, ""large-tree bark"": 0.7474, ""branch"": 0.7458}",True,True,"[""tree trunk"", ""rough bark"", ""green leaves"", ""woodland scene"", ""vertical view"", ""branching pattern""]","[""trunk"", ""bark"", ""leaf"", ""branch"", ""large-tree bark""]",1.0,1.0,1.0,1.0
baskauf/11815,Juglans cinerea,ind-baskauf/11812,whole tree (or vine) / view up trunk,whole plant,"[""leaf"", ""branch"", ""view up trunk"", ""leaf arrangement on twig"", ""whole plant"", ""bark"", ""trunk""]","{""leaf"": 0.9802, ""branch"": 0.8801, ""view up trunk"": 0.8503, ""leaf arrangement on twig"": 0.7822, ""whole plant"": 0.7515, ""bark"": 0.7157, ""trunk"": 0.6875}",True,False,"[""tree trunk"", ""green leaves"", ""looking up"", ""forest canopy"", ""textured bark"", ""bright sunlight""]","[""whole plant"", ""trunk"", ""bark"", ""leaf"", ""view up trunk"", ""large-tree bark""]",0.7143,0.8333,0.7692,0.625
baskauf/11839,Juglans cinerea,ind-baskauf/11839,leaf / whole upper surface,leaf,"[""leaf"", ""leaf arrangement on twig"", ""stem""]","{""leaf"": 0.9886, ""leaf arrangement on twig"": 0.9606, ""stem"": 0.7573}",True,True,"[""green leaves"", ""compound leaves"", ""reddish stem"", ""leaf arrangement"", ""bright light"", ""close-up leaves""]","[""leaf"", ""stem"", ""leaf arrangement on twig""]",1.0,1.0,1.0,1.0
baskauf/11840,Juglans cinerea,ind-baskauf/11839,twig / orientation of petioles,twig,"[""leaf"", ""leaf arrangement on twig"", ""stem"", ""twig""]","{""leaf"": 0.9609, ""leaf arrangement on twig"": 0.9545, ""stem"": 0.9403, ""twig"": 0.6389}",True,False,"[""green leaves"", ""red stem"", ""branching stem"", ""leaf arrangement"", ""close-up view"", ""compound leaf""]","[""stem"", ""twig"", ""leaf"", ""leaf arrangement on twig""]",1.0,1.0,1.0,1.0
baskauf/11843,Juglans cinerea,ind-baskauf/11839,twig / close-up winter leaf scar/bud,twig,"[""small-tree or branch bark"", ""bud"", ""bark"", ""twig"", ""winter twig"", ""branch""]","{""small-tree or branch bark"": 0.9426, ""bud"": 0.9221, ""bark"": 0.8501, ""twig"": 0.8281, ""winter twig"": 0.7855, ""branch"": 0.5988}",True,False,"[""woody twig"", ""lenticels"", ""bud"", ""close-up"", ""dormant branch"", ""twig detail""]","[""twig"", ""bud"", ""winter twig"", ""leaf scar""]",0.5,0.75,0.6,0.4286
baskauf/11845,Castanea dentata,ind-baskauf/11845,leaf / showing orientation on twig,leaf,"[""leaf arrangement on twig"", ""leaf"", ""leaf upper surface"", ""twig"", ""stem""]","{""leaf arrangement on twig"": 0.9639, ""leaf"": 0.9568, ""leaf upper surface"": 0.7093, ""twig"": 0.7058, ""stem"": 0.6549}",True,False,"[""bright green leaves"", ""young shoot"", ""leaf arrangement"", ""simple leaves"", ""woody stem"", ""leaf margin"", ""opposite leaves""]","[""stem"", ""leaf"", ""leaf arrangement on twig"", ""twig"", ""leaf margin""]",0.8,0.8,0.8,0.6667
baskauf/11848,Castanea dentata,ind-baskauf/11845,leaf / whole upper surface,leaf,"[""leaf"", ""leaf upper surface"", ""leaf arrangement on twig"", ""leaf margin""]","{""leaf"": 0.9761, ""leaf upper surface"": 0.9338, ""leaf arrangement on twig"": 0.9156, ""leaf margin"": 0.8236}",True,True,"[""bright green leaves"", ""leaf veins"", ""serrated leaf edge"", ""close-up leaf""]","[""leaf"", ""leaf upper surface"", ""leaf margin""]",0.75,1.0,0.8571,0.75
baskauf/11849,Castanea dentata,ind-baskauf/11845,twig / orientation of petioles,twig,"[""leaf"", ""leaf arrangement on twig"", ""twig"", ""bud"", ""leaf upper surface"", ""stem""]","{""leaf"": 0.9699, ""leaf arrangement on twig"": 0.8837, ""twig"": 0.858, ""bud"": 0.7643, ""leaf upper surface"": 0.7129, ""stem"": 0.6154}",True,False,"[""green leaves"", ""woody twig"", ""buds"", ""leaf attachment"", ""close-up"", ""blurred background""]","[""twig"", ""leaf"", ""bud"", ""leaf arrangement on twig""]",0.6667,1.0,0.8,0.6667
baskauf/11854,Castanea dentata,ind-baskauf/11845,twig / close-up winter leaf scar/bud,twig,"[""winter twig"", ""twig"", ""bud"", ""leaf scar""]","{""winter twig"": 0.9292, ""twig"": 0.9228, ""bud"": 0.9192, ""leaf scar"": 0.9}",True,False,"[""leafless twig"", ""close-up view"", ""bud"", ""dormant branch"", ""brown twig"", ""blurred background""]","[""twig"", ""bud"", ""winter twig"", ""small-tree or branch bark""]",0.75,0.75,0.75,0.6
baskauf/11894,Gymnocladus dioicus,ind-baskauf/11894,whole tree (or vine) / general,whole plant,"[""leaf"", ""whole plant"", ""branch"", ""leaf arrangement on twig""]","{""leaf"": 0.9875, ""whole plant"": 0.95, ""branch"": 0.9304, ""leaf arrangement on twig"": 0.8106}",True,False,"[""compound leaves"", ""woody branches"", ""green foliage"", ""dense canopy"", ""vertical composition"", ""natural light""]","[""whole plant"", ""branch"", ""leaf"", ""leaf arrangement on twig""]",1.0,1.0,1.0,1.0
baskauf/11896,Gymnocladus dioicus,ind-baskauf/11894,leaf / whole upper surface,leaf,"[""leaf"", ""leaf arrangement on twig"", ""twig"", ""branch"", ""stem""]","{""leaf"": 0.9883, ""leaf arrangement on twig"": 0.9768, ""twig"": 0.736, ""branch"": 0.7102, ""stem"": 0.7032}",True,True,"[""compound leaves"", ""green foliage"", ""reddish stems"", ""water droplets"", ""dense arrangement"", ""branching pattern""]","[""leaf"", ""stem"", ""twig"", ""leaf arrangement on twig""]",0.8,1.0,0.8889,0.8
baskauf/11899,Gymnocladus dioicus,ind-baskauf/11894,leaf / unspecified,leaf,"[""leaf"", ""leaf arrangement on twig"", ""branch""]","{""leaf"": 0.9939, ""leaf arrangement on twig"": 0.9523, ""branch"": 0.6254}",True,True,"[""bright green leaves"", ""ascending branches"", ""leafy crown"", ""sky background"", ""translucent leaves""]","[""whole plant"", ""branch"", ""leaf"", ""leaf upper surface"", ""view up trunk""]",0.6667,0.4,0.5,0.3333
baskauf/11902,Gymnocladus dioicus,ind-baskauf/11894,bark / of a small tree or small branch,bark,"[""bark"", ""trunk"", ""large-tree bark"", ""medium-tree or large-branch bark""]","{""bark"": 0.9929, ""trunk"": 0.9691, ""large-tree bark"": 0.9538, ""medium-tree or large-branch bark"": 0.8527}",True,True,"[""tree trunk"", ""textured bark"", ""vertical view"", ""close-up bark"", ""lichen growth"", ""brown and gray tones""]","[""trunk"", ""bark"", ""large-tree bark"", ""view up trunk""]",0.75,0.75,0.75,0.6
baskauf/11905,Gymnocladus dioicus,ind-baskauf/11894,twig / orientation of petioles,twig,"[""leaf"", ""leaf arrangement on twig"", ""twig"", ""stem"", ""branch""]","{""leaf"": 0.9803, ""leaf arrangement on twig"": 0.9542, ""twig"": 0.7901, ""stem"": 0.7794, ""branch"": 0.7707}",True,False,"[""green twigs"", ""leafy branch"", ""developing buds"", ""smooth bark"", ""branching pattern"", ""close-up view""]","[""twig"", ""branch"", ""bud"", ""stem"", ""leaf"", ""leaf arrangement on twig""]",1.0,0.8333,0.9091,0.8333
baskauf/11916,Acer rubrum,ind-baskauf/11916,leaf / showing orientation on twig,leaf,"[""leaf"", ""leaf arrangement on twig"", ""twig""]","{""leaf"": 0.9795, ""leaf arrangement on twig"": 0.9126, ""twig"": 0.6699}",True,True,"[""lobed green leaves"", ""red twigs"", ""opposite leaf arrangement"", ""bright sunlight"", ""close-up foliage"", ""healthy leaves""]","[""leaf"", ""twig"", ""leaf arrangement on twig"", ""stem""]",1.0,0.75,0.8571,0.75
baskauf/11920,Acer rubrum,ind-baskauf/11916,leaf / whole upper surface,leaf,"[""leaf"", ""leaf upper surface"", ""leaf arrangement on twig"", ""leaf margin"", ""twig""]","{""leaf"": 0.9718, ""leaf upper surface"": 0.9055, ""leaf arrangement on twig"": 0.894, ""leaf margin"": 0.7318, ""twig"": 0.6156}",True,True,"[""green leaf"", ""red stem"", ""lobed leaf"", ""veined leaf"", ""close-up leaf"", ""bright light""]","[""leaf"", ""stem"", ""leaf upper surface"", ""leaf margin""]",0.6,0.75,0.6667,0.5
baskauf/11924,Acer rubrum,ind-baskauf/11916,bark / of a medium tree or large branch,bark,"[""bark"", ""large-tree bark"", ""trunk""]","{""bark"": 0.9515, ""large-tree bark"": 0.8776, ""trunk"": 0.8692}",True,True,"[""smooth bark"", ""tree trunk"", ""leafy background"", ""brown markings"", ""vertical view"", ""natural light""]","[""trunk"", ""bark"", ""large-tree bark"", ""leaf""]",1.0,0.75,0.8571,0.75
baskauf/11926,Acer rubrum,ind-baskauf/11916,twig / orientation of petioles,twig,"[""leaf"", ""leaf arrangement on twig"", ""stem"", ""twig"", ""bud""]","{""leaf"": 0.9574, ""leaf arrangement on twig"": 0.9039, ""stem"": 0.8685, ""twig"": 0.6887, ""bud"": 0.6851}",True,False,"[""red stems"", ""broad leaves"", ""developing bud"", ""green foliage"", ""close-up view"", ""bright sunlight""]","[""leaf"", ""stem"", ""bud"", ""immature fruit"", ""fruit borne on plant"", ""leaf upper surface""]",0.6,0.5,0.5455,0.375
baskauf/11927,Acer rubrum,ind-baskauf/11916,twig / orientation of petioles,twig,"[""twig"", ""bud"", ""leaf arrangement on twig"", ""leaf"", ""stem""]","{""twig"": 0.9192, ""bud"": 0.8691, ""leaf arrangement on twig"": 0.8671, ""leaf"": 0.8354, ""stem"": 0.7286}",True,True,"[""woody stem"", ""leafy twig"", ""green leaves"", ""budding growth"", ""smooth stem"", ""close-up view""]","[""stem"", ""twig"", ""leaf"", ""bud"", ""leaf arrangement on twig""]",1.0,1.0,1.0,1.0
baskauf/11930,Acer rubrum,ind-baskauf/11916,whole tree (or vine) / general,whole plant,"[""whole plant"", ""branch"", ""leaf"", ""trunk""]","{""whole plant"": 0.9849, ""branch"": 0.906, ""leaf"": 0.8878, ""trunk"": 0.5882}",True,True,"[""dense foliage"", ""green leaves"", ""multiple trunks"", ""tree crown"", ""full tree"", ""visible branches""]","[""whole plant"", ""trunk"", ""branch"", ""leaf""]",1.0,1.0,1.0,1.0
baskauf/11945,Aesculus hippocastanum,vanderbilt/6-87,whole tree (or vine) / general,whole plant,"[""whole plant"", ""leaf"", ""branch"", ""trunk""]","{""whole plant"": 0.8032, ""leaf"": 0.7145, ""branch"": 0.6368, ""trunk"": 0.6051}",True,True,"[""full tree"", ""green leaves"", ""broad leaves"", ""tree in urban setting"", ""dense canopy"", ""visible trunk"", ""branching pattern"", ""daylight""]","[""whole plant"", ""trunk"", ""branch"", ""leaf"", ""leaf upper surface""]",1.0,0.8,0.8889,0.8
baskauf/11946,Aesculus hippocastanum,vanderbilt/6-87,leaf / showing orientation on twig,leaf,"[""leaf"", ""immature fruit"", ""stem"", ""fruit"", ""leaf arrangement on twig"", ""fruit borne on plant"", ""branch""]","{""leaf"": 0.8744, ""immature fruit"": 0.8015, ""stem"": 0.7942, ""fruit"": 0.7652, ""leaf arrangement on twig"": 0.6803, ""fruit borne on plant"": 0.6414, ""branch"": 0.563}",True,True,"[""green leaves"", ""round fruit"", ""woody branches"", ""leafy crown"", ""developing fruit"", ""partially visible trunk""]","[""leaf"", ""fruit"", ""branch"", ""whole plant"", ""immature fruit"", ""fruit borne on plant""]",0.7143,0.8333,0.7692,0.625
baskauf/11950,Aesculus hippocastanum,vanderbilt/6-87,fruit / immature,fruit,"[""fruit"", ""immature fruit"", ""fruit close-up"", ""fruit borne on plant"", ""stem"", ""twig""]","{""fruit"": 0.9341, ""immature fruit"": 0.929, ""fruit close-up"": 0.8786, ""fruit borne on plant"": 0.8768, ""stem"": 0.8445, ""twig"": 0.6086}",True,True,"[""spiky fruit"", ""woody stem"", ""green and brown"", ""close-up"", ""blurred background"", ""developing fruit""]","[""stem"", ""fruit"", ""immature fruit"", ""fruit borne on plant"", ""fruit close-up""]",0.8333,1.0,0.9091,0.8333
baskauf/11952,Aesculus hippocastanum,vanderbilt/6-87,bark / of a large tree,bark,"[""bark"", ""large-tree bark"", ""trunk""]","{""bark"": 0.9964, ""large-tree bark"": 0.9931, ""trunk"": 0.9924}",True,True,"[""tree bark"", ""ridged texture"", ""vertical view"", ""close-up bark"", ""grayish bark"", ""natural patterns""]","[""trunk"", ""bark"", ""large-tree bark""]",1.0,1.0,1.0,1.0
baskauf/11958,Ginkgo biloba,ind-baskauf/11958,bark / of a large tree,bark,"[""bark"", ""large-tree bark"", ""trunk""]","{""bark"": 0.9917, ""large-tree bark"": 0.9876, ""trunk"": 0.9831}",True,True,"[""tree bark"", ""ridged texture"", ""vertical view"", ""close-up bark"", ""grayish bark"", ""natural patterns""]","[""trunk"", ""bark"", ""large-tree bark""]",1.0,1.0,1.0,1.0
baskauf/11960,Ginkgo biloba,ind-baskauf/11958,bark / of a medium tree or large branch,bark,"[""bark"", ""trunk"", ""branch"", ""large-tree bark"", ""view up trunk"", ""leaf""]","{""bark"": 0.9822, ""trunk"": 0.9788, ""branch"": 0.917, ""large-tree bark"": 0.8997, ""view up trunk"": 0.8654, ""leaf"": 0.5096}",True,True,"[""tree trunk"", ""textured bark"", ""branching pattern"", ""green foliage"", ""sunlit leaves"", ""vertical composition""]","[""trunk"", ""bark"", ""branch"", ""leaf"", ""large-tree bark""]",0.8333,1.0,0.9091,0.8333
baskauf/11961,Prunus serotina,ind-baskauf/11961,leaf / showing orientation on twig,leaf,"[""leaf"", ""leaf arrangement on twig"", ""leaf upper surface"", ""leaf margin"", ""stem""]","{""leaf"": 0.9878, ""leaf arrangement on twig"": 0.932, ""leaf upper surface"": 0.7989, ""leaf margin"": 0.7378, ""stem"": 0.7154}",True,True,"[""elongated leaves"", ""green foliage"", ""compound leaf"", ""branching twig"", ""leaf arrangement""]","[""leaf"", ""twig"", ""leaf arrangement on twig""]",0.4,0.6667,0.5,0.3333
baskauf/11962,Prunus serotina,ind-baskauf/11961,leaf / whole upper surface,leaf,"[""leaf"", ""leaf upper surface"", ""leaf margin"", ""leaf arrangement on twig"", ""stem""]","{""leaf"": 0.9786, ""leaf upper surface"": 0.8635, ""leaf margin"": 0.8539, ""leaf arrangement on twig"": 0.85, ""stem"": 0.5811}",True,True,"[""green leaves"", ""leaf veins"", ""compound leaf"", ""close-up leaves"", ""leaf arrangement"", ""branching pattern""]","[""leaf"", ""twig"", ""leaf arrangement on twig"", ""leaf upper surface""]",0.6,0.75,0.6667,0.5
baskauf/11964,Prunus serotina,ind-baskauf/11961,fruit / as borne on the plant,fruit,"[""fruit"", ""fruit borne on plant"", ""leaf"", ""immature fruit"", ""branch""]","{""fruit"": 0.9644, ""fruit borne on plant"": 0.9198, ""leaf"": 0.8852, ""immature fruit"": 0.8797, ""branch"": 0.665}",True,True,"[""green leaves"", ""small round fruit"", ""woody branches"", ""leafy twig"", ""clusters of fruit"", ""bright green foliage""]","[""leaf"", ""fruit"", ""branch"", ""twig"", ""fruit borne on plant"", ""immature fruit""]",1.0,0.8333,0.9091,0.8333
baskauf/11966,Prunus serotina,ind-baskauf/11961,fruit / immature,fruit,"[""fruit"", ""fruit borne on plant"", ""fruit close-up"", ""immature fruit"", ""leaf""]","{""fruit"": 0.9496, ""fruit borne on plant"": 0.9047, ""fruit close-up"": 0.8741, ""immature fruit"": 0.8314, ""leaf"": 0.7252}",True,True,"[""green fruit"", ""smooth stem"", ""broad leaves"", ""developing fruit"", ""close-up view""]","[""stem"", ""leaf"", ""fruit"", ""immature fruit"", ""fruit borne on plant""]",0.8,0.8,0.8,0.6667
baskauf/11973,Juglans nigra,ind-baskauf/11973,fruit / immature,fruit,"[""fruit"", ""immature fruit"", ""fruit close-up"", ""fruit borne on plant"", ""stem"", ""leaf""]","{""fruit"": 0.9585, ""immature fruit"": 0.9357, ""fruit close-up"": 0.9151, ""fruit borne on plant"": 0.9146, ""stem"": 0.8688, ""leaf"": 0.6099}",True,True,"[""green fruit"", ""developing nut"", ""compound leaf"", ""green twig"", ""close-up view"", ""blurred background""]","[""fruit"", ""immature fruit"", ""leaf"", ""twig"", ""fruit borne on plant"", ""fruit close-up""]",0.8333,0.8333,0.8333,0.7143
baskauf/11993,Carya cordiformis,ind-baskauf/11993,leaf / whole upper surface,leaf,"[""leaf"", ""leaf arrangement on twig"", ""leaf upper surface"", ""stem"", ""leaf margin""]","{""leaf"": 0.9912, ""leaf arrangement on twig"": 0.975, ""leaf upper surface"": 0.8575, ""stem"": 0.756, ""leaf margin"": 0.7149}",True,True,"[""compound leaf"", ""green leaves"", ""leaf arrangement"", ""leaf veins"", ""stem"", ""close-up""]","[""leaf"", ""stem"", ""leaf arrangement on twig"", ""leaf upper surface""]",0.8,1.0,0.8889,0.8
baskauf/11995,Carya cordiformis,ind-baskauf/11993,twig / close-up winter leaf scar/bud,twig,"[""stem"", ""leaf arrangement on twig"", ""bud"", ""twig"", ""leaf""]","{""stem"": 0.966, ""leaf arrangement on twig"": 0.8333, ""bud"": 0.8154, ""twig"": 0.7997, ""leaf"": 0.7086}",True,False,"[""green stems"", ""angled branching"", ""developing buds"", ""close-up view"", ""smooth stems""]","[""stem"", ""twig"", ""bud"", ""leaf arrangement on twig""]",0.8,1.0,0.8889,0.8
baskauf/11996,Carya cordiformis,ind-baskauf/11993,whole tree (or vine) / general,whole plant,"[""leaf"", ""whole plant"", ""leaf arrangement on twig"", ""stem"", ""branch"", ""twig""]","{""leaf"": 0.9701, ""whole plant"": 0.8449, ""leaf arrangement on twig"": 0.8019, ""stem"": 0.7082, ""branch"": 0.65, ""twig"": 0.5403}",True,False,"[""green leaves"", ""woody stem"", ""forest understory"", ""multiple stems"", ""leafy branches"", ""vertical view""]","[""stem"", ""leaf"", ""branch"", ""whole plant""]",0.6667,1.0,0.8,0.6667
baskauf/11997,Carya cordiformis,ind-baskauf/11993,twig / close-up winter terminal bud,twig,"[""bud"", ""stem"", ""twig"", ""leaf arrangement on twig"", ""leaf""]","{""bud"": 0.9527, ""stem"": 0.8875, ""twig"": 0.8429, ""leaf arrangement on twig"": 0.8182, ""leaf"": 0.4379}",True,False,"[""green stem"", ""closed buds"", ""yellow flower parts"", ""close-up view"", ""blurred background"", ""delicate structures""]","[""stem"", ""bud"", ""flower"", ""flower close-up""]",0.4,0.5,0.4444,0.2857
baskauf/11999,Staphylea trifolia,ind-baskauf/11999,whole tree (or vine) / general,whole plant,"[""leaf"", ""leaf arrangement on twig"", ""stem"", ""fruit"", ""immature fruit""]","{""leaf"": 0.944, ""leaf arrangement on twig"": 0.7697, ""stem"": 0.7505, ""fruit"": 0.7307, ""immature fruit"": 0.7097}",False,False,"[""green leaves"", ""compound leaves"", ""hanging fruit"", ""slender stem"", ""bright light"", ""dense foliage""]","[""leaf"", ""stem"", ""fruit"", ""immature fruit"", ""leaf arrangement on twig""]",1.0,1.0,1.0,1.0
baskauf/12002,Staphylea trifolia,ind-baskauf/11999,leaf / whole upper surface,leaf,"[""leaf"", ""leaf arrangement on twig"", ""leaf upper surface"", ""stem""]","{""leaf"": 0.9864, ""leaf arrangement on twig"": 0.9566, ""leaf upper surface"": 0.8061, ""stem"": 0.6421}",True,True,"[""compound leaf"", ""green leaves"", ""leaf arrangement"", ""leaf veins"", ""stem"", ""close-up view""]","[""leaf"", ""stem"", ""leaf arrangement on twig"", ""leaf upper surface""]",1.0,1.0,1.0,1.0
baskauf/12005,Staphylea trifolia,ind-baskauf/11999,fruit / as borne on the plant,fruit,"[""fruit"", ""fruit close-up"", ""immature fruit"", ""fruit borne on plant"", ""leaf""]","{""fruit"": 0.938, ""fruit close-up"": 0.8957, ""immature fruit"": 0.8954, ""fruit borne on plant"": 0.8603, ""leaf"": 0.5589}",True,True,"[""hanging structures"", ""pale green"", ""translucent"", ""pendulous"", ""cluster"", ""branch"", ""blurred background"", ""natural light""]","[""fruit"", ""fruit borne on plant"", ""twig"", ""inflorescence"", ""immature fruit""]",0.6,0.6,0.6,0.4286
baskauf/12008,Staphylea trifolia,ind-baskauf/11999,fruit / lateral or general close-up,fruit,"[""fruit"", ""immature fruit"", ""fruit close-up"", ""fruit borne on plant"", ""stem""]","{""fruit"": 0.9263, ""immature fruit"": 0.9179, ""fruit close-up"": 0.8888, ""fruit borne on plant"": 0.8549, ""stem"": 0.5304}",True,True,"[""green fruit"", ""close-up"", ""smooth surface"", ""held by hand"", ""developing fruit"", ""bright green""]","[""fruit"", ""fruit close-up"", ""immature fruit"", ""fruit borne on plant""]",0.8,1.0,0.8889,0.8
baskauf/12021,Ostrya virginiana,ind-baskauf/12021,bark / of a small tree or small branch,bark,"[""bark"", ""trunk"", ""large-tree bark""]","{""bark"": 0.9905, ""trunk"": 0.9723, ""large-tree bark"": 0.9514}",True,True,"[""tree trunk"", ""textured bark"", ""mossy bark"", ""vertical view"", ""natural light"", ""blurred background""]","[""trunk"", ""bark"", ""large-tree bark""]",1.0,1.0,1.0,1.0
baskauf/12036,Carpinus caroliniana,ind-baskauf/12036,bark / of a small tree or small branch,bark,"[""bark"", ""trunk"", ""large-tree bark"", ""medium-tree or large-branch bark""]","{""bark"": 0.9838, ""trunk"": 0.9552, ""large-tree bark"": 0.9409, ""medium-tree or large-branch bark"": 0.848}",True,True,"[""tree trunk"", ""smooth bark"", ""lichen growth"", ""vertical view"", ""natural texture"", ""close-up bark""]","[""trunk"", ""bark"", ""large-tree bark""]",0.75,1.0,0.8571,0.75
baskauf/12037,Carpinus caroliniana,ind-baskauf/12036,leaf / showing orientation on twig,leaf,"[""leaf"", ""leaf arrangement on twig"", ""leaf upper surface"", ""stem"", ""twig""]","{""leaf"": 0.9721, ""leaf arrangement on twig"": 0.9247, ""leaf upper surface"": 0.8477, ""stem"": 0.7578, ""twig"": 0.6101}",True,True,"[""green leaves"", ""red twig"", ""leaf veins"", ""leaf arrangement"", ""close-up leaves""]","[""leaf"", ""twig"", ""leaf arrangement on twig"", ""leaf upper surface""]",0.8,1.0,0.8889,0.8
baskauf/12039,Carpinus caroliniana,ind-baskauf/12036,leaf / whole upper surface,leaf,"[""leaf"", ""leaf upper surface"", ""leaf arrangement on twig"", ""leaf margin"", ""stem""]","{""leaf"": 0.9655, ""leaf upper surface"": 0.9166, ""leaf arrangement on twig"": 0.8713, ""leaf margin"": 0.8423, ""stem"": 0.5963}",True,True,"[""single leaf"", ""serrated edge"", ""green leaf"", ""leaf veins"", ""close-up leaf"", ""red twig""]","[""leaf"", ""leaf upper surface"", ""leaf margin"", ""twig"", ""petiole arrangement""]",0.6,0.6,0.6,0.4286
baskauf/12041,Prunus serotina,ind-baskauf/12041,bark / of a large tree,bark,"[""trunk"", ""bark"", ""large-tree bark"", ""view up trunk"", ""branch""]","{""trunk"": 0.9883, ""bark"": 0.9833, ""large-tree bark"": 0.9233, ""view up trunk"": 0.8588, ""branch"": 0.624}",True,False,"[""tree trunks"", ""rough bark"", ""climbing stem"", ""forest background"", ""vertical composition"", ""natural light""]","[""trunk"", ""bark"", ""stem"", ""whole plant"", ""large-tree bark""]",0.6,0.6,0.6,0.4286
baskauf/12043,Prunus serotina,ind-baskauf/12041,whole tree (or vine) / view up trunk,whole plant,"[""view up trunk"", ""trunk"", ""bark"", ""whole plant"", ""branch"", ""large-tree bark"", ""leaf""]","{""view up trunk"": 0.9932, ""trunk"": 0.9843, ""bark"": 0.9688, ""whole plant"": 0.953, ""branch"": 0.9391, ""large-tree bark"": 0.887, ""leaf"": 0.7772}",True,False,"[""tree trunk"", ""looking up into canopy"", ""green leaves"", ""woody branches"", ""textured bark"", ""bright sky""]","[""whole plant"", ""trunk"", ""bark"", ""branch"", ""leaf"", ""view up trunk""]",0.8571,1.0,0.9231,0.8571
baskauf/12045,Prunus serotina,ind-baskauf/12041,bark / of a large tree,bark,"[""bark"", ""large-tree bark"", ""trunk""]","{""bark"": 0.9897, ""large-tree bark"": 0.9846, ""trunk"": 0.9686}",True,True,"[""tree bark"", ""ridged texture"", ""vertical lines"", ""close-up"", ""gray tones"", ""natural pattern""]","[""bark"", ""large-tree bark"", ""trunk"", ""medium-tree or large-branch bark""]",1.0,0.75,0.8571,0.75
baskauf/12050,Quercus muehlenbergii,ind-baskauf/12050,bark / of a medium tree or large branch,bark,"[""bark"", ""large-tree bark"", ""trunk""]","{""bark"": 0.9955, ""large-tree bark"": 0.9902, ""trunk"": 0.9867}",True,True,"[""tree trunk"", ""flaking bark"", ""vertical view"", ""forest background"", ""gray bark"", ""textured surface""]","[""trunk"", ""bark"", ""large-tree bark"", ""view up trunk""]",1.0,0.75,0.8571,0.75
baskauf/12055,Quercus muehlenbergii,ind-baskauf/12050,whole tree (or vine) / view up trunk,whole plant,"[""leaf"", ""branch"", ""whole plant"", ""view up trunk"", ""trunk"", ""leaf arrangement on twig""]","{""leaf"": 0.9807, ""branch"": 0.9145, ""whole plant"": 0.8641, ""view up trunk"": 0.8398, ""trunk"": 0.6295, ""leaf arrangement on twig"": 0.6088}",True,False,"[""bright green leaves"", ""upward view"", ""tree canopy"", ""woody trunk"", ""leaf arrangement"", ""sunlit foliage""]","[""whole plant"", ""trunk"", ""branch"", ""leaf"", ""view up trunk"", ""leaf arrangement on twig""]",1.0,1.0,1.0,1.0
baskauf/12060,Carya cordiformis,ind-baskauf/12060,leaf / whole upper surface,leaf,"[""leaf"", ""leaf arrangement on twig"", ""leaf upper surface"", ""stem""]","{""leaf"": 0.9893, ""leaf arrangement on twig"": 0.9767, ""leaf upper surface"": 0.8585, ""stem"": 0.6167}",True,True,"[""palmate leaves"", ""compound leaf"", ""leaf veins"", ""green foliage"", ""leaf arrangement"", ""central stem""]","[""leaf"", ""stem"", ""leaf arrangement on twig""]",0.75,1.0,0.8571,0.75
baskauf/12128,Ostrya virginiana,ind-baskauf/12128,leaf / whole upper surface,leaf,"[""leaf"", ""leaf upper surface"", ""leaf margin"", ""leaf arrangement on twig"", ""stem""]","{""leaf"": 0.9773, ""leaf upper surface"": 0.9331, ""leaf margin"": 0.9192, ""leaf arrangement on twig"": 0.8903, ""stem"": 0.6766}",True,True,"[""serrated leaf"", ""leaf veins"", ""green foliage"", ""close-up leaf"", ""leaf texture"", ""leaf underside""]","[""leaf"", ""leaf upper surface"", ""leaf margin""]",0.6,1.0,0.75,0.6
baskauf/12129,Ostrya virginiana,ind-baskauf/12128,leaf / showing orientation on twig,leaf,"[""leaf"", ""leaf arrangement on twig"", ""stem"", ""leaf upper surface"", ""twig""]","{""leaf"": 0.9793, ""leaf arrangement on twig"": 0.9267, ""stem"": 0.7974, ""leaf upper surface"": 0.7561, ""twig"": 0.68}",True,True,"[""green leaves"", ""woody stem"", ""leaf arrangement"", ""developing fruit"", ""close-up view""]","[""leaf"", ""stem"", ""leaf arrangement on twig"", ""fruit"", ""immature fruit""]",0.6,0.6,0.6,0.4286
baskauf/12131,Ostrya virginiana,ind-baskauf/12128,whole tree (or vine) / general,whole plant,"[""leaf"", ""branch"", ""whole plant"", ""stem"", ""twig""]","{""leaf"": 0.9386, ""branch"": 0.8991, ""whole plant"": 0.885, ""stem"": 0.7565, ""twig"": 0.6092}",True,False,"[""green leaves"", ""multiple stems"", ""woody stems"", ""leaf arrangement"", ""bright light"", ""natural setting"", ""dense foliage"", ""upward view""]","[""stem"", ""leaf"", ""twig"", ""leaf arrangement on twig"", ""whole plant""]",0.8,0.8,0.8,0.6667
baskauf/12171,Sambucus nigra,ind-baskauf/12171,whole tree (or vine) / general,whole plant,"[""leaf"", ""inflorescence"", ""whole plant"", ""flower"", ""stem"", ""branch""]","{""leaf"": 0.9392, ""inflorescence"": 0.9186, ""whole plant"": 0.9146, ""flower"": 0.8811, ""stem"": 0.6218, ""branch"": 0.5503}",True,False,"[""dense flower clusters"", ""compound leaves"", ""green foliage"", ""full shrub"", ""bright sunlight"", ""abundant blooms"", ""layered branches"", ""summertime view""]","[""whole plant"", ""leaf"", ""inflorescence"", ""flower"", ""branch""]",0.8333,1.0,0.9091,0.8333
baskauf/12175,Sambucus nigra,ind-baskauf/12171,inflorescence / frontal view of flower,flower,"[""flower"", ""flower close-up"", ""inflorescence"", ""flower interior""]","{""flower"": 0.9734, ""flower close-up"": 0.9645, ""inflorescence"": 0.9418, ""flower interior"": 0.8521}",True,True,"[""white flowers"", ""flower cluster"", ""small flowers"", ""close-up view"", ""dense inflorescence"", ""bright light""]","[""flower"", ""inflorescence"", ""flower close-up"", ""flower interior"", ""frontal flower view""]",1.0,0.8,0.8889,0.8
baskauf/12178,Sambucus nigra,ind-baskauf/12171,leaf / whole upper surface,leaf,"[""leaf"", ""leaf arrangement on twig"", ""stem"", ""twig"", ""branch""]","{""leaf"": 0.9836, ""leaf arrangement on twig"": 0.953, ""stem"": 0.6542, ""twig"": 0.6069, ""branch"": 0.5833}",True,True,"[""compound leaf"", ""bright green foliage"", ""leaf arrangement"", ""leaf margin"", ""central stem"", ""close-up view""]","[""leaf"", ""stem"", ""leaf arrangement on twig"", ""leaf margin""]",0.6,0.75,0.6667,0.5
baskauf/12190,Sambucus nigra,ind-baskauf/12190,inflorescence / whole - unspecified,flower,"[""inflorescence"", ""flower"", ""leaf"", ""stem""]","{""inflorescence"": 0.9255, ""flower"": 0.9055, ""leaf"": 0.7746, ""stem"": 0.7284}",True,False,"[""large flower cluster"", ""green leaves"", ""woody stem"", ""bright sky"", ""cream colored flowers""]","[""stem"", ""leaf"", ""flower"", ""inflorescence"", ""flower close-up""]",1.0,0.8,0.8889,0.8
baskauf/12192,Sambucus nigra,ind-baskauf/12190,inflorescence / whole - unspecified,flower,"[""inflorescence"", ""leaf"", ""flower"", ""stem"", ""flower close-up""]","{""inflorescence"": 0.9192, ""leaf"": 0.9175, ""flower"": 0.8688, ""stem"": 0.68, ""flower close-up"": 0.641}",True,False,"[""white flower cluster"", ""dense inflorescence"", ""green foliage"", ""compound leaves"", ""close-up view"", ""blurred background""]","[""flower"", ""inflorescence"", ""leaf"", ""flower close-up""]",0.8,1.0,0.8889,0.8
baskauf/12242,Ulmus americana,vanderbilt/13-27,whole tree (or vine) / general,whole plant,"[""whole plant"", ""view up trunk"", ""branch"", ""trunk"", ""leaf""]","{""whole plant"": 0.9959, ""view up trunk"": 0.9757, ""branch"": 0.9739, ""trunk"": 0.9599, ""leaf"": 0.9232}",True,True,"[""large tree"", ""dense foliage"", ""branching pattern"", ""woody trunk"", ""green canopy"", ""sky visible through leaves""]","[""whole plant"", ""trunk"", ""branch"", ""leaf"", ""view up trunk""]",1.0,1.0,1.0,1.0
baskauf/12246,Ulmus americana,vanderbilt/13-27,bark / of a large tree,bark,"[""bark"", ""large-tree bark"", ""trunk""]","{""bark"": 0.9854, ""large-tree bark"": 0.9833, ""trunk"": 0.9813}",True,True,"[""ridged bark"", ""textured surface"", ""vertical lines"", ""close-up bark"", ""tree trunk"", ""gray-brown tones""]","[""trunk"", ""bark"", ""large-tree bark""]",1.0,1.0,1.0,1.0
baskauf/12247,Acer saccharinum,vanderbilt/13-12,bark / of a large tree,bark,"[""bark"", ""large-tree bark"", ""trunk""]","{""bark"": 0.9913, ""large-tree bark"": 0.9861, ""trunk"": 0.9858}",True,True,"[""ridged bark"", ""tree trunk"", ""vertical texture"", ""close-up bark"", ""grayish bark""]","[""trunk"", ""bark"", ""large-tree bark""]",1.0,1.0,1.0,1.0
baskauf/12251,Acer saccharinum,vanderbilt/13-12,whole tree (or vine) / general,whole plant,"[""whole plant"", ""leaf"", ""branch"", ""trunk""]","{""whole plant"": 0.9029, ""leaf"": 0.8973, ""branch"": 0.8058, ""trunk"": 0.8017}",True,True,"[""full tree"", ""green foliage"", ""dark bark"", ""branching pattern"", ""urban setting"", ""tree in front of building""]","[""whole plant"", ""trunk"", ""bark"", ""branch"", ""leaf""]",1.0,0.8,0.8889,0.8
baskauf/12254,Acer saccharinum,vanderbilt/13-12,leaf / showing orientation on twig,leaf,"[""leaf"", ""leaf arrangement on twig"", ""leaf upper surface"", ""twig""]","{""leaf"": 0.9422, ""leaf arrangement on twig"": 0.8723, ""leaf upper surface"": 0.816, ""twig"": 0.6119}",True,True,"[""green leaves"", ""variegated leaf"", ""woody stem"", ""leaf arrangement"", ""close-up leaves""]","[""leaf"", ""stem"", ""leaf arrangement on twig""]",0.5,0.6667,0.5714,0.4
baskauf/12255,Acer saccharinum,vanderbilt/13-12,leaf / whole upper surface,leaf,"[""leaf upper surface"", ""leaf"", ""leaf margin"", ""leaf arrangement on twig""]","{""leaf upper surface"": 0.9274, ""leaf"": 0.9196, ""leaf margin"": 0.7821, ""leaf arrangement on twig"": 0.7413}",True,False,"[""lobed leaves"", ""green leaf"", ""pale leaf"", ""leaf veins"", ""close-up leaf""]","[""leaf"", ""leaf upper surface"", ""leaf margin""]",0.75,1.0,0.8571,0.75
baskauf/12258,Magnolia acuminata,vanderbilt/12-206,whole tree (or vine) / general,whole plant,"[""whole plant"", ""trunk"", ""view up trunk"", ""branch"", ""leaf""]","{""whole plant"": 0.9964, ""trunk"": 0.9686, ""view up trunk"": 0.9665, ""branch"": 0.9634, ""leaf"": 0.9268}",True,True,"[""full tree canopy"", ""dense foliage"", ""large tree"", ""green leaves"", ""woody trunk"", ""branching pattern""]","[""whole plant"", ""trunk"", ""branch"", ""leaf"", ""view up trunk""]",1.0,1.0,1.0,1.0
baskauf/12307,Ginkgo biloba,vanderbilt/12-63,cone / female - closed,cone,"[""fruit"", ""leaf"", ""fruit borne on plant"", ""branch"", ""immature fruit""]","{""fruit"": 0.9331, ""leaf"": 0.9117, ""fruit borne on plant"": 0.9046, ""branch"": 0.86, ""immature fruit"": 0.781}",False,False,"[""green leaves"", ""round fruit"", ""woody branch"", ""bright light"", ""leafy canopy"", ""close-up view""]","[""leaf"", ""fruit"", ""branch"", ""fruit borne on plant"", ""immature fruit""]",1.0,1.0,1.0,1.0
baskauf/12309,Ginkgo biloba,vanderbilt/12-63,cone / female - closed,cone,"[""fruit"", ""fruit borne on plant"", ""leaf"", ""immature fruit"", ""stem""]","{""fruit"": 0.8767, ""fruit borne on plant"": 0.86, ""leaf"": 0.7902, ""immature fruit"": 0.7811, ""stem"": 0.7641}",False,False,"[""green fruit"", ""fan-shaped leaves"", ""woody branch"", ""hanging fruit"", ""close-up view"", ""blurred background""]","[""fruit"", ""leaf"", ""branch"", ""fruit borne on plant"", ""fruit close-up""]",0.6,0.6,0.6,0.4286
baskauf/12316,Quercus velutina,vanderbilt/7-313,twig / unspecified,twig,"[""bud"", ""terminal bud"", ""twig""]","{""bud"": 0.9373, ""terminal bud"": 0.8709, ""twig"": 0.7293}",True,False,"[""fuzzy buds"", ""close-up view"", ""developing structures"", ""brown and green""]","[""bud"", ""flower close-up"", ""immature fruit"", ""fruit borne on plant""]",0.3333,0.25,0.2857,0.1667
baskauf/12318,Quercus muehlenbergii,vanderbilt/15-154,whole tree (or vine) / general,whole plant,"[""whole plant"", ""trunk"", ""leaf"", ""branch"", ""view up trunk""]","{""whole plant"": 0.9816, ""trunk"": 0.9556, ""leaf"": 0.9503, ""branch"": 0.9124, ""view up trunk"": 0.746}",True,True,"[""large tree"", ""dense canopy"", ""broad leaves"", ""full crown"", ""green foliage"", ""tree in landscape""]","[""whole plant"", ""trunk"", ""leaf"", ""large-tree bark""]",0.6,0.75,0.6667,0.5
baskauf/12319,Quercus muehlenbergii,vanderbilt/15-154,bark / of a large tree,bark,"[""bark"", ""trunk"", ""large-tree bark""]","{""bark"": 0.9908, ""trunk"": 0.9892, ""large-tree bark"": 0.983}",True,True,"[""tree bark"", ""ridged texture"", ""grayish bark"", ""vertical view"", ""close-up bark"", ""tree trunk""]","[""trunk"", ""bark"", ""large-tree bark""]",1.0,1.0,1.0,1.0
baskauf/12321,Quercus muehlenbergii,vanderbilt/15-154,whole tree (or vine) / view up trunk,whole plant,"[""trunk"", ""bark"", ""branch"", ""leaf"", ""view up trunk"", ""large-tree bark"", ""whole plant""]","{""trunk"": 0.9637, ""bark"": 0.9587, ""branch"": 0.9482, ""leaf"": 0.9178, ""view up trunk"": 0.8617, ""large-tree bark"": 0.8611, ""whole plant"": 0.8453}",True,False,"[""tree trunk"", ""rough bark"", ""green leaves"", ""branching pattern"", ""upward view"", ""forest canopy""]","[""whole plant"", ""trunk"", ""bark"", ""branch"", ""leaf"", ""view up trunk"", ""large-tree bark""]",1.0,1.0,1.0,1.0
baskauf/12323,Quercus muehlenbergii,vanderbilt/15-154,leaf / showing orientation on twig,leaf,"[""leaf"", ""leaf arrangement on twig"", ""branch""]","{""leaf"": 0.9553, ""leaf arrangement on twig"": 0.8175, ""branch"": 0.6639}",True,True,"[""green leaves"", ""woody branch"", ""small fruits"", ""leaf arrangement"", ""branching pattern"", ""outdoor scene""]","[""branch"", ""leaf"", ""fruit"", ""leaf arrangement on twig"", ""fruit borne on plant"", ""immature fruit""]",1.0,0.5,0.6667,0.5
baskauf/12324,Quercus muehlenbergii,vanderbilt/15-154,leaf / whole upper surface,leaf,"[""leaf"", ""leaf upper surface"", ""leaf margin"", ""leaf arrangement on twig""]","{""leaf"": 0.9875, ""leaf upper surface"": 0.9585, ""leaf margin"": 0.9103, ""leaf arrangement on twig"": 0.6992}",True,True,"[""large green leaf"", ""leaf veins"", ""serrated leaf edge"", ""close-up leaf"", ""bright light"", ""blurred background""]","[""leaf"", ""leaf upper surface"", ""leaf margin""]",0.75,1.0,0.8571,0.75
baskauf/12328,Quercus muehlenbergii,vanderbilt/15-154,leaf / margin of upper + lower surface,leaf,"[""leaf"", ""leaf upper surface"", ""leaf margin"", ""leaf arrangement on twig""]","{""leaf"": 0.9886, ""leaf upper surface"": 0.9629, ""leaf margin"": 0.9379, ""leaf arrangement on twig"": 0.6724}",True,True,"[""green leaf"", ""leaf edge"", ""leaf texture"", ""close-up"", ""serrated margin"", ""vein pattern"", ""blurred background""]","[""leaf"", ""leaf margin"", ""leaf upper surface""]",0.75,1.0,0.8571,0.75
baskauf/12356,Quercus bicolor,vanderbilt/6-173,bark / of a large tree,bark,"[""bark"", ""large-tree bark"", ""trunk""]","{""bark"": 0.9937, ""large-tree bark"": 0.9916, ""trunk"": 0.9867}",True,True,"[""tree bark"", ""ridged texture"", ""vertical lines"", ""close-up view"", ""natural patterns"", ""brown tones""]","[""trunk"", ""bark"", ""large-tree bark""]",1.0,1.0,1.0,1.0
baskauf/12361,Quercus bicolor,vanderbilt/6-173,whole tree (or vine) / view up trunk,whole plant,"[""trunk"", ""view up trunk"", ""branch"", ""whole plant"", ""bark"", ""large-tree bark"", ""leaf""]","{""trunk"": 0.9866, ""view up trunk"": 0.9787, ""branch"": 0.9531, ""whole plant"": 0.9468, ""bark"": 0.9345, ""large-tree bark"": 0.8903, ""leaf"": 0.7718}",True,False,"[""large tree"", ""textured bark"", ""branching trunk"", ""green foliage"", ""upward view"", ""sky background""]","[""whole plant"", ""trunk"", ""bark"", ""branch"", ""view up trunk"", ""leaf""]",0.8571,1.0,0.9231,0.8571
baskauf/12363,Quercus bicolor,vanderbilt/6-173,leaf / showing orientation on twig,leaf,"[""leaf"", ""leaf upper surface"", ""leaf arrangement on twig"", ""leaf margin"", ""stem""]","{""leaf"": 0.9875, ""leaf upper surface"": 0.919, ""leaf arrangement on twig"": 0.9055, ""leaf margin"": 0.7035, ""stem"": 0.5569}",True,True,"[""lobed green leaves"", ""developing acorn"", ""woody stem"", ""close-up view""]","[""leaf"", ""fruit"", ""stem"", ""immature fruit"", ""fruit borne on plant""]",0.4,0.4,0.4,0.25
baskauf/12366,Quercus bicolor,vanderbilt/6-173,leaf / whole upper surface,leaf,"[""leaf"", ""leaf upper surface"", ""leaf margin"", ""leaf arrangement on twig""]","{""leaf"": 0.9812, ""leaf upper surface"": 0.9633, ""leaf margin"": 0.875, ""leaf arrangement on twig"": 0.8289}",True,True,"[""green leaf"", ""leaf veins"", ""leaf margin"", ""woody stem"", ""close-up view""]","[""leaf"", ""stem"", ""leaf upper surface"", ""leaf margin"", ""twig"", ""leaf arrangement on twig""]",1.0,0.6667,0.8,0.6667
baskauf/12368,Quercus bicolor,vanderbilt/6-173,leaf / margin of upper + lower surface,leaf,"[""leaf"", ""leaf upper surface"", ""leaf margin""]","{""leaf"": 0.9881, ""leaf upper surface"": 0.9813, ""leaf margin"": 0.971}",True,True,"[""serrated leaf edge"", ""green leaf"", ""leaf veins"", ""close-up leaf detail"", ""textured leaf surface""]","[""leaf"", ""leaf margin"", ""leaf upper surface""]",1.0,1.0,1.0,1.0
baskauf/12376,Quercus muehlenbergii,vanderbilt/15-154,leaf / unspecified,leaf,"[""petiole arrangement"", ""leaf upper surface"", ""leaf margin"", ""leaf""]","{""petiole arrangement"": 0.871, ""leaf upper surface"": 0.818, ""leaf margin"": 0.7773, ""leaf"": 0.574}",True,False,"[""leaf veins"", ""close-up"", ""green leaf"", ""leaf texture"", ""vein arrangement"", ""plant detail""]","[""leaf"", ""leaf upper surface"", ""leaf margin"", ""petiole arrangement""]",1.0,1.0,1.0,1.0
baskauf/12382,Quercus bicolor,vanderbilt/6-173,leaf / unspecified,leaf,"[""leaf margin"", ""leaf upper surface"", ""leaf""]","{""leaf margin"": 0.8889, ""leaf upper surface"": 0.7904, ""leaf"": 0.7104}",True,False,"[""leaf texture"", ""leaf veins"", ""green stem"", ""close-up view"", ""plant detail""]","[""leaf"", ""stem"", ""leaf upper surface"", ""leaf arrangement on twig"", ""petiole arrangement""]",0.6667,0.4,0.5,0.3333
baskauf/12393,Quercus muehlenbergii,vanderbilt/15-154,leaf / unspecified,leaf,"[""leaf upper surface"", ""leaf margin"", ""leaf"", ""petiole arrangement""]","{""leaf upper surface"": 0.9947, ""leaf margin"": 0.9922, ""leaf"": 0.9844, ""petiole arrangement"": 0.9097}",True,False,"[""leaf veins"", ""leaf texture"", ""close-up leaf"", ""green veins"", ""broad leaf""]","[""leaf"", ""leaf upper surface"", ""leaf margin""]",0.75,1.0,0.8571,0.75
baskauf/12396,Quercus bicolor,vanderbilt/6-173,leaf / unspecified,leaf,"[""leaf upper surface"", ""leaf margin"", ""leaf"", ""petiole arrangement""]","{""leaf upper surface"": 0.9827, ""leaf margin"": 0.9618, ""leaf"": 0.9392, ""petiole arrangement"": 0.8697}",True,False,"[""leaf veins"", ""green leaf"", ""leaf underside"", ""close-up leaf"", ""leaf structure"", ""plant texture""]","[""leaf"", ""leaf upper surface"", ""leaf margin"", ""leaf arrangement on twig"", ""petiole arrangement""]",1.0,0.8,0.8889,0.8
baskauf/12403,Quercus alba,vanderbilt/7-324,leaf / showing orientation on twig,leaf,"[""leaf"", ""leaf arrangement on twig"", ""leaf upper surface"", ""twig""]","{""leaf"": 0.9375, ""leaf arrangement on twig"": 0.6919, ""leaf upper surface"": 0.6904, ""twig"": 0.5805}",True,True,"[""lobed leaves"", ""developing buds"", ""green foliage"", ""branching pattern"", ""close-up view"", ""immature fruit""]","[""leaf"", ""twig"", ""bud"", ""fruit"", ""immature fruit"", ""fruit borne on plant""]",0.5,0.3333,0.4,0.25
baskauf/12405,Quercus alba,vanderbilt/7-324,fruit / immature,fruit,"[""immature fruit"", ""fruit borne on plant"", ""fruit"", ""fruit close-up"", ""stem"", ""leaf"", ""bud"", ""twig""]","{""immature fruit"": 0.921, ""fruit borne on plant"": 0.9066, ""fruit"": 0.8882, ""fruit close-up"": 0.8029, ""stem"": 0.7235, ""leaf"": 0.7099, ""bud"": 0.6882, ""twig"": 0.5951}",True,False,"[""green leaves"", ""developing fruit"", ""close-up"", ""textured surface"", ""pale yellow fruit"", ""veined leaves""]","[""leaf"", ""fruit"", ""immature fruit"", ""fruit close-up""]",0.5,1.0,0.6667,0.5
baskauf/12407,Quercus alba,vanderbilt/7-324,leaf / showing orientation on twig,leaf,"[""leaf"", ""leaf arrangement on twig"", ""leaf upper surface""]","{""leaf"": 0.9841, ""leaf arrangement on twig"": 0.8336, ""leaf upper surface"": 0.8282}",True,True,"[""lobed leaves"", ""green foliage"", ""leaf veins"", ""leaf upper surface"", ""close-up view"", ""natural light""]","[""leaf"", ""leaf upper surface""]",0.6667,1.0,0.8,0.6667
baskauf/12409,Quercus alba,vanderbilt/7-324,whole tree (or vine) / general,whole plant,"[""whole plant"", ""trunk"", ""branch"", ""leaf"", ""view up trunk""]","{""whole plant"": 0.9927, ""trunk"": 0.9695, ""branch"": 0.945, ""leaf"": 0.9322, ""view up trunk"": 0.9081}",True,True,"[""large tree"", ""dense foliage"", ""full crown"", ""broad leaves"", ""woody trunk"", ""urban setting""]","[""whole plant"", ""trunk"", ""leaf"", ""large-tree bark"", ""view up trunk""]",0.8,0.8,0.8,0.6667
baskauf/12411,Quercus alba,vanderbilt/6-152,whole tree (or vine) / view up trunk,whole plant,"[""trunk"", ""bark"", ""view up trunk"", ""large-tree bark"", ""whole plant"", ""branch"", ""leaf""]","{""trunk"": 0.9901, ""bark"": 0.9782, ""view up trunk"": 0.9387, ""large-tree bark"": 0.9177, ""whole plant"": 0.9137, ""branch"": 0.9047, ""leaf"": 0.5667}",True,False,"[""tree branches"", ""textured bark"", ""upward view"", ""green foliage"", ""large tree"", ""woodland scene""]","[""whole plant"", ""trunk"", ""bark"", ""branch"", ""view up trunk"", ""large-tree bark""]",0.8571,1.0,0.9231,0.8571
baskauf/12413,Quercus macrocarpa,vanderbilt/7-314,whole tree (or vine) / general,whole plant,"[""whole plant"", ""trunk"", ""view up trunk"", ""branch"", ""leaf"", ""large-tree bark""]","{""whole plant"": 0.993, ""trunk"": 0.9915, ""view up trunk"": 0.9649, ""branch"": 0.9618, ""leaf"": 0.9379, ""large-tree bark"": 0.8295}",True,True,"[""large tree"", ""massive branches"", ""textured bark"", ""dense foliage"", ""upward view"", ""green canopy""]","[""whole plant"", ""trunk"", ""branch"", ""bark"", ""view up trunk"", ""leaf""]",0.8333,0.8333,0.8333,0.7143
baskauf/12417,Quercus macrocarpa,vanderbilt/7-314,bark / of a large tree,bark,"[""trunk"", ""large-tree bark"", ""bark""]","{""trunk"": 0.9942, ""large-tree bark"": 0.9908, ""bark"": 0.9878}",True,False,"[""tree trunk"", ""rough bark"", ""vertical ridges"", ""textured surface"", ""close-up bark"", ""natural patterns""]","[""trunk"", ""bark"", ""large-tree bark""]",1.0,1.0,1.0,1.0
baskauf/12420,Quercus macrocarpa,vanderbilt/7-314,whole tree (or vine) / view up trunk,whole plant,"[""trunk"", ""bark"", ""view up trunk"", ""large-tree bark"", ""whole plant"", ""branch"", ""leaf""]","{""trunk"": 0.992, ""bark"": 0.9751, ""view up trunk"": 0.9623, ""large-tree bark"": 0.9575, ""whole plant"": 0.8921, ""branch"": 0.8789, ""leaf"": 0.5374}",True,False,"[""large tree"", ""textured bark"", ""branching crown"", ""upward view"", ""woody trunk"", ""green foliage""]","[""whole plant"", ""trunk"", ""bark"", ""branch"", ""view up trunk"", ""large-tree bark""]",0.8571,1.0,0.9231,0.8571
baskauf/12424,Quercus velutina,vanderbilt/7-313,whole tree (or vine) / general,whole plant,"[""whole plant"", ""branch"", ""trunk"", ""leaf"", ""view up trunk""]","{""whole plant"": 0.996, ""branch"": 0.9767, ""trunk"": 0.9324, ""leaf"": 0.9294, ""view up trunk"": 0.9286}",True,True,"[""tree crown"", ""dense foliage"", ""branching pattern"", ""upward view"", ""green leaves"", ""woody trunk""]","[""whole plant"", ""trunk"", ""branch"", ""leaf"", ""view up trunk""]",1.0,1.0,1.0,1.0
baskauf/12429,Quercus velutina,vanderbilt/7-313,bark / of a large tree,bark,"[""trunk"", ""bark"", ""large-tree bark""]","{""trunk"": 0.9924, ""bark"": 0.9869, ""large-tree bark"": 0.9823}",True,False,"[""tree bark"", ""vertical ridges"", ""rough texture"", ""close-up bark"", ""grayish bark"", ""tree trunk""]","[""trunk"", ""bark"", ""large-tree bark""]",1.0,1.0,1.0,1.0
baskauf/12433,Quercus velutina,vanderbilt/7-313,whole tree (or vine) / view up trunk,whole plant,"[""trunk"", ""bark"", ""view up trunk"", ""branch"", ""large-tree bark"", ""whole plant"", ""leaf""]","{""trunk"": 0.988, ""bark"": 0.9747, ""view up trunk"": 0.9668, ""branch"": 0.9202, ""large-tree bark"": 0.9135, ""whole plant"": 0.8861, ""leaf"": 0.6254}",True,False,"[""large tree"", ""textured bark"", ""branching pattern"", ""green canopy"", ""upward view"", ""woody trunk""]","[""whole plant"", ""trunk"", ""bark"", ""branch"", ""view up trunk"", ""large-tree bark""]",0.8571,1.0,0.9231,0.8571
baskauf/12434,Quercus velutina,vanderbilt/7-313,leaf / showing orientation on twig,leaf,"[""leaf"", ""leaf arrangement on twig"", ""twig"", ""branch""]","{""leaf"": 0.9623, ""leaf arrangement on twig"": 0.7421, ""twig"": 0.6079, ""branch"": 0.5956}",True,True,"[""green leaves"", ""lobed leaves"", ""branching pattern"", ""leaf arrangement"", ""bright light"", ""sky background"", ""dense foliage"", ""close-up leaves""]","[""leaf"", ""branch"", ""leaf arrangement on twig"", ""leaf upper surface""]",0.75,0.75,0.75,0.6
baskauf/12435,Quercus palustris,vanderbilt/3-62,whole tree (or vine) / general,whole plant,"[""whole plant"", ""trunk"", ""branch"", ""view up trunk"", ""leaf""]","{""whole plant"": 0.995, ""trunk"": 0.983, ""branch"": 0.9755, ""view up trunk"": 0.9751, ""leaf"": 0.8831}",True,True,"[""large tree"", ""green foliage"", ""woody trunk"", ""branching pattern"", ""dense canopy"", ""urban setting""]","[""whole plant"", ""trunk"", ""branch"", ""leaf"", ""large-tree bark"", ""view up trunk""]",1.0,0.8333,0.9091,0.8333
baskauf/12438,Quercus palustris,vanderbilt/3-62,bark / of a large tree,bark,"[""trunk"", ""bark"", ""large-tree bark""]","{""trunk"": 0.9943, ""bark"": 0.9933, ""large-tree bark"": 0.9928}",True,False,"[""tree trunk"", ""rough bark"", ""vertical ridges"", ""grayish texture"", ""close-up bark"", ""natural pattern""]","[""trunk"", ""bark"", ""large-tree bark""]",1.0,1.0,1.0,1.0
baskauf/12440,Quercus palustris,vanderbilt/3-62,whole tree (or vine) / view up trunk,whole plant,"[""trunk"", ""view up trunk"", ""bark"", ""large-tree bark"", ""branch"", ""whole plant"", ""leaf""]","{""trunk"": 0.9884, ""view up trunk"": 0.9773, ""bark"": 0.9654, ""large-tree bark"": 0.9183, ""branch"": 0.907, ""whole plant"": 0.8375, ""leaf"": 0.4954}",True,False,"[""tree trunk"", ""branching pattern"", ""green leaves"", ""upward view"", ""textured bark"", ""woody structure""]","[""whole plant"", ""trunk"", ""branch"", ""leaf"", ""view up trunk"", ""bark"", ""large-tree bark""]",1.0,1.0,1.0,1.0
baskauf/12443,Quercus palustris,vanderbilt/3-62,leaf / showing orientation on twig,leaf,"[""leaf"", ""leaf arrangement on twig"", ""branch"", ""twig""]","{""leaf"": 0.9565, ""leaf arrangement on twig"": 0.8148, ""branch"": 0.6552, ""twig"": 0.6134}",True,True,"[""lobed leaves"", ""green foliage"", ""woody branch"", ""new growth"", ""leaf arrangement"", ""twig with buds""]","[""leaf"", ""branch"", ""twig"", ""bud"", ""leaf arrangement on twig""]",1.0,0.8,0.8889,0.8
baskauf/12447,Quercus palustris,vanderbilt/3-62,leaf / whole upper surface,leaf,"[""leaf"", ""leaf upper surface"", ""leaf margin"", ""leaf arrangement on twig""]","{""leaf"": 0.9741, ""leaf upper surface"": 0.9217, ""leaf margin"": 0.7916, ""leaf arrangement on twig"": 0.7709}",True,True,"[""lobed leaves"", ""green foliage"", ""leaf veins"", ""close-up leaf"", ""natural light"", ""blurred background""]","[""leaf"", ""leaf upper surface"", ""leaf margin""]",0.75,1.0,0.8571,0.75
baskauf/12448,Quercus palustris,vanderbilt/3-62,leaf / showing orientation on twig,leaf,"[""leaf"", ""leaf upper surface"", ""leaf margin"", ""leaf arrangement on twig""]","{""leaf"": 0.9726, ""leaf upper surface"": 0.9156, ""leaf margin"": 0.7907, ""leaf arrangement on twig"": 0.7705}",True,True,"[""lobed leaves"", ""green foliage"", ""leaf veins"", ""close-up view"", ""leaf texture"", ""natural light""]","[""leaf"", ""leaf upper surface"", ""leaf margin"", ""twig"", ""leaf arrangement on twig""]",1.0,0.8,0.8889,0.8
baskauf/12450,Quercus palustris,vanderbilt/3-62,twig / orientation of petioles,twig,"[""leaf"", ""twig"", ""bud"", ""leaf arrangement on twig"", ""branch""]","{""leaf"": 0.8646, ""twig"": 0.8061, ""bud"": 0.7467, ""leaf arrangement on twig"": 0.7147, ""branch"": 0.5992}",True,False,"[""lobed green leaves"", ""woody branch"", ""small buds"", ""developing fruit"", ""close-up view""]","[""leaf"", ""branch"", ""bud"", ""fruit"", ""immature fruit"", ""fruit borne on plant""]",0.6,0.5,0.5455,0.375
baskauf/12453,Fraxinus americana,vanderbilt/2-146,whole tree (or vine) / general,whole plant,"[""whole plant"", ""trunk"", ""branch"", ""leaf""]","{""whole plant"": 0.958, ""trunk"": 0.9404, ""branch"": 0.883, ""leaf"": 0.8606}",True,True,"[""large tree"", ""full crown"", ""green foliage"", ""woody trunk"", ""branching pattern"", ""urban setting""]","[""whole plant"", ""trunk"", ""branch"", ""leaf""]",1.0,1.0,1.0,1.0
baskauf/12456,Fraxinus americana,vanderbilt/2-146,bark / of a large tree,bark,"[""bark"", ""large-tree bark"", ""trunk""]","{""bark"": 0.9948, ""large-tree bark"": 0.9916, ""trunk"": 0.9903}",True,True,"[""ridged bark"", ""tree trunk"", ""vertical texture"", ""close-up bark"", ""gray bark"", ""woody texture""]","[""trunk"", ""bark"", ""large-tree bark""]",1.0,1.0,1.0,1.0
baskauf/12457,Fraxinus americana,vanderbilt/2-146,whole tree (or vine) / view up trunk,whole plant,"[""trunk"", ""bark"", ""branch"", ""view up trunk"", ""large-tree bark"", ""whole plant"", ""leaf""]","{""trunk"": 0.9715, ""bark"": 0.9703, ""branch"": 0.952, ""view up trunk"": 0.9514, ""large-tree bark"": 0.9224, ""whole plant"": 0.8583, ""leaf"": 0.8027}",True,False,"[""large tree"", ""textured bark"", ""upward view"", ""green leaves"", ""branching pattern"", ""sky background""]","[""whole plant"", ""trunk"", ""bark"", ""branch"", ""leaf"", ""view up trunk"", ""large-tree bark""]",1.0,1.0,1.0,1.0
baskauf/12460,Fraxinus americana,vanderbilt/2-146,bark / of a small tree or small branch,bark,"[""bark"", ""large-tree bark"", ""trunk""]","{""bark"": 0.9961, ""large-tree bark"": 0.9894, ""trunk"": 0.9863}",True,True,"[""tree trunk"", ""rough bark"", ""lichen covered"", ""vertical view"", ""close-up bark""]","[""trunk"", ""bark"", ""large-tree bark""]",1.0,1.0,1.0,1.0
baskauf/12462,Fraxinus americana,vanderbilt/2-146,leaf / showing orientation on twig,leaf,"[""leaf"", ""leaf arrangement on twig"", ""branch"", ""twig"", ""stem""]","{""leaf"": 0.9828, ""leaf arrangement on twig"": 0.9345, ""branch"": 0.6942, ""twig"": 0.6627, ""stem"": 0.5572}",True,True,"[""compound leaves"", ""green foliage"", ""woody branch"", ""developing fruit"", ""pinnately arranged leaves""]","[""branch"", ""leaf"", ""fruit"", ""immature fruit"", ""leaf arrangement on twig""]",0.6,0.6,0.6,0.4286
baskauf/12465,Fraxinus americana,vanderbilt/2-146,leaf / whole upper surface,leaf,"[""leaf"", ""leaf arrangement on twig"", ""stem""]","{""leaf"": 0.9804, ""leaf arrangement on twig"": 0.9271, ""stem"": 0.6676}",True,True,"[""compound leaves"", ""green foliage"", ""leaf arrangement"", ""branching pattern"", ""close-up leaves"", ""leaf veins""]","[""leaf"", ""twig"", ""leaf arrangement on twig"", ""stem""]",1.0,0.75,0.8571,0.75
baskauf/12467,Fraxinus americana,vanderbilt/2-146,leaf / unspecified,leaf,"[""leaf"", ""leaf arrangement on twig"", ""stem""]","{""leaf"": 0.9847, ""leaf arrangement on twig"": 0.8999, ""stem"": 0.741}",True,True,"[""palmate leaves"", ""green foliage"", ""leaf veins"", ""compound leaf"", ""close-up leaf""]","[""leaf"", ""leaf upper surface"", ""twig"", ""leaf arrangement on twig""]",0.6667,0.5,0.5714,0.4
baskauf/12469,Fraxinus americana,vanderbilt/2-146,twig / close-up winter leaf scar/bud,twig,"[""bud"", ""twig"", ""stem"", ""fruit"", ""leaf""]","{""bud"": 0.9169, ""twig"": 0.8579, ""stem"": 0.8288, ""fruit"": 0.6534, ""leaf"": 0.4729}",True,False,"[""branching stem"", ""close-up view"", ""immature fruit"", ""fuzzy stem"", ""green foliage"", ""brown fruit""]","[""stem"", ""twig"", ""fruit"", ""immature fruit"", ""fruit borne on plant""]",0.6,0.6,0.6,0.4286
baskauf/12493,Quercus macrocarpa,vanderbilt/7-314,leaf / showing orientation on twig,leaf,"[""leaf"", ""fruit borne on plant"", ""immature fruit"", ""fruit"", ""branch""]","{""leaf"": 0.9154, ""fruit borne on plant"": 0.8659, ""immature fruit"": 0.8449, ""fruit"": 0.7948, ""branch"": 0.5904}",True,True,"[""lobed leaves"", ""developing acorns"", ""green foliage"", ""woody branch"", ""close-up view""]","[""leaf"", ""fruit"", ""twig"", ""immature fruit"", ""fruit borne on plant"", ""leaf arrangement on twig""]",0.8,0.6667,0.7273,0.5714
baskauf/12500,Quercus macrocarpa,vanderbilt/7-314,leaf / whole upper surface,leaf,"[""leaf"", ""leaf upper surface"", ""leaf arrangement on twig""]","{""leaf"": 0.981, ""leaf upper surface"": 0.9172, ""leaf arrangement on twig"": 0.8016}",True,True,"[""lobed leaves"", ""green foliage"", ""close-up leaf"", ""leaf veins"", ""branching pattern"", ""blurred background""]","[""leaf"", ""twig"", ""leaf upper surface"", ""leaf arrangement on twig""]",1.0,0.75,0.8571,0.75
baskauf/12501,Fraxinus americana,vanderbilt/2-146,leaf / whole upper surface,leaf,"[""leaf"", ""leaf arrangement on twig"", ""leaf upper surface"", ""stem""]","{""leaf"": 0.9849, ""leaf arrangement on twig"": 0.8722, ""leaf upper surface"": 0.8363, ""stem"": 0.6251}",True,True,"[""compound leaf"", ""green leaves"", ""leaf arrangement"", ""central petiole"", ""leaf veins"", ""dark background"", ""overhead view"", ""smooth leaf surface""]","[""leaf"", ""stem"", ""leaf arrangement on twig"", ""petiole arrangement"", ""leaf upper surface""]",1.0,0.8,0.8889,0.8
baskauf/12505,Fraxinus americana,vanderbilt/2-146,leaf / margin of upper + lower surface,leaf,"[""leaf upper surface"", ""leaf"", ""leaf margin""]","{""leaf upper surface"": 0.9881, ""leaf"": 0.9701, ""leaf margin"": 0.9658}",True,False,"[""leaf veins"", ""leaf texture"", ""green leaf"", ""leaf edge"", ""close-up leaf"", ""leaf underside""]","[""leaf"", ""leaf upper surface"", ""leaf margin""]",1.0,1.0,1.0,1.0
baskauf/12507,Quercus palustris,vanderbilt/3-62,leaf / unspecified,leaf,"[""leaf upper surface"", ""leaf"", ""leaf margin""]","{""leaf upper surface"": 0.9818, ""leaf"": 0.9748, ""leaf margin"": 0.9599}",True,False,"[""leaf veins"", ""green leaf"", ""leaf texture"", ""close-up leaf"", ""leaf detail""]","[""leaf"", ""leaf upper surface"", ""leaf margin""]",1.0,1.0,1.0,1.0
baskauf/12509,Quercus macrocarpa,vanderbilt/7-314,leaf / unspecified,leaf,"[""leaf upper surface"", ""leaf margin"", ""leaf"", ""petiole arrangement""]","{""leaf upper surface"": 0.9896, ""leaf margin"": 0.9805, ""leaf"": 0.966, ""petiole arrangement"": 0.8743}",True,False,"[""leaf veins"", ""leaf texture"", ""close-up leaf"", ""green leaf"", ""leaf structure""]","[""leaf"", ""leaf upper surface"", ""leaf margin""]",0.75,1.0,0.8571,0.75
baskauf/12511,Quercus alba,vanderbilt/7-324,leaf / unspecified,leaf,"[""leaf"", ""leaf upper surface"", ""leaf margin""]","{""leaf"": 0.9693, ""leaf upper surface"": 0.968, ""leaf margin"": 0.8932}",True,True,"[""leaf veins"", ""leaf underside"", ""close-up leaf"", ""textured surface"", ""green leaf"", ""detailed leaf""]","[""leaf"", ""leaf upper surface"", ""leaf margin"", ""petiole arrangement""]",1.0,0.75,0.8571,0.75
baskauf/12516,Quercus alba,vanderbilt/7-324,leaf / unspecified,leaf,"[""leaf"", ""leaf upper surface"", ""leaf margin""]","{""leaf"": 0.967, ""leaf upper surface"": 0.9318, ""leaf margin"": 0.7752}",True,True,"[""green leaves"", ""lobed leaves"", ""leaf damage"", ""overhead view"", ""dark background"", ""two leaves""]","[""leaf"", ""leaf upper surface"", ""leaf margin""]",1.0,1.0,1.0,1.0
baskauf/12520,Quercus palustris,vanderbilt/3-62,leaf / unspecified,leaf,"[""leaf margin"", ""leaf upper surface"", ""leaf""]","{""leaf margin"": 0.9566, ""leaf upper surface"": 0.951, ""leaf"": 0.8486}",True,False,"[""leaf texture"", ""leaf vein"", ""stem detail"", ""close-up view"", ""green leaf"", ""fuzzy stem""]","[""leaf"", ""stem"", ""leaf upper surface"", ""leaf margin""]",1.0,0.75,0.8571,0.75
baskauf/12522,Quercus macrocarpa,vanderbilt/7-314,leaf / unspecified,leaf,"[""petiole arrangement"", ""leaf margin"", ""leaf upper surface"", ""leaf"", ""stem""]","{""petiole arrangement"": 0.9382, ""leaf margin"": 0.7749, ""leaf upper surface"": 0.7433, ""leaf"": 0.7036, ""stem"": 0.5866}",True,False,"[""leaf veins"", ""green leaf"", ""stem intersection"", ""close-up texture"", ""leaf surface""]","[""leaf"", ""stem"", ""leaf arrangement on twig"", ""leaf upper surface""]",0.6,0.75,0.6667,0.5
baskauf/12528,Quercus alba,vanderbilt/7-324,leaf / unspecified,leaf,"[""leaf margin"", ""leaf upper surface"", ""petiole arrangement"", ""leaf""]","{""leaf margin"": 0.9557, ""leaf upper surface"": 0.9493, ""petiole arrangement"": 0.8437, ""leaf"": 0.8418}",True,False,"[""leaf veins"", ""leaf texture"", ""close-up leaf"", ""green leaf""]","[""leaf"", ""leaf upper surface"", ""leaf margin""]",0.75,1.0,0.8571,0.75
baskauf/12538,Rhus glabra,ind-baskauf/10414,whole tree (or vine) / general,whole plant,"[""inflorescence"", ""leaf"", ""flower"", ""branch"", ""whole plant"", ""fruit borne on plant""]","{""inflorescence"": 0.9565, ""leaf"": 0.9311, ""flower"": 0.8408, ""branch"": 0.8317, ""whole plant"": 0.7848, ""fruit borne on plant"": 0.6069}",True,False,"[""compound leaves"", ""yellowish flower clusters"", ""dense foliage"", ""bright green leaves"", ""upward view"", ""full plant""]","[""whole plant"", ""leaf"", ""inflorescence"", ""flower""]",0.6667,1.0,0.8,0.6667
baskauf/12560,Rhus glabra,ind-baskauf/10414,inflorescence / whole - unspecified,flower,"[""inflorescence"", ""flower"", ""leaf"", ""stem"", ""fruit"", ""branch""]","{""inflorescence"": 0.9807, ""flower"": 0.9308, ""leaf"": 0.8095, ""stem"": 0.7479, ""fruit"": 0.6767, ""branch"": 0.6159}",True,False,"[""dense flower clusters"", ""green stems"", ""compound leaves"", ""bright light"", ""vertical composition""]","[""stem"", ""leaf"", ""inflorescence"", ""flower""]",0.6667,1.0,0.8,0.6667
baskauf/12567,Rhus glabra,ind-baskauf/10414,inflorescence / frontal view of flower,flower,"[""flower close-up"", ""flower"", ""inflorescence"", ""stem""]","{""flower close-up"": 0.9881, ""flower"": 0.9865, ""inflorescence"": 0.9859, ""stem"": 0.6845}",True,False,"[""green flower cluster"", ""small stem"", ""close-up view"", ""immature flowers"", ""dense inflorescence""]","[""inflorescence"", ""stem"", ""flower"", ""flower close-up"", ""immature fruit""]",1.0,0.8,0.8889,0.8
baskauf/12572,Rhus glabra,ind-baskauf/10414,twig / orientation of petioles,twig,"[""stem"", ""leaf arrangement on twig"", ""leaf"", ""twig"", ""branch""]","{""stem"": 0.9275, ""leaf arrangement on twig"": 0.9033, ""leaf"": 0.8803, ""twig"": 0.7191, ""branch"": 0.5546}",True,False,"[""green stems"", ""compound leaves"", ""reddish stems"", ""close-up view"", ""leaf arrangement"", ""angled stems""]","[""stem"", ""leaf"", ""leaf arrangement on twig""]",0.6,1.0,0.75,0.6
baskauf/12578,Rhus glabra,ind-baskauf/10414,leaf / margin of upper + lower surface,leaf,"[""leaf"", ""leaf arrangement on twig"", ""leaf upper surface"", ""leaf margin"", ""stem""]","{""leaf"": 0.9749, ""leaf arrangement on twig"": 0.9448, ""leaf upper surface"": 0.8621, ""leaf margin"": 0.79, ""stem"": 0.6683}",True,True,"[""compound leaves"", ""green foliage"", ""leaf veins"", ""smooth stem"", ""bright sunlight"", ""close-up view""]","[""leaf"", ""stem"", ""leaf arrangement on twig"", ""leaf upper surface""]",0.8,1.0,0.8889,0.8
baskauf/12580,Rhus copallinum,ind-baskauf/12580,leaf / showing orientation on twig,leaf,"[""leaf"", ""leaf arrangement on twig"", ""stem""]","{""leaf"": 0.976, ""leaf arrangement on twig"": 0.959, ""stem"": 0.7559}",True,True,"[""compound leaves"", ""green foliage"", ""leaf arrangement"", ""slender stems"", ""bright light"", ""close-up view""]","[""leaf"", ""stem"", ""leaf arrangement on twig""]",1.0,1.0,1.0,1.0
baskauf/12583,Rhus copallinum,ind-baskauf/12580,leaf / margin of upper + lower surface,leaf,"[""leaf"", ""leaf upper surface"", ""leaf arrangement on twig"", ""leaf margin""]","{""leaf"": 0.9625, ""leaf upper surface"": 0.9475, ""leaf arrangement on twig"": 0.8043, ""leaf margin"": 0.7967}",True,True,"[""lobed leaves"", ""green foliage"", ""leaf veins"", ""close-up leaves"", ""bright sunlight"", ""textured leaves""]","[""leaf"", ""leaf upper surface"", ""leaf margin""]",0.75,1.0,0.8571,0.75
baskauf/12585,Rhus copallinum,ind-baskauf/12580,twig / orientation of petioles,twig,"[""leaf"", ""stem"", ""leaf arrangement on twig"", ""bud"", ""twig""]","{""leaf"": 0.864, ""stem"": 0.8619, ""leaf arrangement on twig"": 0.8544, ""bud"": 0.8136, ""twig"": 0.6302}",True,False,"[""green stem"", ""red buds"", ""leafy background"", ""close-up stem"", ""smooth stem"", ""pinkish buds""]","[""stem"", ""bud"", ""leaf"", ""twig"", ""leaf arrangement on twig""]",1.0,1.0,1.0,1.0
baskauf/12625,Quercus palustris,vanderbilt/12-76,whole tree (or vine) / view up trunk,whole plant,"[""trunk"", ""view up trunk"", ""branch"", ""whole plant"", ""bark"", ""large-tree bark"", ""leaf""]","{""trunk"": 0.982, ""view up trunk"": 0.9729, ""branch"": 0.966, ""whole plant"": 0.8958, ""bark"": 0.8868, ""large-tree bark"": 0.8269, ""leaf"": 0.5744}",True,False,"[""tree trunk"", ""branching pattern"", ""green foliage"", ""sky background"", ""upward view"", ""textured bark""]","[""whole plant"", ""trunk"", ""branch"", ""leaf"", ""view up trunk"", ""bark"", ""large-tree bark""]",1.0,1.0,1.0,1.0
baskauf/12698,Rhus aromatica,ind-baskauf/12698,fruit / lateral or general close-up,fruit,"[""fruit borne on plant"", ""fruit"", ""fruit close-up"", ""leaf"", ""stem""]","{""fruit borne on plant"": 0.9739, ""fruit"": 0.9662, ""fruit close-up"": 0.9532, ""leaf"": 0.8762, ""stem"": 0.7635}",True,False,"[""red fruit"", ""green leaves"", ""cluster of fruit"", ""woody stem"", ""close-up view"", ""brightly colored""]","[""fruit"", ""leaf"", ""stem"", ""fruit borne on plant"", ""fruit close-up"", ""immature fruit""]",1.0,0.8333,0.9091,0.8333
baskauf/12700,Rhus aromatica,ind-baskauf/12698,fruit / as borne on the plant,fruit,"[""leaf"", ""fruit borne on plant"", ""fruit"", ""stem""]","{""leaf"": 0.9878, ""fruit borne on plant"": 0.8518, ""fruit"": 0.8458, ""stem"": 0.7417}",True,False,"[""compound leaves"", ""red berries"", ""woody stem"", ""green foliage"", ""clustered fruit"", ""dark background""]","[""leaf"", ""stem"", ""fruit"", ""fruit borne on plant"", ""inflorescence""]",1.0,0.8,0.8889,0.8
baskauf/12703,Rhus aromatica,ind-baskauf/12698,leaf / whole upper surface,leaf,"[""leaf"", ""leaf arrangement on twig"", ""leaf upper surface"", ""stem"", ""twig""]","{""leaf"": 0.9919, ""leaf arrangement on twig"": 0.9381, ""leaf upper surface"": 0.8842, ""stem"": 0.6561, ""twig"": 0.4857}",True,True,"[""compound leaf"", ""serrated leaf margin"", ""green foliage"", ""woody stem"", ""close-up view"", ""natural light""]","[""leaf"", ""twig"", ""stem"", ""leaf margin"", ""leaf arrangement on twig""]",0.8,0.8,0.8,0.6667
baskauf/12755,Fraxinus quadrangulata,ind-baskauf/12755,whole tree (or vine) / general,whole plant,"[""leaf"", ""leaf arrangement on twig"", ""stem"", ""whole plant"", ""twig"", ""branch""]","{""leaf"": 0.991, ""leaf arrangement on twig"": 0.9156, ""stem"": 0.8259, ""whole plant"": 0.8101, ""twig"": 0.7287, ""branch"": 0.7144}",True,False,"[""green compound leaves"", ""woody branches"", ""dense foliage"", ""sunlit leaves"", ""vertical composition"", ""natural setting""]","[""leaf"", ""branch"", ""twig"", ""leaf arrangement on twig"", ""whole plant""]",0.8333,1.0,0.9091,0.8333
baskauf/12757,Fraxinus quadrangulata,ind-baskauf/12755,leaf / whole upper surface,leaf,"[""leaf"", ""leaf arrangement on twig"", ""stem"", ""twig""]","{""leaf"": 0.9901, ""leaf arrangement on twig"": 0.9588, ""stem"": 0.8601, ""twig"": 0.5757}",True,True,"[""compound leaves"", ""green foliage"", ""woody stem"", ""leaf arrangement"", ""bright sunlight"", ""close-up leaves""]","[""leaf"", ""stem"", ""leaf arrangement on twig""]",0.75,1.0,0.8571,0.75
baskauf/12760,Fraxinus quadrangulata,ind-baskauf/12755,twig / winter overall,twig,"[""twig"", ""leaf"", ""leaf arrangement on twig"", ""stem""]","{""twig"": 0.9493, ""leaf"": 0.9161, ""leaf arrangement on twig"": 0.9157, ""stem"": 0.9093}",True,True,"[""woody twig"", ""leafy background"", ""close-up twig"", ""budding twig"", ""green leaves"", ""brown twig""]","[""twig"", ""leaf"", ""bud"", ""leaf arrangement on twig""]",0.75,0.75,0.75,0.6
baskauf/12761,Fraxinus quadrangulata,ind-baskauf/12755,twig / winter overall,twig,"[""leaf"", ""leaf arrangement on twig"", ""stem"", ""twig""]","{""leaf"": 0.965, ""leaf arrangement on twig"": 0.9442, ""stem"": 0.9223, ""twig"": 0.8883}",True,False,"[""green stem"", ""broad leaves"", ""leaf arrangement"", ""angled branching"", ""light and shadow"", ""close-up view""]","[""stem"", ""leaf"", ""leaf arrangement on twig"", ""branch""]",0.75,0.75,0.75,0.6
baskauf/12763,Fraxinus quadrangulata,ind-baskauf/12755,twig / close-up winter terminal bud,twig,"[""stem"", ""leaf"", ""leaf arrangement on twig"", ""twig"", ""bud""]","{""stem"": 0.946, ""leaf"": 0.9218, ""leaf arrangement on twig"": 0.9179, ""twig"": 0.9055, ""bud"": 0.7705}",True,False,"[""green leaves"", ""smooth stem"", ""branching pattern"", ""close-up view"", ""bud formation"", ""leafy background""]","[""stem"", ""twig"", ""leaf"", ""bud"", ""leaf arrangement on twig""]",1.0,1.0,1.0,1.0
baskauf/12764,Fraxinus quadrangulata,ind-baskauf/12755,leaf / showing orientation on twig,leaf,"[""leaf"", ""leaf arrangement on twig"", ""stem""]","{""leaf"": 0.9921, ""leaf arrangement on twig"": 0.9483, ""stem"": 0.8385}",True,True,"[""compound leaves"", ""green foliage"", ""leaf arrangement"", ""woody stem"", ""bright sunlight"", ""dense leaves""]","[""leaf"", ""stem"", ""leaf arrangement on twig""]",1.0,1.0,1.0,1.0
baskauf/12768,Fraxinus quadrangulata,ind-baskauf/12755,leaf / margin of upper + lower surface,leaf,"[""leaf"", ""leaf upper surface"", ""leaf margin"", ""leaf arrangement on twig""]","{""leaf"": 0.9935, ""leaf upper surface"": 0.9859, ""leaf margin"": 0.9813, ""leaf arrangement on twig"": 0.6909}",True,True,"[""green leaves"", ""leaf veins"", ""serrated edge"", ""close-up view"", ""leaf texture"", ""natural light""]","[""leaf"", ""leaf upper surface"", ""leaf margin""]",0.75,1.0,0.8571,0.75
baskauf/12800,Fraxinus americana,ind-baskauf/12800,whole tree (or vine) / general,whole plant,"[""whole plant"", ""leaf"", ""branch"", ""trunk"", ""stem""]","{""whole plant"": 0.9885, ""leaf"": 0.9384, ""branch"": 0.9187, ""trunk"": 0.6389, ""stem"": 0.5888}",True,True,"[""green foliage"", ""young tree"", ""multiple stems"", ""dense canopy"", ""woodland background"", ""bright sunlight""]","[""whole plant"", ""stem"", ""leaf"", ""twig"", ""branch""]",0.8,0.8,0.8,0.6667
baskauf/12801,Fraxinus americana,ind-baskauf/12800,bark / of a small tree or small branch,bark,"[""bark"", ""large-tree bark"", ""trunk"", ""medium-tree or large-branch bark""]","{""bark"": 0.9954, ""large-tree bark"": 0.9696, ""trunk"": 0.9685, ""medium-tree or large-branch bark"": 0.9413}",True,True,"[""tree trunk"", ""gray bark"", ""vertical texture"", ""close-up bark"", ""smooth bark"", ""natural patterns""]","[""trunk"", ""bark"", ""large-tree bark""]",0.75,1.0,0.8571,0.75
baskauf/12804,Rhus aromatica,ind-baskauf/12804,whole tree (or vine) / general,whole plant,"[""leaf"", ""stem"", ""whole plant"", ""leaf arrangement on twig"", ""branch"", ""twig"", ""fruit""]","{""leaf"": 0.9838, ""stem"": 0.8992, ""whole plant"": 0.8167, ""leaf arrangement on twig"": 0.789, ""branch"": 0.7813, ""twig"": 0.677, ""fruit"": 0.5803}",True,False,"[""green leaves"", ""woody stems"", ""dense foliage"", ""bright sunlight"", ""natural setting"", ""compound leaves""]","[""leaf"", ""stem"", ""twig"", ""leaf arrangement on twig"", ""whole plant""]",0.7143,1.0,0.8333,0.7143
baskauf/12928,Rhus aromatica,ind-baskauf/12928,whole tree (or vine) / general,whole plant,"[""leaf"", ""leaf arrangement on twig"", ""stem"", ""whole plant"", ""branch"", ""twig""]","{""leaf"": 0.977, ""leaf arrangement on twig"": 0.9136, ""stem"": 0.8997, ""whole plant"": 0.8629, ""branch"": 0.6987, ""twig"": 0.6621}",True,False,"[""green leaves"", ""woody stems"", ""small shrub"", ""white flowers"", ""arching branches"", ""dense foliage"", ""natural habitat""]","[""whole plant"", ""stem"", ""leaf"", ""flower"", ""branch"", ""twig""]",0.8333,0.8333,0.8333,0.7143
baskauf/13000,Quercus velutina,vanderbilt/7-313,leaf / unspecified,leaf,"[""petiole arrangement"", ""leaf upper surface"", ""leaf"", ""leaf margin""]","{""petiole arrangement"": 0.936, ""leaf upper surface"": 0.9323, ""leaf"": 0.9322, ""leaf margin"": 0.9161}",True,False,"[""leaf veins"", ""fuzzy stem"", ""green leaf"", ""close-up view"", ""leaf structure"", ""branching veins""]","[""leaf"", ""stem"", ""leaf arrangement on twig"", ""leaf upper surface""]",0.5,0.5,0.5,0.3333
baskauf/13075,Quercus velutina,vanderbilt/7-313,leaf / showing orientation on twig,leaf,"[""leaf"", ""leaf arrangement on twig"", ""branch""]","{""leaf"": 0.9857, ""leaf arrangement on twig"": 0.7458, ""branch"": 0.6583}",True,True,"[""green leaves"", ""lobed leaves"", ""dense foliage"", ""branching pattern"", ""sunlit leaves"", ""leaf arrangement""]","[""leaf"", ""branch"", ""leaf arrangement on twig""]",1.0,1.0,1.0,1.0
baskauf/13089,Quercus velutina,vanderbilt/7-313,leaf / whole upper surface,leaf,"[""leaf"", ""leaf upper surface"", ""leaf arrangement on twig"", ""twig""]","{""leaf"": 0.9699, ""leaf upper surface"": 0.8181, ""leaf arrangement on twig"": 0.6895, ""twig"": 0.4639}",True,True,"[""lobed leaves"", ""green foliage"", ""branch with leaves"", ""leaf veins"", ""close-up leaf""]","[""leaf"", ""branch"", ""leaf upper surface""]",0.5,0.6667,0.5714,0.4
baskauf/13093,Quercus velutina,vanderbilt/7-313,leaf / whole upper surface,leaf,"[""leaf"", ""leaf upper surface"", ""leaf arrangement on twig""]","{""leaf"": 0.9796, ""leaf upper surface"": 0.8701, ""leaf arrangement on twig"": 0.7624}",True,True,"[""lobed leaves"", ""green foliage"", ""twig with buds"", ""leaf upper surface"", ""natural light""]","[""leaf"", ""twig"", ""bud"", ""leaf upper surface""]",0.6667,0.5,0.5714,0.4
baskauf/13095,Quercus velutina,vanderbilt/7-313,leaf / margin of upper + lower surface,leaf,"[""leaf"", ""leaf upper surface"", ""petiole arrangement"", ""leaf margin"", ""leaf arrangement on twig""]","{""leaf"": 0.9774, ""leaf upper surface"": 0.9186, ""petiole arrangement"": 0.7787, ""leaf margin"": 0.7491, ""leaf arrangement on twig"": 0.7073}",True,True,"[""green leaves"", ""lobed leaves"", ""woody stem"", ""leaf veins"", ""close-up view"", ""bright light""]","[""leaf"", ""stem"", ""leaf upper surface"", ""leaf margin"", ""twig"", ""leaf arrangement on twig""]",0.8,0.6667,0.7273,0.5714
baskauf/13096,Quercus velutina,vanderbilt/7-313,twig / orientation of petioles,twig,"[""bud"", ""twig"", ""leaf arrangement on twig"", ""leaf"", ""stem""]","{""bud"": 0.9443, ""twig"": 0.8125, ""leaf arrangement on twig"": 0.8089, ""leaf"": 0.728, ""stem"": 0.727}",True,False,"[""green twigs"", ""buds"", ""branching pattern"", ""close-up view"", ""smooth stem"", ""dormant buds""]","[""twig"", ""bud"", ""branch"", ""stem"", ""winter twig""]",0.6,0.6,0.6,0.4286
baskauf/13104,Quercus velutina,vanderbilt/7-313,leaf / unspecified,leaf,"[""stem"", ""leaf""]","{""stem"": 0.6288, ""leaf"": 0.5063}",True,False,"[""leaf texture"", ""leaf underside"", ""hairy surface"", ""close-up view"", ""green and yellow leaves"", ""vein detail""]","[""leaf"", ""leaf upper surface"", ""leaf margin"", ""leaf arrangement on twig"", ""petiole arrangement""]",0.5,0.2,0.2857,0.1667
baskauf/13107,Quercus velutina,vanderbilt/7-313,twig / close-up winter leaf scar/bud,twig,"[""bud"", ""twig"", ""stem""]","{""bud"": 0.8383, ""twig"": 0.735, ""stem"": 0.6614}",True,False,"[""close-up"", ""green stem"", ""developing fruit"", ""textured surface"", ""small fruit"", ""plant detail""]","[""stem"", ""fruit"", ""immature fruit"", ""fruit close-up""]",0.3333,0.25,0.2857,0.1667
baskauf/13110,Quercus velutina,vanderbilt/7-313,twig / orientation of petioles,twig,"[""bud"", ""winter twig"", ""leaf scar"", ""small-tree or branch bark"", ""twig"", ""bark"", ""branch"", ""stem""]","{""bud"": 0.9508, ""winter twig"": 0.9472, ""leaf scar"": 0.9149, ""small-tree or branch bark"": 0.9103, ""twig"": 0.8834, ""bark"": 0.834, ""branch"": 0.647, ""stem"": 0.6355}",True,False,"[""woody stem"", ""bud scales"", ""branching pattern"", ""dormant twig"", ""lenticels"", ""close-up view""]","[""twig"", ""stem"", ""bud"", ""winter twig"", ""bark"", ""branch""]",0.75,1.0,0.8571,0.75
baskauf/13113,Quercus rubra,vanderbilt/15-227,leaf / showing orientation on twig,leaf,"[""leaf"", ""leaf upper surface"", ""leaf arrangement on twig"", ""twig""]","{""leaf"": 0.9759, ""leaf upper surface"": 0.8267, ""leaf arrangement on twig"": 0.7428, ""twig"": 0.5712}",True,True,"[""lobed leaves"", ""green foliage"", ""red stems"", ""leaf veins"", ""close-up leaves"", ""natural light""]","[""leaf"", ""stem"", ""leaf upper surface"", ""twig"", ""leaf arrangement on twig""]",1.0,0.8,0.8889,0.8
baskauf/13118,Quercus rubra,vanderbilt/15-227,bark / of a large tree,bark,"[""trunk"", ""large-tree bark"", ""bark""]","{""trunk"": 0.9836, ""large-tree bark"": 0.9825, ""bark"": 0.9794}",True,False,"[""tree trunk"", ""rough bark"", ""vertical ridges"", ""brown tones"", ""close-up bark"", ""textured surface""]","[""trunk"", ""bark"", ""large-tree bark""]",1.0,1.0,1.0,1.0
baskauf/13122,Quercus rubra,vanderbilt/15-227,whole tree (or vine) / view up trunk,whole plant,"[""trunk"", ""view up trunk"", ""branch"", ""bark"", ""large-tree bark"", ""whole plant"", ""leaf""]","{""trunk"": 0.9847, ""view up trunk"": 0.9715, ""branch"": 0.9526, ""bark"": 0.9499, ""large-tree bark"": 0.9122, ""whole plant"": 0.8726, ""leaf"": 0.8066}",True,False,"[""large tree"", ""textured bark"", ""branching pattern"", ""green leaves"", ""upward view"", ""tree crown""]","[""whole plant"", ""trunk"", ""bark"", ""branch"", ""leaf"", ""view up trunk""]",0.8571,1.0,0.9231,0.8571
baskauf/13127,Quercus rubra,vanderbilt/15-227,leaf / showing orientation on twig,leaf,"[""leaf"", ""leaf arrangement on twig"", ""leaf upper surface"", ""twig"", ""branch""]","{""leaf"": 0.9819, ""leaf arrangement on twig"": 0.8594, ""leaf upper surface"": 0.7622, ""twig"": 0.7121, ""branch"": 0.6174}",True,True,"[""broad leaves"", ""green foliage"", ""woody stem"", ""developing fruit"", ""leaf arrangement""]","[""leaf"", ""stem"", ""fruit"", ""immature fruit"", ""leaf arrangement on twig""]",0.4,0.4,0.4,0.25
baskauf/13132,Quercus rubra,vanderbilt/15-227,leaf / whole upper surface,leaf,"[""leaf"", ""leaf upper surface"", ""leaf margin"", ""leaf arrangement on twig""]","{""leaf"": 0.9796, ""leaf upper surface"": 0.9259, ""leaf margin"": 0.8409, ""leaf arrangement on twig"": 0.6757}",True,True,"[""lobed leaves"", ""green foliage"", ""red twig"", ""leaf veins"", ""close-up leaf"", ""bright sunlight""]","[""leaf"", ""twig"", ""leaf upper surface"", ""leaf arrangement on twig""]",0.75,0.75,0.75,0.6
baskauf/13135,Quercus rubra,vanderbilt/15-227,twig / orientation of petioles,twig,"[""leaf"", ""bud"", ""leaf arrangement on twig"", ""twig"", ""petiole arrangement"", ""stem""]","{""leaf"": 0.9247, ""bud"": 0.8715, ""leaf arrangement on twig"": 0.8498, ""twig"": 0.8363, ""petiole arrangement"": 0.8247, ""stem"": 0.5925}",True,False,"[""green leaves"", ""woody twig"", ""red stem"", ""buds"", ""leaf arrangement""]","[""twig"", ""leaf"", ""bud"", ""leaf arrangement on twig"", ""stem""]",0.8333,1.0,0.9091,0.8333
baskauf/13139,Quercus velutina,vanderbilt/7-313,leaf / unspecified,leaf,"[""leaf"", ""leaf upper surface"", ""leaf margin"", ""leaf arrangement on twig""]","{""leaf"": 0.9878, ""leaf upper surface"": 0.9506, ""leaf margin"": 0.8828, ""leaf arrangement on twig"": 0.5707}",True,True,"[""lobed leaves"", ""green foliage"", ""leaf arrangement"", ""leaf upper surface"", ""multiple leaves"", ""simple leaves""]","[""leaf"", ""leaf upper surface"", ""leaf arrangement on twig""]",0.75,1.0,0.8571,0.75
baskauf/13142,Quercus velutina,vanderbilt/7-313,leaf / unspecified,leaf,"[""leaf"", ""leaf upper surface"", ""leaf margin"", ""leaf arrangement on twig""]","{""leaf"": 0.9905, ""leaf upper surface"": 0.9654, ""leaf margin"": 0.8806, ""leaf arrangement on twig"": 0.6152}",True,True,"[""green leaves"", ""leaf petioles"", ""broadleaf"", ""leaf veins"", ""multiple leaves"", ""close-up view""]","[""leaf"", ""leaf upper surface"", ""petiole arrangement""]",0.5,0.6667,0.5714,0.4
baskauf/13145,Quercus rubra,vanderbilt/15-227,leaf / unspecified,leaf,"[""petiole arrangement"", ""leaf margin"", ""leaf upper surface"", ""leaf""]","{""petiole arrangement"": 0.895, ""leaf margin"": 0.8848, ""leaf upper surface"": 0.8456, ""leaf"": 0.7267}",True,False,"[""leaf veins"", ""leaf underside"", ""close-up texture"", ""green leaf"", ""leaf structure"", ""detailed leaf""]","[""leaf"", ""leaf upper surface"", ""leaf margin""]",0.75,1.0,0.8571,0.75
baskauf/13151,Quercus rubra,vanderbilt/15-227,leaf / unspecified,leaf,"[""leaf upper surface"", ""leaf margin"", ""leaf"", ""petiole arrangement""]","{""leaf upper surface"": 0.9768, ""leaf margin"": 0.9629, ""leaf"": 0.9582, ""petiole arrangement"": 0.9516}",True,False,"[""leaf veins"", ""green leaf"", ""leaf texture"", ""close-up leaf"", ""detailed leaf""]","[""leaf"", ""leaf upper surface"", ""leaf margin""]",0.75,1.0,0.8571,0.75
baskauf/13155,Quercus rubra,vanderbilt/15-227,twig / close-up winter leaf scar/bud,twig,"[""bud"", ""twig"", ""stem""]","{""bud"": 0.8921, ""twig"": 0.765, ""stem"": 0.7645}",True,False,"[""close-up bud"", ""textured bud"", ""red stem"", ""green stem"", ""developing bud"", ""bud on stem""]","[""bud"", ""stem"", ""fruit"", ""immature fruit"", ""fruit close-up""]",0.6667,0.4,0.5,0.3333
baskauf/13159,Acer negundo,ind-baskauf/13159,fruit / as borne on the plant,fruit,"[""leaf"", ""fruit"", ""immature fruit"", ""leaf arrangement on twig"", ""fruit borne on plant"", ""twig"", ""branch""]","{""leaf"": 0.9664, ""fruit"": 0.8289, ""immature fruit"": 0.8267, ""leaf arrangement on twig"": 0.7715, ""fruit borne on plant"": 0.7089, ""twig"": 0.5712, ""branch"": 0.5596}",True,False,"[""green leaves"", ""winged seeds"", ""reddish stems"", ""branching pattern"", ""sunlit foliage"", ""close-up leaves""]","[""leaf"", ""stem"", ""twig"", ""fruit"", ""fruit borne on plant"", ""leaf arrangement on twig""]",0.7143,0.8333,0.7692,0.625
baskauf/13160,Acer negundo,ind-baskauf/13159,bark / of a large tree,bark,"[""bark"", ""trunk"", ""large-tree bark""]","{""bark"": 0.9952, ""trunk"": 0.9726, ""large-tree bark"": 0.9703}",True,True,"[""ridged bark"", ""tree trunk"", ""vertical lines"", ""close-up bark"", ""natural patterns"", ""light and shadow""]","[""trunk"", ""bark"", ""large-tree bark""]",1.0,1.0,1.0,1.0
baskauf/13161,Acer negundo,ind-baskauf/13159,whole tree (or vine) / view up trunk,whole plant,"[""bark"", ""leaf"", ""trunk"", ""branch"", ""view up trunk"", ""whole plant"", ""large-tree bark""]","{""bark"": 0.9579, ""leaf"": 0.9497, ""trunk"": 0.9216, ""branch"": 0.9171, ""view up trunk"": 0.8422, ""whole plant"": 0.8065, ""large-tree bark"": 0.7946}",True,False,"[""tree trunk"", ""branching pattern"", ""green leaves"", ""textured bark"", ""upward view"", ""light and shadow""]","[""trunk"", ""branch"", ""leaf"", ""bark"", ""view up trunk""]",0.7143,1.0,0.8333,0.7143
baskauf/13165,Ailanthus altissima,ind-baskauf/10997,fruit / as borne on the plant,fruit,"[""leaf"", ""inflorescence"", ""fruit borne on plant"", ""fruit"", ""branch""]","{""leaf"": 0.9604, ""inflorescence"": 0.9199, ""fruit borne on plant"": 0.7495, ""fruit"": 0.6451, ""branch"": 0.6386}",True,False,"[""compound leaves"", ""pendulous clusters"", ""green foliage"", ""orange clusters"", ""bright sunlight"", ""tree canopy""]","[""leaf"", ""inflorescence"", ""fruit"", ""fruit borne on plant"", ""whole plant""]",0.8,0.8,0.8,0.6667
baskauf/13169,Ailanthus altissima,ind-baskauf/10997,fruit / as borne on the plant,fruit,"[""fruit"", ""immature fruit"", ""inflorescence"", ""fruit borne on plant"", ""leaf""]","{""fruit"": 0.9379, ""immature fruit"": 0.8985, ""inflorescence"": 0.8922, ""fruit borne on plant"": 0.8837, ""leaf"": 0.6601}",True,True,"[""pink and green clusters"", ""compound leaves"", ""dense inflorescence"", ""hanging structures"", ""bright light"", ""close-up view""]","[""leaf"", ""inflorescence"", ""flower"", ""fruit"", ""immature fruit"", ""flower close-up""]",0.8,0.6667,0.7273,0.5714
baskauf/13172,Ailanthus altissima,ind-baskauf/10997,fruit / lateral or general close-up,fruit,"[""fruit"", ""fruit borne on plant"", ""fruit close-up"", ""immature fruit""]","{""fruit"": 0.9541, ""fruit borne on plant"": 0.9421, ""fruit close-up"": 0.9342, ""immature fruit"": 0.9163}",True,True,"[""pendulous structures"", ""pink and green tones"", ""clustered forms"", ""close-up view"", ""smooth surfaces"", ""developing shapes""]","[""flower"", ""flower close-up"", ""fruit"", ""immature fruit"", ""fruit borne on plant""]",0.75,0.6,0.6667,0.5
baskauf/13183,Quercus velutina,vanderbilt/7-313,leaf / whole upper surface,leaf,"[""leaf"", ""leaf upper surface"", ""leaf margin"", ""leaf arrangement on twig"", ""twig""]","{""leaf"": 0.9846, ""leaf upper surface"": 0.9414, ""leaf margin"": 0.8294, ""leaf arrangement on twig"": 0.7124, ""twig"": 0.4743}",True,True,"[""lobed green leaf"", ""leaf veins"", ""close-up leaf"", ""bright light"", ""natural background""]","[""leaf"", ""leaf upper surface"", ""leaf margin""]",0.6,1.0,0.75,0.6
baskauf/13184,Quercus velutina,vanderbilt/7-313,leaf / showing orientation on twig,leaf,"[""leaf"", ""leaf arrangement on twig"", ""leaf upper surface"", ""twig""]","{""leaf"": 0.9637, ""leaf arrangement on twig"": 0.789, ""leaf upper surface"": 0.7729, ""twig"": 0.662}",True,True,"[""lobed leaves"", ""green foliage"", ""woody twig"", ""leaf arrangement"", ""developing buds""]","[""leaf"", ""twig"", ""bud"", ""leaf arrangement on twig""]",0.75,0.75,0.75,0.6
baskauf/13194,Quercus velutina,vanderbilt/7-313,twig / orientation of petioles,twig,"[""bud"", ""twig"", ""stem"", ""immature fruit""]","{""bud"": 0.9646, ""twig"": 0.8785, ""stem"": 0.8429, ""immature fruit"": 0.7454}",True,False,"[""pink buds"", ""woody stem"", ""close-up view"", ""branching pattern"", ""dormant buds"", ""fuzzy texture""]","[""stem"", ""twig"", ""bud"", ""flower"", ""fruit"", ""immature fruit""]",1.0,0.6667,0.8,0.6667
baskauf/13195,Quercus velutina,vanderbilt/7-313,twig / orientation of petioles,twig,"[""bud"", ""twig"", ""winter twig"", ""leaf scar"", ""terminal bud"", ""stem"", ""branch""]","{""bud"": 0.9953, ""twig"": 0.9886, ""winter twig"": 0.9776, ""leaf scar"": 0.9086, ""terminal bud"": 0.8887, ""stem"": 0.7126, ""branch"": 0.6128}",True,False,"[""woody twig"", ""buds"", ""dormant branch"", ""close-up"", ""winter habit""]","[""twig"", ""bud"", ""winter habit"", ""winter twig""]",0.4286,0.75,0.5455,0.375
baskauf/13201,Quercus velutina,vanderbilt/7-313,leaf / margin of upper + lower surface,leaf,"[""leaf"", ""leaf upper surface"", ""leaf margin"", ""leaf arrangement on twig""]","{""leaf"": 0.984, ""leaf upper surface"": 0.9794, ""leaf margin"": 0.9519, ""leaf arrangement on twig"": 0.6105}",True,True,"[""green leaves"", ""leaf veins"", ""leaf underside"", ""close-up view"", ""leaf texture"", ""light and shadow""]","[""leaf"", ""leaf upper surface"", ""leaf margin"", ""leaf arrangement on twig"", ""petiole arrangement""]",1.0,0.8,0.8889,0.8
baskauf/13202,Quercus velutina,vanderbilt/7-313,leaf / unspecified,leaf,"[""leaf upper surface"", ""leaf margin"", ""leaf"", ""petiole arrangement""]","{""leaf upper surface"": 0.9881, ""leaf margin"": 0.9768, ""leaf"": 0.9593, ""petiole arrangement"": 0.8811}",True,False,"[""leaf veins"", ""leaf texture"", ""close-up leaf"", ""green leaf""]","[""leaf"", ""leaf upper surface"", ""leaf margin""]",0.75,1.0,0.8571,0.75
baskauf/13209,Quercus velutina,vanderbilt/7-313,leaf / unspecified,leaf,"[""petiole arrangement"", ""stem""]","{""petiole arrangement"": 0.7758, ""stem"": 0.5653}",False,False,"[""leaf edge"", ""leaf margin"", ""vein detail"", ""close-up view"", ""green and tan""]","[""leaf"", ""leaf margin"", ""leaf upper surface""]",0.0,0.0,0.0,0.0
baskauf/13379,Fraxinus pennsylvanica,vanderbilt/5-64,whole tree (or vine) / general,whole plant,"[""whole plant"", ""trunk"", ""branch"", ""view up trunk"", ""leaf""]","{""whole plant"": 0.9954, ""trunk"": 0.9775, ""branch"": 0.9711, ""view up trunk"": 0.9521, ""leaf"": 0.9357}",True,True,"[""full canopy"", ""large trees"", ""green foliage"", ""branching pattern"", ""woody trunks"", ""leafy crown""]","[""whole plant"", ""trunk"", ""branch"", ""leaf"", ""view up trunk""]",1.0,1.0,1.0,1.0
baskauf/13380,Fraxinus pennsylvanica,vanderbilt/5-64,leaf / showing orientation on twig,leaf,"[""leaf"", ""leaf arrangement on twig"", ""immature fruit"", ""branch"", ""fruit borne on plant"", ""fruit""]","{""leaf"": 0.99, ""leaf arrangement on twig"": 0.8358, ""immature fruit"": 0.7478, ""branch"": 0.7447, ""fruit borne on plant"": 0.6568, ""fruit"": 0.651}",True,True,"[""compound leaves"", ""green foliage"", ""developing fruit"", ""woody branch"", ""outdoor scene"", ""bright sunlight"", ""leaf arrangement""]","[""leaf"", ""branch"", ""fruit"", ""immature fruit"", ""leaf arrangement on twig"", ""whole plant""]",0.8333,0.8333,0.8333,0.7143
baskauf/13383,Fraxinus pennsylvanica,vanderbilt/5-64,leaf / whole upper surface,leaf,"[""leaf"", ""leaf arrangement on twig"", ""leaf upper surface""]","{""leaf"": 0.9924, ""leaf arrangement on twig"": 0.9617, ""leaf upper surface"": 0.8287}",True,True,"[""compound leaf"", ""green foliage"", ""leaf arrangement"", ""woody stem"", ""sunlit leaves"", ""partial trunk view""]","[""leaf"", ""stem"", ""leaf arrangement on twig"", ""trunk"", ""leaf upper surface""]",1.0,0.6,0.75,0.6
baskauf/13386,Fraxinus pennsylvanica,vanderbilt/5-64,leaf / whole upper surface,leaf,"[""leaf"", ""leaf arrangement on twig"", ""leaf upper surface"", ""stem""]","{""leaf"": 0.9962, ""leaf arrangement on twig"": 0.9558, ""leaf upper surface"": 0.8757, ""stem"": 0.5932}",True,True,"[""green leaves"", ""compound leaves"", ""leaf arrangement"", ""branching pattern"", ""bright sunlight"", ""outdoor scene"", ""close-up leaves"", ""leaf veins""]","[""leaf"", ""branch"", ""leaf arrangement on twig"", ""leaf upper surface""]",0.75,0.75,0.75,0.6
baskauf/13392,Fraxinus pennsylvanica,vanderbilt/5-64,leaf / margin of upper + lower surface,leaf,"[""leaf"", ""leaf upper surface"", ""leaf margin""]","{""leaf"": 0.9926, ""leaf upper surface"": 0.9875, ""leaf margin"": 0.9628}",True,True,"[""green leaves"", ""leaf veins"", ""close-up"", ""leaf texture"", ""broadleaf"", ""plant detail""]","[""leaf"", ""leaf upper surface"", ""leaf margin""]",1.0,1.0,1.0,1.0
baskauf/13393,Fraxinus pennsylvanica,vanderbilt/5-64,fruit / as borne on the plant,fruit,"[""twig"", ""leaf"", ""inflorescence"", ""stem"", ""fruit"", ""flower"", ""fruit borne on plant"", ""leaf arrangement on twig"", ""branch""]","{""twig"": 0.8223, ""leaf"": 0.7911, ""inflorescence"": 0.7354, ""stem"": 0.7156, ""fruit"": 0.7014, ""flower"": 0.6785, ""fruit borne on plant"": 0.6278, ""leaf arrangement on twig"": 0.6209, ""branch"": 0.5528}",True,False,"[""winged seeds"", ""branch with fruit"", ""green leaves"", ""woody branch"", ""close-up of fruit""]","[""branch"", ""fruit"", ""leaf"", ""fruit borne on plant"", ""fruit close-up""]",0.4444,0.8,0.5714,0.4
baskauf/13397,Fraxinus pennsylvanica,vanderbilt/5-64,fruit / immature,fruit,"[""twig"", ""fruit borne on plant"", ""fruit""]","{""twig"": 0.8594, ""fruit borne on plant"": 0.7299, ""fruit"": 0.7263}",True,False,"[""winged seeds"", ""hanging fruit"", ""slender twig"", ""close-up view"", ""green and brown tones"", ""soft focus background""]","[""fruit"", ""twig"", ""fruit close-up"", ""fruit borne on plant"", ""seed""]",1.0,0.6,0.75,0.6
baskauf/13401,Fraxinus pennsylvanica,vanderbilt/5-64,leaf / margin of upper + lower surface,leaf,"[""leaf"", ""leaf upper surface"", ""leaf arrangement on twig"", ""leaf margin"", ""stem""]","{""leaf"": 0.9939, ""leaf upper surface"": 0.9474, ""leaf arrangement on twig"": 0.9259, ""leaf margin"": 0.8335, ""stem"": 0.5273}",True,True,"[""green leaves"", ""compound leaf"", ""leaf veins"", ""leaf arrangement"", ""close-up view"", ""bright sunlight""]","[""leaf"", ""leaf arrangement on twig"", ""leaf upper surface""]",0.6,1.0,0.75,0.6
baskauf/13403,Fraxinus pennsylvanica,vanderbilt/5-64,leaf / unspecified,leaf,"[""leaf"", ""stem"", ""leaf arrangement on twig"", ""twig""]","{""leaf"": 0.9467, ""stem"": 0.8831, ""leaf arrangement on twig"": 0.8298, ""twig"": 0.6135}",True,True,"[""green stem"", ""leaf arrangement"", ""leaf attachment"", ""smooth stem"", ""close-up view"", ""bright green""]","[""stem"", ""leaf"", ""leaf arrangement on twig"", ""petiole arrangement""]",0.75,0.75,0.75,0.6
baskauf/13406,Fraxinus pennsylvanica,vanderbilt/5-64,bark / of a large tree,bark,"[""bark"", ""large-tree bark"", ""trunk""]","{""bark"": 0.9915, ""large-tree bark"": 0.9889, ""trunk"": 0.9851}",True,True,"[""rough bark"", ""tree trunk"", ""vertical texture"", ""close-up bark"", ""ridged bark"", ""natural pattern""]","[""trunk"", ""bark"", ""large-tree bark""]",1.0,1.0,1.0,1.0
baskauf/13410,Fraxinus pennsylvanica,vanderbilt/5-64,whole tree (or vine) / view up trunk,whole plant,"[""trunk"", ""bark"", ""view up trunk"", ""large-tree bark"", ""branch"", ""whole plant"", ""leaf""]","{""trunk"": 0.9907, ""bark"": 0.9853, ""view up trunk"": 0.9757, ""large-tree bark"": 0.9582, ""branch"": 0.9358, ""whole plant"": 0.8601, ""leaf"": 0.5213}",True,False,"[""large tree"", ""rough bark"", ""branching trunk"", ""green foliage"", ""upward view"", ""tree canopy""]","[""whole plant"", ""trunk"", ""bark"", ""branch"", ""view up trunk"", ""leaf""]",0.8571,1.0,0.9231,0.8571
baskauf/13412,Fraxinus pennsylvanica,vanderbilt/5-64,bark / of a small tree or small branch,bark,"[""bark"", ""medium-tree or large-branch bark"", ""small-tree or branch bark"", ""trunk"", ""large-tree bark"", ""bud""]","{""bark"": 0.9607, ""medium-tree or large-branch bark"": 0.8865, ""small-tree or branch bark"": 0.865, ""trunk"": 0.8035, ""large-tree bark"": 0.7152, ""bud"": 0.6498}",True,True,"[""smooth bark"", ""small buds"", ""vertical view"", ""tree trunk"", ""grey bark"", ""close-up bark""]","[""trunk"", ""bark"", ""bud"", ""medium-tree or large-branch bark""]",0.6667,1.0,0.8,0.6667
baskauf/13417,Pinus strobus,vanderbilt/1-125,cone / female - closed,cone,"[""cone"", ""needle"", ""closed cone"", ""twig"", ""fruit borne on plant""]","{""cone"": 0.9786, ""needle"": 0.9161, ""closed cone"": 0.7887, ""twig"": 0.6373, ""fruit borne on plant"": 0.6021}",True,True,"[""needle leaves"", ""immature cones"", ""water droplets"", ""green foliage"", ""conifer branch"", ""close-up view""]","[""needle"", ""cone"", ""immature fruit"", ""twig"", ""fruit borne on plant"", ""fruit close-up""]",0.8,0.6667,0.7273,0.5714
baskauf/13418,Pinus strobus,vanderbilt/1-125,cone / female - closed,cone,"[""needle"", ""closed cone"", ""twig""]","{""needle"": 0.6845, ""closed cone"": 0.6267, ""twig"": 0.6087}",False,False,"[""green cone scales"", ""water droplets"", ""close-up view"", ""conifer cone"", ""developing cone"", ""pointed cone""]","[""cone"", ""fruit"", ""immature fruit"", ""fruit close-up""]",0.0,0.0,0.0,0.0
baskauf/13474,Sassafras albidum,ind-baskauf/13474,fruit / immature,fruit,"[""leaf"", ""immature fruit"", ""fruit"", ""fruit close-up"", ""fruit borne on plant"", ""stem""]","{""leaf"": 0.8987, ""immature fruit"": 0.8974, ""fruit"": 0.8788, ""fruit close-up"": 0.8774, ""fruit borne on plant"": 0.8418, ""stem"": 0.7706}",True,False,"[""green leaves"", ""immature fruit"", ""smooth stem"", ""close-up view"", ""blurred background"", ""paired fruit""]","[""leaf"", ""stem"", ""fruit"", ""immature fruit"", ""fruit borne on plant""]",0.8333,1.0,0.9091,0.8333
baskauf/13515,Rhus glabra,ind-baskauf/13515,fruit / as borne on the plant,fruit,"[""leaf"", ""inflorescence"", ""flower"", ""branch"", ""leaf arrangement on twig"", ""fruit"", ""fruit borne on plant"", ""stem""]","{""leaf"": 0.9622, ""inflorescence"": 0.9561, ""flower"": 0.7693, ""branch"": 0.7654, ""leaf arrangement on twig"": 0.6564, ""fruit"": 0.6146, ""fruit borne on plant"": 0.608, ""stem"": 0.5582}",True,False,"[""compound leaves"", ""elongated inflorescence"", ""reddish stems"", ""dense foliage"", ""upward view"", ""green and yellow""]","[""leaf"", ""stem"", ""inflorescence"", ""whole plant"", ""view up trunk""]",0.375,0.6,0.4615,0.3
baskauf/13516,Rhus glabra,ind-baskauf/13515,fruit / as borne on the plant,fruit,"[""leaf"", ""inflorescence"", ""fruit borne on plant"", ""fruit"", ""branch""]","{""leaf"": 0.9382, ""inflorescence"": 0.9331, ""fruit borne on plant"": 0.8389, ""fruit"": 0.7641, ""branch"": 0.7303}",True,False,"[""compound leaves"", ""elongated infructescence"", ""dense foliage"", ""upward view"", ""reddish fruiting structures"", ""green leaves""]","[""whole plant"", ""leaf"", ""inflorescence"", ""fruit"", ""fruit borne on plant""]",0.8,0.8,0.8,0.6667
baskauf/13518,Rhus glabra,ind-baskauf/13515,fruit / immature,fruit,"[""inflorescence"", ""fruit borne on plant"", ""fruit"", ""leaf"", ""flower"", ""stem""]","{""inflorescence"": 0.932, ""fruit borne on plant"": 0.8807, ""fruit"": 0.8746, ""leaf"": 0.6891, ""flower"": 0.6875, ""stem"": 0.6108}",True,False,"[""red berries"", ""compound leaves"", ""dense cluster"", ""branch with fruit"", ""green foliage"", ""close-up view""]","[""fruit"", ""leaf"", ""branch"", ""fruit borne on plant"", ""fruit close-up"", ""inflorescence""]",0.6667,0.6667,0.6667,0.5
baskauf/13534,Rhus copallinum,ind-baskauf/13534,whole tree (or vine) / general,whole plant,"[""leaf"", ""whole plant"", ""branch"", ""leaf arrangement on twig"", ""fruit"", ""fruit borne on plant""]","{""leaf"": 0.9656, ""whole plant"": 0.8878, ""branch"": 0.8733, ""leaf arrangement on twig"": 0.7648, ""fruit"": 0.6364, ""fruit borne on plant"": 0.5607}",True,False,"[""compound leaves"", ""green foliage"", ""branching pattern"", ""immature clusters"", ""sunlit leaves"", ""woody branches""]","[""leaf"", ""branch"", ""twig"", ""inflorescence"", ""immature fruit"", ""fruit borne on plant""]",0.5,0.5,0.5,0.3333
baskauf/13535,Rhus copallinum,ind-baskauf/13534,inflorescence / whole - unspecified,flower,"[""inflorescence"", ""leaf"", ""stem"", ""flower""]","{""inflorescence"": 0.9175, ""leaf"": 0.9092, ""stem"": 0.8624, ""flower"": 0.7967}",True,False,"[""green leaves"", ""small green fruits"", ""woody stem"", ""dense clusters"", ""bright light"", ""shallow depth of field"", ""close-up view"", ""smooth stem""]","[""stem"", ""leaf"", ""fruit"", ""inflorescence"", ""immature fruit"", ""fruit borne on plant""]",0.75,0.5,0.6,0.4286
baskauf/13537,Rhus copallinum,ind-baskauf/13534,inflorescence / whole - unspecified,flower,"[""leaf"", ""stem"", ""inflorescence"", ""leaf arrangement on twig""]","{""leaf"": 0.9729, ""stem"": 0.867, ""inflorescence"": 0.8558, ""leaf arrangement on twig"": 0.8302}",False,False,"[""green leaves"", ""compound leaves"", ""developing inflorescence"", ""reddish stems"", ""bright sunlight"", ""lush foliage""]","[""leaf"", ""stem"", ""inflorescence"", ""twig"", ""leaf arrangement on twig""]",1.0,0.8,0.8889,0.8
baskauf/13540,Rhus copallinum,ind-baskauf/13534,bark / of a medium tree or large branch,bark,"[""bark"", ""trunk"", ""large-tree bark""]","{""bark"": 0.9952, ""trunk"": 0.9866, ""large-tree bark"": 0.9866}",True,True,"[""tree trunk"", ""rough bark"", ""vertical view"", ""forest background"", ""grayish bark"", ""close-up bark""]","[""trunk"", ""bark"", ""large-tree bark""]",1.0,1.0,1.0,1.0
baskauf/13574,Salix nigra,ind-baskauf/13574,whole tree (or vine) / general,whole plant,"[""leaf"", ""whole plant"", ""branch"", ""view up trunk"", ""trunk""]","{""leaf"": 0.9005, ""whole plant"": 0.8984, ""branch"": 0.8406, ""view up trunk"": 0.7203, ""trunk"": 0.7133}",True,False,"[""green foliage"", ""water reflection"", ""woody branches"", ""tree in water"", ""overhanging branches"", ""dense canopy"", ""wetland environment"", ""tree trunks"", ""leafy growth""]","[""whole plant"", ""branch"", ""leaf"", ""twig"", ""trunk""]",0.8,0.8,0.8,0.6667
baskauf/13576,Salix nigra,ind-baskauf/13574,twig / orientation of petioles,twig,"[""leaf arrangement on twig"", ""leaf"", ""stem"", ""twig""]","{""leaf arrangement on twig"": 0.913, ""leaf"": 0.8447, ""stem"": 0.824, ""twig"": 0.6957}",True,False,"[""green leaves"", ""woody stem"", ""small buds"", ""leaf arrangement"", ""close-up view"", ""fuzzy stem""]","[""stem"", ""leaf"", ""bud"", ""leaf arrangement on twig""]",0.75,0.75,0.75,0.6
baskauf/13580,Salix nigra,ind-baskauf/13574,leaf / showing orientation on twig,leaf,"[""leaf arrangement on twig"", ""leaf"", ""twig"", ""stem""]","{""leaf arrangement on twig"": 0.9316, ""leaf"": 0.8654, ""twig"": 0.8031, ""stem"": 0.7784}",True,False,"[""elongated leaves"", ""reddish twig"", ""bright green foliage"", ""water surface background"", ""close-up leaves"", ""slender leaves""]","[""twig"", ""leaf"", ""leaf arrangement on twig""]",0.75,1.0,0.8571,0.75
baskauf/13583,Salix nigra,ind-baskauf/13574,leaf / whole upper surface,leaf,"[""leaf arrangement on twig"", ""leaf"", ""leaf upper surface"", ""leaf margin"", ""stem""]","{""leaf arrangement on twig"": 0.8527, ""leaf"": 0.8511, ""leaf upper surface"": 0.7543, ""leaf margin"": 0.7267, ""stem"": 0.5476}",True,False,"[""elongated leaves"", ""green foliage"", ""leaf damage"", ""hanging leaves"", ""close-up leaves"", ""blurred background""]","[""leaf"", ""twig"", ""leaf arrangement on twig"", ""leaf upper surface""]",0.6,0.75,0.6667,0.5
baskauf/13585,Salix nigra,ind-baskauf/13574,bark / of a large tree,bark,"[""bark"", ""large-tree bark"", ""trunk""]","{""bark"": 0.993, ""large-tree bark"": 0.9795, ""trunk"": 0.9719}",True,True,"[""textured bark"", ""vertical ridges"", ""lichen covered"", ""woody trunk"", ""close-up bark"", ""natural patterns""]","[""trunk"", ""bark"", ""large-tree bark""]",1.0,1.0,1.0,1.0
baskauf/13588,Salix nigra,ind-baskauf/13574,bark / of a small tree or small branch,bark,"[""bark"", ""large-tree bark"", ""medium-tree or large-branch bark"", ""trunk"", ""twig""]","{""bark"": 0.9955, ""large-tree bark"": 0.956, ""medium-tree or large-branch bark"": 0.9381, ""trunk"": 0.9374, ""twig"": 0.4903}",True,True,"[""tree trunk"", ""rough bark"", ""branching pattern"", ""close-up bark"", ""vertical view"", ""natural texture""]","[""trunk"", ""bark"", ""branch"", ""medium-tree or large-branch bark""]",0.6,0.75,0.6667,0.5
baskauf/13589,Salix nigra,ind-baskauf/13574,bark / of a medium tree or large branch,bark,"[""bark"", ""large-tree bark"", ""trunk"", ""medium-tree or large-branch bark""]","{""bark"": 0.9962, ""large-tree bark"": 0.9814, ""trunk"": 0.9774, ""medium-tree or large-branch bark"": 0.9268}",True,True,"[""tree trunk"", ""rough bark"", ""small branch"", ""hole in trunk"", ""vertical view""]","[""trunk"", ""bark"", ""branch"", ""medium-tree or large-branch bark""]",0.75,0.75,0.75,0.6
baskauf/13594,Salix nigra,ind-baskauf/13574,whole tree (or vine) / view up trunk,whole plant,"[""trunk"", ""view up trunk"", ""bark"", ""branch"", ""whole plant"", ""large-tree bark"", ""leaf""]","{""trunk"": 0.9791, ""view up trunk"": 0.9751, ""bark"": 0.9692, ""branch"": 0.9388, ""whole plant"": 0.8753, ""large-tree bark"": 0.8602, ""leaf"": 0.5902}",True,False,"[""upward view"", ""tree trunk"", ""branching pattern"", ""green foliage"", ""textured bark"", ""woody branches""]","[""whole plant"", ""trunk"", ""branch"", ""leaf"", ""view up trunk"", ""bark"", ""large-tree bark""]",1.0,1.0,1.0,1.0
baskauf/13650,Carya ovata,ind-baskauf/13650,bark / of a large tree,bark,"[""bark"", ""large-tree bark"", ""trunk""]","{""bark"": 0.9924, ""large-tree bark"": 0.9883, ""trunk"": 0.9846}",True,True,"[""flaking bark"", ""tree trunk"", ""vertical ridges"", ""gray bark"", ""wood texture"", ""forest background""]","[""trunk"", ""bark"", ""large-tree bark""]",1.0,1.0,1.0,1.0
baskauf/13654,Carya ovata,ind-baskauf/13650,whole tree (or vine) / view up trunk,whole plant,"[""bark"", ""trunk"", ""large-tree bark"", ""view up trunk"", ""branch"", ""leaf""]","{""bark"": 0.9798, ""trunk"": 0.9692, ""large-tree bark"": 0.937, ""view up trunk"": 0.9355, ""branch"": 0.7937, ""leaf"": 0.6375}",False,False,"[""tree trunk"", ""looking up"", ""green leaves"", ""branching pattern"", ""textured bark"", ""forest canopy""]","[""whole plant"", ""trunk"", ""bark"", ""branch"", ""leaf"", ""view up trunk"", ""large-tree bark""]",1.0,0.8571,0.9231,0.8571
baskauf/13707,Carya ovata,ind-baskauf/13707,leaf / showing orientation on twig,leaf,"[""leaf"", ""leaf arrangement on twig"", ""leaf upper surface"", ""stem""]","{""leaf"": 0.991, ""leaf arrangement on twig"": 0.971, ""leaf upper surface"": 0.7724, ""stem"": 0.771}",True,True,"[""compound leaves"", ""green foliage"", ""woody stem"", ""leaf arrangement"", ""tree bark"", ""close-up view""]","[""leaf"", ""stem"", ""twig"", ""leaf arrangement on twig"", ""bark"", ""leaf upper surface""]",1.0,0.6667,0.8,0.6667
baskauf/13709,Carya ovata,ind-baskauf/13707,leaf / whole upper surface,leaf,"[""leaf"", ""leaf arrangement on twig"", ""leaf upper surface"", ""stem""]","{""leaf"": 0.9954, ""leaf arrangement on twig"": 0.9592, ""leaf upper surface"": 0.8628, ""stem"": 0.654}",True,True,"[""compound leaf"", ""green leaves"", ""leaf veins"", ""branch"", ""leaf margin"", ""leaf arrangement""]","[""leaf"", ""branch"", ""leaf arrangement on twig"", ""leaf margin""]",0.5,0.5,0.5,0.3333
baskauf/13712,Carya ovata,ind-baskauf/13707,bark / of a small tree or small branch,bark,"[""bark"", ""large-tree bark"", ""trunk"", ""medium-tree or large-branch bark""]","{""bark"": 0.9966, ""large-tree bark"": 0.9831, ""trunk"": 0.9827, ""medium-tree or large-branch bark"": 0.8575}",True,True,"[""tree trunk"", ""rough bark"", ""branch stub"", ""vertical view"", ""close-up bark"", ""lichen growth""]","[""trunk"", ""bark"", ""branch"", ""large-tree bark""]",0.75,0.75,0.75,0.6
baskauf/13828,Carya laciniosa,ind-baskauf/13828,whole tree (or vine) / general,whole plant,"[""whole plant"", ""leaf"", ""branch"", ""view up trunk"", ""trunk""]","{""whole plant"": 0.9985, ""leaf"": 0.9726, ""branch"": 0.9686, ""view up trunk"": 0.9627, ""trunk"": 0.9448}",True,True,"[""large tree"", ""dense foliage"", ""upward view"", ""branching pattern"", ""green canopy"", ""woody trunk""]","[""whole plant"", ""trunk"", ""branch"", ""view up trunk"", ""leaf""]",1.0,1.0,1.0,1.0
baskauf/13833,Carya laciniosa,ind-baskauf/13828,leaf / showing orientation on twig,leaf,"[""leaf"", ""leaf arrangement on twig"", ""branch""]","{""leaf"": 0.9898, ""leaf arrangement on twig"": 0.9427, ""branch"": 0.671}",True,True,"[""compound leaves"", ""green foliage"", ""branching pattern"", ""developing fruit"", ""woody branch"", ""leaf arrangement""]","[""leaf"", ""branch"", ""fruit"", ""immature fruit"", ""leaf arrangement on twig""]",1.0,0.6,0.75,0.6
baskauf/13836,Carya laciniosa,ind-baskauf/13828,leaf / margin of upper + lower surface,leaf,"[""leaf upper surface"", ""leaf"", ""leaf margin""]","{""leaf upper surface"": 0.9723, ""leaf"": 0.972, ""leaf margin"": 0.9634}",True,False,"[""leaf detail"", ""leaf edge"", ""serrated margin"", ""green leaf"", ""close-up leaf"", ""leaf texture""]","[""leaf"", ""leaf margin"", ""leaf upper surface""]",1.0,1.0,1.0,1.0
baskauf/13839,Carya laciniosa,ind-baskauf/13828,whole tree (or vine) / view up trunk,whole plant,"[""view up trunk"", ""trunk"", ""bark"", ""branch"", ""large-tree bark"", ""whole plant"", ""leaf""]","{""view up trunk"": 0.9872, ""trunk"": 0.987, ""bark"": 0.9758, ""branch"": 0.9496, ""large-tree bark"": 0.9452, ""whole plant"": 0.9363, ""leaf"": 0.7921}",True,False,"[""large tree"", ""upward view"", ""textured bark"", ""green canopy"", ""branching pattern"", ""sky through leaves""]","[""whole plant"", ""trunk"", ""bark"", ""branch"", ""view up trunk"", ""leaf""]",0.8571,1.0,0.9231,0.8571
baskauf/13843,Carya laciniosa,ind-baskauf/13828,bark / of a large tree,bark,"[""bark"", ""trunk"", ""large-tree bark"", ""leaf""]","{""bark"": 0.9857, ""trunk"": 0.9792, ""large-tree bark"": 0.9743, ""leaf"": 0.6634}",True,True,"[""tree trunk"", ""textured bark"", ""upward view"", ""green leaves"", ""forest background"", ""vertical composition""]","[""trunk"", ""bark"", ""view up trunk"", ""leaf"", ""large-tree bark""]",1.0,0.8,0.8889,0.8
baskauf/13862,Carya laciniosa,ind-baskauf/13828,leaf / whole upper surface,leaf,"[""leaf"", ""leaf arrangement on twig"", ""leaf upper surface"", ""stem""]","{""leaf"": 0.9846, ""leaf arrangement on twig"": 0.9452, ""leaf upper surface"": 0.8277, ""stem"": 0.5546}",True,True,"[""compound leaves"", ""green foliage"", ""woody branch"", ""leaf arrangement"", ""leaf upper surface"", ""twig with buds""]","[""leaf"", ""branch"", ""twig"", ""bud"", ""leaf arrangement on twig"", ""leaf upper surface""]",0.75,0.5,0.6,0.4286
baskauf/13866,Carya laciniosa,ind-baskauf/13828,twig / orientation of petioles,twig,"[""bud"", ""twig"", ""terminal bud"", ""stem"", ""immature fruit""]","{""bud"": 0.9795, ""twig"": 0.8795, ""terminal bud"": 0.8779, ""stem"": 0.8193, ""immature fruit"": 0.6875}",True,False,"[""budding twig"", ""developing bud"", ""close-up bud"", ""woody stem"", ""lenticels"", ""green bud scales""]","[""twig"", ""bud"", ""stem"", ""leaf arrangement on twig"", ""terminal bud""]",0.8,0.8,0.8,0.6667
baskauf/13870,Carya laciniosa,ind-baskauf/13828,twig / orientation of petioles,twig,"[""bud"", ""twig"", ""stem"", ""leaf arrangement on twig""]","{""bud"": 0.9707, ""twig"": 0.9015, ""stem"": 0.785, ""leaf arrangement on twig"": 0.6721}",True,False,"[""woody stem"", ""developing buds"", ""elongated leaves"", ""close-up view"", ""smooth stem"", ""bud scales""]","[""stem"", ""bud"", ""leaf"", ""twig"", ""leaf arrangement on twig""]",1.0,0.8,0.8889,0.8
baskauf/13878,Carya laciniosa,ind-baskauf/13828,leaf / margin of upper + lower surface,leaf,"[""leaf margin"", ""leaf upper surface"", ""leaf""]","{""leaf margin"": 0.978, ""leaf upper surface"": 0.9494, ""leaf"": 0.9382}",True,False,"[""serrated leaf edge"", ""leaf margin"", ""green leaf"", ""close-up view"", ""detailed texture"", ""leaf teeth""]","[""leaf"", ""leaf margin""]",0.6667,1.0,0.8,0.6667
baskauf/13880,Carya laciniosa,ind-baskauf/13828,leaf / margin of upper + lower surface,leaf,"[""leaf upper surface"", ""leaf"", ""leaf margin"", ""petiole arrangement""]","{""leaf upper surface"": 0.9196, ""leaf"": 0.905, ""leaf margin"": 0.8995, ""petiole arrangement"": 0.8801}",True,False,"[""leaf texture"", ""leaf vein"", ""leaf margin"", ""green leaf"", ""close-up view"", ""plant detail""]","[""leaf"", ""leaf upper surface"", ""leaf margin"", ""leaf arrangement on twig"", ""petiole arrangement""]",1.0,0.8,0.8889,0.8
baskauf/13885,Carya laciniosa,ind-baskauf/13828,twig / unspecified,twig,"[""bud"", ""winter twig"", ""bark"", ""twig""]","{""bud"": 0.7689, ""winter twig"": 0.76, ""bark"": 0.7357, ""twig"": 0.6027}",True,False,"[""buds"", ""woody stem"", ""close-up"", ""dormant branch"", ""textured bark"", ""winter view""]","[""stem"", ""twig"", ""bud"", ""bark"", ""winter habit"", ""winter twig"", ""small-tree or branch bark""]",1.0,0.5714,0.7273,0.5714
baskauf/13975,Populus tremuloides,ind-baskauf/13975,whole tree (or vine) / general,whole plant,"[""trunk"", ""whole plant"", ""branch"", ""bark"", ""leaf""]","{""trunk"": 0.8922, ""whole plant"": 0.7526, ""branch"": 0.7523, ""bark"": 0.6824, ""leaf"": 0.4492}",True,False,"[""white bark"", ""dense stand"", ""slender trunks"", ""green foliage"", ""woodland scene"", ""upward view"", ""many trees"", ""natural light""]","[""whole plant"", ""trunk"", ""bark"", ""branch"", ""leaf"", ""view up trunk"", ""large-tree bark""]",1.0,0.7143,0.8333,0.7143
baskauf/13977,Populus tremuloides,ind-baskauf/13977,bark / of a medium tree or large branch,bark,"[""bark"", ""large-tree bark"", ""trunk""]","{""bark"": 0.9812, ""large-tree bark"": 0.9565, ""trunk"": 0.9416}",True,True,"[""smooth white bark"", ""lenticels"", ""tree trunk"", ""close-up bark texture"", ""vertical view"", ""natural patterns""]","[""trunk"", ""bark"", ""large-tree bark"", ""medium-tree or large-branch bark""]",1.0,0.75,0.8571,0.75
baskauf/13980,Populus tremuloides,ind-baskauf/13977,whole tree (or vine) / view up trunk,whole plant,"[""trunk"", ""bark"", ""view up trunk"", ""large-tree bark"", ""branch"", ""whole plant""]","{""trunk"": 0.9777, ""bark"": 0.962, ""view up trunk"": 0.9533, ""large-tree bark"": 0.9453, ""branch"": 0.8255, ""whole plant"": 0.7705}",True,False,"[""white bark"", ""upward view"", ""leafy branches"", ""tree trunk"", ""bright sky"", ""branching pattern""]","[""whole plant"", ""trunk"", ""bark"", ""branch"", ""view up trunk"", ""leaf""]",0.8333,0.8333,0.8333,0.7143
baskauf/13981,Populus tremuloides,ind-baskauf/13977,leaf / showing orientation on twig,leaf,"[""leaf"", ""large-tree bark"", ""trunk"", ""branch""]","{""leaf"": 0.8272, ""large-tree bark"": 0.704, ""trunk"": 0.6865, ""branch"": 0.6042}",True,True,"[""white bark"", ""green leaves"", ""looking up"", ""tree canopy"", ""branching pattern"", ""leaf underside""]","[""trunk"", ""bark"", ""leaf"", ""branch"", ""view up trunk"", ""leaf upper surface""]",0.75,0.5,0.6,0.4286
baskauf/14024,Populus tremuloides,ind-baskauf/14024,leaf / whole upper surface,leaf,"[""leaf"", ""leaf arrangement on twig"", ""twig""]","{""leaf"": 0.9065, ""leaf arrangement on twig"": 0.7053, ""twig"": 0.6323}",True,True,"[""green leaves"", ""leaf veins"", ""leaf petioles"", ""twig"", ""close-up view"", ""broadleaf""]","[""leaf"", ""twig"", ""leaf upper surface"", ""petiole arrangement""]",0.6667,0.5,0.5714,0.4
baskauf/14027,Populus tremuloides,ind-baskauf/14024,leaf / margin of upper + lower surface,leaf,"[""leaf"", ""leaf upper surface"", ""leaf margin"", ""leaf arrangement on twig""]","{""leaf"": 0.9792, ""leaf upper surface"": 0.9567, ""leaf margin"": 0.9048, ""leaf arrangement on twig"": 0.6741}",True,True,"[""broad leaves"", ""leaf texture"", ""green leaves"", ""leaf veins"", ""close-up view"", ""overlapping leaves""]","[""leaf"", ""leaf upper surface"", ""leaf margin""]",0.75,1.0,0.8571,0.75
baskauf/14029,Populus tremuloides,ind-baskauf/14024,twig / orientation of petioles,twig,"[""twig"", ""bud"", ""leaf arrangement on twig"", ""leaf"", ""branch""]","{""twig"": 0.8154, ""bud"": 0.7419, ""leaf arrangement on twig"": 0.6102, ""leaf"": 0.5881, ""branch"": 0.5351}",True,True,"[""woody stem"", ""leaf arrangement"", ""leaf underside"", ""branching pattern"", ""green leaves"", ""close-up view""]","[""stem"", ""branch"", ""leaf"", ""leaf arrangement on twig""]",0.6,0.75,0.6667,0.5
baskauf/14031,Populus tremuloides,ind-baskauf/14024,leaf / whole upper surface,leaf,"[""twig"", ""bud"", ""leaf"", ""leaf arrangement on twig"", ""stem""]","{""twig"": 0.866, ""bud"": 0.8219, ""leaf"": 0.8137, ""leaf arrangement on twig"": 0.773, ""stem"": 0.6304}",True,False,"[""green leaves"", ""woody stem"", ""bud"", ""twig"", ""leaf arrangement"", ""close-up""]","[""leaf"", ""stem"", ""twig"", ""bud"", ""leaf arrangement on twig""]",1.0,1.0,1.0,1.0
baskauf/14034,Populus tremuloides,ind-baskauf/14024,twig / orientation of petioles,twig,"[""stem"", ""bud"", ""twig"", ""leaf arrangement on twig"", ""leaf""]","{""stem"": 0.9235, ""bud"": 0.8918, ""twig"": 0.8869, ""leaf arrangement on twig"": 0.8651, ""leaf"": 0.67}",True,False,"[""reddish twig"", ""leaf attachment"", ""budding twig"", ""close-up view"", ""dormant buds"", ""leafy background""]","[""twig"", ""bud"", ""leaf"", ""leaf arrangement on twig"", ""winter twig""]",0.8,0.8,0.8,0.6667
baskauf/15003,Sorbus americana,ind-baskauf/15003,fruit / as borne on the plant,fruit,"[""fruit borne on plant"", ""fruit"", ""leaf"", ""inflorescence"", ""branch"", ""stem""]","{""fruit borne on plant"": 0.9467, ""fruit"": 0.9319, ""leaf"": 0.8981, ""inflorescence"": 0.82, ""branch"": 0.6441, ""stem"": 0.6101}",True,False,"[""red berries"", ""compound leaves"", ""woody branch"", ""bright sunlight"", ""autumn colors"", ""clustered fruit""]","[""branch"", ""leaf"", ""fruit"", ""fruit borne on plant"", ""inflorescence""]",0.8333,1.0,0.9091,0.8333
baskauf/15006,Sorbus americana,ind-baskauf/15003,leaf / whole upper surface,leaf,"[""leaf"", ""leaf arrangement on twig"", ""twig"", ""stem""]","{""leaf"": 0.9476, ""leaf arrangement on twig"": 0.9344, ""twig"": 0.799, ""stem"": 0.7595}",True,True,"[""compound leaves"", ""red stem"", ""leaf arrangement"", ""bright green foliage"", ""slender leaflets"", ""outdoor scene""]","[""leaf"", ""stem"", ""leaf arrangement on twig""]",0.75,1.0,0.8571,0.75
baskauf/15007,Sorbus americana,ind-baskauf/15003,leaf / showing orientation on twig,leaf,"[""leaf"", ""leaf arrangement on twig"", ""twig"", ""stem"", ""branch""]","{""leaf"": 0.9771, ""leaf arrangement on twig"": 0.9638, ""twig"": 0.745, ""stem"": 0.6341, ""branch"": 0.5567}",True,True,"[""compound leaves"", ""reddish stems"", ""pinnately compound"", ""branch with leaves"", ""bright green foliage"", ""twiggy growth""]","[""branch"", ""stem"", ""leaf"", ""leaf arrangement on twig"", ""twig""]",1.0,1.0,1.0,1.0
baskauf/15008,Sorbus americana,ind-baskauf/15003,fruit / as borne on the plant,fruit,"[""fruit borne on plant"", ""fruit"", ""fruit close-up"", ""leaf"", ""stem""]","{""fruit borne on plant"": 0.9702, ""fruit"": 0.9623, ""fruit close-up"": 0.9102, ""leaf"": 0.6887, ""stem"": 0.6522}",True,False,"[""bright red fruit"", ""clusters of berries"", ""woody branch"", ""partially visible leaves"", ""blue sky background""]","[""fruit"", ""fruit borne on plant"", ""branch"", ""leaf"", ""inflorescence""]",0.6,0.6,0.6,0.4286
baskauf/15009,Sorbus americana,ind-baskauf/15003,leaf / unspecified,leaf,"[""leaf arrangement on twig"", ""leaf"", ""stem"", ""twig""]","{""leaf arrangement on twig"": 0.9586, ""leaf"": 0.9556, ""stem"": 0.8239, ""twig"": 0.6491}",True,False,"[""green leaves"", ""red stems"", ""compound leaves"", ""serrated edges"", ""sunlit foliage"", ""close-up view""]","[""leaf"", ""stem"", ""leaf arrangement on twig"", ""leaf margin""]",0.75,0.75,0.75,0.6
baskauf/15010,Sorbus americana,ind-baskauf/15003,bark / of a medium tree or large branch,bark,"[""bark"", ""trunk"", ""large-tree bark""]","{""bark"": 0.9841, ""trunk"": 0.9429, ""large-tree bark"": 0.9186}",True,True,"[""tree trunk"", ""lichen covered bark"", ""branching pattern"", ""close-up bark texture"", ""natural light""]","[""trunk"", ""bark"", ""branch"", ""large-tree bark""]",1.0,0.75,0.8571,0.75
baskauf/15011,Sorbus americana,ind-baskauf/15003,twig / orientation of petioles,twig,"[""twig"", ""bud"", ""stem"", ""leaf arrangement on twig"", ""leaf""]","{""twig"": 0.9497, ""bud"": 0.9363, ""stem"": 0.8954, ""leaf arrangement on twig"": 0.859, ""leaf"": 0.7143}",True,True,"[""red twig"", ""branching pattern"", ""leaf buds"", ""smooth bark"", ""close-up view"", ""new growth""]","[""twig"", ""branch"", ""bud"", ""bark"", ""leaf"", ""leaf arrangement on twig""]",0.8,0.6667,0.7273,0.5714
baskauf/15013,Sorbus americana,ind-baskauf/15003,whole tree (or vine) / general,whole plant,"[""whole plant"", ""fruit borne on plant"", ""branch"", ""leaf"", ""fruit"", ""stem""]","{""whole plant"": 0.8645, ""fruit borne on plant"": 0.8398, ""branch"": 0.8191, ""leaf"": 0.8159, ""fruit"": 0.6661, ""stem"": 0.5979}",True,True,"[""compound leaves"", ""red berries"", ""woody shrub"", ""branching pattern"", ""dense foliage"", ""outdoor scene""]","[""whole plant"", ""branch"", ""leaf"", ""fruit"", ""fruit borne on plant""]",0.8333,1.0,0.9091,0.8333
baskauf/15049,Sorbus americana,ind-baskauf/15049,whole tree (or vine) / general,whole plant,"[""whole plant"", ""branch"", ""leaf""]","{""whole plant"": 0.9278, ""branch"": 0.8804, ""leaf"": 0.5517}",True,True,"[""red fruit clusters"", ""leafless branches"", ""mountain landscape"", ""woody stems"", ""green foliage"", ""distant forest""]","[""whole plant"", ""branch"", ""stem"", ""fruit"", ""fruit borne on plant"", ""inflorescence""]",0.6667,0.3333,0.4444,0.2857
baskauf/15050,Viburnum lantanoides,ind-baskauf/15050,leaf / showing orientation on twig,leaf,"[""leaf"", ""stem"", ""leaf upper surface"", ""leaf arrangement on twig"", ""twig""]","{""leaf"": 0.9008, ""stem"": 0.7774, ""leaf upper surface"": 0.6976, ""leaf arrangement on twig"": 0.6697, ""twig"": 0.5775}",True,True,"[""green leaves"", ""woody stem"", ""leaf veins"", ""close-up leaves"", ""leaf arrangement"", ""developing buds""]","[""leaf"", ""stem"", ""twig"", ""bud"", ""leaf arrangement on twig""]",0.8,0.8,0.8,0.6667
baskauf/15051,Viburnum lantanoides,ind-baskauf/15050,leaf / showing orientation on twig,leaf,"[""stem"", ""leaf"", ""leaf arrangement on twig"", ""twig""]","{""stem"": 0.8836, ""leaf"": 0.866, ""leaf arrangement on twig"": 0.8396, ""twig"": 0.7585}",True,False,"[""green leaves"", ""woody stem"", ""buds"", ""close-up view"", ""leaf veins"", ""emerging buds""]","[""stem"", ""leaf"", ""bud"", ""twig"", ""leaf upper surface""]",0.75,0.6,0.6667,0.5
baskauf/15074,Carpinus caroliniana,ind-baskauf/15074,leaf / showing orientation on twig,leaf,"[""bark"", ""trunk"", ""large-tree bark"", ""medium-tree or large-branch bark""]","{""bark"": 0.995, ""trunk"": 0.9812, ""large-tree bark"": 0.9752, ""medium-tree or large-branch bark"": 0.9081}",False,False,"[""smooth bark"", ""tree trunk"", ""vertical view"", ""lichen covered bark"", ""close-up bark""]","[""trunk"", ""bark"", ""large-tree bark""]",0.75,1.0,0.8571,0.75
baskauf/15075,Carpinus caroliniana,ind-baskauf/15074,inflorescence / whole - male,flower,"[""leaf"", ""twig"", ""immature fruit"", ""branch"", ""fruit borne on plant"", ""stem"", ""leaf arrangement on twig"", ""fruit""]","{""leaf"": 0.8942, ""twig"": 0.8344, ""immature fruit"": 0.7262, ""branch"": 0.6987, ""fruit borne on plant"": 0.6421, ""stem"": 0.6315, ""leaf arrangement on twig"": 0.5906, ""fruit"": 0.5776}",False,False,"[""green leaves"", ""hanging catkins"", ""woody branch"", ""blurred background"", ""light green foliage"", ""elongated structures""]","[""leaf"", ""branch"", ""twig"", ""inflorescence"", ""fruit borne on plant""]",0.5,0.8,0.6154,0.4444
baskauf/15076,Carpinus caroliniana,ind-baskauf/15074,leaf / showing orientation on twig,leaf,"[""leaf"", ""leaf arrangement on twig"", ""leaf upper surface"", ""leaf margin"", ""twig"", ""stem""]","{""leaf"": 0.9816, ""leaf arrangement on twig"": 0.9617, ""leaf upper surface"": 0.8564, ""leaf margin"": 0.8179, ""twig"": 0.6901, ""stem"": 0.6662}",True,True,"[""green leaves"", ""woody stem"", ""leaf arrangement"", ""leaf upper surface"", ""close-up leaves"", ""twig with leaves""]","[""leaf"", ""stem"", ""twig"", ""leaf arrangement on twig"", ""leaf upper surface""]",0.8333,1.0,0.9091,0.8333
baskauf/15078,Carpinus caroliniana,ind-baskauf/15074,leaf / whole upper surface,leaf,"[""leaf"", ""leaf margin"", ""leaf upper surface"", ""leaf arrangement on twig"", ""twig""]","{""leaf"": 0.9706, ""leaf margin"": 0.9672, ""leaf upper surface"": 0.967, ""leaf arrangement on twig"": 0.8505, ""twig"": 0.5519}",True,True,"[""green leaves"", ""serrated leaf edge"", ""leaf veins"", ""close-up leaf"", ""bright green""]","[""leaf"", ""leaf upper surface"", ""leaf margin""]",0.6,1.0,0.75,0.6
baskauf/15080,Carpinus caroliniana,ind-baskauf/15074,twig / orientation of petioles,twig,"[""twig"", ""bud"", ""winter twig"", ""stem"", ""leaf arrangement on twig"", ""leaf""]","{""twig"": 0.9761, ""bud"": 0.9448, ""winter twig"": 0.9315, ""stem"": 0.8698, ""leaf arrangement on twig"": 0.8572, ""leaf"": 0.4888}",True,True,"[""woody twig"", ""buds"", ""leaf petiole"", ""dormant branch"", ""close-up view""]","[""twig"", ""bud"", ""petiole arrangement"", ""winter twig""]",0.5,0.75,0.6,0.4286
baskauf/15103,Cornus florida,ind-baskauf/15103,fruit / as borne on the plant,fruit,"[""fruit borne on plant"", ""fruit"", ""immature fruit"", ""fruit close-up"", ""stem""]","{""fruit borne on plant"": 0.9697, ""fruit"": 0.9666, ""immature fruit"": 0.9417, ""fruit close-up"": 0.9293, ""stem"": 0.7738}",True,False,"[""red fruit"", ""green leaves"", ""woody stem"", ""cluster of fruit"", ""close-up view"", ""blurred background""]","[""stem"", ""leaf"", ""fruit"", ""fruit borne on plant"", ""fruit close-up""]",0.8,0.8,0.8,0.6667
baskauf/15104,Cornus florida,ind-baskauf/15103,twig / close-up winter terminal bud,twig,"[""fruit"", ""leaf"", ""fruit borne on plant"", ""immature fruit"", ""stem""]","{""fruit"": 0.9199, ""leaf"": 0.8798, ""fruit borne on plant"": 0.8717, ""immature fruit"": 0.8237, ""stem"": 0.6715}",False,False,"[""green leaves"", ""red fruit"", ""woody stem"", ""close-up view"", ""smooth stem"", ""developing fruit""]","[""leaf"", ""fruit"", ""stem"", ""twig"", ""fruit borne on plant"", ""immature fruit""]",1.0,0.8333,0.9091,0.8333
baskauf/15105,Cornus florida,ind-baskauf/15103,twig / close-up winter terminal bud,twig,"[""fruit"", ""fruit borne on plant"", ""leaf"", ""immature fruit"", ""stem""]","{""fruit"": 0.9204, ""fruit borne on plant"": 0.9007, ""leaf"": 0.8562, ""immature fruit"": 0.7976, ""stem"": 0.6204}",False,False,"[""green leaves"", ""red fruit"", ""woody stem"", ""close-up view"", ""natural light"", ""blurred background""]","[""leaf"", ""fruit"", ""stem"", ""fruit borne on plant"", ""fruit close-up"", ""immature fruit""]",1.0,0.8333,0.9091,0.8333
baskauf/15112,Sassafras albidum,ind-baskauf/15112,fruit / lateral or general close-up,fruit,"[""leaf"", ""fruit borne on plant"", ""fruit"", ""stem""]","{""leaf"": 0.8311, ""fruit borne on plant"": 0.7509, ""fruit"": 0.7099, ""stem"": 0.6877}",True,False,"[""red and black fruit"", ""green leaves"", ""elongated fruit"", ""close-up view"", ""smooth fruit surface"", ""thin stem""]","[""leaf"", ""fruit"", ""fruit close-up"", ""fruit borne on plant"", ""immature fruit""]",0.75,0.6,0.6667,0.5
baskauf/15117,Lindera benzoin,ind-baskauf/15117,fruit / lateral or general close-up,fruit,"[""fruit borne on plant"", ""fruit"", ""fruit close-up"", ""stem"", ""immature fruit"", ""leaf"", ""twig""]","{""fruit borne on plant"": 0.9357, ""fruit"": 0.9217, ""fruit close-up"": 0.8758, ""stem"": 0.8075, ""immature fruit"": 0.7123, ""leaf"": 0.6299, ""twig"": 0.5666}",True,False,"[""red and green fruit"", ""glossy leaves"", ""woody stem"", ""close-up view"", ""blurred background""]","[""fruit"", ""leaf"", ""stem"", ""fruit borne on plant"", ""fruit close-up"", ""immature fruit""]",0.8571,1.0,0.9231,0.8571
baskauf/15129,Platanus occidentalis,ind-baskauf/15129,twig / orientation of petioles,twig,"[""twig"", ""leaf"", ""stem"", ""bud"", ""leaf arrangement on twig""]","{""twig"": 0.9026, ""leaf"": 0.8048, ""stem"": 0.7497, ""bud"": 0.7478, ""leaf arrangement on twig"": 0.7314}",True,True,"[""green leaf"", ""woody stem"", ""branching stem"", ""leaf veins"", ""close-up view""]","[""leaf"", ""stem"", ""branch"", ""leaf arrangement on twig""]",0.6,0.75,0.6667,0.5
baskauf/15141,Nyssa sylvatica,ind-baskauf/15141,leaf / showing orientation on twig,leaf,"[""leaf"", ""branch"", ""fruit borne on plant"", ""fruit"", ""whole plant"", ""leaf arrangement on twig"", ""twig"", ""stem""]","{""leaf"": 0.9764, ""branch"": 0.8493, ""fruit borne on plant"": 0.7968, ""fruit"": 0.7757, ""whole plant"": 0.7548, ""leaf arrangement on twig"": 0.7207, ""twig"": 0.6199, ""stem"": 0.6165}",True,True,"[""green leaves"", ""red leaves"", ""branching pattern"", ""leaf arrangement"", ""woody branches"", ""partially visible trunk"", ""dense foliage"", ""natural light""]","[""leaf"", ""branch"", ""trunk"", ""leaf arrangement on twig"", ""whole plant""]",0.5,0.8,0.6154,0.4444
baskauf/15143,Nyssa sylvatica,ind-baskauf/15141,leaf / showing orientation on twig,leaf,"[""leaf"", ""leaf arrangement on twig"", ""twig"", ""branch"", ""stem""]","{""leaf"": 0.979, ""leaf arrangement on twig"": 0.7683, ""twig"": 0.7083, ""branch"": 0.6767, ""stem"": 0.6149}",True,True,"[""changing leaves"", ""red and green foliage"", ""woody stems"", ""autumn colors"", ""leaf spots"", ""branching pattern""]","[""leaf"", ""stem"", ""twig"", ""leaf arrangement on twig"", ""leaf upper surface""]",0.8,0.8,0.8,0.6667
baskauf/15144,Nyssa sylvatica,ind-baskauf/15141,twig / orientation of petioles,twig,"[""leaf"", ""leaf upper surface"", ""twig"", ""leaf arrangement on twig"", ""bud"", ""stem""]","{""leaf"": 0.9555, ""leaf upper surface"": 0.8351, ""twig"": 0.7733, ""leaf arrangement on twig"": 0.7152, ""bud"": 0.6618, ""stem"": 0.6124}",True,False,"[""green leaves"", ""woody stem"", ""leaf arrangement"", ""developing buds"", ""close-up view""]","[""leaf"", ""stem"", ""leaf arrangement on twig"", ""bud"", ""twig""]",0.8333,1.0,0.9091,0.8333
baskauf/15172,Ulmus rubra,ind-baskauf/15172,leaf / unspecified,leaf,"[""leaf"", ""leaf upper surface"", ""leaf arrangement on twig"", ""leaf margin"", ""stem"", ""twig""]","{""leaf"": 0.9105, ""leaf upper surface"": 0.8565, ""leaf arrangement on twig"": 0.8052, ""leaf margin"": 0.7847, ""stem"": 0.7338, ""twig"": 0.6617}",True,True,"[""green leaves"", ""leaf veins"", ""woody stem"", ""leaf underside"", ""close-up view"", ""serrated leaf edge""]","[""leaf"", ""stem"", ""leaf upper surface"", ""leaf margin"", ""leaf arrangement on twig""]",0.8333,1.0,0.9091,0.8333
baskauf/15175,Ulmus rubra,ind-baskauf/15172,leaf / margin of upper + lower surface,leaf,"[""leaf margin"", ""leaf upper surface"", ""leaf""]","{""leaf margin"": 0.9829, ""leaf upper surface"": 0.9813, ""leaf"": 0.9559}",True,False,"[""leaf veins"", ""leaf texture"", ""serrated leaf edge"", ""green leaves"", ""close-up leaf"", ""leaf underside""]","[""leaf"", ""leaf upper surface"", ""leaf margin"", ""leaf arrangement on twig""]",1.0,0.75,0.8571,0.75
baskauf/15176,Ulmus rubra,ind-baskauf/15172,leaf / showing orientation on twig,leaf,"[""leaf"", ""leaf arrangement on twig"", ""stem"", ""twig""]","{""leaf"": 0.9861, ""leaf arrangement on twig"": 0.9607, ""stem"": 0.7815, ""twig"": 0.4989}",True,True,"[""green leaves"", ""elongated stem"", ""opposite leaf arrangement"", ""serrated leaf margin"", ""vertical view"", ""dense foliage"", ""herbaceous stem"", ""sunlit leaves""]","[""stem"", ""leaf"", ""leaf arrangement on twig"", ""leaf margin""]",0.75,0.75,0.75,0.6
baskauf/15180,Ulmus rubra,ind-baskauf/15172,twig / orientation of petioles,twig,"[""leaf arrangement on twig"", ""bud"", ""stem"", ""twig"", ""terminal bud"", ""petiole arrangement"", ""leaf""]","{""leaf arrangement on twig"": 0.8813, ""bud"": 0.8709, ""stem"": 0.8562, ""twig"": 0.8461, ""terminal bud"": 0.8126, ""petiole arrangement"": 0.7701, ""leaf"": 0.719}",True,False,"[""fuzzy stem"", ""bud"", ""green leaf"", ""close-up view"", ""stem detail"", ""leaf attachment""]","[""stem"", ""bud"", ""leaf"", ""twig"", ""petiole arrangement""]",0.7143,1.0,0.8333,0.7143
baskauf/15184,Ailanthus altissima,vanderbilt/7-87,fruit / as borne on the plant,fruit,"[""fruit"", ""leaf"", ""fruit borne on plant"", ""immature fruit"", ""inflorescence""]","{""fruit"": 0.9116, ""leaf"": 0.8345, ""fruit borne on plant"": 0.7453, ""immature fruit"": 0.7428, ""inflorescence"": 0.7283}",True,True,"[""compound leaves"", ""pendent clusters"", ""green foliage"", ""developing seed pods"", ""branch with leaves""]","[""leaf"", ""twig"", ""fruit"", ""immature fruit"", ""fruit borne on plant"", ""leaf arrangement on twig""]",0.8,0.6667,0.7273,0.5714
baskauf/15185,Ailanthus altissima,vanderbilt/7-87,fruit / as borne on the plant,fruit,"[""fruit"", ""fruit borne on plant"", ""fruit close-up"", ""immature fruit"", ""leaf""]","{""fruit"": 0.9839, ""fruit borne on plant"": 0.9406, ""fruit close-up"": 0.8951, ""immature fruit"": 0.8801, ""leaf"": 0.506}",True,True,"[""winged fruit"", ""clustered fruit"", ""green leaves"", ""pendulous fruit"", ""close-up fruit"", ""branching structure""]","[""fruit"", ""leaf"", ""twig"", ""fruit borne on plant"", ""fruit close-up"", ""inflorescence""]",0.8,0.6667,0.7273,0.5714
baskauf/15187,Ailanthus altissima,vanderbilt/7-87,fruit / lateral or general close-up,fruit,"[""fruit"", ""fruit close-up"", ""fruit borne on plant"", ""seed"", ""immature fruit""]","{""fruit"": 0.972, ""fruit close-up"": 0.9704, ""fruit borne on plant"": 0.9317, ""seed"": 0.8802, ""immature fruit"": 0.7418}",True,True,"[""winged fruit"", ""close-up"", ""tan coloration"", ""textured surface"", ""cluster of fruit"", ""branching structure""]","[""fruit"", ""fruit close-up"", ""fruit borne on plant"", ""twig""]",0.6,0.75,0.6667,0.5
baskauf/15190,Ailanthus altissima,vanderbilt/7-87,leaf / unspecified,leaf,"[""leaf"", ""leaf upper surface"", ""leaf margin"", ""petiole arrangement"", ""leaf arrangement on twig""]","{""leaf"": 0.9706, ""leaf upper surface"": 0.9133, ""leaf margin"": 0.8535, ""petiole arrangement"": 0.8272, ""leaf arrangement on twig"": 0.6815}",True,True,"[""green leaf"", ""leaf vein"", ""leaf margin"", ""close-up"", ""leaf texture"", ""bud""]","[""leaf"", ""leaf upper surface"", ""leaf margin"", ""bud""]",0.6,0.75,0.6667,0.5
baskauf/15192,Ailanthus altissima,vanderbilt/7-87,leaf / unspecified,leaf,"[""leaf"", ""leaf arrangement on twig"", ""leaf upper surface"", ""leaf margin""]","{""leaf"": 0.992, ""leaf arrangement on twig"": 0.9388, ""leaf upper surface"": 0.86, ""leaf margin"": 0.753}",True,True,"[""compound leaves"", ""green foliage"", ""leaf veins"", ""branching pattern"", ""close-up leaves""]","[""leaf"", ""twig"", ""leaf arrangement on twig"", ""leaf upper surface""]",0.75,0.75,0.75,0.6
baskauf/15196,Ailanthus altissima,vanderbilt/7-87,leaf / unspecified,leaf,"[""leaf"", ""leaf arrangement on twig"", ""leaf upper surface"", ""stem"", ""leaf margin""]","{""leaf"": 0.9834, ""leaf arrangement on twig"": 0.9273, ""leaf upper surface"": 0.8948, ""stem"": 0.7963, ""leaf margin"": 0.7712}",True,True,"[""green leaves"", ""compound leaf"", ""leaf arrangement"", ""leaf veins"", ""bright light"", ""close-up view""]","[""leaf"", ""twig"", ""leaf arrangement on twig"", ""leaf upper surface""]",0.6,0.75,0.6667,0.5
baskauf/15197,Juglans nigra,vanderbilt/7-88,leaf / unspecified,leaf,"[""leaf"", ""leaf arrangement on twig"", ""leaf upper surface"", ""stem"", ""twig""]","{""leaf"": 0.9749, ""leaf arrangement on twig"": 0.9704, ""leaf upper surface"": 0.7972, ""stem"": 0.6678, ""twig"": 0.6481}",True,True,"[""compound leaves"", ""green foliage"", ""slender branch"", ""leaf arrangement"", ""light green leaves"", ""close-up leaves""]","[""leaf"", ""branch"", ""leaf arrangement on twig"", ""leaf upper surface""]",0.6,0.75,0.6667,0.5
baskauf/15199,Juglans nigra,vanderbilt/7-88,leaf / unspecified,leaf,"[""leaf"", ""leaf arrangement on twig"", ""leaf upper surface"", ""leaf margin"", ""stem""]","{""leaf"": 0.9898, ""leaf arrangement on twig"": 0.952, ""leaf upper surface"": 0.8787, ""leaf margin"": 0.8772, ""stem"": 0.6283}",True,True,"[""green leaves"", ""compound leaf"", ""woody stem"", ""leaf veins"", ""close-up view"", ""bright light""]","[""leaf"", ""stem"", ""leaf arrangement on twig"", ""leaf upper surface""]",0.8,1.0,0.8889,0.8
baskauf/15200,Juglans nigra,vanderbilt/7-88,twig / orientation of petioles,twig,"[""bud"", ""twig"", ""winter twig"", ""terminal bud"", ""branch"", ""leaf arrangement on twig"", ""stem""]","{""bud"": 0.9668, ""twig"": 0.9572, ""winter twig"": 0.9113, ""terminal bud"": 0.8667, ""branch"": 0.791, ""leaf arrangement on twig"": 0.6719, ""stem"": 0.6662}",True,False,"[""woody branch"", ""buds"", ""twig"", ""developing buds"", ""close-up view"", ""smooth bark"", ""green stems""]","[""branch"", ""twig"", ""bud"", ""stem"", ""small-tree or branch bark""]",0.5714,0.8,0.6667,0.5
baskauf/15203,Juglans nigra,vanderbilt/7-88,twig / close-up winter leaf scar/bud,twig,"[""bud"", ""twig"", ""terminal bud"", ""winter twig"", ""stem""]","{""bud"": 0.988, ""twig"": 0.9662, ""terminal bud"": 0.946, ""winter twig"": 0.9346, ""stem"": 0.8467}",True,False,"[""woody stem"", ""buds"", ""leaf scars"", ""close-up"", ""dormant branch"", ""textured bark""]","[""stem"", ""bud"", ""leaf scar"", ""twig"", ""winter twig"", ""bark"", ""small-tree or branch bark""]",0.8,0.5714,0.6667,0.5
baskauf/15205,Juglans nigra,vanderbilt/7-88,twig / unspecified,twig,"[""bark""]","{""bark"": 0.7078}",False,False,"[""sectioned twig"", ""internal structure"", ""wood grain"", ""cut surface"", ""pale interior"", ""twig cross-section""]","[""twig"", ""stem"", ""winter twig"", ""leaf scar"", ""opened or sectioned fruit""]",0.0,0.0,0.0,0.0
baskauf/15207,Juglans nigra,vanderbilt/7-88,twig / unspecified,twig,"[""bark""]","{""bark"": 0.7387}",False,False,"[""cross section"", ""wood interior"", ""twig section"", ""damaged wood"", ""close-up view"", ""pale wood""]","[""twig"", ""stem"", ""leaf scar"", ""winter twig""]",0.0,0.0,0.0,0.0
baskauf/15211,Acer saccharum,ind-baskauf/15211,leaf / margin of upper + lower surface,leaf,"[""leaf upper surface"", ""leaf"", ""leaf margin""]","{""leaf upper surface"": 0.9623, ""leaf"": 0.9495, ""leaf margin"": 0.9287}",True,False,"[""leaf texture"", ""vein detail"", ""green leaves"", ""close-up view"", ""leaf upper surface"", ""wrinkled leaves""]","[""leaf"", ""leaf upper surface""]",0.6667,1.0,0.8,0.6667
baskauf/15212,Acer saccharum,ind-baskauf/15211,leaf / margin of upper + lower surface,leaf,"[""leaf upper surface"", ""leaf"", ""leaf margin"", ""petiole arrangement""]","{""leaf upper surface"": 0.9745, ""leaf"": 0.9593, ""leaf margin"": 0.9511, ""petiole arrangement"": 0.819}",True,False,"[""green leaves"", ""leaf veins"", ""textured surface"", ""close-up view"", ""overlapping leaves"", ""natural light""]","[""leaf"", ""leaf upper surface"", ""leaf margin""]",0.75,1.0,0.8571,0.75
baskauf/15216,Acer saccharum,ind-baskauf/15211,twig / orientation of petioles,twig,"[""bud"", ""stem"", ""twig"", ""leaf arrangement on twig"", ""leaf""]","{""bud"": 0.952, ""stem"": 0.9253, ""twig"": 0.8929, ""leaf arrangement on twig"": 0.8323, ""leaf"": 0.5506}",True,False,"[""buds"", ""twig"", ""lenticels"", ""green stems"", ""close-up"", ""dormant branch""]","[""twig"", ""bud"", ""stem"", ""leaf scar"", ""winter twig""]",0.6,0.6,0.6,0.4286
baskauf/15225,Pinus strobus,ind-baskauf/15225,cone / female - mature open,cone,"[""cone"", ""closed cone"", ""fruit"", ""open cone"", ""fruit close-up"", ""fruit borne on plant"", ""twig""]","{""cone"": 0.9657, ""closed cone"": 0.9509, ""fruit"": 0.8304, ""open cone"": 0.8079, ""fruit close-up"": 0.7889, ""fruit borne on plant"": 0.7301, ""twig"": 0.5913}",True,True,"[""elongated cone"", ""brown scales"", ""pointed cone"", ""vertical orientation"", ""close-up cone"", ""natural light""]","[""cone"", ""closed cone""]",0.2857,1.0,0.4444,0.2857
baskauf/15227,Ulmus americana,vanderbilt/7-175,leaf / showing orientation on twig,leaf,"[""leaf"", ""leaf arrangement on twig"", ""twig"", ""branch""]","{""leaf"": 0.9268, ""leaf arrangement on twig"": 0.9092, ""twig"": 0.9034, ""branch"": 0.5669}",True,True,"[""green leaves"", ""woody stem"", ""leaf arrangement"", ""branching twig"", ""light green foliage"", ""natural light""]","[""leaf"", ""stem"", ""twig"", ""leaf arrangement on twig"", ""branch""]",1.0,0.8,0.8889,0.8
baskauf/15230,Ulmus americana,vanderbilt/7-175,leaf / margin of upper + lower surface,leaf,"[""leaf margin"", ""leaf upper surface"", ""leaf"", ""leaf arrangement on twig""]","{""leaf margin"": 0.9629, ""leaf upper surface"": 0.9378, ""leaf"": 0.9313, ""leaf arrangement on twig"": 0.6155}",True,False,"[""serrated leaf edge"", ""green leaf"", ""leaf veins"", ""close-up leaf"", ""leaf texture"", ""detailed leaf""]","[""leaf"", ""leaf margin"", ""leaf upper surface""]",0.75,1.0,0.8571,0.75
baskauf/15235,Ulmus americana,vanderbilt/7-175,leaf / unspecified,leaf,"[""leaf"", ""twig"", ""leaf arrangement on twig"", ""bud"", ""stem""]","{""leaf"": 0.9385, ""twig"": 0.8724, ""leaf arrangement on twig"": 0.8337, ""bud"": 0.8005, ""stem"": 0.7079}",True,True,"[""green leaves"", ""woody stem"", ""buds"", ""leaf veins"", ""close-up view""]","[""leaf"", ""stem"", ""bud"", ""leaf arrangement on twig""]",0.8,1.0,0.8889,0.8
baskauf/15238,Ulmus americana,vanderbilt/7-175,leaf / whole upper surface,leaf,"[""leaf"", ""leaf arrangement on twig"", ""leaf margin"", ""leaf upper surface"", ""twig""]","{""leaf"": 0.9541, ""leaf arrangement on twig"": 0.8929, ""leaf margin"": 0.8785, ""leaf upper surface"": 0.8636, ""twig"": 0.8153}",True,True,"[""green leaves"", ""leaf veins"", ""serrated edge"", ""close-up leaf"", ""leaf underside"", ""leaf texture""]","[""leaf"", ""leaf upper surface"", ""leaf margin"", ""leaf arrangement on twig""]",0.8,1.0,0.8889,0.8
baskauf/15241,Ulmus americana,vanderbilt/7-175,twig / orientation of petioles,twig,"[""twig"", ""leaf arrangement on twig"", ""leaf"", ""stem"", ""bud""]","{""twig"": 0.9296, ""leaf arrangement on twig"": 0.9292, ""leaf"": 0.9167, ""stem"": 0.8446, ""bud"": 0.8331}",True,True,"[""green leaves"", ""woody stem"", ""buds"", ""close-up"", ""leaf veins"", ""developing buds""]","[""stem"", ""leaf"", ""bud"", ""twig"", ""leaf arrangement on twig"", ""terminal bud""]",1.0,0.8333,0.9091,0.8333
baskauf/15272,Ostrya virginiana,ind-baskauf/15272,leaf / margin of upper + lower surface,leaf,"[""leaf margin"", ""leaf upper surface"", ""leaf"", ""leaf arrangement on twig""]","{""leaf margin"": 0.9867, ""leaf upper surface"": 0.9764, ""leaf"": 0.9667, ""leaf arrangement on twig"": 0.6216}",True,False,"[""leaf veins"", ""serrated leaf edge"", ""green leaves"", ""close-up view"", ""leaf texture"", ""leaf underside""]","[""leaf"", ""leaf upper surface"", ""leaf margin"", ""leaf arrangement on twig""]",1.0,1.0,1.0,1.0
baskauf/15276,Ostrya virginiana,ind-baskauf/15272,leaf / unspecified,leaf,"[""leaf"", ""leaf arrangement on twig"", ""leaf margin"", ""leaf upper surface"", ""twig"", ""stem""]","{""leaf"": 0.9537, ""leaf arrangement on twig"": 0.8714, ""leaf margin"": 0.8589, ""leaf upper surface"": 0.8488, ""twig"": 0.7593, ""stem"": 0.7158}",True,True,"[""green leaf"", ""leaf underside"", ""bud"", ""brown twig"", ""close-up view"", ""vein structure""]","[""leaf"", ""twig"", ""bud"", ""leaf upper surface"", ""petiole arrangement""]",0.5,0.6,0.5455,0.375
baskauf/15280,Ostrya virginiana,ind-baskauf/15272,twig / orientation of petioles,twig,"[""twig"", ""leaf arrangement on twig"", ""leaf"", ""bud"", ""stem""]","{""twig"": 0.8898, ""leaf arrangement on twig"": 0.8895, ""leaf"": 0.8879, ""bud"": 0.8184, ""stem"": 0.7621}",True,True,"[""green leaves"", ""woody stem"", ""buds"", ""leaf veins"", ""serrated leaf edge"", ""close-up view""]","[""stem"", ""leaf"", ""bud"", ""leaf margin"", ""twig"", ""leaf arrangement on twig""]",1.0,0.8333,0.9091,0.8333
baskauf/15288,Ostrya virginiana,ind-baskauf/15272,twig / unspecified,twig,"[""bud"", ""stem"", ""twig""]","{""bud"": 0.8395, ""stem"": 0.8276, ""twig"": 0.7821}",True,False,"[""green bud"", ""woody twig"", ""close-up"", ""fuzzy texture"", ""developing bud"", ""bud scales""]","[""twig"", ""bud"", ""terminal bud""]",0.6667,0.6667,0.6667,0.5
baskauf/15307,Acer negundo,ind-baskauf/15307,leaf / whole upper surface,leaf,"[""leaf"", ""leaf arrangement on twig"", ""stem"", ""leaf upper surface"", ""twig""]","{""leaf"": 0.9883, ""leaf arrangement on twig"": 0.9623, ""stem"": 0.9038, ""leaf upper surface"": 0.7937, ""twig"": 0.64}",True,True,"[""green leaves"", ""compound leaves"", ""developing fruit"", ""twig"", ""leaf veins"", ""close-up view""]","[""leaf"", ""twig"", ""fruit"", ""immature fruit"", ""leaf arrangement on twig""]",0.6,0.6,0.6,0.4286
baskauf/15308,Acer negundo,ind-baskauf/15307,twig / orientation of petioles,twig,"[""stem"", ""leaf"", ""leaf arrangement on twig"", ""petiole arrangement"", ""bud"", ""twig""]","{""stem"": 0.9314, ""leaf"": 0.9112, ""leaf arrangement on twig"": 0.8505, ""petiole arrangement"": 0.8122, ""bud"": 0.8055, ""twig"": 0.711}",True,False,"[""green stem"", ""small bumps"", ""leafy background"", ""close-up view"", ""branching stem"", ""reddish dots""]","[""stem"", ""twig"", ""leaf"", ""bud"", ""immature fruit"", ""fruit borne on plant""]",0.6667,0.6667,0.6667,0.5
baskauf/15313,Acer negundo,ind-baskauf/15307,leaf / whole upper surface,leaf,"[""leaf"", ""leaf upper surface"", ""leaf arrangement on twig"", ""leaf margin"", ""stem""]","{""leaf"": 0.9828, ""leaf upper surface"": 0.9291, ""leaf arrangement on twig"": 0.9257, ""leaf margin"": 0.8699, ""stem"": 0.7547}",True,True,"[""large green leaf"", ""reddish stem"", ""leaf veins"", ""leaf damage"", ""close-up leaf"", ""natural light""]","[""leaf"", ""stem"", ""leaf upper surface"", ""leaf arrangement on twig"", ""petiole arrangement""]",0.8,0.8,0.8,0.6667
baskauf/15316,Acer negundo,ind-baskauf/15307,leaf / margin of upper + lower surface,leaf,"[""leaf"", ""leaf upper surface"", ""leaf margin"", ""leaf arrangement on twig"", ""stem""]","{""leaf"": 0.9868, ""leaf upper surface"": 0.9555, ""leaf margin"": 0.8984, ""leaf arrangement on twig"": 0.8603, ""stem"": 0.6606}",True,True,"[""green leaves"", ""leaf veins"", ""compound leaf"", ""close-up view"", ""bright light"", ""leaf texture"", ""leaf upper surface"", ""reddish stem""]","[""leaf"", ""leaf upper surface"", ""stem""]",0.6,1.0,0.75,0.6
baskauf/15320,Acer negundo,ind-baskauf/15307,bark / of a small tree or small branch,bark,"[""bark"", ""medium-tree or large-branch bark"", ""small-tree or branch bark"", ""trunk"", ""large-tree bark""]","{""bark"": 0.9771, ""medium-tree or large-branch bark"": 0.9309, ""small-tree or branch bark"": 0.8744, ""trunk"": 0.8025, ""large-tree bark"": 0.7202}",True,True,"[""smooth bark"", ""vertical stem"", ""buds"", ""close-up bark"", ""light brown bark"", ""vertical view""]","[""trunk"", ""bark"", ""bud"", ""medium-tree or large-branch bark""]",0.6,0.75,0.6667,0.5
baskauf/15323,Acer saccharinum,vanderbilt/13-12,leaf / whole upper surface,leaf,"[""leaf"", ""leaf upper surface"", ""leaf margin"", ""leaf arrangement on twig""]","{""leaf"": 0.966, ""leaf upper surface"": 0.9507, ""leaf margin"": 0.8858, ""leaf arrangement on twig"": 0.845}",True,True,"[""lobed green leaf"", ""visible veins"", ""leaf detail"", ""close-up leaf"", ""natural light"", ""blurred background""]","[""leaf"", ""leaf upper surface"", ""leaf margin"", ""twig"", ""leaf arrangement on twig""]",1.0,0.8,0.8889,0.8
baskauf/15326,Acer saccharinum,vanderbilt/13-12,leaf / margin of upper + lower surface,leaf,"[""leaf upper surface"", ""leaf"", ""leaf margin"", ""leaf arrangement on twig""]","{""leaf upper surface"": 0.9896, ""leaf"": 0.988, ""leaf margin"": 0.9853, ""leaf arrangement on twig"": 0.6822}",True,False,"[""leaf underside"", ""leaf veins"", ""serrated leaf edge"", ""green and silver leaves"", ""close-up leaf texture""]","[""leaf"", ""leaf upper surface"", ""leaf margin"", ""leaf arrangement on twig""]",1.0,1.0,1.0,1.0
baskauf/15332,Acer saccharinum,vanderbilt/13-12,twig / orientation of petioles,twig,"[""bud"", ""twig"", ""leaf arrangement on twig"", ""stem"", ""leaf""]","{""bud"": 0.9108, ""twig"": 0.8541, ""leaf arrangement on twig"": 0.6257, ""stem"": 0.5639, ""leaf"": 0.5374}",True,False,"[""woody stem"", ""developing buds"", ""green stems"", ""close-up view"", ""bud arrangement"", ""rough stem texture""]","[""stem"", ""bud"", ""twig"", ""fruit"", ""immature fruit"", ""leaf arrangement on twig""]",0.8,0.6667,0.7273,0.5714
baskauf/15335,Populus deltoides,ind-baskauf/15335,whole tree (or vine) / general,whole plant,"[""whole plant"", ""branch"", ""trunk"", ""view up trunk"", ""leaf""]","{""whole plant"": 0.9887, ""branch"": 0.9756, ""trunk"": 0.9041, ""view up trunk"": 0.8822, ""leaf"": 0.8814}",True,True,"[""tree with full crown"", ""woody trunk"", ""branching pattern"", ""green leaves"", ""sky background"", ""visible branches"", ""medium-sized tree"", ""natural light""]","[""whole plant"", ""trunk"", ""branch"", ""leaf"", ""view up trunk""]",1.0,1.0,1.0,1.0
baskauf/15339,Populus deltoides,ind-baskauf/15335,leaf / whole upper surface,leaf,"[""leaf"", ""leaf upper surface"", ""petiole arrangement"", ""leaf margin"", ""leaf arrangement on twig"", ""twig""]","{""leaf"": 0.9592, ""leaf upper surface"": 0.9394, ""petiole arrangement"": 0.8224, ""leaf margin"": 0.8158, ""leaf arrangement on twig"": 0.7707, ""twig"": 0.5932}",True,True,"[""heart-shaped leaf"", ""veined leaf"", ""serrated leaf margin"", ""green leaf"", ""leaf upper surface"", ""close-up leaf""]","[""leaf"", ""leaf upper surface"", ""leaf margin""]",0.5,1.0,0.6667,0.5
baskauf/15343,Populus deltoides,ind-baskauf/15335,leaf / margin of upper + lower surface,leaf,"[""leaf margin"", ""leaf upper surface"", ""leaf""]","{""leaf margin"": 0.9817, ""leaf upper surface"": 0.9813, ""leaf"": 0.9639}",True,False,"[""serrated leaf edge"", ""leaf veins"", ""green leaf"", ""close-up leaf detail""]","[""leaf"", ""leaf margin"", ""leaf upper surface""]",1.0,1.0,1.0,1.0
baskauf/15346,Populus deltoides,ind-baskauf/15335,twig / orientation of petioles,twig,"[""bud"", ""twig"", ""winter twig"", ""stem"", ""leaf arrangement on twig""]","{""bud"": 0.9797, ""twig"": 0.9426, ""winter twig"": 0.9034, ""stem"": 0.8874, ""leaf arrangement on twig"": 0.7002}",True,False,"[""green twigs"", ""buds"", ""branch"", ""close-up"", ""dormant buds"", ""early spring""]","[""twig"", ""bud"", ""branch"", ""winter twig""]",0.6,0.75,0.6667,0.5
baskauf/15347,Populus deltoides,ind-baskauf/15335,twig / close-up winter leaf scar/bud,twig,"[""bud"", ""twig"", ""leaf scar"", ""winter twig"", ""stem""]","{""bud"": 0.9696, ""twig"": 0.9185, ""leaf scar"": 0.9134, ""winter twig"": 0.9089, ""stem"": 0.7071}",True,False,"[""woody twig"", ""bud"", ""leaf scar"", ""dormant branch"", ""close-up"", ""brown twig""]","[""twig"", ""bud"", ""leaf scar"", ""winter twig""]",0.8,1.0,0.8889,0.8
baskauf/15353,Robinia pseudoacacia,ind-baskauf/15353,fruit / as borne on the plant,fruit,"[""fruit"", ""fruit borne on plant"", ""fruit close-up"", ""immature fruit"", ""leaf"", ""twig""]","{""fruit"": 0.9682, ""fruit borne on plant"": 0.9384, ""fruit close-up"": 0.9184, ""immature fruit"": 0.8507, ""leaf"": 0.6861, ""twig"": 0.6278}",True,True,"[""hanging pods"", ""elongated fruit"", ""green leaves"", ""woody stem"", ""natural light""]","[""stem"", ""leaf"", ""fruit"", ""fruit borne on plant""]",0.5,0.75,0.6,0.4286
baskauf/15356,Robinia pseudoacacia,ind-baskauf/15353,fruit / lateral or general close-up,fruit,"[""fruit"", ""fruit close-up"", ""fruit borne on plant"", ""immature fruit"", ""leaf""]","{""fruit"": 0.9233, ""fruit close-up"": 0.9165, ""fruit borne on plant"": 0.882, ""immature fruit"": 0.7452, ""leaf"": 0.5161}",True,True,"[""seed pods"", ""brown pods"", ""hanging pods"", ""woody stem"", ""close-up view"", ""natural light""]","[""fruit"", ""twig"", ""fruit borne on plant"", ""fruit close-up""]",0.6,0.75,0.6667,0.5
baskauf/15358,Platanus occidentalis,ind-baskauf/15358,leaf / whole upper surface,leaf,"[""leaf"", ""leaf upper surface"", ""leaf margin"", ""leaf arrangement on twig"", ""petiole arrangement""]","{""leaf"": 0.9856, ""leaf upper surface"": 0.9612, ""leaf margin"": 0.894, ""leaf arrangement on twig"": 0.8005, ""petiole arrangement"": 0.769}",True,True,"[""broad leaves"", ""green leaves"", ""leaf veins"", ""leaf texture"", ""close-up view"", ""leaf spots""]","[""leaf"", ""leaf upper surface"", ""leaf margin""]",0.6,1.0,0.75,0.6
baskauf/15360,Platanus occidentalis,ind-baskauf/15358,twig / orientation of petioles,twig,"[""leaf"", ""stem"", ""leaf arrangement on twig"", ""twig""]","{""leaf"": 0.9718, ""stem"": 0.8897, ""leaf arrangement on twig"": 0.7943, ""twig"": 0.6721}",True,False,"[""green stem"", ""serrated leaves"", ""leaf arrangement"", ""developing fruit"", ""angled stem"", ""blurred background""]","[""stem"", ""leaf"", ""leaf arrangement on twig"", ""fruit"", ""immature fruit""]",0.75,0.6,0.6667,0.5
baskauf/15363,Platanus occidentalis,ind-baskauf/15358,twig / orientation of petioles,twig,"[""bud"", ""twig"", ""leaf scar"", ""winter twig"", ""stem"", ""petiole arrangement"", ""leaf arrangement on twig""]","{""bud"": 0.9621, ""twig"": 0.9267, ""leaf scar"": 0.8308, ""winter twig"": 0.8265, ""stem"": 0.8112, ""petiole arrangement"": 0.7527, ""leaf arrangement on twig"": 0.6187}",True,False,"[""branching twig"", ""twig junction"", ""bud"", ""close-up view"", ""dormant branch"", ""pale twig""]","[""twig"", ""branch"", ""bud"", ""winter twig""]",0.4286,0.75,0.5455,0.375
baskauf/15364,Platanus occidentalis,ind-baskauf/15358,leaf / margin of upper + lower surface,leaf,"[""leaf"", ""leaf upper surface"", ""leaf margin"", ""leaf arrangement on twig""]","{""leaf"": 0.9837, ""leaf upper surface"": 0.9706, ""leaf margin"": 0.9528, ""leaf arrangement on twig"": 0.5636}",True,True,"[""green leaf"", ""leaf veins"", ""leaf underside"", ""powdery substance"", ""close-up view"", ""textured surface""]","[""leaf"", ""leaf upper surface"", ""leaf margin""]",0.75,1.0,0.8571,0.75
baskauf/15367,Platanus occidentalis,ind-baskauf/15358,whole tree (or vine) / view up trunk,whole plant,"[""leaf"", ""whole plant"", ""branch"", ""view up trunk"", ""trunk""]","{""leaf"": 0.9482, ""whole plant"": 0.9461, ""branch"": 0.925, ""view up trunk"": 0.8819, ""trunk"": 0.8048}",True,False,"[""green leaves"", ""tree trunk"", ""branching pattern"", ""upward view"", ""leafy canopy"", ""light sky""]","[""whole plant"", ""trunk"", ""branch"", ""view up trunk"", ""leaf""]",1.0,1.0,1.0,1.0
baskauf/15370,Platanus occidentalis,ind-baskauf/15358,whole tree (or vine) / general,whole plant,"[""whole plant"", ""trunk"", ""branch"", ""view up trunk"", ""leaf""]","{""whole plant"": 0.9744, ""trunk"": 0.9465, ""branch"": 0.9109, ""view up trunk"": 0.8056, ""leaf"": 0.5794}",True,True,"[""multiple trunks"", ""green foliage"", ""smooth bark"", ""woodland scene"", ""dense canopy"", ""upward view""]","[""whole plant"", ""trunk"", ""bark"", ""branch"", ""leaf"", ""view up trunk""]",1.0,0.8333,0.9091,0.8333
baskauf/15381,Prunus serotina,ind-baskauf/10643,leaf / margin of upper + lower surface,leaf,"[""leaf margin"", ""leaf upper surface"", ""leaf""]","{""leaf margin"": 0.971, ""leaf upper surface"": 0.9531, ""leaf"": 0.9374}",True,False,"[""leaf texture"", ""leaf edge"", ""green leaves"", ""close-up view"", ""vein pattern""]","[""leaf"", ""leaf upper surface"", ""leaf margin""]",1.0,1.0,1.0,1.0
baskauf/15387,Quercus alba,ind-baskauf/15387,leaf / whole upper surface,leaf,"[""leaf"", ""leaf upper surface"", ""leaf margin"", ""leaf arrangement on twig""]","{""leaf"": 0.9834, ""leaf upper surface"": 0.9499, ""leaf margin"": 0.7729, ""leaf arrangement on twig"": 0.65}",True,True,"[""lobed green leaf"", ""leaf damage"", ""leaf spots"", ""close-up leaf"", ""natural light""]","[""leaf"", ""leaf upper surface"", ""leaf margin"", ""fruit"", ""immature fruit"", ""fruit borne on plant""]",0.75,0.5,0.6,0.4286
baskauf/15388,Quercus alba,ind-baskauf/15387,leaf / margin of upper + lower surface,leaf,"[""leaf"", ""leaf upper surface"", ""leaf margin""]","{""leaf"": 0.9768, ""leaf upper surface"": 0.9573, ""leaf margin"": 0.8989}",True,True,"[""green leaves"", ""leaf veins"", ""leaf underside"", ""close-up view"", ""textured surface"", ""spotted leaves""]","[""leaf"", ""leaf upper surface"", ""leaf margin"", ""leaf arrangement on twig""]",1.0,0.75,0.8571,0.75
baskauf/15391,Cercis canadensis,ind-baskauf/10739,fruit / as borne on the plant,fruit,"[""fruit"", ""fruit borne on plant"", ""twig""]","{""fruit"": 0.9101, ""fruit borne on plant"": 0.8, ""twig"": 0.6502}",True,True,"[""brown pods"", ""woody stem"", ""green leaves"", ""close-up view"", ""natural light""]","[""stem"", ""leaf"", ""fruit"", ""fruit borne on plant"", ""fruit close-up""]",0.6667,0.4,0.5,0.3333
baskauf/15395,Cercis canadensis,ind-baskauf/10739,leaf / margin of upper + lower surface,leaf,"[""leaf upper surface"", ""leaf"", ""leaf margin"", ""petiole arrangement""]","{""leaf upper surface"": 0.9742, ""leaf"": 0.966, ""leaf margin"": 0.8864, ""petiole arrangement"": 0.7869}",True,False,"[""broad leaves"", ""leaf veins"", ""green leaves"", ""leaf texture"", ""close-up view"", ""leaf upper surface""]","[""leaf"", ""leaf upper surface""]",0.5,1.0,0.6667,0.5
baskauf/15412,Sassafras albidum,ind-baskauf/15412,leaf / whole upper surface,leaf,"[""leaf"", ""leaf upper surface"", ""leaf margin"", ""leaf arrangement on twig""]","{""leaf"": 0.992, ""leaf upper surface"": 0.9787, ""leaf margin"": 0.8339, ""leaf arrangement on twig"": 0.6853}",True,True,"[""green leaves"", ""leaf veins"", ""overlapping leaves"", ""close-up leaf"", ""blurred background""]","[""leaf"", ""leaf upper surface"", ""leaf arrangement on twig""]",0.75,1.0,0.8571,0.75
baskauf/15417,Sassafras albidum,ind-baskauf/15412,leaf / margin of upper + lower surface,leaf,"[""leaf upper surface"", ""leaf margin"", ""leaf""]","{""leaf upper surface"": 0.9821, ""leaf margin"": 0.9745, ""leaf"": 0.973}",True,False,"[""leaf texture"", ""leaf veins"", ""close-up leaf"", ""green leaves"", ""leaf upper surface"", ""leaf margin""]","[""leaf"", ""leaf upper surface"", ""leaf margin""]",1.0,1.0,1.0,1.0
baskauf/15424,Sassafras albidum,ind-baskauf/15412,twig / orientation of petioles,twig,"[""leaf"", ""stem"", ""leaf arrangement on twig"", ""twig""]","{""leaf"": 0.9577, ""stem"": 0.8659, ""leaf arrangement on twig"": 0.8411, ""twig"": 0.6464}",True,False,"[""green stem"", ""leaf arrangement"", ""developing buds"", ""smooth stem"", ""close-up view"", ""angled stem""]","[""stem"", ""leaf"", ""twig"", ""bud"", ""leaf arrangement on twig""]",1.0,0.8,0.8889,0.8
baskauf/15444,Rhus copallinum,ind-baskauf/15444,whole tree (or vine) / general,whole plant,"[""whole plant"", ""leaf"", ""branch"", ""fruit borne on plant""]","{""whole plant"": 0.9618, ""leaf"": 0.951, ""branch"": 0.9352, ""fruit borne on plant"": 0.6909}",True,True,"[""compound leaves"", ""reddish fruit"", ""dense foliage"", ""woody branches"", ""tree crown"", ""green leaves""]","[""whole plant"", ""branch"", ""leaf"", ""fruit"", ""inflorescence"", ""fruit borne on plant""]",1.0,0.6667,0.8,0.6667
baskauf/15445,Rhus copallinum,ind-baskauf/15444,fruit / as borne on the plant,fruit,"[""fruit"", ""inflorescence"", ""leaf"", ""fruit borne on plant"", ""immature fruit"", ""stem""]","{""fruit"": 0.9299, ""inflorescence"": 0.8509, ""leaf"": 0.8499, ""fruit borne on plant"": 0.8122, ""immature fruit"": 0.7447, ""stem"": 0.5547}",True,True,"[""pinnately compound leaves"", ""hanging fruit cluster"", ""dark purple fruit"", ""green foliage"", ""pendulous inflorescence"", ""woody stem""]","[""leaf"", ""fruit"", ""inflorescence"", ""stem"", ""fruit borne on plant""]",0.8333,1.0,0.9091,0.8333
baskauf/15448,Rhus copallinum,ind-baskauf/15444,fruit / lateral or general close-up,fruit,"[""fruit"", ""fruit close-up"", ""fruit borne on plant"", ""immature fruit"", ""stem"", ""inflorescence"", ""twig""]","{""fruit"": 0.9753, ""fruit close-up"": 0.9471, ""fruit borne on plant"": 0.896, ""immature fruit"": 0.8238, ""stem"": 0.7734, ""inflorescence"": 0.7107, ""twig"": 0.5628}",True,True,"[""small branches"", ""clustered fruit"", ""brown fruit"", ""close-up view"", ""dormant branches"", ""textured fruit""]","[""twig"", ""fruit"", ""fruit borne on plant"", ""fruit close-up"", ""immature fruit""]",0.7143,1.0,0.8333,0.7143
baskauf/15477,Rhus glabra,ind-baskauf/15477,whole tree (or vine) / general,whole plant,"[""leaf"", ""branch"", ""whole plant"", ""leaf arrangement on twig"", ""stem"", ""twig""]","{""leaf"": 0.9541, ""branch"": 0.9143, ""whole plant"": 0.8658, ""leaf arrangement on twig"": 0.8156, ""stem"": 0.6303, ""twig"": 0.5837}",True,False,"[""dense foliage"", ""compound leaves"", ""reddish stems"", ""green leaves"", ""branching pattern"", ""full canopy""]","[""whole plant"", ""branch"", ""leaf"", ""stem"", ""leaf arrangement on twig""]",0.8333,1.0,0.9091,0.8333
baskauf/15503,Hamamelis virginiana,ind-baskauf/15503,fruit / lateral or general close-up,fruit,"[""immature fruit"", ""fruit borne on plant"", ""bud"", ""leaf"", ""fruit"", ""stem"", ""twig""]","{""immature fruit"": 0.8623, ""fruit borne on plant"": 0.7839, ""bud"": 0.7739, ""leaf"": 0.7217, ""fruit"": 0.6797, ""stem"": 0.6788, ""twig"": 0.6076}",True,False,"[""green leaves"", ""developing fruit"", ""woody stem"", ""close-up view"", ""fuzzy surface"", ""rounded fruit""]","[""leaf"", ""stem"", ""fruit"", ""immature fruit"", ""fruit close-up""]",0.5714,0.8,0.6667,0.5
baskauf/15504,Hamamelis virginiana,ind-baskauf/15503,leaf / showing orientation on twig,leaf,"[""leaf"", ""leaf upper surface"", ""leaf arrangement on twig"", ""stem"", ""twig""]","{""leaf"": 0.985, ""leaf upper surface"": 0.8891, ""leaf arrangement on twig"": 0.8438, ""stem"": 0.6705, ""twig"": 0.5866}",True,True,"[""green leaves"", ""light and shadow"", ""leaf veins"", ""branching pattern"", ""close-up leaves"", ""natural light""]","[""leaf"", ""branch"", ""leaf upper surface""]",0.4,0.6667,0.5,0.3333
baskauf/15521,Gleditsia triacanthos,ind-baskauf/15521,bark / of a large tree,bark,"[""branch"", ""bark"", ""trunk"", ""large-tree bark"", ""twig"", ""stem""]","{""branch"": 0.9021, ""bark"": 0.8796, ""trunk"": 0.8663, ""large-tree bark"": 0.8197, ""twig"": 0.8093, ""stem"": 0.5843}",True,False,"[""thorny trunk"", ""woody branches"", ""lichen covered bark"", ""upward view""]","[""trunk"", ""branch"", ""bark"", ""view up trunk"", ""large-tree bark""]",0.6667,0.8,0.7273,0.5714
baskauf/15531,Gleditsia triacanthos,ind-baskauf/15521,whole tree (or vine) / view up trunk,whole plant,"[""branch"", ""view up trunk"", ""trunk"", ""bark"", ""whole plant"", ""winter habit"", ""twig"", ""leaf""]","{""branch"": 0.9828, ""view up trunk"": 0.8975, ""trunk"": 0.8957, ""bark"": 0.8404, ""whole plant"": 0.826, ""winter habit"": 0.7858, ""twig"": 0.6681, ""leaf"": 0.4952}",True,False,"[""upward view"", ""tree trunk"", ""branching pattern"", ""green foliage"", ""textured bark"", ""sky visible""]","[""whole plant"", ""trunk"", ""branch"", ""leaf"", ""view up trunk"", ""bark""]",0.75,1.0,0.8571,0.75
baskauf/15533,Gleditsia triacanthos,ind-baskauf/15521,bark / of a large tree,bark,"[""bark"", ""large-tree bark"", ""trunk""]","{""bark"": 0.9932, ""large-tree bark"": 0.988, ""trunk"": 0.9803}",True,True,"[""tree trunk"", ""textured bark"", ""lichen covered"", ""vertical view"", ""close-up bark"", ""wood grain""]","[""trunk"", ""bark"", ""large-tree bark""]",1.0,1.0,1.0,1.0
baskauf/15537,Gleditsia triacanthos,ind-baskauf/15521,leaf / showing orientation on twig,leaf,"[""branch"", ""leaf"", ""leaf arrangement on twig"", ""whole plant"", ""twig""]","{""branch"": 0.9231, ""leaf"": 0.8944, ""leaf arrangement on twig"": 0.813, ""whole plant"": 0.7052, ""twig"": 0.6792}",True,False,"[""compound leaves"", ""green foliage"", ""branching pattern"", ""sky background"", ""light and shadow"", ""woody stems""]","[""branch"", ""leaf"", ""twig"", ""leaf arrangement on twig""]",0.8,1.0,0.8889,0.8
baskauf/15549,Sassafras albidum,ind-baskauf/15549,bark / of a medium tree or large branch,bark,"[""bark"", ""large-tree bark"", ""trunk""]","{""bark"": 0.993, ""large-tree bark"": 0.9862, ""trunk"": 0.9789}",True,True,"[""tree trunk"", ""rough bark"", ""vertical ridges"", ""mossy surface"", ""wood texture"", ""natural patterns""]","[""trunk"", ""bark"", ""large-tree bark""]",1.0,1.0,1.0,1.0
baskauf/15573,Robinia pseudoacacia,ind-baskauf/15573,leaf / margin of upper + lower surface,leaf,"[""leaf"", ""leaf upper surface"", ""leaf margin"", ""leaf arrangement on twig""]","{""leaf"": 0.9884, ""leaf upper surface"": 0.9858, ""leaf margin"": 0.9703, ""leaf arrangement on twig"": 0.6105}",True,True,"[""leaf veins"", ""leaf underside"", ""leaf margin"", ""green leaves"", ""close-up view"", ""leaf texture""]","[""leaf"", ""leaf upper surface"", ""leaf margin"", ""leaf arrangement on twig""]",1.0,1.0,1.0,1.0
baskauf/15576,Tilia americana,vanderbilt/6-89,leaf / margin of upper + lower surface,leaf,"[""leaf margin"", ""leaf upper surface"", ""leaf"", ""leaf arrangement on twig""]","{""leaf margin"": 0.9876, ""leaf upper surface"": 0.9788, ""leaf"": 0.9772, ""leaf arrangement on twig"": 0.5538}",True,False,"[""serrated leaf edge"", ""green leaf"", ""leaf veins"", ""leaf texture"", ""twig"", ""leaf margin"", ""close-up view""]","[""leaf"", ""leaf margin"", ""twig"", ""leaf upper surface""]",0.75,0.75,0.75,0.6
baskauf/15581,Tilia americana,vanderbilt/6-89,fruit / as borne on the plant,fruit,"[""fruit"", ""fruit borne on plant"", ""leaf"", ""immature fruit"", ""fruit close-up""]","{""fruit"": 0.9726, ""fruit borne on plant"": 0.9373, ""leaf"": 0.9095, ""immature fruit"": 0.9081, ""fruit close-up"": 0.838}",True,True,"[""broad leaves"", ""pendulous fruit"", ""winged seed"", ""green foliage"", ""close-up view"", ""branch with fruit""]","[""leaf"", ""fruit"", ""fruit borne on plant"", ""twig"", ""leaf upper surface""]",0.6,0.6,0.6,0.4286
baskauf/15592,Magnolia acuminata,vanderbilt/12-206,twig / orientation of petioles,twig,"[""twig"", ""bud"", ""stem"", ""leaf arrangement on twig"", ""leaf"", ""immature fruit""]","{""twig"": 0.9424, ""bud"": 0.916, ""stem"": 0.8879, ""leaf arrangement on twig"": 0.8394, ""leaf"": 0.7512, ""immature fruit"": 0.7129}",True,True,"[""green leaves"", ""brown twig"", ""developing bud"", ""close-up view"", ""smooth twig"", ""leafy stem""]","[""leaf"", ""twig"", ""bud"", ""stem"", ""leaf arrangement on twig""]",0.8333,1.0,0.9091,0.8333
baskauf/15597,Magnolia acuminata,vanderbilt/12-206,twig / winter overall,twig,"[""winter twig"", ""twig"", ""leaf scar"", ""bud""]","{""winter twig"": 0.9828, ""twig"": 0.9543, ""leaf scar"": 0.9479, ""bud"": 0.9461}",True,False,"[""woody stem"", ""close-up bark"", ""lenticels"", ""dormant branch"", ""textured surface"", ""brown tones""]","[""stem"", ""bark"", ""twig"", ""winter twig"", ""leaf scar""]",0.75,0.6,0.6667,0.5
baskauf/15598,Ginkgo biloba,vanderbilt/12-63,cone / female - closed,cone,"[""fruit"", ""fruit borne on plant"", ""immature fruit"", ""fruit close-up"", ""branch""]","{""fruit"": 0.9273, ""fruit borne on plant"": 0.8988, ""immature fruit"": 0.7959, ""fruit close-up"": 0.7902, ""branch"": 0.5042}",False,False,"[""green fan-shaped leaves"", ""developing fruit"", ""woody branch"", ""close-up view"", ""soft light""]","[""leaf"", ""twig"", ""fruit"", ""immature fruit"", ""fruit borne on plant"", ""fruit close-up""]",0.8,0.6667,0.7273,0.5714
baskauf/15604,Ginkgo biloba,vanderbilt/12-63,cone / female - mature open,cone,"[""fruit close-up"", ""fruit"", ""fruit borne on plant""]","{""fruit close-up"": 0.9046, ""fruit"": 0.8819, ""fruit borne on plant"": 0.5811}",False,False,"[""split fruit"", ""yellow interior"", ""green stem"", ""hand-held"", ""close-up view"", ""rough texture""]","[""fruit"", ""fruit close-up"", ""opened or sectioned fruit"", ""stem"", ""immature fruit""]",0.6667,0.4,0.5,0.3333
baskauf/15607,Ginkgo biloba,vanderbilt/12-63,twig / showing attachment of needles,twig,"[""twig"", ""bud"", ""winter twig"", ""stem"", ""leaf scar"", ""leaf arrangement on twig"", ""branch""]","{""twig"": 0.9686, ""bud"": 0.9556, ""winter twig"": 0.9306, ""stem"": 0.903, ""leaf scar"": 0.8839, ""leaf arrangement on twig"": 0.8218, ""branch"": 0.5556}",True,True,"[""woody twig"", ""bud"", ""leaf attachment"", ""close-up"", ""dormant branch"", ""smooth bark""]","[""twig"", ""bud"", ""leaf arrangement on twig"", ""stem"", ""winter twig"", ""bark""]",0.7143,0.8333,0.7692,0.625
baskauf/15615,Quercus macrocarpa,vanderbilt/6-135,fruit / as borne on the plant,fruit,"[""immature fruit"", ""fruit"", ""fruit borne on plant"", ""leaf"", ""fruit close-up"", ""stem""]","{""immature fruit"": 0.9504, ""fruit"": 0.9394, ""fruit borne on plant"": 0.9195, ""leaf"": 0.8332, ""fruit close-up"": 0.8015, ""stem"": 0.569}",True,False,"[""developing acorns"", ""lobed leaves"", ""green foliage"", ""close-up view"", ""woody structure""]","[""fruit"", ""leaf"", ""immature fruit"", ""fruit borne on plant"", ""fruit close-up""]",0.8333,1.0,0.9091,0.8333
baskauf/15620,Quercus macrocarpa,vanderbilt/6-135,twig / orientation of petioles,twig,"[""bud"", ""twig"", ""leaf"", ""leaf arrangement on twig"", ""stem""]","{""bud"": 0.901, ""twig"": 0.8596, ""leaf"": 0.8595, ""leaf arrangement on twig"": 0.7052, ""stem"": 0.6177}",True,False,"[""woody stem"", ""buds"", ""close-up"", ""twig"", ""dormant buds"", ""lenticels"", ""smooth bark"", ""green leaves""]","[""stem"", ""twig"", ""bud"", ""bark"", ""leaf"", ""leaf arrangement on twig""]",1.0,0.8333,0.9091,0.8333
baskauf/15624,Quercus macrocarpa,vanderbilt/6-135,leaf / margin of upper + lower surface,leaf,"[""leaf"", ""leaf upper surface"", ""leaf margin""]","{""leaf"": 0.9822, ""leaf upper surface"": 0.9811, ""leaf margin"": 0.9581}",True,True,"[""green leaves"", ""leaf veins"", ""twig"", ""leaf margin"", ""close-up view"", ""textured surface""]","[""leaf"", ""twig"", ""leaf margin"", ""leaf upper surface""]",1.0,0.75,0.8571,0.75
baskauf/15626,Tsuga canadensis,vanderbilt/6-117,twig / showing attachment of needles,twig,"[""needle"", ""needle attachment"", ""twig"", ""leaf arrangement on twig""]","{""needle"": 0.961, ""needle attachment"": 0.9338, ""twig"": 0.9212, ""leaf arrangement on twig"": 0.8284}",True,False,"[""needle-like leaves"", ""dark twig"", ""green needles"", ""close-up view"", ""branch detail"", ""needle arrangement""]","[""needle"", ""twig"", ""leaf arrangement on twig"", ""needle attachment""]",1.0,1.0,1.0,1.0
baskauf/15637,Quercus alba,vanderbilt/6-152,fruit / as borne on the plant,fruit,"[""fruit"", ""fruit borne on plant"", ""immature fruit"", ""fruit close-up"", ""twig"", ""leaf""]","{""fruit"": 0.9376, ""fruit borne on plant"": 0.9277, ""immature fruit"": 0.9218, ""fruit close-up"": 0.8865, ""twig"": 0.6666, ""leaf"": 0.6599}",True,True,"[""green acorns"", ""woody stem"", ""scaly cap"", ""leafy background"", ""close-up fruit""]","[""fruit"", ""stem"", ""twig"", ""fruit borne on plant"", ""fruit close-up"", ""immature fruit""]",0.8333,0.8333,0.8333,0.7143
baskauf/15641,Quercus alba,vanderbilt/6-152,twig / orientation of petioles,twig,"[""bud"", ""twig"", ""stem"", ""leaf""]","{""bud"": 0.9562, ""twig"": 0.8282, ""stem"": 0.7738, ""leaf"": 0.5774}",True,False,"[""close-up twig"", ""developing buds"", ""textured twig"", ""yellow petioles"", ""bud clusters""]","[""twig"", ""bud"", ""petiole arrangement"", ""fruit"", ""immature fruit""]",0.5,0.4,0.4444,0.2857
baskauf/15643,Quercus rubra,vanderbilt/7-306,leaf / margin of upper + lower surface,leaf,"[""leaf"", ""leaf upper surface"", ""leaf margin"", ""leaf arrangement on twig""]","{""leaf"": 0.9882, ""leaf upper surface"": 0.9858, ""leaf margin"": 0.9799, ""leaf arrangement on twig"": 0.553}",True,True,"[""lobed leaves"", ""leaf veins"", ""green foliage"", ""close-up view"", ""leaf texture"", ""serrated margin""]","[""leaf"", ""leaf upper surface"", ""leaf margin"", ""twig""]",0.75,0.75,0.75,0.6
baskauf/15652,Ulmus americana,vanderbilt/7-175,twig / orientation of petioles,twig,"[""twig"", ""leaf arrangement on twig"", ""leaf"", ""bud"", ""stem""]","{""twig"": 0.9394, ""leaf arrangement on twig"": 0.9051, ""leaf"": 0.8808, ""bud"": 0.8655, ""stem"": 0.7566}",True,True,"[""brown twig"", ""green leaves"", ""buds"", ""close-up"", ""leaf veins"", ""plant detail""]","[""twig"", ""leaf"", ""bud"", ""leaf arrangement on twig"", ""leaf upper surface""]",0.8,0.8,0.8,0.6667
baskauf/15662,Pinus strobus,ind-baskauf/10225,whole tree / general,whole plant,"[""needle"", ""whole plant"", ""branch""]","{""needle"": 0.9839, ""whole plant"": 0.9544, ""branch"": 0.63}",True,False,"[""dense foliage"", ""evergreen tree"", ""needle leaves"", ""full crown"", ""bright sky"", ""green canopy""]","[""whole plant"", ""needle"", ""leaf"", ""trunk"", ""branch""]",1.0,0.6,0.75,0.6
baskauf/15663,Pinus strobus,ind-baskauf/10225,leaf / entire needle,needle,"[""needle attachment"", ""needle"", ""twig""]","{""needle attachment"": 0.9845, ""needle"": 0.9798, ""twig"": 0.9004}",True,False,"[""long needles"", ""green needles"", ""needle clusters"", ""close-up needles"", ""soft focus background""]","[""needle"", ""twig"", ""needle attachment""]",1.0,1.0,1.0,1.0
baskauf/15687,Sambucus nigra,ind-baskauf/15687,fruit / as borne on the plant,fruit,"[""stem"", ""fruit"", ""fruit borne on plant"", ""leaf""]","{""stem"": 0.9506, ""fruit"": 0.9195, ""fruit borne on plant"": 0.8464, ""leaf"": 0.8189}",True,False,"[""dark berries"", ""red stems"", ""compound leaves"", ""clustered fruit"", ""green foliage"", ""branching pattern""]","[""stem"", ""leaf"", ""fruit"", ""fruit borne on plant"", ""twig""]",1.0,0.8,0.8889,0.8
baskauf/15688,Sambucus nigra,ind-baskauf/15687,fruit / lateral or general close-up,fruit,"[""fruit"", ""fruit borne on plant"", ""stem"", ""fruit close-up"", ""immature fruit"", ""leaf""]","{""fruit"": 0.9746, ""fruit borne on plant"": 0.9499, ""stem"": 0.9452, ""fruit close-up"": 0.9053, ""immature fruit"": 0.6906, ""leaf"": 0.6522}",True,True,"[""dark berries"", ""red stems"", ""green leaves"", ""curved stems"", ""clustered fruit"", ""close-up view""]","[""stem"", ""leaf"", ""fruit"", ""fruit borne on plant"", ""fruit close-up""]",0.8333,1.0,0.9091,0.8333
baskauf/15691,Carpinus caroliniana,ind-baskauf/15691,twig / orientation of petioles,twig,"[""leaf"", ""leaf arrangement on twig"", ""twig"", ""stem"", ""bud""]","{""leaf"": 0.9571, ""leaf arrangement on twig"": 0.947, ""twig"": 0.8477, ""stem"": 0.7326, ""bud"": 0.7256}",True,False,"[""green leaves"", ""woody stem"", ""emerging buds"", ""close-up view"", ""branch detail"", ""natural light""]","[""stem"", ""leaf"", ""bud"", ""twig"", ""leaf arrangement on twig"", ""terminal bud""]",1.0,0.8333,0.9091,0.8333
baskauf/15692,Carpinus caroliniana,ind-baskauf/15691,leaf / margin of upper + lower surface,leaf,"[""leaf margin"", ""leaf upper surface"", ""leaf"", ""leaf arrangement on twig""]","{""leaf margin"": 0.9889, ""leaf upper surface"": 0.9796, ""leaf"": 0.9785, ""leaf arrangement on twig"": 0.6808}",True,False,"[""green leaves"", ""leaf veins"", ""serrated edge"", ""close-up"", ""leaf texture"", ""natural light""]","[""leaf"", ""leaf upper surface"", ""leaf margin""]",0.75,1.0,0.8571,0.75
baskauf/15696,Carpinus caroliniana,ind-baskauf/15691,leaf / unspecified,leaf,"[""leaf"", ""leaf margin"", ""leaf upper surface"", ""leaf arrangement on twig"", ""twig"", ""stem""]","{""leaf"": 0.9646, ""leaf margin"": 0.9345, ""leaf upper surface"": 0.8988, ""leaf arrangement on twig"": 0.8971, ""twig"": 0.6915, ""stem"": 0.6635}",True,True,"[""green leaves"", ""serrated leaf edge"", ""leaf veins"", ""brown twig"", ""close-up leaf""]","[""leaf"", ""twig"", ""leaf upper surface"", ""leaf margin"", ""petiole arrangement""]",0.6667,0.8,0.7273,0.5714
baskauf/15719,Carpinus caroliniana,ind-baskauf/15719,fruit / as borne on the plant,fruit,"[""twig"", ""leaf arrangement on twig"", ""leaf"", ""stem""]","{""twig"": 0.9527, ""leaf arrangement on twig"": 0.9203, ""leaf"": 0.8684, ""stem"": 0.7058}",False,False,"[""green leaves"", ""woody stems"", ""developing fruit"", ""branching pattern"", ""close-up view"", ""soft focus background""]","[""stem"", ""leaf"", ""fruit"", ""twig"", ""fruit borne on plant"", ""immature fruit"", ""leaf arrangement on twig""]",1.0,0.5714,0.7273,0.5714
baskauf/15721,Carpinus caroliniana,ind-baskauf/15719,fruit / lateral or general close-up,fruit,"[""leaf""]","{""leaf"": 0.8199}",False,False,"[""green leaves"", ""developing buds"", ""close-up view"", ""new growth"", ""ovate leaves"", ""blurred background"", ""soft focus""]","[""leaf"", ""bud"", ""flower"", ""immature fruit"", ""fruit borne on plant"", ""flower close-up""]",1.0,0.1667,0.2857,0.1667
baskauf/15726,Carpinus caroliniana,ind-baskauf/15719,fruit / lateral or general close-up,fruit,"[""twig"", ""immature fruit"", ""leaf arrangement on twig"", ""leaf"", ""stem"", ""fruit"", ""fruit borne on plant""]","{""twig"": 0.7899, ""immature fruit"": 0.7385, ""leaf arrangement on twig"": 0.7285, ""leaf"": 0.7082, ""stem"": 0.6744, ""fruit"": 0.6718, ""fruit borne on plant"": 0.6415}",True,False,"[""green leaves"", ""hanging twig"", ""leaf arrangement"", ""close-up view"", ""elongated leaves"", ""soft focus background""]","[""twig"", ""leaf"", ""leaf arrangement on twig""]",0.4286,1.0,0.6,0.4286
baskauf/15728,Carpinus caroliniana,ind-baskauf/15719,bark / of a small tree or small branch,bark,"[""bark"", ""trunk"", ""branch"", ""large-tree bark"", ""twig""]","{""bark"": 0.978, ""trunk"": 0.9439, ""branch"": 0.8198, ""large-tree bark"": 0.7773, ""twig"": 0.5983}",True,True,"[""smooth bark"", ""young tree"", ""forest floor"", ""green foliage"", ""curved trunk"", ""scattered leaves""]","[""trunk"", ""bark"", ""branch"", ""leaf"", ""twig"", ""whole plant"", ""medium-tree or large-branch bark""]",0.8,0.5714,0.6667,0.5
baskauf/15729,Lindera benzoin,ind-baskauf/15729,fruit / as borne on the plant,fruit,"[""leaf"", ""stem"", ""fruit borne on plant"", ""fruit"", ""twig""]","{""leaf"": 0.9333, ""stem"": 0.8331, ""fruit borne on plant"": 0.7686, ""fruit"": 0.7113, ""twig"": 0.5303}",True,False,"[""green leaves"", ""red berries"", ""woody stems"", ""branching pattern"", ""natural light"", ""close-up view"", ""forest background"", ""vibrant colors""]","[""leaf"", ""stem"", ""twig"", ""fruit"", ""fruit borne on plant"", ""leaf arrangement on twig""]",1.0,0.8333,0.9091,0.8333
baskauf/15732,Quercus rubra,ind-baskauf/15732,bark / of a large tree,bark,"[""bark"", ""trunk"", ""large-tree bark""]","{""bark"": 0.9952, ""trunk"": 0.991, ""large-tree bark"": 0.9867}",True,True,"[""tree trunk"", ""textured bark"", ""vertical streaks"", ""light and dark contrast"", ""forest background"", ""close-up bark""]","[""trunk"", ""bark"", ""large-tree bark""]",1.0,1.0,1.0,1.0
baskauf/15734,Cephalanthus occidentalis,ind-baskauf/15734,fruit / as borne on the plant,fruit,"[""fruit"", ""fruit borne on plant"", ""stem"", ""immature fruit"", ""fruit close-up"", ""leaf""]","{""fruit"": 0.9355, ""fruit borne on plant"": 0.9083, ""stem"": 0.8616, ""immature fruit"": 0.8439, ""fruit close-up"": 0.8158, ""leaf"": 0.7779}",True,True,"[""clustered fruits"", ""green leaves"", ""woody stem"", ""developing fruit"", ""close-up view"", ""natural light""]","[""stem"", ""leaf"", ""fruit"", ""immature fruit"", ""fruit borne on plant"", ""fruit close-up""]",1.0,1.0,1.0,1.0
baskauf/15737,Cephalanthus occidentalis,ind-baskauf/15734,bark / of a small tree or small branch,bark,"[""bark"", ""medium-tree or large-branch bark"", ""trunk"", ""large-tree bark"", ""twig""]","{""bark"": 0.9926, ""medium-tree or large-branch bark"": 0.9341, ""trunk"": 0.9057, ""large-tree bark"": 0.8874, ""twig"": 0.5988}",True,True,"[""tree trunk"", ""rough bark"", ""mossy surface"", ""small branch"", ""vertical view"", ""close-up bark""]","[""trunk"", ""bark"", ""branch"", ""large-tree bark""]",0.6,0.75,0.6667,0.5
baskauf/15742,Cephalanthus occidentalis,ind-baskauf/15734,twig / orientation of petioles,twig,"[""stem"", ""petiole arrangement"", ""bud"", ""twig"", ""leaf arrangement on twig"", ""leaf""]","{""stem"": 0.9603, ""petiole arrangement"": 0.9009, ""bud"": 0.8975, ""twig"": 0.8756, ""leaf arrangement on twig"": 0.7808, ""leaf"": 0.7449}",True,False,"[""brown twig"", ""green stem"", ""bud scales"", ""branch junction"", ""close-up view"", ""dark background""]","[""twig"", ""stem"", ""bud"", ""branch"", ""leaf scar""]",0.5,0.6,0.5455,0.375
baskauf/15745,Cephalanthus occidentalis,ind-baskauf/15734,leaf / whole upper surface,leaf,"[""leaf"", ""leaf upper surface"", ""leaf arrangement on twig"", ""leaf margin"", ""stem""]","{""leaf"": 0.9872, ""leaf upper surface"": 0.941, ""leaf arrangement on twig"": 0.8401, ""leaf margin"": 0.8216, ""stem"": 0.812}",True,True,"[""green leaf"", ""leaf veins"", ""holes in leaf"", ""leaf texture"", ""close-up leaf"", ""leaf upper surface""]","[""leaf"", ""leaf upper surface"", ""leaf margin""]",0.6,1.0,0.75,0.6
baskauf/15748,Cephalanthus occidentalis,ind-baskauf/15734,leaf / margin of upper + lower surface,leaf,"[""leaf upper surface"", ""leaf"", ""leaf margin""]","{""leaf upper surface"": 0.9877, ""leaf"": 0.9842, ""leaf margin"": 0.9838}",True,False,"[""green leaves"", ""leaf veins"", ""leaf texture"", ""close-up view"", ""leaf damage"", ""light and shadow""]","[""leaf"", ""leaf upper surface"", ""leaf margin"", ""leaf arrangement on twig""]",1.0,0.75,0.8571,0.75
baskauf/15750,Cephalanthus occidentalis,ind-baskauf/15734,twig / orientation of petioles,twig,"[""stem"", ""petiole arrangement"", ""leaf"", ""leaf arrangement on twig"", ""bud"", ""twig""]","{""stem"": 0.9395, ""petiole arrangement"": 0.8724, ""leaf"": 0.8516, ""leaf arrangement on twig"": 0.8382, ""bud"": 0.7919, ""twig"": 0.7137}",True,False,"[""green twig"", ""leaf attachment"", ""leaf vein"", ""close-up view"", ""smooth stem"", ""dark background""]","[""twig"", ""stem"", ""leaf"", ""leaf arrangement on twig"", ""petiole arrangement""]",0.8333,1.0,0.9091,0.8333
baskauf/15756,Cephalanthus occidentalis,ind-baskauf/15734,fruit / lateral or general close-up,fruit,"[""fruit"", ""fruit borne on plant"", ""immature fruit"", ""fruit close-up"", ""inflorescence"", ""stem"", ""flower close-up""]","{""fruit"": 0.9442, ""fruit borne on plant"": 0.8754, ""immature fruit"": 0.8637, ""fruit close-up"": 0.8377, ""inflorescence"": 0.8373, ""stem"": 0.805, ""flower close-up"": 0.68}",True,True,"[""spherical fruit"", ""hanging fruit"", ""green bumpy texture"", ""close-up fruit"", ""slender stem"", ""blurred background""]","[""fruit"", ""fruit close-up"", ""immature fruit"", ""stem"", ""fruit borne on plant""]",0.7143,1.0,0.8333,0.7143
baskauf/15823,Quercus palustris,ind-baskauf/15823,whole tree (or vine) / view up trunk,whole plant,"[""view up trunk"", ""bark"", ""trunk"", ""whole plant"", ""leaf"", ""large-tree bark"", ""branch""]","{""view up trunk"": 0.9639, ""bark"": 0.9604, ""trunk"": 0.9568, ""whole plant"": 0.9087, ""leaf"": 0.883, ""large-tree bark"": 0.849, ""branch"": 0.8367}",True,False,"[""tree trunk"", ""leafy canopy"", ""looking up"", ""textured bark"", ""green leaves"", ""sky visible""]","[""whole plant"", ""trunk"", ""bark"", ""leaf"", ""view up trunk"", ""large-tree bark""]",0.8571,1.0,0.9231,0.8571
baskauf/15827,Quercus palustris,ind-baskauf/15827,whole tree (or vine) / view up trunk,whole plant,"[""bark"", ""trunk"", ""large-tree bark"", ""view up trunk"", ""branch"", ""whole plant"", ""leaf""]","{""bark"": 0.991, ""trunk"": 0.9862, ""large-tree bark"": 0.9597, ""view up trunk"": 0.9556, ""branch"": 0.8084, ""whole plant"": 0.8049, ""leaf"": 0.7324}",True,False,"[""upward view"", ""smooth bark"", ""broad leaves"", ""tree trunk"", ""forest canopy"", ""bright green leaves""]","[""whole plant"", ""trunk"", ""bark"", ""leaf"", ""view up trunk"", ""large-tree bark""]",0.8571,1.0,0.9231,0.8571
baskauf/15861,Carya ovata,ind-baskauf/15861,bark / of a small tree or small branch,bark,"[""bark"", ""large-tree bark"", ""trunk"", ""medium-tree or large-branch bark""]","{""bark"": 0.994, ""large-tree bark"": 0.9868, ""trunk"": 0.9808, ""medium-tree or large-branch bark"": 0.8634}",True,True,"[""tree trunk"", ""textured bark"", ""vertical fissures"", ""rough surface"", ""natural patterns"", ""daylight"", ""close-up view"", ""wood grain""]","[""trunk"", ""bark"", ""large-tree bark""]",0.75,1.0,0.8571,0.75
baskauf/15864,Carya ovata,ind-baskauf/15864,bark / of a medium tree or large branch,bark,"[""bark"", ""large-tree bark"", ""trunk""]","{""bark"": 0.995, ""large-tree bark"": 0.985, ""trunk"": 0.9827}",True,True,"[""tree trunk"", ""ridged bark"", ""lichen covered"", ""vertical view"", ""close-up bark""]","[""trunk"", ""bark"", ""large-tree bark""]",1.0,1.0,1.0,1.0
baskauf/15867,Sassafras albidum,ind-baskauf/15867,leaf / whole upper surface,leaf,"[""leaf"", ""leaf upper surface"", ""leaf arrangement on twig"", ""stem"", ""fruit borne on plant""]","{""leaf"": 0.9863, ""leaf upper surface"": 0.8821, ""leaf arrangement on twig"": 0.7733, ""stem"": 0.662, ""fruit borne on plant"": 0.5771}",True,True,"[""green leaves"", ""lobed leaves"", ""reddish stem"", ""close-up view"", ""leaf veins"", ""bright light""]","[""leaf"", ""stem"", ""leaf upper surface"", ""leaf arrangement on twig""]",0.8,1.0,0.8889,0.8
baskauf/15868,Sassafras albidum,ind-baskauf/15867,leaf / showing orientation on twig,leaf,"[""leaf"", ""leaf arrangement on twig"", ""leaf upper surface"", ""stem"", ""fruit borne on plant""]","{""leaf"": 0.9808, ""leaf arrangement on twig"": 0.8277, ""leaf upper surface"": 0.8141, ""stem"": 0.7056, ""fruit borne on plant"": 0.6659}",True,True,"[""green and red leaves"", ""woody stem"", ""leaf arrangement"", ""close-up leaves"", ""changing leaves""]","[""leaf"", ""stem"", ""leaf arrangement on twig"", ""leaf upper surface""]",0.8,1.0,0.8889,0.8
baskauf/15894,Carya ovata,ind-baskauf/15894,fruit / lateral or general close-up,fruit,"[""seed"", ""fruit close-up"", ""opened or sectioned fruit"", ""fruit"", ""fruit borne on plant""]","{""seed"": 0.9336, ""fruit close-up"": 0.9065, ""opened or sectioned fruit"": 0.9046, ""fruit"": 0.9021, ""fruit borne on plant"": 0.8047}",True,False,"[""split fruit"", ""rough texture"", ""round shape"", ""earthy tones"", ""ground level"", ""seed cavity""]","[""fruit"", ""fruit close-up"", ""opened or sectioned fruit"", ""fruit borne on plant""]",0.8,1.0,0.8889,0.8
baskauf/15898,Carya ovata,ind-baskauf/15898,leaf / margin of upper + lower surface,leaf,"[""leaf upper surface"", ""leaf margin"", ""leaf""]","{""leaf upper surface"": 0.9833, ""leaf margin"": 0.9799, ""leaf"": 0.959}",True,False,"[""green leaf"", ""leaf veins"", ""reddish buds"", ""close-up view"", ""leaf underside"", ""textured surface""]","[""leaf"", ""bud"", ""leaf upper surface"", ""leaf margin""]",1.0,0.75,0.8571,0.75
baskauf/15912,Ulmus rubra,ind-baskauf/15912,twig / orientation of petioles,twig,"[""bud"", ""leaf"", ""leaf arrangement on twig"", ""twig"", ""leaf margin"", ""stem""]","{""bud"": 0.9224, ""leaf"": 0.9051, ""leaf arrangement on twig"": 0.8543, ""twig"": 0.7741, ""leaf margin"": 0.7517, ""stem"": 0.7299}",True,False,"[""leaf attachment"", ""woody stem"", ""leaf underside"", ""close-up view"", ""green leaf"", ""brown stem""]","[""stem"", ""leaf"", ""twig"", ""petiole arrangement"", ""leaf upper surface""]",0.5,0.6,0.5455,0.375
baskauf/15925,Aesculus glabra,vanderbilt/11-210,twig / orientation of petioles,twig,"[""bud"", ""twig"", ""winter twig"", ""stem""]","{""bud"": 0.9763, ""twig"": 0.9476, ""winter twig"": 0.7854, ""stem"": 0.5837}",True,False,"[""gray bark"", ""woody branch"", ""terminal bud"", ""dormant twig"", ""bud scales"", ""leafless branch"", ""close-up view""]","[""branch"", ""twig"", ""bud"", ""bark"", ""terminal bud"", ""winter twig""]",0.75,0.5,0.6,0.4286
baskauf/15935,Juglans nigra,vanderbilt/11-402,fruit / as borne on the plant,fruit,"[""leaf"", ""fruit"", ""fruit borne on plant"", ""leaf arrangement on twig"", ""immature fruit"", ""branch""]","{""leaf"": 0.9387, ""fruit"": 0.9101, ""fruit borne on plant"": 0.7706, ""leaf arrangement on twig"": 0.7625, ""immature fruit"": 0.7462, ""branch"": 0.7238}",True,False,"[""compound leaves"", ""green fruit"", ""hanging fruit"", ""bright sunlight"", ""leafy branch"", ""woody stem""]","[""leaf"", ""fruit"", ""stem"", ""twig"", ""fruit borne on plant"", ""leaf arrangement on twig""]",0.6667,0.6667,0.6667,0.5
baskauf/15938,Juglans nigra,vanderbilt/11-402,fruit / lateral or general close-up,fruit,"[""fruit close-up"", ""fruit"", ""fruit borne on plant"", ""immature fruit"", ""stem""]","{""fruit close-up"": 0.9748, ""fruit"": 0.9682, ""fruit borne on plant"": 0.9264, ""immature fruit"": 0.8644, ""stem"": 0.5443}",True,False,"[""large green fruit"", ""paired fruit"", ""close-up view"", ""textured surface"", ""hanging fruit"", ""branch attachment""]","[""fruit"", ""fruit close-up"", ""fruit borne on plant""]",0.6,1.0,0.75,0.6
baskauf/15942,Juglans nigra,vanderbilt/11-402,seed / general view,seed,"[""opened or sectioned fruit"", ""fruit close-up"", ""fruit""]","{""opened or sectioned fruit"": 0.8858, ""fruit close-up"": 0.8488, ""fruit"": 0.7233}",False,False,"[""dark fruit"", ""rough texture"", ""close-up view"", ""ground level"", ""organic matter"", ""spherical shape""]","[""fruit"", ""fruit close-up"", ""fruit borne on plant""]",0.6667,0.6667,0.6667,0.5
baskauf/15946,Juglans nigra,vanderbilt/11-402,leaf / margin of upper + lower surface,leaf,"[""leaf margin"", ""leaf upper surface"", ""leaf""]","{""leaf margin"": 0.9876, ""leaf upper surface"": 0.9841, ""leaf"": 0.9688}",True,False,"[""leaf veins"", ""serrated edge"", ""green leaf"", ""close-up leaf"", ""leaf texture""]","[""leaf"", ""leaf upper surface"", ""leaf margin""]",1.0,1.0,1.0,1.0
baskauf/15948,Toxicodendron radicans,ind-baskauf/15948,fruit / lateral or general close-up,fruit,"[""fruit"", ""fruit borne on plant"", ""fruit close-up"", ""immature fruit"", ""stem"", ""inflorescence"", ""twig""]","{""fruit"": 0.9879, ""fruit borne on plant"": 0.9719, ""fruit close-up"": 0.947, ""immature fruit"": 0.8531, ""stem"": 0.7899, ""inflorescence"": 0.64, ""twig"": 0.6055}",True,True,"[""small round fruit"", ""cluster of fruit"", ""woody stem"", ""blurred green background"", ""close-up view"", ""developing fruit""]","[""fruit"", ""stem"", ""fruit close-up"", ""immature fruit"", ""fruit borne on plant""]",0.7143,1.0,0.8333,0.7143
baskauf/15951,Toxicodendron radicans,ind-baskauf/15948,fruit / as borne on the plant,fruit,"[""fruit"", ""leaf"", ""fruit borne on plant"", ""immature fruit"", ""stem"", ""inflorescence"", ""twig"", ""branch""]","{""fruit"": 0.9544, ""leaf"": 0.9544, ""fruit borne on plant"": 0.9343, ""immature fruit"": 0.8914, ""stem"": 0.7874, ""inflorescence"": 0.6805, ""twig"": 0.6764, ""branch"": 0.5437}",True,True,"[""compound leaves"", ""small round fruit"", ""woody stem"", ""changing leaf color"", ""green and reddish leaves"", ""clustered fruit""]","[""leaf"", ""fruit"", ""stem"", ""twig"", ""fruit borne on plant"", ""immature fruit""]",0.75,1.0,0.8571,0.75
baskauf/15962,Aesculus hippocastanum,vanderbilt/6-87,twig / winter overall,twig,"[""fruit close-up"", ""fruit"", ""fruit borne on plant"", ""immature fruit"", ""twig""]","{""fruit close-up"": 0.9826, ""fruit"": 0.9651, ""fruit borne on plant"": 0.937, ""immature fruit"": 0.8555, ""twig"": 0.6624}",True,False,"[""woody branch"", ""hanging fruit"", ""textured fruit"", ""close-up view"", ""brown tones"", ""blurred background""]","[""branch"", ""fruit"", ""fruit close-up"", ""fruit borne on plant""]",0.6,0.75,0.6667,0.5
baskauf/15966,Aesculus hippocastanum,vanderbilt/6-87,twig / winter overall,twig,"[""bud"", ""winter twig"", ""twig"", ""terminal bud"", ""bark""]","{""bud"": 0.9672, ""winter twig"": 0.9447, ""twig"": 0.9418, ""terminal bud"": 0.8713, ""bark"": 0.7031}",True,False,"[""woody twig"", ""buds"", ""leaf scars"", ""dormant branch"", ""close-up view""]","[""twig"", ""bud"", ""leaf scar"", ""winter twig""]",0.6,0.75,0.6667,0.5
baskauf/15969,Aesculus hippocastanum,vanderbilt/6-87,leaf / margin of upper + lower surface,leaf,"[""leaf margin"", ""leaf upper surface"", ""leaf""]","{""leaf margin"": 0.9736, ""leaf upper surface"": 0.9553, ""leaf"": 0.9468}",True,False,"[""leaf veins"", ""leaf underside"", ""serrated leaf edge"", ""green leaves"", ""close-up view"", ""leaf texture""]","[""leaf"", ""leaf upper surface"", ""leaf margin""]",1.0,1.0,1.0,1.0
baskauf/15984,Gymnocladus dioicus,vanderbilt/12-177,whole tree (or vine) / view up trunk,whole plant,"[""trunk"", ""bark"", ""view up trunk"", ""large-tree bark"", ""whole plant"", ""branch"", ""leaf""]","{""trunk"": 0.9929, ""bark"": 0.9875, ""view up trunk"": 0.9808, ""large-tree bark"": 0.9539, ""whole plant"": 0.8822, ""branch"": 0.8806, ""leaf"": 0.535}",True,False,"[""tree trunk"", ""rough bark"", ""looking up"", ""green leaves"", ""branching pattern"", ""sunlit canopy""]","[""whole plant"", ""trunk"", ""bark"", ""branch"", ""leaf"", ""view up trunk"", ""large-tree bark""]",1.0,1.0,1.0,1.0
baskauf/15988,Gymnocladus dioicus,vanderbilt/12-177,bark / of a large tree,bark,"[""bark"", ""trunk"", ""large-tree bark""]","{""bark"": 0.9953, ""trunk"": 0.9771, ""large-tree bark"": 0.9755}",True,True,"[""rough bark"", ""tree trunk"", ""lichen covered"", ""close-up bark""]","[""trunk"", ""bark"", ""large-tree bark""]",1.0,1.0,1.0,1.0
baskauf/15991,Quercus palustris,vanderbilt/12-76,fruit / lateral or general close-up,fruit,"[""fruit close-up"", ""fruit"", ""immature fruit"", ""fruit borne on plant"", ""twig""]","{""fruit close-up"": 0.9656, ""fruit"": 0.9463, ""immature fruit"": 0.9303, ""fruit borne on plant"": 0.911, ""twig"": 0.8341}",True,False,"[""developing acorns"", ""acorn caps"", ""woody stem"", ""close-up view"", ""green and brown tones"", ""blurred background""]","[""fruit"", ""immature fruit"", ""fruit borne on plant"", ""twig"", ""stem"", ""fruit close-up""]",1.0,0.8333,0.9091,0.8333
baskauf/15994,Quercus palustris,vanderbilt/12-76,twig / orientation of petioles,twig,"[""bud"", ""twig"", ""winter twig"", ""stem"", ""leaf arrangement on twig""]","{""bud"": 0.9855, ""twig"": 0.9367, ""winter twig"": 0.8891, ""stem"": 0.7759, ""leaf arrangement on twig"": 0.7269}",True,False,"[""brown buds"", ""green leaves"", ""woody stem"", ""close-up view"", ""bud arrangement"", ""twig with buds""]","[""stem"", ""twig"", ""bud"", ""leaf"", ""leaf arrangement on twig""]",0.8,0.8,0.8,0.6667
baskauf/15999,Quercus rubra,vanderbilt/15-227,fruit / lateral or general close-up,fruit,"[""fruit close-up"", ""fruit"", ""fruit borne on plant"", ""immature fruit""]","{""fruit close-up"": 0.9416, ""fruit"": 0.9281, ""fruit borne on plant"": 0.8536, ""immature fruit"": 0.8421}",True,False,"[""acorn"", ""cap and nut"", ""close-up"", ""green and brown"", ""single fruit"", ""detailed texture""]","[""fruit"", ""fruit close-up"", ""immature fruit"", ""fruit borne on plant""]",1.0,1.0,1.0,1.0
baskauf/16016,Quercus velutina,vanderbilt/7-313,fruit / lateral or general close-up,fruit,"[""fruit close-up"", ""fruit"", ""immature fruit"", ""fruit borne on plant"", ""twig""]","{""fruit close-up"": 0.9615, ""fruit"": 0.9325, ""immature fruit"": 0.9004, ""fruit borne on plant"": 0.8997, ""twig"": 0.5254}",True,False,"[""green fruit"", ""scaly cap"", ""close-up"", ""developing acorn""]","[""fruit"", ""fruit close-up"", ""immature fruit""]",0.6,1.0,0.75,0.6
baskauf/16021,Quercus velutina,vanderbilt/7-313,leaf / margin of upper + lower surface,leaf,"[""leaf"", ""leaf upper surface"", ""leaf margin""]","{""leaf"": 0.9796, ""leaf upper surface"": 0.9681, ""leaf margin"": 0.9609}",True,True,"[""green leaves"", ""leaf veins"", ""leaf texture"", ""close-up view"", ""broadleaf"", ""leaf surface""]","[""leaf"", ""leaf upper surface"", ""leaf margin""]",1.0,1.0,1.0,1.0
baskauf/16026,Quercus bicolor,vanderbilt/6-243,twig / orientation of petioles,twig,"[""bud"", ""stem"", ""twig"", ""leaf""]","{""bud"": 0.9404, ""stem"": 0.7361, ""twig"": 0.679, ""leaf"": 0.5298}",True,False,"[""buds along stem"", ""green leaves"", ""close-up view"", ""stem with buds"", ""pale stem"", ""leafy background""]","[""stem"", ""bud"", ""leaf"", ""twig"", ""leaf arrangement on twig""]",1.0,0.8,0.8889,0.8
baskauf/16046,Acer negundo,ind-baskauf/16046,twig / unspecified,twig,"[""winter habit"", ""twig"", ""stem"", ""fruit"", ""bark""]","{""winter habit"": 0.8696, ""twig"": 0.868, ""stem"": 0.812, ""fruit"": 0.7406, ""bark"": 0.7268}",True,False,"[""woody stem"", ""leafless stems"", ""rough bark"", ""brown dried leaves"", ""vertical stems"", ""blurred background""]","[""stem"", ""twig"", ""bark"", ""leaf"", ""winter habit""]",0.8,0.8,0.8,0.6667
baskauf/16050,Acer negundo,ind-baskauf/16046,bark / of a small tree or small branch,bark,"[""bark"", ""medium-tree or large-branch bark"", ""trunk"", ""large-tree bark"", ""twig"", ""stem""]","{""bark"": 0.9625, ""medium-tree or large-branch bark"": 0.8701, ""trunk"": 0.8066, ""large-tree bark"": 0.8009, ""twig"": 0.7465, ""stem"": 0.5561}",True,True,"[""textured bark"", ""green stem"", ""branching pattern"", ""close-up bark"", ""leafless branch"", ""smooth stem""]","[""trunk"", ""bark"", ""stem"", ""branch"", ""twig"", ""winter habit"", ""medium-tree or large-branch bark""]",0.8333,0.7143,0.7692,0.625
baskauf/16083,Quercus muehlenbergii,vanderbilt/15-154,twig / orientation of petioles,twig,"[""bud"", ""twig"", ""leaf arrangement on twig"", ""stem"", ""leaf""]","{""bud"": 0.946, ""twig"": 0.9388, ""leaf arrangement on twig"": 0.7852, ""stem"": 0.6926, ""leaf"": 0.69}",True,False,"[""buds"", ""twig"", ""leaf background"", ""close-up"", ""dormant branch"", ""lenticels""]","[""twig"", ""bud"", ""leaf"", ""leaf arrangement on twig"", ""winter twig""]",0.8,0.8,0.8,0.6667
baskauf/16094,Quercus muehlenbergii,vanderbilt/15-154,fruit / lateral or general close-up,fruit,"[""fruit"", ""immature fruit"", ""fruit close-up"", ""fruit borne on plant"", ""stem""]","{""fruit"": 0.9494, ""immature fruit"": 0.9368, ""fruit close-up"": 0.9324, ""fruit borne on plant"": 0.9108, ""stem"": 0.7246}",True,True,"[""acorn"", ""cap"", ""stem"", ""close-up"", ""brown"", ""green"", ""smooth"", ""textured""]","[""fruit"", ""fruit close-up"", ""fruit borne on plant"", ""twig"", ""stem""]",0.8,0.8,0.8,0.6667
baskauf/16192,Carya ovata,ind-baskauf/16192,leaf / margin of upper + lower surface,leaf,"[""leaf margin"", ""leaf upper surface"", ""leaf""]","{""leaf margin"": 0.9236, ""leaf upper surface"": 0.9128, ""leaf"": 0.8297}",True,False,"[""leaf edge"", ""serrated margin"", ""green leaf"", ""close-up view"", ""leaf texture"", ""detailed leaf""]","[""leaf"", ""leaf margin"", ""leaf upper surface""]",1.0,1.0,1.0,1.0
baskauf/16195,Ulmus americana,ind-baskauf/16195,bark / unspecified,bark,"[""bark"", ""medium-tree or large-branch bark"", ""large-tree bark"", ""trunk""]","{""bark"": 0.9374, ""medium-tree or large-branch bark"": 0.9033, ""large-tree bark"": 0.8914, ""trunk"": 0.7201}",True,True,"[""rough texture"", ""layered bark"", ""close-up bark"", ""brown tones"", ""wood grain"", ""branch surface""]","[""bark"", ""medium-tree or large-branch bark""]",0.5,1.0,0.6667,0.5
baskauf/16201,Ulmus rubra,ind-baskauf/10991,bark / unspecified,bark,"[""medium-tree or large-branch bark"", ""bark""]","{""medium-tree or large-branch bark"": 0.9181, ""bark"": 0.8551}",True,False,"[""rough bark"", ""close-up texture"", ""ridged surface"", ""brown tones"", ""detailed bark"", ""wood grain""]","[""bark"", ""large-tree bark"", ""medium-tree or large-branch bark"", ""small-tree or branch bark""]",1.0,0.5,0.6667,0.5
baskauf/16207,Ostrya virginiana,ind-baskauf/15272,inflorescence / whole - male,flower,"[""bud"", ""immature fruit"", ""twig"", ""stem"", ""leaf"", ""leaf arrangement on twig""]","{""bud"": 0.8707, ""immature fruit"": 0.8483, ""twig"": 0.8328, ""stem"": 0.8156, ""leaf"": 0.7329, ""leaf arrangement on twig"": 0.7264}",False,False,"[""developing catkins"", ""green leaf"", ""close-up view"", ""bud-like structures"", ""veined leaf surface"", ""early spring growth""]","[""leaf"", ""twig"", ""bud"", ""inflorescence"", ""immature fruit"", ""fruit borne on plant""]",0.6667,0.6667,0.6667,0.5
baskauf/16240,Tilia americana,vanderbilt/6-89,twig / orientation of petioles,twig,"[""twig"", ""bud"", ""winter twig"", ""stem"", ""immature fruit"", ""fruit borne on plant"", ""fruit"", ""leaf arrangement on twig""]","{""twig"": 0.9716, ""bud"": 0.9584, ""winter twig"": 0.9097, ""stem"": 0.7932, ""immature fruit"": 0.7307, ""fruit borne on plant"": 0.7305, ""fruit"": 0.6919, ""leaf arrangement on twig"": 0.5946}",True,True,"[""reddish buds"", ""woody stem"", ""close-up view"", ""twig with buds"", ""lenticels visible"", ""blurred background""]","[""twig"", ""bud"", ""stem"", ""fruit"", ""immature fruit"", ""fruit borne on plant""]",0.75,1.0,0.8571,0.75
baskauf/16278,Ostrya virginiana,ind-baskauf/15272,fruit / lateral or general close-up,fruit,"[""fruit close-up"", ""fruit"", ""fruit borne on plant"", ""immature fruit"", ""twig""]","{""fruit close-up"": 0.9736, ""fruit"": 0.9553, ""fruit borne on plant"": 0.9434, ""immature fruit"": 0.9085, ""twig"": 0.8105}",True,False,"[""papery bracts"", ""hanging fruit"", ""brown tones"", ""close-up view"", ""twig attachment"", ""textured surface""]","[""fruit"", ""twig"", ""fruit borne on plant"", ""fruit close-up""]",0.8,1.0,0.8889,0.8
baskauf/16299,Quercus bicolor,ind-baskauf/16299,fruit / lateral or general close-up,fruit,"[""fruit"", ""fruit borne on plant"", ""fruit close-up"", ""immature fruit"", ""twig""]","{""fruit"": 0.9521, ""fruit borne on plant"": 0.9314, ""fruit close-up"": 0.9291, ""immature fruit"": 0.7711, ""twig"": 0.5536}",True,True,"[""acorn"", ""brown leaves"", ""woody stem"", ""close-up fruit"", ""textured cap""]","[""fruit"", ""twig"", ""stem"", ""fruit close-up"", ""fruit borne on plant""]",0.8,0.8,0.8,0.6667
baskauf/16321,Sassafras albidum,ind-baskauf/16321,bark / of a large tree,bark,"[""bark"", ""large-tree bark"", ""trunk""]","{""bark"": 0.9948, ""large-tree bark"": 0.9912, ""trunk"": 0.9861}",True,True,"[""tree trunk"", ""textured bark"", ""vertical lines"", ""close-up bark"", ""natural patterns"", ""light and shadow""]","[""trunk"", ""bark"", ""large-tree bark""]",1.0,1.0,1.0,1.0
baskauf/16324,Sassafras albidum,ind-baskauf/16321,bark / of a large tree,bark,"[""bark"", ""large-tree bark"", ""trunk"", ""medium-tree or large-branch bark""]","{""bark"": 0.9869, ""large-tree bark"": 0.9804, ""trunk"": 0.9546, ""medium-tree or large-branch bark"": 0.8807}",True,True,"[""deeply furrowed bark"", ""textured bark"", ""vertical ridges"", ""brown tones"", ""close-up bark"", ""strong shadows""]","[""bark"", ""large-tree bark"", ""trunk"", ""medium-tree or large-branch bark""]",1.0,1.0,1.0,1.0
baskauf/16325,Sassafras albidum,ind-baskauf/16321,whole tree (or vine) / view up trunk,whole plant,"[""view up trunk"", ""trunk"", ""bark"", ""branch"", ""whole plant"", ""large-tree bark"", ""leaf""]","{""view up trunk"": 0.9817, ""trunk"": 0.9815, ""bark"": 0.9627, ""branch"": 0.9491, ""whole plant"": 0.9308, ""large-tree bark"": 0.884, ""leaf"": 0.8407}",True,False,"[""tree trunk"", ""green leaves"", ""looking up"", ""branching pattern"", ""sunlit foliage"", ""woody texture""]","[""whole plant"", ""trunk"", ""branch"", ""leaf"", ""view up trunk"", ""bark"", ""large-tree bark""]",1.0,1.0,1.0,1.0
baskauf/16416,Cornus florida,ind-baskauf/16416,leaf / showing orientation on twig,leaf,"[""leaf"", ""fruit borne on plant"", ""fruit"", ""twig"", ""stem""]","{""leaf"": 0.9157, ""fruit borne on plant"": 0.8352, ""fruit"": 0.827, ""twig"": 0.741, ""stem"": 0.7133}",True,True,"[""red fruit"", ""changing leaves"", ""woody stems"", ""autumn colors"", ""red berries"", ""leaf veins"", ""branching pattern""]","[""leaf"", ""stem"", ""twig"", ""fruit"", ""fruit borne on plant"", ""immature fruit""]",1.0,0.8333,0.9091,0.8333
baskauf/16418,Toxicodendron radicans,ind-baskauf/16418,leaf / showing orientation on twig,leaf,"[""leaf"", ""bark""]","{""leaf"": 0.9034, ""bark"": 0.739}",True,True,"[""changing leaves"", ""textured bark"", ""woody stem"", ""autumn colors"", ""leaf veins"", ""close-up leaves""]","[""leaf"", ""stem"", ""bark"", ""leaf upper surface"", ""twig"", ""medium-tree or large-branch bark""]",1.0,0.3333,0.5,0.3333
baskauf/16498,Juglans cinerea,ind-baskauf/70791,whole tree (or vine) / view up trunk,whole plant,"[""whole plant"", ""view up trunk"", ""branch"", ""leaf"", ""trunk""]","{""whole plant"": 0.9947, ""view up trunk"": 0.9896, ""branch"": 0.9783, ""leaf"": 0.9278, ""trunk"": 0.8484}",True,True,"[""tree canopy"", ""leafy branches"", ""upward view"", ""green foliage"", ""branching pattern"", ""sky background"", ""tree trunk"", ""leaf arrangement""]","[""whole plant"", ""trunk"", ""branch"", ""leaf"", ""view up trunk""]",1.0,1.0,1.0,1.0
baskauf/16500,Juglans cinerea,ind-baskauf/70791,whole tree (or vine) / general,whole plant,"[""whole plant"", ""trunk"", ""branch"", ""view up trunk"", ""bark"", ""leaf""]","{""whole plant"": 0.9754, ""trunk"": 0.9436, ""branch"": 0.8472, ""view up trunk"": 0.8427, ""bark"": 0.7173, ""leaf"": 0.4999}",True,True,"[""slender tree trunk"", ""forest scene"", ""green foliage"", ""leafy branches"", ""woodland habitat"", ""vertical composition"", ""natural light"", ""tree density"", ""rocky hillside"", ""autumnal hues""]","[""whole plant"", ""trunk"", ""branch"", ""leaf"", ""view up trunk""]",0.8333,1.0,0.9091,0.8333
baskauf/16502,Juglans cinerea,ind-baskauf/16502,bark / of a large tree,bark,"[""bark"", ""trunk"", ""large-tree bark""]","{""bark"": 0.9962, ""trunk"": 0.9925, ""large-tree bark"": 0.9919}",True,True,"[""tree trunk"", ""rough bark"", ""vertical view"", ""forest background"", ""lichen growth"", ""natural texture""]","[""trunk"", ""bark"", ""large-tree bark"", ""view up trunk""]",1.0,0.75,0.8571,0.75
baskauf/16506,Juglans cinerea,ind-baskauf/16502,whole tree (or vine) / view up trunk,whole plant,"[""leaf"", ""view up trunk"", ""branch"", ""bark"", ""trunk"", ""whole plant""]","{""leaf"": 0.9613, ""view up trunk"": 0.9419, ""branch"": 0.856, ""bark"": 0.8503, ""trunk"": 0.83, ""whole plant"": 0.7762}",True,False,"[""tree trunk"", ""ascending view"", ""green leaves"", ""branching pattern"", ""light filtering"", ""sky visible""]","[""whole plant"", ""trunk"", ""branch"", ""leaf"", ""view up trunk""]",0.8333,1.0,0.9091,0.8333
baskauf/16509,Juglans cinerea,ind-baskauf/16502,seed / general view,seed,"[""opened or sectioned fruit"", ""fruit close-up"", ""fruit""]","{""opened or sectioned fruit"": 0.9293, ""fruit close-up"": 0.8044, ""fruit"": 0.7483}",False,False,"[""textured surface"", ""dark brown"", ""close-up"", ""held in hand"", ""elongated shape"", ""rough exterior""]","[""fruit close-up"", ""fruit"", ""immature fruit"", ""fruit borne on plant""]",0.6667,0.5,0.5714,0.4
baskauf/16683,Nyssa sylvatica,ind-baskauf/16683,whole tree (or vine) / general,whole plant,"[""whole plant"", ""view up trunk"", ""branch"", ""trunk"", ""leaf""]","{""whole plant"": 0.9939, ""view up trunk"": 0.9479, ""branch"": 0.887, ""trunk"": 0.8754, ""leaf"": 0.8459}",True,True,"[""tall trees"", ""autumn foliage"", ""red and green leaves"", ""multiple trunks"", ""power lines""]","[""whole plant"", ""trunk"", ""leaf"", ""branch""]",0.8,1.0,0.8889,0.8
baskauf/16684,Rhus copallinum,ind-baskauf/13534,whole tree (or vine) / general,whole plant,"[""whole plant"", ""leaf"", ""branch""]","{""whole plant"": 0.9873, ""leaf"": 0.9673, ""branch"": 0.9411}",True,True,"[""red autumn foliage"", ""compound leaves"", ""branching pattern"", ""dense canopy"", ""tree crown"", ""visible branches""]","[""whole plant"", ""branch"", ""leaf"", ""leaf arrangement on twig""]",1.0,0.75,0.8571,0.75
baskauf/16689,Tilia americana,ind-baskauf/16689,twig / close-up winter terminal bud,twig,"[""bud"", ""twig"", ""winter twig"", ""stem""]","{""bud"": 0.9755, ""twig"": 0.9472, ""winter twig"": 0.9376, ""stem"": 0.8558}",True,False,"[""red twig"", ""pink bud"", ""close-up"", ""dormant branch"", ""bud scales"", ""pointed bud""]","[""twig"", ""bud"", ""terminal bud"", ""winter twig""]",0.75,0.75,0.75,0.6
baskauf/16710,Nyssa sylvatica,ind-baskauf/16683,twig / close-up winter leaf scar/bud,twig,"[""small-tree or branch bark"", ""bark"", ""winter twig"", ""twig""]","{""small-tree or branch bark"": 0.8711, ""bark"": 0.8437, ""winter twig"": 0.7948, ""twig"": 0.5702}",True,False,"[""leafless twig"", ""close-up"", ""wood texture"", ""leaf scar"", ""dormant branch""]","[""twig"", ""leaf scar"", ""winter twig""]",0.5,0.6667,0.5714,0.4
baskauf/16712,Nyssa sylvatica,ind-baskauf/16712,whole tree (or vine) / view up trunk,whole plant,"[""whole plant"", ""view up trunk"", ""branch"", ""leaf"", ""winter habit"", ""trunk""]","{""whole plant"": 0.9702, ""view up trunk"": 0.9628, ""branch"": 0.9497, ""leaf"": 0.7714, ""winter habit"": 0.76, ""trunk"": 0.7262}",True,True,"[""autumn foliage"", ""tree with colorful leaves"", ""visible trunk"", ""branching pattern"", ""blue sky backdrop"", ""leafy crown"", ""woody branches"", ""changing leaves""]","[""whole plant"", ""trunk"", ""branch"", ""leaf"", ""leaf upper surface"", ""view up trunk""]",0.8333,0.8333,0.8333,0.7143
baskauf/16715,Nyssa sylvatica,ind-baskauf/16712,bark / of a medium tree or large branch,bark,"[""bark"", ""large-tree bark"", ""trunk""]","{""bark"": 0.9893, ""large-tree bark"": 0.9873, ""trunk"": 0.9798}",True,True,"[""tree trunk"", ""rough bark"", ""vertical view"", ""textured surface"", ""natural light"", ""close-up bark""]","[""trunk"", ""bark"", ""large-tree bark""]",1.0,1.0,1.0,1.0
baskauf/16720,Fagus grandifolia,ind-baskauf/16720,leaf / showing orientation on twig,leaf,"[""whole plant"", ""leaf"", ""branch"", ""view up trunk""]","{""whole plant"": 0.9791, ""leaf"": 0.9781, ""branch"": 0.9152, ""view up trunk"": 0.8717}",True,False,"[""autumn foliage"", ""tree crown"", ""yellow and orange leaves"", ""branching pattern"", ""sky background"", ""dense canopy""]","[""whole plant"", ""branch"", ""leaf"", ""leaf upper surface"", ""view up trunk""]",1.0,0.8,0.8889,0.8
baskauf/16722,Sassafras albidum,ind-baskauf/16722,leaf / showing orientation on twig,leaf,"[""branch"", ""leaf"", ""view up trunk"", ""whole plant"", ""twig"", ""leaf arrangement on twig""]","{""branch"": 0.9648, ""leaf"": 0.9098, ""view up trunk"": 0.8534, ""whole plant"": 0.8425, ""twig"": 0.7379, ""leaf arrangement on twig"": 0.6781}",True,False,"[""autumn foliage"", ""looking up into tree"", ""yellow leaves"", ""branching pattern"", ""blue sky backdrop"", ""leafless branches""]","[""whole plant"", ""branch"", ""leaf"", ""view up trunk""]",0.6667,1.0,0.8,0.6667
baskauf/16724,Rhus copallinum,ind-baskauf/13534,leaf / showing orientation on twig,leaf,"[""leaf"", ""fruit"", ""fruit borne on plant"", ""branch"", ""whole plant"", ""twig"", ""stem""]","{""leaf"": 0.9154, ""fruit"": 0.9136, ""fruit borne on plant"": 0.8172, ""branch"": 0.8089, ""whole plant"": 0.7715, ""twig"": 0.598, ""stem"": 0.5963}",True,True,"[""red autumn leaves"", ""dark fruiting structures"", ""compound leaves"", ""dense foliage"", ""branching pattern"", ""seasonal color""]","[""leaf"", ""twig"", ""fruit"", ""fruit borne on plant"", ""branch""]",0.7143,1.0,0.8333,0.7143
baskauf/16741,Acer saccharum,ind-baskauf/16741,leaf / showing orientation on twig,leaf,"[""whole plant"", ""view up trunk"", ""branch"", ""leaf"", ""trunk""]","{""whole plant"": 0.9836, ""view up trunk"": 0.9678, ""branch"": 0.9604, ""leaf"": 0.9459, ""trunk"": 0.7485}",True,False,"[""yellow autumn leaves"", ""tree canopy"", ""blue sky"", ""branching pattern"", ""upward view"", ""dense foliage""]","[""whole plant"", ""branch"", ""leaf"", ""view up trunk""]",0.8,1.0,0.8889,0.8
baskauf/16760,Cornus florida,ind-baskauf/16760,leaf / showing orientation on twig,leaf,"[""leaf"", ""twig"", ""stem"", ""fruit"", ""fruit borne on plant"", ""leaf arrangement on twig""]","{""leaf"": 0.8876, ""twig"": 0.7937, ""stem"": 0.7081, ""fruit"": 0.6751, ""fruit borne on plant"": 0.5843, ""leaf arrangement on twig"": 0.5521}",True,True,"[""red and green leaves"", ""woody stems"", ""spherical buds"", ""autumn colors"", ""close-up view"", ""branching pattern""]","[""stem"", ""leaf"", ""bud"", ""twig"", ""fruit"", ""immature fruit"", ""fruit borne on plant""]",0.8333,0.7143,0.7692,0.625
baskauf/16835,Platanus occidentalis,ind-baskauf/16835,fruit / as borne on the plant,fruit,"[""winter habit"", ""branch"", ""view up trunk"", ""whole plant""]","{""winter habit"": 0.9626, ""branch"": 0.9324, ""view up trunk"": 0.8721, ""whole plant"": 0.7345}",False,False,"[""bare branches"", ""hanging fruit"", ""winter sky"", ""leafless tree"", ""cloudy background"", ""woody branches""]","[""branch"", ""twig"", ""fruit"", ""winter habit"", ""fruit borne on plant"", ""view up trunk""]",0.75,0.5,0.6,0.4286
baskauf/16838,Quercus alba,ind-baskauf/16838,leaf / showing orientation on twig,leaf,"[""view up trunk"", ""branch"", ""trunk"", ""whole plant"", ""bark"", ""large-tree bark"", ""leaf""]","{""view up trunk"": 0.9866, ""branch"": 0.9673, ""trunk"": 0.9662, ""whole plant"": 0.9446, ""bark"": 0.8738, ""large-tree bark"": 0.7557, ""leaf"": 0.6001}",True,False,"[""tree trunk"", ""autumn leaves"", ""looking up"", ""branching pattern"", ""blue sky"", ""textured bark""]","[""whole plant"", ""trunk"", ""branch"", ""leaf"", ""view up trunk"", ""bark"", ""large-tree bark""]",1.0,1.0,1.0,1.0
baskauf/16842,Quercus alba,ind-baskauf/16838,seed / unspecified,seed,"[""fruit close-up"", ""fruit"", ""fruit borne on plant""]","{""fruit close-up"": 0.9466, ""fruit"": 0.8917, ""fruit borne on plant"": 0.8487}",False,False,"[""acorns"", ""germinating seeds"", ""seed emergence"", ""brown nuts"", ""soil surface"", ""early growth""]","[""fruit"", ""seed"", ""immature fruit"", ""fruit borne on plant""]",0.6667,0.5,0.5714,0.4
baskauf/17265,Cercis canadensis,ind-baskauf/10739,twig / winter overall,twig,"[""twig"", ""winter twig"", ""bud"", ""winter habit"", ""leaf scar"", ""branch""]","{""twig"": 0.9832, ""winter twig"": 0.9809, ""bud"": 0.978, ""winter habit"": 0.9008, ""leaf scar"": 0.8804, ""branch"": 0.8712}",True,True,"[""leafless twig"", ""bud"", ""close-up"", ""dormant branch"", ""winter view""]","[""twig"", ""bud"", ""winter twig""]",0.5,1.0,0.6667,0.5
baskauf/17295,Toxicodendron radicans,ind-baskauf/17295,bark / of a small tree or small branch,bark,"[""bark"", ""large-tree bark"", ""trunk"", ""view up trunk""]","{""bark"": 0.9751, ""large-tree bark"": 0.9519, ""trunk"": 0.951, ""view up trunk"": 0.7666}",True,True,"[""rough bark"", ""woody trunk"", ""winter twig"", ""dense twig cluster"", ""textured surface"", ""upward view""]","[""trunk"", ""bark"", ""twig"", ""winter habit"", ""view up trunk"", ""large-tree bark"", ""winter twig""]",1.0,0.5714,0.7273,0.5714
baskauf/17306,Toxicodendron radicans,ind-baskauf/17295,twig / winter overall,twig,"[""winter twig"", ""twig"", ""leaf scar"", ""bud"", ""winter habit"", ""bark""]","{""winter twig"": 0.9775, ""twig"": 0.957, ""leaf scar"": 0.8834, ""bud"": 0.8793, ""winter habit"": 0.8216, ""bark"": 0.8119}",True,False,"[""leafless twig"", ""close-up"", ""dormant branch"", ""gray bark"", ""bud"", ""winter view""]","[""twig"", ""winter twig"", ""bark"", ""bud""]",0.6667,1.0,0.8,0.6667
baskauf/17313,Platanus occidentalis,ind-baskauf/15129,twig / winter overall,twig,"[""twig"", ""winter twig"", ""bud""]","{""twig"": 0.9798, ""winter twig"": 0.9495, ""bud"": 0.9413}",True,True,"[""leafless twig"", ""dormant branch"", ""red buds"", ""winter condition"", ""yellow stem"", ""close-up view""]","[""twig"", ""stem"", ""bud"", ""winter habit"", ""winter twig""]",1.0,0.6,0.75,0.6
baskauf/17316,Platanus occidentalis,ind-baskauf/15129,twig / winter overall,twig,"[""twig"", ""bud"", ""winter twig"", ""winter habit"", ""leaf scar"", ""terminal bud"", ""stem""]","{""twig"": 0.9959, ""bud"": 0.9944, ""winter twig"": 0.9924, ""winter habit"": 0.9089, ""leaf scar"": 0.893, ""terminal bud"": 0.8869, ""stem"": 0.5642}",True,True,"[""leafless twig"", ""pink bud"", ""branch junction"", ""dormant branch"", ""close-up view"", ""pale branch""]","[""twig"", ""bud"", ""branch"", ""winter twig"", ""leaf scar""]",0.5714,0.8,0.6667,0.5
baskauf/17339,Rhus glabra,ind-baskauf/10414,bark / of a medium tree or large branch,bark,"[""bark"", ""large-tree bark"", ""trunk""]","{""bark"": 0.9927, ""large-tree bark"": 0.987, ""trunk"": 0.985}",True,True,"[""tree trunk"", ""textured bark"", ""vertical view"", ""close-up bark"", ""light and shadow"", ""natural patterns""]","[""trunk"", ""bark"", ""large-tree bark""]",1.0,1.0,1.0,1.0
baskauf/17455,Fraxinus pennsylvanica,ind-baskauf/17451,twig / winter overall,twig,"[""winter twig"", ""twig"", ""bud"", ""leaf scar""]","{""winter twig"": 0.9884, ""twig"": 0.977, ""bud"": 0.9656, ""leaf scar"": 0.8849}",True,False,"[""leafless twig"", ""brown twig"", ""lenticels"", ""dormant branch"", ""close-up twig"", ""winter branch""]","[""twig"", ""winter twig"", ""stem"", ""leaf scar""]",0.75,0.75,0.75,0.6
baskauf/17457,Fraxinus pennsylvanica,ind-baskauf/17451,twig / close-up winter leaf scar/bud,twig,"[""winter twig"", ""twig"", ""bud"", ""leaf scar"", ""small-tree or branch bark"", ""stem"", ""bark""]","{""winter twig"": 0.9909, ""twig"": 0.984, ""bud"": 0.9825, ""leaf scar"": 0.9663, ""small-tree or branch bark"": 0.8717, ""stem"": 0.699, ""bark"": 0.6687}",True,False,"[""brown twig"", ""bud"", ""close-up"", ""dormant branch"", ""winter twig"", ""bud close-up""]","[""twig"", ""bud"", ""winter twig"", ""terminal bud""]",0.4286,0.75,0.5455,0.375
baskauf/17511,Acer saccharinum,vanderbilt/13-12,inflorescence / whole - unspecified,flower,"[""bud"", ""twig"", ""inflorescence"", ""flower close-up"", ""flower"", ""stem""]","{""bud"": 0.968, ""twig"": 0.8859, ""inflorescence"": 0.8449, ""flower close-up"": 0.805, ""flower"": 0.7495, ""stem"": 0.6244}",True,False,"[""reddish buds"", ""woody twig"", ""close-up view"", ""early spring"", ""bud cluster"", ""dormant branch""]","[""twig"", ""bud"", ""inflorescence"", ""winter twig""]",0.5,0.75,0.6,0.4286
baskauf/17523,Acer saccharinum,vanderbilt/13-12,inflorescence / lateral view of flower,flower,"[""bud"", ""twig"", ""inflorescence"", ""flower close-up"", ""flower""]","{""bud"": 0.9721, ""twig"": 0.9154, ""inflorescence"": 0.8515, ""flower close-up"": 0.8368, ""flower"": 0.7816}",True,False,"[""emerging buds"", ""woody stem"", ""pinkish structures"", ""close-up view"", ""early spring""]","[""twig"", ""bud"", ""stem"", ""flower"", ""inflorescence"", ""flower close-up""]",1.0,0.8333,0.9091,0.8333
baskauf/17526,Acer saccharinum,vanderbilt/13-12,twig / winter overall,twig,"[""bud"", ""twig"", ""immature fruit"", ""inflorescence"", ""flower close-up"", ""stem"", ""fruit borne on plant""]","{""bud"": 0.9585, ""twig"": 0.8933, ""immature fruit"": 0.7487, ""inflorescence"": 0.7225, ""flower close-up"": 0.698, ""stem"": 0.6974, ""fruit borne on plant"": 0.6197}",True,False,"[""woody stem"", ""buds"", ""twig"", ""leaf scar"", ""dormant branch""]","[""stem"", ""twig"", ""bud"", ""leaf scar"", ""winter twig""]",0.4286,0.6,0.5,0.3333
baskauf/17534,Ailanthus altissima,ind-baskauf/10997,twig / winter overall,twig,"[""winter twig"", ""bud"", ""twig"", ""winter habit"", ""branch"", ""bark""]","{""winter twig"": 0.9728, ""bud"": 0.9298, ""twig"": 0.8861, ""winter habit"": 0.8834, ""branch"": 0.8054, ""bark"": 0.7643}",True,False,"[""leafless branch"", ""bud clusters"", ""rough bark"", ""winter view"", ""dormant twig"", ""branching pattern""]","[""branch"", ""twig"", ""bud"", ""winter habit"", ""winter twig"", ""bark""]",1.0,1.0,1.0,1.0
baskauf/17536,Ailanthus altissima,ind-baskauf/10997,twig / close-up winter leaf scar/bud,twig,"[""winter twig"", ""bud"", ""twig""]","{""winter twig"": 0.9597, ""bud"": 0.9354, ""twig"": 0.9057}",True,False,"[""leafless twig"", ""bud scars"", ""close-up twig"", ""winter branch"", ""brown twig"", ""dormant branch""]","[""twig"", ""bud"", ""leaf scar"", ""winter twig""]",1.0,0.75,0.8571,0.75
baskauf/17542,Pinus strobus,vanderbilt/6-15,twig / showing attachment of needles,twig,"[""needle"", ""needle attachment"", ""twig""]","{""needle"": 0.9868, ""needle attachment"": 0.9852, ""twig"": 0.8838}",True,False,"[""needle-like leaves"", ""woody twig"", ""dark bark"", ""needle arrangement"", ""close-up view"", ""green needles""]","[""twig"", ""needle"", ""needle attachment"", ""leaf arrangement on twig""]",1.0,0.75,0.8571,0.75
baskauf/17544,Pinus strobus,vanderbilt/6-15,bark / of a medium tree or large branch,bark,"[""bark"", ""large-tree bark"", ""trunk""]","{""bark"": 0.993, ""large-tree bark"": 0.9905, ""trunk"": 0.9903}",True,True,"[""deeply furrowed bark"", ""tree trunk"", ""dark bark"", ""vertical texture"", ""close-up bark"", ""rough texture""]","[""trunk"", ""bark"", ""large-tree bark""]",1.0,1.0,1.0,1.0
baskauf/17546,Pinus strobus,vanderbilt/6-15,bark / of a small tree or small branch,bark,"[""bark"", ""trunk"", ""large-tree bark"", ""view up trunk"", ""branch""]","{""bark"": 0.9912, ""trunk"": 0.9827, ""large-tree bark"": 0.9477, ""view up trunk"": 0.9383, ""branch"": 0.8803}",True,True,"[""tree trunks"", ""rough bark"", ""branching pattern"", ""sky background"", ""wood texture"", ""upward view""]","[""trunk"", ""bark"", ""branch"", ""view up trunk"", ""large-tree bark""]",1.0,1.0,1.0,1.0
baskauf/17548,Pinus strobus,ind-baskauf/17548,bark / of a medium tree or large branch,bark,"[""bark"", ""large-tree bark"", ""trunk""]","{""bark"": 0.9939, ""large-tree bark"": 0.989, ""trunk"": 0.9884}",True,True,"[""tree trunk"", ""ridged bark"", ""vertical texture"", ""close-up bark"", ""brown and gray tones"", ""natural patterns""]","[""trunk"", ""bark"", ""large-tree bark""]",1.0,1.0,1.0,1.0
baskauf/17553,Cornus florida,vanderbilt/6-167,twig / winter overall,twig,"[""twig"", ""bud"", ""winter twig"", ""stem""]","{""twig"": 0.9457, ""bud"": 0.8869, ""winter twig"": 0.8315, ""stem"": 0.5468}",True,True,"[""buds"", ""pink buds"", ""woody stems"", ""branching pattern"", ""dormant branches"", ""close-up view""]","[""twig"", ""bud"", ""stem"", ""branch"", ""winter habit""]",0.75,0.6,0.6667,0.5
baskauf/17559,Cornus florida,vanderbilt/6-167,twig / close-up winter terminal bud,twig,"[""bud"", ""twig"", ""winter twig"", ""stem""]","{""bud"": 0.91, ""twig"": 0.9087, ""winter twig"": 0.874, ""stem"": 0.743}",True,False,"[""budding twig"", ""developing bud"", ""close-up bud"", ""purple twig"", ""early spring""]","[""twig"", ""bud"", ""immature fruit"", ""fruit borne on plant""]",0.5,0.5,0.5,0.3333
baskauf/17569,Ulmus americana,ind-baskauf/17569,inflorescence / whole - unspecified,flower,"[""bud"", ""twig"", ""inflorescence"", ""flower"", ""flower close-up"", ""winter twig"", ""immature fruit""]","{""bud"": 0.9818, ""twig"": 0.9026, ""inflorescence"": 0.8841, ""flower"": 0.8126, ""flower close-up"": 0.8035, ""winter twig"": 0.7691, ""immature fruit"": 0.7537}",True,False,"[""small twigs"", ""developing buds"", ""pink and green buds"", ""close-up view"", ""early spring growth"", ""bud clusters""]","[""twig"", ""bud"", ""flower"", ""inflorescence"", ""immature fruit"", ""flower close-up""]",0.8571,1.0,0.9231,0.8571
baskauf/17771,Lindera benzoin,ind-baskauf/17766,inflorescence / whole - unspecified,flower,"[""flower"", ""inflorescence"", ""flower close-up"", ""bud"", ""twig"", ""stem""]","{""flower"": 0.9852, ""inflorescence"": 0.9667, ""flower close-up"": 0.9606, ""bud"": 0.9402, ""twig"": 0.8132, ""stem"": 0.7398}",True,True,"[""small buds"", ""green flowers"", ""woody twig"", ""early spring"", ""close-up view"", ""delicate flowers""]","[""twig"", ""bud"", ""flower"", ""inflorescence"", ""flower close-up""]",0.8333,1.0,0.9091,0.8333
baskauf/17959,Ulmus rubra,ind-baskauf/17959,inflorescence / whole - unspecified,flower,"[""bud"", ""twig"", ""flower close-up"", ""flower"", ""stem"", ""inflorescence""]","{""bud"": 0.972, ""twig"": 0.9007, ""flower close-up"": 0.8241, ""flower"": 0.8151, ""stem"": 0.7733, ""inflorescence"": 0.7604}",True,False,"[""emerging flowers"", ""woody twig"", ""buds"", ""pink and green"", ""close-up""]","[""twig"", ""bud"", ""flower"", ""inflorescence"", ""flower close-up""]",0.8333,1.0,0.9091,0.8333
baskauf/18004,Ulmus americana,ind-baskauf/18004,fruit / immature,fruit,"[""immature fruit"", ""fruit borne on plant"", ""fruit close-up"", ""fruit"", ""twig"", ""bud""]","{""immature fruit"": 0.9332, ""fruit borne on plant"": 0.9053, ""fruit close-up"": 0.8921, ""fruit"": 0.8602, ""twig"": 0.8512, ""bud"": 0.6754}",True,False,"[""winged seeds"", ""immature fruit"", ""twig"", ""close-up"", ""green fruit"", ""fruiting branch""]","[""twig"", ""fruit"", ""immature fruit"", ""fruit borne on plant"", ""fruit close-up""]",0.8333,1.0,0.9091,0.8333
baskauf/18009,Acer saccharinum,vanderbilt/13-12,fruit / immature,fruit,"[""bud"", ""immature fruit"", ""flower close-up"", ""twig"", ""flower"", ""fruit borne on plant"", ""stem"", ""fruit""]","{""bud"": 0.9189, ""immature fruit"": 0.8901, ""flower close-up"": 0.8359, ""twig"": 0.8161, ""flower"": 0.8003, ""fruit borne on plant"": 0.691, ""stem"": 0.6864, ""fruit"": 0.6072}",True,False,"[""green buds"", ""fuzzy buds"", ""elongated buds"", ""close-up buds"", ""branching buds"", ""early spring"", ""bud cluster"", ""soft focus background""]","[""bud"", ""twig"", ""flower"", ""flower close-up"", ""inflorescence""]",0.5,0.8,0.6154,0.4444
baskauf/18076,Acer saccharum,ind-baskauf/18076,whole tree (or vine) / general,whole plant,"[""view up trunk"", ""branch"", ""whole plant"", ""trunk"", ""leaf""]","{""view up trunk"": 0.9809, ""branch"": 0.9718, ""whole plant"": 0.9672, ""trunk"": 0.6229, ""leaf"": 0.6189}",True,False,"[""emerging leaves"", ""light green foliage"", ""branching pattern"", ""sky background"", ""upward view"", ""woody branches""]","[""whole plant"", ""branch"", ""leaf"", ""view up trunk""]",0.8,1.0,0.8889,0.8
baskauf/18084,Quercus rubra,vanderbilt/15-227,inflorescence / whole - unspecified,flower,"[""inflorescence"", ""immature fruit"", ""twig"", ""fruit borne on plant"", ""fruit"", ""flower""]","{""inflorescence"": 0.9558, ""immature fruit"": 0.8997, ""twig"": 0.8404, ""fruit borne on plant"": 0.7726, ""fruit"": 0.7331, ""flower"": 0.7195}",True,False,"[""pendulous catkins"", ""immature fruit cluster"", ""green catkins"", ""woody branch"", ""early spring growth""]","[""inflorescence"", ""fruit"", ""immature fruit"", ""branch"", ""twig"", ""flower"", ""male reproductive structure""]",0.8333,0.7143,0.7692,0.625
baskauf/18093,Quercus rubra,vanderbilt/15-227,inflorescence / whole - female,flower,"[""inflorescence"", ""flower close-up"", ""flower"", ""immature fruit"", ""twig"", ""fruit"", ""fruit borne on plant"", ""stem""]","{""inflorescence"": 0.9737, ""flower close-up"": 0.8979, ""flower"": 0.8976, ""immature fruit"": 0.8934, ""twig"": 0.7644, ""fruit"": 0.725, ""fruit borne on plant"": 0.7032, ""stem"": 0.5532}",True,False,"[""dense cluster"", ""green buds"", ""elongated stem"", ""close-up view"", ""pendulous arrangement"", ""immature structures""]","[""stem"", ""bud"", ""inflorescence"", ""immature fruit"", ""fruit borne on plant""]",0.5,0.8,0.6154,0.4444
baskauf/18096,Quercus rubra,vanderbilt/15-227,inflorescence / whole - female,flower,"[""inflorescence"", ""flower"", ""flower close-up"", ""immature fruit"", ""bud"", ""twig"", ""fruit"", ""stem""]","{""inflorescence"": 0.9451, ""flower"": 0.9138, ""flower close-up"": 0.8762, ""immature fruit"": 0.8666, ""bud"": 0.804, ""twig"": 0.7439, ""fruit"": 0.5891, ""stem"": 0.5806}",True,False,"[""fuzzy stems"", ""developing buds"", ""small green structures"", ""close-up view"", ""immature seed pods"", ""woody stems""]","[""stem"", ""twig"", ""bud"", ""fruit"", ""immature fruit""]",0.625,1.0,0.7692,0.625
baskauf/18141,Fraxinus americana,vanderbilt/2-146,inflorescence / whole - unspecified,flower,"[""bud"", ""inflorescence"", ""flower"", ""twig"", ""winter twig"", ""flower close-up"", ""immature fruit"", ""stem""]","{""bud"": 0.956, ""inflorescence"": 0.9457, ""flower"": 0.8959, ""twig"": 0.8809, ""winter twig"": 0.8432, ""flower close-up"": 0.7526, ""immature fruit"": 0.697, ""stem"": 0.6468}",True,False,"[""catkins"", ""woody stem"", ""developing buds"", ""early spring"", ""close-up view"", ""green background""]","[""stem"", ""twig"", ""bud"", ""inflorescence"", ""flower"", ""male reproductive structure""]",0.625,0.8333,0.7143,0.5556
baskauf/18150,Fraxinus americana,vanderbilt/2-146,inflorescence / whole - male,flower,"[""flower"", ""inflorescence"", ""flower close-up"", ""bud"", ""immature fruit"", ""twig""]","{""flower"": 0.9858, ""inflorescence"": 0.9781, ""flower close-up"": 0.974, ""bud"": 0.8781, ""immature fruit"": 0.6966, ""twig"": 0.5524}",True,True,"[""yellow flower cluster"", ""developing flowers"", ""woody stem"", ""close-up view"", ""early spring growth"", ""budding""]","[""flower"", ""inflorescence"", ""stem"", ""flower close-up"", ""bud""]",0.6667,0.8,0.7273,0.5714
baskauf/18219,Acer rubrum,ind-baskauf/18216,inflorescence / lateral view of flower,flower,"[""bud"", ""flower"", ""flower close-up"", ""twig"", ""inflorescence"", ""immature fruit"", ""stem""]","{""bud"": 0.984, ""flower"": 0.8799, ""flower close-up"": 0.8781, ""twig"": 0.8668, ""inflorescence"": 0.7986, ""immature fruit"": 0.7439, ""stem"": 0.6687}",True,False,"[""reddish flowers"", ""emerging buds"", ""slender stems"", ""close-up view"", ""spring growth"", ""blurred background""]","[""flower"", ""bud"", ""stem"", ""flower close-up""]",0.5714,1.0,0.7273,0.5714
baskauf/18225,Acer rubrum,ind-baskauf/18216,fruit / immature,fruit,"[""twig"", ""bud"", ""flower close-up"", ""stem"", ""immature fruit"", ""fruit borne on plant"", ""flower""]","{""twig"": 0.8617, ""bud"": 0.8551, ""flower close-up"": 0.7772, ""stem"": 0.7638, ""immature fruit"": 0.7541, ""fruit borne on plant"": 0.7347, ""flower"": 0.7034}",False,False,"[""reddish emerging leaves"", ""slender green stems"", ""new growth"", ""close-up view"", ""spring buds""]","[""stem"", ""leaf"", ""bud"", ""twig"", ""leaf arrangement on twig""]",0.4286,0.6,0.5,0.3333
baskauf/18234,Acer negundo,ind-baskauf/18230,fruit / immature,fruit,"[""bud"", ""twig"", ""immature fruit"", ""stem"", ""fruit borne on plant""]","{""bud"": 0.9421, ""twig"": 0.9373, ""immature fruit"": 0.8416, ""stem"": 0.743, ""fruit borne on plant"": 0.7283}",False,False,"[""winged seeds"", ""green stems"", ""branch"", ""close-up"", ""early spring""]","[""twig"", ""fruit"", ""fruit borne on plant"", ""fruit close-up"", ""immature fruit""]",0.6,0.6,0.6,0.4286
baskauf/18483,Ulmus americana,ind-baskauf/18483,fruit / lateral or general close-up,fruit,"[""immature fruit"", ""bud"", ""twig"", ""fruit borne on plant"", ""fruit close-up"", ""fruit"", ""flower close-up""]","{""immature fruit"": 0.8945, ""bud"": 0.8874, ""twig"": 0.8499, ""fruit borne on plant"": 0.7941, ""fruit close-up"": 0.7636, ""fruit"": 0.7445, ""flower close-up"": 0.739}",True,False,"[""immature winged fruit"", ""developing samaras"", ""woody twig"", ""close-up view"", ""green and brown"", ""fuzzy texture""]","[""twig"", ""fruit"", ""immature fruit"", ""fruit borne on plant"", ""fruit close-up""]",0.7143,1.0,0.8333,0.7143
baskauf/18746,Ostrya virginiana,ind-baskauf/15272,inflorescence / whole - male,flower,"[""inflorescence"", ""twig"", ""bud"", ""immature fruit"", ""flower""]","{""inflorescence"": 0.908, ""twig"": 0.9077, ""bud"": 0.8507, ""immature fruit"": 0.7613, ""flower"": 0.7373}",True,False,"[""elongated catkin"", ""green buds"", ""woody stem"", ""early spring"", ""close-up view"", ""soft focus background""]","[""twig"", ""bud"", ""stem"", ""inflorescence"", ""flower""]",0.8,0.8,0.8,0.6667
baskauf/18748,Ostrya virginiana,ind-baskauf/15272,inflorescence / whole - male,flower,"[""twig"", ""branch"", ""inflorescence"", ""fruit borne on plant""]","{""twig"": 0.9197, ""branch"": 0.8673, ""inflorescence"": 0.7866, ""fruit borne on plant"": 0.6057}",False,False,"[""catkins"", ""emerging leaves"", ""bare branches"", ""blue sky"", ""woody branches""]","[""branch"", ""twig"", ""inflorescence"", ""leaf"", ""winter habit""]",0.75,0.6,0.6667,0.5
baskauf/18836,Quercus bicolor,ind-baskauf/18833,inflorescence / whole - unspecified,flower,"[""inflorescence"", ""male reproductive structure"", ""immature fruit"", ""flower"", ""twig"", ""fruit"", ""fruit borne on plant"", ""stem""]","{""inflorescence"": 0.9402, ""male reproductive structure"": 0.9336, ""immature fruit"": 0.7939, ""flower"": 0.7849, ""twig"": 0.7225, ""fruit"": 0.7161, ""fruit borne on plant"": 0.7067, ""stem"": 0.539}",True,False,"[""dense cluster"", ""small green structures"", ""reddish-brown stem"", ""close-up view"", ""immature growth""]","[""inflorescence"", ""flower"", ""immature fruit"", ""twig"", ""stem"", ""flower close-up""]",0.625,0.8333,0.7143,0.5556
baskauf/18839,Quercus bicolor,ind-baskauf/18833,inflorescence / whole - male,flower,"[""inflorescence"", ""male reproductive structure"", ""immature fruit"", ""flower"", ""flower close-up"", ""fruit"", ""fruit borne on plant"", ""twig""]","{""inflorescence"": 0.9677, ""male reproductive structure"": 0.9027, ""immature fruit"": 0.8898, ""flower"": 0.8704, ""flower close-up"": 0.8109, ""fruit"": 0.7889, ""fruit borne on plant"": 0.7184, ""twig"": 0.6393}",True,False,"[""dense cluster"", ""green buds"", ""hanging structure"", ""early growth"", ""close-up view"", ""soft focus background""]","[""inflorescence"", ""bud"", ""twig"", ""fruit"", ""immature fruit""]",0.5,0.8,0.6154,0.4444
baskauf/18850,Quercus macrocarpa,ind-baskauf/18850,inflorescence / whole - unspecified,flower,"[""inflorescence"", ""immature fruit"", ""twig"", ""flower"", ""fruit borne on plant"", ""fruit"", ""stem"", ""branch""]","{""inflorescence"": 0.9131, ""immature fruit"": 0.8464, ""twig"": 0.8041, ""flower"": 0.7575, ""fruit borne on plant"": 0.6777, ""fruit"": 0.6773, ""stem"": 0.645, ""branch"": 0.5718}",True,False,"[""hanging clusters"", ""immature catkins"", ""new leaves"", ""woody branch"", ""early spring"", ""green buds"", ""soft focus background""]","[""branch"", ""twig"", ""bud"", ""inflorescence"", ""immature fruit"", ""leaf"", ""leaf arrangement on twig""]",0.5,0.5714,0.5333,0.3636
baskauf/18855,Quercus macrocarpa,ind-baskauf/18850,inflorescence / whole - male,flower,"[""inflorescence"", ""male reproductive structure"", ""immature fruit"", ""flower"", ""flower close-up"", ""twig"", ""fruit"", ""stem"", ""bud"", ""fruit borne on plant""]","{""inflorescence"": 0.9488, ""male reproductive structure"": 0.8904, ""immature fruit"": 0.8731, ""flower"": 0.8471, ""flower close-up"": 0.7867, ""twig"": 0.714, ""fruit"": 0.712, ""stem"": 0.6891, ""bud"": 0.6346, ""fruit borne on plant"": 0.6081}",True,False,"[""pendulous clusters"", ""small green structures"", ""elongated shapes"", ""close-up view"", ""hanging arrangement"", ""bright green color""]","[""inflorescence"", ""flower"", ""fruit"", ""immature fruit"", ""twig"", ""flower close-up""]",0.6,1.0,0.75,0.6
baskauf/18859,Quercus macrocarpa,ind-baskauf/18850,inflorescence / whole - female,flower,"[""bud"", ""immature fruit"", ""twig"", ""inflorescence"", ""stem"", ""flower"", ""leaf arrangement on twig"", ""leaf"", ""fruit"", ""fruit borne on plant""]","{""bud"": 0.8912, ""immature fruit"": 0.8827, ""twig"": 0.8118, ""inflorescence"": 0.7944, ""stem"": 0.7908, ""flower"": 0.7079, ""leaf arrangement on twig"": 0.6232, ""leaf"": 0.6168, ""fruit"": 0.5851, ""fruit borne on plant"": 0.5768}",True,False,"[""new growth"", ""woody stem"", ""developing buds"", ""emerging leaves"", ""fuzzy stems"", ""close-up view""]","[""stem"", ""twig"", ""bud"", ""leaf"", ""leaf arrangement on twig"", ""terminal bud""]",0.5,0.8333,0.625,0.4545
baskauf/18969,Amelanchier arborea,ind-baskauf/18967,inflorescence / frontal view of flower,flower,"[""flower"", ""flower close-up"", ""inflorescence"", ""female reproductive structure"", ""flower interior"", ""bud""]","{""flower"": 0.9801, ""flower close-up"": 0.9759, ""inflorescence"": 0.9049, ""female reproductive structure"": 0.9036, ""flower interior"": 0.8785, ""bud"": 0.6911}",True,True,"[""white flowers"", ""flower cluster"", ""developing buds"", ""woody stem"", ""close-up view"", ""green background""]","[""flower"", ""inflorescence"", ""bud"", ""stem"", ""flower close-up""]",0.6667,0.8,0.7273,0.5714
baskauf/18976,Amelanchier arborea,ind-baskauf/18967,inflorescence / lateral view of flower,flower,"[""flower close-up"", ""flower"", ""inflorescence"", ""bud"", ""stem""]","{""flower close-up"": 0.9758, ""flower"": 0.9708, ""inflorescence"": 0.7861, ""bud"": 0.6475, ""stem"": 0.6038}",True,False,"[""white flowers"", ""developing leaves"", ""green stem"", ""close-up view"", ""spring bloom"", ""budding flowers""]","[""flower"", ""leaf"", ""stem"", ""twig"", ""flower close-up"", ""inflorescence"", ""bud"", ""immature fruit""]",1.0,0.625,0.7692,0.625
baskauf/19080,Lindera benzoin,ind-baskauf/19080,bark / of a small tree or small branch,bark,"[""bark"", ""medium-tree or large-branch bark"", ""trunk"", ""large-tree bark""]","{""bark"": 0.9834, ""medium-tree or large-branch bark"": 0.9461, ""trunk"": 0.9211, ""large-tree bark"": 0.8479}",True,True,"[""tree trunk"", ""bumpy bark"", ""buds"", ""vertical view"", ""close-up bark"", ""dormant buds""]","[""trunk"", ""bark"", ""bud"", ""medium-tree or large-branch bark""]",0.75,0.75,0.75,0.6
baskauf/19171,Carpinus caroliniana,ind-baskauf/19166,inflorescence / whole - unspecified,flower,"[""twig"", ""inflorescence"", ""flower"", ""immature fruit"", ""stem""]","{""twig"": 0.942, ""inflorescence"": 0.9323, ""flower"": 0.8437, ""immature fruit"": 0.7757, ""stem"": 0.6456}",True,False,"[""elongated catkins"", ""developing flowers"", ""woody stem"", ""early spring growth"", ""pendulous inflorescences"", ""budding twigs""]","[""stem"", ""twig"", ""bud"", ""inflorescence"", ""immature fruit"", ""fruit borne on plant""]",0.8,0.6667,0.7273,0.5714
baskauf/19182,Carpinus caroliniana,ind-baskauf/19166,inflorescence / whole - male,flower,"[""twig"", ""inflorescence"", ""bud"", ""immature fruit"", ""flower"", ""stem""]","{""twig"": 0.9405, ""inflorescence"": 0.8922, ""bud"": 0.8718, ""immature fruit"": 0.8071, ""flower"": 0.7757, ""stem"": 0.5838}",True,False,"[""pendulous catkins"", ""woody branch"", ""immature flower structures"", ""early spring growth"", ""close-up view"", ""green and brown tones""]","[""branch"", ""twig"", ""inflorescence"", ""flower"", ""immature fruit"", ""fruit borne on plant""]",0.6667,0.6667,0.6667,0.5
baskauf/19189,Carpinus caroliniana,ind-baskauf/19166,inflorescence / whole - female,flower,"[""bud"", ""twig"", ""terminal bud"", ""flower"", ""winter twig"", ""flower close-up"", ""stem""]","{""bud"": 0.971, ""twig"": 0.9252, ""terminal bud"": 0.9064, ""flower"": 0.7509, ""winter twig"": 0.74, ""flower close-up"": 0.7374, ""stem"": 0.7374}",True,False,"[""emerging leaves"", ""pink buds"", ""woody twig"", ""close-up"", ""spring growth""]","[""twig"", ""bud"", ""leaf"", ""leaf arrangement on twig"", ""terminal bud""]",0.4286,0.6,0.5,0.3333
baskauf/19269,Acer rubrum,ind-baskauf/19266,fruit / as borne on the plant,fruit,"[""branch"", ""whole plant"", ""view up trunk"", ""inflorescence""]","{""branch"": 0.9505, ""whole plant"": 0.9267, ""view up trunk"": 0.816, ""inflorescence"": 0.8111}",False,False,"[""emerging leaves"", ""branching crown"", ""reddish foliage"", ""sky background"", ""woody structure"", ""spring growth""]","[""whole plant"", ""branch"", ""leaf"", ""twig"", ""inflorescence""]",0.75,0.6,0.6667,0.5
baskauf/19291,Fraxinus pennsylvanica,vanderbilt/5-64,inflorescence / whole - unspecified,flower,"[""inflorescence"", ""flower"", ""twig"", ""bud"", ""immature fruit"", ""branch""]","{""inflorescence"": 0.9767, ""flower"": 0.9139, ""twig"": 0.843, ""bud"": 0.8061, ""immature fruit"": 0.7292, ""branch"": 0.7271}",True,False,"[""green catkins"", ""woody branch"", ""early spring"", ""budding"", ""blurred background"", ""outdoor scene""]","[""branch"", ""inflorescence"", ""bud"", ""twig"", ""flower"", ""immature fruit"", ""fruit borne on plant""]",1.0,0.8571,0.9231,0.8571
baskauf/19298,Fraxinus pennsylvanica,vanderbilt/5-64,inflorescence / whole - male,flower,"[""inflorescence"", ""twig"", ""bud"", ""flower close-up"", ""stem"", ""flower""]","{""inflorescence"": 0.9081, ""twig"": 0.7979, ""bud"": 0.7819, ""flower close-up"": 0.7599, ""stem"": 0.7553, ""flower"": 0.7344}",True,False,"[""yellow flower cluster"", ""pendulous flowers"", ""smooth gray stem"", ""close-up floral detail"", ""early spring bloom"", ""elongated buds""]","[""flower"", ""inflorescence"", ""stem"", ""flower close-up""]",0.6667,1.0,0.8,0.6667
baskauf/19311,Quercus palustris,ind-baskauf/19299,inflorescence / whole - unspecified,flower,"[""inflorescence"", ""flower"", ""immature fruit"", ""bud"", ""twig"", ""leaf"", ""fruit borne on plant"", ""branch""]","{""inflorescence"": 0.9735, ""flower"": 0.855, ""immature fruit"": 0.8255, ""bud"": 0.7905, ""twig"": 0.7129, ""leaf"": 0.6177, ""fruit borne on plant"": 0.6098, ""branch"": 0.5509}",True,False,"[""hanging catkins"", ""new leaves"", ""woody branch"", ""early spring"", ""green foliage"", ""pendulous inflorescence""]","[""branch"", ""twig"", ""leaf"", ""inflorescence"", ""flower"", ""male reproductive structure""]",0.625,0.8333,0.7143,0.5556
baskauf/19319,Quercus palustris,ind-baskauf/19299,inflorescence / whole - male,flower,"[""inflorescence"", ""flower"", ""immature fruit"", ""flower close-up"", ""bud"", ""twig"", ""fruit borne on plant"", ""stem""]","{""inflorescence"": 0.9776, ""flower"": 0.9229, ""immature fruit"": 0.839, ""flower close-up"": 0.8376, ""bud"": 0.7275, ""twig"": 0.6902, ""fruit borne on plant"": 0.6286, ""stem"": 0.5724}",True,False,"[""dense cluster"", ""small green structures"", ""hanging inflorescence"", ""immature fruit"", ""twiggy stems"", ""close-up view""]","[""inflorescence"", ""fruit"", ""twig"", ""immature fruit"", ""flower"", ""flower close-up""]",0.625,0.8333,0.7143,0.5556
baskauf/19330,Acer saccharinum,vanderbilt/13-12,fruit / immature,fruit,"[""immature fruit"", ""fruit"", ""fruit borne on plant"", ""fruit close-up""]","{""immature fruit"": 0.8965, ""fruit"": 0.8835, ""fruit borne on plant"": 0.8601, ""fruit close-up"": 0.8307}",True,False,"[""green samaras"", ""hanging fruit"", ""woody stem"", ""bright sunlight"", ""close-up fruit""]","[""fruit"", ""stem"", ""fruit borne on plant"", ""fruit close-up"", ""immature fruit""]",1.0,0.8,0.8889,0.8
baskauf/19335,Acer saccharinum,vanderbilt/13-12,fruit / immature,fruit,"[""seed"", ""fruit"", ""fruit close-up"", ""immature fruit"", ""fruit borne on plant""]","{""seed"": 0.8805, ""fruit"": 0.8621, ""fruit close-up"": 0.8439, ""immature fruit"": 0.8099, ""fruit borne on plant"": 0.7816}",True,False,"[""green samaras"", ""winged seeds"", ""clustered fruit"", ""close-up view"", ""pendulous fruit"", ""soft texture""]","[""fruit"", ""fruit close-up"", ""fruit borne on plant"", ""immature fruit""]",0.8,1.0,0.8889,0.8
baskauf/19346,Ginkgo biloba,vanderbilt/12-63,cone / female - mature open,cone,"[""fruit close-up"", ""fruit"", ""seed"", ""fruit borne on plant"", ""opened or sectioned fruit""]","{""fruit close-up"": 0.9739, ""fruit"": 0.9595, ""seed"": 0.9062, ""fruit borne on plant"": 0.8835, ""opened or sectioned fruit"": 0.8468}",False,False,"[""split fruit"", ""decaying fruit"", ""ground level view"", ""pale fruit"", ""textured surface"", ""close-up""]","[""fruit"", ""fruit close-up"", ""opened or sectioned fruit"", ""immature fruit"", ""fruit borne on plant""]",0.8,0.8,0.8,0.6667
baskauf/19354,Ginkgo biloba,vanderbilt/12-63,cone / female - receptive,cone,"[""leaf"", ""twig"", ""stem"", ""branch""]","{""leaf"": 0.7374, ""twig"": 0.6491, ""stem"": 0.641, ""branch"": 0.5458}",False,False,"[""green leaves"", ""woody branch"", ""buds"", ""new growth"", ""close-up"", ""spring foliage""]","[""branch"", ""leaf"", ""bud"", ""twig"", ""leaf arrangement on twig""]",0.75,0.6,0.6667,0.5
baskauf/19361,Ginkgo biloba,vanderbilt/12-63,cone / female - receptive,cone,"[""stem"", ""leaf"", ""fruit borne on plant"", ""twig""]","{""stem"": 0.7381, ""leaf"": 0.5999, ""fruit borne on plant"": 0.5763, ""twig"": 0.5656}",False,False,"[""green stems"", ""developing buds"", ""broad leaves"", ""close-up view"", ""spring growth"", ""emerging shoots""]","[""stem"", ""bud"", ""leaf"", ""flower"", ""immature fruit"", ""fruit borne on plant""]",0.75,0.5,0.6,0.4286
baskauf/19366,Quercus muehlenbergii,vanderbilt/15-154,inflorescence / whole - unspecified,flower,"[""inflorescence"", ""twig"", ""immature fruit"", ""bud"", ""branch"", ""flower"", ""fruit borne on plant""]","{""inflorescence"": 0.9558, ""twig"": 0.9026, ""immature fruit"": 0.8594, ""bud"": 0.8277, ""branch"": 0.7474, ""flower"": 0.7302, ""fruit borne on plant"": 0.7188}",True,False,"[""hanging catkins"", ""woody branch"", ""early leaves"", ""green catkins"", ""pendulous inflorescence""]","[""branch"", ""twig"", ""inflorescence"", ""flower"", ""male reproductive structure""]",0.5714,0.8,0.6667,0.5
baskauf/19371,Quercus muehlenbergii,vanderbilt/15-154,inflorescence / whole - male,flower,"[""inflorescence"", ""flower"", ""flower close-up"", ""male reproductive structure"", ""immature fruit"", ""fruit"", ""twig"", ""fruit borne on plant""]","{""inflorescence"": 0.9853, ""flower"": 0.9269, ""flower close-up"": 0.8875, ""male reproductive structure"": 0.8865, ""immature fruit"": 0.873, ""fruit"": 0.6979, ""twig"": 0.6522, ""fruit borne on plant"": 0.6449}",True,False,"[""pendulous clusters"", ""green catkins"", ""elongated structures"", ""close-up view"", ""hanging inflorescence"", ""soft focus background""]","[""inflorescence"", ""twig"", ""flower"", ""fruit"", ""immature fruit"", ""flower close-up""]",0.75,1.0,0.8571,0.75
baskauf/19373,Quercus muehlenbergii,vanderbilt/15-154,inflorescence / whole - female,flower,"[""bud"", ""twig"", ""terminal bud"", ""inflorescence"", ""flower"", ""immature fruit"", ""stem"", ""flower close-up""]","{""bud"": 0.9885, ""twig"": 0.9545, ""terminal bud"": 0.9055, ""inflorescence"": 0.8658, ""flower"": 0.831, ""immature fruit"": 0.7961, ""stem"": 0.7863, ""flower close-up"": 0.7409}",True,False,"[""new leaves"", ""developing buds"", ""woody stem"", ""close-up view"", ""spring growth"", ""emerging leaves"", ""bud scales"", ""twig with buds""]","[""twig"", ""bud"", ""stem"", ""leaf"", ""leaf arrangement on twig"", ""terminal bud""]",0.5,0.6667,0.5714,0.4
baskauf/19392,Platanus occidentalis,vanderbilt/12-90,inflorescence / whole - unspecified,flower,"[""bud"", ""stem"", ""immature fruit"", ""twig"", ""leaf arrangement on twig"", ""leaf""]","{""bud"": 0.9427, ""stem"": 0.91, ""immature fruit"": 0.865, ""twig"": 0.8459, ""leaf arrangement on twig"": 0.6509, ""leaf"": 0.5979}",False,False,"[""young leaves"", ""developing catkins"", ""woody stem"", ""close-up view"", ""early spring growth"", ""pale green foliage""]","[""twig"", ""bud"", ""leaf"", ""inflorescence"", ""immature fruit"", ""fruit borne on plant""]",0.6667,0.6667,0.6667,0.5
baskauf/19402,Platanus occidentalis,vanderbilt/12-90,inflorescence / lateral view of flower,flower,"[""immature fruit"", ""fruit borne on plant"", ""bud"", ""fruit"", ""stem"", ""leaf"", ""twig""]","{""immature fruit"": 0.9516, ""fruit borne on plant"": 0.9048, ""bud"": 0.8617, ""fruit"": 0.8614, ""stem"": 0.7799, ""leaf"": 0.7268, ""twig"": 0.5965}",False,False,"[""developing fruit"", ""young leaves"", ""woody stem"", ""close-up view"", ""green and brown tones"", ""blurred background""]","[""fruit"", ""leaf"", ""stem"", ""twig"", ""immature fruit"", ""fruit close-up""]",0.7143,0.8333,0.7692,0.625
baskauf/19579,Ulmus rubra,ind-baskauf/10991,fruit / as borne on the plant,fruit,"[""branch"", ""view up trunk"", ""whole plant"", ""leaf""]","{""branch"": 0.8949, ""view up trunk"": 0.893, ""whole plant"": 0.8642, ""leaf"": 0.7778}",False,False,"[""new leaves"", ""branching pattern"", ""sky background"", ""woody branches"", ""light green foliage"", ""upward view""]","[""whole plant"", ""branch"", ""leaf"", ""view up trunk"", ""twig"", ""leaf arrangement on twig""]",1.0,0.6667,0.8,0.6667
baskauf/19587,Sassafras albidum,ind-baskauf/10890,inflorescence / lateral view of flower,flower,"[""flower"", ""flower close-up"", ""inflorescence"", ""bud"", ""stem"", ""twig""]","{""flower"": 0.9936, ""flower close-up"": 0.9796, ""inflorescence"": 0.9774, ""bud"": 0.9039, ""stem"": 0.6743, ""twig"": 0.6721}",True,True,"[""small flowers"", ""emerging leaves"", ""green stems"", ""close-up view"", ""spring growth"", ""yellow-green color""]","[""flower"", ""leaf"", ""stem"", ""inflorescence"", ""flower close-up""]",0.6667,0.8,0.7273,0.5714
baskauf/19631,Ulmus americana,vanderbilt/6-126,fruit / lateral or general close-up,fruit,"[""fruit"", ""immature fruit"", ""fruit borne on plant"", ""fruit close-up"", ""twig""]","{""fruit"": 0.9596, ""immature fruit"": 0.954, ""fruit borne on plant"": 0.9466, ""fruit close-up"": 0.9282, ""twig"": 0.854}",True,True,"[""winged fruit"", ""hanging fruit"", ""woody stem"", ""early spring"", ""close-up view"", ""pale green buds""]","[""stem"", ""fruit"", ""immature fruit"", ""fruit borne on plant"", ""fruit close-up"", ""bud""]",0.8,0.6667,0.7273,0.5714
baskauf/19643,Quercus velutina,vanderbilt/7-313,inflorescence / whole - male,flower,"[""inflorescence"", ""flower"", ""flower close-up"", ""immature fruit"", ""stem"", ""bud"", ""twig""]","{""inflorescence"": 0.958, ""flower"": 0.9506, ""flower close-up"": 0.9074, ""immature fruit"": 0.8477, ""stem"": 0.7184, ""bud"": 0.6767, ""twig"": 0.4545}",True,False,"[""elongated cluster"", ""small yellow structures"", ""vertical stem"", ""close-up view"", ""dense arrangement"", ""developing buds""]","[""stem"", ""flower"", ""inflorescence"", ""flower close-up""]",0.5714,1.0,0.7273,0.5714
baskauf/19669,Quercus velutina,vanderbilt/7-313,inflorescence / whole - unspecified,flower,"[""inflorescence"", ""male reproductive structure"", ""twig"", ""immature fruit"", ""bud"", ""flower"", ""branch"", ""fruit borne on plant""]","{""inflorescence"": 0.9688, ""male reproductive structure"": 0.9628, ""twig"": 0.8817, ""immature fruit"": 0.8582, ""bud"": 0.8249, ""flower"": 0.8067, ""branch"": 0.7085, ""fruit borne on plant"": 0.6425}",True,False,"[""hanging catkins"", ""new leaves"", ""woody branch"", ""early spring"", ""green buds"", ""pendulous inflorescence""]","[""branch"", ""twig"", ""inflorescence"", ""bud"", ""leaf"", ""leaf arrangement on twig""]",0.5,0.6667,0.5714,0.4
baskauf/19689,Quercus velutina,vanderbilt/7-313,inflorescence / whole - female,flower,"[""stem"", ""bud"", ""leaf"", ""leaf arrangement on twig"", ""twig""]","{""stem"": 0.8923, ""bud"": 0.7596, ""leaf"": 0.7226, ""leaf arrangement on twig"": 0.6596, ""twig"": 0.5478}",False,False,"[""new growth"", ""green stems"", ""developing leaves"", ""curled leaves"", ""close-up view"", ""tender shoots""]","[""stem"", ""twig"", ""leaf"", ""leaf arrangement on twig"", ""immature fruit""]",0.8,0.8,0.8,0.6667
baskauf/19695,Quercus alba,ind-baskauf/19695,inflorescence / whole - unspecified,flower,"[""inflorescence"", ""twig"", ""flower"", ""bud"", ""branch"", ""immature fruit"", ""fruit"", ""leaf""]","{""inflorescence"": 0.9101, ""twig"": 0.8984, ""flower"": 0.7276, ""bud"": 0.7184, ""branch"": 0.7149, ""immature fruit"": 0.6969, ""fruit"": 0.6231, ""leaf"": 0.5703}",True,False,"[""hanging catkins"", ""early leaves"", ""reddish branch"", ""dense clusters"", ""pendulous inflorescence"", ""new growth""]","[""branch"", ""twig"", ""inflorescence"", ""flower"", ""leaf"", ""immature fruit"", ""fruit borne on plant""]",0.75,0.8571,0.8,0.6667
baskauf/19705,Quercus alba,ind-baskauf/19695,inflorescence / whole - male,flower,"[""inflorescence"", ""flower"", ""flower close-up"", ""fruit"", ""immature fruit"", ""stem"", ""twig""]","{""inflorescence"": 0.8668, ""flower"": 0.8105, ""flower close-up"": 0.7778, ""fruit"": 0.7726, ""immature fruit"": 0.7393, ""stem"": 0.6034, ""twig"": 0.5651}",True,False,"[""dense clusters"", ""small structures"", ""green stems"", ""immature seed-like forms"", ""close-up view"", ""vertical orientation""]","[""stem"", ""inflorescence"", ""fruit"", ""immature fruit""]",0.5714,1.0,0.7273,0.5714
baskauf/19712,Quercus alba,ind-baskauf/19695,inflorescence / whole - female,flower,"[""twig"", ""leaf arrangement on twig"", ""bud"", ""leaf""]","{""twig"": 0.7864, ""leaf arrangement on twig"": 0.7817, ""bud"": 0.7757, ""leaf"": 0.6596}",False,False,"[""curved leaves"", ""small buds"", ""tender shoots"", ""pale green foliage"", ""close-up view"", ""new growth""]","[""bud"", ""leaf"", ""stem"", ""twig"", ""leaf arrangement on twig""]",1.0,0.8,0.8889,0.8
baskauf/19835,Ulmus rubra,ind-baskauf/10991,fruit / lateral or general close-up,fruit,"[""fruit"", ""fruit borne on plant"", ""immature fruit"", ""twig""]","{""fruit"": 0.8915, ""fruit borne on plant"": 0.8437, ""immature fruit"": 0.8253, ""twig"": 0.5316}",True,True,"[""green seed pods"", ""close-up view"", ""ridged surface"", ""developing fruit"", ""clustered pods"", ""pale veins""]","[""fruit"", ""fruit close-up"", ""immature fruit"", ""fruit borne on plant""]",0.75,0.75,0.75,0.6
baskauf/19886,Ulmus rubra,ind-baskauf/10991,fruit / lateral or general close-up,fruit,"[""fruit"", ""immature fruit"", ""fruit borne on plant"", ""stem""]","{""fruit"": 0.8642, ""immature fruit"": 0.8294, ""fruit borne on plant"": 0.7745, ""stem"": 0.5494}",True,True,"[""green fruit cluster"", ""developing fruit"", ""close-up view"", ""textured surface"", ""immature seed pods"", ""rounded shapes""]","[""fruit"", ""fruit close-up"", ""immature fruit"", ""fruit borne on plant""]",0.75,0.75,0.75,0.6
baskauf/20031,Acer rubrum,ind-baskauf/20028,fruit / immature,fruit,"[""fruit"", ""immature fruit"", ""fruit borne on plant"", ""twig""]","{""fruit"": 0.7992, ""immature fruit"": 0.774, ""fruit borne on plant"": 0.6935, ""twig"": 0.6214}",True,True,"[""winged seeds"", ""green stems"", ""close-up"", ""paired structures"", ""seed clusters"", ""soft light""]","[""fruit"", ""fruit close-up"", ""fruit borne on plant"", ""stem"", ""seed""]",0.5,0.4,0.4444,0.2857
baskauf/2014-08-23-16-39-52,Fraxinus quadrangulata,ind-baskauf/2014-08-23,whole tree (or vine) / general,whole plant,"[""whole plant"", ""trunk"", ""branch"", ""leaf"", ""bark"", ""stem""]","{""whole plant"": 0.9188, ""trunk"": 0.9023, ""branch"": 0.8864, ""leaf"": 0.7995, ""bark"": 0.7651, ""stem"": 0.58}",True,True,"[""forest floor"", ""green leaves"", ""woody stems"", ""tree trunks"", ""fallen log"", ""dense woodland"", ""leafy groundcover"", ""sloping terrain""]","[""whole plant"", ""trunk"", ""branch"", ""stem"", ""leaf"", ""twig""]",0.8333,0.8333,0.8333,0.7143
baskauf/2014-08-23-16-40-08,Fraxinus quadrangulata,ind-baskauf/2014-08-23,leaf / showing orientation on twig,leaf,"[""leaf"", ""leaf arrangement on twig"", ""stem"", ""twig""]","{""leaf"": 0.9836, ""leaf arrangement on twig"": 0.901, ""stem"": 0.8788, ""twig"": 0.5984}",True,True,"[""green leaves"", ""woody stem"", ""leaf arrangement"", ""angled stems"", ""forest floor"", ""leaf veins"", ""light and shadow""]","[""stem"", ""leaf"", ""leaf arrangement on twig""]",0.75,1.0,0.8571,0.75
baskauf/2014-08-23-16-40-31,Fraxinus quadrangulata,ind-baskauf/2014-08-23,leaf / showing orientation on twig,leaf,"[""leaf"", ""stem"", ""leaf arrangement on twig"", ""twig""]","{""leaf"": 0.9811, ""stem"": 0.9496, ""leaf arrangement on twig"": 0.8287, ""twig"": 0.6815}",True,True,"[""broad leaves"", ""green foliage"", ""woody stem"", ""leaf arrangement"", ""forest floor"", ""angled view""]","[""leaf"", ""stem"", ""leaf arrangement on twig""]",0.75,1.0,0.8571,0.75
baskauf/2014-08-23-16-40-51,Fraxinus quadrangulata,ind-baskauf/2014-08-23,leaf / whole upper surface,leaf,"[""leaf"", ""stem"", ""leaf arrangement on twig"", ""leaf upper surface""]","{""leaf"": 0.9876, ""stem"": 0.8825, ""leaf arrangement on twig"": 0.8773, ""leaf upper surface"": 0.7521}",True,True,"[""green leaves"", ""woody stems"", ""leaf arrangement"", ""forest floor"", ""broadleaf plant"", ""multiple stems""]","[""leaf"", ""stem"", ""leaf arrangement on twig""]",0.75,1.0,0.8571,0.75
baskauf/20452,Toxicodendron radicans,ind-baskauf/20451,leaf / whole upper surface,leaf,"[""leaf"", ""stem"", ""leaf arrangement on twig"", ""leaf upper surface""]","{""leaf"": 0.9939, ""stem"": 0.9169, ""leaf arrangement on twig"": 0.908, ""leaf upper surface"": 0.8746}",True,True,"[""compound leaf"", ""new growth"", ""green leaves"", ""slender stem"", ""close-up view"", ""leaf veins""]","[""leaf"", ""stem"", ""leaf arrangement on twig"", ""leaf upper surface""]",1.0,1.0,1.0,1.0
baskauf/20454,Toxicodendron radicans,ind-baskauf/20451,leaf / whole upper surface,leaf,"[""leaf"", ""leaf arrangement on twig"", ""leaf upper surface"", ""stem""]","{""leaf"": 0.9917, ""leaf arrangement on twig"": 0.938, ""leaf upper surface"": 0.8944, ""stem"": 0.8486}",True,True,"[""three leaflets"", ""green leaves"", ""reddish stem"", ""compound leaf"", ""close-up view"", ""natural light""]","[""leaf"", ""stem"", ""leaf arrangement on twig""]",0.75,1.0,0.8571,0.75
baskauf/20545,Staphylea trifolia,ind-baskauf/20542,inflorescence / whole - unspecified,flower,"[""flower close-up"", ""flower"", ""inflorescence"", ""stem"", ""immature fruit""]","{""flower close-up"": 0.9672, ""flower"": 0.9651, ""inflorescence"": 0.9294, ""stem"": 0.7421, ""immature fruit"": 0.7112}",True,False,"[""hanging flowers"", ""pendulous blooms"", ""green stem"", ""close-up flowers"", ""delicate petals"", ""light and shadow""]","[""flower"", ""stem"", ""flower close-up"", ""inflorescence""]",0.8,1.0,0.8889,0.8
baskauf/20551,Staphylea trifolia,ind-baskauf/20542,whole tree (or vine) / general,whole plant,"[""whole plant"", ""branch"", ""trunk"", ""leaf"", ""view up trunk"", ""twig""]","{""whole plant"": 0.9877, ""branch"": 0.9552, ""trunk"": 0.8866, ""leaf"": 0.8122, ""view up trunk"": 0.8072, ""twig"": 0.5669}",True,True,"[""small tree"", ""green leaves"", ""white flowers"", ""multiple stems"", ""woodland habitat"", ""bright sunlight"", ""new growth"", ""branching pattern""]","[""whole plant"", ""stem"", ""leaf"", ""flower"", ""branch"", ""twig""]",0.6667,0.6667,0.6667,0.5
baskauf/20553,Staphylea trifolia,ind-baskauf/20542,inflorescence / whole - unspecified,flower,"[""flower"", ""inflorescence"", ""leaf"", ""branch"", ""stem"", ""twig""]","{""flower"": 0.9761, ""inflorescence"": 0.9709, ""leaf"": 0.8303, ""branch"": 0.7967, ""stem"": 0.7371, ""twig"": 0.6312}",True,True,"[""hanging flowers"", ""green leaves"", ""woody branches"", ""bright sky"", ""early spring"", ""dense foliage""]","[""branch"", ""leaf"", ""flower"", ""inflorescence"", ""twig"", ""whole plant""]",0.8333,0.8333,0.8333,0.7143
baskauf/20563,Staphylea trifolia,ind-baskauf/20542,bark / of a medium tree or large branch,bark,"[""bark"", ""large-tree bark"", ""trunk"", ""medium-tree or large-branch bark""]","{""bark"": 0.993, ""large-tree bark"": 0.957, ""trunk"": 0.9553, ""medium-tree or large-branch bark"": 0.9315}",True,True,"[""tree trunk"", ""textured bark"", ""vertical view"", ""close-up bark"", ""grayish bark""]","[""trunk"", ""bark"", ""large-tree bark""]",0.75,1.0,0.8571,0.75
baskauf/20565,Staphylea trifolia,ind-baskauf/20542,bark / of a small tree or small branch,bark,"[""bark"", ""trunk"", ""large-tree bark""]","{""bark"": 0.9837, ""trunk"": 0.9407, ""large-tree bark"": 0.9211}",True,True,"[""vertical trunk"", ""textured bark"", ""close-up bark"", ""smooth bark"", ""light and dark bark""]","[""trunk"", ""bark"", ""medium-tree or large-branch bark""]",0.6667,0.6667,0.6667,0.5
baskauf/20570,Staphylea trifolia,ind-baskauf/20542,twig / orientation of petioles,twig,"[""stem"", ""flower"", ""flower close-up"", ""bud"", ""immature fruit"", ""inflorescence"", ""twig"", ""fruit borne on plant""]","{""stem"": 0.9543, ""flower"": 0.8939, ""flower close-up"": 0.8805, ""bud"": 0.8647, ""immature fruit"": 0.8559, ""inflorescence"": 0.7853, ""twig"": 0.7528, ""fruit borne on plant"": 0.601}",True,False,"[""green stem"", ""developing buds"", ""immature fruit"", ""close-up view"", ""smooth stem"", ""light green buds""]","[""stem"", ""bud"", ""fruit"", ""immature fruit"", ""fruit borne on plant""]",0.5,0.8,0.6154,0.4444
baskauf/20572,Staphylea trifolia,ind-baskauf/20542,leaf / whole upper surface,leaf,"[""leaf"", ""leaf arrangement on twig"", ""stem"", ""twig""]","{""leaf"": 0.9332, ""leaf arrangement on twig"": 0.9161, ""stem"": 0.7944, ""twig"": 0.7158}",True,True,"[""bright green leaves"", ""compound leaf"", ""leaf veins"", ""close-up view"", ""leaf arrangement"", ""angled twig""]","[""leaf"", ""twig"", ""leaf arrangement on twig"", ""leaf upper surface""]",0.75,0.75,0.75,0.6
baskauf/20777,Carya laciniosa,ind-baskauf/13828,inflorescence / whole - unspecified,flower,"[""inflorescence"", ""immature fruit"", ""twig"", ""flower"", ""fruit"", ""branch"", ""bud""]","{""inflorescence"": 0.9589, ""immature fruit"": 0.8927, ""twig"": 0.8241, ""flower"": 0.7503, ""fruit"": 0.7253, ""branch"": 0.6526, ""bud"": 0.6515}",True,False,"[""hanging cluster"", ""immature catkins"", ""woody branch"", ""green pendulous structures"", ""early spring growth"", ""developing fruit""]","[""twig"", ""inflorescence"", ""fruit"", ""immature fruit"", ""fruit borne on plant""]",0.5714,0.8,0.6667,0.5
baskauf/20783,Carya laciniosa,ind-baskauf/13828,inflorescence / ventral view of flower + perianth,flower,"[""inflorescence"", ""immature fruit"", ""flower close-up"", ""flower"", ""fruit"", ""fruit borne on plant"", ""stem"", ""twig""]","{""inflorescence"": 0.959, ""immature fruit"": 0.9467, ""flower close-up"": 0.9198, ""flower"": 0.9067, ""fruit"": 0.8456, ""fruit borne on plant"": 0.7972, ""stem"": 0.7172, ""twig"": 0.6245}",True,False,"[""developing fruit"", ""green clusters"", ""curved shapes"", ""close-up view"", ""immature seed pods"", ""floral bracts""]","[""fruit"", ""immature fruit"", ""fruit borne on plant"", ""flower"", ""inflorescence"", ""fruit close-up""]",0.625,0.8333,0.7143,0.5556
baskauf/20864,Carya laciniosa,ind-baskauf/13828,inflorescence / whole - female,flower,"[""stem"", ""leaf arrangement on twig"", ""bud"", ""leaf"", ""twig""]","{""stem"": 0.8302, ""leaf arrangement on twig"": 0.7283, ""bud"": 0.6824, ""leaf"": 0.6181, ""twig"": 0.5299}",False,False,"[""green stem"", ""developing buds"", ""hairy stem"", ""close-up view"", ""new growth"", ""immature structures""]","[""stem"", ""bud"", ""twig"", ""immature fruit"", ""flower close-up""]",0.6,0.6,0.6,0.4286
baskauf/20872,Carya laciniosa,ind-baskauf/13828,inflorescence / whole - male,flower,"[""inflorescence"", ""immature fruit"", ""twig"", ""fruit"", ""fruit borne on plant"", ""flower""]","{""inflorescence"": 0.9432, ""immature fruit"": 0.8342, ""twig"": 0.7397, ""fruit"": 0.7247, ""fruit borne on plant"": 0.7121, ""flower"": 0.7073}",True,False,"[""pendulous clusters"", ""green catkins"", ""elongated structures"", ""dense arrangement"", ""soft texture"", ""blurred background""]","[""inflorescence"", ""twig"", ""flower"", ""fruit"", ""immature fruit""]",0.8333,1.0,0.9091,0.8333
baskauf/20884,Carya laciniosa,ind-baskauf/13828,inflorescence / whole - male,flower,"[""inflorescence"", ""immature fruit"", ""fruit"", ""fruit borne on plant"", ""twig""]","{""inflorescence"": 0.9137, ""immature fruit"": 0.8233, ""fruit"": 0.7322, ""fruit borne on plant"": 0.6982, ""twig"": 0.5558}",False,False,"[""pendulous inflorescence"", ""small green structures"", ""dense cluster"", ""hanging catkin"", ""close-up view"", ""elongated form""]","[""inflorescence"", ""flower"", ""fruit"", ""immature fruit"", ""twig"", ""stem"", ""flower close-up""]",0.8,0.5714,0.6667,0.5
baskauf/20950,Ulmus americana,ind-baskauf/20950,fruit / unspecified,fruit,"[""fruit"", ""fruit borne on plant"", ""fruit close-up""]","{""fruit"": 0.9169, ""fruit borne on plant"": 0.8339, ""fruit close-up"": 0.782}",True,True,"[""scattered seeds"", ""seed covering"", ""ground cover"", ""seed dispersal"", ""small seeds"", ""seed texture"", ""seed arrangement"", ""brown and tan tones""]","[""seed"", ""fruit"", ""fruit borne on plant""]",0.6667,0.6667,0.6667,0.5
baskauf/21454,Salix nigra,ind-baskauf/21454,inflorescence / whole - male,flower,"[""inflorescence"", ""flower"", ""twig"", ""leaf"", ""stem"", ""branch"", ""fruit borne on plant""]","{""inflorescence"": 0.9743, ""flower"": 0.871, ""twig"": 0.6846, ""leaf"": 0.6728, ""stem"": 0.6615, ""branch"": 0.5996, ""fruit borne on plant"": 0.567}",True,False,"[""elongated flower clusters"", ""slender twigs"", ""narrow leaves"", ""yellow catkins"", ""spring bloom"", ""woody stems""]","[""twig"", ""leaf"", ""inflorescence"", ""flower"", ""stem"", ""male reproductive structure""]",0.7143,0.8333,0.7692,0.625
baskauf/21457,Salix nigra,ind-baskauf/21454,inflorescence / whole - male,flower,"[""inflorescence"", ""flower"", ""flower close-up"", ""immature fruit"", ""stem"", ""fruit borne on plant"", ""twig""]","{""inflorescence"": 0.9781, ""flower"": 0.9632, ""flower close-up"": 0.8759, ""immature fruit"": 0.6929, ""stem"": 0.5643, ""fruit borne on plant"": 0.5509, ""twig"": 0.5134}",True,False,"[""catkin"", ""yellow flowers"", ""elongated inflorescence"", ""close-up view"", ""green background"", ""slender stem""]","[""inflorescence"", ""flower"", ""stem"", ""flower close-up""]",0.5714,1.0,0.7273,0.5714
baskauf/21465,Salix nigra,ind-baskauf/21454,fruit / immature,fruit,"[""inflorescence"", ""immature fruit"", ""fruit borne on plant"", ""fruit"", ""leaf"", ""flower"", ""stem"", ""twig""]","{""inflorescence"": 0.9153, ""immature fruit"": 0.8939, ""fruit borne on plant"": 0.8312, ""fruit"": 0.8049, ""leaf"": 0.7566, ""flower"": 0.7341, ""stem"": 0.5741, ""twig"": 0.5295}",True,False,"[""elongated fruit"", ""green immature fruit"", ""dense fruit cluster"", ""vertical stem"", ""close-up view"", ""bright daylight""]","[""stem"", ""fruit"", ""immature fruit"", ""fruit borne on plant"", ""fruit close-up""]",0.5,0.8,0.6154,0.4444
baskauf/21592,Gleditsia triacanthos,ind-baskauf/21594,whole tree (or vine) / view up trunk,whole plant,"[""whole plant"", ""view up trunk"", ""branch"", ""trunk"", ""leaf""]","{""whole plant"": 0.9975, ""view up trunk"": 0.9905, ""branch"": 0.9874, ""trunk"": 0.9732, ""leaf"": 0.8992}",True,True,"[""full tree canopy"", ""green leaves"", ""woody trunk"", ""branching pattern"", ""sky visible through leaves"", ""upward view""]","[""whole plant"", ""trunk"", ""branch"", ""leaf"", ""view up trunk""]",1.0,1.0,1.0,1.0
baskauf/21595,Gleditsia triacanthos,ind-baskauf/21594,twig / orientation of petioles,twig,"[""twig"", ""stem"", ""bud"", ""leaf arrangement on twig"", ""winter twig"", ""branch""]","{""twig"": 0.9818, ""stem"": 0.907, ""bud"": 0.8927, ""leaf arrangement on twig"": 0.8509, ""winter twig"": 0.8139, ""branch"": 0.5363}",True,True,"[""thorny stem"", ""developing bud"", ""grayish stem"", ""leafy twig"", ""angled branch"", ""close-up view""]","[""stem"", ""twig"", ""branch"", ""bud"", ""leaf arrangement on twig""]",0.8333,1.0,0.9091,0.8333
baskauf/21602,Gleditsia triacanthos,ind-baskauf/21594,leaf / showing orientation on twig,leaf,"[""leaf arrangement on twig"", ""leaf"", ""stem"", ""twig""]","{""leaf arrangement on twig"": 0.9598, ""leaf"": 0.9356, ""stem"": 0.8003, ""twig"": 0.7342}",True,False,"[""green twig"", ""pinnately compound leaves"", ""leaf arrangement"", ""new growth"", ""slender stem"", ""light green foliage""]","[""twig"", ""leaf"", ""leaf arrangement on twig"", ""stem""]",1.0,1.0,1.0,1.0
baskauf/21605,Robinia pseudoacacia,ind-baskauf/21607,whole tree (or vine) / general,whole plant,"[""whole plant"", ""inflorescence"", ""flower"", ""view up trunk"", ""branch"", ""leaf""]","{""whole plant"": 0.9293, ""inflorescence"": 0.9095, ""flower"": 0.89, ""view up trunk"": 0.8815, ""branch"": 0.8771, ""leaf"": 0.7943}",True,True,"[""dense flowering crown"", ""white flowers"", ""woody branches"", ""blue sky backdrop"", ""upward view"", ""tree canopy""]","[""whole plant"", ""trunk"", ""branch"", ""flower"", ""inflorescence"", ""view up trunk""]",0.8333,0.8333,0.8333,0.7143
baskauf/21608,Robinia pseudoacacia,ind-baskauf/21607,inflorescence / whole - unspecified,flower,"[""inflorescence"", ""flower"", ""twig"", ""branch"", ""leaf""]","{""inflorescence"": 0.9042, ""flower"": 0.8703, ""twig"": 0.6134, ""branch"": 0.5526, ""leaf"": 0.5256}",True,False,"[""hanging flowers"", ""white petals"", ""green leaves"", ""woody stem"", ""pendulous inflorescence"", ""close-up view""]","[""flower"", ""leaf"", ""stem"", ""inflorescence"", ""flower close-up""]",0.6,0.6,0.6,0.4286
baskauf/21611,Robinia pseudoacacia,ind-baskauf/21607,inflorescence / frontal view of flower,flower,"[""lateral flower view"", ""flower"", ""inflorescence"", ""flower close-up""]","{""lateral flower view"": 0.9191, ""flower"": 0.8978, ""inflorescence"": 0.8901, ""flower close-up"": 0.8824}",True,False,"[""white flowers"", ""flower cluster"", ""developing pods"", ""close-up view"", ""pea-like flowers"", ""green background""]","[""flower"", ""inflorescence"", ""fruit"", ""immature fruit"", ""flower close-up""]",0.75,0.6,0.6667,0.5
baskauf/21618,Robinia pseudoacacia,ind-baskauf/21607,whole tree (or vine) / general,whole plant,"[""whole plant"", ""view up trunk"", ""branch"", ""flower"", ""inflorescence"", ""leaf""]","{""whole plant"": 0.9616, ""view up trunk"": 0.9328, ""branch"": 0.9057, ""flower"": 0.8596, ""inflorescence"": 0.8009, ""leaf"": 0.6178}",True,True,"[""flowering tree"", ""white blossoms"", ""branching pattern"", ""upward view"", ""blue sky"", ""dense canopy""]","[""whole plant"", ""trunk"", ""branch"", ""flower"", ""inflorescence"", ""view up trunk""]",0.8333,0.8333,0.8333,0.7143
baskauf/21865,Fraxinus quadrangulata,ind-baskauf/21860,bark / of a medium tree or large branch,bark,"[""bark"", ""large-tree bark"", ""trunk""]","{""bark"": 0.9849, ""large-tree bark"": 0.9772, ""trunk"": 0.9724}",True,True,"[""tree trunk"", ""textured bark"", ""lichen growth"", ""vertical view"", ""close-up bark"", ""natural light""]","[""trunk"", ""bark"", ""large-tree bark""]",1.0,1.0,1.0,1.0
baskauf/21894,Rhus aromatica,ind-baskauf/21893,fruit / immature,fruit,"[""stem"", ""immature fruit"", ""fruit borne on plant"", ""fruit"", ""leaf"", ""bud"", ""twig""]","{""stem"": 0.9233, ""immature fruit"": 0.8386, ""fruit borne on plant"": 0.7885, ""fruit"": 0.7338, ""leaf"": 0.6844, ""bud"": 0.6545, ""twig"": 0.6089}",True,False,"[""green leaves"", ""developing fruit"", ""reddish stem"", ""close-up view"", ""fuzzy fruit""]","[""leaf"", ""stem"", ""fruit"", ""immature fruit"", ""fruit close-up""]",0.5714,0.8,0.6667,0.5
baskauf/21906,Rhus aromatica,ind-baskauf/21893,twig / winter overall,twig,"[""twig"", ""small-tree or branch bark"", ""winter twig"", ""leaf scar"", ""branch"", ""bud"", ""stem""]","{""twig"": 0.9569, ""small-tree or branch bark"": 0.9206, ""winter twig"": 0.9172, ""leaf scar"": 0.8714, ""branch"": 0.8451, ""bud"": 0.8364, ""stem"": 0.5719}",True,True,"[""woody branch"", ""small branch"", ""bud scales"", ""twig"", ""dormant branch"", ""branching pattern""]","[""branch"", ""twig"", ""bud"", ""winter twig""]",0.5714,1.0,0.7273,0.5714
baskauf/21914,Rhus aromatica,ind-baskauf/21893,bark / of a small tree or small branch,bark,"[""bark"", ""twig"", ""trunk""]","{""bark"": 0.9196, ""twig"": 0.7437, ""trunk"": 0.7032}",True,True,"[""vertical trunk"", ""textured bark"", ""blurred background"", ""forest floor"", ""natural light""]","[""trunk"", ""bark"", ""medium-tree or large-branch bark""]",0.6667,0.6667,0.6667,0.5
baskauf/21999,Robinia pseudoacacia,ind-baskauf/21999,inflorescence / whole - unspecified,flower,"[""flower"", ""inflorescence"", ""flower close-up"", ""leaf"", ""branch""]","{""flower"": 0.9741, ""inflorescence"": 0.9482, ""flower close-up"": 0.9248, ""leaf"": 0.7568, ""branch"": 0.7128}",True,True,"[""white flowers"", ""compound leaves"", ""dense clusters"", ""branching pattern"", ""green foliage"", ""bright sunlight""]","[""flower"", ""leaf"", ""branch"", ""inflorescence"", ""flower close-up"", ""lateral flower view""]",1.0,0.8333,0.9091,0.8333
baskauf/22004,Robinia pseudoacacia,ind-baskauf/21999,inflorescence / frontal view of flower,flower,"[""flower close-up"", ""lateral flower view"", ""flower"", ""flower interior"", ""inflorescence"", ""fruit""]","{""flower close-up"": 0.9275, ""lateral flower view"": 0.8959, ""flower"": 0.8738, ""flower interior"": 0.8554, ""inflorescence"": 0.7712, ""fruit"": 0.6993}",True,False,"[""white flowers"", ""developing pods"", ""dense cluster"", ""green stems"", ""close-up view"", ""bright sunlight""]","[""flower"", ""inflorescence"", ""fruit"", ""immature fruit"", ""stem"", ""flower close-up""]",0.6667,0.6667,0.6667,0.5
baskauf/22014,Robinia pseudoacacia,ind-baskauf/21999,inflorescence / lateral view of flower,flower,"[""flower close-up"", ""flower"", ""lateral flower view"", ""fruit"", ""immature fruit"", ""inflorescence"", ""leaf"", ""fruit borne on plant""]","{""flower close-up"": 0.9057, ""flower"": 0.8609, ""lateral flower view"": 0.8374, ""fruit"": 0.7927, ""immature fruit"": 0.7331, ""inflorescence"": 0.6791, ""leaf"": 0.6443, ""fruit borne on plant"": 0.6331}",True,False,"[""white flowers"", ""pendulous inflorescence"", ""developing seed pods"", ""green stems"", ""close-up view"", ""bright sunlight""]","[""flower"", ""inflorescence"", ""fruit"", ""immature fruit"", ""stem"", ""flower close-up""]",0.625,0.8333,0.7143,0.5556
baskauf/22028,Magnolia acuminata,vanderbilt/12-206,inflorescence / lateral view of flower,flower,"[""flower close-up"", ""flower"", ""stem"", ""bud"", ""twig""]","{""flower close-up"": 0.7709, ""flower"": 0.7469, ""stem"": 0.6943, ""bud"": 0.6697, ""twig"": 0.5094}",True,False,"[""opening flower"", ""yellow petals"", ""green sepals"", ""close-up view"", ""floral structure"", ""bud-like forms""]","[""flower"", ""flower close-up"", ""flower interior"", ""frontal flower view"", ""inflorescence""]",0.4,0.4,0.4,0.25
baskauf/22032,Magnolia acuminata,vanderbilt/12-206,inflorescence / close-up of flower interior,flower,"[""flower"", ""flower close-up"", ""stem"", ""inflorescence"", ""immature fruit"", ""bud"", ""twig""]","{""flower"": 0.8158, ""flower close-up"": 0.8022, ""stem"": 0.8002, ""inflorescence"": 0.7628, ""immature fruit"": 0.7589, ""bud"": 0.6977, ""twig"": 0.5284}",True,True,"[""yellow petals"", ""central reproductive structures"", ""partially opened flower"", ""close-up view"", ""floral details"", ""green bracts""]","[""flower"", ""flower close-up"", ""flower interior"", ""inflorescence"", ""female reproductive structure""]",0.4286,0.6,0.5,0.3333
baskauf/22184,Acer saccharum,ind-baskauf/22179,fruit / lateral or general close-up,fruit,"[""fruit"", ""immature fruit"", ""fruit close-up"", ""fruit borne on plant"", ""leaf""]","{""fruit"": 0.9696, ""immature fruit"": 0.9564, ""fruit close-up"": 0.9553, ""fruit borne on plant"": 0.9494, ""leaf"": 0.5345}",True,True,"[""winged seeds"", ""green fruit"", ""close-up"", ""paired seeds"", ""seed pod"", ""hanging fruit""]","[""fruit"", ""fruit close-up"", ""fruit borne on plant"", ""immature fruit""]",0.8,1.0,0.8889,0.8
baskauf/22595,Amelanchier arborea,ind-baskauf/18967,bark / of a medium tree or large branch,bark,"[""bark"", ""twig"", ""trunk"", ""winter twig"", ""large-tree bark"", ""branch""]","{""bark"": 0.9756, ""twig"": 0.8054, ""trunk"": 0.7903, ""winter twig"": 0.7794, ""large-tree bark"": 0.7714, ""branch"": 0.6971}",True,True,"[""patchy bark"", ""thorny twig"", ""woody stem"", ""close-up bark"", ""lichen covered bark"", ""vertical view""]","[""trunk"", ""bark"", ""twig"", ""stem"", ""large-tree bark"", ""medium-tree or large-branch bark""]",0.6667,0.6667,0.6667,0.5
baskauf/22601,Amelanchier arborea,ind-baskauf/18967,twig / winter overall,twig,"[""winter twig"", ""twig"", ""bud"", ""leaf scar"", ""small-tree or branch bark"", ""winter habit"", ""branch""]","{""winter twig"": 0.9916, ""twig"": 0.9837, ""bud"": 0.9511, ""leaf scar"": 0.8956, ""small-tree or branch bark"": 0.8956, ""winter habit"": 0.884, ""branch"": 0.8406}",True,False,"[""leafless twig"", ""dormant branch"", ""bud scales"", ""twig junctions"", ""winter branch"", ""brown twig""]","[""twig"", ""branch"", ""bud"", ""winter twig""]",0.5714,1.0,0.7273,0.5714
baskauf/22607,Amelanchier arborea,ind-baskauf/18967,fruit / immature,fruit,"[""fruit"", ""immature fruit"", ""fruit borne on plant"", ""fruit close-up"", ""twig"", ""stem"", ""bud""]","{""fruit"": 0.9706, ""immature fruit"": 0.9656, ""fruit borne on plant"": 0.9654, ""fruit close-up"": 0.8891, ""twig"": 0.8246, ""stem"": 0.8229, ""bud"": 0.7237}",True,True,"[""developing fruit"", ""green and red fruit"", ""slender stem"", ""close-up view"", ""immature fruit"", ""twig with fruit""]","[""stem"", ""twig"", ""fruit"", ""immature fruit"", ""fruit borne on plant"", ""fruit close-up""]",0.8571,1.0,0.9231,0.8571
baskauf/22873,Carya ovata,ind-baskauf/22872,leaf / whole upper surface,leaf,"[""leaf"", ""leaf arrangement on twig"", ""leaf upper surface"", ""stem"", ""twig""]","{""leaf"": 0.991, ""leaf arrangement on twig"": 0.9576, ""leaf upper surface"": 0.8359, ""stem"": 0.6555, ""twig"": 0.5706}",True,True,"[""bright green leaves"", ""compound leaf"", ""leaf damage"", ""slender twig"", ""leaf veins"", ""close-up view""]","[""leaf"", ""twig"", ""leaf arrangement on twig"", ""leaf upper surface""]",0.8,1.0,0.8889,0.8
baskauf/22882,Carya ovata,ind-baskauf/22872,twig / winter overall,twig,"[""bud"", ""twig"", ""stem"", ""winter twig"", ""leaf arrangement on twig""]","{""bud"": 0.9827, ""twig"": 0.9446, ""stem"": 0.8285, ""winter twig"": 0.7943, ""leaf arrangement on twig"": 0.779}",True,False,"[""woody twig"", ""buds"", ""branching pattern"", ""close-up view"", ""brown buds"", ""green stem""]","[""twig"", ""bud"", ""branch"", ""stem""]",0.6,0.75,0.6667,0.5
baskauf/22885,Carya ovata,ind-baskauf/22872,inflorescence / whole - male,flower,"[""inflorescence"", ""flower"", ""immature fruit"", ""flower close-up"", ""twig"", ""fruit borne on plant""]","{""inflorescence"": 0.971, ""flower"": 0.9422, ""immature fruit"": 0.8724, ""flower close-up"": 0.8469, ""twig"": 0.6273, ""fruit borne on plant"": 0.559}",True,False,"[""elongated cluster"", ""green catkin"", ""dense arrangement"", ""small structures"", ""vertical orientation"", ""soft focus background""]","[""inflorescence"", ""twig"", ""flower"", ""immature fruit"", ""fruit borne on plant""]",0.8333,1.0,0.9091,0.8333
baskauf/23002,Salix nigra,ind-baskauf/22997,whole tree (or vine) / general,whole plant,"[""whole plant"", ""branch"", ""leaf"", ""twig""]","{""whole plant"": 0.9601, ""branch"": 0.9342, ""leaf"": 0.8168, ""twig"": 0.5283}",True,True,"[""multiple trunks"", ""dense foliage"", ""slender branches"", ""green leaves"", ""herbaceous groundcover"", ""sunny day"", ""outdoor scene""]","[""whole plant"", ""trunk"", ""branch"", ""leaf""]",0.75,0.75,0.75,0.6
baskauf/23004,Salix nigra,ind-baskauf/22997,leaf / showing orientation on twig,leaf,"[""leaf arrangement on twig"", ""leaf"", ""twig"", ""stem"", ""branch""]","{""leaf arrangement on twig"": 0.9751, ""leaf"": 0.944, ""twig"": 0.8769, ""stem"": 0.6752, ""branch"": 0.6129}",True,False,"[""elongated leaves"", ""reddish twigs"", ""leaf arrangement"", ""bright green foliage"", ""close-up leaves"", ""branching pattern""]","[""twig"", ""leaf"", ""leaf arrangement on twig"", ""stem""]",0.8,1.0,0.8889,0.8
baskauf/23007,Salix nigra,ind-baskauf/22997,leaf / whole upper surface,leaf,"[""leaf"", ""leaf arrangement on twig"", ""twig"", ""stem""]","{""leaf"": 0.93, ""leaf arrangement on twig"": 0.9285, ""twig"": 0.7132, ""stem"": 0.6039}",True,True,"[""elongated leaves"", ""green foliage"", ""reddish stems"", ""close-up leaves"", ""natural light"", ""blurred background""]","[""leaf"", ""stem"", ""leaf arrangement on twig"", ""leaf upper surface""]",0.75,0.75,0.75,0.6
baskauf/23013,Salix nigra,ind-baskauf/22997,twig / orientation of petioles,twig,"[""twig"", ""bud"", ""stem"", ""leaf arrangement on twig"", ""fruit borne on plant""]","{""twig"": 0.9297, ""bud"": 0.8859, ""stem"": 0.8467, ""leaf arrangement on twig"": 0.6262, ""fruit borne on plant"": 0.5774}",True,True,"[""brown twig"", ""reddish branch"", ""green leaves"", ""budding structures"", ""branching pattern"", ""close-up view""]","[""twig"", ""branch"", ""leaf"", ""bud"", ""leaf arrangement on twig""]",0.6,0.6,0.6,0.4286
baskauf/23020,Salix nigra,ind-baskauf/22997,bark / of a medium tree or large branch,bark,"[""bark"", ""large-tree bark"", ""trunk"", ""medium-tree or large-branch bark""]","{""bark"": 0.9948, ""large-tree bark"": 0.9862, ""trunk"": 0.9755, ""medium-tree or large-branch bark"": 0.8976}",True,True,"[""tree trunk"", ""rough bark"", ""vertical fissures"", ""close-up bark"", ""textured surface"", ""natural patterns""]","[""trunk"", ""bark"", ""large-tree bark""]",0.75,1.0,0.8571,0.75
baskauf/23022,Juglans nigra,ind-baskauf/23021,inflorescence / whole - unspecified,flower,"[""inflorescence"", ""immature fruit"", ""leaf"", ""flower"", ""fruit borne on plant"", ""fruit"", ""twig"", ""branch"", ""stem""]","{""inflorescence"": 0.9757, ""immature fruit"": 0.877, ""leaf"": 0.7859, ""flower"": 0.771, ""fruit borne on plant"": 0.7242, ""fruit"": 0.7218, ""twig"": 0.6575, ""branch"": 0.5815, ""stem"": 0.5612}",True,False,"[""compound leaves"", ""catkins"", ""green foliage"", ""pendulous inflorescence"", ""developing flowers"", ""woody stem""]","[""leaf"", ""stem"", ""inflorescence"", ""flower"", ""male reproductive structure""]",0.4444,0.8,0.5714,0.4
baskauf/23025,Juglans nigra,ind-baskauf/23021,inflorescence / whole - male,flower,"[""inflorescence"", ""immature fruit"", ""flower"", ""stem"", ""fruit"", ""fruit borne on plant"", ""twig"", ""leaf""]","{""inflorescence"": 0.9459, ""immature fruit"": 0.8628, ""flower"": 0.7731, ""stem"": 0.7463, ""fruit"": 0.6947, ""fruit borne on plant"": 0.6759, ""twig"": 0.5638, ""leaf"": 0.4666}",True,False,"[""elongated cluster"", ""green catkin"", ""dense arrangement"", ""fuzzy stem"", ""vertical orientation"", ""close-up view""]","[""inflorescence"", ""stem"", ""twig"", ""flower"", ""flower close-up""]",0.5,0.8,0.6154,0.4444
baskauf/23997,Salix nigra,ind-baskauf/23990,fruit / as borne on the plant,fruit,"[""inflorescence"", ""flower"", ""stem"", ""leaf"", ""twig""]","{""inflorescence"": 0.9143, ""flower"": 0.8541, ""stem"": 0.6838, ""leaf"": 0.6654, ""twig"": 0.5735}",False,False,"[""elongated flower clusters"", ""green leaves"", ""woody stem"", ""fluffy seed dispersal"", ""catkin-like inflorescence"", ""hanging infructescence""]","[""stem"", ""leaf"", ""inflorescence"", ""fruit"", ""immature fruit"", ""fruit borne on plant""]",0.6,0.5,0.5455,0.375
baskauf/24001,Salix nigra,ind-baskauf/23990,fruit / section or open,fruit,"[""stem"", ""immature fruit"", ""fruit"", ""inflorescence"", ""fruit borne on plant"", ""twig""]","{""stem"": 0.8514, ""immature fruit"": 0.8074, ""fruit"": 0.7923, ""inflorescence"": 0.7847, ""fruit borne on plant"": 0.7503, ""twig"": 0.6548}",True,False,"[""catkin"", ""fluffy seeds"", ""green leaves"", ""elongated structure"", ""close-up"", ""vertical orientation"", ""soft texture"", ""spring bloom"", ""seed dispersal"", ""bright light""]","[""inflorescence"", ""seed"", ""leaf"", ""twig"", ""fruit"", ""immature fruit"", ""fruit borne on plant""]",0.8333,0.7143,0.7692,0.625
baskauf/24227,Gymnocladus dioicus,ind-baskauf/24227,fruit / as borne on the plant,fruit,"[""fruit"", ""twig"", ""immature fruit"", ""leaf"", ""stem"", ""fruit borne on plant"", ""leaf arrangement on twig""]","{""fruit"": 0.8863, ""twig"": 0.8264, ""immature fruit"": 0.8099, ""leaf"": 0.8093, ""stem"": 0.7339, ""fruit borne on plant"": 0.7166, ""leaf arrangement on twig"": 0.6809}",True,True,"[""green leaves"", ""elongated fruit"", ""woody stem"", ""developing seed pods"", ""bright sunlight"", ""natural setting""]","[""leaf"", ""stem"", ""fruit"", ""immature fruit"", ""fruit borne on plant""]",0.7143,1.0,0.8333,0.7143
baskauf/24236,Gymnocladus dioicus,ind-baskauf/24227,twig / orientation of petioles,twig,"[""twig"", ""bud"", ""branch"", ""stem"", ""leaf""]","{""twig"": 0.9279, ""bud"": 0.8697, ""branch"": 0.7326, ""stem"": 0.7141, ""leaf"": 0.5899}",True,True,"[""green twig"", ""purple stem"", ""bud"", ""leaf arrangement"", ""branching pattern"", ""close-up view"", ""smooth stem"", ""textured bark"", ""leafy background""]","[""twig"", ""stem"", ""bud"", ""leaf arrangement on twig"", ""branch"", ""leaf"", ""small-tree or branch bark""]",1.0,0.7143,0.8333,0.7143
baskauf/24245,Gymnocladus dioicus,ind-baskauf/24227,bark / of a large tree,bark,"[""bark"", ""large-tree bark"", ""trunk""]","{""bark"": 0.995, ""large-tree bark"": 0.9907, ""trunk"": 0.9905}",True,True,"[""tree trunk"", ""rough bark"", ""vertical ridges"", ""close-up texture"", ""natural patterns"", ""gray tones""]","[""trunk"", ""bark"", ""large-tree bark""]",1.0,1.0,1.0,1.0
baskauf/24248,Gymnocladus dioicus,ind-baskauf/24227,leaf / whole upper surface,leaf,"[""leaf"", ""leaf arrangement on twig"", ""branch"", ""twig"", ""stem""]","{""leaf"": 0.991, ""leaf arrangement on twig"": 0.9708, ""branch"": 0.7847, ""twig"": 0.6446, ""stem"": 0.565}",True,True,"[""compound leaves"", ""green foliage"", ""woody branches"", ""leaf arrangement"", ""sunlit leaves"", ""dense canopy""]","[""leaf"", ""branch"", ""leaf arrangement on twig"", ""whole plant""]",0.6,0.75,0.6667,0.5
baskauf/24251,Gymnocladus dioicus,ind-baskauf/24227,leaf / margin of upper + lower surface,leaf,"[""leaf"", ""leaf upper surface"", ""leaf arrangement on twig"", ""leaf margin""]","{""leaf"": 0.9967, ""leaf upper surface"": 0.9656, ""leaf arrangement on twig"": 0.8884, ""leaf margin"": 0.805}",True,True,"[""green leaves"", ""leaf veins"", ""close-up"", ""leaf texture"", ""broadleaf"", ""natural light""]","[""leaf"", ""leaf upper surface"", ""leaf margin""]",0.75,1.0,0.8571,0.75
baskauf/24254,Gymnocladus dioicus,ind-baskauf/24227,fruit / lateral or general close-up,fruit,"[""fruit""]","{""fruit"": 0.6059}",True,True,"[""elongated pod"", ""brown fruit"", ""close-up"", ""natural light"", ""smooth surface"", ""single fruit""]","[""fruit"", ""fruit close-up"", ""fruit borne on plant"", ""immature fruit""]",1.0,0.25,0.4,0.25
baskauf/24261,Gymnocladus dioicus,ind-baskauf/24227,fruit / section or open,fruit,"[""opened or sectioned fruit"", ""fruit"", ""fruit close-up"", ""seed"", ""fruit borne on plant""]","{""opened or sectioned fruit"": 0.9732, ""fruit"": 0.9608, ""fruit close-up"": 0.9021, ""seed"": 0.8819, ""fruit borne on plant"": 0.7228}",True,False,"[""split fruit"", ""seed inside"", ""cross section"", ""brown interior"", ""round seeds"", ""open fruit""]","[""fruit"", ""seed"", ""opened or sectioned fruit"", ""fruit close-up""]",0.8,1.0,0.8889,0.8
baskauf/24265,Gymnocladus dioicus,ind-baskauf/24227,seed / general view,seed,"[""opened or sectioned fruit"", ""seed"", ""fruit""]","{""opened or sectioned fruit"": 0.9438, ""seed"": 0.8934, ""fruit"": 0.8185}",True,False,"[""opened fruit"", ""seed inside"", ""fruit interior"", ""close-up view"", ""brown and tan tones"", ""smooth seed surface""]","[""fruit"", ""seed"", ""opened or sectioned fruit"", ""fruit close-up""]",1.0,0.75,0.8571,0.75
baskauf/24270,Gymnocladus dioicus,ind-baskauf/24227,fruit / as borne on the plant,fruit,"[""leaf"", ""branch"", ""whole plant"", ""view up trunk"", ""leaf arrangement on twig"", ""trunk""]","{""leaf"": 0.9847, ""branch"": 0.9831, ""whole plant"": 0.9124, ""view up trunk"": 0.88, ""leaf arrangement on twig"": 0.7335, ""trunk"": 0.6526}",False,False,"[""green compound leaves"", ""elongated pod"", ""woody branch"", ""bright sunlight"", ""dense foliage"", ""hanging fruit""]","[""leaf"", ""branch"", ""fruit"", ""fruit borne on plant""]",0.3333,0.5,0.4,0.25
baskauf/24520,Carpinus caroliniana,ind-baskauf/24519,whole tree (or vine) / general,whole plant,"[""whole plant"", ""branch"", ""leaf"", ""trunk"", ""view up trunk""]","{""whole plant"": 0.9905, ""branch"": 0.9434, ""leaf"": 0.9317, ""trunk"": 0.888, ""view up trunk"": 0.8048}",True,True,"[""lush foliage"", ""dense canopy"", ""woodland scene"", ""multiple trunks"", ""bright green leaves"", ""branching pattern"", ""vertical composition"", ""natural light""]","[""whole plant"", ""trunk"", ""branch"", ""leaf"", ""view up trunk""]",1.0,1.0,1.0,1.0
baskauf/24849,Gymnocladus dioicus,ind-baskauf/24227,seed / general view,seed,"[""fruit close-up"", ""fruit"", ""opened or sectioned fruit"", ""seed"", ""fruit borne on plant""]","{""fruit close-up"": 0.9669, ""fruit"": 0.9618, ""opened or sectioned fruit"": 0.9272, ""seed"": 0.8524, ""fruit borne on plant"": 0.7947}",True,False,"[""seed"", ""opened fruit"", ""dark seed"", ""fruit interior"", ""close-up"", ""brown fruit""]","[""fruit"", ""seed"", ""opened or sectioned fruit"", ""fruit close-up""]",0.8,1.0,0.8889,0.8
baskauf/25478,Carpinus caroliniana,ind-baskauf/25478,fruit / as borne on the plant,fruit,"[""leaf"", ""leaf arrangement on twig"", ""twig"", ""branch"", ""fruit"", ""fruit borne on plant""]","{""leaf"": 0.9734, ""leaf arrangement on twig"": 0.9082, ""twig"": 0.8473, ""branch"": 0.7446, ""fruit"": 0.6309, ""fruit borne on plant"": 0.5291}",True,False,"[""green leaves"", ""woody branch"", ""leaf arrangement"", ""light and shadow"", ""close-up leaves"", ""branching pattern""]","[""branch"", ""leaf"", ""leaf arrangement on twig""]",0.5,1.0,0.6667,0.5
baskauf/25625,Sambucus nigra,ind-baskauf/25620,bark / of a small tree or small branch,bark,"[""bark"", ""medium-tree or large-branch bark"", ""small-tree or branch bark"", ""winter twig"", ""trunk"", ""bud"", ""large-tree bark"", ""twig""]","{""bark"": 0.9797, ""medium-tree or large-branch bark"": 0.9614, ""small-tree or branch bark"": 0.9241, ""winter twig"": 0.8152, ""trunk"": 0.8029, ""bud"": 0.741, ""large-tree bark"": 0.7186, ""twig"": 0.6001}",True,True,"[""tree trunk"", ""bumpy bark"", ""lenticels"", ""vertical view"", ""close-up bark"", ""textured surface""]","[""trunk"", ""bark"", ""large-tree bark"", ""medium-tree or large-branch bark""]",0.5,1.0,0.6667,0.5
baskauf/25638,Gymnocladus dioicus,ind-baskauf/24227,whole tree (or vine) / general,whole plant,"[""whole plant"", ""branch"", ""leaf"", ""trunk"", ""view up trunk""]","{""whole plant"": 0.9817, ""branch"": 0.9202, ""leaf"": 0.8958, ""trunk"": 0.8619, ""view up trunk"": 0.8307}",True,True,"[""full tree"", ""green foliage"", ""smooth trunk"", ""branching pattern"", ""leafy crown"", ""outdoor scene""]","[""whole plant"", ""trunk"", ""branch"", ""leaf""]",0.8,1.0,0.8889,0.8
baskauf/25640,Fraxinus americana,ind-baskauf/25640,fruit / as borne on the plant,fruit,"[""inflorescence"", ""fruit"", ""leaf"", ""fruit borne on plant"", ""stem"", ""twig""]","{""inflorescence"": 0.8011, ""fruit"": 0.7805, ""leaf"": 0.7341, ""fruit borne on plant"": 0.7064, ""stem"": 0.568, ""twig"": 0.5528}",True,False,"[""winged seeds"", ""hanging cluster"", ""green and pale"", ""close-up view"", ""branching structure"", ""dark background""]","[""fruit"", ""twig"", ""fruit borne on plant"", ""fruit close-up""]",0.5,0.75,0.6,0.4286
baskauf/25646,Fraxinus americana,ind-baskauf/25640,fruit / lateral or general close-up,fruit,"[""fruit"", ""seed"", ""fruit borne on plant"", ""immature fruit"", ""fruit close-up"", ""twig""]","{""fruit"": 0.8551, ""seed"": 0.8436, ""fruit borne on plant"": 0.8361, ""immature fruit"": 0.7999, ""fruit close-up"": 0.7841, ""twig"": 0.7721}",True,True,"[""green samaras"", ""winged seeds"", ""pendulous arrangement"", ""close-up view"", ""paired seeds"", ""fresh growth""]","[""fruit"", ""fruit borne on plant"", ""fruit close-up"", ""twig"", ""immature fruit""]",0.8333,1.0,0.9091,0.8333
baskauf/26114,Sambucus racemosa,ind-baskauf/26113,whole tree (or vine) / general,whole plant,"[""inflorescence"", ""flower"", ""leaf"", ""whole plant"", ""stem"", ""branch""]","{""inflorescence"": 0.9603, ""flower"": 0.9319, ""leaf"": 0.8405, ""whole plant"": 0.7704, ""stem"": 0.6352, ""branch"": 0.6252}",True,False,"[""clustered flowers"", ""green foliage"", ""woody branches"", ""dense growth"", ""cream-colored blooms"", ""developing flower clusters""]","[""branch"", ""leaf"", ""flower"", ""inflorescence"", ""fruit"", ""immature fruit"", ""fruit borne on plant""]",0.6667,0.5714,0.6154,0.4444
baskauf/26119,Sambucus racemosa,ind-baskauf/26113,inflorescence / whole - unspecified,flower,"[""inflorescence"", ""flower"", ""flower close-up"", ""stem"", ""leaf""]","{""inflorescence"": 0.9798, ""flower"": 0.9764, ""flower close-up"": 0.9221, ""stem"": 0.7259, ""leaf"": 0.7215}",True,False,"[""flower cluster"", ""small green leaves"", ""pinkish buds"", ""dense inflorescence"", ""compound inflorescence"", ""green stem""]","[""inflorescence"", ""leaf"", ""flower"", ""bud"", ""stem""]",0.8,0.8,0.8,0.6667
baskauf/26127,Sambucus racemosa,ind-baskauf/26113,inflorescence / frontal view of flower,flower,"[""flower close-up"", ""flower"", ""inflorescence"", ""frontal flower view""]","{""flower close-up"": 0.9885, ""flower"": 0.9864, ""inflorescence"": 0.9776, ""frontal flower view"": 0.8621}",True,False,"[""flower cluster"", ""small flowers"", ""cream and pink"", ""dense inflorescence"", ""close-up view"", ""blurred background""]","[""flower"", ""inflorescence"", ""flower close-up""]",0.75,1.0,0.8571,0.75
baskauf/26131,Picea rubens,ind-baskauf/26128,leaf / showing orientation on twig,needle,"[""needle attachment"", ""needle"", ""twig"", ""leaf arrangement on twig""]","{""needle attachment"": 0.9963, ""needle"": 0.9946, ""twig"": 0.9441, ""leaf arrangement on twig"": 0.6503}",True,False,"[""needle-like leaves"", ""woody stem"", ""green needles"", ""close-up view"", ""branch detail"", ""needle arrangement""]","[""needle"", ""stem"", ""twig"", ""needle attachment"", ""leaf arrangement on twig""]",1.0,0.8,0.8889,0.8
baskauf/26141,Sambucus racemosa,ind-baskauf/26137,inflorescence / whole - unspecified,flower,"[""inflorescence"", ""flower"", ""flower close-up"", ""stem"", ""fruit borne on plant"", ""fruit""]","{""inflorescence"": 0.9614, ""flower"": 0.9424, ""flower close-up"": 0.935, ""stem"": 0.8509, ""fruit borne on plant"": 0.7268, ""fruit"": 0.6737}",True,False,"[""clustered berries"", ""green foliage"", ""branching structure"", ""pinkish buds"", ""close-up view"", ""complex inflorescence""]","[""twig"", ""fruit"", ""inflorescence"", ""fruit borne on plant"", ""flower"", ""fruit close-up""]",0.6667,0.6667,0.6667,0.5
baskauf/26143,Sambucus racemosa,ind-baskauf/26137,leaf / whole upper surface,leaf,"[""leaf arrangement on twig"", ""leaf"", ""stem"", ""twig""]","{""leaf arrangement on twig"": 0.9519, ""leaf"": 0.9392, ""stem"": 0.8394, ""twig"": 0.5582}",True,False,"[""compound leaves"", ""green foliage"", ""slender stem"", ""leaf arrangement"", ""bright light"", ""dark background""]","[""leaf"", ""stem"", ""leaf arrangement on twig""]",0.75,1.0,0.8571,0.75
baskauf/26147,Sambucus racemosa,ind-baskauf/26137,twig / orientation of petioles,twig,"[""bud"", ""stem"", ""twig"", ""winter twig"", ""bark""]","{""bud"": 0.973, ""stem"": 0.9486, ""twig"": 0.8903, ""winter twig"": 0.7821, ""bark"": 0.6362}",True,False,"[""woody stem"", ""buds"", ""twig"", ""close-up"", ""dormant branch"", ""lenticels"", ""pink bud"", ""brown stem""]","[""stem"", ""twig"", ""bud"", ""leaf scar"", ""winter twig""]",0.8,0.8,0.8,0.6667
baskauf/26149,Sambucus racemosa,ind-baskauf/26137,leaf / margin of upper + lower surface,leaf,"[""leaf upper surface"", ""leaf margin"", ""leaf""]","{""leaf upper surface"": 0.8908, ""leaf margin"": 0.8354, ""leaf"": 0.7862}",True,False,"[""green leaves"", ""leaf veins"", ""leaf underside"", ""close-up"", ""textured surface"", ""serrated edge""]","[""leaf"", ""leaf upper surface"", ""leaf margin""]",1.0,1.0,1.0,1.0
baskauf/26153,Sambucus racemosa,ind-baskauf/26137,whole tree (or vine) / general,whole plant,"[""inflorescence"", ""flower"", ""branch"", ""whole plant"", ""twig"", ""leaf""]","{""inflorescence"": 0.9545, ""flower"": 0.9217, ""branch"": 0.7652, ""whole plant"": 0.7043, ""twig"": 0.5689, ""leaf"": 0.4813}",True,False,"[""green leaves"", ""flower clusters"", ""woody stems"", ""mountain landscape"", ""dense foliage"", ""light green flowers""]","[""leaf"", ""flower"", ""inflorescence"", ""stem"", ""whole plant""]",0.6667,0.8,0.7273,0.5714
baskauf/26253,Castanea dentata,ind-baskauf/26248,bark / of a large tree,bark,"[""bark"", ""trunk"", ""large-tree bark"", ""leaf"", ""branch""]","{""bark"": 0.936, ""trunk"": 0.8817, ""large-tree bark"": 0.6934, ""leaf"": 0.6726, ""branch"": 0.6671}",True,True,"[""mossy trunk"", ""woody stem"", ""green leaves"", ""vertical lines"", ""forest floor"", ""close-up bark""]","[""trunk"", ""bark"", ""stem"", ""twig"", ""leaf"", ""large-tree bark""]",0.8,0.6667,0.7273,0.5714
baskauf/26308,Viburnum lantanoides,ind-baskauf/26298,twig / orientation of petioles,twig,"[""bud"", ""twig"", ""stem"", ""leaf arrangement on twig""]","{""bud"": 0.929, ""twig"": 0.8375, ""stem"": 0.8336, ""leaf arrangement on twig"": 0.6153}",True,False,"[""fuzzy twig"", ""leaf attachment"", ""budding twig"", ""green leaf"", ""close-up view"", ""branching pattern""]","[""twig"", ""leaf"", ""bud"", ""leaf arrangement on twig"", ""petiole arrangement"", ""stem""]",1.0,0.6667,0.8,0.6667
baskauf/26311,Viburnum lantanoides,ind-baskauf/26298,leaf / showing orientation on twig,leaf,"[""leaf"", ""stem"", ""leaf arrangement on twig"", ""twig""]","{""leaf"": 0.9484, ""stem"": 0.877, ""leaf arrangement on twig"": 0.8676, ""twig"": 0.5679}",True,True,"[""green leaves"", ""slender stem"", ""opposite leaves"", ""leaf veins"", ""close-up view"", ""natural light""]","[""stem"", ""leaf"", ""leaf arrangement on twig""]",0.75,1.0,0.8571,0.75
baskauf/26321,Viburnum lantanoides,ind-baskauf/26298,fruit / as borne on the plant,fruit,"[""stem"", ""immature fruit"", ""fruit"", ""fruit borne on plant"", ""leaf""]","{""stem"": 0.8774, ""immature fruit"": 0.8732, ""fruit"": 0.8729, ""fruit borne on plant"": 0.7896, ""leaf"": 0.5786}",True,False,"[""green leaves"", ""green fruit"", ""woody stem"", ""close-up view"", ""textured leaves"", ""developing fruit""]","[""leaf"", ""fruit"", ""stem"", ""twig"", ""immature fruit"", ""fruit borne on plant""]",1.0,0.8333,0.9091,0.8333
baskauf/26325,Viburnum lantanoides,ind-baskauf/26298,fruit / immature,fruit,"[""stem"", ""fruit close-up"", ""fruit"", ""immature fruit"", ""fruit borne on plant""]","{""stem"": 0.8821, ""fruit close-up"": 0.8684, ""fruit"": 0.8178, ""immature fruit"": 0.8081, ""fruit borne on plant"": 0.7648}",True,False,"[""green fruit"", ""developing fruit"", ""reddish stems"", ""close-up view"", ""blurred background"", ""brightly lit""]","[""fruit"", ""immature fruit"", ""stem"", ""fruit borne on plant"", ""fruit close-up""]",1.0,1.0,1.0,1.0
baskauf/26421,Betula alleghaniensis,ind-baskauf/26417,inflorescence / whole - male,flower,"[""inflorescence"", ""male reproductive structure"", ""flower"", ""immature fruit"", ""fruit borne on plant"", ""twig"", ""fruit""]","{""inflorescence"": 0.9624, ""male reproductive structure"": 0.9196, ""flower"": 0.8037, ""immature fruit"": 0.7562, ""fruit borne on plant"": 0.741, ""twig"": 0.6278, ""fruit"": 0.6197}",True,False,"[""hanging cluster"", ""small green structures"", ""elongated inflorescence"", ""dense arrangement"", ""vertical orientation"", ""blurred background"", ""soft lighting"", ""pendulous form""]","[""inflorescence"", ""flower"", ""fruit"", ""immature fruit""]",0.5714,1.0,0.7273,0.5714
baskauf/26426,Betula alleghaniensis,ind-baskauf/26417,inflorescence / lateral view of flower,flower,"[""inflorescence"", ""flower"", ""flower close-up"", ""immature fruit"", ""fruit"", ""fruit borne on plant""]","{""inflorescence"": 0.9627, ""flower"": 0.8964, ""flower close-up"": 0.8387, ""immature fruit"": 0.7484, ""fruit"": 0.6657, ""fruit borne on plant"": 0.622}",True,False,"[""dense flower cluster"", ""elongated inflorescence"", ""small flowers"", ""greenish-white flowers"", ""vertical arrangement"", ""close-up view"", ""dark background""]","[""inflorescence"", ""flower"", ""flower close-up""]",0.5,1.0,0.6667,0.5
baskauf/26492,Viburnum lantanoides,ind-baskauf/26489,inflorescence / whole - unspecified,flower,"[""flower close-up"", ""flower"", ""inflorescence""]","{""flower close-up"": 0.9404, ""flower"": 0.9376, ""inflorescence"": 0.8779}",True,False,"[""white flowers"", ""small flowers"", ""flower cluster"", ""dark background"", ""close-up view"", ""developing fruit""]","[""flower"", ""inflorescence"", ""flower close-up"", ""immature fruit""]",1.0,0.75,0.8571,0.75
baskauf/26493,Viburnum lantanoides,ind-baskauf/26489,inflorescence / frontal view of flower,flower,"[""flower close-up"", ""flower"", ""inflorescence"", ""leaf""]","{""flower close-up"": 0.8072, ""flower"": 0.7459, ""inflorescence"": 0.6936, ""leaf"": 0.6032}",True,False,"[""white flower"", ""star-shaped petals"", ""yellow spots"", ""green leaves"", ""close-up flower"", ""dark background""]","[""flower"", ""flower close-up"", ""frontal flower view"", ""leaf""]",0.75,0.75,0.75,0.6
baskauf/26495,Viburnum lantanoides,ind-baskauf/26489,whole tree (or vine) / general,whole plant,"[""leaf"", ""twig"", ""leaf arrangement on twig"", ""branch""]","{""leaf"": 0.9311, ""twig"": 0.826, ""leaf arrangement on twig"": 0.6926, ""branch"": 0.6437}",False,False,"[""heart-shaped leaves"", ""light green foliage"", ""woody stems"", ""dense branching"", ""natural setting"", ""close-up view""]","[""leaf"", ""stem"", ""twig"", ""branch"", ""leaf arrangement on twig""]",1.0,0.8,0.8889,0.8
baskauf/26496,Viburnum lantanoides,ind-baskauf/26489,inflorescence / whole - unspecified,flower,"[""leaf"", ""inflorescence"", ""stem"", ""flower"", ""twig"", ""leaf arrangement on twig""]","{""leaf"": 0.9182, ""inflorescence"": 0.8743, ""stem"": 0.776, ""flower"": 0.7506, ""twig"": 0.6855, ""leaf arrangement on twig"": 0.655}",True,False,"[""green leaves"", ""small stem"", ""flower cluster"", ""close-up view"", ""branching pattern"", ""light green flowers""]","[""stem"", ""leaf"", ""flower"", ""inflorescence"", ""twig"", ""flower close-up""]",0.8333,0.8333,0.8333,0.7143
baskauf/26502,Viburnum lantanoides,ind-baskauf/26489,leaf / whole upper surface,leaf,"[""leaf"", ""leaf upper surface"", ""leaf margin"", ""leaf arrangement on twig"", ""twig""]","{""leaf"": 0.9649, ""leaf upper surface"": 0.9418, ""leaf margin"": 0.8639, ""leaf arrangement on twig"": 0.805, ""twig"": 0.5852}",True,True,"[""broad green leaf"", ""leaf veins"", ""heart-shaped leaf"", ""woody stem"", ""close-up leaf"", ""green foliage""]","[""leaf"", ""stem"", ""leaf upper surface""]",0.4,0.6667,0.5,0.3333
baskauf/26508,Viburnum lantanoides,ind-baskauf/26489,twig / close-up winter leaf scar/bud,twig,"[""bud"", ""winter twig"", ""twig"", ""small-tree or branch bark"", ""leaf scar"", ""stem""]","{""bud"": 0.9639, ""winter twig"": 0.9502, ""twig"": 0.9394, ""small-tree or branch bark"": 0.9071, ""leaf scar"": 0.886, ""stem"": 0.7596}",True,False,"[""woody stem"", ""leaf scar"", ""bud"", ""twig"", ""branching pattern"", ""dormant branch""]","[""stem"", ""twig"", ""branch"", ""bud"", ""leaf scar"", ""winter twig""]",0.8333,0.8333,0.8333,0.7143
baskauf/26510,Viburnum lantanoides,ind-baskauf/26489,leaf / margin of upper + lower surface,leaf,"[""leaf margin"", ""leaf upper surface"", ""leaf"", ""leaf arrangement on twig""]","{""leaf margin"": 0.9841, ""leaf upper surface"": 0.9769, ""leaf"": 0.9698, ""leaf arrangement on twig"": 0.6658}",True,False,"[""leaf veins"", ""serrated edge"", ""green leaf"", ""leaf texture"", ""close-up leaf"", ""leaf underside""]","[""leaf"", ""leaf upper surface"", ""leaf margin"", ""leaf arrangement on twig""]",1.0,1.0,1.0,1.0
baskauf/26511,Viburnum lantanoides,ind-baskauf/26489,bark / of a small tree or small branch,bark,"[""bark"", ""large-tree bark"", ""trunk"", ""medium-tree or large-branch bark""]","{""bark"": 0.9944, ""large-tree bark"": 0.9707, ""trunk"": 0.9615, ""medium-tree or large-branch bark"": 0.9219}",True,True,"[""tree trunk"", ""rough bark"", ""buds"", ""vertical view"", ""close-up bark"", ""lichen""]","[""trunk"", ""bark"", ""bud"", ""large-tree bark""]",0.75,0.75,0.75,0.6
baskauf/26515,Prunus pensylvanica,ind-baskauf/26515,whole tree (or vine) / general,whole plant,"[""whole plant"", ""branch"", ""view up trunk"", ""trunk"", ""leaf""]","{""whole plant"": 0.9933, ""branch"": 0.9621, ""view up trunk"": 0.922, ""trunk"": 0.8635, ""leaf"": 0.7871}",True,True,"[""lush foliage"", ""tree canopy"", ""branching pattern"", ""green leaves"", ""woody branches"", ""upward view"", ""tree crown"", ""dense foliage""]","[""whole plant"", ""trunk"", ""branch"", ""leaf"", ""view up trunk""]",1.0,1.0,1.0,1.0
baskauf/26519,Prunus pensylvanica,ind-baskauf/26515,leaf / showing orientation on twig,leaf,"[""leaf arrangement on twig"", ""twig"", ""leaf"", ""branch""]","{""leaf arrangement on twig"": 0.9127, ""twig"": 0.8783, ""leaf"": 0.8351, ""branch"": 0.589}",True,False,"[""green leaves"", ""slender twigs"", ""leaf arrangement"", ""elongated leaves"", ""new growth"", ""blurred background""]","[""leaf"", ""twig"", ""leaf arrangement on twig""]",0.75,1.0,0.8571,0.75
baskauf/26526,Prunus pensylvanica,ind-baskauf/26515,leaf / whole upper surface,leaf,"[""leaf"", ""leaf arrangement on twig"", ""twig"", ""leaf upper surface"", ""stem""]","{""leaf"": 0.9428, ""leaf arrangement on twig"": 0.8783, ""twig"": 0.7658, ""leaf upper surface"": 0.713, ""stem"": 0.5559}",True,True,"[""elongated leaves"", ""green foliage"", ""reddish stems"", ""close-up leaves"", ""leaf veins"", ""dense leaves""]","[""leaf"", ""stem"", ""leaf upper surface"", ""twig""]",0.8,1.0,0.8889,0.8
baskauf/26528,Prunus pensylvanica,ind-baskauf/26515,twig / orientation of petioles,twig,"[""bud"", ""twig"", ""small-tree or branch bark"", ""winter twig"", ""stem"", ""bark"", ""branch""]","{""bud"": 0.9446, ""twig"": 0.9343, ""small-tree or branch bark"": 0.9051, ""winter twig"": 0.8703, ""stem"": 0.7312, ""bark"": 0.6869, ""branch"": 0.6274}",True,False,"[""woody stem"", ""buds"", ""close-up"", ""branching"", ""dormant buds"", ""smooth bark""]","[""stem"", ""bud"", ""twig"", ""branch"", ""bark"", ""winter twig""]",0.8571,1.0,0.9231,0.8571
baskauf/26531,Prunus pensylvanica,ind-baskauf/26515,leaf / margin of upper + lower surface,leaf,"[""leaf upper surface"", ""leaf"", ""leaf margin"", ""leaf arrangement on twig""]","{""leaf upper surface"": 0.9615, ""leaf"": 0.9493, ""leaf margin"": 0.9439, ""leaf arrangement on twig"": 0.6753}",True,False,"[""green leaves"", ""leaf veins"", ""leaf texture"", ""close-up view"", ""serrated edge"", ""broadleaf""]","[""leaf"", ""leaf upper surface"", ""leaf margin""]",0.75,1.0,0.8571,0.75
baskauf/26532,Prunus pensylvanica,ind-baskauf/26515,bark / of a medium tree or large branch,bark,"[""bark"", ""trunk"", ""large-tree bark""]","{""bark"": 0.9903, ""trunk"": 0.9766, ""large-tree bark"": 0.973}",True,True,"[""tree trunk"", ""lichen covered bark"", ""vertical view"", ""brown and gray tones"", ""textured surface"", ""close-up bark""]","[""trunk"", ""bark"", ""large-tree bark""]",1.0,1.0,1.0,1.0
baskauf/26540,Sambucus racemosa,ind-baskauf/26538,inflorescence / whole - unspecified,flower,"[""inflorescence"", ""flower"", ""leaf"", ""branch"", ""stem""]","{""inflorescence"": 0.9559, ""flower"": 0.9021, ""leaf"": 0.8734, ""branch"": 0.7857, ""stem"": 0.5784}",True,False,"[""compound leaves"", ""pink flower clusters"", ""woody stems"", ""dense foliage"", ""vertical stems"", ""bright green leaves""]","[""leaf"", ""stem"", ""twig"", ""inflorescence"", ""flower"", ""leaf arrangement on twig""]",0.8,0.6667,0.7273,0.5714
baskauf/26705,Sambucus nigra,ind-baskauf/26705,inflorescence / whole - unspecified,flower,"[""inflorescence"", ""flower"", ""leaf"", ""flower close-up"", ""stem""]","{""inflorescence"": 0.9661, ""flower"": 0.9422, ""leaf"": 0.9365, ""flower close-up"": 0.8667, ""stem"": 0.7235}",True,False,"[""white flower cluster"", ""compound leaves"", ""red stem"", ""blurred background"", ""close-up flowers"", ""bright daylight""]","[""flower"", ""inflorescence"", ""leaf"", ""stem"", ""flower close-up""]",1.0,1.0,1.0,1.0
baskauf/26707,Sambucus nigra,ind-baskauf/26705,inflorescence / whole - unspecified,flower,"[""inflorescence"", ""flower"", ""flower close-up"", ""leaf"", ""stem""]","{""inflorescence"": 0.9535, ""flower"": 0.9359, ""flower close-up"": 0.9071, ""leaf"": 0.8785, ""stem"": 0.5393}",True,False,"[""white flowers"", ""compound leaves"", ""dense inflorescence"", ""green foliage"", ""small flowers""]","[""flower"", ""inflorescence"", ""leaf"", ""flower close-up""]",0.8,1.0,0.8889,0.8
baskauf/26710,Sambucus nigra,ind-baskauf/26705,inflorescence / frontal view of flower,flower,"[""flower close-up"", ""flower"", ""inflorescence""]","{""flower close-up"": 0.9757, ""flower"": 0.971, ""inflorescence"": 0.9693}",True,False,"[""tiny white flowers"", ""dense flower cluster"", ""green foliage background"", ""close-up view"", ""flat-topped inflorescence"", ""small flower parts""]","[""flower"", ""inflorescence"", ""flower close-up""]",1.0,1.0,1.0,1.0
baskauf/26714,Sambucus nigra,ind-baskauf/26705,twig / orientation of petioles,twig,"[""stem"", ""bud"", ""twig"", ""leaf arrangement on twig"", ""leaf""]","{""stem"": 0.9785, ""bud"": 0.7872, ""twig"": 0.7266, ""leaf arrangement on twig"": 0.6293, ""leaf"": 0.6193}",True,False,"[""green stem"", ""red stem"", ""branching stem"", ""buds"", ""close-up view"", ""stem intersection""]","[""stem"", ""twig"", ""bud"", ""leaf arrangement on twig""]",0.8,1.0,0.8889,0.8
baskauf/27132,Yucca filamentosa,ind-baskauf/27131,fruit / lateral or general close-up,fruit,"[""stem"", ""immature fruit"", ""fruit"", ""fruit close-up"", ""fruit borne on plant""]","{""stem"": 0.9685, ""immature fruit"": 0.9522, ""fruit"": 0.9206, ""fruit close-up"": 0.8587, ""fruit borne on plant"": 0.8507}",True,False,"[""green pod"", ""developing fruit"", ""thorny stem"", ""dark background"", ""close-up view""]","[""fruit"", ""stem"", ""twig"", ""fruit close-up"", ""immature fruit"", ""fruit borne on plant""]",1.0,0.8333,0.9091,0.8333
baskauf/27137,Yucca filamentosa,ind-baskauf/27131,fruit / lateral or general close-up,fruit,"[""immature fruit"", ""fruit"", ""stem"", ""fruit close-up"", ""fruit borne on plant""]","{""immature fruit"": 0.9465, ""fruit"": 0.9279, ""stem"": 0.8947, ""fruit close-up"": 0.8609, ""fruit borne on plant"": 0.7902}",True,False,"[""green capsule"", ""developing fruit"", ""hairy stem"", ""wilted petals"", ""close-up view""]","[""stem"", ""fruit"", ""immature fruit"", ""fruit close-up""]",0.8,1.0,0.8889,0.8
baskauf/27139,Yucca filamentosa,ind-baskauf/27131,bark / of a small tree or small branch,bark,"[""bud"", ""stem"", ""twig""]","{""bud"": 0.8905, ""stem"": 0.7783, ""twig"": 0.7254}",False,False,"[""woody stem"", ""bud scales"", ""close-up view"", ""textured bark"", ""pinkish hue"", ""dormant growth""]","[""stem"", ""bud"", ""twig"", ""bark"", ""terminal bud"", ""winter twig""]",1.0,0.5,0.6667,0.5
baskauf/27143,Yucca filamentosa,ind-baskauf/27131,twig / orientation of petioles,twig,"[""stem"", ""bud"", ""flower"", ""flower close-up"", ""twig"", ""immature fruit""]","{""stem"": 0.9158, ""bud"": 0.8849, ""flower"": 0.7272, ""flower close-up"": 0.7271, ""twig"": 0.6949, ""immature fruit"": 0.6886}",True,False,"[""green stem"", ""developing fruit"", ""dried flower parts"", ""close-up view"", ""fuzzy stem"", ""curled structures""]","[""stem"", ""fruit"", ""immature fruit"", ""flower"", ""fruit borne on plant"", ""flower close-up""]",0.6667,0.6667,0.6667,0.5
baskauf/27882,Carya cordiformis,ind-baskauf/27882,twig / close-up winter terminal bud,twig,"[""bud"", ""stem"", ""twig"", ""terminal bud"", ""leaf arrangement on twig""]","{""bud"": 0.9838, ""stem"": 0.9432, ""twig"": 0.9384, ""terminal bud"": 0.8988, ""leaf arrangement on twig"": 0.6408}",True,False,"[""green stem"", ""curved stem"", ""developing buds"", ""close-up view"", ""pale yellow leaves"", ""woody stem""]","[""stem"", ""twig"", ""bud"", ""leaf arrangement on twig"", ""leaf""]",0.8,0.8,0.8,0.6667
baskauf/27886,Carya cordiformis,ind-baskauf/27882,twig / close-up winter leaf scar/bud,twig,"[""twig"", ""bud"", ""stem"", ""winter twig""]","{""twig"": 0.9718, ""bud"": 0.9491, ""stem"": 0.9179, ""winter twig"": 0.8638}",True,True,"[""green stem"", ""buds"", ""twig"", ""close-up"", ""branching"", ""lenticels"", ""dormant branch""]","[""stem"", ""twig"", ""bud"", ""branch"", ""winter twig"", ""leaf scar""]",1.0,0.6667,0.8,0.6667
baskauf/27889,Carya cordiformis,ind-baskauf/27882,leaf / whole upper surface,leaf,"[""leaf"", ""leaf arrangement on twig"", ""stem""]","{""leaf"": 0.9869, ""leaf arrangement on twig"": 0.9446, ""stem"": 0.8027}",True,True,"[""compound leaves"", ""green foliage"", ""leaf arrangement"", ""stem"", ""branch"", ""close-up view""]","[""leaf"", ""stem"", ""branch"", ""leaf arrangement on twig""]",1.0,0.75,0.8571,0.75
baskauf/27896,Carya cordiformis,ind-baskauf/27882,bark / of a large tree,bark,"[""bark"", ""trunk"", ""large-tree bark""]","{""bark"": 0.9845, ""trunk"": 0.9784, ""large-tree bark"": 0.9678}",True,True,"[""tree trunk"", ""ridged bark"", ""lichen covered bark"", ""green leaves"", ""vertical view""]","[""trunk"", ""bark"", ""large-tree bark"", ""leaf""]",1.0,0.75,0.8571,0.75
baskauf/27897,Carya cordiformis,ind-baskauf/27882,bark / of a large tree,bark,"[""bark"", ""trunk"", ""large-tree bark""]","{""bark"": 0.9899, ""trunk"": 0.9822, ""large-tree bark"": 0.9718}",True,True,"[""tree trunk"", ""rough bark"", ""vertical view"", ""lichen growth"", ""forest background"", ""partial leaf""]","[""trunk"", ""bark"", ""large-tree bark"", ""view up trunk""]",1.0,0.75,0.8571,0.75
baskauf/27900,Carya cordiformis,ind-baskauf/27882,whole tree (or vine) / view up trunk,whole plant,"[""view up trunk"", ""branch"", ""trunk"", ""bark"", ""leaf"", ""whole plant"", ""large-tree bark""]","{""view up trunk"": 0.9768, ""branch"": 0.9649, ""trunk"": 0.9566, ""bark"": 0.9269, ""leaf"": 0.9231, ""whole plant"": 0.9217, ""large-tree bark"": 0.7974}",True,False,"[""large tree"", ""upward view"", ""green canopy"", ""textured bark"", ""branching trunk"", ""bright sky""]","[""whole plant"", ""trunk"", ""bark"", ""branch"", ""view up trunk"", ""leaf""]",0.8571,1.0,0.9231,0.8571
baskauf/27901,Carya cordiformis,ind-baskauf/27882,whole tree (or vine) / general,whole plant,"[""whole plant"", ""view up trunk"", ""branch"", ""trunk"", ""leaf""]","{""whole plant"": 0.9938, ""view up trunk"": 0.9937, ""branch"": 0.9834, ""trunk"": 0.9666, ""leaf"": 0.8956}",True,True,"[""tree canopy"", ""upward view"", ""branching pattern"", ""green foliage"", ""woody trunk"", ""sky background""]","[""whole plant"", ""trunk"", ""branch"", ""leaf"", ""view up trunk""]",1.0,1.0,1.0,1.0
baskauf/27927,Nyssa sylvatica,ind-baskauf/27926,fruit / immature,fruit,"[""leaf"", ""fruit"", ""immature fruit"", ""fruit borne on plant"", ""stem""]","{""leaf"": 0.9521, ""fruit"": 0.9261, ""immature fruit"": 0.8547, ""fruit borne on plant"": 0.8317, ""stem"": 0.664}",True,False,"[""green leaves"", ""small round fruit"", ""woody stem"", ""close-up view"", ""bright light""]","[""leaf"", ""fruit"", ""stem"", ""fruit borne on plant"", ""fruit close-up"", ""immature fruit""]",1.0,0.8333,0.9091,0.8333
baskauf/27929,Nyssa sylvatica,ind-baskauf/27926,fruit / immature,fruit,"[""fruit"", ""leaf"", ""fruit close-up"", ""fruit borne on plant"", ""immature fruit"", ""stem""]","{""fruit"": 0.9101, ""leaf"": 0.9021, ""fruit close-up"": 0.8387, ""fruit borne on plant"": 0.7947, ""immature fruit"": 0.782, ""stem"": 0.6829}",True,True,"[""green leaves"", ""round fruit"", ""smooth fruit"", ""leaf veins"", ""close-up view"", ""green stems""]","[""leaf"", ""fruit"", ""immature fruit"", ""fruit borne on plant"", ""leaf upper surface""]",0.6667,0.8,0.7273,0.5714
baskauf/28499,Acer negundo,ind-baskauf/28499,fruit / as borne on the plant,fruit,"[""fruit close-up"", ""fruit"", ""leaf"", ""leaf arrangement on twig"", ""fruit borne on plant"", ""immature fruit""]","{""fruit close-up"": 0.8493, ""fruit"": 0.8462, ""leaf"": 0.82, ""leaf arrangement on twig"": 0.7748, ""fruit borne on plant"": 0.7549, ""immature fruit"": 0.6976}",True,False,"[""pendulous clusters"", ""bright green"", ""winged seeds"", ""elongated shape"", ""vertical arrangement"", ""dark background""]","[""twig"", ""leaf"", ""fruit"", ""fruit borne on plant"", ""leaf arrangement on twig""]",0.6667,0.8,0.7273,0.5714
baskauf/28649,Cephalanthus occidentalis,ind-baskauf/15734,inflorescence / whole - unspecified,flower,"[""leaf"", ""stem"", ""fruit"", ""immature fruit"", ""fruit borne on plant""]","{""leaf"": 0.9555, ""stem"": 0.943, ""fruit"": 0.9261, ""immature fruit"": 0.8741, ""fruit borne on plant"": 0.8419}",False,False,"[""green leaves"", ""developing fruit"", ""woody stems"", ""bright sunlight"", ""dense foliage"", ""natural setting""]","[""leaf"", ""fruit"", ""stem"", ""twig"", ""immature fruit"", ""fruit borne on plant"", ""whole plant""]",1.0,0.7143,0.8333,0.7143
baskauf/28652,Cephalanthus occidentalis,ind-baskauf/15734,inflorescence / lateral view of flower,flower,"[""flower close-up"", ""inflorescence"", ""flower"", ""stem"", ""leaf""]","{""flower close-up"": 0.8107, ""inflorescence"": 0.8099, ""flower"": 0.726, ""stem"": 0.6199, ""leaf"": 0.5443}",True,False,"[""spherical flower cluster"", ""dense inflorescence"", ""green leaves"", ""slender stalks"", ""small white flowers"", ""blurred background""]","[""inflorescence"", ""flower"", ""leaf"", ""flower close-up""]",0.8,1.0,0.8889,0.8
baskauf/28656,Cephalanthus occidentalis,ind-baskauf/15734,whole tree (or vine) / general,whole plant,"[""leaf"", ""leaf arrangement on twig"", ""branch"", ""whole plant"", ""twig"", ""fruit"", ""stem"", ""fruit borne on plant""]","{""leaf"": 0.9707, ""leaf arrangement on twig"": 0.7937, ""branch"": 0.7775, ""whole plant"": 0.7254, ""twig"": 0.6931, ""fruit"": 0.6792, ""stem"": 0.618, ""fruit borne on plant"": 0.5853}",True,False,"[""green foliage"", ""small white flowers"", ""dense canopy"", ""compound leaves"", ""twiggy branches"", ""sunny conditions""]","[""leaf"", ""twig"", ""flower"", ""inflorescence"", ""branch"", ""whole plant""]",0.5,0.6667,0.5714,0.4
baskauf/28666,Cephalanthus occidentalis,ind-baskauf/15734,inflorescence / lateral view of flower,flower,"[""flower close-up"", ""flower"", ""inflorescence"", ""stem""]","{""flower close-up"": 0.9429, ""flower"": 0.9212, ""inflorescence"": 0.9095, ""stem"": 0.5637}",True,False,"[""dense flower cluster"", ""white flower parts"", ""green leaves"", ""slender stems"", ""close-up view"", ""radial symmetry""]","[""flower"", ""inflorescence"", ""leaf"", ""stem"", ""flower close-up""]",1.0,0.8,0.8889,0.8
baskauf/28670,Cephalanthus occidentalis,ind-baskauf/15734,inflorescence / whole - unspecified,flower,"[""flower close-up"", ""inflorescence"", ""flower"", ""stem"", ""fruit"", ""leaf""]","{""flower close-up"": 0.8349, ""inflorescence"": 0.7892, ""flower"": 0.766, ""stem"": 0.7537, ""fruit"": 0.6878, ""leaf"": 0.5528}",True,False,"[""white flower cluster"", ""green leaves"", ""developing fruit"", ""elongated stamens"", ""dense inflorescence"", ""dark background""]","[""flower"", ""inflorescence"", ""leaf"", ""fruit"", ""immature fruit"", ""flower close-up""]",0.8333,0.8333,0.8333,0.7143
baskauf/28672,Cephalanthus occidentalis,ind-baskauf/15734,bark / of a medium tree or large branch,bark,"[""bark"", ""large-tree bark"", ""medium-tree or large-branch bark"", ""trunk""]","{""bark"": 0.987, ""large-tree bark"": 0.9363, ""medium-tree or large-branch bark"": 0.9359, ""trunk"": 0.8937}",True,True,"[""tree bark"", ""rough texture"", ""vertical view"", ""close-up bark"", ""grayish bark"", ""natural patterns""]","[""trunk"", ""bark"", ""large-tree bark""]",0.75,1.0,0.8571,0.75
baskauf/28751,Sambucus racemosa,ind-baskauf/28751,fruit / as borne on the plant,fruit,"[""fruit borne on plant"", ""fruit"", ""leaf"", ""stem"", ""inflorescence""]","{""fruit borne on plant"": 0.9342, ""fruit"": 0.9285, ""leaf"": 0.8869, ""stem"": 0.8426, ""inflorescence"": 0.8192}",True,False,"[""red berries"", ""green leaves"", ""clustered fruit"", ""woody stem"", ""bright light"", ""natural setting""]","[""leaf"", ""fruit"", ""stem"", ""fruit borne on plant"", ""inflorescence""]",1.0,1.0,1.0,1.0
baskauf/28754,Sambucus racemosa,ind-baskauf/28751,fruit / lateral or general close-up,fruit,"[""fruit"", ""fruit borne on plant"", ""fruit close-up"", ""stem""]","{""fruit"": 0.9473, ""fruit borne on plant"": 0.9362, ""fruit close-up"": 0.922, ""stem"": 0.8}",True,True,"[""red berries"", ""green leaves"", ""clustered fruit"", ""close-up view"", ""vibrant color"", ""branching stems""]","[""fruit"", ""leaf"", ""stem"", ""fruit borne on plant"", ""fruit close-up""]",1.0,0.8,0.8889,0.8
baskauf/28756,Sambucus racemosa,ind-baskauf/28751,leaf / whole upper surface,leaf,"[""leaf"", ""leaf arrangement on twig"", ""stem""]","{""leaf"": 0.9636, ""leaf arrangement on twig"": 0.9359, ""stem"": 0.8266}",True,True,"[""compound leaf"", ""green foliage"", ""leaf veins"", ""stem"", ""leaf arrangement"", ""close-up view""]","[""leaf"", ""stem"", ""leaf arrangement on twig"", ""leaf upper surface""]",1.0,0.75,0.8571,0.75
baskauf/29397,Nyssa sylvatica,ind-baskauf/29396,fruit / as borne on the plant,fruit,"[""fruit"", ""fruit borne on plant"", ""fruit close-up"", ""immature fruit"", ""stem"", ""twig""]","{""fruit"": 0.9625, ""fruit borne on plant"": 0.9569, ""fruit close-up"": 0.9393, ""immature fruit"": 0.9329, ""stem"": 0.7258, ""twig"": 0.6755}",True,True,"[""round fruit"", ""dark stems"", ""green and purple fruit"", ""branching pattern"", ""close-up view"", ""dark background""]","[""twig"", ""fruit"", ""fruit borne on plant"", ""immature fruit""]",0.6667,1.0,0.8,0.6667
baskauf/29400,Nyssa sylvatica,ind-baskauf/29396,fruit / lateral or general close-up,fruit,"[""fruit close-up"", ""fruit"", ""fruit borne on plant"", ""immature fruit"", ""stem"", ""twig""]","{""fruit close-up"": 0.9612, ""fruit"": 0.9328, ""fruit borne on plant"": 0.9104, ""immature fruit"": 0.8375, ""stem"": 0.6965, ""twig"": 0.4638}",True,False,"[""dark fruit"", ""green buds"", ""hanging fruit"", ""slender stem"", ""close-up view""]","[""fruit"", ""bud"", ""stem"", ""fruit close-up""]",0.5,0.75,0.6,0.4286
baskauf/29613,Carya laciniosa,ind-baskauf/13828,fruit / lateral or general close-up,fruit,"[""fruit"", ""fruit close-up""]","{""fruit"": 0.8807, ""fruit close-up"": 0.8715}",True,True,"[""green husk"", ""split fruit"", ""nut shell"", ""exposed nut"", ""hand holding"", ""close-up view""]","[""fruit"", ""fruit close-up"", ""immature fruit"", ""fruit borne on plant"", ""opened or sectioned fruit""]",1.0,0.4,0.5714,0.4
baskauf/29666,Platanus occidentalis,vanderbilt/7-205,leaf / whole upper surface,leaf,"[""leaf"", ""leaf upper surface"", ""leaf margin"", ""leaf arrangement on twig"", ""twig""]","{""leaf"": 0.9688, ""leaf upper surface"": 0.9088, ""leaf margin"": 0.7087, ""leaf arrangement on twig"": 0.7005, ""twig"": 0.6366}",True,True,"[""lobed leaf"", ""green and brown leaf"", ""leaf spots"", ""twig"", ""dark background"", ""close-up leaf""]","[""leaf"", ""twig"", ""leaf upper surface"", ""leaf margin""]",0.8,1.0,0.8889,0.8
baskauf/29683,Fagus grandifolia,ind-baskauf/10432,leaf / whole upper surface,leaf,"[""leaf"", ""leaf upper surface"", ""leaf margin"", ""stem"", ""twig""]","{""leaf"": 0.9656, ""leaf upper surface"": 0.8976, ""leaf margin"": 0.7619, ""stem"": 0.6096, ""twig"": 0.5641}",True,True,"[""broad green leaf"", ""leaf veins"", ""close-up leaf"", ""leaf margin"", ""twig"", ""dark background""]","[""leaf"", ""leaf upper surface"", ""twig"", ""leaf margin""]",0.8,1.0,0.8889,0.8
baskauf/29685,Fagus grandifolia,ind-baskauf/10432,twig / orientation of petioles,twig,"[""leaf"", ""bud"", ""twig"", ""stem"", ""leaf arrangement on twig""]","{""leaf"": 0.897, ""bud"": 0.8785, ""twig"": 0.8303, ""stem"": 0.7146, ""leaf arrangement on twig"": 0.6201}",True,False,"[""woody stem"", ""bud"", ""green leaves"", ""branching pattern"", ""close-up view"", ""lenticels""]","[""stem"", ""bud"", ""leaf"", ""branch"", ""twig"", ""leaf arrangement on twig""]",1.0,0.8333,0.9091,0.8333
baskauf/29689,Acer negundo,ind-baskauf/29686,leaf / whole upper surface,leaf,"[""leaf"", ""leaf arrangement on twig"", ""leaf upper surface"", ""stem"", ""leaf margin""]","{""leaf"": 0.9958, ""leaf arrangement on twig"": 0.9406, ""leaf upper surface"": 0.9158, ""stem"": 0.8883, ""leaf margin"": 0.7084}",True,True,"[""green leaves"", ""red stem"", ""palmate leaves"", ""ground level view"", ""rocky substrate"", ""multiple leaves""]","[""leaf"", ""stem"", ""leaf arrangement on twig""]",0.6,1.0,0.75,0.6
baskauf/29691,Acer negundo,ind-baskauf/29686,leaf / whole upper surface,leaf,"[""leaf"", ""leaf arrangement on twig"", ""stem"", ""leaf upper surface""]","{""leaf"": 0.9924, ""leaf arrangement on twig"": 0.9176, ""stem"": 0.9104, ""leaf upper surface"": 0.8876}",True,True,"[""compound leaves"", ""reddish stem"", ""green foliage"", ""rocky ground"", ""leaf veins"", ""close-up view""]","[""leaf"", ""stem"", ""leaf arrangement on twig"", ""leaf upper surface""]",1.0,1.0,1.0,1.0
baskauf/29699,Juglans nigra,vanderbilt/6-85,twig / unspecified,twig,"[""bark"", ""medium-tree or large-branch bark"", ""large-tree bark"", ""trunk""]","{""bark"": 0.9033, ""medium-tree or large-branch bark"": 0.8856, ""large-tree bark"": 0.8132, ""trunk"": 0.6885}",False,False,"[""tree section"", ""wood grain"", ""growth rings"", ""cut surface"", ""tree trunk"", ""close-up""]","[""trunk"", ""bark"", ""large-tree bark""]",0.75,1.0,0.8571,0.75
baskauf/29702,Aesculus hippocastanum,vanderbilt/6-87,leaf / whole upper surface,leaf,"[""leaf arrangement on twig"", ""leaf"", ""leaf upper surface"", ""stem""]","{""leaf arrangement on twig"": 0.8834, ""leaf"": 0.8799, ""leaf upper surface"": 0.7588, ""stem"": 0.5702}",True,False,"[""palmate leaves"", ""green foliage"", ""compound leaf"", ""branch"", ""leaf veins"", ""light green""]","[""leaf"", ""branch"", ""leaf upper surface""]",0.5,0.6667,0.5714,0.4
baskauf/29705,Lindera benzoin,ind-baskauf/29705,leaf / whole upper surface,leaf,"[""leaf"", ""leaf upper surface"", ""leaf margin"", ""stem"", ""leaf arrangement on twig""]","{""leaf"": 0.9671, ""leaf upper surface"": 0.9404, ""leaf margin"": 0.7939, ""stem"": 0.7169, ""leaf arrangement on twig"": 0.6501}",True,True,"[""green leaf"", ""leaf veins"", ""close-up leaf"", ""smooth leaf margin"", ""dark background"", ""single leaf focus""]","[""leaf"", ""leaf upper surface"", ""leaf margin""]",0.6,1.0,0.75,0.6
baskauf/29725,Robinia pseudoacacia,ind-baskauf/29725,twig / orientation of petioles,twig,"[""stem"", ""leaf scar"", ""bud"", ""twig"", ""leaf arrangement on twig"", ""leaf""]","{""stem"": 0.9331, ""leaf scar"": 0.8548, ""bud"": 0.82, ""twig"": 0.7618, ""leaf arrangement on twig"": 0.5822, ""leaf"": 0.5013}",True,False,"[""thorny twig"", ""green stem"", ""leafy background"", ""close-up view"", ""textured bark"", ""pointed buds""]","[""twig"", ""stem"", ""leaf"", ""bud"", ""bark"", ""small-tree or branch bark""]",0.6667,0.6667,0.6667,0.5
baskauf/29730,Robinia pseudoacacia,ind-baskauf/29725,leaf / whole upper surface,leaf,"[""leaf"", ""leaf arrangement on twig"", ""stem""]","{""leaf"": 0.982, ""leaf arrangement on twig"": 0.8912, ""stem"": 0.7832}",True,True,"[""compound leaves"", ""green foliage"", ""leaf arrangement"", ""slender twigs"", ""pinnately compound""]","[""leaf"", ""twig"", ""leaf arrangement on twig""]",0.6667,0.6667,0.6667,0.5
baskauf/29761,Acer rubrum,ind-baskauf/29761,bark / of a medium tree or large branch,bark,"[""bark"", ""large-tree bark"", ""trunk"", ""medium-tree or large-branch bark""]","{""bark"": 0.9968, ""large-tree bark"": 0.9821, ""trunk"": 0.9776, ""medium-tree or large-branch bark"": 0.9355}",True,True,"[""tree bark"", ""vertical ridges"", ""grayish bark"", ""small twig"", ""close-up texture"", ""woody surface""]","[""trunk"", ""bark"", ""twig"", ""large-tree bark""]",0.75,0.75,0.75,0.6
baskauf/29766,Rhus glabra,ind-baskauf/10414,leaf / whole upper surface,leaf,"[""leaf"", ""leaf arrangement on twig"", ""stem""]","{""leaf"": 0.985, ""leaf arrangement on twig"": 0.9779, ""stem"": 0.7957}",True,True,"[""compound leaf"", ""green foliage"", ""reddish stems"", ""leaf arrangement"", ""pinnately compound"", ""close-up leaf""]","[""leaf"", ""stem"", ""leaf arrangement on twig"", ""leaf upper surface""]",1.0,0.75,0.8571,0.75
baskauf/29771,Rhus glabra,ind-baskauf/10414,leaf / margin of upper + lower surface,leaf,"[""leaf"", ""leaf margin"", ""leaf upper surface"", ""leaf arrangement on twig"", ""stem""]","{""leaf"": 0.9828, ""leaf margin"": 0.9164, ""leaf upper surface"": 0.9064, ""leaf arrangement on twig"": 0.8576, ""stem"": 0.6793}",True,True,"[""broad leaves"", ""leaf veins"", ""serrated leaf margin"", ""green foliage"", ""close-up view"", ""leaf texture""]","[""leaf"", ""leaf upper surface"", ""leaf margin"", ""leaf arrangement on twig""]",0.8,1.0,0.8889,0.8
baskauf/29773,Fagus grandifolia,ind-baskauf/10432,whole tree (or vine) / general,whole plant,"[""whole plant"", ""branch"", ""trunk"", ""leaf"", ""view up trunk""]","{""whole plant"": 0.9851, ""branch"": 0.9054, ""trunk"": 0.876, ""leaf"": 0.87, ""view up trunk"": 0.8345}",True,True,"[""tall tree"", ""dense foliage"", ""green leaves"", ""full crown"", ""sunlit leaves"", ""upward view""]","[""whole plant"", ""trunk"", ""branch"", ""leaf"", ""view up trunk""]",1.0,1.0,1.0,1.0
baskauf/29775,Cercis canadensis,ind-baskauf/29774,whole tree (or vine) / general,whole plant,"[""whole plant"", ""branch"", ""leaf"", ""view up trunk"", ""trunk""]","{""whole plant"": 0.9643, ""branch"": 0.8897, ""leaf"": 0.8509, ""view up trunk"": 0.7307, ""trunk"": 0.7284}",True,True,"[""small tree"", ""green leaves"", ""multiple trunks"", ""woodland background"", ""sunny day"", ""leafy crown""]","[""whole plant"", ""trunk"", ""leaf"", ""branch""]",0.8,1.0,0.8889,0.8
baskauf/29777,Cercis canadensis,ind-baskauf/29774,twig / orientation of petioles,twig,"[""twig"", ""stem"", ""fruit borne on plant"", ""bud"", ""fruit""]","{""twig"": 0.8963, ""stem"": 0.8164, ""fruit borne on plant"": 0.7449, ""bud"": 0.6924, ""fruit"": 0.6209}",True,True,"[""reddish brown twig"", ""leaf veins"", ""close-up view"", ""dark background"", ""dormant branch"", ""leaf texture""]","[""twig"", ""leaf"", ""leaf arrangement on twig"", ""winter twig""]",0.2,0.25,0.2222,0.125
baskauf/29784,Ostrya virginiana,ind-baskauf/15272,leaf / whole upper surface,leaf,"[""leaf"", ""leaf margin"", ""leaf upper surface"", ""leaf arrangement on twig""]","{""leaf"": 0.9755, ""leaf margin"": 0.9587, ""leaf upper surface"": 0.9587, ""leaf arrangement on twig"": 0.856}",True,True,"[""serrated leaves"", ""green foliage"", ""leaf veins"", ""leaf spots"", ""twig"", ""leaf arrangement""]","[""leaf"", ""twig"", ""leaf arrangement on twig"", ""leaf upper surface""]",0.75,0.75,0.75,0.6
baskauf/29787,Prunus serotina,ind-baskauf/10643,leaf / whole upper surface,leaf,"[""leaf"", ""leaf upper surface"", ""leaf margin"", ""leaf arrangement on twig""]","{""leaf"": 0.9598, ""leaf upper surface"": 0.9366, ""leaf margin"": 0.8959, ""leaf arrangement on twig"": 0.7966}",True,True,"[""green leaves"", ""leaf spots"", ""close-up view"", ""leaf veins"", ""smooth leaf surface"", ""dark background""]","[""leaf"", ""leaf upper surface"", ""leaf margin"", ""twig"", ""leaf arrangement on twig""]",1.0,0.8,0.8889,0.8
baskauf/29805,Nyssa sylvatica,vanderbilt/12-188,leaf / whole upper surface,leaf,"[""leaf"", ""leaf upper surface"", ""leaf margin""]","{""leaf"": 0.9567, ""leaf upper surface"": 0.9412, ""leaf margin"": 0.707}",True,True,"[""green leaves"", ""leaf veins"", ""close-up leaf"", ""smooth leaf surface"", ""dark background"", ""leaf texture""]","[""leaf"", ""leaf upper surface"", ""leaf margin""]",1.0,1.0,1.0,1.0
baskauf/29811,Carpinus caroliniana,ind-baskauf/29806,leaf / whole upper surface,leaf,"[""leaf"", ""leaf upper surface"", ""leaf margin"", ""leaf arrangement on twig"", ""twig""]","{""leaf"": 0.9685, ""leaf upper surface"": 0.9624, ""leaf margin"": 0.9621, ""leaf arrangement on twig"": 0.7672, ""twig"": 0.5284}",True,True,"[""bright green leaves"", ""leaf veins"", ""serrated leaf edge"", ""dark twig"", ""close-up leaf"", ""leaf damage""]","[""leaf"", ""twig"", ""leaf upper surface"", ""leaf margin""]",0.8,1.0,0.8889,0.8
baskauf/29813,Carpinus caroliniana,ind-baskauf/29806,twig / orientation of petioles,twig,"[""twig"", ""stem"", ""leaf arrangement on twig"", ""bud"", ""leaf""]","{""twig"": 0.8632, ""stem"": 0.779, ""leaf arrangement on twig"": 0.7636, ""bud"": 0.7572, ""leaf"": 0.6313}",True,True,"[""gray bark"", ""green leaves"", ""new growth"", ""woody stem"", ""budding twig"", ""leaf and stem""]","[""bark"", ""leaf"", ""stem"", ""twig"", ""bud"", ""leaf arrangement on twig""]",1.0,0.8333,0.9091,0.8333
baskauf/29816,Lindera benzoin,ind-baskauf/29815,fruit / lateral or general close-up,fruit,"[""fruit borne on plant"", ""fruit close-up"", ""fruit"", ""stem"", ""leaf""]","{""fruit borne on plant"": 0.9256, ""fruit close-up"": 0.9228, ""fruit"": 0.9218, ""stem"": 0.8359, ""leaf"": 0.559}",True,False,"[""red fruit"", ""green leaves"", ""woody stem"", ""close-up view"", ""bright color"", ""natural light""]","[""fruit"", ""leaf"", ""stem"", ""fruit borne on plant"", ""fruit close-up""]",1.0,1.0,1.0,1.0
baskauf/30096,Rhus copallinum,ind-baskauf/30092,leaf / whole upper surface,leaf,"[""leaf"", ""leaf arrangement on twig"", ""stem"", ""twig""]","{""leaf"": 0.9687, ""leaf arrangement on twig"": 0.9588, ""stem"": 0.782, ""twig"": 0.578}",True,True,"[""compound leaves"", ""green and red foliage"", ""leaf arrangement"", ""branching pattern"", ""close-up leaves"", ""natural light""]","[""leaf"", ""twig"", ""leaf arrangement on twig"", ""leaf upper surface""]",0.75,0.75,0.75,0.6
baskauf/30099,Rhus copallinum,ind-baskauf/30092,leaf / margin of upper + lower surface,leaf,"[""leaf"", ""leaf upper surface"", ""leaf margin"", ""stem""]","{""leaf"": 0.9058, ""leaf upper surface"": 0.8594, ""leaf margin"": 0.7291, ""stem"": 0.617}",True,True,"[""green leaves"", ""woody stem"", ""leaf veins"", ""close-up view"", ""leaf texture"", ""natural light""]","[""leaf"", ""stem"", ""leaf upper surface""]",0.75,1.0,0.8571,0.75
baskauf/30102,Carya laciniosa,ind-baskauf/13828,fruit / section or open,fruit,"[""opened or sectioned fruit"", ""fruit close-up"", ""seed"", ""fruit"", ""fruit borne on plant""]","{""opened or sectioned fruit"": 0.9792, ""fruit close-up"": 0.9632, ""seed"": 0.9467, ""fruit"": 0.9443, ""fruit borne on plant"": 0.6548}",True,False,"[""split fruit"", ""brown fruit"", ""close-up"", ""rough texture"", ""oval shape"", ""held in hand""]","[""fruit"", ""fruit close-up"", ""opened or sectioned fruit""]",0.6,1.0,0.75,0.6
baskauf/30195,Carya ovata,ind-baskauf/30194,fruit / section or open,fruit,"[""opened or sectioned fruit"", ""fruit close-up"", ""fruit"", ""seed"", ""fruit borne on plant""]","{""opened or sectioned fruit"": 0.99, ""fruit close-up"": 0.982, ""fruit"": 0.9641, ""seed"": 0.9559, ""fruit borne on plant"": 0.7008}",True,False,"[""split fruit"", ""dark shell"", ""exposed seed"", ""hand holding"", ""close-up view"", ""rough texture""]","[""fruit"", ""fruit close-up"", ""opened or sectioned fruit"", ""seed""]",0.8,1.0,0.8889,0.8
baskauf/30235,Carya cordiformis,ind-baskauf/30230,twig / orientation of petioles,twig,"[""bud"", ""twig"", ""leaf arrangement on twig"", ""leaf"", ""stem""]","{""bud"": 0.9052, ""twig"": 0.8957, ""leaf arrangement on twig"": 0.8227, ""leaf"": 0.8205, ""stem"": 0.7856}",True,False,"[""green stem"", ""close-up view"", ""bud cluster"", ""leaf detail"", ""smooth stem"", ""angled twig""]","[""stem"", ""twig"", ""bud"", ""leaf"", ""leaf arrangement on twig""]",1.0,1.0,1.0,1.0
baskauf/30240,Carya cordiformis,ind-baskauf/30230,fruit / section or open,fruit,"[""fruit close-up"", ""opened or sectioned fruit"", ""fruit"", ""seed"", ""fruit borne on plant""]","{""fruit close-up"": 0.9926, ""opened or sectioned fruit"": 0.9861, ""fruit"": 0.983, ""seed"": 0.9641, ""fruit borne on plant"": 0.8173}",True,False,"[""split fruit"", ""seed inside"", ""rough outer shell"", ""close-up view"", ""brown and tan colors"", ""held in hand""]","[""fruit"", ""seed"", ""fruit close-up"", ""opened or sectioned fruit""]",0.8,1.0,0.8889,0.8
baskauf/30241,Carya cordiformis,ind-baskauf/30230,fruit / lateral or general close-up,fruit,"[""fruit close-up"", ""fruit"", ""opened or sectioned fruit"", ""fruit borne on plant""]","{""fruit close-up"": 0.9819, ""fruit"": 0.942, ""opened or sectioned fruit"": 0.8816, ""fruit borne on plant"": 0.7588}",True,False,"[""dark fruit"", ""close-up"", ""rough texture"", ""small fruit"", ""held in hand"", ""single fruit""]","[""fruit"", ""fruit close-up""]",0.5,1.0,0.6667,0.5
baskauf/30246,Carya cordiformis,ind-baskauf/30230,fruit / immature,fruit,"[""fruit close-up"", ""fruit"", ""immature fruit"", ""fruit borne on plant""]","{""fruit close-up"": 0.9904, ""fruit"": 0.9683, ""immature fruit"": 0.8676, ""fruit borne on plant"": 0.8535}",True,False,"[""green fruit"", ""close-up"", ""developing fruit"", ""textured surface"", ""held in hand"", ""immature fruit""]","[""fruit"", ""fruit close-up"", ""immature fruit"", ""fruit borne on plant""]",1.0,1.0,1.0,1.0
baskauf/30252,Carya cordiformis,ind-baskauf/30230,leaf / whole upper surface,leaf,"[""leaf"", ""leaf arrangement on twig"", ""twig"", ""stem"", ""branch""]","{""leaf"": 0.9786, ""leaf arrangement on twig"": 0.8992, ""twig"": 0.8431, ""stem"": 0.6704, ""branch"": 0.5827}",True,True,"[""green leaves"", ""woody stem"", ""developing fruit"", ""leaf veins"", ""ground cover"", ""natural light""]","[""leaf"", ""stem"", ""fruit"", ""immature fruit"", ""twig""]",0.6,0.6,0.6,0.4286
baskauf/30271,Carya laciniosa,ind-baskauf/13828,fruit / as borne on the plant,fruit,"[""fruit"", ""fruit close-up"", ""fruit borne on plant"", ""immature fruit"", ""twig"", ""stem""]","{""fruit"": 0.9786, ""fruit close-up"": 0.9608, ""fruit borne on plant"": 0.9284, ""immature fruit"": 0.8456, ""twig"": 0.8313, ""stem"": 0.7062}",True,True,"[""brown fruit"", ""woody branch"", ""split fruit"", ""dormant twig"", ""close-up view""]","[""twig"", ""branch"", ""fruit"", ""fruit close-up"", ""opened or sectioned fruit"", ""winter habit""]",0.5,0.5,0.5,0.3333
baskauf/30278,Carya laciniosa,ind-baskauf/13828,fruit / section or open,fruit,"[""fruit close-up"", ""fruit"", ""seed"", ""opened or sectioned fruit"", ""fruit borne on plant""]","{""fruit close-up"": 0.9494, ""fruit"": 0.9469, ""seed"": 0.9389, ""opened or sectioned fruit"": 0.937, ""fruit borne on plant"": 0.7064}",True,False,"[""split nuts"", ""brown shells"", ""seed exposure"", ""arranged specimens"", ""close-up view"", ""rough texture""]","[""fruit"", ""fruit close-up"", ""opened or sectioned fruit"", ""seed""]",0.8,1.0,0.8889,0.8
baskauf/30320,Carya laciniosa,ind-baskauf/13828,fruit / section or open,fruit,"[""seed"", ""opened or sectioned fruit"", ""fruit"", ""fruit close-up""]","{""seed"": 0.9288, ""opened or sectioned fruit"": 0.9278, ""fruit"": 0.9173, ""fruit close-up"": 0.9047}",True,False,"[""brown shells"", ""split open"", ""collection"", ""scattered arrangement"", ""husk fragments"", ""varied sizes""]","[""fruit"", ""fruit close-up"", ""opened or sectioned fruit"", ""fruit borne on plant""]",0.75,0.75,0.75,0.6
baskauf/30327,Acer rubrum,ind-baskauf/30326,leaf / margin of upper + lower surface,leaf,"[""leaf margin"", ""leaf"", ""leaf upper surface"", ""leaf arrangement on twig""]","{""leaf margin"": 0.9846, ""leaf"": 0.9841, ""leaf upper surface"": 0.9787, ""leaf arrangement on twig"": 0.6239}",True,False,"[""leaf veins"", ""leaf texture"", ""green and pale leaf"", ""leaf margin"", ""close-up leaf"", ""detailed leaf""]","[""leaf"", ""leaf upper surface"", ""leaf margin""]",0.75,1.0,0.8571,0.75
baskauf/30435,Fraxinus quadrangulata,ind-baskauf/30435,fruit / lateral or general close-up,fruit,"[""fruit"", ""fruit close-up"", ""fruit borne on plant"", ""twig""]","{""fruit"": 0.8367, ""fruit close-up"": 0.7976, ""fruit borne on plant"": 0.7766, ""twig"": 0.7536}",True,True,"[""pendent fruits"", ""elongated fruits"", ""textured surface"", ""close-up view"", ""brown tones"", ""branching structure""]","[""fruit"", ""fruit close-up"", ""twig"", ""fruit borne on plant""]",1.0,1.0,1.0,1.0
baskauf/30439,Fraxinus quadrangulata,ind-baskauf/30435,fruit / as borne on the plant,fruit,"[""twig"", ""fruit"", ""seed"", ""fruit borne on plant""]","{""twig"": 0.9082, ""fruit"": 0.8834, ""seed"": 0.8534, ""fruit borne on plant"": 0.8384}",True,False,"[""winged seeds"", ""gray twigs"", ""close-up view"", ""seed bearing branch"", ""dormant branch""]","[""twig"", ""fruit"", ""seed"", ""fruit borne on plant"", ""winter twig""]",1.0,0.8,0.8889,0.8
baskauf/30723,Castanea dentata,ind-baskauf/30720,fruit / section or open,fruit,"[""fruit"", ""fruit close-up"", ""fruit borne on plant"", ""twig""]","{""fruit"": 0.9237, ""fruit close-up"": 0.8865, ""fruit borne on plant"": 0.8259, ""twig"": 0.7334}",True,True,"[""spiky fruit"", ""open fruit"", ""brown and tan"", ""close-up view"", ""radial symmetry"", ""textured surface""]","[""fruit"", ""fruit close-up"", ""opened or sectioned fruit""]",0.5,0.6667,0.5714,0.4
baskauf/30724,Castanea dentata,ind-baskauf/30720,fruit / section or open,fruit,"[""fruit"", ""fruit close-up"", ""fruit borne on plant"", ""opened or sectioned fruit"", ""seed"", ""immature fruit"", ""twig""]","{""fruit"": 0.98, ""fruit close-up"": 0.9654, ""fruit borne on plant"": 0.8931, ""opened or sectioned fruit"": 0.8609, ""seed"": 0.8484, ""immature fruit"": 0.7814, ""twig"": 0.6074}",True,True,"[""spiky fruit"", ""open fruit"", ""brown fruit"", ""close-up view"", ""thorny exterior"", ""split open""]","[""fruit"", ""fruit close-up"", ""opened or sectioned fruit""]",0.4286,1.0,0.6,0.4286
baskauf/30752,Cornus amomum,ind-baskauf/30752,whole tree (or vine) / winter,whole plant,"[""winter habit"", ""whole plant"", ""branch"", ""twig""]","{""winter habit"": 0.9607, ""whole plant"": 0.9372, ""branch"": 0.836, ""twig"": 0.7595}",True,False,"[""leafless shrub"", ""red stems"", ""winter scene"", ""dense branching"", ""natural habitat"", ""overcast sky""]","[""whole plant"", ""twig"", ""winter habit"", ""branch"", ""stem"", ""winter twig""]",1.0,0.6667,0.8,0.6667
baskauf/30756,Cornus amomum,ind-baskauf/30752,twig / winter overall,twig,"[""winter twig"", ""bud"", ""twig"", ""terminal bud"", ""leaf scar"", ""stem""]","{""winter twig"": 0.9819, ""bud"": 0.9737, ""twig"": 0.9665, ""terminal bud"": 0.8714, ""leaf scar"": 0.8557, ""stem"": 0.6077}",True,False,"[""leafless twig"", ""dormant branch"", ""bud"", ""winter condition"", ""close-up"", ""smooth bark"", ""twig detail""]","[""twig"", ""bud"", ""winter twig"", ""small-tree or branch bark""]",0.5,0.75,0.6,0.4286
baskauf/30758,Cornus amomum,ind-baskauf/30752,twig / close-up winter leaf scar/bud,twig,"[""winter twig"", ""bud"", ""twig"", ""leaf scar"", ""stem""]","{""winter twig"": 0.9819, ""bud"": 0.9741, ""twig"": 0.9675, ""leaf scar"": 0.8922, ""stem"": 0.6906}",True,False,"[""red twig"", ""bud scales"", ""dormant branch"", ""close-up twig"", ""smooth bark"", ""winter twig""]","[""twig"", ""bud"", ""winter twig"", ""stem"", ""small-tree or branch bark""]",0.8,0.8,0.8,0.6667
baskauf/30760,Cornus amomum,ind-baskauf/30752,bark / of a small tree or small branch,bark,"[""bark"", ""trunk"", ""large-tree bark""]","{""bark"": 0.9799, ""trunk"": 0.9142, ""large-tree bark"": 0.893}",True,True,"[""textured bark"", ""reddish bark"", ""woody stem"", ""close-up bark"", ""vertical view"", ""rough surface""]","[""trunk"", ""bark"", ""stem"", ""large-tree bark"", ""medium-tree or large-branch bark""]",1.0,0.6,0.75,0.6
baskauf/30763,Ilex verticillata,ind-baskauf/30762,whole tree (or vine) / winter,whole plant,"[""winter habit"", ""twig"", ""fruit borne on plant"", ""branch"", ""stem""]","{""winter habit"": 0.9696, ""twig"": 0.8089, ""fruit borne on plant"": 0.761, ""branch"": 0.752, ""stem"": 0.6597}",False,False,"[""leafless branches"", ""red berries"", ""winter scene"", ""woody stems"", ""forest floor"", ""dormant shrub""]","[""twig"", ""fruit"", ""winter habit"", ""stem"", ""fruit borne on plant""]",0.8,0.8,0.8,0.6667
baskauf/30769,Ilex verticillata,ind-baskauf/30762,fruit / lateral or general close-up,fruit,"[""fruit close-up"", ""fruit"", ""fruit borne on plant"", ""stem""]","{""fruit close-up"": 0.9397, ""fruit"": 0.9309, ""fruit borne on plant"": 0.9228, ""stem"": 0.8363}",True,False,"[""red berries"", ""woody stem"", ""close-up"", ""bright color"", ""clustered fruit"", ""dormant branch""]","[""stem"", ""fruit"", ""fruit borne on plant"", ""fruit close-up""]",1.0,1.0,1.0,1.0
baskauf/30771,Ilex verticillata,ind-baskauf/30762,twig / winter overall,twig,"[""fruit borne on plant"", ""fruit"", ""fruit close-up"", ""winter twig"", ""stem"", ""twig"", ""branch""]","{""fruit borne on plant"": 0.9301, ""fruit"": 0.9292, ""fruit close-up"": 0.9019, ""winter twig"": 0.7447, ""stem"": 0.7387, ""twig"": 0.6777, ""branch"": 0.6182}",True,False,"[""red berries"", ""leafless branches"", ""close-up view"", ""winter scene"", ""branching pattern"", ""smooth bark""]","[""twig"", ""fruit"", ""fruit borne on plant"", ""winter habit"", ""branch"", ""bark"", ""fruit close-up""]",0.7143,0.7143,0.7143,0.5556
baskauf/30773,Ilex verticillata,ind-baskauf/30762,bark / of a small tree or small branch,bark,"[""bark"", ""large-tree bark"", ""trunk"", ""medium-tree or large-branch bark""]","{""bark"": 0.9895, ""large-tree bark"": 0.9294, ""trunk"": 0.9256, ""medium-tree or large-branch bark"": 0.919}",True,True,"[""tree trunk"", ""smooth bark"", ""lenticels"", ""vertical view"", ""dark background"", ""close-up bark""]","[""trunk"", ""bark"", ""large-tree bark""]",0.75,1.0,0.8571,0.75
baskauf/30778,Viburnum opulus,ind-baskauf/30777,whole tree (or vine) / winter,whole plant,"[""winter habit"", ""whole plant"", ""branch"", ""twig"", ""trunk""]","{""winter habit"": 0.9893, ""whole plant"": 0.9606, ""branch"": 0.8921, ""twig"": 0.6878, ""trunk"": 0.6313}",True,False,"[""leafless branches"", ""red fruit"", ""woody stems"", ""winter scene"", ""tree trunk"", ""branching pattern""]","[""twig"", ""fruit"", ""stem"", ""branch"", ""trunk"", ""winter habit"", ""fruit borne on plant""]",0.8,0.5714,0.6667,0.5
baskauf/30779,Viburnum opulus,ind-baskauf/30777,fruit / as borne on the plant,fruit,"[""fruit"", ""fruit borne on plant"", ""fruit close-up"", ""winter habit"", ""stem"", ""branch""]","{""fruit"": 0.9911, ""fruit borne on plant"": 0.9851, ""fruit close-up"": 0.9815, ""winter habit"": 0.7931, ""stem"": 0.644, ""branch"": 0.572}",True,True,"[""red fruit"", ""leafless branches"", ""hanging fruit"", ""dark background"", ""slender twigs""]","[""twig"", ""fruit"", ""fruit borne on plant""]",0.3333,0.6667,0.4444,0.2857
baskauf/30783,Viburnum opulus,ind-baskauf/30777,fruit / lateral or general close-up,fruit,"[""fruit"", ""fruit close-up"", ""fruit borne on plant""]","{""fruit"": 0.9798, ""fruit close-up"": 0.9794, ""fruit borne on plant"": 0.9644}",True,True,"[""red fruit"", ""hanging fruit"", ""woody stem"", ""close-up fruit"", ""smooth fruit"", ""dark background""]","[""fruit"", ""stem"", ""fruit close-up"", ""fruit borne on plant""]",1.0,0.75,0.8571,0.75
baskauf/30784,Viburnum opulus,ind-baskauf/30777,twig / orientation of petioles,twig,"[""twig"", ""winter twig"", ""bud"", ""stem"", ""winter habit""]","{""twig"": 0.9797, ""winter twig"": 0.9774, ""bud"": 0.9746, ""stem"": 0.8071, ""winter habit"": 0.7594}",True,True,"[""leafless twig"", ""dormant branch"", ""buds"", ""winter condition"", ""close-up"", ""brown twig""]","[""twig"", ""bud"", ""winter twig""]",0.6,1.0,0.75,0.6
baskauf/30786,Viburnum opulus,ind-baskauf/30777,bark / of a small tree or small branch,bark,"[""bark"", ""medium-tree or large-branch bark"", ""large-tree bark"", ""trunk""]","{""bark"": 0.9901, ""medium-tree or large-branch bark"": 0.9346, ""large-tree bark"": 0.9341, ""trunk"": 0.9328}",True,True,"[""tree bark"", ""rough texture"", ""vertical view"", ""close-up bark"", ""dark background"", ""irregular surface""]","[""trunk"", ""bark"", ""large-tree bark""]",0.75,1.0,0.8571,0.75
baskauf/30941,Cornus amomum,ind-baskauf/30937,twig / unspecified,twig,"[""winter twig"", ""leaf scar"", ""small-tree or branch bark"", ""twig"", ""bud"", ""stem""]","{""winter twig"": 0.9661, ""leaf scar"": 0.9521, ""small-tree or branch bark"": 0.9513, ""twig"": 0.9249, ""bud"": 0.9099, ""stem"": 0.789}",True,False,"[""sectioned stem"", ""internal stem structure"", ""lenticels"", ""twig"", ""reddish bark"", ""close-up view""]","[""stem"", ""twig"", ""bark"", ""small-tree or branch bark"", ""leaf scar"", ""opened or sectioned fruit""]",0.6667,0.6667,0.6667,0.5
baskauf/30951,Cornus sericea,ind-baskauf/30951,twig / unspecified,twig,"[""leaf scar"", ""bud"", ""small-tree or branch bark"", ""winter twig"", ""twig"", ""stem"", ""bark""]","{""leaf scar"": 0.9455, ""bud"": 0.9381, ""small-tree or branch bark"": 0.934, ""winter twig"": 0.9209, ""twig"": 0.8578, ""stem"": 0.7046, ""bark"": 0.6747}",True,False,"[""sectioned stem"", ""stem interior"", ""bud scars"", ""dark stem"", ""close-up view""]","[""stem"", ""twig"", ""bud"", ""leaf scar"", ""winter twig""]",0.7143,1.0,0.8333,0.7143
baskauf/30958,Cornus sericea,ind-baskauf/30951,twig / winter overall,twig,"[""winter twig"", ""leaf scar"", ""bud"", ""twig"", ""small-tree or branch bark"", ""stem"", ""bark""]","{""winter twig"": 0.9894, ""leaf scar"": 0.9595, ""bud"": 0.9535, ""twig"": 0.9399, ""small-tree or branch bark"": 0.9274, ""stem"": 0.7308, ""bark"": 0.7285}",True,False,"[""red stem"", ""buds"", ""close-up"", ""dormant branch"", ""winter twig"", ""small branch"", ""bud arrangement""]","[""stem"", ""twig"", ""bud"", ""winter twig"", ""leaf scar""]",0.7143,1.0,0.8333,0.7143
baskauf/30961,Cornus sericea,ind-baskauf/30951,twig / close-up winter terminal bud,twig,"[""winter twig"", ""bud"", ""twig"", ""stem""]","{""winter twig"": 0.9556, ""bud"": 0.9029, ""twig"": 0.8946, ""stem"": 0.8054}",True,False,"[""red twig"", ""dormant branch"", ""close-up view"", ""smooth bark"", ""winter twig"", ""pointed tip""]","[""twig"", ""branch"", ""bark"", ""winter twig"", ""small-tree or branch bark""]",0.5,0.4,0.4444,0.2857
baskauf/30975,Cornus sericea,ind-baskauf/30951,whole tree (or vine) / winter,whole plant,"[""winter habit"", ""twig"", ""branch"", ""whole plant"", ""stem""]","{""winter habit"": 0.9752, ""twig"": 0.9376, ""branch"": 0.8401, ""whole plant"": 0.7559, ""stem"": 0.7461}",True,False,"[""red stems"", ""leafless branches"", ""winter scene"", ""forest floor"", ""woody stems"", ""dormant plant""]","[""twig"", ""stem"", ""winter habit"", ""branch"", ""winter twig""]",0.8,0.8,0.8,0.6667
baskauf/30981,Cornus sericea,ind-baskauf/30951,bark / of a small tree or small branch,bark,"[""bark"", ""bud"", ""leaf scar"", ""twig"", ""winter twig"", ""stem""]","{""bark"": 0.9511, ""bud"": 0.8787, ""leaf scar"": 0.8596, ""twig"": 0.8444, ""winter twig"": 0.8353, ""stem"": 0.6694}",True,True,"[""rough bark"", ""branching pattern"", ""woody stem"", ""close-up bark texture"", ""vertical view""]","[""trunk"", ""bark"", ""branch"", ""stem"", ""medium-tree or large-branch bark""]",0.3333,0.4,0.3636,0.2222
baskauf/30984,Celtis occidentalis,ind-baskauf/30984,twig / winter overall,twig,"[""winter twig"", ""twig"", ""bud"", ""leaf scar"", ""small-tree or branch bark"", ""winter habit"", ""branch""]","{""winter twig"": 0.9893, ""twig"": 0.986, ""bud"": 0.9616, ""leaf scar"": 0.9234, ""small-tree or branch bark"": 0.8924, ""winter habit"": 0.8713, ""branch"": 0.8483}",True,False,"[""leafless twig"", ""brown twig"", ""bud scales"", ""dormant branch"", ""close-up twig"", ""winter branch""]","[""twig"", ""branch"", ""bud"", ""winter twig""]",0.5714,1.0,0.7273,0.5714
baskauf/30988,Celtis occidentalis,ind-baskauf/30984,bark / of a large tree,bark,"[""bark"", ""large-tree bark"", ""trunk""]","{""bark"": 0.9895, ""large-tree bark"": 0.9839, ""trunk"": 0.9801}",True,True,"[""rough bark"", ""tree trunk"", ""close-up texture"", ""gray bark"", ""vertical view""]","[""trunk"", ""bark"", ""large-tree bark""]",1.0,1.0,1.0,1.0
baskauf/30990,Celtis occidentalis,ind-baskauf/30984,bark / of a medium tree or large branch,bark,"[""bark"", ""large-tree bark"", ""trunk"", ""medium-tree or large-branch bark""]","{""bark"": 0.9937, ""large-tree bark"": 0.9635, ""trunk"": 0.953, ""medium-tree or large-branch bark"": 0.9516}",True,True,"[""tree trunk"", ""rough bark"", ""lichen growth"", ""vertical view"", ""close-up bark""]","[""trunk"", ""bark"", ""large-tree bark""]",0.75,1.0,0.8571,0.75
baskauf/31257,Pyrus calleryana,ind-baskauf/31257,whole tree (or vine) / winter,whole plant,"[""whole plant"", ""winter habit"", ""branch"", ""flower"", ""inflorescence"", ""twig""]","{""whole plant"": 0.9609, ""winter habit"": 0.9587, ""branch"": 0.8847, ""flower"": 0.7678, ""inflorescence"": 0.6818, ""twig"": 0.5978}",True,True,"[""flowering tree"", ""white blossoms"", ""dense crown"", ""branching pattern"", ""early spring"", ""woodland setting""]","[""whole plant"", ""branch"", ""flower"", ""inflorescence"", ""flower close-up""]",0.6667,0.8,0.7273,0.5714
baskauf/31282,Pyrus calleryana,ind-baskauf/31257,inflorescence / frontal view of flower,flower,"[""flower close-up"", ""flower"", ""flower interior"", ""frontal flower view"", ""inflorescence"", ""bud""]","{""flower close-up"": 0.9544, ""flower"": 0.9396, ""flower interior"": 0.9073, ""frontal flower view"": 0.8965, ""inflorescence"": 0.8166, ""bud"": 0.644}",True,False,"[""white flowers"", ""flower cluster"", ""pink stamens"", ""close-up view"", ""delicate petals"", ""dark background""]","[""flower"", ""inflorescence"", ""flower close-up"", ""flower interior"", ""frontal flower view""]",0.8333,1.0,0.9091,0.8333
baskauf/31283,Pyrus calleryana,ind-baskauf/31257,twig / winter overall,twig,"[""winter twig"", ""twig"", ""bud"", ""leaf scar"", ""branch""]","{""winter twig"": 0.9671, ""twig"": 0.9549, ""bud"": 0.9412, ""leaf scar"": 0.9014, ""branch"": 0.8306}",True,False,"[""leafless branch"", ""dormant twig"", ""bud"", ""woody stem"", ""dark background""]","[""branch"", ""twig"", ""bud"", ""winter habit"", ""winter twig""]",0.8,0.8,0.8,0.6667
baskauf/31285,Pyrus calleryana,ind-baskauf/31257,twig / winter overall,twig,"[""twig"", ""bud"", ""winter twig"", ""stem"", ""branch""]","{""twig"": 0.9738, ""bud"": 0.9694, ""winter twig"": 0.8482, ""stem"": 0.7923, ""branch"": 0.6475}",True,True,"[""woody twig"", ""terminal bud"", ""leaf scar"", ""close-up"", ""dormant branch"", ""brown twig""]","[""twig"", ""bud"", ""leaf scar"", ""terminal bud"", ""winter twig""]",0.6,0.6,0.6,0.4286
baskauf/31288,Pyrus calleryana,ind-baskauf/31257,bark / of a medium tree or large branch,bark,"[""bark"", ""large-tree bark"", ""trunk""]","{""bark"": 0.9924, ""large-tree bark"": 0.9854, ""trunk"": 0.9814}",True,True,"[""tree bark"", ""ridged texture"", ""vertical lines"", ""close-up bark"", ""grayish brown"", ""woody surface""]","[""trunk"", ""bark"", ""large-tree bark""]",1.0,1.0,1.0,1.0
baskauf/31291,Pyrus calleryana,ind-baskauf/31257,twig / winter overall,twig,"[""twig"", ""winter habit"", ""winter twig"", ""branch"", ""bark"", ""bud""]","{""twig"": 0.9792, ""winter habit"": 0.9765, ""winter twig"": 0.9613, ""branch"": 0.8884, ""bark"": 0.7046, ""bud"": 0.6817}",True,True,"[""gray bark"", ""thorny branch"", ""leafless twig"", ""dormant plant"", ""close-up bark"", ""winter branch""]","[""branch"", ""twig"", ""bark"", ""winter habit"", ""winter twig"", ""small-tree or branch bark""]",0.8333,0.8333,0.8333,0.7143
baskauf/31312,Pyrus calleryana,ind-baskauf/31257,inflorescence / ventral view of flower + perianth,flower,"[""flower close-up"", ""flower"", ""stem""]","{""flower close-up"": 0.9443, ""flower"": 0.9405, ""stem"": 0.7683}",True,False,"[""green stem"", ""flower base"", ""close-up view"", ""floral details"", ""hairy texture"", ""white petals""]","[""stem"", ""flower"", ""flower close-up""]",1.0,1.0,1.0,1.0
baskauf/31314,Pyrus calleryana,ind-baskauf/31257,inflorescence / ventral view of flower + perianth,flower,"[""flower close-up"", ""flower"", ""stem""]","{""flower close-up"": 0.9024, ""flower"": 0.8923, ""stem"": 0.6474}",True,False,"[""flower base"", ""green ovary"", ""developing fruit"", ""white petals"", ""close-up view"", ""floral structure""]","[""flower"", ""fruit"", ""immature fruit"", ""flower close-up"", ""flower interior""]",0.6667,0.4,0.5,0.3333
baskauf/31400,Amelanchier arborea,ind-baskauf/31399,whole tree (or vine) / winter,whole plant,"[""winter habit"", ""whole plant"", ""branch"", ""trunk"", ""twig"", ""stem""]","{""winter habit"": 0.9728, ""whole plant"": 0.9331, ""branch"": 0.8517, ""trunk"": 0.8138, ""twig"": 0.7765, ""stem"": 0.5734}",True,False,"[""leafless trees"", ""woody stems"", ""early spring"", ""forest floor"", ""small white flowers"", ""dense branches"", ""overcast sky"", ""natural woodland""]","[""whole plant"", ""twig"", ""flower"", ""winter habit"", ""branch"", ""stem""]",0.8333,0.8333,0.8333,0.7143
baskauf/31404,Amelanchier arborea,ind-baskauf/31399,inflorescence / whole - unspecified,flower,"[""winter habit"", ""whole plant"", ""branch"", ""inflorescence"", ""flower"", ""twig""]","{""winter habit"": 0.9446, ""whole plant"": 0.9339, ""branch"": 0.9157, ""inflorescence"": 0.8783, ""flower"": 0.8196, ""twig"": 0.6976}",True,False,"[""leafless branches"", ""small white flowers"", ""dense flowering"", ""woody branches"", ""overcast sky"", ""winter or early spring""]","[""branch"", ""twig"", ""flower"", ""inflorescence"", ""winter habit"", ""whole plant""]",1.0,1.0,1.0,1.0
baskauf/31411,Amelanchier arborea,ind-baskauf/31399,bark / of a medium tree or large branch,bark,"[""bark"", ""large-tree bark"", ""trunk"", ""medium-tree or large-branch bark""]","{""bark"": 0.9876, ""large-tree bark"": 0.9657, ""trunk"": 0.9508, ""medium-tree or large-branch bark"": 0.8958}",True,True,"[""tree trunk"", ""lichen covered bark"", ""rough texture"", ""vertical view"", ""close-up bark"", ""gray and white tones""]","[""trunk"", ""bark"", ""large-tree bark""]",0.75,1.0,0.8571,0.75
baskauf/31412,Amelanchier arborea,ind-baskauf/31399,inflorescence / whole - unspecified,flower,"[""flower"", ""inflorescence"", ""flower close-up"", ""twig"", ""branch""]","{""flower"": 0.9748, ""inflorescence"": 0.9737, ""flower close-up"": 0.9616, ""twig"": 0.6833, ""branch"": 0.6646}",True,True,"[""delicate flowers"", ""woody branch"", ""dark background"", ""clustered blooms"", ""elongated petals"", ""subtle coloration""]","[""branch"", ""flower"", ""inflorescence"", ""twig"", ""flower close-up""]",1.0,1.0,1.0,1.0
baskauf/31418,Amelanchier arborea,ind-baskauf/31399,inflorescence / frontal view of flower,flower,"[""flower close-up"", ""flower"", ""inflorescence"", ""stem""]","{""flower close-up"": 0.9868, ""flower"": 0.9843, ""inflorescence"": 0.9732, ""stem"": 0.5982}",True,False,"[""delicate petals"", ""pale pink flowers"", ""fuzzy twig"", ""developing buds"", ""close-up floral detail"", ""early spring bloom""]","[""flower"", ""flower close-up"", ""bud"", ""twig"", ""inflorescence"", ""female reproductive structure""]",0.75,0.5,0.6,0.4286
baskauf/31421,Amelanchier arborea,ind-baskauf/31399,inflorescence / frontal view of flower,flower,"[""flower"", ""flower close-up"", ""inflorescence""]","{""flower"": 0.9822, ""flower close-up"": 0.9778, ""inflorescence"": 0.976}",True,True,"[""pale pink flowers"", ""cluster of flowers"", ""woody twig"", ""green flower parts"", ""close-up view"", ""dark background""]","[""flower"", ""inflorescence"", ""twig"", ""flower close-up"", ""flower interior""]",1.0,0.6,0.75,0.6
baskauf/31425,Amelanchier arborea,ind-baskauf/31399,inflorescence / lateral view of flower,flower,"[""flower close-up"", ""flower"", ""inflorescence"", ""bud"", ""stem"", ""twig""]","{""flower close-up"": 0.9808, ""flower"": 0.9741, ""inflorescence"": 0.9266, ""bud"": 0.781, ""stem"": 0.5714, ""twig"": 0.5661}",True,False,"[""delicate flowers"", ""woody twig"", ""emerging leaves"", ""fuzzy bud"", ""close-up view"", ""pink and white blossoms""]","[""twig"", ""bud"", ""flower"", ""flower close-up"", ""leaf"", ""leaf arrangement on twig""]",0.6667,0.6667,0.6667,0.5
baskauf/31426,Amelanchier arborea,ind-baskauf/31399,twig / close-up winter terminal bud,twig,"[""bud"", ""twig"", ""winter twig"", ""terminal bud"", ""leaf scar""]","{""bud"": 0.9834, ""twig"": 0.9821, ""winter twig"": 0.9814, ""terminal bud"": 0.881, ""leaf scar"": 0.8561}",True,False,"[""woody twig"", ""emerging bud"", ""pink bud"", ""dormant branch"", ""close-up view"", ""bud scales""]","[""twig"", ""bud"", ""winter twig"", ""terminal bud""]",0.8,1.0,0.8889,0.8
baskauf/31433,Populus deltoides,ind-baskauf/31433,inflorescence / whole - male,flower,"[""winter habit"", ""twig"", ""branch"", ""bud"", ""winter twig"", ""fruit borne on plant""]","{""winter habit"": 0.973, ""twig"": 0.9228, ""branch"": 0.8666, ""bud"": 0.8543, ""winter twig"": 0.7569, ""fruit borne on plant"": 0.7253}",False,False,"[""leafless branches"", ""red buds"", ""blue sky"", ""upward view"", ""winter branches"", ""early spring""]","[""branch"", ""twig"", ""bud"", ""winter habit"", ""view up trunk""]",0.6667,0.8,0.7273,0.5714
baskauf/31447,Populus deltoides,ind-baskauf/31433,inflorescence / whole - male,flower,"[""inflorescence"", ""male reproductive structure"", ""flower"", ""bud"", ""immature fruit"", ""fruit borne on plant"", ""twig"", ""fruit"", ""stem""]","{""inflorescence"": 0.9697, ""male reproductive structure"": 0.8806, ""flower"": 0.8162, ""bud"": 0.7737, ""immature fruit"": 0.7362, ""fruit borne on plant"": 0.7235, ""twig"": 0.6488, ""fruit"": 0.6344, ""stem"": 0.5458}",True,False,"[""red catkin"", ""elongated cluster"", ""woody branch"", ""dormant twig"", ""close-up view"", ""bud-like structures""]","[""twig"", ""bud"", ""inflorescence"", ""winter twig""]",0.3333,0.75,0.4615,0.3
baskauf/31453,Populus deltoides,ind-baskauf/31433,inflorescence / whole - male,flower,"[""inflorescence"", ""flower"", ""flower close-up"", ""fruit"", ""stem"", ""fruit borne on plant""]","{""inflorescence"": 0.947, ""flower"": 0.897, ""flower close-up"": 0.8601, ""fruit"": 0.8202, ""stem"": 0.6997, ""fruit borne on plant"": 0.6493}",True,False,"[""dense flower cluster"", ""elongated stem"", ""reddish flowers"", ""yellowish base"", ""close-up view"", ""dark background""]","[""stem"", ""flower"", ""inflorescence"", ""flower close-up""]",0.6667,1.0,0.8,0.6667
baskauf/31457,Populus deltoides,ind-baskauf/31457,inflorescence / whole - female,flower,"[""twig"", ""bud"", ""branch"", ""winter habit""]","{""twig"": 0.9571, ""bud"": 0.8953, ""branch"": 0.887, ""winter habit"": 0.7994}",False,False,"[""ascending branches"", ""catkins"", ""early spring"", ""leafless branches"", ""blue sky"", ""elongated inflorescences""]","[""branch"", ""twig"", ""inflorescence"", ""winter habit"", ""view up trunk""]",0.75,0.6,0.6667,0.5
baskauf/31459,Populus deltoides,ind-baskauf/31457,inflorescence / whole - female,flower,"[""flower"", ""flower close-up"", ""inflorescence"", ""stem""]","{""flower"": 0.9612, ""flower close-up"": 0.9573, ""inflorescence"": 0.9544, ""stem"": 0.5912}",True,True,"[""dense flower cluster"", ""small flowers"", ""greenish-white flowers"", ""vertical stem"", ""close-up view"", ""floral details""]","[""flower"", ""inflorescence"", ""flower close-up""]",0.75,1.0,0.8571,0.75
baskauf/31462,Populus deltoides,ind-baskauf/31457,inflorescence / whole - female,flower,"[""inflorescence"", ""flower"", ""flower close-up"", ""twig"", ""bud""]","{""inflorescence"": 0.9809, ""flower"": 0.9496, ""flower close-up"": 0.8807, ""twig"": 0.8627, ""bud"": 0.7347}",True,False,"[""hanging catkins"", ""elongated inflorescence"", ""early spring growth"", ""woody stem"", ""pale green flowers""]","[""twig"", ""inflorescence"", ""flower"", ""stem"", ""male reproductive structure""]",0.6,0.6,0.6,0.4286
baskauf/31464,Lindera benzoin,ind-baskauf/31464,inflorescence / lateral view of flower,flower,"[""bud"", ""twig"", ""inflorescence"", ""flower"", ""winter twig"", ""flower close-up"", ""branch""]","{""bud"": 0.9762, ""twig"": 0.9746, ""inflorescence"": 0.933, ""flower"": 0.9085, ""winter twig"": 0.828, ""flower close-up"": 0.7775, ""branch"": 0.567}",True,False,"[""green buds"", ""woody stem"", ""early spring"", ""close-up view"", ""small buds"", ""bud clusters""]","[""stem"", ""twig"", ""bud"", ""inflorescence"", ""flower"", ""flower close-up""]",0.7143,0.8333,0.7692,0.625
baskauf/31468,Populus deltoides,ind-baskauf/31433,inflorescence / whole - male,flower,"[""inflorescence"", ""flower"", ""flower close-up"", ""twig""]","{""inflorescence"": 0.9035, ""flower"": 0.8699, ""flower close-up"": 0.7468, ""twig"": 0.4997}",True,False,"[""yellow pollen"", ""hanging inflorescence"", ""stem in water"", ""close-up of flowers"", ""pollen spill""]","[""stem"", ""inflorescence"", ""flower"", ""flower close-up""]",0.75,0.75,0.75,0.6
baskauf/31637,Acer negundo,ind-baskauf/31636,inflorescence / whole - unspecified,flower,"[""twig"", ""winter habit"", ""stem"", ""bud"", ""inflorescence"", ""fruit borne on plant"", ""branch"", ""fruit""]","{""twig"": 0.9491, ""winter habit"": 0.9449, ""stem"": 0.7226, ""bud"": 0.7195, ""inflorescence"": 0.6966, ""fruit borne on plant"": 0.6915, ""branch"": 0.6691, ""fruit"": 0.5808}",False,False,"[""green stems"", ""early buds"", ""bare trees"", ""woodland scene"", ""dormant branches"", ""new growth""]","[""stem"", ""bud"", ""twig"", ""branch"", ""winter habit"", ""whole plant""]",0.625,0.8333,0.7143,0.5556
baskauf/31641,Acer negundo,ind-baskauf/31636,inflorescence / lateral view of flower,flower,"[""flower close-up"", ""flower"", ""immature fruit"", ""inflorescence"", ""stem"", ""bud"", ""fruit"", ""twig"", ""fruit borne on plant""]","{""flower close-up"": 0.9441, ""flower"": 0.9202, ""immature fruit"": 0.893, ""inflorescence"": 0.8853, ""stem"": 0.8595, ""bud"": 0.8305, ""fruit"": 0.8077, ""twig"": 0.7864, ""fruit borne on plant"": 0.6982}",True,False,"[""clustered structures"", ""green stem"", ""brown reproductive units"", ""close-up view"", ""dense arrangement""]","[""stem"", ""flower"", ""inflorescence"", ""flower close-up""]",0.4444,1.0,0.6154,0.4444
baskauf/31644,Acer negundo,ind-baskauf/31636,inflorescence / whole - unspecified,flower,"[""twig"", ""bud"", ""inflorescence"", ""stem"", ""flower"", ""flower close-up""]","{""twig"": 0.9406, ""bud"": 0.8954, ""inflorescence"": 0.8764, ""stem"": 0.8174, ""flower"": 0.8149, ""flower close-up"": 0.758}",True,False,"[""developing flower clusters"", ""green stem"", ""branching pattern"", ""immature fruit"", ""close-up view"", ""dark background""]","[""stem"", ""twig"", ""flower"", ""inflorescence"", ""fruit"", ""immature fruit"", ""flower close-up""]",0.8333,0.7143,0.7692,0.625
baskauf/31775,Pyrus calleryana,ind-baskauf/31257,leaf / whole upper surface,leaf,"[""leaf"", ""leaf upper surface"", ""twig"", ""leaf margin"", ""leaf arrangement on twig""]","{""leaf"": 0.9446, ""leaf upper surface"": 0.8434, ""twig"": 0.7705, ""leaf margin"": 0.7288, ""leaf arrangement on twig"": 0.6264}",True,True,"[""green leaves"", ""leaf veins"", ""close-up leaf"", ""leaf attachment"", ""woody stem"", ""bright green""]","[""leaf"", ""stem"", ""leaf upper surface"", ""leaf arrangement on twig"", ""petiole arrangement""]",0.6,0.6,0.6,0.4286
baskauf/31778,Pyrus calleryana,ind-baskauf/31257,leaf / margin of upper + lower surface,leaf,"[""leaf margin"", ""leaf upper surface"", ""leaf""]","{""leaf margin"": 0.8944, ""leaf upper surface"": 0.7934, ""leaf"": 0.6771}",True,False,"[""leaf edge"", ""leaf margin"", ""close-up"", ""green leaf"", ""serrated edge"", ""fine hairs"", ""detailed texture"", ""macro photography""]","[""leaf"", ""leaf margin"", ""leaf upper surface""]",1.0,1.0,1.0,1.0
baskauf/31780,Pyrus calleryana,ind-baskauf/31257,leaf / margin of upper + lower surface,leaf,"[""leaf margin"", ""leaf""]","{""leaf margin"": 0.7947, ""leaf"": 0.64}",True,False,"[""leaf edge"", ""leaf margin"", ""close-up view"", ""green leaf"", ""serrated edge"", ""detailed texture""]","[""leaf"", ""leaf margin"", ""leaf upper surface""]",1.0,0.6667,0.8,0.6667
baskauf/31911,Pyrus calleryana,ind-baskauf/31910,inflorescence / frontal view of flower,flower,"[""flower close-up"", ""flower"", ""flower interior"", ""inflorescence"", ""stem""]","{""flower close-up"": 0.9511, ""flower"": 0.9344, ""flower interior"": 0.8704, ""inflorescence"": 0.8673, ""stem"": 0.5398}",True,False,"[""white flowers"", ""flower cluster"", ""close-up view"", ""floral details"", ""green stems"", ""reproductive structures""]","[""flower"", ""inflorescence"", ""flower close-up"", ""flower interior"", ""stem"", ""female reproductive structure""]",1.0,0.8333,0.9091,0.8333
baskauf/31913,Pyrus calleryana,ind-baskauf/31910,inflorescence / lateral view of flower,flower,"[""flower close-up"", ""flower"", ""inflorescence"", ""stem""]","{""flower close-up"": 0.9587, ""flower"": 0.8745, ""inflorescence"": 0.7218, ""stem"": 0.5267}",True,False,"[""white flowers"", ""fuzzy stem"", ""close-up flowers"", ""budding flowers"", ""dark background""]","[""flower"", ""twig"", ""flower close-up"", ""bud"", ""stem""]",0.75,0.6,0.6667,0.5
baskauf/31916,Pyrus calleryana,ind-baskauf/31910,twig / orientation of petioles,twig,"[""bud"", ""twig"", ""leaf""]","{""bud"": 0.9721, ""twig"": 0.8802, ""leaf"": 0.4959}",True,False,"[""woody branch"", ""buds"", ""twig"", ""leaf attachment"", ""branching pattern"", ""close-up view""]","[""branch"", ""twig"", ""bud"", ""leaf arrangement on twig"", ""medium-tree or large-branch bark""]",0.6667,0.4,0.5,0.3333
baskauf/31917,Pyrus calleryana,ind-baskauf/31910,twig / orientation of petioles,twig,"[""flower"", ""flower close-up"", ""bud"", ""inflorescence"", ""twig"", ""branch""]","{""flower"": 0.9346, ""flower close-up"": 0.9321, ""bud"": 0.924, ""inflorescence"": 0.852, ""twig"": 0.7537, ""branch"": 0.748}",True,False,"[""woody branch"", ""terminal bud"", ""small branch"", ""bud scales"", ""blurred flowers"", ""branching pattern""]","[""branch"", ""twig"", ""bud"", ""terminal bud""]",0.5,0.75,0.6,0.4286
baskauf/31920,Pyrus calleryana,ind-baskauf/31910,bark / of a large tree,bark,"[""bark"", ""large-tree bark"", ""trunk""]","{""bark"": 0.9925, ""large-tree bark"": 0.9855, ""trunk"": 0.9841}",True,True,"[""rough bark"", ""tree trunk"", ""vertical view"", ""textured surface"", ""close-up bark"", ""lichen growth""]","[""trunk"", ""bark"", ""large-tree bark""]",1.0,1.0,1.0,1.0
baskauf/31922,Pyrus calleryana,ind-baskauf/31910,bark / of a small tree or small branch,bark,"[""bark"", ""medium-tree or large-branch bark"", ""large-tree bark"", ""trunk"", ""twig""]","{""bark"": 0.9786, ""medium-tree or large-branch bark"": 0.9262, ""large-tree bark"": 0.8903, ""trunk"": 0.8521, ""twig"": 0.5045}",True,True,"[""tree trunk"", ""rough bark"", ""branching pattern"", ""close-up bark"", ""textured surface"", ""wood detail""]","[""trunk"", ""bark"", ""branch"", ""medium-tree or large-branch bark""]",0.6,0.75,0.6667,0.5
baskauf/31926,Pyrus calleryana,ind-baskauf/31910,leaf / whole upper surface,leaf,"[""leaf"", ""leaf upper surface"", ""leaf margin"", ""leaf arrangement on twig""]","{""leaf"": 0.9641, ""leaf upper surface"": 0.9497, ""leaf margin"": 0.9222, ""leaf arrangement on twig"": 0.7913}",True,True,"[""green leaves"", ""leaf veins"", ""serrated edge"", ""close-up leaf"", ""bright green"", ""leaf texture""]","[""leaf"", ""leaf upper surface"", ""leaf margin""]",0.75,1.0,0.8571,0.75
baskauf/31980,Pyrus calleryana,ind-baskauf/31910,leaf / margin of upper + lower surface,leaf,"[""leaf margin"", ""leaf upper surface"", ""leaf""]","{""leaf margin"": 0.914, ""leaf upper surface"": 0.9033, ""leaf"": 0.6972}",True,False,"[""green leaf"", ""leaf veins"", ""serrated edge"", ""close-up view"", ""leaf texture"", ""detailed leaf""]","[""leaf"", ""leaf upper surface"", ""leaf margin"", ""leaf arrangement on twig""]",1.0,0.75,0.8571,0.75
baskauf/31981,Pyrus calleryana,ind-baskauf/31910,inflorescence / ventral view of flower + perianth,flower,"[""flower close-up"", ""flower interior"", ""flower"", ""stem""]","{""flower close-up"": 0.9667, ""flower interior"": 0.8903, ""flower"": 0.8666, ""stem"": 0.6173}",True,False,"[""hairy stem"", ""developing fruit"", ""white petals"", ""close-up view"", ""green calyx"", ""fuzzy texture""]","[""stem"", ""fruit"", ""immature fruit"", ""flower"", ""fruit borne on plant"", ""flower close-up""]",0.75,0.5,0.6,0.4286
baskauf/31991,Pyrus calleryana,ind-baskauf/31910,inflorescence / ventral view of flower + perianth,flower,"[""flower close-up"", ""flower"", ""inflorescence"", ""stem""]","{""flower close-up"": 0.9805, ""flower"": 0.9767, ""inflorescence"": 0.9307, ""stem"": 0.6145}",True,False,"[""green shoot"", ""small structures"", ""close-up view"", ""fuzzy texture"", ""developing growth"", ""floral bracts""]","[""twig"", ""bud"", ""flower"", ""flower close-up""]",0.5,0.5,0.5,0.3333
baskauf/31996,Pyrus calleryana,ind-baskauf/31910,inflorescence / lateral view of flower,flower,"[""flower close-up"", ""flower""]","{""flower close-up"": 0.8797, ""flower"": 0.8207}",True,False,"[""white flower buds"", ""green stem"", ""close-up view"", ""scale reference""]","[""flower"", ""bud"", ""stem"", ""flower close-up""]",1.0,0.5,0.6667,0.5
baskauf/32045,Pyrus calleryana,ind-baskauf/31910,whole tree (or vine) / general,whole plant,"[""whole plant"", ""inflorescence"", ""winter habit"", ""flower"", ""branch""]","{""whole plant"": 0.9125, ""inflorescence"": 0.8846, ""winter habit"": 0.8829, ""flower"": 0.8818, ""branch"": 0.7959}",True,True,"[""flowering tree"", ""white blossoms"", ""dense canopy"", ""branching pattern"", ""spring bloom"", ""woody stems"", ""full crown"", ""outdoor scene""]","[""whole plant"", ""branch"", ""flower"", ""inflorescence"", ""flower close-up""]",0.8,0.8,0.8,0.6667
baskauf/32123,Amelanchier arborea,ind-baskauf/32120,leaf / whole upper surface,leaf,"[""leaf"", ""leaf upper surface"", ""leaf margin"", ""leaf arrangement on twig"", ""twig""]","{""leaf"": 0.9456, ""leaf upper surface"": 0.8796, ""leaf margin"": 0.7703, ""leaf arrangement on twig"": 0.7067, ""twig"": 0.6359}",True,True,"[""green leaves"", ""leaf veins"", ""close-up leaf"", ""new growth"", ""ovate leaves"", ""leaf texture"", ""soft focus background""]","[""leaf"", ""leaf upper surface"", ""leaf arrangement on twig""]",0.6,1.0,0.75,0.6
baskauf/32173,Rhus aromatica,ind-baskauf/32172,inflorescence / unspecified,flower,"[""bud"", ""twig"", ""inflorescence"", ""winter twig"", ""stem""]","{""bud"": 0.9344, ""twig"": 0.8678, ""inflorescence"": 0.8309, ""winter twig"": 0.811, ""stem"": 0.6992}",False,False,"[""green buds"", ""woody stem"", ""clustered buds"", ""early spring"", ""close-up view"", ""bud arrangement""]","[""stem"", ""bud"", ""twig"", ""inflorescence"", ""flower"", ""flower close-up""]",0.8,0.6667,0.7273,0.5714
baskauf/32255,Rhus aromatica,ind-baskauf/32253,whole tree (or vine) / winter,whole plant,"[""winter habit"", ""branch"", ""twig"", ""whole plant"", ""stem""]","{""winter habit"": 0.895, ""branch"": 0.7597, ""twig"": 0.7288, ""whole plant"": 0.7249, ""stem"": 0.7069}",True,False,"[""leafless branches"", ""small twigs"", ""early spring growth"", ""yellowish flower buds"", ""ground vegetation"", ""low angle view""]","[""twig"", ""branch"", ""bud"", ""winter habit"", ""flower"", ""inflorescence""]",0.6,0.5,0.5455,0.375
baskauf/32257,Rhus aromatica,ind-baskauf/32253,inflorescence / whole - unspecified,flower,"[""flower"", ""inflorescence"", ""flower close-up"", ""stem"", ""bud"", ""twig""]","{""flower"": 0.9796, ""inflorescence"": 0.9772, ""flower close-up"": 0.9744, ""stem"": 0.7209, ""bud"": 0.7129, ""twig"": 0.5077}",True,True,"[""dense flower clusters"", ""small green flowers"", ""brown twig"", ""dark background"", ""close-up view"", ""early spring bloom""]","[""flower"", ""inflorescence"", ""twig"", ""flower close-up""]",0.6667,1.0,0.8,0.6667
baskauf/32478,Amelanchier arborea,ind-baskauf/32477,fruit / immature,fruit,"[""stem"", ""fruit"", ""flower close-up"", ""immature fruit"", ""fruit close-up"", ""fruit borne on plant"", ""flower""]","{""stem"": 0.9209, ""fruit"": 0.8945, ""flower close-up"": 0.8508, ""immature fruit"": 0.8406, ""fruit close-up"": 0.8205, ""fruit borne on plant"": 0.817, ""flower"": 0.8149}",True,False,"[""pinkish fruit"", ""fuzzy stem"", ""developing berries"", ""green leaves"", ""branching stem"", ""close-up view""]","[""stem"", ""twig"", ""fruit"", ""immature fruit"", ""leaf"", ""fruit borne on plant""]",0.5714,0.6667,0.6154,0.4444
baskauf/32481,Amelanchier arborea,ind-baskauf/32477,fruit / as borne on the plant,fruit,"[""inflorescence"", ""flower"", ""leaf"", ""stem"", ""flower close-up""]","{""inflorescence"": 0.8907, ""flower"": 0.8718, ""leaf"": 0.8594, ""stem"": 0.8434, ""flower close-up"": 0.8096}",False,False,"[""broad leaves"", ""pink flowers"", ""developing fruit"", ""green stem"", ""dark background"", ""close-up view""]","[""leaf"", ""flower"", ""fruit"", ""stem"", ""inflorescence"", ""fruit borne on plant"", ""flower close-up""]",1.0,0.7143,0.8333,0.7143
baskauf/32482,Amelanchier arborea,ind-baskauf/32477,leaf / whole upper surface,leaf,"[""leaf"", ""leaf upper surface"", ""leaf arrangement on twig"", ""twig"", ""stem""]","{""leaf"": 0.9385, ""leaf upper surface"": 0.917, ""leaf arrangement on twig"": 0.6876, ""twig"": 0.5938, ""stem"": 0.5371}",True,True,"[""broad leaves"", ""leaf underside"", ""leaf veins"", ""leaf margin"", ""reddish hues"", ""close-up view""]","[""leaf"", ""leaf upper surface"", ""leaf margin"", ""leaf arrangement on twig""]",0.6,0.75,0.6667,0.5
baskauf/32629,Pyrus calleryana,ind-baskauf/31910,leaf / showing orientation on twig,leaf,"[""leaf"", ""leaf upper surface"", ""leaf arrangement on twig"", ""twig"", ""stem""]","{""leaf"": 0.9319, ""leaf upper surface"": 0.7115, ""leaf arrangement on twig"": 0.6948, ""twig"": 0.6248, ""stem"": 0.5446}",True,True,"[""green leaves"", ""small branch"", ""white flowers"", ""leaf arrangement"", ""close-up view"", ""bright sunlight""]","[""leaf"", ""branch"", ""flower"", ""leaf arrangement on twig"", ""flower close-up""]",0.4,0.4,0.4,0.25
baskauf/32631,Pyrus calleryana,ind-baskauf/31910,leaf / whole upper surface,leaf,"[""leaf"", ""leaf upper surface"", ""leaf margin"", ""leaf arrangement on twig""]","{""leaf"": 0.9814, ""leaf upper surface"": 0.9419, ""leaf margin"": 0.8341, ""leaf arrangement on twig"": 0.8152}",True,True,"[""bright green leaves"", ""leaf veins"", ""close-up leaf"", ""serrated leaf edge"", ""leaf texture"", ""natural light""]","[""leaf"", ""leaf upper surface"", ""leaf margin""]",0.75,1.0,0.8571,0.75
baskauf/32633,Pyrus calleryana,ind-baskauf/31257,fruit / immature,fruit,"[""fruit borne on plant"", ""fruit"", ""immature fruit"", ""stem"", ""fruit close-up"", ""twig"", ""leaf""]","{""fruit borne on plant"": 0.9195, ""fruit"": 0.9123, ""immature fruit"": 0.907, ""stem"": 0.8662, ""fruit close-up"": 0.8266, ""twig"": 0.6183, ""leaf"": 0.5515}",True,False,"[""green stems"", ""developing fruit"", ""remnant flower parts"", ""broad leaves"", ""close-up view"", ""green background""]","[""stem"", ""fruit"", ""immature fruit"", ""leaf"", ""fruit borne on plant"", ""flower close-up""]",0.7143,0.8333,0.7692,0.625
baskauf/32634,Pyrus calleryana,ind-baskauf/31257,leaf / whole upper surface,leaf,"[""leaf"", ""leaf upper surface"", ""leaf margin"", ""twig"", ""leaf arrangement on twig""]","{""leaf"": 0.9593, ""leaf upper surface"": 0.9131, ""leaf margin"": 0.7428, ""twig"": 0.7184, ""leaf arrangement on twig"": 0.6193}",True,True,"[""bright green leaves"", ""heart-shaped leaves"", ""leaf veins"", ""leaf petiole"", ""close-up leaf"", ""dark background""]","[""leaf"", ""leaf upper surface"", ""petiole arrangement"", ""leaf margin""]",0.6,0.75,0.6667,0.5
baskauf/32748,Pyrus calleryana,ind-baskauf/31910,leaf / margin of upper + lower surface,leaf,"[""leaf margin"", ""leaf upper surface"", ""leaf""]","{""leaf margin"": 0.9714, ""leaf upper surface"": 0.9293, ""leaf"": 0.8799}",True,False,"[""serrated leaf edge"", ""leaf veins"", ""bright green leaf"", ""close-up leaf texture""]","[""leaf"", ""leaf margin"", ""leaf upper surface""]",1.0,1.0,1.0,1.0
baskauf/32752,Pyrus calleryana,ind-baskauf/31910,inflorescence / ventral view of flower + perianth,flower,"[""flower close-up"", ""flower"", ""inflorescence"", ""bud"", ""stem""]","{""flower close-up"": 0.9808, ""flower"": 0.9566, ""inflorescence"": 0.8862, ""bud"": 0.7349, ""stem"": 0.7256}",True,False,"[""elongated seed pods"", ""hairy stem"", ""developing fruit"", ""close-up view"", ""pale green stem"", ""dark brown seed pods""]","[""stem"", ""fruit"", ""immature fruit"", ""fruit close-up""]",0.2,0.25,0.2222,0.125
baskauf/32764,Pyrus calleryana,ind-baskauf/31910,leaf / margin of upper + lower surface,leaf,"[""leaf margin"", ""leaf upper surface"", ""leaf""]","{""leaf margin"": 0.9395, ""leaf upper surface"": 0.9042, ""leaf"": 0.8188}",True,False,"[""leaf edge"", ""serrated margin"", ""green leaf"", ""close-up view"", ""leaf texture"", ""detailed leaf""]","[""leaf"", ""leaf margin"", ""leaf upper surface""]",1.0,1.0,1.0,1.0
baskauf/32768,Pyrus calleryana,ind-baskauf/32766,leaf / margin of upper + lower surface,leaf,"[""leaf margin"", ""leaf upper surface"", ""leaf""]","{""leaf margin"": 0.8242, ""leaf upper surface"": 0.75, ""leaf"": 0.7163}",True,False,"[""leaf underside"", ""leaf veins"", ""close-up"", ""green leaf"", ""textured surface"", ""leaf margin"", ""small structures""]","[""leaf"", ""leaf upper surface"", ""leaf margin""]",1.0,1.0,1.0,1.0
baskauf/32770,Pyrus calleryana,ind-baskauf/32766,leaf / margin of upper + lower surface,leaf,"[""leaf margin"", ""leaf upper surface"", ""leaf""]","{""leaf margin"": 0.8923, ""leaf upper surface"": 0.8262, ""leaf"": 0.6244}",True,False,"[""leaf edge"", ""leaf margin"", ""serrated edge"", ""green leaf"", ""close-up"", ""detailed texture"", ""leaf teeth"", ""focal point""]","[""leaf"", ""leaf margin"", ""leaf upper surface""]",1.0,1.0,1.0,1.0
baskauf/32863,Fraxinus quadrangulata,ind-baskauf/32863,whole tree (or vine) / general,whole plant,"[""leaf"", ""leaf arrangement on twig"", ""stem""]","{""leaf"": 0.9903, ""leaf arrangement on twig"": 0.9174, ""stem"": 0.8688}",False,False,"[""compound leaves"", ""bright green foliage"", ""leaf arrangement"", ""forest floor"", ""three leaflets"", ""close-up leaves""]","[""leaf"", ""leaf arrangement on twig"", ""leaf upper surface""]",0.6667,0.6667,0.6667,0.5
baskauf/33644,Pyrus calleryana,ind-baskauf/31910,fruit / immature,fruit,"[""fruit borne on plant"", ""fruit"", ""leaf"", ""fruit close-up"", ""immature fruit"", ""stem""]","{""fruit borne on plant"": 0.8811, ""fruit"": 0.8443, ""leaf"": 0.8082, ""fruit close-up"": 0.7914, ""immature fruit"": 0.7903, ""stem"": 0.6548}",True,False,"[""green leaves"", ""small green fruit"", ""fuzzy stems"", ""close-up view"", ""developing fruit""]","[""leaf"", ""fruit"", ""stem"", ""twig"", ""immature fruit"", ""fruit borne on plant""]",0.8333,0.8333,0.8333,0.7143
baskauf/33646,Gymnocladus dioicus,ind-baskauf/24227,inflorescence / whole - unspecified,flower,"[""flower"", ""flower close-up"", ""leaf"", ""stem"", ""inflorescence"", ""twig""]","{""flower"": 0.8543, ""flower close-up"": 0.8401, ""leaf"": 0.8103, ""stem"": 0.7937, ""inflorescence"": 0.766, ""twig"": 0.5392}",True,True,"[""elongated flower buds"", ""green stems"", ""broad leaves"", ""light and shadow"", ""close-up view"", ""flower cluster""]","[""stem"", ""leaf"", ""flower"", ""inflorescence"", ""flower close-up""]",0.8333,1.0,0.9091,0.8333
baskauf/33649,Gymnocladus dioicus,ind-baskauf/24227,inflorescence / frontal view of flower,flower,"[""flower close-up"", ""flower"", ""inflorescence"", ""stem"", ""leaf""]","{""flower close-up"": 0.9581, ""flower"": 0.9123, ""inflorescence"": 0.8029, ""stem"": 0.7147, ""leaf"": 0.5207}",True,False,"[""pale flowers"", ""fuzzy texture"", ""branching stems"", ""close-up view"", ""green background"", ""elongated petals""]","[""flower"", ""stem"", ""flower close-up"", ""inflorescence""]",0.8,1.0,0.8889,0.8
baskauf/33651,Gymnocladus dioicus,ind-baskauf/24227,inflorescence / lateral view of flower,flower,"[""flower close-up"", ""flower"", ""inflorescence"", ""stem"", ""leaf""]","{""flower close-up"": 0.9746, ""flower"": 0.9372, ""inflorescence"": 0.8711, ""stem"": 0.7545, ""leaf"": 0.4865}",True,False,"[""delicate flowers"", ""elongated petals"", ""fuzzy texture"", ""branching stems"", ""close-up view"", ""pale green and brown""]","[""flower"", ""stem"", ""flower close-up"", ""lateral flower view""]",0.6,0.75,0.6667,0.5
baskauf/34159,Amelanchier arborea,ind-baskauf/34156,fruit / as borne on the plant,fruit,"[""fruit borne on plant"", ""leaf"", ""fruit"", ""stem"", ""branch"", ""twig""]","{""fruit borne on plant"": 0.9432, ""leaf"": 0.9341, ""fruit"": 0.9136, ""stem"": 0.8331, ""branch"": 0.6684, ""twig"": 0.6179}",True,False,"[""green leaves"", ""red fruit"", ""woody branch"", ""blurred background"", ""close-up view"", ""vibrant colors""]","[""branch"", ""leaf"", ""fruit"", ""fruit borne on plant"", ""immature fruit""]",0.6667,0.8,0.7273,0.5714
baskauf/34165,Amelanchier arborea,ind-baskauf/34156,fruit / lateral or general close-up,fruit,"[""fruit borne on plant"", ""fruit"", ""fruit close-up"", ""immature fruit"", ""stem""]","{""fruit borne on plant"": 0.9438, ""fruit"": 0.9344, ""fruit close-up"": 0.9094, ""immature fruit"": 0.8174, ""stem"": 0.7657}",True,False,"[""pink fruit"", ""green leaf"", ""small branch"", ""close-up fruit"", ""star-shaped calyx""]","[""fruit"", ""leaf"", ""branch"", ""fruit close-up"", ""fruit borne on plant""]",0.6,0.6,0.6,0.4286
baskauf/34172,Toxicodendron radicans,ind-baskauf/34170,inflorescence / whole - unspecified,flower,"[""flower"", ""flower close-up"", ""inflorescence"", ""stem"", ""bud"", ""twig""]","{""flower"": 0.9704, ""flower close-up"": 0.9656, ""inflorescence"": 0.9494, ""stem"": 0.9219, ""bud"": 0.8361, ""twig"": 0.7015}",True,True,"[""small flowers"", ""green stem"", ""woody branch"", ""close-up view"", ""clustered flowers"", ""dark background""]","[""stem"", ""branch"", ""flower"", ""inflorescence"", ""flower close-up""]",0.6667,0.8,0.7273,0.5714
baskauf/34216,Pinus strobus,ind-baskauf/34215,cone / male,cone,"[""needle"", ""cone"", ""twig"", ""branch""]","{""needle"": 0.958, ""cone"": 0.8831, ""twig"": 0.7725, ""branch"": 0.692}",True,False,"[""needle-like leaves"", ""immature cones"", ""dense foliage"", ""green needles"", ""branching pattern"", ""conifer foliage""]","[""needle"", ""branch"", ""cone"", ""immature fruit"", ""fruit borne on plant""]",0.75,0.6,0.6667,0.5
baskauf/34219,Pinus strobus,ind-baskauf/34215,cone / male,cone,"[""needle"", ""cone"", ""immature fruit"", ""fruit borne on plant"", ""fruit close-up"", ""fruit"", ""twig"", ""inflorescence""]","{""needle"": 0.9553, ""cone"": 0.9262, ""immature fruit"": 0.7808, ""fruit borne on plant"": 0.7622, ""fruit close-up"": 0.7471, ""fruit"": 0.7224, ""twig"": 0.7203, ""inflorescence"": 0.7188}",True,False,"[""clustered reproductive structures"", ""small buds"", ""green shoot"", ""close-up view"", ""pale coloration"", ""conical shape""]","[""inflorescence"", ""bud"", ""twig"", ""flower close-up"", ""male reproductive structure""]",0.25,0.4,0.3077,0.1818
baskauf/34222,Pinus strobus,ind-baskauf/34215,cone / female - receptive,cone,"[""twig"", ""inflorescence"", ""bud"", ""immature fruit"", ""needle"", ""stem"", ""fruit borne on plant""]","{""twig"": 0.7884, ""inflorescence"": 0.7542, ""bud"": 0.7298, ""immature fruit"": 0.7082, ""needle"": 0.701, ""stem"": 0.6845, ""fruit borne on plant"": 0.6027}",False,False,"[""pink flower spikes"", ""water droplets"", ""green stems"", ""close-up view"", ""dense flower cluster""]","[""flower"", ""inflorescence"", ""stem"", ""flower close-up""]",0.2857,0.5,0.3636,0.2222
baskauf/35163,Yucca filamentosa,ind-baskauf/35163,whole plant / in flower - general view,whole plant,"[""flower"", ""inflorescence"", ""whole plant"", ""flower close-up""]","{""flower"": 0.9036, ""inflorescence"": 0.8358, ""whole plant"": 0.767, ""flower close-up"": 0.7042}",True,False,"[""tall flower spike"", ""white flowers"", ""basal leaves"", ""herbaceous stem"", ""grassland habitat"", ""dense inflorescence""]","[""whole plant"", ""stem"", ""leaf"", ""flower"", ""inflorescence"", ""fruit borne on plant""]",0.75,0.5,0.6,0.4286
baskauf/35167,Yucca filamentosa,ind-baskauf/35163,inflorescence / whole - unspecified,flower,"[""flower"", ""flower close-up"", ""inflorescence"", ""stem"", ""twig""]","{""flower"": 0.8555, ""flower close-up"": 0.7454, ""inflorescence"": 0.7197, ""stem"": 0.6064, ""twig"": 0.4838}",True,True,"[""white flowers"", ""tall stem"", ""flower cluster"", ""green foliage"", ""outdoor view"", ""bright sunlight""]","[""stem"", ""flower"", ""inflorescence"", ""leaf"", ""flower close-up""]",0.8,0.8,0.8,0.6667
baskauf/35177,Yucca filamentosa,ind-baskauf/35163,inflorescence / lateral view of flower,flower,"[""flower close-up"", ""fruit""]","{""flower close-up"": 0.8649, ""fruit"": 0.7697}",False,False,"[""white petals"", ""close-up flower"", ""water droplets"", ""pale green stem"", ""partially open flower""]","[""flower"", ""flower close-up"", ""stem"", ""fruit"", ""immature fruit"", ""frontal flower view""]",1.0,0.3333,0.5,0.3333
baskauf/35180,Yucca filamentosa,ind-baskauf/35163,inflorescence / frontal view of flower,flower,"[""flower close-up"", ""flower"", ""flower interior"", ""inflorescence""]","{""flower close-up"": 0.9767, ""flower"": 0.9544, ""flower interior"": 0.9402, ""inflorescence"": 0.8382}",True,False,"[""white flower"", ""flower interior"", ""stamens"", ""pollen"", ""close-up"", ""floral details""]","[""flower"", ""flower close-up"", ""flower interior"", ""male reproductive structure""]",0.75,0.75,0.75,0.6
baskauf/35181,Yucca filamentosa,ind-baskauf/35163,stem / showing leaf bases,stem,"[""stem"", ""bud"", ""twig""]","{""stem"": 0.8632, ""bud"": 0.7743, ""twig"": 0.7011}",True,True,"[""green stem"", ""elongated structures"", ""pointed tips"", ""vertical orientation"", ""close-up view"", ""smooth surface""]","[""stem"", ""twig"", ""fruit"", ""immature fruit"", ""fruit borne on plant""]",0.6667,0.4,0.5,0.3333
baskauf/35184,Yucca filamentosa,ind-baskauf/35163,leaf / basal or on lower stem,leaf,"[""leaf""]","{""leaf"": 0.531}",True,True,"[""elongated leaves"", ""green foliage"", ""grass background"", ""upward pointing"", ""linear leaves"", ""dense growth""]","[""leaf"", ""stem"", ""leaf arrangement on twig""]",1.0,0.3333,0.5,0.3333
baskauf/35191,Quercus alba,ind-baskauf/35191,whole tree (or vine) / general,whole plant,"[""whole plant"", ""leaf"", ""branch"", ""trunk"", ""view up trunk""]","{""whole plant"": 0.9935, ""leaf"": 0.9418, ""branch"": 0.927, ""trunk"": 0.917, ""view up trunk"": 0.7807}",True,True,"[""green foliage"", ""tree form"", ""dense canopy"", ""vertical trunk"", ""leafy branches"", ""outdoor scene""]","[""whole plant"", ""trunk"", ""branch"", ""leaf""]",0.8,1.0,0.8889,0.8
baskauf/35214,Cornus amomum,ind-baskauf/35213,whole tree (or vine) / general,whole plant,"[""whole plant"", ""leaf"", ""flower"", ""branch"", ""inflorescence"", ""trunk"", ""stem""]","{""whole plant"": 0.9684, ""leaf"": 0.9124, ""flower"": 0.8842, ""branch"": 0.7957, ""inflorescence"": 0.6755, ""trunk"": 0.6464, ""stem"": 0.5834}",True,True,"[""dense flowering shrub"", ""many small white flowers"", ""numerous stems"", ""green foliage"", ""natural habitat"", ""outdoor scene""]","[""whole plant"", ""stem"", ""flower"", ""inflorescence"", ""leaf""]",0.7143,1.0,0.8333,0.7143
baskauf/35216,Cornus amomum,ind-baskauf/35213,inflorescence / whole - unspecified,flower,"[""inflorescence"", ""flower"", ""flower close-up"", ""stem"", ""leaf""]","{""inflorescence"": 0.9899, ""flower"": 0.9892, ""flower close-up"": 0.9868, ""stem"": 0.5965, ""leaf"": 0.5738}",True,False,"[""white flowers"", ""dense cluster"", ""small flowers"", ""star-shaped flowers"", ""green foliage"", ""close-up view"", ""floral arrangement""]","[""flower"", ""inflorescence"", ""flower close-up"", ""flower interior""]",0.6,0.75,0.6667,0.5
baskauf/35218,Cornus amomum,ind-baskauf/35213,inflorescence / lateral view of flower,flower,"[""flower close-up"", ""flower"", ""inflorescence"", ""stem"", ""leaf""]","{""flower close-up"": 0.9921, ""flower"": 0.9884, ""inflorescence"": 0.9793, ""stem"": 0.8212, ""leaf"": 0.7738}",True,False,"[""white flowers"", ""clustered blooms"", ""green stem"", ""rounded leaves"", ""close-up view"", ""soft focus background""]","[""flower"", ""inflorescence"", ""stem"", ""leaf"", ""flower close-up""]",1.0,1.0,1.0,1.0
baskauf/35219,Cornus amomum,ind-baskauf/35213,leaf / whole upper surface,leaf,"[""flower"", ""inflorescence"", ""leaf"", ""flower close-up"", ""stem""]","{""flower"": 0.9762, ""inflorescence"": 0.9625, ""leaf"": 0.949, ""flower close-up"": 0.9428, ""stem"": 0.8132}",True,False,"[""bright green leaf"", ""veined leaf"", ""slender twig"", ""small white flowers"", ""close-up leaf"", ""water droplets""]","[""leaf"", ""twig"", ""flower"", ""leaf upper surface"", ""inflorescence""]",0.6,0.6,0.6,0.4286
baskauf/35221,Cornus amomum,ind-baskauf/35213,twig / orientation of petioles,twig,"[""flower"", ""flower close-up"", ""inflorescence"", ""stem"", ""leaf""]","{""flower"": 0.9848, ""flower close-up"": 0.9824, ""inflorescence"": 0.9685, ""stem"": 0.8307, ""leaf"": 0.8223}",False,False,"[""green twig"", ""opposite leaves"", ""white flowers"", ""close-up view"", ""smooth stem"", ""leaf attachment""]","[""twig"", ""leaf"", ""flower"", ""inflorescence"", ""stem"", ""leaf arrangement on twig"", ""petiole arrangement""]",0.8,0.5714,0.6667,0.5
baskauf/35224,Cornus amomum,ind-baskauf/35213,inflorescence / frontal view of flower,flower,"[""flower close-up"", ""flower"", ""inflorescence"", ""flower interior"", ""stem"", ""leaf""]","{""flower close-up"": 0.9937, ""flower"": 0.9919, ""inflorescence"": 0.9897, ""flower interior"": 0.8702, ""stem"": 0.5846, ""leaf"": 0.5091}",True,False,"[""dense flower cluster"", ""small white flowers"", ""green leaf"", ""close-up view"", ""round flower head""]","[""flower"", ""inflorescence"", ""leaf"", ""flower close-up""]",0.6667,1.0,0.8,0.6667
baskauf/35249,Castanea dentata,ind-baskauf/30720,inflorescence / whole - unspecified,flower,"[""leaf"", ""inflorescence"", ""flower"", ""immature fruit"", ""stem"", ""twig""]","{""leaf"": 0.9315, ""inflorescence"": 0.924, ""flower"": 0.7228, ""immature fruit"": 0.6891, ""stem"": 0.6438, ""twig"": 0.5716}",True,False,"[""green leaves"", ""elongated flower clusters"", ""woody stem"", ""close-up view"", ""dense foliage"", ""light green flowers""]","[""leaf"", ""stem"", ""inflorescence"", ""flower"", ""flower close-up""]",0.6667,0.8,0.7273,0.5714
baskauf/35251,Castanea dentata,ind-baskauf/30720,inflorescence / lateral view of flower,flower,"[""inflorescence"", ""stem"", ""flower"", ""flower close-up"", ""immature fruit"", ""twig""]","{""inflorescence"": 0.9083, ""stem"": 0.8756, ""flower"": 0.8745, ""flower close-up"": 0.7802, ""immature fruit"": 0.6996, ""twig"": 0.6389}",True,False,"[""green stem"", ""small round fruits"", ""dense clusters"", ""smooth stem"", ""bright green"", ""close-up view"", ""leafy background"", ""elongated structure""]","[""stem"", ""fruit"", ""inflorescence"", ""fruit borne on plant"", ""fruit close-up"", ""leaf""]",0.3333,0.3333,0.3333,0.2
baskauf/35272,Viburnum opulus,ind-baskauf/30777,whole tree (or vine) / general,whole plant,"[""leaf"", ""branch"", ""leaf arrangement on twig"", ""whole plant"", ""twig"", ""stem""]","{""leaf"": 0.9812, ""branch"": 0.9227, ""leaf arrangement on twig"": 0.8865, ""whole plant"": 0.8665, ""twig"": 0.7257, ""stem"": 0.6472}",True,False,"[""lush foliage"", ""green leaves"", ""woody branches"", ""dense growth"", ""bright light"", ""natural setting""]","[""whole plant"", ""branch"", ""leaf"", ""twig"", ""leaf arrangement on twig""]",0.8333,1.0,0.9091,0.8333
baskauf/35278,Viburnum opulus,ind-baskauf/30777,leaf / showing orientation on twig,leaf,"[""leaf"", ""leaf arrangement on twig"", ""leaf upper surface"", ""stem"", ""twig""]","{""leaf"": 0.9804, ""leaf arrangement on twig"": 0.9513, ""leaf upper surface"": 0.8728, ""stem"": 0.8423, ""twig"": 0.5652}",True,True,"[""green leaves"", ""palmate venation"", ""reddish stem"", ""leaf arrangement"", ""close-up leaves"", ""dark background""]","[""leaf"", ""stem"", ""leaf arrangement on twig"", ""leaf upper surface""]",0.8,1.0,0.8889,0.8
baskauf/35282,Viburnum opulus,ind-baskauf/30777,leaf / whole upper surface,leaf,"[""leaf"", ""leaf arrangement on twig"", ""leaf upper surface"", ""stem"", ""twig""]","{""leaf"": 0.9822, ""leaf arrangement on twig"": 0.8925, ""leaf upper surface"": 0.8883, ""stem"": 0.7863, ""twig"": 0.7144}",True,True,"[""bright green leaf"", ""lobed leaf"", ""smooth stem"", ""leaf veins"", ""close-up leaf"", ""angled stem""]","[""leaf"", ""stem"", ""leaf upper surface""]",0.6,1.0,0.75,0.6
baskauf/35283,Viburnum opulus,ind-baskauf/30777,leaf / margin of upper + lower surface,leaf,"[""leaf upper surface"", ""leaf"", ""leaf margin""]","{""leaf upper surface"": 0.9931, ""leaf"": 0.9902, ""leaf margin"": 0.9815}",True,False,"[""green leaves"", ""leaf veins"", ""close-up"", ""leaf texture"", ""bright green"", ""overlapping leaves""]","[""leaf"", ""leaf upper surface"", ""leaf margin""]",1.0,1.0,1.0,1.0
baskauf/35284,Viburnum opulus,ind-baskauf/30777,fruit / immature,fruit,"[""stem"", ""fruit"", ""fruit borne on plant"", ""immature fruit"", ""fruit close-up"", ""leaf""]","{""stem"": 0.9078, ""fruit"": 0.8743, ""fruit borne on plant"": 0.8498, ""immature fruit"": 0.8209, ""fruit close-up"": 0.8024, ""leaf"": 0.7426}",True,False,"[""green fruit"", ""leaf veins"", ""developing fruit"", ""green leaves"", ""stem"", ""close-up""]","[""leaf"", ""fruit"", ""immature fruit"", ""stem"", ""fruit borne on plant"", ""fruit close-up""]",1.0,1.0,1.0,1.0
baskauf/35290,Prunus virginiana,ind-baskauf/35287,whole tree (or vine) / general,whole plant,"[""leaf"", ""whole plant"", ""branch"", ""stem"", ""leaf arrangement on twig"", ""fruit borne on plant"", ""fruit"", ""twig""]","{""leaf"": 0.9811, ""whole plant"": 0.9361, ""branch"": 0.8681, ""stem"": 0.7555, ""leaf arrangement on twig"": 0.6895, ""fruit borne on plant"": 0.6672, ""fruit"": 0.652, ""twig"": 0.634}",True,False,"[""green foliage"", ""multiple stems"", ""dense shrub"", ""leafy branches"", ""small developing fruit"", ""vertical stems""]","[""stem"", ""leaf"", ""fruit"", ""immature fruit"", ""whole plant""]",0.5,0.8,0.6154,0.4444
baskauf/35296,Prunus virginiana,ind-baskauf/35287,fruit / as borne on the plant,fruit,"[""leaf"", ""fruit borne on plant"", ""fruit"", ""stem"", ""immature fruit""]","{""leaf"": 0.9519, ""fruit borne on plant"": 0.891, ""fruit"": 0.8816, ""stem"": 0.8816, ""immature fruit"": 0.6596}",True,False,"[""green leaves"", ""round fruit"", ""woody stem"", ""dark background"", ""leaf veins"", ""clustered fruit""]","[""leaf"", ""stem"", ""fruit"", ""fruit borne on plant"", ""immature fruit""]",1.0,1.0,1.0,1.0
baskauf/35299,Prunus virginiana,ind-baskauf/35287,fruit / immature,fruit,"[""fruit"", ""fruit close-up"", ""fruit borne on plant"", ""stem"", ""leaf"", ""immature fruit""]","{""fruit"": 0.9194, ""fruit close-up"": 0.8962, ""fruit borne on plant"": 0.8808, ""stem"": 0.7611, ""leaf"": 0.7205, ""immature fruit"": 0.6851}",True,True,"[""green fruit"", ""hanging fruit"", ""green stem"", ""close-up fruit"", ""smooth fruit"", ""partially visible leaves""]","[""fruit"", ""stem"", ""fruit close-up"", ""immature fruit"", ""fruit borne on plant""]",0.8333,1.0,0.9091,0.8333
baskauf/35302,Prunus virginiana,ind-baskauf/35287,leaf / whole upper surface,leaf,"[""leaf"", ""leaf upper surface"", ""leaf margin"", ""leaf arrangement on twig""]","{""leaf"": 0.9896, ""leaf upper surface"": 0.9659, ""leaf margin"": 0.9065, ""leaf arrangement on twig"": 0.7544}",True,True,"[""green leaves"", ""leaf veins"", ""close-up leaf"", ""leaf texture"", ""broadleaf"", ""plant foliage""]","[""leaf"", ""leaf upper surface"", ""leaf margin"", ""leaf arrangement on twig""]",1.0,1.0,1.0,1.0
baskauf/35303,Prunus virginiana,ind-baskauf/35287,twig / orientation of petioles,twig,"[""leaf"", ""leaf arrangement on twig"", ""stem"", ""twig""]","{""leaf"": 0.9704, ""leaf arrangement on twig"": 0.8788, ""stem"": 0.8329, ""twig"": 0.8098}",True,False,"[""green leaves"", ""reddish stem"", ""thorny twig"", ""leaf attachment"", ""close-up view"", ""serrated leaf edge""]","[""leaf"", ""stem"", ""twig"", ""leaf arrangement on twig"", ""leaf margin""]",1.0,0.8,0.8889,0.8
baskauf/35305,Prunus virginiana,ind-baskauf/35287,twig / orientation of petioles,twig,"[""twig"", ""bud"", ""stem"", ""leaf"", ""leaf arrangement on twig""]","{""twig"": 0.9058, ""bud"": 0.8412, ""stem"": 0.8305, ""leaf"": 0.7186, ""leaf arrangement on twig"": 0.7091}",True,True,"[""woody stem"", ""leafy twig"", ""lenticels"", ""green leaves"", ""branching pattern"", ""close-up view""]","[""stem"", ""twig"", ""leaf"", ""leaf arrangement on twig"", ""branch"", ""leaf scar""]",0.8,0.6667,0.7273,0.5714
baskauf/35306,Prunus virginiana,ind-baskauf/35287,bark / of a small tree or small branch,bark,"[""bark"", ""medium-tree or large-branch bark"", ""bud"", ""trunk""]","{""bark"": 0.9339, ""medium-tree or large-branch bark"": 0.9069, ""bud"": 0.8257, ""trunk"": 0.5807}",True,True,"[""gray bark"", ""small branch"", ""buds"", ""twig"", ""vertical view"", ""close-up bark""]","[""trunk"", ""bark"", ""branch"", ""twig"", ""bud"", ""medium-tree or large-branch bark""]",1.0,0.6667,0.8,0.6667
baskauf/35318,Cornus sericea,ind-baskauf/35309,whole tree (or vine) / general,whole plant,"[""leaf"", ""whole plant"", ""stem"", ""branch"", ""leaf arrangement on twig""]","{""leaf"": 0.955, ""whole plant"": 0.9257, ""stem"": 0.8986, ""branch"": 0.7918, ""leaf arrangement on twig"": 0.7007}",True,False,"[""green stems"", ""multiple stems"", ""broad leaves"", ""leaf arrangement"", ""woody stems"", ""dense foliage"", ""upward view"", ""vertical stems""]","[""stem"", ""twig"", ""leaf"", ""leaf arrangement on twig"", ""whole plant""]",0.8,0.8,0.8,0.6667
baskauf/35319,Cornus sericea,ind-baskauf/35309,leaf / showing orientation on twig,leaf,"[""leaf"", ""stem"", ""leaf upper surface"", ""leaf arrangement on twig""]","{""leaf"": 0.9735, ""stem"": 0.8226, ""leaf upper surface"": 0.7926, ""leaf arrangement on twig"": 0.6928}",True,True,"[""green leaves"", ""red stems"", ""leaf veins"", ""close-up leaves"", ""branching stems"", ""natural light""]","[""leaf"", ""stem"", ""twig"", ""leaf arrangement on twig"", ""leaf upper surface""]",1.0,0.8,0.8889,0.8
baskauf/35324,Cornus sericea,ind-baskauf/35309,leaf / whole upper surface,leaf,"[""leaf"", ""leaf upper surface"", ""leaf margin"", ""stem""]","{""leaf"": 0.9754, ""leaf upper surface"": 0.9157, ""leaf margin"": 0.8075, ""stem"": 0.7259}",True,True,"[""green leaf"", ""leaf veins"", ""close-up leaf"", ""leaf texture"", ""smooth leaf margin"", ""brightly lit leaf""]","[""leaf"", ""leaf upper surface"", ""leaf margin""]",0.75,1.0,0.8571,0.75
baskauf/35326,Cornus sericea,ind-baskauf/35309,twig / orientation of petioles,twig,"[""stem"", ""bud"", ""leaf scar"", ""twig"", ""winter twig"", ""branch"", ""leaf""]","{""stem"": 0.9461, ""bud"": 0.9275, ""leaf scar"": 0.8858, ""twig"": 0.837, ""winter twig"": 0.7882, ""branch"": 0.6218, ""leaf"": 0.4653}",True,False,"[""green stem"", ""bud cluster"", ""twig junction"", ""close-up view"", ""smooth stem""]","[""stem"", ""twig"", ""bud"", ""leaf arrangement on twig""]",0.4286,0.75,0.5455,0.375
baskauf/35364,Ilex verticillata,ind-baskauf/35363,whole tree (or vine) / general,whole plant,"[""whole plant"", ""leaf"", ""branch"", ""trunk"", ""stem""]","{""whole plant"": 0.9858, ""leaf"": 0.9688, ""branch"": 0.943, ""trunk"": 0.818, ""stem"": 0.6736}",True,True,"[""green leaves"", ""woody stem"", ""dense foliage"", ""sunlit leaves"", ""vertical composition"", ""forest understory"", ""multiple stems"", ""branching pattern""]","[""stem"", ""leaf"", ""branch"", ""twig"", ""leaf arrangement on twig""]",0.6,0.6,0.6,0.4286
baskauf/35368,Ilex verticillata,ind-baskauf/35363,leaf / showing orientation on twig,leaf,"[""leaf"", ""leaf arrangement on twig"", ""stem""]","{""leaf"": 0.9815, ""leaf arrangement on twig"": 0.9328, ""stem"": 0.8296}",True,True,"[""green leaves"", ""compound leaf"", ""slender twig"", ""leaf arrangement"", ""leaf veins"", ""light and shadow""]","[""leaf"", ""twig"", ""leaf arrangement on twig"", ""leaf upper surface""]",0.6667,0.5,0.5714,0.4
baskauf/35369,Ilex verticillata,ind-baskauf/35363,leaf / whole upper surface,leaf,"[""leaf"", ""leaf arrangement on twig"", ""leaf upper surface"", ""stem""]","{""leaf"": 0.9538, ""leaf arrangement on twig"": 0.8311, ""leaf upper surface"": 0.7773, ""stem"": 0.6422}",True,True,"[""bright green leaves"", ""elongated leaves"", ""small round fruit"", ""woody stem"", ""close-up view"", ""leaf veins""]","[""leaf"", ""stem"", ""fruit"", ""immature fruit"", ""fruit borne on plant"", ""leaf upper surface""]",0.75,0.5,0.6,0.4286
baskauf/35372,Ilex verticillata,ind-baskauf/35363,twig / orientation of petioles,twig,"[""bud"", ""stem"", ""leaf"", ""leaf arrangement on twig"", ""twig""]","{""bud"": 0.8447, ""stem"": 0.8386, ""leaf"": 0.8196, ""leaf arrangement on twig"": 0.6989, ""twig"": 0.6556}",True,False,"[""green leaves"", ""woody stem"", ""small buds"", ""opposite leaves"", ""close-up view"", ""plant detail""]","[""leaf"", ""stem"", ""bud"", ""leaf arrangement on twig""]",0.8,1.0,0.8889,0.8
baskauf/35376,Ilex verticillata,ind-baskauf/35374,twig / orientation of petioles,twig,"[""stem"", ""leaf"", ""inflorescence"", ""flower"", ""immature fruit"", ""fruit"", ""fruit borne on plant""]","{""stem"": 0.8557, ""leaf"": 0.7404, ""inflorescence"": 0.74, ""flower"": 0.7077, ""immature fruit"": 0.6897, ""fruit"": 0.6851, ""fruit borne on plant"": 0.5841}",False,False,"[""green berries"", ""clustered fruit"", ""broad leaves"", ""green stem"", ""close-up view"", ""dense clusters""]","[""leaf"", ""stem"", ""fruit"", ""fruit borne on plant"", ""fruit close-up"", ""immature fruit""]",0.7143,0.8333,0.7692,0.625
baskauf/35419,Populus grandidentata,ind-baskauf/35417,whole tree (or vine) / general,whole plant,"[""whole plant"", ""leaf"", ""branch"", ""view up trunk"", ""trunk""]","{""whole plant"": 0.9956, ""leaf"": 0.9675, ""branch"": 0.9605, ""view up trunk"": 0.951, ""trunk"": 0.8209}",True,True,"[""dense foliage"", ""green leaves"", ""multiple trunks"", ""upward view"", ""tree canopy"", ""bright sky""]","[""whole plant"", ""trunk"", ""leaf"", ""view up trunk""]",0.8,1.0,0.8889,0.8
baskauf/35422,Populus grandidentata,ind-baskauf/35417,bark / of a large tree,bark,"[""bark"", ""trunk"", ""large-tree bark"", ""medium-tree or large-branch bark""]","{""bark"": 0.9845, ""trunk"": 0.929, ""large-tree bark"": 0.9004, ""medium-tree or large-branch bark"": 0.862}",True,True,"[""tree trunk"", ""smooth bark"", ""vertical lines"", ""close-up bark"", ""natural texture"", ""daylight""]","[""trunk"", ""bark"", ""large-tree bark""]",0.75,1.0,0.8571,0.75
baskauf/35425,Populus grandidentata,ind-baskauf/35417,leaf / showing orientation on twig,leaf,"[""leaf"", ""leaf upper surface"", ""leaf arrangement on twig"", ""stem""]","{""leaf"": 0.9765, ""leaf upper surface"": 0.8314, ""leaf arrangement on twig"": 0.7712, ""stem"": 0.5776}",True,True,"[""green leaves"", ""broadleaf"", ""leaf veins"", ""dark background"", ""leaf arrangement"", ""twig""]","[""leaf"", ""leaf upper surface"", ""twig"", ""leaf arrangement on twig""]",0.75,0.75,0.75,0.6
baskauf/35429,Populus grandidentata,ind-baskauf/35417,leaf / whole upper surface,leaf,"[""leaf"", ""leaf upper surface"", ""leaf margin"", ""leaf arrangement on twig""]","{""leaf"": 0.9789, ""leaf upper surface"": 0.9266, ""leaf margin"": 0.7616, ""leaf arrangement on twig"": 0.7032}",True,True,"[""bright green leaf"", ""serrated leaf edge"", ""leaf veins"", ""close-up leaf"", ""dark background"", ""leaf upper surface""]","[""leaf"", ""leaf upper surface"", ""leaf margin""]",0.75,1.0,0.8571,0.75
baskauf/35432,Populus grandidentata,ind-baskauf/35417,twig / orientation of petioles,twig,"[""stem"", ""leaf"", ""twig"", ""leaf arrangement on twig"", ""bud"", ""petiole arrangement""]","{""stem"": 0.886, ""leaf"": 0.8849, ""twig"": 0.8772, ""leaf arrangement on twig"": 0.8719, ""bud"": 0.8664, ""petiole arrangement"": 0.8555}",True,False,"[""green twigs"", ""broad leaves"", ""branching pattern"", ""leaf veins"", ""close-up view""]","[""twig"", ""leaf"", ""branch"", ""leaf arrangement on twig""]",0.5,0.75,0.6,0.4286
baskauf/35435,Populus grandidentata,ind-baskauf/35417,leaf / unspecified,leaf,"[""leaf"", ""leaf upper surface"", ""petiole arrangement"", ""leaf margin"", ""leaf arrangement on twig"", ""stem""]","{""leaf"": 0.9856, ""leaf upper surface"": 0.9231, ""petiole arrangement"": 0.9141, ""leaf margin"": 0.8214, ""leaf arrangement on twig"": 0.812, ""stem"": 0.6509}",True,True,"[""green stem"", ""broad leaf"", ""leaf veins"", ""leaf base"", ""close-up view"", ""bright light""]","[""stem"", ""leaf"", ""leaf upper surface"", ""petiole arrangement""]",0.6667,1.0,0.8,0.6667
baskauf/35439,Celtis occidentalis,ind-baskauf/30984,whole tree (or vine) / general,whole plant,"[""whole plant"", ""branch"", ""view up trunk"", ""trunk"", ""leaf""]","{""whole plant"": 0.9936, ""branch"": 0.9662, ""view up trunk"": 0.9557, ""trunk"": 0.9552, ""leaf"": 0.935}",True,True,"[""full tree"", ""green foliage"", ""large branches"", ""trunk"", ""spreading crown"", ""leafy canopy"", ""daylight"", ""outdoor scene"", ""mature tree"", ""sky background""]","[""whole plant"", ""trunk"", ""branch"", ""leaf"", ""view up trunk""]",1.0,1.0,1.0,1.0
baskauf/35446,Celtis occidentalis,ind-baskauf/30984,fruit / immature,fruit,"[""fruit"", ""fruit close-up"", ""fruit borne on plant"", ""stem"", ""immature fruit"", ""leaf""]","{""fruit"": 0.9381, ""fruit close-up"": 0.9328, ""fruit borne on plant"": 0.9114, ""stem"": 0.82, ""immature fruit"": 0.7443, ""leaf"": 0.7101}",True,True,"[""green fruit"", ""green stems"", ""broad leaves"", ""close-up view"", ""dark background"", ""pendulous fruit""]","[""leaf"", ""stem"", ""fruit"", ""fruit borne on plant"", ""fruit close-up""]",0.8333,1.0,0.9091,0.8333
baskauf/35448,Celtis occidentalis,ind-baskauf/30984,leaf / whole upper surface,leaf,"[""leaf"", ""leaf upper surface"", ""leaf margin"", ""leaf arrangement on twig"", ""stem""]","{""leaf"": 0.9618, ""leaf upper surface"": 0.9569, ""leaf margin"": 0.8854, ""leaf arrangement on twig"": 0.856, ""stem"": 0.5858}",True,True,"[""green leaves"", ""leaf veins"", ""leaf texture"", ""close-up leaf"", ""serrated leaf edge"", ""leaf damage""]","[""leaf"", ""leaf upper surface"", ""leaf margin"", ""twig"", ""leaf arrangement on twig""]",0.8,0.8,0.8,0.6667
baskauf/35450,Celtis occidentalis,ind-baskauf/30984,leaf / margin of upper + lower surface,leaf,"[""leaf upper surface"", ""leaf"", ""leaf margin""]","{""leaf upper surface"": 0.9818, ""leaf"": 0.9776, ""leaf margin"": 0.9733}",True,False,"[""green leaves"", ""leaf veins"", ""leaf texture"", ""serrated edge"", ""close-up view"", ""detailed leaf surface""]","[""leaf"", ""leaf upper surface"", ""leaf margin"", ""leaf arrangement on twig""]",1.0,0.75,0.8571,0.75
baskauf/35627,Ilex verticillata,ind-baskauf/35627,inflorescence / whole - male,flower,"[""flower"", ""flower close-up"", ""inflorescence"", ""stem"", ""leaf""]","{""flower"": 0.9753, ""flower close-up"": 0.9479, ""inflorescence"": 0.933, ""stem"": 0.8158, ""leaf"": 0.6514}",True,True,"[""small white flowers"", ""green stem"", ""broad leaves"", ""flower cluster"", ""close-up view""]","[""stem"", ""leaf"", ""flower"", ""inflorescence"", ""flower close-up""]",1.0,1.0,1.0,1.0
baskauf/35633,Ilex verticillata,ind-baskauf/35627,inflorescence / frontal view of flower,flower,"[""flower"", ""flower close-up"", ""inflorescence"", ""leaf"", ""stem""]","{""flower"": 0.9595, ""flower close-up"": 0.9346, ""inflorescence"": 0.8967, ""leaf"": 0.7875, ""stem"": 0.7526}",True,True,"[""small stems"", ""white flowers"", ""green leaves"", ""flower cluster"", ""close-up view"", ""angled view""]","[""stem"", ""flower"", ""inflorescence"", ""flower close-up""]",0.8,1.0,0.8889,0.8
baskauf/35635,Ilex verticillata,ind-baskauf/35634,inflorescence / frontal view of flower,flower,"[""flower"", ""flower close-up"", ""inflorescence"", ""leaf"", ""stem""]","{""flower"": 0.9271, ""flower close-up"": 0.9062, ""inflorescence"": 0.8339, ""leaf"": 0.8162, ""stem"": 0.793}",True,True,"[""green leaves"", ""small white flowers"", ""clustered flowers"", ""green stem"", ""close-up view"", ""detailed texture""]","[""leaf"", ""flower"", ""inflorescence"", ""stem"", ""flower close-up""]",1.0,1.0,1.0,1.0
baskauf/35713,Zanthoxylum americanum,ind-baskauf/35706,whole tree (or vine) / general,whole plant,"[""leaf"", ""leaf arrangement on twig"", ""stem"", ""branch"", ""whole plant"", ""twig""]","{""leaf"": 0.9792, ""leaf arrangement on twig"": 0.8969, ""stem"": 0.8043, ""branch"": 0.8011, ""whole plant"": 0.7055, ""twig"": 0.6031}",True,False,"[""compound leaves"", ""green foliage"", ""woody stems"", ""dense growth"", ""leaf arrangement"", ""natural light""]","[""leaf"", ""stem"", ""twig"", ""leaf arrangement on twig""]",0.6667,1.0,0.8,0.6667
baskauf/35716,Zanthoxylum americanum,ind-baskauf/35706,leaf / showing orientation on twig,leaf,"[""leaf"", ""leaf arrangement on twig"", ""stem"", ""twig""]","{""leaf"": 0.9825, ""leaf arrangement on twig"": 0.9743, ""stem"": 0.8713, ""twig"": 0.5404}",True,True,"[""compound leaves"", ""green foliage"", ""woody vine"", ""leaf arrangement"", ""leaf margin"", ""tender stems""]","[""leaf"", ""stem"", ""twig"", ""leaf arrangement on twig"", ""leaf margin""]",1.0,0.8,0.8889,0.8
baskauf/35720,Zanthoxylum americanum,ind-baskauf/35706,leaf / whole upper surface,leaf,"[""leaf"", ""leaf arrangement on twig"", ""stem""]","{""leaf"": 0.9869, ""leaf arrangement on twig"": 0.9715, ""stem"": 0.8572}",True,True,"[""compound leaves"", ""green foliage"", ""thorny stem"", ""leaf arrangement"", ""leaf veins"", ""close-up view""]","[""leaf"", ""stem"", ""twig"", ""leaf arrangement on twig"", ""leaf upper surface""]",1.0,0.6,0.75,0.6
baskauf/35725,Zanthoxylum americanum,ind-baskauf/35706,leaf / margin of upper + lower surface,leaf,"[""leaf upper surface"", ""leaf"", ""leaf margin""]","{""leaf upper surface"": 0.9926, ""leaf"": 0.9761, ""leaf margin"": 0.976}",True,False,"[""green leaves"", ""leaf veins"", ""close-up"", ""leaf texture"", ""broadleaf"", ""leaf surface""]","[""leaf"", ""leaf upper surface"", ""leaf margin""]",1.0,1.0,1.0,1.0
baskauf/35726,Zanthoxylum americanum,ind-baskauf/35706,leaf / unspecified,leaf,"[""leaf"", ""leaf arrangement on twig"", ""stem"", ""leaf upper surface""]","{""leaf"": 0.985, ""leaf arrangement on twig"": 0.9146, ""stem"": 0.8549, ""leaf upper surface"": 0.8039}",True,True,"[""green stem"", ""thorn"", ""leaf edges"", ""close-up"", ""paired leaves"", ""smooth stem""]","[""stem"", ""leaf"", ""leaf arrangement on twig"", ""twig""]",0.75,0.75,0.75,0.6
baskauf/35728,Zanthoxylum americanum,ind-baskauf/35706,leaf / unspecified,leaf,"[""leaf"", ""leaf arrangement on twig"", ""leaf upper surface"", ""stem"", ""leaf margin""]","{""leaf"": 0.9902, ""leaf arrangement on twig"": 0.9239, ""leaf upper surface"": 0.919, ""stem"": 0.7329, ""leaf margin"": 0.7182}",True,True,"[""green leaves"", ""smooth stem"", ""leaf arrangement"", ""close-up view"", ""compound leaf"", ""bright light""]","[""leaf"", ""stem"", ""leaf arrangement on twig"", ""leaf upper surface""]",0.8,1.0,0.8889,0.8
baskauf/35729,Zanthoxylum americanum,ind-baskauf/35706,twig / orientation of petioles,twig,"[""stem"", ""twig"", ""leaf arrangement on twig"", ""leaf"", ""bud""]","{""stem"": 0.9484, ""twig"": 0.8558, ""leaf arrangement on twig"": 0.8161, ""leaf"": 0.7959, ""bud"": 0.7123}",True,False,"[""green stem"", ""leaf and stem"", ""close-up view"", ""thorny stem"", ""leaf veins"", ""bud cluster""]","[""stem"", ""leaf"", ""twig"", ""bud"", ""leaf arrangement on twig""]",1.0,1.0,1.0,1.0
baskauf/35731,Zanthoxylum americanum,ind-baskauf/35706,bark / of a small tree or small branch,bark,"[""bark"", ""medium-tree or large-branch bark"", ""twig"", ""stem""]","{""bark"": 0.9364, ""medium-tree or large-branch bark"": 0.8716, ""twig"": 0.7215, ""stem"": 0.6613}",True,True,"[""woody stem"", ""thorn"", ""bud"", ""rough bark"", ""close-up view""]","[""stem"", ""twig"", ""bud"", ""bark"", ""medium-tree or large-branch bark""]",1.0,0.8,0.8889,0.8
baskauf/35740,Prunus serotina,ind-baskauf/10643,fruit / as borne on the plant,fruit,"[""fruit"", ""fruit borne on plant"", ""stem"", ""fruit close-up"", ""leaf""]","{""fruit"": 0.9323, ""fruit borne on plant"": 0.9102, ""stem"": 0.8331, ""fruit close-up"": 0.83, ""leaf"": 0.7012}",True,True,"[""glossy green leaves"", ""red and black fruit"", ""woody stems"", ""branching pattern"", ""dark background"", ""close-up view""]","[""leaf"", ""stem"", ""branch"", ""fruit"", ""fruit borne on plant"", ""fruit close-up""]",1.0,0.8333,0.9091,0.8333
baskauf/35743,Prunus serotina,ind-baskauf/10643,fruit / lateral or general close-up,fruit,"[""fruit"", ""fruit borne on plant"", ""fruit close-up"", ""stem""]","{""fruit"": 0.9248, ""fruit borne on plant"": 0.8802, ""fruit close-up"": 0.8756, ""stem"": 0.84}",True,True,"[""red and dark fruit"", ""woody stem"", ""close-up view"", ""developing fruit"", ""angled stem"", ""fruit cluster""]","[""stem"", ""fruit"", ""immature fruit"", ""fruit borne on plant"", ""fruit close-up""]",1.0,0.8,0.8889,0.8
baskauf/35968,Pyrus calleryana,ind-baskauf/31910,fruit / lateral or general close-up,fruit,"[""fruit"", ""fruit borne on plant"", ""fruit close-up"", ""immature fruit"", ""stem"", ""leaf""]","{""fruit"": 0.9561, ""fruit borne on plant"": 0.9557, ""fruit close-up"": 0.9288, ""immature fruit"": 0.9049, ""stem"": 0.8254, ""leaf"": 0.5731}",True,True,"[""small round fruit"", ""green leaf"", ""woody stem"", ""close-up view"", ""speckled fruit"", ""branching stem""]","[""fruit"", ""leaf"", ""stem"", ""twig"", ""fruit close-up"", ""fruit borne on plant""]",0.8333,0.8333,0.8333,0.7143
baskauf/37287,Betula lenta,ind-baskauf/37284,bark / of a medium tree or large branch,bark,"[""bark"", ""large-tree bark"", ""trunk""]","{""bark"": 0.9885, ""large-tree bark"": 0.9718, ""trunk"": 0.9615}",True,True,"[""tree trunk"", ""textured bark"", ""vertical lines"", ""close-up bark"", ""natural patterns"", ""brown and gray tones""]","[""trunk"", ""bark"", ""large-tree bark""]",1.0,1.0,1.0,1.0
baskauf/37293,Betula lenta,ind-baskauf/37284,bark / of a small tree or small branch,bark,"[""bark"", ""small-tree or branch bark"", ""winter twig"", ""bud"", ""twig""]","{""bark"": 0.895, ""small-tree or branch bark"": 0.8564, ""winter twig"": 0.8314, ""bud"": 0.7634, ""twig"": 0.6259}",True,True,"[""smooth bark"", ""vertical stem"", ""buds"", ""close-up view"", ""dark background"", ""brown tones""]","[""trunk"", ""bark"", ""stem"", ""bud"", ""medium-tree or large-branch bark""]",0.4,0.4,0.4,0.25
baskauf/37296,Betula lenta,ind-baskauf/37284,twig / winter overall,twig,"[""twig"", ""winter twig"", ""bud"", ""stem""]","{""twig"": 0.9751, ""winter twig"": 0.9737, ""bud"": 0.9573, ""stem"": 0.5871}",True,True,"[""brown twig"", ""small buds"", ""dormant branch"", ""close-up view"", ""dark background""]","[""twig"", ""bud"", ""winter twig""]",0.75,1.0,0.8571,0.75
baskauf/37494,Cephalanthus occidentalis,ind-baskauf/37493,fruit / as borne on the plant,fruit,"[""fruit"", ""fruit borne on plant"", ""stem"", ""leaf"", ""immature fruit"", ""fruit close-up""]","{""fruit"": 0.9111, ""fruit borne on plant"": 0.8827, ""stem"": 0.8537, ""leaf"": 0.839, ""immature fruit"": 0.787, ""fruit close-up"": 0.7604}",True,True,"[""green leaves"", ""red fruiting body"", ""woody stem"", ""close-up view"", ""textured surface"", ""natural light""]","[""leaf"", ""fruit"", ""stem"", ""fruit borne on plant"", ""fruit close-up""]",0.8333,1.0,0.9091,0.8333
baskauf/37883,Pyrus calleryana,ind-baskauf/31257,fruit / immature,fruit,"[""fruit"", ""fruit borne on plant"", ""immature fruit"", ""fruit close-up"", ""twig"", ""leaf"", ""branch""]","{""fruit"": 0.953, ""fruit borne on plant"": 0.934, ""immature fruit"": 0.8585, ""fruit close-up"": 0.8304, ""twig"": 0.8009, ""leaf"": 0.7747, ""branch"": 0.5875}",True,True,"[""green leaves"", ""small fruit"", ""woody stem"", ""hanging fruit"", ""dark background"", ""close-up view""]","[""leaf"", ""stem"", ""fruit"", ""fruit borne on plant"", ""immature fruit""]",0.5714,0.8,0.6667,0.5
baskauf/37886,Pyrus calleryana,ind-baskauf/31257,fruit / immature,fruit,"[""fruit close-up"", ""fruit"", ""fruit borne on plant"", ""immature fruit"", ""stem"", ""twig""]","{""fruit close-up"": 0.9513, ""fruit"": 0.9479, ""fruit borne on plant"": 0.9203, ""immature fruit"": 0.8248, ""stem"": 0.7944, ""twig"": 0.702}",True,False,"[""round fruit"", ""smooth fruit"", ""woody stem"", ""green foliage"", ""close-up fruit"", ""branching stem""]","[""fruit"", ""stem"", ""branch"", ""fruit borne on plant"", ""fruit close-up""]",0.6667,0.8,0.7273,0.5714
baskauf/38128,Picea rubens,ind-baskauf/38128,cone / female - closed,cone,"[""needle"", ""cone"", ""needle attachment"", ""twig"", ""closed cone""]","{""needle"": 0.9851, ""cone"": 0.9819, ""needle attachment"": 0.9442, ""twig"": 0.7361, ""closed cone"": 0.6569}",True,False,"[""green needles"", ""brown cones"", ""dense foliage"", ""close-up view"", ""conifer details"", ""needle arrangement""]","[""needle"", ""cone"", ""twig"", ""closed cone""]",0.8,1.0,0.8889,0.8
baskauf/38132,Picea rubens,ind-baskauf/38128,cone / female - closed,cone,"[""cone"", ""needle"", ""needle attachment"", ""closed cone"", ""fruit close-up"", ""twig""]","{""cone"": 0.9904, ""needle"": 0.9672, ""needle attachment"": 0.8854, ""closed cone"": 0.825, ""fruit close-up"": 0.7721, ""twig"": 0.6882}",True,True,"[""needle leaves"", ""closed cone"", ""green needles"", ""brown cone"", ""close-up view"", ""conifer structure""]","[""needle"", ""cone"", ""closed cone"", ""twig"", ""needle attachment""]",0.8333,1.0,0.9091,0.8333
baskauf/38139,Betula lenta,ind-baskauf/38137,twig / orientation of petioles,twig,"[""leaf"", ""twig"", ""bud"", ""petiole arrangement"", ""leaf arrangement on twig"", ""stem""]","{""leaf"": 0.9297, ""twig"": 0.9233, ""bud"": 0.9019, ""petiole arrangement"": 0.8915, ""leaf arrangement on twig"": 0.8885, ""stem"": 0.7458}",True,False,"[""brown twig"", ""green leaves"", ""pointed leaf tips"", ""developing buds"", ""close-up view""]","[""twig"", ""leaf"", ""bud"", ""leaf arrangement on twig"", ""terminal bud""]",0.6667,0.8,0.7273,0.5714
baskauf/38140,Betula lenta,ind-baskauf/38137,leaf / whole upper surface,leaf,"[""leaf"", ""leaf margin"", ""leaf upper surface"", ""leaf arrangement on twig"", ""twig"", ""stem""]","{""leaf"": 0.9439, ""leaf margin"": 0.9203, ""leaf upper surface"": 0.9024, ""leaf arrangement on twig"": 0.7995, ""twig"": 0.6074, ""stem"": 0.5917}",True,True,"[""serrated leaves"", ""green foliage"", ""woody stem"", ""leaf veins"", ""close-up view"", ""overlapping leaves""]","[""leaf"", ""stem"", ""leaf margin"", ""leaf upper surface"", ""twig""]",0.8333,1.0,0.9091,0.8333
baskauf/38144,Betula lenta,ind-baskauf/38137,leaf / margin of upper + lower surface,leaf,"[""leaf upper surface"", ""leaf margin"", ""leaf"", ""leaf arrangement on twig""]","{""leaf upper surface"": 0.9771, ""leaf margin"": 0.9765, ""leaf"": 0.9735, ""leaf arrangement on twig"": 0.621}",True,False,"[""green leaf"", ""leaf veins"", ""serrated edge"", ""close-up"", ""leaf texture"", ""damaged leaf""]","[""leaf"", ""leaf upper surface"", ""leaf margin""]",0.75,1.0,0.8571,0.75
baskauf/38145,Betula lenta,ind-baskauf/38137,leaf / showing orientation on twig,leaf,"[""leaf"", ""leaf arrangement on twig"", ""leaf upper surface"", ""leaf margin"", ""stem"", ""twig""]","{""leaf"": 0.9572, ""leaf arrangement on twig"": 0.9027, ""leaf upper surface"": 0.8421, ""leaf margin"": 0.7796, ""stem"": 0.7223, ""twig"": 0.6838}",True,True,"[""green leaves"", ""woody stem"", ""leaf arrangement"", ""serrated leaf edge"", ""dark background"", ""close-up view""]","[""leaf"", ""stem"", ""leaf arrangement on twig"", ""leaf margin"", ""twig""]",0.8333,1.0,0.9091,0.8333
baskauf/38148,Betula lenta,ind-baskauf/38137,bark / of a large tree,bark,"[""bark"", ""large-tree bark"", ""trunk""]","{""bark"": 0.9948, ""large-tree bark"": 0.9903, ""trunk"": 0.9858}",True,True,"[""tree trunk"", ""rough bark"", ""lichen growth"", ""vertical view"", ""close-up bark""]","[""trunk"", ""bark"", ""large-tree bark""]",1.0,1.0,1.0,1.0
baskauf/38151,Betula lenta,ind-baskauf/38137,whole tree (or vine) / general,whole plant,"[""whole plant"", ""branch"", ""view up trunk"", ""trunk"", ""leaf""]","{""whole plant"": 0.9956, ""branch"": 0.9808, ""view up trunk"": 0.9781, ""trunk"": 0.9457, ""leaf"": 0.919}",True,True,"[""tree canopy"", ""upward view"", ""green foliage"", ""multiple trunks"", ""woodland scene"", ""bright sky""]","[""whole plant"", ""trunk"", ""branch"", ""leaf"", ""view up trunk""]",1.0,1.0,1.0,1.0
baskauf/38154,Betula lenta,ind-baskauf/38137,whole tree (or vine) / general,whole plant,"[""trunk"", ""whole plant"", ""bark"", ""branch"", ""leaf""]","{""trunk"": 0.9764, ""whole plant"": 0.9237, ""bark"": 0.9107, ""branch"": 0.8621, ""leaf"": 0.5216}",True,False,"[""tree trunks"", ""green foliage"", ""forest scene"", ""stream in background"", ""textured bark"", ""multiple trunks""]","[""whole plant"", ""trunk"", ""bark"", ""branch"", ""leaf"", ""view up trunk""]",1.0,0.8333,0.9091,0.8333
baskauf/38156,Betula lenta,ind-baskauf/38137,whole tree (or vine) / view up trunk,whole plant,"[""view up trunk"", ""whole plant"", ""branch"", ""leaf"", ""trunk"", ""bark""]","{""view up trunk"": 0.9853, ""whole plant"": 0.982, ""branch"": 0.9685, ""leaf"": 0.9454, ""trunk"": 0.9371, ""bark"": 0.7628}",True,False,"[""tall tree"", ""green canopy"", ""upward view"", ""smooth bark"", ""branching pattern"", ""leafy crown""]","[""whole plant"", ""trunk"", ""bark"", ""branch"", ""leaf"", ""view up trunk""]",1.0,1.0,1.0,1.0
baskauf/38289,Pinus rigida,ind-baskauf/38289,whole tree / view up trunk,whole plant,"[""view up trunk"", ""whole plant"", ""branch"", ""needle"", ""trunk""]","{""view up trunk"": 0.972, ""whole plant"": 0.9524, ""branch"": 0.9311, ""needle"": 0.9099, ""trunk"": 0.9072}",True,False,"[""looking up into tree"", ""needle leaves"", ""tree trunk"", ""branching pattern"", ""sky visible through foliage"", ""coniferous tree""]","[""whole plant"", ""trunk"", ""branch"", ""needle"", ""view up trunk""]",1.0,1.0,1.0,1.0
baskauf/38294,Pinus rigida,ind-baskauf/38289,whole tree / general,whole plant,"[""whole plant"", ""trunk"", ""view up trunk"", ""branch"", ""needle"", ""bark""]","{""whole plant"": 0.9553, ""trunk"": 0.9278, ""view up trunk"": 0.9, ""branch"": 0.8833, ""needle"": 0.8425, ""bark"": 0.6407}",True,True,"[""tall tree"", ""needles"", ""woody trunk"", ""dense foliage"", ""forest view"", ""upward view""]","[""whole plant"", ""trunk"", ""needle"", ""branch"", ""view up trunk""]",0.8333,1.0,0.9091,0.8333
baskauf/38297,Pinus rigida,ind-baskauf/38289,leaf / showing orientation on twig,needle,"[""twig"", ""needle attachment"", ""needle"", ""leaf arrangement on twig"", ""stem""]","{""twig"": 0.9186, ""needle attachment"": 0.864, ""needle"": 0.8571, ""leaf arrangement on twig"": 0.809, ""stem"": 0.6063}",True,False,"[""pine needles"", ""woody twig"", ""green foliage"", ""needle arrangement"", ""close-up view""]","[""needle"", ""twig"", ""leaf arrangement on twig"", ""needle attachment""]",0.8,1.0,0.8889,0.8
baskauf/38299,Pinus rigida,ind-baskauf/38289,leaf / entire needle,needle,"[""needle"", ""needle attachment"", ""twig"", ""leaf arrangement on twig""]","{""needle"": 0.9478, ""needle attachment"": 0.9369, ""twig"": 0.8747, ""leaf arrangement on twig"": 0.613}",True,True,"[""needle-like leaves"", ""green needles"", ""twig with needles"", ""hand holding needles"", ""close-up of needles"", ""needle arrangement""]","[""needle"", ""twig"", ""needle attachment"", ""leaf arrangement on twig""]",1.0,1.0,1.0,1.0
baskauf/38302,Pinus rigida,ind-baskauf/38289,twig / showing attachment of needles,twig,"[""twig"", ""needle"", ""needle attachment"", ""winter twig"", ""bud"", ""stem""]","{""twig"": 0.9537, ""needle"": 0.9168, ""needle attachment"": 0.8947, ""winter twig"": 0.7612, ""bud"": 0.711, ""stem"": 0.5625}",True,True,"[""needle-like leaves"", ""woody twig"", ""close-up view"", ""brown branch"", ""green needles"", ""needle clusters""]","[""twig"", ""needle"", ""needle attachment"", ""winter twig""]",0.6667,1.0,0.8,0.6667
baskauf/38303,Pinus rigida,ind-baskauf/38289,bark / of a medium tree or large branch,bark,"[""bark"", ""large-tree bark"", ""trunk"", ""medium-tree or large-branch bark""]","{""bark"": 0.9906, ""large-tree bark"": 0.9658, ""trunk"": 0.9419, ""medium-tree or large-branch bark"": 0.9045}",True,True,"[""textured bark"", ""vertical view"", ""close-up bark"", ""lichen covered bark"", ""rough surface"", ""brown tones""]","[""bark"", ""trunk"", ""large-tree bark"", ""medium-tree or large-branch bark""]",1.0,1.0,1.0,1.0
baskauf/38305,Pinus rigida,ind-baskauf/38289,bark / of a medium tree or large branch,bark,"[""bark"", ""trunk"", ""large-tree bark"", ""needle"", ""branch""]","{""bark"": 0.9787, ""trunk"": 0.9652, ""large-tree bark"": 0.9455, ""needle"": 0.747, ""branch"": 0.5322}",True,True,"[""tree trunk"", ""lichen covered bark"", ""upward view"", ""conifer needles"", ""branching pattern""]","[""trunk"", ""bark"", ""view up trunk"", ""needle"", ""branch""]",0.8,0.8,0.8,0.6667
baskauf/38309,Pinus rigida,ind-baskauf/38289,cone / female - mature open,cone,"[""closed cone"", ""twig""]","{""closed cone"": 0.8844, ""twig"": 0.6948}",False,False,"[""woody branch"", ""cone"", ""close-up"", ""textured surface"", ""brown scales"", ""hanging cone"", ""dark background""]","[""branch"", ""cone"", ""closed cone"", ""fruit borne on plant"", ""fruit close-up""]",0.5,0.2,0.2857,0.1667
baskauf/38311,Pinus rigida,ind-baskauf/38289,cone / female - mature open,cone,"[""closed cone"", ""twig""]","{""closed cone"": 0.9316, ""twig"": 0.7325}",False,False,"[""woody branch"", ""pine cone"", ""cone scales"", ""textured bark"", ""close-up view"", ""natural lighting""]","[""branch"", ""cone"", ""twig"", ""large-tree bark"", ""fruit"", ""closed cone""]",1.0,0.3333,0.5,0.3333
baskauf/38433,Pyrus calleryana,ind-baskauf/31910,fruit / lateral or general close-up,fruit,"[""fruit close-up"", ""fruit borne on plant"", ""fruit"", ""immature fruit"", ""stem"", ""twig""]","{""fruit close-up"": 0.9701, ""fruit borne on plant"": 0.9672, ""fruit"": 0.9615, ""immature fruit"": 0.7931, ""stem"": 0.7765, ""twig"": 0.5049}",True,False,"[""speckled fruit"", ""woody twigs"", ""close-up view"", ""rounded fruit"", ""branching pattern"", ""green foliage""]","[""twig"", ""fruit"", ""fruit close-up"", ""fruit borne on plant""]",0.6667,1.0,0.8,0.6667
baskauf/38435,Gleditsia triacanthos,ind-baskauf/38435,twig / orientation of petioles,twig,"[""twig"", ""stem"", ""branch"", ""winter twig""]","{""twig"": 0.9061, ""stem"": 0.8951, ""branch"": 0.8036, ""winter twig"": 0.7569}",True,True,"[""thorny stems"", ""pointed structures"", ""branching pattern"", ""dark red thorns"", ""woody stem"", ""close-up view""]","[""stem"", ""twig"", ""fruit"", ""fruit borne on plant"", ""fruit close-up""]",0.5,0.4,0.4444,0.2857
baskauf/38436,Gleditsia triacanthos,ind-baskauf/38435,twig / orientation of petioles,twig,"[""winter twig"", ""small-tree or branch bark"", ""twig"", ""stem"", ""bud"", ""branch""]","{""winter twig"": 0.8644, ""small-tree or branch bark"": 0.8509, ""twig"": 0.8345, ""stem"": 0.8213, ""bud"": 0.671, ""branch"": 0.6528}",True,False,"[""sharp thorns"", ""woody stem"", ""close-up view"", ""pointed structures"", ""brown coloration""]","[""twig"", ""stem""]",0.3333,1.0,0.5,0.3333
baskauf/38439,Gleditsia triacanthos,ind-baskauf/38435,twig / orientation of petioles,twig,"[""twig"", ""branch"", ""leaf arrangement on twig"", ""winter twig"", ""stem"", ""leaf""]","{""twig"": 0.9692, ""branch"": 0.8417, ""leaf arrangement on twig"": 0.841, ""winter twig"": 0.8147, ""stem"": 0.7892, ""leaf"": 0.6105}",True,True,"[""thorny branch"", ""developing fruit"", ""pale green leaves"", ""woody stem"", ""pointed structures"", ""blurred background""]","[""branch"", ""stem"", ""fruit"", ""immature fruit"", ""twig""]",0.5,0.6,0.5455,0.375
baskauf/38441,Pyrus calleryana,ind-baskauf/31257,fruit / immature,fruit,"[""fruit"", ""fruit borne on plant"", ""fruit close-up"", ""immature fruit"", ""leaf"", ""twig""]","{""fruit"": 0.9328, ""fruit borne on plant"": 0.9051, ""fruit close-up"": 0.8981, ""immature fruit"": 0.7529, ""leaf"": 0.7128, ""twig"": 0.593}",True,True,"[""green leaves"", ""small round fruit"", ""hanging fruit"", ""woody stem"", ""bright light"", ""close-up view""]","[""leaf"", ""fruit"", ""stem"", ""fruit borne on plant"", ""fruit close-up""]",0.6667,0.8,0.7273,0.5714
baskauf/38461,Pyrus calleryana,ind-baskauf/31910,seed / general view,seed,"[""fruit"", ""fruit close-up""]","{""fruit"": 0.8403, ""fruit close-up"": 0.8234}",False,False,"[""decaying fruit"", ""dark coloration"", ""close-up view"", ""stem attachment"", ""textured surface"", ""dried appearance""]","[""fruit"", ""stem"", ""fruit close-up"", ""opened or sectioned fruit""]",1.0,0.5,0.6667,0.5
baskauf/38620,Acer platanoides,vanderbilt/23-65,whole tree (or vine) / general,whole plant,"[""whole plant"", ""trunk"", ""branch"", ""leaf"", ""view up trunk""]","{""whole plant"": 0.9886, ""trunk"": 0.9214, ""branch"": 0.9201, ""leaf"": 0.8908, ""view up trunk"": 0.8202}",True,True,"[""full tree"", ""green leaves"", ""dense foliage"", ""tree in urban setting"", ""broad leaves"", ""tree crown""]","[""whole plant"", ""leaf"", ""branch""]",0.6,1.0,0.75,0.6
baskauf/38627,Acer platanoides,vanderbilt/23-65,leaf / whole upper surface,leaf,"[""leaf"", ""leaf upper surface"", ""leaf margin"", ""leaf arrangement on twig""]","{""leaf"": 0.922, ""leaf upper surface"": 0.8436, ""leaf margin"": 0.6811, ""leaf arrangement on twig"": 0.6255}",True,True,"[""palmate leaves"", ""green leaves"", ""red stems"", ""leaf veins"", ""close-up view"", ""dark background""]","[""leaf"", ""stem"", ""leaf upper surface"", ""leaf arrangement on twig"", ""petiole arrangement""]",0.75,0.6,0.6667,0.5
baskauf/38628,Acer platanoides,vanderbilt/23-65,leaf / margin of upper + lower surface,leaf,"[""leaf"", ""leaf upper surface"", ""leaf margin""]","{""leaf"": 0.9824, ""leaf upper surface"": 0.9603, ""leaf margin"": 0.9294}",True,True,"[""green leaves"", ""leaf veins"", ""red stems"", ""close-up view"", ""leaf texture"", ""overlapping leaves""]","[""leaf"", ""stem"", ""leaf upper surface"", ""leaf arrangement on twig""]",0.6667,0.5,0.5714,0.4
baskauf/38630,Acer platanoides,vanderbilt/23-65,twig / orientation of petioles,twig,"[""bud"", ""twig"", ""stem"", ""winter twig"", ""leaf arrangement on twig""]","{""bud"": 0.9621, ""twig"": 0.9491, ""stem"": 0.8811, ""winter twig"": 0.7674, ""leaf arrangement on twig"": 0.6379}",True,False,"[""green buds"", ""woody stem"", ""close-up view"", ""bud cluster"", ""new growth"", ""smooth stem""]","[""stem"", ""bud"", ""twig"", ""leaf"", ""petiole arrangement""]",0.6,0.6,0.6,0.4286
baskauf/38631,Acer platanoides,vanderbilt/23-65,twig / orientation of petioles,twig,"[""bud"", ""twig"", ""stem"", ""leaf arrangement on twig"", ""leaf""]","{""bud"": 0.9708, ""twig"": 0.9182, ""stem"": 0.8418, ""leaf arrangement on twig"": 0.7259, ""leaf"": 0.5884}",True,False,"[""green leaves"", ""woody stem"", ""developing buds"", ""smooth stem"", ""close-up view"", ""angled view"", ""light green buds"", ""branching stem""]","[""stem"", ""twig"", ""bud"", ""leaf"", ""leaf arrangement on twig""]",1.0,1.0,1.0,1.0
baskauf/38634,Acer platanoides,vanderbilt/23-65,bark / of a large tree,bark,"[""bark"", ""trunk"", ""large-tree bark""]","{""bark"": 0.989, ""trunk"": 0.9884, ""large-tree bark"": 0.987}",True,True,"[""tree trunk"", ""ridged bark"", ""lichen covered bark"", ""vertical striations"", ""close-up bark texture"", ""natural patterns""]","[""trunk"", ""bark"", ""large-tree bark""]",1.0,1.0,1.0,1.0
baskauf/38636,Acer platanoides,vanderbilt/23-65,leaf / showing orientation on twig,leaf,"[""leaf"", ""leaf upper surface"", ""leaf arrangement on twig""]","{""leaf"": 0.9419, ""leaf upper surface"": 0.7919, ""leaf arrangement on twig"": 0.6156}",True,True,"[""broad leaves"", ""green leaves"", ""lobed leaves"", ""leaf edges"", ""leaf veins"", ""sunlit leaves"", ""close-up leaves"", ""partially damaged leaves""]","[""leaf"", ""leaf upper surface"", ""leaf margin"", ""leaf arrangement on twig""]",1.0,0.75,0.8571,0.75
baskauf/38639,Acer platanoides,vanderbilt/23-65,leaf / unspecified,leaf,"[""bud"", ""twig"", ""stem""]","{""bud"": 0.9348, ""twig"": 0.8656, ""stem"": 0.8199}",False,False,"[""green twigs"", ""developing buds"", ""close-up view"", ""smooth stem"", ""bud cluster"", ""immature growth""]","[""twig"", ""bud"", ""stem"", ""immature fruit"", ""fruit borne on plant""]",1.0,0.6,0.75,0.6
baskauf/38698,Pyrus calleryana,ind-baskauf/31257,fruit / lateral or general close-up,fruit,"[""fruit close-up"", ""fruit"", ""fruit borne on plant"", ""immature fruit"", ""twig"", ""stem""]","{""fruit close-up"": 0.962, ""fruit"": 0.9333, ""fruit borne on plant"": 0.9026, ""immature fruit"": 0.7124, ""twig"": 0.6346, ""stem"": 0.6205}",True,False,"[""round fruit"", ""hanging fruit"", ""woody stem"", ""close-up fruit"", ""brown fruit"", ""blurred background""]","[""fruit"", ""stem"", ""fruit close-up"", ""fruit borne on plant""]",0.6667,1.0,0.8,0.6667
baskauf/38700,Pyrus calleryana,ind-baskauf/31257,fruit / as borne on the plant,fruit,"[""fruit"", ""fruit close-up"", ""fruit borne on plant"", ""immature fruit"", ""twig"", ""stem""]","{""fruit"": 0.946, ""fruit close-up"": 0.9168, ""fruit borne on plant"": 0.9091, ""immature fruit"": 0.7159, ""twig"": 0.6524, ""stem"": 0.5749}",True,True,"[""round fruit"", ""woody branch"", ""pendulous fruit"", ""green leaf"", ""close-up view"", ""dark background""]","[""branch"", ""fruit"", ""fruit borne on plant"", ""fruit close-up"", ""immature fruit""]",0.6667,0.8,0.7273,0.5714
baskauf/38731,Pyrus calleryana,ind-baskauf/31257,fruit / section or open,fruit,"[""fruit"", ""fruit close-up"", ""opened or sectioned fruit"", ""fruit borne on plant"", ""immature fruit"", ""stem"", ""twig""]","{""fruit"": 0.9255, ""fruit close-up"": 0.9229, ""opened or sectioned fruit"": 0.9198, ""fruit borne on plant"": 0.6703, ""immature fruit"": 0.6635, ""stem"": 0.602, ""twig"": 0.5273}",True,True,"[""split fruit"", ""seeds inside"", ""brown fruit"", ""close-up view"", ""smooth fruit"", ""woody stem""]","[""fruit"", ""seed"", ""fruit close-up"", ""opened or sectioned fruit"", ""stem""]",0.5714,0.8,0.6667,0.5
baskauf/39025,Acer platanoides,vanderbilt/23-65,twig / close-up winter leaf scar/bud,twig,"[""bud"", ""twig"", ""winter twig"", ""terminal bud"", ""leaf scar""]","{""bud"": 0.9907, ""twig"": 0.9801, ""winter twig"": 0.9773, ""terminal bud"": 0.9419, ""leaf scar"": 0.8855}",True,False,"[""twig"", ""buds"", ""dormant branch"", ""close-up"", ""winter twig"", ""bud scales"", ""branching pattern""]","[""twig"", ""bud"", ""winter twig""]",0.6,1.0,0.75,0.6
baskauf/39069,Acer rubrum,ind-baskauf/39067,inflorescence / whole - female,flower,"[""flower close-up"", ""bud"", ""flower"", ""inflorescence"", ""twig""]","{""flower close-up"": 0.9438, ""bud"": 0.9212, ""flower"": 0.9187, ""inflorescence"": 0.914, ""twig"": 0.7278}",True,False,"[""reddish flower structures"", ""emerging buds"", ""woody stem"", ""close-up view"", ""early spring growth"", ""delicate filaments""]","[""stem"", ""bud"", ""flower"", ""flower close-up"", ""inflorescence""]",0.8,0.8,0.8,0.6667
baskauf/39125,Acer platanoides,vanderbilt/23-65,inflorescence / whole - unspecified,flower,"[""flower"", ""flower close-up"", ""bud"", ""inflorescence"", ""twig""]","{""flower"": 0.9456, ""flower close-up"": 0.9372, ""bud"": 0.9334, ""inflorescence"": 0.9102, ""twig"": 0.754}",True,True,"[""clustered flowers"", ""woody branch"", ""early spring growth"", ""green buds"", ""close-up flowers""]","[""branch"", ""flower"", ""inflorescence"", ""bud"", ""flower close-up""]",0.8,0.8,0.8,0.6667
baskauf/39128,Acer platanoides,vanderbilt/23-65,inflorescence / whole - unspecified,flower,"[""inflorescence"", ""flower"", ""flower close-up"", ""bud"", ""immature fruit"", ""twig"", ""stem""]","{""inflorescence"": 0.9743, ""flower"": 0.9657, ""flower close-up"": 0.9545, ""bud"": 0.9219, ""immature fruit"": 0.7905, ""twig"": 0.7712, ""stem"": 0.6152}",True,False,"[""green flower buds"", ""woody twig"", ""emerging leaves"", ""dense cluster"", ""close-up view"", ""spring growth""]","[""twig"", ""bud"", ""flower"", ""inflorescence"", ""flower close-up""]",0.7143,1.0,0.8333,0.7143
baskauf/39134,Platanus occidentalis,ind-baskauf/39130,twig / close-up winter terminal bud,twig,"[""fruit close-up"", ""fruit""]","{""fruit close-up"": 0.8309, ""fruit"": 0.6783}",False,False,"[""twig"", ""bud"", ""close-up"", ""woody texture"", ""reddish hue"", ""green hue""]","[""twig"", ""bud"", ""winter twig""]",0.0,0.0,0.0,0.0
baskauf/39140,Acer saccharum,ind-baskauf/39138,twig / close-up winter terminal bud,twig,"[""bud"", ""winter twig"", ""terminal bud"", ""leaf scar"", ""twig""]","{""bud"": 0.9259, ""winter twig"": 0.8925, ""terminal bud"": 0.8758, ""leaf scar"": 0.869, ""twig"": 0.7706}",True,False,"[""terminal bud"", ""close-up"", ""brown bud"", ""woody stem"", ""bud scales"", ""dormant twig""]","[""twig"", ""bud"", ""terminal bud""]",0.6,1.0,0.75,0.6
baskauf/39142,Platanus occidentalis,ind-baskauf/39130,twig / close-up winter terminal bud,twig,"[""bud"", ""twig"", ""winter twig"", ""stem""]","{""bud"": 0.991, ""twig"": 0.9622, ""winter twig"": 0.9229, ""stem"": 0.8375}",True,False,"[""twig"", ""bud"", ""close-up"", ""dormant bud"", ""brown twig"", ""green bud""]","[""twig"", ""bud"", ""winter twig""]",0.75,1.0,0.8571,0.75
baskauf/39143,Fagus grandifolia,ind-baskauf/39143,twig / close-up winter terminal bud,twig,"[""winter twig"", ""twig"", ""bud"", ""stem""]","{""winter twig"": 0.9743, ""twig"": 0.9691, ""bud"": 0.9085, ""stem"": 0.7014}",True,False,"[""woody twig"", ""bud scales"", ""close-up"", ""dormant branch"", ""brown buds"", ""twig junction""]","[""twig"", ""bud"", ""winter twig""]",0.75,1.0,0.8571,0.75
baskauf/39144,Acer saccharum,ind-baskauf/39138,twig / close-up winter terminal bud,twig,"[""winter twig"", ""bud"", ""leaf scar"", ""twig"", ""terminal bud"", ""small-tree or branch bark""]","{""winter twig"": 0.9865, ""bud"": 0.9763, ""leaf scar"": 0.9676, ""twig"": 0.9403, ""terminal bud"": 0.9197, ""small-tree or branch bark"": 0.9127}",True,False,"[""woody twig"", ""bud scales"", ""lenticels"", ""dormant branch"", ""close-up view""]","[""twig"", ""bud"", ""winter twig"", ""leaf scar""]",0.6667,1.0,0.8,0.6667
baskauf/39152,Platanus occidentalis,ind-baskauf/39130,twig / close-up winter terminal bud,twig,"[""fruit close-up"", ""bud"", ""twig""]","{""fruit close-up"": 0.8123, ""bud"": 0.7508, ""twig"": 0.6804}",True,False,"[""bud"", ""twig"", ""close-up"", ""bud scar"", ""dormant bud"", ""woody texture""]","[""twig"", ""bud"", ""leaf scar"", ""winter twig""]",0.6667,0.5,0.5714,0.4
baskauf/39154,Juglans nigra,vanderbilt/7-88,twig / unspecified,twig,"[""seed""]","{""seed"": 0.4824}",False,False,"[""cross section"", ""pith"", ""stem interior"", ""cavities"", ""woody tissue"", ""close-up""]","[""stem"", ""twig"", ""leaf scar""]",0.0,0.0,0.0,0.0
baskauf/39156,Carya ovata,ind-baskauf/39155,twig / unspecified,twig,"[""bark"", ""large-tree bark""]","{""bark"": 0.8356, ""large-tree bark"": 0.6898}",False,False,"[""tree bark"", ""wood grain"", ""close-up texture"", ""layered structure"", ""light and dark bands"", ""horizontal view""]","[""bark"", ""trunk"", ""large-tree bark"", ""medium-tree or large-branch bark""]",1.0,0.5,0.6667,0.5
baskauf/39159,Ailanthus altissima,vanderbilt/7-87,twig / close-up winter leaf scar/bud,twig,"[""leaf scar"", ""winter twig"", ""bud"", ""twig"", ""small-tree or branch bark""]","{""leaf scar"": 0.9704, ""winter twig"": 0.9691, ""bud"": 0.9575, ""twig"": 0.9173, ""small-tree or branch bark"": 0.9016}",True,False,"[""leafless twig"", ""bud scales"", ""close-up view"", ""dormant branch"", ""brown twig"", ""bud cluster""]","[""twig"", ""bud"", ""winter twig""]",0.6,1.0,0.75,0.6
baskauf/39161,Acer saccharum,ind-baskauf/39138,twig / close-up winter leaf scar/bud,twig,"[""winter twig"", ""bud"", ""twig"", ""leaf scar"", ""terminal bud"", ""small-tree or branch bark""]","{""winter twig"": 0.9921, ""bud"": 0.9871, ""twig"": 0.969, ""leaf scar"": 0.9651, ""terminal bud"": 0.9434, ""small-tree or branch bark"": 0.9308}",True,False,"[""woody twig"", ""buds"", ""dormant branch"", ""close-up"", ""leafless"", ""winter twig""]","[""twig"", ""bud"", ""winter twig""]",0.5,1.0,0.6667,0.5
baskauf/39162,Platanus occidentalis,ind-baskauf/39130,twig / close-up winter leaf scar/bud,twig,"[""twig"", ""bud"", ""winter twig"", ""stem""]","{""twig"": 0.9856, ""bud"": 0.985, ""winter twig"": 0.9687, ""stem"": 0.7351}",True,True,"[""leafless twig"", ""dormant branch"", ""buds"", ""winter branch"", ""close-up twig"", ""brown buds""]","[""twig"", ""winter twig"", ""bud"", ""terminal bud""]",0.75,0.75,0.75,0.6
baskauf/39164,Juglans nigra,vanderbilt/7-88,twig / close-up winter leaf scar/bud,twig,"[""winter twig"", ""bud"", ""twig"", ""leaf scar"", ""small-tree or branch bark"", ""winter habit""]","{""winter twig"": 0.9664, ""bud"": 0.9618, ""twig"": 0.9568, ""leaf scar"": 0.9146, ""small-tree or branch bark"": 0.857, ""winter habit"": 0.726}",True,False,"[""woody stem"", ""buds"", ""dormant branch"", ""close-up view"", ""winter twig"", ""lenticels""]","[""stem"", ""twig"", ""bud"", ""winter twig""]",0.5,0.75,0.6,0.4286
baskauf/39171,Ailanthus altissima,vanderbilt/7-87,twig / close-up winter terminal bud,twig,"[""twig""]","{""twig"": 0.5832}",True,True,"[""bud"", ""close-up"", ""woody structure"", ""brown bud"", ""pointed bud"", ""textured surface""]","[""bud"", ""twig"", ""terminal bud""]",1.0,0.3333,0.5,0.3333
baskauf/39173,Ailanthus altissima,vanderbilt/7-87,twig / close-up winter terminal bud,twig,"[""fruit""]","{""fruit"": 0.5677}",False,False,"[""close-up bark"", ""twig detail"", ""bud"", ""dark background"", ""textured surface"", ""winter view""]","[""twig"", ""bud"", ""bark"", ""small-tree or branch bark"", ""winter twig""]",0.0,0.0,0.0,0.0
baskauf/39176,Fagus grandifolia,ind-baskauf/39143,twig / close-up winter terminal bud,twig,"[""winter twig"", ""leaf scar"", ""bud"", ""small-tree or branch bark"", ""twig"", ""terminal bud""]","{""winter twig"": 0.9782, ""leaf scar"": 0.9411, ""bud"": 0.9204, ""small-tree or branch bark"": 0.9122, ""twig"": 0.8802, ""terminal bud"": 0.8521}",True,False,"[""leafless twig"", ""close-up"", ""bud"", ""dormant branch"", ""brown twig"", ""winter twig""]","[""twig"", ""bud"", ""winter twig"", ""leaf scar""]",0.6667,1.0,0.8,0.6667
baskauf/39181,Acer saccharum,ind-baskauf/39138,twig / close-up winter terminal bud,twig,"[""bud"", ""winter twig"", ""twig""]","{""bud"": 0.9085, ""winter twig"": 0.8237, ""twig"": 0.7811}",True,False,"[""terminal bud"", ""bud scales"", ""close-up"", ""woody twig"", ""pointed bud"", ""bud cluster""]","[""bud"", ""twig"", ""terminal bud""]",0.6667,0.6667,0.6667,0.5
baskauf/39270,Fagus grandifolia,ind-baskauf/39269,inflorescence / whole - unspecified,flower,"[""leaf"", ""twig"", ""stem"", ""inflorescence"", ""immature fruit""]","{""leaf"": 0.8892, ""twig"": 0.8294, ""stem"": 0.8173, ""inflorescence"": 0.7481, ""immature fruit"": 0.7401}",False,False,"[""green leaves"", ""catkins"", ""woody stem"", ""close-up view"", ""detailed texture"", ""bright light""]","[""stem"", ""leaf"", ""inflorescence"", ""flower"", ""twig"", ""leaf upper surface""]",0.8,0.6667,0.7273,0.5714
baskauf/39273,Fagus grandifolia,ind-baskauf/39269,inflorescence / whole - male,flower,"[""inflorescence"", ""flower"", ""stem"", ""flower close-up"", ""immature fruit"", ""twig"", ""fruit"", ""leaf"", ""fruit borne on plant""]","{""inflorescence"": 0.9538, ""flower"": 0.9281, ""stem"": 0.846, ""flower close-up"": 0.8127, ""immature fruit"": 0.7801, ""twig"": 0.7433, ""fruit"": 0.6654, ""leaf"": 0.6499, ""fruit borne on plant"": 0.5852}",True,False,"[""hanging catkins"", ""green leaves"", ""woody stem"", ""immature flower cluster""]","[""stem"", ""leaf"", ""inflorescence"", ""immature fruit"", ""fruit borne on plant""]",0.5556,1.0,0.7143,0.5556
baskauf/39282,Fagus grandifolia,ind-baskauf/39269,inflorescence / whole - female,flower,"[""stem"", ""immature fruit"", ""leaf"", ""twig""]","{""stem"": 0.8649, ""immature fruit"": 0.8132, ""leaf"": 0.6862, ""twig"": 0.6249}",False,False,"[""green leaves"", ""developing flower"", ""curled petals"", ""stem"", ""close-up""]","[""leaf"", ""flower"", ""flower close-up"", ""stem""]",0.5,0.5,0.5,0.3333
baskauf/39501,Acer platanoides,vanderbilt/23-65,fruit / lateral or general close-up,fruit,"[""fruit"", ""immature fruit"", ""fruit borne on plant"", ""fruit close-up"", ""leaf""]","{""fruit"": 0.8665, ""immature fruit"": 0.8501, ""fruit borne on plant"": 0.8002, ""fruit close-up"": 0.7657, ""leaf"": 0.6569}",True,True,"[""winged seeds"", ""green samara"", ""close-up seed"", ""seed pod"", ""developing fruit"", ""bright green""]","[""fruit"", ""seed"", ""fruit close-up"", ""immature fruit"", ""fruit borne on plant""]",0.8,0.8,0.8,0.6667
baskauf/39502,Acer platanoides,vanderbilt/23-65,fruit / as borne on the plant,fruit,"[""immature fruit"", ""fruit borne on plant"", ""fruit"", ""leaf"", ""twig""]","{""immature fruit"": 0.8983, ""fruit borne on plant"": 0.8616, ""fruit"": 0.8303, ""leaf"": 0.6578, ""twig"": 0.6348}",True,False,"[""bright green leaves"", ""winged seeds"", ""small branch"", ""close-up view"", ""fresh growth""]","[""leaf"", ""twig"", ""fruit"", ""fruit close-up"", ""immature fruit""]",0.8,0.8,0.8,0.6667
baskauf/39814,Viburnum opulus,ind-baskauf/30777,inflorescence / whole - unspecified,flower,"[""leaf"", ""flower"", ""flower close-up""]","{""leaf"": 0.7615, ""flower"": 0.7204, ""flower close-up"": 0.6262}",True,False,"[""white flowers"", ""green leaves"", ""flower cluster"", ""close-up view"", ""detailed petals"", ""dark background""]","[""flower"", ""leaf"", ""inflorescence"", ""flower close-up""]",1.0,0.75,0.8571,0.75
baskauf/39818,Viburnum opulus,ind-baskauf/30777,inflorescence / lateral view of flower,flower,"[""flower close-up"", ""flower"", ""leaf"", ""stem""]","{""flower close-up"": 0.8886, ""flower"": 0.8301, ""leaf"": 0.8105, ""stem"": 0.7526}",True,False,"[""white flowers"", ""clustered flowers"", ""green leaves"", ""slender stem"", ""close-up view"", ""floral details""]","[""flower"", ""inflorescence"", ""leaf"", ""stem"", ""flower close-up""]",1.0,0.8,0.8889,0.8
baskauf/39822,Viburnum opulus,ind-baskauf/30777,inflorescence / frontal view of flower,flower,"[""flower"", ""flower close-up"", ""frontal flower view"", ""inflorescence"", ""stem""]","{""flower"": 0.9264, ""flower close-up"": 0.8955, ""frontal flower view"": 0.8674, ""inflorescence"": 0.8091, ""stem"": 0.5593}",True,True,"[""white flower"", ""flower cluster"", ""green leaves"", ""small buds"", ""floral details""]","[""flower"", ""inflorescence"", ""leaf"", ""bud"", ""flower close-up"", ""flower interior"", ""frontal flower view""]",0.8,0.5714,0.6667,0.5
baskauf/39880,Aesculus glabra,ind-baskauf/39879,fruit / immature,fruit,"[""immature fruit"", ""fruit"", ""fruit borne on plant"", ""inflorescence"", ""stem"", ""flower""]","{""immature fruit"": 0.9699, ""fruit"": 0.9682, ""fruit borne on plant"": 0.8977, ""inflorescence"": 0.8957, ""stem"": 0.8345, ""flower"": 0.788}",True,False,"[""green spiky fruit"", ""dried flower remnants"", ""woody stem"", ""close-up view"", ""green leaves""]","[""fruit"", ""flower"", ""stem"", ""fruit close-up"", ""immature fruit""]",0.6667,0.8,0.7273,0.5714
baskauf/43251,Juglans nigra,vanderbilt/7-88,leaf / whole upper surface,leaf,"[""leaf"", ""leaf arrangement on twig"", ""branch""]","{""leaf"": 0.9861, ""leaf arrangement on twig"": 0.9716, ""branch"": 0.6324}",True,True,"[""compound leaves"", ""pinnately arranged leaves"", ""green foliage"", ""branch with leaves"", ""leaflets"", ""outdoor view""]","[""leaf"", ""branch"", ""leaf arrangement on twig""]",1.0,1.0,1.0,1.0
baskauf/43252,Juglans nigra,vanderbilt/7-88,leaf / margin of upper + lower surface,leaf,"[""leaf upper surface"", ""leaf"", ""leaf margin"", ""leaf arrangement on twig""]","{""leaf upper surface"": 0.9867, ""leaf"": 0.9808, ""leaf margin"": 0.9803, ""leaf arrangement on twig"": 0.5918}",True,False,"[""green leaves"", ""leaf veins"", ""leaf texture"", ""close-up"", ""leaf margin"", ""parallel venation""]","[""leaf"", ""leaf upper surface"", ""leaf margin""]",0.75,1.0,0.8571,0.75
baskauf/43400,Acer nigrum,vanderbilt/8-68,whole tree (or vine) / general,whole plant,"[""whole plant"", ""trunk"", ""view up trunk"", ""leaf"", ""branch""]","{""whole plant"": 0.995, ""trunk"": 0.9599, ""view up trunk"": 0.9559, ""leaf"": 0.9345, ""branch"": 0.9309}",True,True,"[""full canopy"", ""green leaves"", ""branching pattern"", ""tree crown"", ""upward view"", ""woody branches""]","[""whole plant"", ""branch"", ""leaf"", ""view up trunk""]",0.8,1.0,0.8889,0.8
baskauf/43402,Acer nigrum,vanderbilt/8-68,whole tree (or vine) / view up trunk,whole plant,"[""bark"", ""trunk"", ""large-tree bark"", ""branch"", ""view up trunk"", ""leaf""]","{""bark"": 0.9906, ""trunk"": 0.9843, ""large-tree bark"": 0.9331, ""branch"": 0.9129, ""view up trunk"": 0.9016, ""leaf"": 0.5288}",False,False,"[""tree trunks"", ""branching pattern"", ""bark texture"", ""light green leaves"", ""upward view"", ""wood grain""]","[""trunk"", ""branch"", ""bark"", ""leaf"", ""view up trunk"", ""large-tree bark""]",1.0,1.0,1.0,1.0
baskauf/43407,Acer nigrum,vanderbilt/8-68,bark / of a large tree,bark,"[""bark"", ""trunk"", ""large-tree bark""]","{""bark"": 0.9945, ""trunk"": 0.9822, ""large-tree bark"": 0.9751}",True,True,"[""tree trunk"", ""rough bark"", ""branching pattern"", ""tree fork"", ""bark texture"", ""close-up bark""]","[""trunk"", ""bark"", ""branch"", ""large-tree bark"", ""medium-tree or large-branch bark""]",1.0,0.6,0.75,0.6
baskauf/43412,Acer nigrum,vanderbilt/8-68,bark / of a large tree,bark,"[""bark"", ""trunk"", ""large-tree bark"", ""branch""]","{""bark"": 0.993, ""trunk"": 0.9805, ""large-tree bark"": 0.9272, ""branch"": 0.8055}",True,True,"[""tree trunks"", ""rough bark"", ""vertical lines"", ""close-up bark"", ""multiple trunks"", ""natural patterns""]","[""trunk"", ""bark"", ""large-tree bark""]",0.75,1.0,0.8571,0.75
baskauf/43416,Acer nigrum,vanderbilt/8-68,leaf / showing orientation on twig,leaf,"[""fruit borne on plant"", ""fruit"", ""immature fruit"", ""leaf"", ""twig"", ""branch""]","{""fruit borne on plant"": 0.948, ""fruit"": 0.9417, ""immature fruit"": 0.9001, ""leaf"": 0.8091, ""twig"": 0.6595, ""branch"": 0.5832}",True,False,"[""green leaves"", ""winged fruit"", ""reddish-brown fruit"", ""woody twigs"", ""branching pattern"", ""bright sky background""]","[""leaf"", ""twig"", ""fruit"", ""immature fruit"", ""fruit borne on plant"", ""branch""]",1.0,1.0,1.0,1.0
baskauf/43418,Acer nigrum,vanderbilt/8-68,leaf / showing orientation on twig,leaf,"[""leaf"", ""leaf arrangement on twig"", ""twig""]","{""leaf"": 0.9658, ""leaf arrangement on twig"": 0.6719, ""twig"": 0.4665}",True,True,"[""green leaves"", ""dense foliage"", ""looking up into canopy"", ""leaf arrangement"", ""branching pattern"", ""sunlit leaves""]","[""leaf"", ""branch"", ""whole plant"", ""view up trunk"", ""leaf arrangement on twig""]",0.6667,0.4,0.5,0.3333
baskauf/43421,Acer nigrum,vanderbilt/8-68,fruit / as borne on the plant,fruit,"[""fruit"", ""fruit borne on plant"", ""immature fruit"", ""fruit close-up"", ""leaf"", ""twig"", ""stem""]","{""fruit"": 0.9925, ""fruit borne on plant"": 0.9869, ""immature fruit"": 0.9823, ""fruit close-up"": 0.9781, ""leaf"": 0.6294, ""twig"": 0.5816, ""stem"": 0.5335}",True,True,"[""winged seeds"", ""green developing fruit"", ""broad leaf"", ""close-up view"", ""hanging fruit""]","[""fruit"", ""immature fruit"", ""leaf"", ""fruit borne on plant"", ""fruit close-up""]",0.7143,1.0,0.8333,0.7143
baskauf/43423,Acer nigrum,vanderbilt/8-68,fruit / lateral or general close-up,fruit,"[""fruit close-up"", ""fruit"", ""fruit borne on plant"", ""immature fruit"", ""seed"", ""twig""]","{""fruit close-up"": 0.9784, ""fruit"": 0.9769, ""fruit borne on plant"": 0.9591, ""immature fruit"": 0.9213, ""seed"": 0.872, ""twig"": 0.4796}",True,False,"[""winged seeds"", ""green seed pods"", ""close-up view"", ""seed cluster"", ""seed bearing structure""]","[""fruit"", ""fruit close-up"", ""fruit borne on plant"", ""seed"", ""immature fruit""]",0.8333,1.0,0.9091,0.8333
baskauf/43426,Acer nigrum,vanderbilt/8-68,leaf / unspecified,leaf,"[""leaf"", ""leaf upper surface"", ""leaf margin"", ""leaf arrangement on twig""]","{""leaf"": 0.9705, ""leaf upper surface"": 0.9397, ""leaf margin"": 0.8233, ""leaf arrangement on twig"": 0.6069}",True,True,"[""green leaves"", ""pointed leaves"", ""veined leaves"", ""close-up leaves"", ""dark background"", ""leaf texture"", ""leaf arrangement""]","[""leaf"", ""leaf upper surface"", ""leaf arrangement on twig""]",0.75,1.0,0.8571,0.75
baskauf/43429,Acer nigrum,vanderbilt/8-68,leaf / whole upper surface,leaf,"[""leaf"", ""leaf upper surface"", ""petiole arrangement"", ""leaf arrangement on twig""]","{""leaf"": 0.962, ""leaf upper surface"": 0.9379, ""petiole arrangement"": 0.8934, ""leaf arrangement on twig"": 0.829}",True,True,"[""large green leaves"", ""palmate venation"", ""developing buds"", ""angled twigs"", ""dark background""]","[""leaf"", ""twig"", ""bud"", ""leaf upper surface""]",0.5,0.5,0.5,0.3333
baskauf/43430,Acer nigrum,vanderbilt/8-68,leaf / margin of upper + lower surface,leaf,"[""leaf upper surface"", ""leaf"", ""leaf margin""]","{""leaf upper surface"": 0.9662, ""leaf"": 0.95, ""leaf margin"": 0.8948}",True,False,"[""green leaves"", ""leaf veins"", ""close-up"", ""leaf texture"", ""broadleaf"", ""leaf surface""]","[""leaf"", ""leaf upper surface"", ""leaf margin""]",1.0,1.0,1.0,1.0
baskauf/43437,Acer nigrum,vanderbilt/8-68,twig / close-up winter terminal bud,twig,"[""bud"", ""twig"", ""stem"", ""leaf arrangement on twig""]","{""bud"": 0.9259, ""twig"": 0.8529, ""stem"": 0.802, ""leaf arrangement on twig"": 0.5635}",True,False,"[""woody twig"", ""buds"", ""green stems"", ""close-up"", ""textured bark"", ""leafy background""]","[""twig"", ""bud"", ""stem"", ""bark"", ""leaf""]",0.75,0.6,0.6667,0.5
baskauf/43439,Acer nigrum,vanderbilt/8-68,leaf / whole upper surface,leaf,"[""leaf"", ""leaf upper surface"", ""petiole arrangement"", ""leaf arrangement on twig""]","{""leaf"": 0.9462, ""leaf upper surface"": 0.9324, ""petiole arrangement"": 0.8611, ""leaf arrangement on twig"": 0.769}",True,True,"[""broad leaf"", ""green leaf"", ""leaf veins"", ""leaf upper surface"", ""close-up leaf"", ""leaf texture""]","[""leaf"", ""leaf upper surface""]",0.5,1.0,0.6667,0.5
baskauf/43539,Thuja occidentalis,ind-baskauf/43537,whole tree / general,whole plant,"[""needle"", ""whole plant"", ""leaf""]","{""needle"": 0.9684, ""whole plant"": 0.843, ""leaf"": 0.5056}",True,False,"[""dense foliage"", ""conical shape"", ""evergreen"", ""needle-like leaves"", ""sky background"", ""full crown""]","[""whole plant"", ""needle"", ""leaf"", ""twig""]",1.0,0.75,0.8571,0.75
baskauf/43541,Thuja occidentalis,ind-baskauf/43537,bark / of a medium tree or large branch,bark,"[""bark"", ""large-tree bark"", ""trunk""]","{""bark"": 0.9937, ""large-tree bark"": 0.9834, ""trunk"": 0.9779}",True,True,"[""peeling bark"", ""woody trunk"", ""vertical view"", ""textured surface"", ""lichen growth"", ""brown and gray tones""]","[""trunk"", ""bark"", ""large-tree bark""]",1.0,1.0,1.0,1.0
baskauf/43545,Thuja occidentalis,ind-baskauf/43537,leaf / showing orientation on twig,needle,"[""needle"", ""twig""]","{""needle"": 0.9797, ""twig"": 0.789}",True,True,"[""scale-like foliage"", ""dense branching"", ""evergreen"", ""soft green"", ""flat sprays"", ""conifer foliage""]","[""needle"", ""twig"", ""leaf arrangement on twig""]",1.0,0.6667,0.8,0.6667
baskauf/43546,Thuja occidentalis,ind-baskauf/43537,leaf / entire needle,needle,"[""needle"", ""needle attachment"", ""twig""]","{""needle"": 0.9739, ""needle attachment"": 0.8975, ""twig"": 0.7455}",True,True,"[""scale-like leaves"", ""green foliage"", ""branch detail"", ""close-up view""]","[""needle"", ""twig"", ""leaf arrangement on twig"", ""needle attachment""]",1.0,0.75,0.8571,0.75
baskauf/43548,Thuja occidentalis,ind-baskauf/43537,leaf / entire needle,needle,"[""needle"", ""needle attachment"", ""twig""]","{""needle"": 0.9644, ""needle attachment"": 0.8381, ""twig"": 0.8113}",True,True,"[""scale-like leaves"", ""branchlet"", ""green foliage"", ""dense growth"", ""close-up view"", ""conifer foliage""]","[""needle"", ""twig"", ""leaf"", ""leaf arrangement on twig"", ""needle attachment""]",1.0,0.6,0.75,0.6
baskauf/43550,Thuja occidentalis,ind-baskauf/43537,twig / showing attachment of needles,twig,"[""needle"", ""needle attachment"", ""twig"", ""leaf arrangement on twig""]","{""needle"": 0.9882, ""needle attachment"": 0.9567, ""twig"": 0.8548, ""leaf arrangement on twig"": 0.6261}",True,False,"[""scale-like leaves"", ""woody twig"", ""reddish-brown twig"", ""dense foliage"", ""close-up view"", ""green needles""]","[""twig"", ""needle"", ""needle attachment"", ""winter twig""]",0.75,0.75,0.75,0.6
baskauf/43552,Thuja occidentalis,ind-baskauf/43537,twig / after fallen needles,twig,"[""needle"", ""twig"", ""needle attachment""]","{""needle"": 0.9728, ""twig"": 0.9221, ""needle attachment"": 0.8895}",True,False,"[""scale-like leaves"", ""woody stem"", ""branching pattern"", ""close-up view"", ""textured bark"", ""green foliage""]","[""stem"", ""twig"", ""needle"", ""branch"", ""bark"", ""needle attachment""]",1.0,0.5,0.6667,0.5
baskauf/43553,Thuja occidentalis,ind-baskauf/43537,whole tree / view up trunk,whole plant,"[""needle"", ""branch"", ""twig""]","{""needle"": 0.9401, ""branch"": 0.7892, ""twig"": 0.7628}",False,False,"[""needle-like foliage"", ""woody branches"", ""dense canopy"", ""textured bark"", ""upward view"", ""conifer foliage""]","[""needle"", ""branch"", ""trunk"", ""view up trunk"", ""bark""]",0.6667,0.4,0.5,0.3333
baskauf/43578,Pyrus calleryana,ind-baskauf/31910,seed / general view,seed,"[""fruit close-up"", ""fruit"", ""seed"", ""opened or sectioned fruit"", ""fruit borne on plant""]","{""fruit close-up"": 0.9445, ""fruit"": 0.9391, ""seed"": 0.9307, ""opened or sectioned fruit"": 0.9122, ""fruit borne on plant"": 0.6935}",True,False,"[""dark seeds"", ""seed detail"", ""isolated seeds"", ""seed shapes"", ""seed textures""]","[""seed"", ""fruit close-up""]",0.4,1.0,0.5714,0.4
baskauf/43789,Carpinus caroliniana,vanderbilt/6-189,fruit / lateral or general close-up,fruit,"[""twig"", ""fruit borne on plant"", ""fruit"", ""leaf""]","{""twig"": 0.8771, ""fruit borne on plant"": 0.7466, ""fruit"": 0.7041, ""leaf"": 0.5075}",True,False,"[""dried bracts"", ""papery structures"", ""close-up view"", ""golden brown"", ""overlapping leaves"", ""conical shape""]","[""leaf"", ""inflorescence"", ""fruit"", ""fruit close-up""]",0.5,0.5,0.5,0.3333
baskauf/43792,Carpinus caroliniana,vanderbilt/6-189,fruit / lateral or general close-up,fruit,"[""twig"", ""fruit borne on plant"", ""fruit""]","{""twig"": 0.8997, ""fruit borne on plant"": 0.8466, ""fruit"": 0.817}",True,False,"[""winged fruit"", ""hanging fruit"", ""brown fruit"", ""twig"", ""close-up"", ""pendent""]","[""twig"", ""fruit"", ""immature fruit"", ""fruit borne on plant"", ""fruit close-up""]",1.0,0.6,0.75,0.6
baskauf/49244,Betula alleghaniensis,ind-baskauf/49238,bark / of a small tree or small branch,bark,"[""bark"", ""large-tree bark"", ""trunk"", ""medium-tree or large-branch bark""]","{""bark"": 0.9938, ""large-tree bark"": 0.9713, ""trunk"": 0.9402, ""medium-tree or large-branch bark"": 0.9218}",True,True,"[""tree trunk"", ""textured bark"", ""vertical view"", ""light and shadow"", ""close-up bark"", ""natural patterns""]","[""trunk"", ""bark"", ""large-tree bark""]",0.75,1.0,0.8571,0.75
baskauf/49247,Betula alleghaniensis,ind-baskauf/49238,leaf / whole upper surface,leaf,"[""leaf"", ""leaf upper surface"", ""leaf margin"", ""leaf arrangement on twig""]","{""leaf"": 0.9582, ""leaf upper surface"": 0.9399, ""leaf margin"": 0.9379, ""leaf arrangement on twig"": 0.7682}",True,True,"[""serrated leaf"", ""green leaf"", ""leaf veins"", ""close-up leaf"", ""leaf texture"", ""dark background""]","[""leaf"", ""leaf upper surface"", ""leaf margin"", ""twig"", ""stem"", ""leaf arrangement on twig""]",1.0,0.6667,0.8,0.6667
baskauf/49248,Betula alleghaniensis,ind-baskauf/49238,leaf / margin of upper + lower surface,leaf,"[""leaf margin"", ""leaf upper surface"", ""leaf""]","{""leaf margin"": 0.9831, ""leaf upper surface"": 0.9781, ""leaf"": 0.966}",True,False,"[""serrated leaf edge"", ""green leaf"", ""leaf veins"", ""close-up leaf texture""]","[""leaf"", ""leaf margin"", ""leaf upper surface""]",1.0,1.0,1.0,1.0
baskauf/49249,Betula alleghaniensis,ind-baskauf/49238,leaf / margin of upper + lower surface,leaf,"[""leaf margin"", ""leaf upper surface"", ""leaf""]","{""leaf margin"": 0.9889, ""leaf upper surface"": 0.9861, ""leaf"": 0.9773}",True,False,"[""serrated leaf edge"", ""leaf veins"", ""green leaf"", ""leaf and stem"", ""close-up leaf texture"", ""detailed leaf surface""]","[""leaf"", ""leaf margin"", ""leaf upper surface"", ""stem""]",1.0,0.75,0.8571,0.75
baskauf/49250,Betula alleghaniensis,ind-baskauf/49238,twig / orientation of petioles,twig,"[""bud"", ""twig"", ""petiole arrangement"", ""stem"", ""leaf"", ""leaf arrangement on twig""]","{""bud"": 0.9318, ""twig"": 0.8708, ""petiole arrangement"": 0.8618, ""stem"": 0.8072, ""leaf"": 0.7949, ""leaf arrangement on twig"": 0.7825}",True,False,"[""woody stem"", ""leaf and stem"", ""branching stem"", ""close-up view"", ""textured bark"", ""green leaf""]","[""stem"", ""branch"", ""twig"", ""leaf"", ""leaf arrangement on twig"", ""small-tree or branch bark""]",0.6667,0.6667,0.6667,0.5
baskauf/49252,Betula alleghaniensis,ind-baskauf/49238,twig / orientation of petioles,twig,"[""leaf"", ""leaf margin"", ""leaf arrangement on twig"", ""leaf upper surface"", ""stem"", ""twig""]","{""leaf"": 0.9151, ""leaf margin"": 0.8753, ""leaf arrangement on twig"": 0.7878, ""leaf upper surface"": 0.7797, ""stem"": 0.6987, ""twig"": 0.6209}",True,False,"[""green leaves"", ""green stem"", ""leaf arrangement"", ""bud"", ""serrated leaf edge""]","[""leaf"", ""stem"", ""leaf arrangement on twig"", ""bud"", ""leaf margin""]",0.6667,0.8,0.7273,0.5714
baskauf/49290,Sambucus racemosa,ind-baskauf/49288,inflorescence / whole - unspecified,flower,"[""flower"", ""inflorescence"", ""flower close-up"", ""stem"", ""leaf""]","{""flower"": 0.9806, ""inflorescence"": 0.9752, ""flower close-up"": 0.9514, ""stem"": 0.8304, ""leaf"": 0.5668}",True,True,"[""dense flower cluster"", ""green leaves"", ""reddish stem"", ""small white flowers"", ""compound inflorescence"", ""close-up view""]","[""leaf"", ""stem"", ""flower"", ""inflorescence"", ""flower close-up""]",1.0,1.0,1.0,1.0
baskauf/49293,Sambucus racemosa,ind-baskauf/49288,inflorescence / frontal view of flower,flower,"[""flower"", ""flower close-up"", ""inflorescence"", ""stem""]","{""flower"": 0.9863, ""flower close-up"": 0.9848, ""inflorescence"": 0.9809, ""stem"": 0.7376}",True,True,"[""small white flowers"", ""flower cluster"", ""reddish stem"", ""green leaves"", ""close-up view"", ""detailed floral structure""]","[""flower"", ""inflorescence"", ""stem"", ""leaf"", ""flower close-up""]",1.0,0.8,0.8889,0.8
baskauf/49296,Sorbus americana,ind-baskauf/49296,whole tree (or vine) / general,whole plant,"[""branch"", ""leaf"", ""whole plant"", ""twig""]","{""branch"": 0.8716, ""leaf"": 0.7641, ""whole plant"": 0.747, ""twig"": 0.6842}",True,False,"[""compound leaves"", ""green foliage"", ""branching pattern"", ""white flower clusters"", ""mountain backdrop"", ""woody stems""]","[""branch"", ""leaf"", ""inflorescence"", ""flower"", ""stem""]",0.5,0.4,0.4444,0.2857
baskauf/49300,Sorbus americana,ind-baskauf/49296,inflorescence / unspecified,flower,"[""inflorescence"", ""flower"", ""stem"", ""flower close-up"", ""leaf"", ""fruit""]","{""inflorescence"": 0.9165, ""flower"": 0.8861, ""stem"": 0.8465, ""flower close-up"": 0.8084, ""leaf"": 0.7496, ""fruit"": 0.6229}",True,False,"[""dense flower cluster"", ""compound leaves"", ""green foliage"", ""small white flowers"", ""dark background"", ""blurred background"", ""close-up view"", ""flat-topped inflorescence""]","[""leaf"", ""flower"", ""inflorescence"", ""flower close-up""]",0.6667,1.0,0.8,0.6667
baskauf/49326,Sorbus americana,ind-baskauf/49326,inflorescence / whole - unspecified,flower,"[""leaf"", ""inflorescence"", ""flower"", ""stem""]","{""leaf"": 0.9115, ""inflorescence"": 0.8973, ""flower"": 0.8207, ""stem"": 0.7975}",True,False,"[""compound leaves"", ""white flower clusters"", ""reddish stems"", ""dense foliage"", ""small flowers""]","[""leaf"", ""inflorescence"", ""flower"", ""stem"", ""leaf arrangement on twig""]",1.0,0.8,0.8889,0.8
baskauf/49330,Sorbus americana,ind-baskauf/49326,inflorescence / frontal view of flower,flower,"[""flower close-up"", ""flower"", ""inflorescence"", ""flower interior"", ""stem""]","{""flower close-up"": 0.9813, ""flower"": 0.9805, ""inflorescence"": 0.9617, ""flower interior"": 0.9284, ""stem"": 0.6707}",True,False,"[""dense flower cluster"", ""small white flowers"", ""green leaves"", ""close-up view"", ""floral detail"", ""blurred background""]","[""flower"", ""inflorescence"", ""flower close-up"", ""leaf""]",0.6,0.75,0.6667,0.5
baskauf/49332,Sorbus americana,ind-baskauf/49326,inflorescence / frontal view of flower,flower,"[""flower close-up"", ""flower"", ""inflorescence"", ""flower interior"", ""stem""]","{""flower close-up"": 0.9762, ""flower"": 0.9761, ""inflorescence"": 0.9584, ""flower interior"": 0.9287, ""stem"": 0.6878}",True,False,"[""white flowers"", ""dense cluster"", ""small flowers"", ""green leaves"", ""flower details"", ""close-up view""]","[""flower"", ""inflorescence"", ""flower close-up"", ""leaf""]",0.6,0.75,0.6667,0.5
baskauf/49334,Sorbus americana,ind-baskauf/49326,inflorescence / lateral view of flower,flower,"[""flower"", ""flower close-up"", ""inflorescence"", ""flower interior"", ""stem""]","{""flower"": 0.9877, ""flower close-up"": 0.9865, ""inflorescence"": 0.9796, ""flower interior"": 0.8657, ""stem"": 0.7204}",True,True,"[""white flower cluster"", ""green compound leaf"", ""stem"", ""close-up view"", ""small flowers""]","[""flower"", ""inflorescence"", ""leaf"", ""stem"", ""flower close-up""]",0.8,0.8,0.8,0.6667
baskauf/49335,Sorbus americana,ind-baskauf/49335,whole tree (or vine) / general,whole plant,"[""whole plant"", ""leaf"", ""inflorescence"", ""branch"", ""flower""]","{""whole plant"": 0.9338, ""leaf"": 0.8245, ""inflorescence"": 0.8162, ""branch"": 0.8156, ""flower"": 0.7782}",True,True,"[""dense foliage"", ""white flower clusters"", ""green leaves"", ""tree crown"", ""blue sky"", ""outdoor view""]","[""whole plant"", ""leaf"", ""flower"", ""inflorescence""]",0.8,1.0,0.8889,0.8
baskauf/49339,Sorbus americana,ind-baskauf/49335,inflorescence / whole - unspecified,flower,"[""inflorescence"", ""flower"", ""flower close-up"", ""leaf"", ""stem""]","{""inflorescence"": 0.9784, ""flower"": 0.9442, ""flower close-up"": 0.876, ""leaf"": 0.8145, ""stem"": 0.7139}",True,False,"[""dense flower cluster"", ""green leaves"", ""reddish stem"", ""small white flowers"", ""close-up view"", ""complex inflorescence""]","[""flower"", ""inflorescence"", ""stem"", ""leaf"", ""flower close-up""]",1.0,1.0,1.0,1.0
baskauf/49341,Sorbus americana,ind-baskauf/49335,inflorescence / frontal view of flower,flower,"[""inflorescence"", ""flower"", ""flower close-up"", ""frontal flower view""]","{""inflorescence"": 0.9884, ""flower"": 0.9775, ""flower close-up"": 0.9732, ""frontal flower view"": 0.9091}",True,False,"[""dense flower cluster"", ""small white flowers"", ""numerous flower parts"", ""close-up view"", ""flat-topped inflorescence"", ""green background""]","[""flower"", ""inflorescence"", ""flower close-up"", ""flower interior""]",0.75,0.75,0.75,0.6
baskauf/49344,Sorbus americana,ind-baskauf/49335,inflorescence / lateral view of flower,flower,"[""inflorescence"", ""flower"", ""flower close-up"", ""stem"", ""leaf""]","{""inflorescence"": 0.99, ""flower"": 0.9853, ""flower close-up"": 0.9784, ""stem"": 0.7789, ""leaf"": 0.5283}",True,False,"[""dense flower cluster"", ""small white flowers"", ""green stem"", ""close-up view"", ""detailed floral structure""]","[""flower"", ""inflorescence"", ""stem"", ""flower close-up""]",0.8,1.0,0.8889,0.8
baskauf/49612,Magnolia acuminata,vanderbilt/12-206,fruit / immature,fruit,"[""fruit close-up"", ""immature fruit"", ""fruit"", ""bud"", ""fruit borne on plant"", ""stem"", ""twig""]","{""fruit close-up"": 0.8676, ""immature fruit"": 0.8563, ""fruit"": 0.7984, ""bud"": 0.7603, ""fruit borne on plant"": 0.7033, ""stem"": 0.645, ""twig"": 0.5455}",True,False,"[""green bumpy fruit"", ""stalk"", ""close-up"", ""developing fruit"", ""plant structure""]","[""fruit"", ""stem"", ""fruit close-up"", ""immature fruit"", ""fruit borne on plant""]",0.7143,1.0,0.8333,0.7143
baskauf/50375,Picea glauca,ind-baskauf/50373,whole tree / general,whole plant,"[""whole plant"", ""branch"", ""needle"", ""trunk""]","{""whole plant"": 0.9585, ""branch"": 0.7784, ""needle"": 0.7555, ""trunk"": 0.6269}",True,True,"[""dense evergreen foliage"", ""conical tree shape"", ""visible branches"", ""sky background"", ""natural lighting""]","[""whole plant"", ""branch"", ""needle"", ""winter habit""]",0.75,0.75,0.75,0.6
baskauf/50377,Picea glauca,ind-baskauf/50373,leaf / showing orientation on twig,needle,"[""needle"", ""twig"", ""branch""]","{""needle"": 0.9009, ""twig"": 0.8173, ""branch"": 0.8159}",True,True,"[""needled branch"", ""dense foliage"", ""green needles"", ""woody branch"", ""conifer needles""]","[""branch"", ""needle"", ""twig"", ""needle attachment""]",1.0,0.75,0.8571,0.75
baskauf/50380,Picea glauca,ind-baskauf/50373,leaf / showing orientation on twig,needle,"[""needle"", ""needle attachment"", ""twig"", ""leaf arrangement on twig""]","{""needle"": 0.9244, ""needle attachment"": 0.826, ""twig"": 0.8243, ""leaf arrangement on twig"": 0.5834}",True,True,"[""needle-like leaves"", ""green foliage"", ""branching pattern"", ""dense needles"", ""conifer needles"", ""woody branch""]","[""needle"", ""branch"", ""twig"", ""needle attachment""]",0.75,0.75,0.75,0.6
baskauf/50383,Picea glauca,ind-baskauf/50373,twig / showing attachment of needles,twig,"[""needle"", ""needle attachment"", ""cone"", ""twig""]","{""needle"": 0.9864, ""needle attachment"": 0.9832, ""cone"": 0.8735, ""twig"": 0.8511}",True,False,"[""needle-like leaves"", ""woody twig"", ""buds"", ""close-up view"", ""green needles"", ""brown twig""]","[""needle"", ""twig"", ""bud"", ""needle attachment"", ""winter twig""]",0.75,0.6,0.6667,0.5
baskauf/50384,Picea glauca,ind-baskauf/50373,twig / after fallen needles,twig,"[""needle attachment"", ""needle"", ""twig""]","{""needle attachment"": 0.9864, ""needle"": 0.9857, ""twig"": 0.8897}",True,False,"[""needle-like leaves"", ""woody stem"", ""close-up view"", ""green needles"", ""rough bark"", ""twig detail""]","[""needle"", ""stem"", ""twig"", ""bark"", ""needle attachment""]",1.0,0.6,0.75,0.6
baskauf/50385,Picea glauca,ind-baskauf/50373,leaf / entire needle,needle,"[""needle"", ""needle attachment"", ""twig"", ""cone"", ""leaf arrangement on twig""]","{""needle"": 0.9929, ""needle attachment"": 0.9896, ""twig"": 0.88, ""cone"": 0.8695, ""leaf arrangement on twig"": 0.5957}",True,True,"[""needle-like leaves"", ""woody twig"", ""close-up view"", ""green needles"", ""branch detail"", ""natural texture""]","[""needle"", ""twig"", ""leaf arrangement on twig"", ""needle attachment""]",0.8,1.0,0.8889,0.8
baskauf/50392,Picea glauca,ind-baskauf/50373,bark / of a medium tree or large branch,bark,"[""bark"", ""trunk"", ""large-tree bark""]","{""bark"": 0.9863, ""trunk"": 0.9406, ""large-tree bark"": 0.9322}",True,True,"[""tree trunk"", ""rough bark"", ""branch insertion"", ""hole in trunk"", ""twig protrusions""]","[""trunk"", ""bark"", ""branch"", ""twig"", ""large-tree bark""]",1.0,0.6,0.75,0.6
baskauf/50395,Picea glauca,ind-baskauf/50373,cone / female - mature open,cone,"[""cone"", ""closed cone"", ""fruit close-up"", ""fruit"", ""fruit borne on plant""]","{""cone"": 0.9628, ""closed cone"": 0.96, ""fruit close-up"": 0.8563, ""fruit"": 0.6876, ""fruit borne on plant"": 0.6853}",True,True,"[""cone scales"", ""brown cone"", ""close-up view"", ""textured surface"", ""pointed shape"", ""seed-bearing structure""]","[""cone"", ""fruit"", ""fruit close-up"", ""closed cone""]",0.8,1.0,0.8889,0.8
baskauf/50460,Lindera benzoin,ind-baskauf/50458,inflorescence / whole - unspecified,flower,"[""flower"", ""inflorescence"", ""flower close-up"", ""bud"", ""twig"", ""branch""]","{""flower"": 0.9762, ""inflorescence"": 0.9631, ""flower close-up"": 0.9539, ""bud"": 0.9305, ""twig"": 0.9017, ""branch"": 0.5384}",True,True,"[""yellow flowers"", ""woody stem"", ""developing buds"", ""clustered flowers"", ""dark background""]","[""stem"", ""flower"", ""inflorescence"", ""bud"", ""immature fruit""]",0.5,0.6,0.5455,0.375
baskauf/50462,Lindera benzoin,ind-baskauf/50458,inflorescence / lateral view of flower,flower,"[""flower"", ""inflorescence"", ""flower close-up"", ""bud"", ""twig"", ""stem""]","{""flower"": 0.9809, ""inflorescence"": 0.9754, ""flower close-up"": 0.9705, ""bud"": 0.9049, ""twig"": 0.867, ""stem"": 0.5668}",True,True,"[""yellow flower clusters"", ""woody stem"", ""early spring buds"", ""small flower parts""]","[""stem"", ""flower"", ""inflorescence"", ""bud"", ""flower close-up""]",0.8333,1.0,0.9091,0.8333
baskauf/50467,Lindera benzoin,ind-baskauf/50458,whole tree (or vine) / general,whole plant,"[""twig"", ""flower"", ""winter habit"", ""inflorescence"", ""bud"", ""branch""]","{""twig"": 0.9538, ""flower"": 0.9011, ""winter habit"": 0.8896, ""inflorescence"": 0.8882, ""bud"": 0.8469, ""branch"": 0.7971}",False,False,"[""leafless branches"", ""small buds"", ""yellow flowers"", ""blurred background"", ""early spring"", ""woody stems""]","[""twig"", ""bud"", ""flower"", ""inflorescence"", ""winter habit"", ""stem""]",0.8333,0.8333,0.8333,0.7143
baskauf/50473,Prunus serotina,ind-baskauf/10643,twig / winter overall,twig,"[""bud"", ""winter twig"", ""twig"", ""terminal bud"", ""leaf scar"", ""branch""]","{""bud"": 0.9914, ""winter twig"": 0.9909, ""twig"": 0.9906, ""terminal bud"": 0.9724, ""leaf scar"": 0.8732, ""branch"": 0.5911}",True,False,"[""leafless twig"", ""reddish buds"", ""dormant branch"", ""close-up view"", ""smooth bark"", ""winter condition""]","[""twig"", ""bud"", ""winter twig"", ""bark"", ""winter habit""]",0.5,0.6,0.5455,0.375
baskauf/50474,Prunus serotina,ind-baskauf/10643,twig / winter overall,twig,"[""winter twig"", ""bud"", ""twig"", ""branch""]","{""winter twig"": 0.9549, ""bud"": 0.9236, ""twig"": 0.9182, ""branch"": 0.5344}",True,False,"[""woody twig"", ""developing buds"", ""branching pattern"", ""dormant branch"", ""close-up view"", ""brown bark""]","[""twig"", ""bud"", ""branch"", ""winter twig"", ""small-tree or branch bark""]",1.0,0.8,0.8889,0.8
baskauf/50496,Pinus resinosa,vanderbilt/9-106,whole tree / general,whole plant,"[""needle"", ""whole plant"", ""branch"", ""view up trunk"", ""twig""]","{""needle"": 0.9428, ""whole plant"": 0.9303, ""branch"": 0.8964, ""view up trunk"": 0.8071, ""twig"": 0.6122}",True,False,"[""needle-like leaves"", ""woody branches"", ""sky background"", ""conical crown"", ""dense foliage"", ""winter view""]","[""needle"", ""branch"", ""whole plant"", ""view up trunk"", ""winter habit""]",0.8,0.8,0.8,0.6667
baskauf/50500,Pinus resinosa,vanderbilt/9-106,bark / of a large tree,bark,"[""bark"", ""large-tree bark"", ""trunk""]","{""bark"": 0.9891, ""large-tree bark"": 0.9839, ""trunk"": 0.9811}",True,True,"[""rough bark"", ""tree trunk"", ""flaking bark"", ""vertical view"", ""brown tones"", ""textured surface""]","[""trunk"", ""bark"", ""large-tree bark""]",1.0,1.0,1.0,1.0
baskauf/50503,Pinus resinosa,vanderbilt/9-106,cone / female - mature open,cone,"[""closed cone"", ""cone""]","{""closed cone"": 0.9386, ""cone"": 0.8482}",True,False,"[""cone scales"", ""tightly packed"", ""dark and light"", ""textured surface"", ""close-up view"", ""geometric pattern""]","[""cone"", ""fruit"", ""fruit close-up"", ""open cone""]",0.5,0.25,0.3333,0.2
baskauf/50504,Pinus resinosa,vanderbilt/9-106,cone / female - mature open,cone,"[""closed cone"", ""cone""]","{""closed cone"": 0.9798, ""cone"": 0.9564}",True,False,"[""cone scales"", ""seed cone"", ""brown cone"", ""close-up view"", ""textured surface"", ""held in hand""]","[""cone"", ""closed cone""]",1.0,1.0,1.0,1.0
baskauf/50507,Pinus resinosa,vanderbilt/9-106,leaf / entire needle,needle,"[""needle"", ""needle attachment"", ""twig""]","{""needle"": 0.9716, ""needle attachment"": 0.9554, ""twig"": 0.7324}",True,True,"[""long needles"", ""needle clusters"", ""woody branch"", ""dark green foliage"", ""some browning needles"", ""close-up view""]","[""needle"", ""branch"", ""twig"", ""needle attachment""]",1.0,0.75,0.8571,0.75
baskauf/50514,Pinus resinosa,vanderbilt/9-106,twig / showing attachment of needles,twig,"[""needle"", ""needle attachment"", ""twig""]","{""needle"": 0.9765, ""needle attachment"": 0.97, ""twig"": 0.9077}",True,False,"[""needle-like leaves"", ""woody twig"", ""rough bark"", ""green needles"", ""brown needles"", ""close-up view""]","[""twig"", ""needle"", ""bark"", ""needle attachment""]",1.0,0.75,0.8571,0.75
baskauf/50515,Pinus resinosa,vanderbilt/9-106,twig / unspecified,twig,"[""twig"", ""needle"", ""bud""]","{""twig"": 0.9003, ""needle"": 0.8757, ""bud"": 0.6673}",True,True,"[""needle-like leaves"", ""woody stem"", ""bud cluster"", ""close-up view"", ""brown stem"", ""green needles""]","[""needle"", ""stem"", ""bud"", ""twig"", ""needle attachment""]",1.0,0.6,0.75,0.6
baskauf/50517,Pinus resinosa,vanderbilt/9-106,leaf / entire needle,needle,"[""needle"", ""twig"", ""needle attachment"", ""stem""]","{""needle"": 0.9204, ""twig"": 0.8755, ""needle attachment"": 0.8519, ""stem"": 0.5747}",True,True,"[""needle-like leaves"", ""woody stem"", ""close-up view"", ""green needles"", ""brown stem"", ""needle cluster""]","[""needle"", ""stem"", ""twig"", ""needle attachment""]",1.0,1.0,1.0,1.0
baskauf/50554,Juglans cinerea,ind-baskauf/70791,whole tree (or vine) / winter,whole plant,"[""whole plant"", ""trunk"", ""winter habit"", ""branch""]","{""whole plant"": 0.8651, ""trunk"": 0.7985, ""winter habit"": 0.753, ""branch"": 0.7188}",True,True,"[""leafless trees"", ""woodland scene"", ""water reflection"", ""tree trunk"", ""winter landscape"", ""bare branches""]","[""whole plant"", ""trunk"", ""branch"", ""twig"", ""winter habit"", ""view up trunk""]",1.0,0.6667,0.8,0.6667
baskauf/50556,Juglans cinerea,ind-baskauf/16502,whole tree (or vine) / view up trunk,whole plant,"[""view up trunk"", ""trunk"", ""whole plant"", ""winter habit"", ""bark"", ""branch"", ""needle""]","{""view up trunk"": 0.9904, ""trunk"": 0.9568, ""whole plant"": 0.889, ""winter habit"": 0.8675, ""bark"": 0.8659, ""branch"": 0.8528, ""needle"": 0.8463}",True,False,"[""tree trunk"", ""branching pattern"", ""needle leaves"", ""winter view"", ""sky background"", ""textured bark"", ""upward view""]","[""whole plant"", ""trunk"", ""branch"", ""needle"", ""view up trunk"", ""bark"", ""winter habit""]",1.0,1.0,1.0,1.0
baskauf/50586,Juniperus virginiana,ind-baskauf/50583,whole tree / general,whole plant,"[""needle"", ""whole plant"", ""leaf""]","{""needle"": 0.8729, ""whole plant"": 0.7187, ""leaf"": 0.5151}",True,False,"[""conical shape"", ""dense foliage"", ""green needles"", ""brown needles"", ""evergreen trees"", ""outdoor scene""]","[""whole plant"", ""needle"", ""winter habit""]",0.6667,0.6667,0.6667,0.5
baskauf/50587,Juniperus virginiana,ind-baskauf/50583,cone / male,cone,"[""needle"", ""twig""]","{""needle"": 0.9746, ""twig"": 0.8279}",False,False,"[""scale-like leaves"", ""small round fruit"", ""dense foliage"", ""woody stems"", ""green and brown tones""]","[""needle"", ""fruit"", ""twig"", ""fruit borne on plant""]",1.0,0.5,0.6667,0.5
baskauf/50588,Juniperus virginiana,ind-baskauf/50583,cone / male,cone,"[""needle"", ""needle attachment"", ""twig"", ""fruit borne on plant""]","{""needle"": 0.979, ""needle attachment"": 0.9089, ""twig"": 0.8173, ""fruit borne on plant"": 0.7314}",False,False,"[""scale-like leaves"", ""small cones"", ""dense foliage"", ""close-up view"", ""green and brown""]","[""needle"", ""cone"", ""twig"", ""fruit"", ""immature fruit"", ""fruit borne on plant"", ""fruit close-up""]",0.75,0.4286,0.5455,0.375
baskauf/50594,Acer nigrum,vanderbilt/8-68,inflorescence / whole - unspecified,flower,"[""inflorescence"", ""flower"", ""flower close-up"", ""twig"", ""immature fruit"", ""bud"", ""fruit borne on plant""]","{""inflorescence"": 0.9593, ""flower"": 0.9479, ""flower close-up"": 0.9089, ""twig"": 0.8715, ""immature fruit"": 0.8125, ""bud"": 0.7211, ""fruit borne on plant"": 0.609}",True,False,"[""pendulous structures"", ""light green buds"", ""reddish brown twig"", ""early spring growth"", ""clustered buds"", ""elongated shapes""]","[""twig"", ""bud"", ""inflorescence"", ""flower"", ""fruit"", ""immature fruit""]",0.7143,0.8333,0.7692,0.625
baskauf/50595,Acer nigrum,vanderbilt/8-68,inflorescence / lateral view of flower,flower,"[""flower close-up"", ""inflorescence"", ""flower"", ""twig"", ""bud"", ""immature fruit""]","{""flower close-up"": 0.9368, ""inflorescence"": 0.936, ""flower"": 0.9327, ""twig"": 0.8674, ""bud"": 0.8349, ""immature fruit"": 0.8128}",True,False,"[""hanging flowers"", ""greenish-yellow flowers"", ""slender stalks"", ""emerging leaves"", ""twig with buds"", ""close-up floral detail""]","[""flower"", ""inflorescence"", ""twig"", ""bud"", ""flower close-up""]",0.8333,1.0,0.9091,0.8333
baskauf/50597,Carpinus caroliniana,vanderbilt/6-189,inflorescence / whole - female,flower,"[""bud"", ""twig"", ""terminal bud"", ""flower"", ""inflorescence"", ""stem"", ""leaf arrangement on twig""]","{""bud"": 0.9536, ""twig"": 0.8854, ""terminal bud"": 0.8553, ""flower"": 0.8357, ""inflorescence"": 0.7514, ""stem"": 0.7434, ""leaf arrangement on twig"": 0.6003}",True,False,"[""emerging leaves"", ""red buds"", ""dark twig"", ""close-up view"", ""spring growth"", ""new growth""]","[""twig"", ""bud"", ""leaf"", ""leaf arrangement on twig"", ""terminal bud""]",0.5714,0.8,0.6667,0.5
baskauf/50598,Carpinus caroliniana,vanderbilt/6-189,inflorescence / whole - male,flower,"[""inflorescence"", ""twig"", ""immature fruit"", ""bud"", ""stem""]","{""inflorescence"": 0.8947, ""twig"": 0.8672, ""immature fruit"": 0.7697, ""bud"": 0.712, ""stem"": 0.5691}",False,False,"[""hanging catkins"", ""elongated clusters"", ""green buds"", ""woody branch"", ""close-up view"", ""pendulous structures""]","[""branch"", ""bud"", ""inflorescence"", ""twig""]",0.6,0.75,0.6667,0.5
baskauf/50601,Carpinus caroliniana,vanderbilt/6-189,inflorescence / whole - unspecified,flower,"[""inflorescence"", ""twig"", ""male reproductive structure"", ""flower"", ""bud"", ""stem""]","{""inflorescence"": 0.9308, ""twig"": 0.8879, ""male reproductive structure"": 0.8814, ""flower"": 0.8185, ""bud"": 0.7687, ""stem"": 0.6688}",True,False,"[""hanging catkins"", ""brown twig"", ""early spring buds"", ""elongated inflorescence"", ""dark background""]","[""twig"", ""inflorescence"", ""bud"", ""winter twig""]",0.5,0.75,0.6,0.4286
baskauf/50606,Ulmus americana,ind-baskauf/50603,fruit / immature,fruit,"[""bud"", ""twig"", ""immature fruit"", ""flower close-up"", ""flower"", ""fruit"", ""fruit borne on plant"", ""fruit close-up"", ""inflorescence"", ""stem""]","{""bud"": 0.8744, ""twig"": 0.8684, ""immature fruit"": 0.8672, ""flower close-up"": 0.8612, ""flower"": 0.839, ""fruit"": 0.8226, ""fruit borne on plant"": 0.8156, ""fruit close-up"": 0.7258, ""inflorescence"": 0.6527, ""stem"": 0.5916}",True,False,"[""immature fruit"", ""hairy surface"", ""pendulous fruit"", ""woody stem"", ""close-up view"", ""green and brown tones""]","[""twig"", ""fruit"", ""immature fruit"", ""fruit borne on plant"", ""fruit close-up""]",0.5,1.0,0.6667,0.5
baskauf/50629,Ostrya virginiana,vanderbilt/7-201,inflorescence / whole - female,flower,"[""bud"", ""twig"", ""stem"", ""flower close-up""]","{""bud"": 0.9773, ""twig"": 0.9035, ""stem"": 0.8297, ""flower close-up"": 0.7686}",False,False,"[""bud cluster"", ""woody stem"", ""emerging leaves"", ""close-up view"", ""green and red coloration""]","[""stem"", ""bud"", ""leaf"", ""twig"", ""terminal bud""]",0.75,0.6,0.6667,0.5
baskauf/50630,Ostrya virginiana,vanderbilt/7-201,inflorescence / whole - male,flower,"[""inflorescence"", ""immature fruit"", ""bud"", ""twig"", ""flower"", ""stem""]","{""inflorescence"": 0.8881, ""immature fruit"": 0.8389, ""bud"": 0.7612, ""twig"": 0.7387, ""flower"": 0.701, ""stem"": 0.5943}",True,False,"[""elongated catkin"", ""yellowish flower cluster"", ""hanging inflorescence"", ""woody stem"", ""close-up view""]","[""inflorescence"", ""stem"", ""flower"", ""twig"", ""fruit"", ""immature fruit"", ""fruit borne on plant""]",0.8333,0.7143,0.7692,0.625
baskauf/50632,Ostrya virginiana,vanderbilt/7-201,inflorescence / whole - female,flower,"[""bud"", ""inflorescence"", ""flower close-up"", ""twig"", ""flower"", ""immature fruit"", ""stem""]","{""bud"": 0.9042, ""inflorescence"": 0.8759, ""flower close-up"": 0.8223, ""twig"": 0.8183, ""flower"": 0.8165, ""immature fruit"": 0.7199, ""stem"": 0.6963}",True,False,"[""elongated cluster"", ""green bracts"", ""pink tips"", ""dense inflorescence"", ""woody stem"", ""close-up view""]","[""inflorescence"", ""flower"", ""stem"", ""flower close-up""]",0.5714,1.0,0.7273,0.5714
baskauf/50685,Acer platanoides,vanderbilt/23-65,inflorescence / whole - unspecified,flower,"[""flower"", ""inflorescence"", ""flower close-up"", ""bud"", ""twig"", ""stem""]","{""flower"": 0.973, ""inflorescence"": 0.9704, ""flower close-up"": 0.9701, ""bud"": 0.8396, ""twig"": 0.5957, ""stem"": 0.5616}",True,True,"[""yellow flowers"", ""woody branch"", ""developing buds"", ""close-up flowers"", ""branching pattern"", ""early spring""]","[""branch"", ""flower"", ""inflorescence"", ""bud"", ""flower close-up""]",0.6667,0.8,0.7273,0.5714
baskauf/50688,Acer platanoides,vanderbilt/23-65,inflorescence / frontal view of flower,flower,"[""flower close-up"", ""flower"", ""inflorescence"", ""stem""]","{""flower close-up"": 0.9874, ""flower"": 0.9828, ""inflorescence"": 0.9697, ""stem"": 0.6092}",True,False,"[""yellow flowers"", ""flower cluster"", ""close-up view"", ""small branch"", ""detailed petals""]","[""flower"", ""inflorescence"", ""flower close-up"", ""twig"", ""flower interior"", ""frontal flower view""]",0.75,0.5,0.6,0.4286
baskauf/50707,Juniperus virginiana,ind-baskauf/50704,cone / female - closed,cone,"[""needle"", ""fruit"", ""twig"", ""fruit borne on plant"", ""fruit close-up"", ""needle attachment"", ""immature fruit""]","{""needle"": 0.9479, ""fruit"": 0.922, ""twig"": 0.897, ""fruit borne on plant"": 0.888, ""fruit close-up"": 0.8745, ""needle attachment"": 0.8588, ""immature fruit"": 0.8395}",False,False,"[""scale-like leaves"", ""dark blue fruit"", ""woody twig"", ""close-up view"", ""evergreen foliage""]","[""needle"", ""fruit"", ""twig"", ""fruit borne on plant"", ""fruit close-up""]",0.7143,1.0,0.8333,0.7143
baskauf/50709,Juniperus virginiana,ind-baskauf/50704,cone / female - closed,cone,"[""needle"", ""twig"", ""fruit close-up"", ""fruit"", ""fruit borne on plant"", ""immature fruit""]","{""needle"": 0.9653, ""twig"": 0.8759, ""fruit close-up"": 0.8658, ""fruit"": 0.8283, ""fruit borne on plant"": 0.7933, ""immature fruit"": 0.7073}",False,False,"[""scale-like leaves"", ""blue fruit"", ""woody stem"", ""evergreen foliage"", ""close-up view"", ""dark background""]","[""stem"", ""needle"", ""fruit"", ""fruit borne on plant"", ""fruit close-up""]",0.6667,0.8,0.7273,0.5714
baskauf/50711,Acer saccharum,vanderbilt/13-38,whole tree (or vine) / general,whole plant,"[""whole plant"", ""view up trunk"", ""branch"", ""leaf""]","{""whole plant"": 0.9523, ""view up trunk"": 0.8901, ""branch"": 0.8331, ""leaf"": 0.6514}",True,True,"[""emerging leaves"", ""branching crown"", ""woody branches"", ""light green foliage"", ""blue sky backdrop"", ""tree silhouette""]","[""whole plant"", ""branch"", ""leaf"", ""twig"", ""view up trunk""]",1.0,0.8,0.8889,0.8
baskauf/50713,Acer saccharum,vanderbilt/13-38,inflorescence / whole - unspecified,flower,"[""branch"", ""view up trunk"", ""whole plant"", ""trunk""]","{""branch"": 0.9454, ""view up trunk"": 0.9292, ""whole plant"": 0.9145, ""trunk"": 0.7288}",False,False,"[""branching pattern"", ""woody branches"", ""early spring buds"", ""light green catkins"", ""blue sky background"", ""upward view""]","[""whole plant"", ""branch"", ""twig"", ""bud"", ""inflorescence"", ""view up trunk""]",0.75,0.5,0.6,0.4286
baskauf/50727,Acer saccharum,ind-baskauf/50721,inflorescence / lateral view of flower,flower,"[""immature fruit"", ""flower"", ""twig"", ""bud"", ""flower close-up"", ""inflorescence"", ""fruit"", ""fruit borne on plant""]","{""immature fruit"": 0.8896, ""flower"": 0.885, ""twig"": 0.8657, ""bud"": 0.8468, ""flower close-up"": 0.8394, ""inflorescence"": 0.7891, ""fruit"": 0.7804, ""fruit borne on plant"": 0.678}",True,False,"[""hanging structures"", ""slender stalks"", ""immature flower buds"", ""woody branch"", ""fuzzy texture"", ""greenish-yellow color""]","[""branch"", ""flower"", ""immature fruit"", ""twig"", ""inflorescence""]",0.5,0.8,0.6154,0.4444
baskauf/50729,Acer saccharum,ind-baskauf/50721,inflorescence / lateral view of flower,flower,"[""immature fruit"", ""flower"", ""fruit"", ""flower close-up"", ""inflorescence"", ""fruit borne on plant"", ""bud"", ""twig""]","{""immature fruit"": 0.9358, ""flower"": 0.8597, ""fruit"": 0.8509, ""flower close-up"": 0.814, ""inflorescence"": 0.8052, ""fruit borne on plant"": 0.8034, ""bud"": 0.7586, ""twig"": 0.7244}",True,False,"[""hanging structures"", ""slender stems"", ""immature clusters"", ""pale green buds"", ""fuzzy texture""]","[""stem"", ""twig"", ""bud"", ""inflorescence"", ""immature fruit"", ""flower close-up""]",0.625,0.8333,0.7143,0.5556
baskauf/50745,Ginkgo biloba,vanderbilt/4-214,cone / female - receptive,cone,"[""bud"", ""twig"", ""flower close-up""]","{""bud"": 0.951, ""twig"": 0.7886, ""flower close-up"": 0.6747}",False,False,"[""green buds"", ""woody stem"", ""close-up view"", ""emerging growth"", ""textured bark"", ""bud cluster""]","[""stem"", ""bud"", ""twig"", ""bark"", ""flower"", ""inflorescence"", ""flower close-up""]",1.0,0.4286,0.6,0.4286
baskauf/50749,Acer rubrum,ind-baskauf/50747,whole tree (or vine) / general,whole plant,"[""winter habit"", ""whole plant"", ""branch"", ""twig""]","{""winter habit"": 0.9508, ""whole plant"": 0.9399, ""branch"": 0.8692, ""twig"": 0.5714}",True,False,"[""leafless branches"", ""red berries"", ""winter sky"", ""branching pattern"", ""dormant shrub"", ""visible stems""]","[""twig"", ""branch"", ""fruit"", ""winter habit"", ""fruit borne on plant""]",0.75,0.6,0.6667,0.5
baskauf/50750,Acer rubrum,ind-baskauf/50747,whole tree (or vine) / general,whole plant,"[""whole plant"", ""winter habit"", ""branch"", ""view up trunk"", ""twig""]","{""whole plant"": 0.9548, ""winter habit"": 0.9545, ""branch"": 0.9497, ""view up trunk"": 0.7465, ""twig"": 0.5219}",True,True,"[""red buds"", ""leafless branches"", ""sky background"", ""winter view"", ""branching pattern"", ""upward view""]","[""whole plant"", ""branch"", ""twig"", ""bud"", ""winter habit"", ""view up trunk""]",1.0,0.8333,0.9091,0.8333
baskauf/50913,Gymnocladus dioicus,ind-baskauf/50912,bark / of a large tree,bark,"[""bark"", ""trunk"", ""large-tree bark"", ""view up trunk""]","{""bark"": 0.9898, ""trunk"": 0.9855, ""large-tree bark"": 0.9848, ""view up trunk"": 0.7835}",True,True,"[""tree trunk"", ""rough bark"", ""vertical view"", ""blue sky"", ""tree branches""]","[""trunk"", ""bark"", ""large-tree bark"", ""view up trunk"", ""branch""]",1.0,0.8,0.8889,0.8
baskauf/50973,Sassafras albidum,vanderbilt/6-215,inflorescence / whole - female,flower,"[""flower close-up"", ""flower"", ""inflorescence"", ""immature fruit"", ""bud"", ""stem"", ""twig""]","{""flower close-up"": 0.9816, ""flower"": 0.9733, ""inflorescence"": 0.9701, ""immature fruit"": 0.7551, ""bud"": 0.6878, ""stem"": 0.6432, ""twig"": 0.5435}",True,False,"[""small flowers"", ""green bracts"", ""clustered blooms"", ""slender stem"", ""close-up view"", ""yellow and green""]","[""flower"", ""stem"", ""inflorescence"", ""flower close-up""]",0.5714,1.0,0.7273,0.5714
baskauf/50974,Sassafras albidum,vanderbilt/6-215,inflorescence / lateral view of flower,flower,"[""flower close-up"", ""flower"", ""inflorescence"", ""bud"", ""stem"", ""immature fruit""]","{""flower close-up"": 0.9838, ""flower"": 0.9747, ""inflorescence"": 0.9632, ""bud"": 0.7482, ""stem"": 0.7271, ""immature fruit"": 0.6793}",True,False,"[""small flowers"", ""green stem"", ""close-up view"", ""yellow and green"", ""clustered flowers"", ""delicate structures""]","[""stem"", ""flower"", ""inflorescence"", ""flower close-up""]",0.6667,1.0,0.8,0.6667
baskauf/50977,Sassafras albidum,vanderbilt/6-215,inflorescence / frontal view of flower,flower,"[""flower close-up"", ""flower"", ""inflorescence"", ""stem"", ""bud""]","{""flower close-up"": 0.9916, ""flower"": 0.9909, ""inflorescence"": 0.9736, ""stem"": 0.6881, ""bud"": 0.6612}",True,False,"[""small flowers"", ""green stems"", ""yellow flowers"", ""close-up view"", ""floral cluster"", ""fuzzy stems""]","[""flower"", ""stem"", ""flower close-up"", ""inflorescence""]",0.8,1.0,0.8889,0.8
baskauf/50978,Sassafras albidum,vanderbilt/6-215,inflorescence / whole - female,flower,"[""flower"", ""inflorescence"", ""flower close-up"", ""twig"", ""immature fruit"", ""stem"", ""bud""]","{""flower"": 0.9685, ""inflorescence"": 0.9578, ""flower close-up"": 0.9557, ""twig"": 0.7689, ""immature fruit"": 0.7465, ""stem"": 0.7375, ""bud"": 0.7232}",True,True,"[""arching stems"", ""developing fruit"", ""yellowish foliage"", ""smooth stems"", ""pendulous branches"", ""clustered fruit""]","[""stem"", ""fruit"", ""immature fruit"", ""twig"", ""fruit borne on plant"", ""inflorescence""]",0.5714,0.6667,0.6154,0.4444
baskauf/50985,Quercus palustris,vanderbilt/12-76,inflorescence / whole - female,flower,"[""bud"", ""immature fruit"", ""flower"", ""inflorescence"", ""flower close-up"", ""stem"", ""twig"", ""fruit"", ""fruit borne on plant""]","{""bud"": 0.9298, ""immature fruit"": 0.8786, ""flower"": 0.8446, ""inflorescence"": 0.8198, ""flower close-up"": 0.8103, ""stem"": 0.7857, ""twig"": 0.7672, ""fruit"": 0.7122, ""fruit borne on plant"": 0.6633}",True,False,"[""yellow flower cluster"", ""reddish twig"", ""close-up view"", ""fuzzy stem"", ""immature buds"", ""small flower parts""]","[""twig"", ""flower"", ""inflorescence"", ""stem"", ""bud"", ""flower close-up""]",0.6667,1.0,0.8,0.6667
baskauf/50987,Quercus palustris,vanderbilt/12-76,inflorescence / whole - male,flower,"[""inflorescence"", ""flower"", ""flower close-up"", ""male reproductive structure"", ""immature fruit"", ""bud"", ""fruit"", ""twig""]","{""inflorescence"": 0.9764, ""flower"": 0.9502, ""flower close-up"": 0.945, ""male reproductive structure"": 0.8699, ""immature fruit"": 0.7484, ""bud"": 0.7055, ""fruit"": 0.6096, ""twig"": 0.5926}",True,False,"[""dense cluster"", ""small reproductive structures"", ""hanging arrangement"", ""brown and yellow tones"", ""twiggy structure"", ""close-up view""]","[""twig"", ""flower"", ""inflorescence"", ""fruit"", ""flower close-up""]",0.625,1.0,0.7692,0.625
baskauf/50988,Quercus palustris,vanderbilt/12-76,inflorescence / whole - unspecified,flower,"[""inflorescence"", ""male reproductive structure"", ""twig"", ""flower"", ""branch"", ""bud"", ""immature fruit""]","{""inflorescence"": 0.9613, ""male reproductive structure"": 0.9394, ""twig"": 0.8542, ""flower"": 0.8469, ""branch"": 0.7165, ""bud"": 0.6981, ""immature fruit"": 0.6513}",True,False,"[""hanging catkins"", ""woody branch"", ""immature cones"", ""early spring growth"", ""yellowish flowers"", ""reddish branch"", ""elongated structures""]","[""branch"", ""twig"", ""inflorescence"", ""flower"", ""male reproductive structure"", ""immature fruit"", ""fruit borne on plant""]",0.8571,0.8571,0.8571,0.75
baskauf/50992,Celtis occidentalis,vanderbilt/12-33,inflorescence / whole - unspecified,flower,"[""stem"", ""bud"", ""flower close-up"", ""flower"", ""leaf"", ""immature fruit"", ""inflorescence"", ""leaf arrangement on twig"", ""twig""]","{""stem"": 0.8385, ""bud"": 0.833, ""flower close-up"": 0.8086, ""flower"": 0.787, ""leaf"": 0.7532, ""immature fruit"": 0.6823, ""inflorescence"": 0.6355, ""leaf arrangement on twig"": 0.5743, ""twig"": 0.5374}",True,False,"[""green leaves"", ""developing flowers"", ""woody stem"", ""close-up view"", ""leaf veins"", ""clustered flowers""]","[""leaf"", ""stem"", ""flower"", ""inflorescence"", ""leaf upper surface"", ""fruit"", ""immature fruit"", ""flower close-up""]",0.6667,0.75,0.7059,0.5455
baskauf/50993,Celtis occidentalis,vanderbilt/12-33,inflorescence / lateral view of flower,flower,"[""flower close-up"", ""flower"", ""stem"", ""bud"", ""immature fruit"", ""inflorescence"", ""leaf""]","{""flower close-up"": 0.9065, ""flower"": 0.8925, ""stem"": 0.8755, ""bud"": 0.8255, ""immature fruit"": 0.821, ""inflorescence"": 0.767, ""leaf"": 0.5206}",True,False,"[""green leaves"", ""developing flowers"", ""angled stem"", ""close-up view"", ""light green buds"", ""textured leaves""]","[""leaf"", ""stem"", ""flower"", ""inflorescence"", ""immature fruit"", ""flower close-up""]",0.8571,1.0,0.9231,0.8571
baskauf/50996,Ginkgo biloba,vanderbilt/4-214,cone / female - receptive,cone,"[""immature fruit"", ""stem"", ""fruit"", ""bud"", ""fruit borne on plant"", ""flower close-up""]","{""immature fruit"": 0.9068, ""stem"": 0.9039, ""fruit"": 0.8182, ""bud"": 0.8171, ""fruit borne on plant"": 0.8043, ""flower close-up"": 0.7318}",False,False,"[""green stems"", ""developing buds"", ""smooth stems"", ""dark background"", ""close-up view"", ""hanging structures""]","[""stem"", ""bud"", ""immature fruit"", ""fruit borne on plant"", ""flower close-up""]",0.8333,1.0,0.9091,0.8333
baskauf/50998,Ginkgo biloba,vanderbilt/4-214,cone / female - receptive,cone,"[""bud"", ""immature fruit"", ""stem"", ""fruit borne on plant"", ""fruit""]","{""bud"": 0.8329, ""immature fruit"": 0.8096, ""stem"": 0.8094, ""fruit borne on plant"": 0.7167, ""fruit"": 0.6405}",False,False,"[""green stems"", ""developing buds"", ""close-up view"", ""radial arrangement"", ""smooth surface"", ""dark background""]","[""stem"", ""bud"", ""immature fruit"", ""fruit borne on plant"", ""flower close-up""]",0.8,0.8,0.8,0.6667
baskauf/51003,Cercis canadensis,ind-baskauf/51001,inflorescence / whole - unspecified,flower,"[""flower close-up"", ""flower"", ""inflorescence"", ""branch"", ""trunk""]","{""flower close-up"": 0.894, ""flower"": 0.8326, ""inflorescence"": 0.7963, ""branch"": 0.7409, ""trunk"": 0.6198}",True,False,"[""pink flowers"", ""textured bark"", ""woody trunks"", ""clustered blooms"", ""vertical composition"", ""dark background""]","[""trunk"", ""bark"", ""flower"", ""inflorescence"", ""large-tree bark"", ""flower close-up""]",0.8,0.6667,0.7273,0.5714
baskauf/51004,Cercis canadensis,ind-baskauf/51001,inflorescence / whole - unspecified,flower,"[""branch"", ""inflorescence"", ""flower"", ""twig""]","{""branch"": 0.882, ""inflorescence"": 0.8099, ""flower"": 0.7027, ""twig"": 0.6333}",True,False,"[""pink flowers"", ""woody branches"", ""smooth bark"", ""early spring bloom"", ""tree against brick""]","[""branch"", ""flower"", ""inflorescence"", ""bark"", ""whole plant""]",0.75,0.6,0.6667,0.5
baskauf/51013,Sassafras albidum,ind-baskauf/51010,inflorescence / frontal view of flower,flower,"[""flower"", ""flower close-up"", ""inflorescence"", ""bud"", ""twig"", ""stem""]","{""flower"": 0.9959, ""flower close-up"": 0.9944, ""inflorescence"": 0.9925, ""bud"": 0.7501, ""twig"": 0.5952, ""stem"": 0.5272}",True,True,"[""small green buds"", ""yellow stamens"", ""developing fruit"", ""close-up floral detail"", ""branching structure"", ""light green bracts""]","[""bud"", ""flower"", ""fruit"", ""flower close-up"", ""twig"", ""inflorescence"", ""immature fruit""]",0.8333,0.7143,0.7692,0.625
baskauf/51014,Sassafras albidum,ind-baskauf/51010,inflorescence / frontal view of flower,flower,"[""flower close-up"", ""flower"", ""inflorescence"", ""flower interior"", ""stem"", ""twig""]","{""flower close-up"": 0.9961, ""flower"": 0.996, ""inflorescence"": 0.9839, ""flower interior"": 0.857, ""stem"": 0.7893, ""twig"": 0.4815}",True,False,"[""yellow flowers"", ""small flowers"", ""flower cluster"", ""close-up view"", ""green stems"", ""hairy stems""]","[""flower"", ""inflorescence"", ""flower close-up"", ""stem""]",0.6667,1.0,0.8,0.6667
baskauf/51027,Sassafras albidum,ind-baskauf/51010,whole tree (or vine) / general,whole plant,"[""branch"", ""whole plant"", ""winter habit"", ""twig""]","{""branch"": 0.9486, ""whole plant"": 0.9458, ""winter habit"": 0.9279, ""twig"": 0.8694}",True,False,"[""leafless branches"", ""emerging buds"", ""vertical trunk"", ""early spring"", ""woodland scene"", ""blue sky"", ""bare trees"", ""budding branches""]","[""whole plant"", ""trunk"", ""branch"", ""twig"", ""bud"", ""winter habit"", ""view up trunk""]",1.0,0.5714,0.7273,0.5714
baskauf/51161,Magnolia acuminata,vanderbilt/12-206,inflorescence / lateral view of flower,flower,"[""flower"", ""flower close-up"", ""immature fruit"", ""inflorescence""]","{""flower"": 0.8139, ""flower close-up"": 0.7542, ""immature fruit"": 0.7498, ""inflorescence"": 0.6908}",True,True,"[""emerging flower"", ""pale green petals"", ""woody stem"", ""close-up flower"", ""budding flower"", ""spring bloom""]","[""flower"", ""flower close-up"", ""stem"", ""bud"", ""flower interior""]",0.5,0.4,0.4444,0.2857
baskauf/51163,Magnolia acuminata,vanderbilt/12-206,inflorescence / lateral view of flower,flower,"[""flower"", ""flower close-up"", ""immature fruit"", ""fruit borne on plant"", ""inflorescence"", ""stem""]","{""flower"": 0.7831, ""flower close-up"": 0.7597, ""immature fruit"": 0.7497, ""fruit borne on plant"": 0.7086, ""inflorescence"": 0.6645, ""stem"": 0.6205}",True,True,"[""emerging flower"", ""green petals"", ""central cone"", ""woody stem"", ""close-up flower"", ""light and shadow""]","[""flower"", ""flower close-up"", ""inflorescence"", ""stem"", ""bud""]",0.6667,0.8,0.7273,0.5714
baskauf/51164,Magnolia acuminata,vanderbilt/12-206,inflorescence / whole - unspecified,flower,"[""branch"", ""whole plant"", ""twig"", ""view up trunk"", ""winter habit"", ""leaf""]","{""branch"": 0.9708, ""whole plant"": 0.8584, ""twig"": 0.8306, ""view up trunk"": 0.8202, ""winter habit"": 0.7865, ""leaf"": 0.7576}",False,False,"[""branching pattern"", ""new leaves"", ""light green foliage"", ""sky background"", ""woody branches"", ""spring growth""]","[""branch"", ""leaf"", ""twig"", ""view up trunk""]",0.6667,1.0,0.8,0.6667
baskauf/51169,Fraxinus pennsylvanica,vanderbilt/12-209,inflorescence / lateral view of flower,flower,"[""twig"", ""bud"", ""stem""]","{""twig"": 0.8933, ""bud"": 0.8182, ""stem"": 0.694}",False,False,"[""new growth"", ""tender shoots"", ""emerging leaves"", ""green stem"", ""close-up view"", ""vertical orientation""]","[""stem"", ""twig"", ""bud"", ""leaf"", ""leaf arrangement on twig""]",1.0,0.6,0.75,0.6
baskauf/51172,Fraxinus pennsylvanica,vanderbilt/12-209,inflorescence / whole - female,flower,"[""bud"", ""twig"", ""stem"", ""leaf arrangement on twig""]","{""bud"": 0.9416, ""twig"": 0.9359, ""stem"": 0.816, ""leaf arrangement on twig"": 0.5952}",False,False,"[""young shoots"", ""emerging leaves"", ""gray stem"", ""budding branches"", ""vertical composition"", ""dark background""]","[""stem"", ""twig"", ""bud"", ""leaf arrangement on twig"", ""winter twig""]",1.0,0.8,0.8889,0.8
baskauf/51174,Fraxinus pennsylvanica,vanderbilt/12-209,inflorescence / whole - male,flower,"[""inflorescence"", ""flower"", ""flower close-up"", ""twig"", ""stem""]","{""inflorescence"": 0.9311, ""flower"": 0.9049, ""flower close-up"": 0.8537, ""twig"": 0.7559, ""stem"": 0.6544}",True,False,"[""new growth"", ""immature fruit cluster"", ""small stem"", ""budding structures"", ""green and reddish hues""]","[""stem"", ""twig"", ""bud"", ""fruit"", ""immature fruit"", ""fruit borne on plant""]",0.4,0.3333,0.3636,0.2222
baskauf/51175,Fraxinus pennsylvanica,vanderbilt/12-209,inflorescence / lateral view of flower,flower,"[""flower"", ""inflorescence"", ""flower close-up"", ""stem"", ""fruit borne on plant"", ""twig""]","{""flower"": 0.8713, ""inflorescence"": 0.8566, ""flower close-up"": 0.8565, ""stem"": 0.6879, ""fruit borne on plant"": 0.5481, ""twig"": 0.5209}",True,True,"[""elongated structures"", ""green stem"", ""developing buds"", ""clustered growth"", ""close-up view"", ""dark background""]","[""stem"", ""bud"", ""inflorescence"", ""fruit"", ""immature fruit"", ""flower close-up""]",0.5,0.5,0.5,0.3333
baskauf/51183,Quercus bicolor,vanderbilt/12-11,inflorescence / whole - unspecified,flower,"[""inflorescence"", ""flower"", ""bud"", ""flower close-up"", ""immature fruit"", ""twig"", ""fruit"", ""branch""]","{""inflorescence"": 0.9803, ""flower"": 0.9168, ""bud"": 0.8053, ""flower close-up"": 0.7797, ""immature fruit"": 0.7493, ""twig"": 0.7215, ""fruit"": 0.6298, ""branch"": 0.5894}",True,False,"[""hanging clusters"", ""small flower structures"", ""woody branch"", ""early spring growth"", ""pendulous inflorescence"", ""green and brown tones""]","[""branch"", ""flower"", ""inflorescence"", ""immature fruit"", ""fruit borne on plant""]",0.5,0.8,0.6154,0.4444
baskauf/51186,Quercus bicolor,vanderbilt/12-11,inflorescence / whole - male,flower,"[""inflorescence"", ""flower close-up"", ""bud"", ""flower"", ""immature fruit"", ""twig"", ""fruit"", ""stem""]","{""inflorescence"": 0.9575, ""flower close-up"": 0.929, ""bud"": 0.9262, ""flower"": 0.9222, ""immature fruit"": 0.8356, ""twig"": 0.8258, ""fruit"": 0.6623, ""stem"": 0.6324}",True,False,"[""dense twig arrangement"", ""small developing structures"", ""green and brown stems"", ""close-up view"", ""fuzzy texture"", ""clustered growth""]","[""twig"", ""stem"", ""inflorescence"", ""immature fruit"", ""flower close-up""]",0.625,1.0,0.7692,0.625
baskauf/51397,Nyssa sylvatica,vanderbilt/6-239,inflorescence / frontal view of flower,flower,"[""flower close-up"", ""flower"", ""leaf"", ""stem"", ""inflorescence""]","{""flower close-up"": 0.9589, ""flower"": 0.9499, ""leaf"": 0.9458, ""stem"": 0.8816, ""inflorescence"": 0.8641}",True,False,"[""green leaves"", ""small flowers"", ""tender stem"", ""close-up view"", ""smooth leaf surface"", ""clustered flowers""]","[""leaf"", ""flower"", ""stem"", ""inflorescence"", ""flower close-up""]",1.0,1.0,1.0,1.0
baskauf/51398,Nyssa sylvatica,vanderbilt/6-239,inflorescence / lateral view of flower,flower,"[""flower close-up"", ""stem"", ""immature fruit"", ""flower"", ""leaf""]","{""flower close-up"": 0.9414, ""stem"": 0.9184, ""immature fruit"": 0.8565, ""flower"": 0.8054, ""leaf"": 0.7415}",True,False,"[""green stem"", ""small leaves"", ""developing flowers"", ""hairy stem"", ""curled flower parts""]","[""stem"", ""leaf"", ""flower"", ""immature fruit"", ""fruit borne on plant""]",0.8,0.8,0.8,0.6667
baskauf/51402,Nyssa sylvatica,vanderbilt/6-239,inflorescence / lateral view of flower,flower,"[""stem"", ""flower close-up"", ""immature fruit"", ""leaf"", ""bud""]","{""stem"": 0.8735, ""flower close-up"": 0.8382, ""immature fruit"": 0.8183, ""leaf"": 0.7378, ""bud"": 0.6771}",False,False,"[""green leaves"", ""developing flower cluster"", ""fuzzy stem"", ""close-up view"", ""bright green""]","[""leaf"", ""stem"", ""inflorescence"", ""flower"", ""immature fruit"", ""fruit borne on plant""]",0.6,0.5,0.5455,0.375
baskauf/51406,Nyssa sylvatica,vanderbilt/6-239,inflorescence / whole - female,flower,"[""leaf"", ""stem"", ""immature fruit"", ""leaf arrangement on twig"", ""twig""]","{""leaf"": 0.974, ""stem"": 0.8696, ""immature fruit"": 0.7792, ""leaf arrangement on twig"": 0.7451, ""twig"": 0.6017}",False,False,"[""green leaves"", ""small flowers"", ""woody stem"", ""developing buds"", ""leaf arrangement""]","[""leaf"", ""stem"", ""flower"", ""inflorescence"", ""leaf arrangement on twig"", ""bud""]",0.6,0.5,0.5455,0.375
baskauf/51409,Nyssa sylvatica,vanderbilt/6-238,inflorescence / whole - male,flower,"[""leaf"", ""inflorescence"", ""flower"", ""stem"", ""branch"", ""twig""]","{""leaf"": 0.9706, ""inflorescence"": 0.9557, ""flower"": 0.9108, ""stem"": 0.7239, ""branch"": 0.6962, ""twig"": 0.5875}",True,False,"[""broad leaves"", ""yellow flower clusters"", ""woody branches"", ""green foliage"", ""close-up view"", ""natural light""]","[""leaf"", ""branch"", ""flower"", ""inflorescence"", ""leaf upper surface""]",0.6667,0.8,0.7273,0.5714
baskauf/51411,Nyssa sylvatica,vanderbilt/6-238,inflorescence / whole - male,flower,"[""leaf"", ""inflorescence"", ""flower"", ""immature fruit"", ""stem"", ""twig""]","{""leaf"": 0.9662, ""inflorescence"": 0.9644, ""flower"": 0.9087, ""immature fruit"": 0.7253, ""stem"": 0.7239, ""twig"": 0.4784}",True,False,"[""green leaves"", ""small clusters"", ""developing flowers"", ""branching pattern"", ""bright green"", ""close-up foliage""]","[""leaf"", ""branch"", ""flower"", ""inflorescence"", ""immature fruit"", ""fruit borne on plant""]",0.6667,0.6667,0.6667,0.5
baskauf/51414,Nyssa sylvatica,vanderbilt/6-238,inflorescence / frontal view of flower,flower,"[""inflorescence"", ""flower"", ""flower close-up"", ""leaf"", ""stem"", ""fruit borne on plant""]","{""inflorescence"": 0.9804, ""flower"": 0.9769, ""flower close-up"": 0.9708, ""leaf"": 0.7938, ""stem"": 0.6894, ""fruit borne on plant"": 0.5266}",True,False,"[""green leaves"", ""small buds"", ""yellow buds"", ""stem"", ""close-up"", ""dark background"", ""branching structure""]","[""leaf"", ""stem"", ""bud"", ""flower"", ""inflorescence"", ""flower close-up""]",0.8333,0.8333,0.8333,0.7143
baskauf/51416,Nyssa sylvatica,vanderbilt/6-238,inflorescence / frontal view of flower,flower,"[""inflorescence"", ""flower"", ""flower close-up"", ""stem"", ""leaf""]","{""inflorescence"": 0.9717, ""flower"": 0.9598, ""flower close-up"": 0.9474, ""stem"": 0.8265, ""leaf"": 0.8201}",True,False,"[""green leaves"", ""yellow clusters"", ""developing fruit"", ""smooth stem"", ""close-up view"", ""bright green fruit""]","[""leaf"", ""flower"", ""inflorescence"", ""fruit"", ""stem"", ""fruit borne on plant"", ""flower close-up"", ""immature fruit""]",1.0,0.625,0.7692,0.625
baskauf/51418,Nyssa sylvatica,vanderbilt/6-238,inflorescence / whole - male,flower,"[""inflorescence"", ""flower"", ""leaf"", ""flower close-up"", ""stem""]","{""inflorescence"": 0.9562, ""flower"": 0.9306, ""leaf"": 0.9064, ""flower close-up"": 0.8816, ""stem"": 0.7863}",True,False,"[""green leaves"", ""yellow flower clusters"", ""woody stem"", ""close-up view"", ""bright light"", ""smooth leaf surface""]","[""leaf"", ""flower"", ""inflorescence"", ""stem"", ""flower close-up""]",1.0,1.0,1.0,1.0
baskauf/51420,Aesculus glabra,vanderbilt/11-210,fruit / immature,fruit,"[""flower close-up"", ""flower"", ""immature fruit"", ""inflorescence"", ""fruit"", ""stem"", ""bud""]","{""flower close-up"": 0.9686, ""flower"": 0.9439, ""immature fruit"": 0.8802, ""inflorescence"": 0.8724, ""fruit"": 0.8663, ""stem"": 0.8266, ""bud"": 0.6596}",True,False,"[""delicate flowers"", ""fuzzy texture"", ""green stem"", ""close-up view"", ""pale coloration"", ""complex structure""]","[""flower"", ""stem"", ""flower close-up"", ""inflorescence""]",0.5714,1.0,0.7273,0.5714
baskauf/51572,Carya cordiformis,vanderbilt/7-289,inflorescence / whole - unspecified,flower,"[""inflorescence"", ""flower"", ""immature fruit"", ""fruit"", ""fruit borne on plant"", ""stem"", ""twig"", ""branch"", ""leaf""]","{""inflorescence"": 0.9682, ""flower"": 0.8638, ""immature fruit"": 0.801, ""fruit"": 0.7841, ""fruit borne on plant"": 0.7353, ""stem"": 0.6767, ""twig"": 0.6731, ""branch"": 0.5805, ""leaf"": 0.5244}",True,False,"[""hanging clusters"", ""green catkins"", ""broad leaves"", ""developing fruit"", ""woody branch"", ""dense inflorescence""]","[""inflorescence"", ""leaf"", ""branch"", ""fruit"", ""immature fruit""]",0.5556,1.0,0.7143,0.5556
baskauf/51574,Carya cordiformis,vanderbilt/7-289,inflorescence / whole - female,flower,"[""stem"", ""immature fruit"", ""flower"", ""flower close-up"", ""inflorescence"", ""bud"", ""twig"", ""leaf""]","{""stem"": 0.9543, ""immature fruit"": 0.8872, ""flower"": 0.8141, ""flower close-up"": 0.8084, ""inflorescence"": 0.731, ""bud"": 0.6305, ""twig"": 0.583, ""leaf"": 0.5696}",True,False,"[""green stem"", ""developing buds"", ""small immature fruit"", ""leafy background"", ""close-up view""]","[""stem"", ""bud"", ""fruit"", ""immature fruit"", ""flower close-up""]",0.5,0.8,0.6154,0.4444
baskauf/51575,Carya cordiformis,vanderbilt/7-289,inflorescence / whole - female,flower,"[""stem"", ""bud"", ""immature fruit"", ""flower"", ""leaf"", ""leaf arrangement on twig"", ""twig"", ""inflorescence""]","{""stem"": 0.9527, ""bud"": 0.8738, ""immature fruit"": 0.8323, ""flower"": 0.7567, ""leaf"": 0.7417, ""leaf arrangement on twig"": 0.7184, ""twig"": 0.7023, ""inflorescence"": 0.6254}",True,False,"[""green stem"", ""small flower clusters"", ""hairy buds"", ""close-up view"", ""developing flowers"", ""green foliage""]","[""stem"", ""flower"", ""inflorescence"", ""bud"", ""flower close-up""]",0.5,0.8,0.6154,0.4444
baskauf/51577,Carya cordiformis,vanderbilt/7-289,inflorescence / whole - male,flower,"[""inflorescence"", ""male reproductive structure"", ""flower"", ""immature fruit"", ""fruit"", ""fruit borne on plant"", ""leaf"", ""twig"", ""branch"", ""stem""]","{""inflorescence"": 0.955, ""male reproductive structure"": 0.8653, ""flower"": 0.8344, ""immature fruit"": 0.7315, ""fruit"": 0.7077, ""fruit borne on plant"": 0.6548, ""leaf"": 0.5638, ""twig"": 0.5611, ""branch"": 0.5523, ""stem"": 0.545}",True,False,"[""hanging catkins"", ""green catkins"", ""woody branch"", ""broad leaves"", ""pendulous inflorescence"", ""close-up view""]","[""branch"", ""leaf"", ""inflorescence"", ""twig"", ""immature fruit"", ""fruit borne on plant""]",0.6,1.0,0.75,0.6
baskauf/51578,Carya cordiformis,vanderbilt/7-289,inflorescence / whole - male,flower,"[""inflorescence"", ""immature fruit"", ""flower"", ""twig"", ""stem"", ""flower close-up"", ""fruit borne on plant"", ""bud"", ""fruit""]","{""inflorescence"": 0.9544, ""immature fruit"": 0.8581, ""flower"": 0.8524, ""twig"": 0.815, ""stem"": 0.7774, ""flower close-up"": 0.7062, ""fruit borne on plant"": 0.6847, ""bud"": 0.6459, ""fruit"": 0.6351}",True,False,"[""pendulous clusters"", ""green catkins"", ""smooth branch"", ""close-up view"", ""elongated structures"", ""early spring growth""]","[""branch"", ""inflorescence"", ""flower"", ""fruit"", ""immature fruit""]",0.4444,0.8,0.5714,0.4
baskauf/51686,Gymnocladus dioicus,ind-baskauf/24227,inflorescence / whole - unspecified,flower,"[""flower close-up"", ""stem""]","{""flower close-up"": 0.8125, ""stem"": 0.7173}",False,False,"[""elongated stem"", ""developing flowers"", ""pendulous buds"", ""green stem"", ""dark background"", ""floral arrangement""]","[""stem"", ""flower"", ""inflorescence"", ""bud"", ""immature fruit"", ""fruit borne on plant""]",0.5,0.1667,0.25,0.1429
baskauf/51688,Gymnocladus dioicus,ind-baskauf/24227,fruit / immature,fruit,"[""flower close-up"", ""flower"", ""stem"", ""inflorescence"", ""immature fruit""]","{""flower close-up"": 0.972, ""flower"": 0.9211, ""stem"": 0.8435, ""inflorescence"": 0.7357, ""immature fruit"": 0.717}",False,False,"[""small flowers"", ""developing fruit"", ""green bracts"", ""woody stem"", ""close-up view"", ""pale petals""]","[""flower"", ""fruit"", ""immature fruit"", ""stem"", ""flower close-up""]",0.8,0.8,0.8,0.6667
baskauf/51691,Gymnocladus dioicus,ind-baskauf/24227,inflorescence / close-up of flower interior,flower,"[""flower close-up"", ""flower"", ""stem"", ""bud"", ""twig""]","{""flower close-up"": 0.9359, ""flower"": 0.8222, ""stem"": 0.7651, ""bud"": 0.7192, ""twig"": 0.5841}",True,False,"[""small white flowers"", ""green stems"", ""close-up view"", ""delicate petals"", ""clustered flowers"", ""emerging buds""]","[""flower"", ""stem"", ""flower close-up"", ""inflorescence""]",0.6,0.75,0.6667,0.5
baskauf/51694,Gymnocladus dioicus,ind-baskauf/24227,fruit / immature,fruit,"[""flower close-up"", ""immature fruit"", ""stem"", ""fruit"", ""fruit close-up"", ""bud"", ""twig""]","{""flower close-up"": 0.8963, ""immature fruit"": 0.8087, ""stem"": 0.8015, ""fruit"": 0.7844, ""fruit close-up"": 0.7789, ""bud"": 0.6714, ""twig"": 0.5633}",True,False,"[""elongated bud"", ""green and brown tones"", ""close-up view"", ""stem detail"", ""developing structure"", ""partially open bud""]","[""bud"", ""stem"", ""flower"", ""flower close-up"", ""immature fruit""]",0.5714,0.8,0.6667,0.5
baskauf/51695,Gymnocladus dioicus,ind-baskauf/24227,fruit / immature,fruit,"[""flower close-up"", ""bud"", ""stem"", ""twig""]","{""flower close-up"": 0.9148, ""bud"": 0.8608, ""stem"": 0.8271, ""twig"": 0.6869}",False,False,"[""developing buds"", ""elongated buds"", ""green and brown buds"", ""close-up view"", ""twig"", ""pointed buds""]","[""bud"", ""twig"", ""flower"", ""flower close-up""]",0.75,0.75,0.75,0.6
baskauf/51704,Gymnocladus dioicus,ind-baskauf/24227,inflorescence / lateral view of flower,flower,"[""flower close-up"", ""flower"", ""stem""]","{""flower close-up"": 0.9456, ""flower"": 0.8163, ""stem"": 0.7614}",True,False,"[""delicate flower"", ""green stem"", ""closed buds"", ""pale petals"", ""close-up view"", ""elongated fruit""]","[""stem"", ""bud"", ""flower"", ""flower close-up"", ""fruit"", ""immature fruit""]",1.0,0.5,0.6667,0.5
baskauf/51706,Gymnocladus dioicus,ind-baskauf/24227,inflorescence / frontal view of flower,flower,"[""flower close-up"", ""flower"", ""stem"", ""twig""]","{""flower close-up"": 0.9428, ""flower"": 0.8703, ""stem"": 0.8147, ""twig"": 0.687}",True,False,"[""delicate flower"", ""pale green petals"", ""dark stem"", ""close-up flower"", ""developing buds"", ""twig with buds""]","[""flower"", ""stem"", ""twig"", ""bud"", ""flower close-up""]",1.0,0.8,0.8889,0.8
baskauf/51730,Lonicera morrowii,ind-baskauf/51729,inflorescence / frontal view of flower,flower,"[""flower close-up"", ""lateral flower view"", ""flower"", ""flower interior"", ""inflorescence"", ""stem"", ""leaf""]","{""flower close-up"": 0.949, ""lateral flower view"": 0.917, ""flower"": 0.9041, ""flower interior"": 0.8708, ""inflorescence"": 0.6563, ""stem"": 0.556, ""leaf"": 0.5514}",True,False,"[""tubular flowers"", ""pink blossoms"", ""green leaves"", ""yellow stamens"", ""close-up floral"", ""detailed flower structure""]","[""flower"", ""flower close-up"", ""leaf"", ""inflorescence"", ""flower interior"", ""lateral flower view""]",0.8571,1.0,0.9231,0.8571
baskauf/51731,Lonicera morrowii,ind-baskauf/51729,inflorescence / whole - unspecified,flower,"[""flower close-up"", ""lateral flower view"", ""flower"", ""inflorescence"", ""stem"", ""leaf""]","{""flower close-up"": 0.921, ""lateral flower view"": 0.8857, ""flower"": 0.8834, ""inflorescence"": 0.6728, ""stem"": 0.5867, ""leaf"": 0.545}",True,False,"[""tubular flowers"", ""green leaves"", ""pink and yellow flowers"", ""stem"", ""close-up view"", ""floral cluster""]","[""flower"", ""leaf"", ""stem"", ""inflorescence"", ""flower close-up""]",0.8333,1.0,0.9091,0.8333
baskauf/51734,Lonicera morrowii,ind-baskauf/51729,leaf / whole upper surface,leaf,"[""leaf"", ""leaf arrangement on twig"", ""stem""]","{""leaf"": 0.9751, ""leaf arrangement on twig"": 0.7949, ""stem"": 0.6998}",True,True,"[""green leaves"", ""leaf veins"", ""smooth stem"", ""close-up view"", ""leaf texture"", ""ovate leaves""]","[""leaf"", ""stem"", ""leaf upper surface""]",0.6667,0.6667,0.6667,0.5
baskauf/51736,Lonicera morrowii,ind-baskauf/51729,twig / orientation of petioles,twig,"[""leaf arrangement on twig"", ""bud"", ""twig"", ""leaf"", ""stem""]","{""leaf arrangement on twig"": 0.8451, ""bud"": 0.8296, ""twig"": 0.8123, ""leaf"": 0.7422, ""stem"": 0.7249}",True,False,"[""green stem"", ""broad leaves"", ""woody stem"", ""leaf arrangement"", ""developing buds"", ""close-up view""]","[""stem"", ""leaf"", ""twig"", ""bud"", ""leaf arrangement on twig""]",1.0,1.0,1.0,1.0
baskauf/51738,Lonicera morrowii,ind-baskauf/51729,bark / of a small tree or small branch,bark,"[""bark"", ""medium-tree or large-branch bark"", ""trunk"", ""large-tree bark"", ""branch""]","{""bark"": 0.9826, ""medium-tree or large-branch bark"": 0.951, ""trunk"": 0.8984, ""large-tree bark"": 0.8791, ""branch"": 0.5583}",True,True,"[""tree trunk"", ""branching pattern"", ""textured bark"", ""grayish bark"", ""close-up bark"", ""woody structure""]","[""trunk"", ""branch"", ""bark"", ""medium-tree or large-branch bark""]",0.8,1.0,0.8889,0.8
baskauf/51741,Lonicera morrowii,ind-baskauf/51729,whole tree (or vine) / general,whole plant,"[""leaf"", ""whole plant"", ""flower"", ""branch"", ""twig"", ""stem""]","{""leaf"": 0.9023, ""whole plant"": 0.8769, ""flower"": 0.8008, ""branch"": 0.7357, ""twig"": 0.5592, ""stem"": 0.5289}",True,False,"[""dense foliage"", ""pink flowers"", ""multiple stems"", ""bushy habit"", ""green leaves"", ""branching pattern"", ""natural light"", ""outdoor scene""]","[""whole plant"", ""stem"", ""leaf"", ""flower"", ""branch"", ""inflorescence"", ""fruit borne on plant""]",0.8333,0.7143,0.7692,0.625
baskauf/51771,Gleditsia triacanthos,ind-baskauf/51771,inflorescence / unspecified,flower,"[""inflorescence"", ""stem"", ""flower"", ""leaf"", ""immature fruit"", ""twig"", ""leaf arrangement on twig""]","{""inflorescence"": 0.9134, ""stem"": 0.8828, ""flower"": 0.8373, ""leaf"": 0.8324, ""immature fruit"": 0.7494, ""twig"": 0.7355, ""leaf arrangement on twig"": 0.6505}",True,False,"[""elongated green clusters"", ""smooth reddish stem"", ""compound leaves"", ""bright green foliage"", ""close-up view"", ""angled lighting""]","[""stem"", ""leaf"", ""inflorescence"", ""twig"", ""leaf arrangement on twig""]",0.7143,1.0,0.8333,0.7143
baskauf/51793,Lonicera morrowii,ind-baskauf/51793,whole tree (or vine) / general,whole plant,"[""whole plant"", ""flower"", ""leaf"", ""branch"", ""inflorescence"", ""trunk""]","{""whole plant"": 0.9687, ""flower"": 0.8654, ""leaf"": 0.842, ""branch"": 0.8275, ""inflorescence"": 0.7427, ""trunk"": 0.606}",True,True,"[""dense foliage"", ""white flowers"", ""woodland scene"", ""vertical trunks"", ""green leaves"", ""branching pattern""]","[""whole plant"", ""trunk"", ""branch"", ""leaf"", ""flower"", ""inflorescence""]",1.0,1.0,1.0,1.0
baskauf/51797,Lonicera morrowii,ind-baskauf/51793,whole tree (or vine) / general,whole plant,"[""whole plant"", ""leaf"", ""branch"", ""view up trunk"", ""stem"", ""trunk"", ""twig""]","{""whole plant"": 0.9777, ""leaf"": 0.9103, ""branch"": 0.837, ""view up trunk"": 0.7476, ""stem"": 0.6981, ""trunk"": 0.668, ""twig"": 0.5503}",True,True,"[""green foliage"", ""woody stems"", ""forest scene"", ""white flowers"", ""dense vegetation"", ""tree trunks""]","[""whole plant"", ""trunk"", ""stem"", ""leaf"", ""flower"", ""branch""]",0.7143,0.8333,0.7692,0.625
baskauf/51799,Lonicera morrowii,ind-baskauf/51793,inflorescence / whole - unspecified,flower,"[""flower"", ""leaf"", ""inflorescence"", ""flower close-up"", ""stem""]","{""flower"": 0.9438, ""leaf"": 0.9005, ""inflorescence"": 0.8739, ""flower close-up"": 0.8097, ""stem"": 0.6103}",True,True,"[""white and yellow flowers"", ""opposite leaves"", ""vining habit"", ""green foliage"", ""bright sunlight"", ""dense growth""]","[""leaf"", ""flower"", ""inflorescence"", ""stem"", ""twig"", ""leaf arrangement on twig""]",0.8,0.6667,0.7273,0.5714
baskauf/51804,Lonicera morrowii,ind-baskauf/51793,inflorescence / frontal view of flower,flower,"[""flower interior"", ""flower close-up"", ""flower"", ""lateral flower view"", ""inflorescence"", ""leaf"", ""stem""]","{""flower interior"": 0.9432, ""flower close-up"": 0.9404, ""flower"": 0.9391, ""lateral flower view"": 0.855, ""inflorescence"": 0.7124, ""leaf"": 0.694, ""stem"": 0.6812}",True,False,"[""tubular flowers"", ""yellow stamens"", ""green leaves"", ""close-up view"", ""floral arrangement"", ""brightly lit""]","[""flower"", ""flower close-up"", ""leaf"", ""inflorescence"", ""flower interior""]",0.7143,1.0,0.8333,0.7143
baskauf/51807,Lonicera morrowii,ind-baskauf/51793,inflorescence / lateral view of flower,flower,"[""flower"", ""flower interior"", ""flower close-up"", ""inflorescence"", ""leaf"", ""stem""]","{""flower"": 0.9644, ""flower interior"": 0.9498, ""flower close-up"": 0.9427, ""inflorescence"": 0.8766, ""leaf"": 0.792, ""stem"": 0.7369}",True,True,"[""tubular flowers"", ""yellow and white petals"", ""green leaves"", ""slender stems"", ""close-up view"", ""brightly lit""]","[""flower"", ""flower close-up"", ""leaf"", ""stem"", ""inflorescence""]",0.8333,1.0,0.9091,0.8333
baskauf/51808,Lonicera morrowii,ind-baskauf/51793,inflorescence / lateral view of flower,flower,"[""flower"", ""flower close-up"", ""flower interior"", ""leaf"", ""stem""]","{""flower"": 0.8964, ""flower close-up"": 0.8962, ""flower interior"": 0.8737, ""leaf"": 0.7827, ""stem"": 0.7121}",True,True,"[""trumpet-shaped flowers"", ""green leaves"", ""elongated petals"", ""dark background"", ""floral cluster"", ""close-up view""]","[""flower"", ""leaf"", ""flower close-up"", ""inflorescence"", ""lateral flower view""]",0.6,0.6,0.6,0.4286
baskauf/51813,Zanthoxylum americanum,ind-baskauf/51813,inflorescence / frontal view of flower,flower,"[""flower"", ""inflorescence"", ""flower close-up"", ""bud"", ""immature fruit"", ""twig"", ""stem"", ""fruit borne on plant""]","{""flower"": 0.9578, ""inflorescence"": 0.9332, ""flower close-up"": 0.9239, ""bud"": 0.901, ""immature fruit"": 0.7806, ""twig"": 0.7531, ""stem"": 0.6895, ""fruit borne on plant"": 0.6686}",True,True,"[""woody stem"", ""emerging leaves"", ""flower buds"", ""star-shaped arrangement"", ""close-up view"", ""green and yellow hues""]","[""stem"", ""bud"", ""flower"", ""inflorescence"", ""flower close-up""]",0.625,1.0,0.7692,0.625
baskauf/51814,Zanthoxylum americanum,ind-baskauf/51813,inflorescence / whole - female,flower,"[""twig"", ""bud"", ""stem"", ""leaf arrangement on twig"", ""immature fruit"", ""leaf"", ""branch""]","{""twig"": 0.9586, ""bud"": 0.9219, ""stem"": 0.7982, ""leaf arrangement on twig"": 0.795, ""immature fruit"": 0.7559, ""leaf"": 0.6477, ""branch"": 0.616}",False,False,"[""new growth"", ""small twigs"", ""developing buds"", ""green leaves"", ""smooth stem"", ""close-up view""]","[""twig"", ""bud"", ""leaf"", ""stem"", ""leaf arrangement on twig""]",0.7143,1.0,0.8333,0.7143
baskauf/51815,Zanthoxylum americanum,ind-baskauf/51813,inflorescence / lateral view of flower,flower,"[""bud"", ""twig"", ""stem"", ""immature fruit"", ""inflorescence"", ""flower"", ""fruit borne on plant"", ""fruit""]","{""bud"": 0.9287, ""twig"": 0.9197, ""stem"": 0.8752, ""immature fruit"": 0.8457, ""inflorescence"": 0.8232, ""flower"": 0.7361, ""fruit borne on plant"": 0.6926, ""fruit"": 0.613}",True,False,"[""new growth"", ""green buds"", ""woody stem"", ""emerging leaves"", ""small branch"", ""close-up view""]","[""stem"", ""twig"", ""bud"", ""leaf"", ""leaf arrangement on twig"", ""immature fruit""]",0.5,0.6667,0.5714,0.4
baskauf/51816,Zanthoxylum americanum,ind-baskauf/51813,twig / orientation of petioles,twig,"[""bud"", ""twig"", ""inflorescence"", ""immature fruit"", ""flower"", ""stem"", ""fruit borne on plant"", ""leaf""]","{""bud"": 0.9278, ""twig"": 0.8613, ""inflorescence"": 0.854, ""immature fruit"": 0.8069, ""flower"": 0.7872, ""stem"": 0.778, ""fruit borne on plant"": 0.6138, ""leaf"": 0.431}",True,False,"[""woody branch"", ""developing buds"", ""green leaves"", ""small branch"", ""early growth"", ""close-up view""]","[""branch"", ""bud"", ""leaf"", ""twig"", ""flower"", ""immature fruit"", ""fruit borne on plant""]",0.75,0.8571,0.8,0.6667
baskauf/52430,Carya cordiformis,vanderbilt/7-289,leaf / margin of upper + lower surface,leaf,"[""leaf margin"", ""leaf upper surface"", ""leaf"", ""leaf arrangement on twig""]","{""leaf margin"": 0.9926, ""leaf upper surface"": 0.9906, ""leaf"": 0.9876, ""leaf arrangement on twig"": 0.6843}",True,False,"[""serrated leaf edge"", ""leaf veins"", ""green leaves"", ""close-up leaf texture""]","[""leaf"", ""leaf upper surface"", ""leaf margin""]",0.75,1.0,0.8571,0.75
baskauf/52470,Fagus grandifolia,vanderbilt/12-187,fruit / lateral or general close-up,fruit,"[""fruit"", ""immature fruit"", ""stem"", ""leaf"", ""fruit borne on plant""]","{""fruit"": 0.8816, ""immature fruit"": 0.868, ""stem"": 0.8193, ""leaf"": 0.7219, ""fruit borne on plant"": 0.6862}",True,True,"[""spiky fruit"", ""green leaves"", ""woody stem"", ""close-up view"", ""developing fruit"", ""dark background""]","[""leaf"", ""stem"", ""fruit"", ""immature fruit"", ""fruit borne on plant"", ""fruit close-up""]",1.0,0.8333,0.9091,0.8333
baskauf/52471,Fagus grandifolia,vanderbilt/12-187,fruit / lateral or general close-up,fruit,"[""immature fruit"", ""fruit"", ""fruit borne on plant"", ""stem"", ""fruit close-up"", ""leaf""]","{""immature fruit"": 0.9518, ""fruit"": 0.9247, ""fruit borne on plant"": 0.8376, ""stem"": 0.8172, ""fruit close-up"": 0.7896, ""leaf"": 0.6263}",True,False,"[""fuzzy fruit"", ""reddish-brown stem"", ""green leaves"", ""close-up view"", ""developing fruit"", ""woody stem""]","[""stem"", ""leaf"", ""fruit"", ""immature fruit"", ""fruit borne on plant"", ""fruit close-up""]",1.0,1.0,1.0,1.0
baskauf/52472,Quercus palustris,vanderbilt/12-76,leaf / margin of upper + lower surface,leaf,"[""leaf"", ""leaf upper surface"", ""leaf margin"", ""leaf arrangement on twig""]","{""leaf"": 0.9836, ""leaf upper surface"": 0.9778, ""leaf margin"": 0.9487, ""leaf arrangement on twig"": 0.6415}",True,True,"[""green leaves"", ""leaf veins"", ""lobed leaves"", ""close-up"", ""textured surface"", ""brightly lit""]","[""leaf"", ""leaf upper surface"", ""leaf margin""]",0.75,1.0,0.8571,0.75
baskauf/52480,Quercus muehlenbergii,vanderbilt/15-154,leaf / margin of upper + lower surface,leaf,"[""leaf"", ""leaf upper surface"", ""leaf margin""]","{""leaf"": 0.9869, ""leaf upper surface"": 0.9862, ""leaf margin"": 0.9791}",True,True,"[""green leaves"", ""leaf texture"", ""leaf veins"", ""serrated edge"", ""close-up view"", ""natural light""]","[""leaf"", ""leaf upper surface"", ""leaf margin""]",1.0,1.0,1.0,1.0
baskauf/52483,Quercus bicolor,vanderbilt/12-11,leaf / margin of upper + lower surface,leaf,"[""leaf upper surface"", ""leaf"", ""leaf margin""]","{""leaf upper surface"": 0.9915, ""leaf"": 0.9856, ""leaf margin"": 0.9855}",True,False,"[""leaf underside"", ""leaf veins"", ""leaf margin"", ""close-up view"", ""green leaves"", ""textured surface""]","[""leaf"", ""leaf upper surface"", ""leaf margin"", ""leaf arrangement on twig""]",1.0,0.75,0.8571,0.75
baskauf/52519,Ailanthus altissima,vanderbilt/7-87,leaf / margin of upper + lower surface,leaf,"[""leaf"", ""leaf upper surface"", ""leaf margin"", ""leaf arrangement on twig""]","{""leaf"": 0.9894, ""leaf upper surface"": 0.9881, ""leaf margin"": 0.9607, ""leaf arrangement on twig"": 0.612}",True,True,"[""green leaves"", ""leaf veins"", ""close-up"", ""leaf texture"", ""smooth leaf surface"", ""bud""]","[""leaf"", ""leaf upper surface"", ""bud""]",0.5,0.6667,0.5714,0.4
baskauf/52523,Magnolia acuminata,vanderbilt/12-206,leaf / margin of upper + lower surface,leaf,"[""leaf upper surface"", ""leaf"", ""leaf margin""]","{""leaf upper surface"": 0.986, ""leaf"": 0.9805, ""leaf margin"": 0.9668}",True,False,"[""green leaf"", ""leaf veins"", ""leaf texture"", ""twig"", ""close-up"", ""detailed view""]","[""leaf"", ""twig"", ""leaf upper surface"", ""leaf margin""]",1.0,0.75,0.8571,0.75
baskauf/52662,Rhus aromatica,ind-baskauf/52661,leaf / margin of upper + lower surface,leaf,"[""leaf"", ""leaf upper surface"", ""leaf margin"", ""leaf arrangement on twig""]","{""leaf"": 0.989, ""leaf upper surface"": 0.9808, ""leaf margin"": 0.9755, ""leaf arrangement on twig"": 0.6406}",True,True,"[""green leaves"", ""leaf texture"", ""close-up"", ""leaf veins"", ""serrated edge"", ""bright light""]","[""leaf"", ""leaf upper surface"", ""leaf margin""]",0.75,1.0,0.8571,0.75
baskauf/52663,Rhus aromatica,ind-baskauf/52661,fruit / as borne on the plant,fruit,"[""leaf"", ""stem"", ""fruit borne on plant"", ""fruit""]","{""leaf"": 0.9661, ""stem"": 0.9292, ""fruit borne on plant"": 0.9256, ""fruit"": 0.9139}",True,False,"[""red berries"", ""green leaves"", ""woody stem"", ""clustered fruit"", ""dark background"", ""close-up view"", ""glossy leaves""]","[""leaf"", ""stem"", ""fruit"", ""fruit borne on plant"", ""fruit close-up""]",1.0,0.8,0.8889,0.8
baskauf/52744,Lindera benzoin,ind-baskauf/52741,leaf / whole upper surface,leaf,"[""leaf"", ""leaf upper surface"", ""stem"", ""leaf margin"", ""leaf arrangement on twig""]","{""leaf"": 0.9796, ""leaf upper surface"": 0.9505, ""stem"": 0.7618, ""leaf margin"": 0.7374, ""leaf arrangement on twig"": 0.7301}",True,True,"[""broad green leaf"", ""leaf veins"", ""leaf upper surface"", ""dark background"", ""close-up leaf"", ""leaf margin""]","[""leaf"", ""leaf upper surface"", ""leaf margin""]",0.6,1.0,0.75,0.6
baskauf/52747,Lindera benzoin,ind-baskauf/52741,leaf / margin of upper + lower surface,leaf,"[""leaf upper surface"", ""leaf"", ""leaf margin""]","{""leaf upper surface"": 0.9887, ""leaf"": 0.9809, ""leaf margin"": 0.9628}",True,False,"[""leaf texture"", ""leaf veins"", ""green leaf"", ""close-up leaf"", ""leaf surface""]","[""leaf"", ""leaf upper surface"", ""leaf margin""]",1.0,1.0,1.0,1.0
baskauf/54517,Rhus copallinum,ind-baskauf/10419,whole tree (or vine) / general,whole plant,"[""inflorescence"", ""leaf"", ""flower"", ""whole plant"", ""branch"", ""fruit""]","{""inflorescence"": 0.9621, ""leaf"": 0.9497, ""flower"": 0.8446, ""whole plant"": 0.8007, ""branch"": 0.7619, ""fruit"": 0.6508}",True,False,"[""dense foliage"", ""clustered flowers"", ""compound leaves"", ""green leaves"", ""white flowers"", ""branching pattern"", ""full canopy"", ""bright light""]","[""leaf"", ""branch"", ""flower"", ""inflorescence"", ""whole plant""]",0.8333,1.0,0.9091,0.8333
baskauf/54519,Rhus copallinum,ind-baskauf/10419,inflorescence / whole - unspecified,flower,"[""inflorescence"", ""leaf"", ""flower"", ""fruit"", ""fruit borne on plant"", ""branch""]","{""inflorescence"": 0.9644, ""leaf"": 0.9135, ""flower"": 0.8613, ""fruit"": 0.774, ""fruit borne on plant"": 0.7006, ""branch"": 0.6233}",True,False,"[""dense foliage"", ""clustered flowers"", ""compound leaves"", ""green leaves"", ""white flowers"", ""full canopy""]","[""leaf"", ""flower"", ""inflorescence"", ""whole plant""]",0.5,0.75,0.6,0.4286
baskauf/54525,Rhus copallinum,ind-baskauf/10419,inflorescence / whole - unspecified,flower,"[""inflorescence"", ""flower"", ""leaf"", ""fruit"", ""stem""]","{""inflorescence"": 0.9722, ""flower"": 0.9279, ""leaf"": 0.8218, ""fruit"": 0.7447, ""stem"": 0.6599}",True,False,"[""compound leaves"", ""dense inflorescence"", ""developing fruit"", ""green foliage"", ""clustered flowers"", ""woody stems""]","[""leaf"", ""inflorescence"", ""fruit"", ""immature fruit"", ""stem"", ""flower""]",1.0,0.8333,0.9091,0.8333
baskauf/54528,Rhus copallinum,ind-baskauf/10419,inflorescence / frontal view of flower,flower,"[""flower"", ""inflorescence"", ""flower close-up"", ""stem""]","{""flower"": 0.9682, ""inflorescence"": 0.9674, ""flower close-up"": 0.967, ""stem"": 0.651}",True,True,"[""dense flower cluster"", ""green stem"", ""small flowers"", ""dark background"", ""elongated inflorescence""]","[""stem"", ""flower"", ""inflorescence"", ""flower close-up""]",1.0,1.0,1.0,1.0
baskauf/54532,Rhus copallinum,ind-baskauf/10419,inflorescence / whole - unspecified,flower,"[""inflorescence"", ""flower"", ""flower close-up"", ""leaf"", ""stem"", ""fruit""]","{""inflorescence"": 0.9809, ""flower"": 0.9388, ""flower close-up"": 0.7656, ""leaf"": 0.7185, ""stem"": 0.6507, ""fruit"": 0.6243}",True,False,"[""dense cluster"", ""greenish flowers"", ""reddish stems"", ""glossy leaves"", ""branching pattern"", ""close-up view""]","[""branch"", ""flower"", ""inflorescence"", ""leaf"", ""fruit"", ""immature fruit"", ""flower close-up""]",0.8333,0.7143,0.7692,0.625
baskauf/54534,Zanthoxylum americanum,ind-baskauf/54533,twig / orientation of petioles,twig,"[""twig"", ""stem"", ""winter twig"", ""bud"", ""branch"", ""leaf arrangement on twig"", ""leaf""]","{""twig"": 0.9612, ""stem"": 0.8817, ""winter twig"": 0.7915, ""bud"": 0.7803, ""branch"": 0.6862, ""leaf arrangement on twig"": 0.5802, ""leaf"": 0.5185}",True,True,"[""thorny stem"", ""green leaves"", ""woody stem"", ""close-up view"", ""sharp thorns"", ""branching stem""]","[""stem"", ""twig"", ""leaf"", ""branch"", ""leaf arrangement on twig""]",0.7143,1.0,0.8333,0.7143
baskauf/54535,Zanthoxylum americanum,ind-baskauf/54533,fruit / lateral or general close-up,fruit,"[""fruit"", ""fruit borne on plant"", ""fruit close-up"", ""immature fruit"", ""stem"", ""twig""]","{""fruit"": 0.988, ""fruit borne on plant"": 0.9862, ""fruit close-up"": 0.9721, ""immature fruit"": 0.9272, ""stem"": 0.8705, ""twig"": 0.6335}",True,True,"[""red fruit cluster"", ""woody branch"", ""developing fruit"", ""close-up view""]","[""branch"", ""fruit"", ""immature fruit"", ""fruit borne on plant"", ""fruit close-up""]",0.6667,0.8,0.7273,0.5714
baskauf/54536,Zanthoxylum americanum,ind-baskauf/54533,fruit / lateral or general close-up,fruit,"[""fruit"", ""fruit borne on plant"", ""fruit close-up"", ""immature fruit"", ""stem"", ""twig""]","{""fruit"": 0.985, ""fruit borne on plant"": 0.9822, ""fruit close-up"": 0.9751, ""immature fruit"": 0.9456, ""stem"": 0.9211, ""twig"": 0.6623}",True,True,"[""reddish fruit"", ""thorny branch"", ""close-up fruit"", ""woody stem"", ""developing fruit""]","[""twig"", ""fruit"", ""immature fruit"", ""fruit borne on plant"", ""fruit close-up"", ""stem""]",1.0,1.0,1.0,1.0
baskauf/54538,Zanthoxylum americanum,ind-baskauf/54533,fruit / lateral or general close-up,fruit,"[""fruit borne on plant"", ""fruit"", ""immature fruit"", ""fruit close-up"", ""stem"", ""twig"", ""bud""]","{""fruit borne on plant"": 0.9838, ""fruit"": 0.9789, ""immature fruit"": 0.969, ""fruit close-up"": 0.9604, ""stem"": 0.9407, ""twig"": 0.8612, ""bud"": 0.726}",True,False,"[""developing fruit"", ""woody stem"", ""reddish fruit"", ""green foliage"", ""close-up view""]","[""stem"", ""fruit"", ""immature fruit"", ""fruit borne on plant"", ""fruit close-up""]",0.7143,1.0,0.8333,0.7143
baskauf/54555,Cornus amomum,ind-baskauf/54554,fruit / lateral or general close-up,fruit,"[""fruit"", ""stem"", ""fruit close-up"", ""fruit borne on plant"", ""immature fruit"", ""flower close-up"", ""flower"", ""inflorescence""]","{""fruit"": 0.9511, ""stem"": 0.9079, ""fruit close-up"": 0.8943, ""fruit borne on plant"": 0.893, ""immature fruit"": 0.8721, ""flower close-up"": 0.8117, ""flower"": 0.7918, ""inflorescence"": 0.7269}",True,True,"[""developing fruit"", ""purple fruit"", ""green fruit"", ""yellow fruit"", ""stem"", ""close-up"", ""cluster of fruit"", ""dark background""]","[""stem"", ""fruit"", ""immature fruit"", ""fruit borne on plant"", ""fruit close-up""]",0.625,1.0,0.7692,0.625
baskauf/54556,Zanthoxylum americanum,ind-baskauf/54533,whole tree (or vine) / general,whole plant,"[""branch"", ""leaf"", ""whole plant"", ""twig"", ""fruit borne on plant"", ""stem"", ""fruit""]","{""branch"": 0.9528, ""leaf"": 0.8909, ""whole plant"": 0.878, ""twig"": 0.8354, ""fruit borne on plant"": 0.8142, ""stem"": 0.7704, ""fruit"": 0.6959}",True,False,"[""red berries"", ""woody branches"", ""green foliage"", ""dense shrub"", ""natural habitat"", ""outdoor scene"", ""bright light"", ""clustered fruit""]","[""whole plant"", ""branch"", ""leaf"", ""fruit"", ""fruit borne on plant""]",0.7143,1.0,0.8333,0.7143
baskauf/54564,Lonicera morrowii,ind-baskauf/54562,whole tree (or vine) / general,whole plant,"[""whole plant"", ""leaf"", ""branch"", ""trunk"", ""stem""]","{""whole plant"": 0.9838, ""leaf"": 0.9171, ""branch"": 0.9062, ""trunk"": 0.8948, ""stem"": 0.6165}",True,True,"[""green leaves"", ""red fruit"", ""woody stems"", ""dense foliage"", ""natural light"", ""forest background""]","[""leaf"", ""fruit"", ""stem"", ""twig"", ""whole plant"", ""fruit borne on plant""]",0.6,0.5,0.5455,0.375
baskauf/54565,Lonicera morrowii,ind-baskauf/54562,fruit / as borne on the plant,fruit,"[""fruit borne on plant"", ""leaf"", ""fruit"", ""stem""]","{""fruit borne on plant"": 0.8781, ""leaf"": 0.8685, ""fruit"": 0.8681, ""stem"": 0.8289}",True,False,"[""red berries"", ""green leaves"", ""woody stems"", ""clustered fruit"", ""dark background"", ""close-up view""]","[""leaf"", ""stem"", ""fruit"", ""fruit borne on plant"", ""fruit close-up""]",1.0,0.8,0.8889,0.8
baskauf/54568,Lonicera morrowii,ind-baskauf/54562,fruit / lateral or general close-up,fruit,"[""fruit borne on plant"", ""fruit"", ""fruit close-up"", ""stem"", ""leaf""]","{""fruit borne on plant"": 0.9152, ""fruit"": 0.901, ""fruit close-up"": 0.8946, ""stem"": 0.7221, ""leaf"": 0.6626}",True,False,"[""red berries"", ""green leaves"", ""woody stem"", ""close-up view"", ""natural light""]","[""fruit"", ""leaf"", ""stem"", ""fruit borne on plant"", ""fruit close-up""]",1.0,1.0,1.0,1.0
baskauf/54572,Cornus sericea,ind-baskauf/35309,fruit / lateral or general close-up,fruit,"[""stem"", ""leaf"", ""inflorescence"", ""flower close-up"", ""fruit"", ""fruit borne on plant""]","{""stem"": 0.9551, ""leaf"": 0.8399, ""inflorescence"": 0.7168, ""flower close-up"": 0.7157, ""fruit"": 0.5962, ""fruit borne on plant"": 0.5866}",True,False,"[""red stems"", ""developing fruit"", ""clustered fruit"", ""green leaves"", ""branching pattern"", ""close-up view""]","[""stem"", ""fruit"", ""inflorescence"", ""leaf"", ""twig"", ""fruit borne on plant"", ""immature fruit""]",0.8333,0.7143,0.7692,0.625
baskauf/54677,Cornus amomum,ind-baskauf/54554,twig / unspecified,twig,"[""stem"", ""fruit"", ""fruit borne on plant"", ""fruit close-up"", ""immature fruit"", ""twig""]","{""stem"": 0.9513, ""fruit"": 0.9287, ""fruit borne on plant"": 0.8878, ""fruit close-up"": 0.8491, ""immature fruit"": 0.8305, ""twig"": 0.6989}",True,False,"[""broken twig"", ""purple fruit"", ""green fruit"", ""woody stem"", ""leaf detail"", ""close-up view""]","[""twig"", ""fruit"", ""stem"", ""leaf"", ""fruit borne on plant""]",0.6667,0.8,0.7273,0.5714
baskauf/54680,Cornus amomum,ind-baskauf/54554,twig / orientation of petioles,twig,"[""stem"", ""fruit"", ""fruit borne on plant"", ""immature fruit"", ""leaf""]","{""stem"": 0.9294, ""fruit"": 0.9182, ""fruit borne on plant"": 0.8668, ""immature fruit"": 0.8259, ""leaf"": 0.6302}",False,False,"[""dark branch"", ""rounded leaves"", ""developing fruit"", ""small twigs"", ""lenticels on bark"", ""close-up view""]","[""branch"", ""leaf"", ""fruit"", ""twig"", ""bark"", ""fruit borne on plant"", ""immature fruit""]",0.8,0.5714,0.6667,0.5
baskauf/54682,Cornus amomum,ind-baskauf/54554,leaf / whole upper surface,leaf,"[""leaf"", ""leaf upper surface"", ""stem"", ""leaf arrangement on twig""]","{""leaf"": 0.9634, ""leaf upper surface"": 0.8992, ""stem"": 0.804, ""leaf arrangement on twig"": 0.6015}",True,True,"[""green leaf"", ""leaf veins"", ""leaf underside"", ""branch"", ""dark background"", ""close-up leaf"", ""leaf texture"", ""red petioles""]","[""leaf"", ""stem"", ""leaf upper surface"", ""leaf margin"", ""petiole arrangement""]",0.75,0.6,0.6667,0.5
baskauf/54683,Cornus amomum,ind-baskauf/54554,leaf / margin of upper + lower surface,leaf,"[""leaf upper surface"", ""leaf"", ""leaf margin""]","{""leaf upper surface"": 0.9745, ""leaf"": 0.9458, ""leaf margin"": 0.9064}",True,False,"[""leaf underside"", ""leaf veins"", ""green leaf"", ""pale leaf"", ""close-up leaf"", ""leaf texture""]","[""leaf"", ""leaf upper surface"", ""leaf margin"", ""leaf arrangement on twig""]",1.0,0.75,0.8571,0.75
baskauf/54740,Cornus racemosa,ind-baskauf/54740,whole tree (or vine) / general,whole plant,"[""whole plant"", ""leaf"", ""branch"", ""fruit borne on plant"", ""fruit"", ""stem"", ""twig""]","{""whole plant"": 0.9647, ""leaf"": 0.876, ""branch"": 0.8499, ""fruit borne on plant"": 0.7519, ""fruit"": 0.7323, ""stem"": 0.7093, ""twig"": 0.6423}",True,True,"[""dense shrub"", ""multiple stems"", ""small leaves"", ""reddish fruit"", ""intertwined branches"", ""green foliage"", ""natural habitat""]","[""whole plant"", ""stem"", ""leaf"", ""fruit"", ""branch"", ""twig"", ""fruit borne on plant""]",1.0,1.0,1.0,1.0
baskauf/54744,Cornus racemosa,ind-baskauf/54740,whole tree (or vine) / general,whole plant,"[""whole plant"", ""leaf"", ""branch"", ""stem"", ""twig""]","{""whole plant"": 0.9205, ""leaf"": 0.9121, ""branch"": 0.8884, ""stem"": 0.7636, ""twig"": 0.7017}",True,True,"[""dense foliage"", ""multiple stems"", ""reddish stems"", ""green leaves"", ""branching pattern"", ""natural light""]","[""whole plant"", ""stem"", ""branch"", ""leaf"", ""twig"", ""leaf arrangement on twig""]",1.0,0.8333,0.9091,0.8333
baskauf/54747,Cornus racemosa,ind-baskauf/54740,fruit / immature,fruit,"[""fruit borne on plant"", ""fruit"", ""fruit close-up"", ""stem"", ""leaf"", ""immature fruit""]","{""fruit borne on plant"": 0.981, ""fruit"": 0.9698, ""fruit close-up"": 0.9463, ""stem"": 0.8896, ""leaf"": 0.8833, ""immature fruit"": 0.7773}",True,False,"[""green berries"", ""red stems"", ""broad leaves"", ""close-up view"", ""vibrant colors"", ""textured leaves"", ""round fruit"", ""leaf veins""]","[""leaf"", ""fruit"", ""stem"", ""fruit borne on plant"", ""fruit close-up"", ""immature fruit""]",1.0,1.0,1.0,1.0
baskauf/54750,Cornus racemosa,ind-baskauf/54740,twig / orientation of petioles,twig,"[""twig"", ""stem"", ""leaf""]","{""twig"": 0.9134, ""stem"": 0.7776, ""leaf"": 0.676}",True,True,"[""brown twigs"", ""green leaves"", ""leaf veins"", ""branching pattern"", ""close-up view"", ""smooth bark""]","[""twig"", ""leaf"", ""branch"", ""stem"", ""leaf upper surface"", ""leaf arrangement on twig""]",1.0,0.5,0.6667,0.5
baskauf/54755,Cornus racemosa,ind-baskauf/54740,bark / of a medium tree or large branch,bark,"[""bark"", ""large-tree bark"", ""trunk"", ""medium-tree or large-branch bark""]","{""bark"": 0.9923, ""large-tree bark"": 0.9776, ""trunk"": 0.9595, ""medium-tree or large-branch bark"": 0.9507}",True,True,"[""tree trunk"", ""rough bark"", ""vertical view"", ""close-up bark"", ""grayish bark"", ""textured surface""]","[""trunk"", ""bark"", ""large-tree bark""]",0.75,1.0,0.8571,0.75
baskauf/54758,Cornus racemosa,ind-baskauf/54740,leaf / whole upper surface,leaf,"[""leaf"", ""fruit borne on plant"", ""fruit"", ""stem"", ""leaf upper surface""]","{""leaf"": 0.9695, ""fruit borne on plant"": 0.8788, ""fruit"": 0.8705, ""stem"": 0.8429, ""leaf upper surface"": 0.6685}",True,True,"[""green leaves"", ""leaf veins"", ""reddish stem"", ""close-up view"", ""leaf damage"", ""smooth leaf surface""]","[""leaf"", ""stem"", ""leaf upper surface"", ""leaf margin""]",0.6,0.75,0.6667,0.5
baskauf/54760,Cornus racemosa,ind-baskauf/54740,leaf / margin of upper + lower surface,leaf,"[""leaf"", ""leaf upper surface"", ""leaf margin""]","{""leaf"": 0.9567, ""leaf upper surface"": 0.9193, ""leaf margin"": 0.9161}",True,True,"[""green leaves"", ""leaf veins"", ""leaf texture"", ""close-up leaves"", ""overlapping leaves"", ""leaf edges""]","[""leaf"", ""leaf upper surface"", ""leaf margin""]",1.0,1.0,1.0,1.0
baskauf/54764,Cornus racemosa,ind-baskauf/54740,fruit / as borne on the plant,fruit,"[""fruit borne on plant"", ""fruit"", ""immature fruit"", ""leaf"", ""stem"", ""twig""]","{""fruit borne on plant"": 0.9299, ""fruit"": 0.9268, ""immature fruit"": 0.8646, ""leaf"": 0.8421, ""stem"": 0.7924, ""twig"": 0.5559}",True,False,"[""dense foliage"", ""small white fruit"", ""reddish stems"", ""broad leaves"", ""multiple stems"", ""green and silver leaves""]","[""leaf"", ""stem"", ""fruit"", ""twig"", ""fruit borne on plant"", ""immature fruit""]",1.0,1.0,1.0,1.0
baskauf/54765,Cornus racemosa,ind-baskauf/54740,fruit / as borne on the plant,fruit,"[""fruit"", ""fruit borne on plant"", ""stem"", ""fruit close-up"", ""leaf"", ""immature fruit""]","{""fruit"": 0.9632, ""fruit borne on plant"": 0.9628, ""stem"": 0.9247, ""fruit close-up"": 0.9054, ""leaf"": 0.7823, ""immature fruit"": 0.743}",True,True,"[""round fruit"", ""red twigs"", ""green leaves"", ""close-up view"", ""smooth fruit surface"", ""branching pattern""]","[""twig"", ""leaf"", ""fruit"", ""fruit close-up"", ""fruit borne on plant""]",0.6667,0.8,0.7273,0.5714
baskauf/54766,Cornus racemosa,ind-baskauf/54740,fruit / lateral or general close-up,fruit,"[""fruit borne on plant"", ""fruit"", ""stem"", ""fruit close-up"", ""immature fruit"", ""leaf"", ""twig""]","{""fruit borne on plant"": 0.9729, ""fruit"": 0.9698, ""stem"": 0.9434, ""fruit close-up"": 0.9123, ""immature fruit"": 0.8313, ""leaf"": 0.8021, ""twig"": 0.4753}",True,False,"[""round fruit"", ""red stems"", ""green leaves"", ""close-up view"", ""developing fruit""]","[""fruit"", ""stem"", ""leaf"", ""fruit close-up"", ""immature fruit""]",0.7143,1.0,0.8333,0.7143
baskauf/54767,Cornus racemosa,ind-baskauf/54740,fruit / lateral or general close-up,fruit,"[""fruit borne on plant"", ""fruit"", ""stem"", ""fruit close-up"", ""leaf""]","{""fruit borne on plant"": 0.9616, ""fruit"": 0.9475, ""stem"": 0.9288, ""fruit close-up"": 0.8563, ""leaf"": 0.8341}",True,False,"[""round green fruit"", ""red stems"", ""dark green leaves"", ""close-up view"", ""branching pattern"", ""smooth fruit surface""]","[""fruit"", ""stem"", ""leaf"", ""fruit borne on plant"", ""fruit close-up""]",1.0,1.0,1.0,1.0
baskauf/54817,Cornus racemosa,ind-baskauf/54740,fruit / immature,fruit,"[""fruit borne on plant"", ""fruit"", ""fruit close-up"", ""stem"", ""leaf"", ""immature fruit""]","{""fruit borne on plant"": 0.9727, ""fruit"": 0.9635, ""fruit close-up"": 0.941, ""stem"": 0.9035, ""leaf"": 0.8597, ""immature fruit"": 0.7241}",True,False,"[""green leaves"", ""red stems"", ""round green fruit"", ""close-up view"", ""smooth fruit surface"", ""dark background""]","[""leaf"", ""stem"", ""fruit"", ""fruit close-up"", ""fruit borne on plant""]",0.8333,1.0,0.9091,0.8333
baskauf/54819,Cornus racemosa,ind-baskauf/54740,twig / unspecified,twig,"[""leaf scar"", ""twig"", ""bud"", ""stem""]","{""leaf scar"": 0.8967, ""twig"": 0.8726, ""bud"": 0.8207, ""stem"": 0.6151}",True,False,"[""woody branch"", ""cut stem"", ""green leaves"", ""leaf veins"", ""dark background"", ""angled view""]","[""branch"", ""stem"", ""leaf"", ""twig"", ""leaf upper surface""]",0.5,0.4,0.4444,0.2857
baskauf/54826,Pinus strobus,ind-baskauf/54837,leaf / unspecified,needle,"[""twig""]","{""twig"": 0.557}",False,False,"[""green stems"", ""close-up"", ""linear leaves"", ""vertical orientation"", ""shallow depth of field"", ""blurred background""]","[""stem"", ""twig"", ""leaf"", ""leaf arrangement on twig""]",1.0,0.25,0.4,0.25
baskauf/54828,Pinus strobus,ind-baskauf/54837,leaf / unspecified,needle,"[""twig""]","{""twig"": 0.5114}",False,False,"[""needle-like leaves"", ""green needles"", ""close-up needles"", ""linear leaves"", ""soft focus""]","[""needle"", ""twig"", ""needle attachment""]",1.0,0.3333,0.5,0.3333
baskauf/54834,Pinus strobus,ind-baskauf/54837,leaf / unspecified,needle,"[""twig""]","{""twig"": 0.3892}",False,False,"[""linear leaves"", ""parallel veins"", ""close-up view"", ""green foliage"", ""vertical lines"", ""plant texture""]","[""leaf"", ""leaf upper surface"", ""leaf margin""]",0.0,0.0,0.0,0.0
baskauf/54836,Pinus strobus,ind-baskauf/54837,leaf / unspecified,needle,"[""twig""]","{""twig"": 0.6937}",False,False,"[""needle-like leaves"", ""green needles"", ""close-up view"", ""linear leaves"", ""pointed tips"", ""dark background""]","[""needle"", ""leaf"", ""leaf arrangement on twig"", ""needle attachment""]",0.0,0.0,0.0,0.0
baskauf/54849,Acer negundo,ind-baskauf/54847,whole tree (or vine) / general,whole plant,"[""whole plant"", ""leaf"", ""branch"", ""view up trunk""]","{""whole plant"": 0.989, ""leaf"": 0.9486, ""branch"": 0.9249, ""view up trunk"": 0.6945}",True,True,"[""lush foliage"", ""green leaves"", ""dense canopy"", ""sunlit leaves"", ""tree crown"", ""branching pattern""]","[""whole plant"", ""leaf"", ""branch""]",0.75,1.0,0.8571,0.75
baskauf/54851,Acer negundo,ind-baskauf/54847,whole tree (or vine) / general,whole plant,"[""whole plant"", ""leaf"", ""branch""]","{""whole plant"": 0.9801, ""leaf"": 0.96, ""branch"": 0.9107}",True,True,"[""dense foliage"", ""green leaves"", ""small stems"", ""partial view"", ""bright sunlight"", ""branching pattern""]","[""leaf"", ""stem"", ""branch"", ""whole plant""]",1.0,0.75,0.8571,0.75
baskauf/54856,Magnolia acuminata,vanderbilt/12-206,fruit / lateral or general close-up,fruit,"[""fruit close-up"", ""fruit"", ""fruit borne on plant"", ""immature fruit"", ""stem""]","{""fruit close-up"": 0.905, ""fruit"": 0.8835, ""fruit borne on plant"": 0.8062, ""immature fruit"": 0.7932, ""stem"": 0.6958}",True,False,"[""developing fruit"", ""textured surface"", ""close-up view"", ""red and yellow fruit"", ""stem attachment"", ""dark background""]","[""fruit"", ""stem"", ""fruit close-up"", ""immature fruit"", ""fruit borne on plant""]",1.0,1.0,1.0,1.0
baskauf/54857,Magnolia acuminata,vanderbilt/12-206,fruit / lateral or general close-up,fruit,"[""fruit"", ""fruit close-up"", ""fruit borne on plant"", ""immature fruit"", ""stem"", ""bud""]","{""fruit"": 0.8625, ""fruit close-up"": 0.8591, ""fruit borne on plant"": 0.8504, ""immature fruit"": 0.8039, ""stem"": 0.8018, ""bud"": 0.702}",True,True,"[""red fruit"", ""textured stem"", ""close-up view"", ""developing fruit"", ""dark spots"", ""green foliage""]","[""fruit"", ""stem"", ""fruit close-up"", ""immature fruit"", ""fruit borne on plant""]",0.8333,1.0,0.9091,0.8333
baskauf/54874,Acer negundo,vanderbilt/12-43,leaf / whole upper surface,leaf,"[""leaf"", ""leaf arrangement on twig"", ""stem"", ""leaf upper surface"", ""twig""]","{""leaf"": 0.9523, ""leaf arrangement on twig"": 0.8844, ""stem"": 0.8621, ""leaf upper surface"": 0.8537, ""twig"": 0.5477}",True,True,"[""compound leaves"", ""green foliage"", ""smooth stem"", ""dark background"", ""leaf veins"", ""leaf arrangement""]","[""leaf"", ""stem"", ""leaf arrangement on twig"", ""leaf upper surface""]",0.8,1.0,0.8889,0.8
baskauf/54876,Acer negundo,vanderbilt/12-43,leaf / margin of upper + lower surface,leaf,"[""leaf upper surface"", ""leaf"", ""leaf margin"", ""leaf arrangement on twig""]","{""leaf upper surface"": 0.9926, ""leaf"": 0.9923, ""leaf margin"": 0.9871, ""leaf arrangement on twig"": 0.6213}",True,False,"[""green leaves"", ""leaf veins"", ""leaf texture"", ""close-up view"", ""damaged leaf"", ""leaf edges""]","[""leaf"", ""leaf upper surface"", ""leaf margin""]",0.75,1.0,0.8571,0.75
baskauf/54881,Acer negundo,vanderbilt/12-43,whole tree (or vine) / general,whole plant,"[""whole plant"", ""branch"", ""leaf"", ""trunk"", ""view up trunk""]","{""whole plant"": 0.9966, ""branch"": 0.9896, ""leaf"": 0.9572, ""trunk"": 0.9493, ""view up trunk"": 0.8996}",True,True,"[""tree with full canopy"", ""woody trunk"", ""branching pattern"", ""green foliage"", ""roadside view"", ""daylight""]","[""whole plant"", ""trunk"", ""branch"", ""leaf"", ""view up trunk""]",1.0,1.0,1.0,1.0
baskauf/54884,Acer negundo,vanderbilt/12-43,whole tree (or vine) / general,whole plant,"[""whole plant"", ""trunk"", ""branch"", ""leaf"", ""view up trunk""]","{""whole plant"": 0.9953, ""trunk"": 0.9764, ""branch"": 0.9758, ""leaf"": 0.9332, ""view up trunk"": 0.8882}",True,True,"[""tree with full canopy"", ""visible trunk"", ""branching pattern"", ""green foliage"", ""urban setting"", ""low angle view"", ""daylight""]","[""whole plant"", ""trunk"", ""branch"", ""leaf"", ""view up trunk""]",1.0,1.0,1.0,1.0
baskauf/54962,Acer negundo,vanderbilt/12-43,leaf / whole upper surface,leaf,"[""leaf"", ""leaf arrangement on twig"", ""leaf upper surface"", ""stem"", ""leaf margin""]","{""leaf"": 0.9912, ""leaf arrangement on twig"": 0.9483, ""leaf upper surface"": 0.9039, ""stem"": 0.8725, ""leaf margin"": 0.7764}",True,True,"[""compound leaf"", ""green foliage"", ""palmate venation"", ""leaf arrangement"", ""dark background"", ""close-up leaf""]","[""leaf"", ""leaf arrangement on twig"", ""leaf upper surface""]",0.6,1.0,0.75,0.6
baskauf/54969,Acer negundo,vanderbilt/12-43,leaf / whole upper surface,leaf,"[""leaf"", ""leaf arrangement on twig"", ""stem"", ""leaf upper surface""]","{""leaf"": 0.9883, ""leaf arrangement on twig"": 0.9628, ""stem"": 0.8828, ""leaf upper surface"": 0.8731}",True,True,"[""compound leaf"", ""green foliage"", ""leaf arrangement"", ""smooth stem"", ""dark background"", ""serrated leaf margin""]","[""leaf"", ""stem"", ""leaf arrangement on twig"", ""leaf margin""]",0.75,0.75,0.75,0.6
baskauf/54970,Acer negundo,vanderbilt/12-43,leaf / whole upper surface,leaf,"[""leaf"", ""leaf arrangement on twig"", ""stem"", ""leaf upper surface""]","{""leaf"": 0.9815, ""leaf arrangement on twig"": 0.9146, ""stem"": 0.8851, ""leaf upper surface"": 0.7348}",True,True,"[""compound leaf"", ""green foliage"", ""leaf veins"", ""dark background"", ""leaf margin"", ""leaf arrangement""]","[""leaf"", ""leaf arrangement on twig"", ""leaf upper surface""]",0.75,1.0,0.8571,0.75
baskauf/54972,Acer negundo,vanderbilt/12-43,leaf / whole upper surface,leaf,"[""leaf"", ""stem"", ""leaf arrangement on twig""]","{""leaf"": 0.9695, ""stem"": 0.9105, ""leaf arrangement on twig"": 0.7916}",True,True,"[""compound leaves"", ""green foliage"", ""leaf damage"", ""dark background"", ""leaf veins"", ""stem""]","[""leaf"", ""stem"", ""leaf arrangement on twig"", ""leaf upper surface""]",1.0,0.75,0.8571,0.75
baskauf/55139,Ulmus americana,vanderbilt/7-175,leaf / showing orientation on twig,leaf,"[""leaf"", ""leaf arrangement on twig"", ""twig"", ""leaf upper surface"", ""stem""]","{""leaf"": 0.9624, ""leaf arrangement on twig"": 0.9562, ""twig"": 0.8224, ""leaf upper surface"": 0.7029, ""stem"": 0.6862}",True,True,"[""green leaves"", ""woody stem"", ""serrated leaf edges"", ""leaf arrangement"", ""dark background"", ""close-up leaves""]","[""stem"", ""leaf"", ""leaf arrangement on twig"", ""leaf margin""]",0.6,0.75,0.6667,0.5
baskauf/55141,Ulmus americana,vanderbilt/7-175,leaf / showing orientation on twig,leaf,"[""leaf"", ""leaf arrangement on twig"", ""twig"", ""stem""]","{""leaf"": 0.9058, ""leaf arrangement on twig"": 0.8744, ""twig"": 0.8544, ""stem"": 0.8506}",True,True,"[""green leaves"", ""woody stem"", ""leaf arrangement"", ""buds"", ""serrated leaf edge"", ""close-up view""]","[""leaf"", ""stem"", ""leaf arrangement on twig"", ""bud"", ""leaf margin""]",0.75,0.6,0.6667,0.5
baskauf/55228,Magnolia acuminata,vanderbilt/12-206,fruit / lateral or general close-up,fruit,"[""fruit"", ""fruit close-up"", ""fruit borne on plant"", ""stem"", ""immature fruit"", ""bud""]","{""fruit"": 0.9263, ""fruit close-up"": 0.8969, ""fruit borne on plant"": 0.8717, ""stem"": 0.7886, ""immature fruit"": 0.7501, ""bud"": 0.6659}",True,True,"[""dark flower"", ""spadix"", ""inflorescence"", ""close-up"", ""textured stem"", ""green leaves"", ""unusual bloom"", ""partially opened flower""]","[""flower"", ""inflorescence"", ""flower close-up"", ""stem"", ""leaf"", ""flower interior""]",0.1667,0.1667,0.1667,0.0909
baskauf/55230,Magnolia acuminata,vanderbilt/12-206,fruit / section or open,fruit,"[""fruit"", ""fruit close-up"", ""fruit borne on plant"", ""stem"", ""immature fruit""]","{""fruit"": 0.9584, ""fruit close-up"": 0.9341, ""fruit borne on plant"": 0.9205, ""stem"": 0.8764, ""immature fruit"": 0.8246}",True,True,"[""red seed"", ""open fruit"", ""darkened petals"", ""woody stem"", ""close-up view"", ""tropical foliage""]","[""fruit"", ""seed"", ""opened or sectioned fruit"", ""stem"", ""fruit close-up""]",0.6,0.6,0.6,0.4286
baskauf/55474,Magnolia acuminata,vanderbilt/12-206,bark / of a large tree,bark,"[""bark"", ""large-tree bark"", ""trunk""]","{""bark"": 0.9944, ""large-tree bark"": 0.9927, ""trunk"": 0.9873}",True,True,"[""tree bark"", ""ridged texture"", ""vertical lines"", ""close-up view"", ""brown tones"", ""natural patterns""]","[""trunk"", ""bark"", ""large-tree bark""]",1.0,1.0,1.0,1.0
baskauf/55475,Magnolia acuminata,vanderbilt/12-206,bark / of a large tree,bark,"[""bark"", ""large-tree bark"", ""trunk""]","{""bark"": 0.9955, ""large-tree bark"": 0.9935, ""trunk"": 0.9912}",True,True,"[""tree trunk"", ""ridged bark"", ""vertical texture"", ""close-up bark"", ""brown tones"", ""natural patterns""]","[""trunk"", ""bark"", ""large-tree bark""]",1.0,1.0,1.0,1.0
baskauf/55479,Magnolia acuminata,vanderbilt/12-206,leaf / whole upper surface,leaf,"[""leaf"", ""leaf upper surface""]","{""leaf"": 0.964, ""leaf upper surface"": 0.9515}",True,True,"[""broad leaf"", ""green leaf"", ""leaf veins"", ""leaf texture"", ""close-up leaf"", ""single leaf""]","[""leaf"", ""leaf upper surface"", ""leaf margin""]",1.0,0.6667,0.8,0.6667
baskauf/55485,Magnolia acuminata,vanderbilt/12-206,whole tree (or vine) / general,whole plant,"[""whole plant"", ""trunk"", ""view up trunk"", ""branch"", ""leaf""]","{""whole plant"": 0.9971, ""trunk"": 0.9811, ""view up trunk"": 0.9803, ""branch"": 0.9723, ""leaf"": 0.8936}",True,True,"[""large tree"", ""dense foliage"", ""branching pattern"", ""woody trunk"", ""green leaves"", ""sky background""]","[""whole plant"", ""trunk"", ""branch"", ""leaf"", ""view up trunk""]",1.0,1.0,1.0,1.0
baskauf/55492,Magnolia acuminata,vanderbilt/12-206,leaf / whole upper surface,leaf,"[""leaf upper surface"", ""leaf""]","{""leaf upper surface"": 0.9325, ""leaf"": 0.9276}",True,False,"[""broad leaves"", ""yellowing leaves"", ""leaf veins"", ""close-up leaf"", ""leaf texture"", ""branch"", ""dark background""]","[""leaf"", ""leaf upper surface"", ""twig"", ""leaf margin""]",1.0,0.5,0.6667,0.5
baskauf/55494,Magnolia acuminata,vanderbilt/12-206,leaf / whole upper surface,leaf,"[""leaf upper surface"", ""leaf""]","{""leaf upper surface"": 0.9272, ""leaf"": 0.9116}",True,False,"[""yellowing leaves"", ""leaf veins"", ""close-up leaves"", ""decaying leaves"", ""leaf texture"", ""dark background""]","[""leaf"", ""leaf upper surface"", ""leaf margin""]",1.0,0.6667,0.8,0.6667
baskauf/55500,Magnolia acuminata,vanderbilt/12-206,leaf / unspecified,leaf,"[""leaf"", ""leaf upper surface""]","{""leaf"": 0.9628, ""leaf upper surface"": 0.9316}",True,True,"[""broad leaf"", ""leaf veins"", ""green leaf"", ""leaf underside"", ""leaf texture"", ""close-up leaf"", ""leaf margin"", ""leaf attachment"", ""twig"", ""dark background""]","[""leaf"", ""leaf upper surface"", ""leaf margin"", ""stem"", ""twig"", ""leaf arrangement on twig"", ""petiole arrangement""]",1.0,0.2857,0.4444,0.2857
baskauf/55738,Hamamelis virginiana,vanderbilt/6-163,whole tree (or vine) / general,whole plant,"[""whole plant"", ""branch"", ""leaf"", ""trunk""]","{""whole plant"": 0.9581, ""branch"": 0.875, ""leaf"": 0.7581, ""trunk"": 0.736}",True,True,"[""multiple trunks"", ""green and yellow leaves"", ""branching pattern"", ""small tree"", ""smooth bark"", ""urban setting""]","[""whole plant"", ""trunk"", ""branch"", ""leaf"", ""stem"", ""twig""]",1.0,0.6667,0.8,0.6667
baskauf/55741,Hamamelis virginiana,vanderbilt/6-163,leaf / whole upper surface,leaf,"[""leaf"", ""leaf upper surface"", ""leaf margin"", ""leaf arrangement on twig"", ""twig"", ""stem""]","{""leaf"": 0.9609, ""leaf upper surface"": 0.903, ""leaf margin"": 0.8664, ""leaf arrangement on twig"": 0.6507, ""twig"": 0.6009, ""stem"": 0.5823}",True,True,"[""broad leaf"", ""leaf veins"", ""leaf margin"", ""close-up leaf"", ""green leaf"", ""twig with buds"", ""developing buds"", ""dark background""]","[""leaf"", ""twig"", ""bud"", ""leaf upper surface"", ""leaf margin"", ""fruit"", ""immature fruit"", ""fruit borne on plant""]",0.6667,0.5,0.5714,0.4
baskauf/55745,Hamamelis virginiana,vanderbilt/6-163,leaf / margin of upper + lower surface,leaf,"[""leaf upper surface"", ""leaf margin"", ""leaf""]","{""leaf upper surface"": 0.9892, ""leaf margin"": 0.986, ""leaf"": 0.9855}",True,False,"[""green leaves"", ""leaf veins"", ""leaf texture"", ""close-up view"", ""broad leaves"", ""leaf underside""]","[""leaf"", ""leaf upper surface"", ""leaf margin""]",1.0,1.0,1.0,1.0
baskauf/55748,Hamamelis virginiana,vanderbilt/6-163,twig / orientation of petioles,twig,"[""twig"", ""bud"", ""stem"", ""fruit borne on plant"", ""immature fruit"", ""fruit""]","{""twig"": 0.9639, ""bud"": 0.953, ""stem"": 0.8153, ""fruit borne on plant"": 0.783, ""immature fruit"": 0.7795, ""fruit"": 0.653}",True,True,"[""reddish brown twig"", ""buds"", ""immature fruit"", ""close-up"", ""dormant branch"", ""partially decayed leaf""]","[""twig"", ""bud"", ""fruit"", ""immature fruit"", ""winter twig""]",0.6667,0.8,0.7273,0.5714
baskauf/55752,Hamamelis virginiana,vanderbilt/6-163,leaf / showing orientation on twig,leaf,"[""leaf"", ""leaf arrangement on twig"", ""leaf upper surface"", ""twig""]","{""leaf"": 0.9657, ""leaf arrangement on twig"": 0.851, ""leaf upper surface"": 0.7961, ""twig"": 0.766}",True,True,"[""green leaves"", ""small twigs"", ""developing buds"", ""close-up view"", ""leaf veins"", ""branching pattern""]","[""leaf"", ""twig"", ""bud"", ""leaf arrangement on twig"", ""stem""]",0.75,0.6,0.6667,0.5
baskauf/55755,Hamamelis virginiana,vanderbilt/6-163,bark / of a medium tree or large branch,bark,"[""bark"", ""large-tree bark"", ""trunk""]","{""bark"": 0.992, ""large-tree bark"": 0.9817, ""trunk"": 0.9701}",True,True,"[""tree bark"", ""textured surface"", ""vertical view"", ""close-up bark"", ""gray bark"", ""ridged bark""]","[""trunk"", ""bark"", ""large-tree bark""]",1.0,1.0,1.0,1.0
baskauf/55757,Hamamelis virginiana,vanderbilt/6-163,bark / of a small tree or small branch,bark,"[""bark"", ""large-tree bark"", ""trunk"", ""medium-tree or large-branch bark""]","{""bark"": 0.9896, ""large-tree bark"": 0.9302, ""trunk"": 0.9279, ""medium-tree or large-branch bark"": 0.9265}",True,True,"[""textured bark"", ""vertical view"", ""gray and brown tones"", ""close-up bark"", ""tree trunk"", ""rectangular bark plates""]","[""trunk"", ""bark"", ""large-tree bark""]",0.75,1.0,0.8571,0.75
baskauf/55760,Hamamelis virginiana,vanderbilt/6-163,inflorescence / lateral view of flower,flower,"[""bud"", ""twig"", ""flower close-up"", ""flower"", ""stem""]","{""bud"": 0.9531, ""twig"": 0.8433, ""flower close-up"": 0.8354, ""flower"": 0.7912, ""stem"": 0.5569}",True,False,"[""yellow flowers"", ""woody branch"", ""buds"", ""close-up"", ""dark background"", ""curled petals""]","[""branch"", ""bud"", ""flower"", ""flower close-up""]",0.6,0.75,0.6667,0.5
baskauf/55763,Hamamelis virginiana,vanderbilt/6-163,inflorescence / frontal view of flower,flower,"[""flower close-up"", ""flower"", ""inflorescence"", ""bud"", ""stem"", ""twig"", ""immature fruit""]","{""flower close-up"": 0.9428, ""flower"": 0.9425, ""inflorescence"": 0.9106, ""bud"": 0.8589, ""stem"": 0.6886, ""twig"": 0.6883, ""immature fruit"": 0.677}",True,False,"[""yellow flowers"", ""woody stem"", ""developing buds"", ""close-up view"", ""dark background"", ""clustered flowers""]","[""stem"", ""flower"", ""inflorescence"", ""bud"", ""flower close-up""]",0.7143,1.0,0.8333,0.7143
baskauf/55764,Hamamelis virginiana,vanderbilt/6-163,inflorescence / lateral view of flower,flower,"[""bud"", ""flower close-up"", ""twig"", ""flower"", ""stem"", ""leaf""]","{""bud"": 0.8393, ""flower close-up"": 0.7543, ""twig"": 0.7462, ""flower"": 0.7378, ""stem"": 0.5917, ""leaf"": 0.5268}",True,False,"[""yellow petals"", ""developing buds"", ""woody stem"", ""close-up view"", ""curled petals"", ""brown buds"", ""textured leaf""]","[""stem"", ""bud"", ""flower"", ""flower close-up"", ""immature fruit"", ""fruit borne on plant""]",0.6667,0.6667,0.6667,0.5
baskauf/55769,Hamamelis virginiana,vanderbilt/6-163,inflorescence / whole - unspecified,flower,"[""leaf"", ""inflorescence"", ""flower"", ""stem""]","{""leaf"": 0.9158, ""inflorescence"": 0.8734, ""flower"": 0.7737, ""stem"": 0.7215}",True,False,"[""broad leaves"", ""woody stem"", ""yellow flowers"", ""leaf veins"", ""close-up view"", ""dark background""]","[""leaf"", ""stem"", ""flower"", ""leaf upper surface"", ""flower close-up""]",0.75,0.6,0.6667,0.5
baskauf/55770,Hamamelis virginiana,vanderbilt/6-163,inflorescence / frontal view of flower,flower,"[""flower"", ""flower close-up"", ""inflorescence"", ""twig"", ""stem""]","{""flower"": 0.8994, ""flower close-up"": 0.8386, ""inflorescence"": 0.7906, ""twig"": 0.6376, ""stem"": 0.634}",True,True,"[""yellow flowers"", ""woody stem"", ""early spring bloom"", ""close-up flower"", ""curled petals"", ""green leaf blur""]","[""stem"", ""flower"", ""flower close-up"", ""inflorescence""]",0.8,1.0,0.8889,0.8
baskauf/55774,Hamamelis virginiana,vanderbilt/6-163,inflorescence / lateral view of flower,flower,"[""bud"", ""twig"", ""flower"", ""flower close-up"", ""stem"", ""fruit borne on plant""]","{""bud"": 0.7481, ""twig"": 0.7433, ""flower"": 0.7247, ""flower close-up"": 0.6413, ""stem"": 0.6342, ""fruit borne on plant"": 0.5913}",True,False,"[""yellow petals"", ""woody stem"", ""green leaves"", ""curled petals"", ""close-up view"", ""branching stem""]","[""stem"", ""twig"", ""leaf"", ""flower"", ""flower close-up""]",0.6667,0.8,0.7273,0.5714
baskauf/55799,Hamamelis virginiana,vanderbilt/6-163,leaf / showing orientation on twig,leaf,"[""leaf"", ""leaf upper surface"", ""twig"", ""leaf arrangement on twig""]","{""leaf"": 0.9645, ""leaf upper surface"": 0.8839, ""twig"": 0.6515, ""leaf arrangement on twig"": 0.6507}",True,True,"[""green leaves"", ""small twigs"", ""developing fruit"", ""close-up view"", ""leaf veins"", ""dark background""]","[""leaf"", ""twig"", ""fruit"", ""immature fruit"", ""fruit borne on plant"", ""leaf upper surface""]",0.75,0.5,0.6,0.4286
baskauf/55800,Hamamelis virginiana,vanderbilt/6-163,leaf / showing orientation on twig,leaf,"[""leaf"", ""leaf upper surface"", ""stem""]","{""leaf"": 0.9592, ""leaf upper surface"": 0.8504, ""stem"": 0.652}",True,True,"[""broad leaves"", ""green and yellow leaves"", ""small fruit clusters"", ""woody stem"", ""close-up view"", ""natural light""]","[""leaf"", ""fruit"", ""stem"", ""fruit borne on plant"", ""leaf upper surface""]",1.0,0.6,0.75,0.6
baskauf/55869,Juglans cinerea,ind-baskauf/70791,twig / unspecified,twig,"[""winter twig"", ""twig"", ""leaf scar"", ""stem""]","{""winter twig"": 0.8894, ""twig"": 0.8641, ""leaf scar"": 0.8637, ""stem"": 0.6407}",True,False,"[""split twig"", ""exposed pith"", ""winter twig"", ""close-up"", ""brown twig"", ""damaged twig""]","[""twig"", ""winter twig"", ""leaf scar""]",0.75,1.0,0.8571,0.75
baskauf/55872,Juglans cinerea,ind-baskauf/70791,twig / unspecified,twig,"[""winter twig"", ""twig"", ""bark""]","{""winter twig"": 0.7619, ""twig"": 0.6563, ""bark"": 0.6338}",True,False,"[""sectioned twig"", ""internal structure"", ""woody tissue"", ""cross-section"", ""pale interior"", ""dark outer layer""]","[""twig"", ""stem"", ""bark"", ""leaf scar"", ""winter twig""]",1.0,0.6,0.75,0.6
baskauf/55876,Juglans cinerea,ind-baskauf/70791,twig / close-up winter leaf scar/bud,twig,"[""leaf scar"", ""winter twig"", ""bud"", ""bark"", ""small-tree or branch bark"", ""twig""]","{""leaf scar"": 0.9787, ""winter twig"": 0.9493, ""bud"": 0.9107, ""bark"": 0.9036, ""small-tree or branch bark"": 0.8846, ""twig"": 0.747}",True,False,"[""woody twig"", ""bud"", ""close-up"", ""rough texture"", ""brown tones"", ""dormant branch""]","[""twig"", ""bud"", ""winter twig"", ""bark"", ""small-tree or branch bark""]",0.8333,1.0,0.9091,0.8333
baskauf/55877,Juglans cinerea,ind-baskauf/70791,twig / close-up winter leaf scar/bud,twig,"[""winter twig"", ""leaf scar"", ""bud"", ""twig"", ""small-tree or branch bark"", ""bark""]","{""winter twig"": 0.9858, ""leaf scar"": 0.9803, ""bud"": 0.9618, ""twig"": 0.9436, ""small-tree or branch bark"": 0.9144, ""bark"": 0.7108}",True,False,"[""woody twig"", ""swollen bud"", ""close-up"", ""dormant branch"", ""textured bark"", ""brown tones""]","[""twig"", ""bud"", ""bark"", ""winter twig""]",0.6667,1.0,0.8,0.6667
baskauf/58501,Ilex verticillata,ind-baskauf/58500,leaf / margin of upper + lower surface,leaf,"[""leaf"", ""leaf upper surface"", ""leaf margin"", ""leaf arrangement on twig""]","{""leaf"": 0.9576, ""leaf upper surface"": 0.9351, ""leaf margin"": 0.8899, ""leaf arrangement on twig"": 0.652}",True,True,"[""green leaves"", ""leaf veins"", ""close-up leaf"", ""textured surface"", ""bright green"", ""leaf detail""]","[""leaf"", ""leaf upper surface"", ""leaf margin""]",0.75,1.0,0.8571,0.75
baskauf/58502,Ilex verticillata,ind-baskauf/58500,twig / orientation of petioles,twig,"[""bud"", ""twig"", ""stem"", ""leaf"", ""leaf arrangement on twig""]","{""bud"": 0.9289, ""twig"": 0.8397, ""stem"": 0.8161, ""leaf"": 0.8081, ""leaf arrangement on twig"": 0.7314}",True,False,"[""green twig"", ""small buds"", ""leafy background"", ""close-up view"", ""branch detail"", ""textured bark""]","[""twig"", ""bud"", ""leaf"", ""stem"", ""branch"", ""leaf arrangement on twig""]",1.0,0.8333,0.9091,0.8333
baskauf/58504,Ilex verticillata,ind-baskauf/58500,twig / orientation of petioles,twig,"[""bud"", ""twig"", ""stem"", ""leaf"", ""leaf arrangement on twig""]","{""bud"": 0.8991, ""twig"": 0.8601, ""stem"": 0.8524, ""leaf"": 0.775, ""leaf arrangement on twig"": 0.7694}",True,False,"[""woody stem"", ""small buds"", ""leafy branch"", ""close-up view"", ""reddish buds"", ""green leaves""]","[""stem"", ""twig"", ""bud"", ""leaf"", ""leaf arrangement on twig""]",1.0,1.0,1.0,1.0
baskauf/58506,Ilex verticillata,ind-baskauf/58500,leaf / margin of upper + lower surface,leaf,"[""leaf upper surface"", ""leaf"", ""leaf margin""]","{""leaf upper surface"": 0.9678, ""leaf"": 0.9677, ""leaf margin"": 0.9555}",True,False,"[""green leaves"", ""leaf texture"", ""close-up"", ""veins"", ""leaf surface"", ""detailed leaf""]","[""leaf"", ""leaf upper surface"", ""leaf margin""]",1.0,1.0,1.0,1.0
baskauf/63779,Gymnocladus dioicus,ind-baskauf/24227,twig / winter overall,twig,"[""winter twig"", ""bud"", ""twig"", ""small-tree or branch bark"", ""leaf scar"", ""winter habit"", ""branch""]","{""winter twig"": 0.9931, ""bud"": 0.9823, ""twig"": 0.9788, ""small-tree or branch bark"": 0.9141, ""leaf scar"": 0.9045, ""winter habit"": 0.8104, ""branch"": 0.8045}",True,False,"[""leafless twig"", ""bud scales"", ""dormant branch"", ""close-up twig"", ""winter branch"", ""bud arrangement""]","[""twig"", ""bud"", ""winter twig"", ""leaf scar"", ""terminal bud""]",0.5714,0.8,0.6667,0.5
baskauf/63781,Gymnocladus dioicus,ind-baskauf/24227,twig / close-up winter leaf scar/bud,twig,"[""winter twig"", ""bark"", ""small-tree or branch bark"", ""bud"", ""leaf scar"", ""twig""]","{""winter twig"": 0.9516, ""bark"": 0.9512, ""small-tree or branch bark"": 0.9296, ""bud"": 0.9137, ""leaf scar"": 0.8944, ""twig"": 0.7731}",True,False,"[""woody stem"", ""bud"", ""close-up"", ""dormant branch"", ""winter twig"", ""bud scar""]","[""stem"", ""twig"", ""bud"", ""winter twig"", ""leaf scar""]",0.6667,0.8,0.7273,0.5714
baskauf/63783,Gymnocladus dioicus,ind-baskauf/24227,twig / close-up winter terminal bud,twig,"[""winter twig"", ""bud"", ""small-tree or branch bark"", ""leaf scar"", ""twig"", ""terminal bud"", ""bark"", ""branch""]","{""winter twig"": 0.9793, ""bud"": 0.9785, ""small-tree or branch bark"": 0.9425, ""leaf scar"": 0.9354, ""twig"": 0.9343, ""terminal bud"": 0.8623, ""bark"": 0.7684, ""branch"": 0.6444}",True,False,"[""woody stem"", ""terminal bud"", ""bud scales"", ""close-up view"", ""dormant branch"", ""textured bark""]","[""stem"", ""twig"", ""bud"", ""terminal bud"", ""bark"", ""winter twig""]",0.625,0.8333,0.7143,0.5556
baskauf/65631,Dirca palustris,ind-baskauf/65629,leaf / showing orientation on twig,leaf,"[""leaf"", ""leaf arrangement on twig"", ""stem"", ""twig""]","{""leaf"": 0.9663, ""leaf arrangement on twig"": 0.8773, ""stem"": 0.7799, ""twig"": 0.5995}",True,True,"[""green leaves"", ""woody stems"", ""dense foliage"", ""ovate leaves"", ""branching pattern"", ""light and shadow""]","[""leaf"", ""stem"", ""branch"", ""leaf arrangement on twig""]",0.75,0.75,0.75,0.6
baskauf/65633,Dirca palustris,ind-baskauf/65629,leaf / whole upper surface,leaf,"[""leaf"", ""stem"", ""leaf arrangement on twig"", ""twig""]","{""leaf"": 0.9281, ""stem"": 0.7612, ""leaf arrangement on twig"": 0.575, ""twig"": 0.4859}",True,True,"[""green leaves"", ""smooth leaf surface"", ""developing fruit"", ""woody stem"", ""close-up view"", ""leaf veins""]","[""leaf"", ""stem"", ""fruit"", ""immature fruit"", ""leaf upper surface""]",0.5,0.4,0.4444,0.2857
baskauf/65634,Dirca palustris,ind-baskauf/65629,leaf / showing orientation on twig,leaf,"[""leaf"", ""leaf arrangement on twig"", ""stem""]","{""leaf"": 0.9503, ""leaf arrangement on twig"": 0.819, ""stem"": 0.6601}",True,True,"[""green leaves"", ""woody stem"", ""leaf arrangement"", ""close-up leaves"", ""dark background""]","[""leaf"", ""stem"", ""leaf arrangement on twig""]",1.0,1.0,1.0,1.0
baskauf/65637,Dirca palustris,ind-baskauf/65629,leaf / showing orientation on twig,leaf,"[""leaf"", ""leaf arrangement on twig"", ""leaf upper surface"", ""stem"", ""twig""]","{""leaf"": 0.9781, ""leaf arrangement on twig"": 0.9074, ""leaf upper surface"": 0.8104, ""stem"": 0.7239, ""twig"": 0.5186}",True,True,"[""green leaves"", ""woody stem"", ""leaf arrangement"", ""close-up leaves"", ""dense foliage"", ""angled view""]","[""leaf"", ""stem"", ""leaf arrangement on twig""]",0.6,1.0,0.75,0.6
baskauf/65641,Dirca palustris,ind-baskauf/65629,fruit / immature,fruit,"[""fruit borne on plant"", ""stem"", ""fruit close-up"", ""immature fruit"", ""fruit"", ""leaf""]","{""fruit borne on plant"": 0.9292, ""stem"": 0.893, ""fruit close-up"": 0.8893, ""immature fruit"": 0.8731, ""fruit"": 0.8511, ""leaf"": 0.6236}",True,False,"[""green fruits"", ""hanging fruits"", ""smooth stems"", ""broad leaves"", ""close-up view"", ""dark background""]","[""fruit"", ""stem"", ""leaf"", ""fruit close-up"", ""fruit borne on plant"", ""immature fruit""]",1.0,1.0,1.0,1.0
baskauf/65642,Dirca palustris,ind-baskauf/65629,twig / orientation of petioles,twig,"[""leaf"", ""stem"", ""leaf arrangement on twig""]","{""leaf"": 0.857, ""stem"": 0.7945, ""leaf arrangement on twig"": 0.7419}",False,False,"[""green stem"", ""broad leaves"", ""leaf arrangement"", ""close-up"", ""curved stem"", ""smooth stem""]","[""stem"", ""leaf"", ""leaf arrangement on twig""]",1.0,1.0,1.0,1.0
baskauf/65644,Dirca palustris,ind-baskauf/65629,leaf / margin of upper + lower surface,leaf,"[""leaf"", ""leaf upper surface"", ""leaf margin""]","{""leaf"": 0.9833, ""leaf upper surface"": 0.9724, ""leaf margin"": 0.9531}",True,True,"[""large green leaves"", ""leaf veins"", ""close-up"", ""overlapping leaves"", ""textured surface"", ""bright green""]","[""leaf"", ""leaf upper surface""]",0.6667,1.0,0.8,0.6667
baskauf/65645,Dirca palustris,ind-baskauf/65629,leaf / margin of upper + lower surface,leaf,"[""leaf"", ""leaf upper surface"", ""leaf margin""]","{""leaf"": 0.9789, ""leaf upper surface"": 0.9539, ""leaf margin"": 0.8867}",True,True,"[""green leaves"", ""leaf veins"", ""close-up"", ""leaf texture"", ""natural light"", ""macro photography""]","[""leaf"", ""leaf upper surface"", ""leaf margin""]",1.0,1.0,1.0,1.0
baskauf/65647,Dirca palustris,ind-baskauf/65629,twig / orientation of petioles,twig,"[""stem"", ""bud"", ""twig"", ""leaf"", ""fruit borne on plant"", ""leaf arrangement on twig""]","{""stem"": 0.7822, ""bud"": 0.7239, ""twig"": 0.6954, ""leaf"": 0.6287, ""fruit borne on plant"": 0.5758, ""leaf arrangement on twig"": 0.5533}",True,False,"[""smooth stem"", ""heart-shaped leaves"", ""pale yellow spathe"", ""green foliage"", ""close-up view"", ""angled stem""]","[""stem"", ""leaf"", ""flower"", ""leaf upper surface"", ""twig"", ""flower close-up""]",0.5,0.5,0.5,0.3333
baskauf/65649,Dirca palustris,ind-baskauf/65629,twig / orientation of petioles,twig,"[""stem"", ""leaf arrangement on twig"", ""twig"", ""leaf"", ""bud""]","{""stem"": 0.8701, ""leaf arrangement on twig"": 0.8666, ""twig"": 0.8372, ""leaf"": 0.8198, ""bud"": 0.7549}",True,False,"[""woody stem"", ""leaf scar"", ""close-up"", ""branching stem"", ""smooth stem"", ""green leaves""]","[""stem"", ""twig"", ""leaf scar"", ""branch"", ""leaf""]",0.6,0.6,0.6,0.4286
baskauf/65650,Dirca palustris,ind-baskauf/65629,bark / of a medium tree or large branch,bark,"[""bark"", ""medium-tree or large-branch bark"", ""large-tree bark"", ""trunk""]","{""bark"": 0.9941, ""medium-tree or large-branch bark"": 0.9648, ""large-tree bark"": 0.9565, ""trunk"": 0.9278}",True,True,"[""tree trunk"", ""bark texture"", ""lenticels"", ""branch scar"", ""rough surface"", ""vertical view""]","[""trunk"", ""bark"", ""branch"", ""large-tree bark""]",0.75,0.75,0.75,0.6
baskauf/65651,Dirca palustris,ind-baskauf/65629,bark / of a medium tree or large branch,bark,"[""bark"", ""medium-tree or large-branch bark"", ""trunk"", ""large-tree bark""]","{""bark"": 0.9863, ""medium-tree or large-branch bark"": 0.9594, ""trunk"": 0.8469, ""large-tree bark"": 0.8187}",True,True,"[""tree trunk"", ""bumpy bark"", ""branching pattern"", ""close-up bark"", ""vertical view"", ""natural light""]","[""trunk"", ""bark"", ""branch"", ""large-tree bark""]",0.75,0.75,0.75,0.6
baskauf/65652,Dirca palustris,ind-baskauf/65629,bark / of a medium tree or large branch,bark,"[""bark"", ""medium-tree or large-branch bark"", ""large-tree bark"", ""trunk""]","{""bark"": 0.9774, ""medium-tree or large-branch bark"": 0.9048, ""large-tree bark"": 0.8326, ""trunk"": 0.7965}",True,True,"[""tree trunk"", ""rough bark"", ""vertical view"", ""close-up bark"", ""brown tones"", ""natural texture""]","[""trunk"", ""bark"", ""large-tree bark""]",0.75,1.0,0.8571,0.75
baskauf/65653,Dirca palustris,ind-baskauf/65629,bark / of a small tree or small branch,bark,"[""bark"", ""medium-tree or large-branch bark"", ""leaf scar"", ""winter twig"", ""trunk"", ""bud"", ""twig""]","{""bark"": 0.962, ""medium-tree or large-branch bark"": 0.9127, ""leaf scar"": 0.8721, ""winter twig"": 0.8397, ""trunk"": 0.7126, ""bud"": 0.7008, ""twig"": 0.6701}",True,True,"[""vertical stem"", ""rough bark"", ""branching pattern"", ""dark background"", ""close-up bark"", ""leafless stem""]","[""stem"", ""bark"", ""branch"", ""twig"", ""winter habit"", ""small-tree or branch bark""]",0.2857,0.3333,0.3077,0.1818
baskauf/65654,Dirca palustris,ind-baskauf/65629,bark / of a small tree or small branch,bark,"[""twig"", ""bark"", ""stem"", ""winter twig"", ""bud"", ""branch""]","{""twig"": 0.8376, ""bark"": 0.7571, ""stem"": 0.7413, ""winter twig"": 0.7288, ""bud"": 0.6766, ""branch"": 0.6388}",True,False,"[""woody branches"", ""branching pattern"", ""close-up bark"", ""dormant branches"", ""textured bark"", ""brown branches""]","[""branch"", ""bark"", ""twig"", ""winter habit"", ""medium-tree or large-branch bark""]",0.5,0.6,0.5455,0.375
baskauf/65655,Dirca palustris,ind-baskauf/65629,whole tree (or vine) / general,whole plant,"[""leaf"", ""whole plant"", ""branch"", ""stem"", ""leaf arrangement on twig"", ""twig""]","{""leaf"": 0.9625, ""whole plant"": 0.9369, ""branch"": 0.881, ""stem"": 0.7394, ""leaf arrangement on twig"": 0.633, ""twig"": 0.5629}",True,False,"[""green leaves"", ""woody stems"", ""forest floor"", ""low shrub"", ""leafy branches"", ""scattered leaves"", ""natural light"", ""woodland scene""]","[""stem"", ""leaf"", ""twig"", ""branch"", ""whole plant""]",0.8333,1.0,0.9091,0.8333
baskauf/65657,Dirca palustris,ind-baskauf/65657,whole tree (or vine) / general,whole plant,"[""leaf"", ""branch"", ""whole plant"", ""stem"", ""twig""]","{""leaf"": 0.9041, ""branch"": 0.8785, ""whole plant"": 0.8733, ""stem"": 0.7582, ""twig"": 0.5997}",True,False,"[""low shrub"", ""green leaves"", ""woody branches"", ""forest floor"", ""leafy"", ""new growth""]","[""whole plant"", ""branch"", ""leaf"", ""stem"", ""twig""]",1.0,1.0,1.0,1.0
baskauf/65662,Dirca palustris,ind-baskauf/65662,whole tree (or vine) / general,whole plant,"[""leaf"", ""stem"", ""leaf arrangement on twig"", ""branch""]","{""leaf"": 0.966, ""stem"": 0.8775, ""leaf arrangement on twig"": 0.7702, ""branch"": 0.6565}",False,False,"[""green leaves"", ""woody stem"", ""forest floor"", ""leaf arrangement"", ""bright sunlight"", ""small plant"", ""leafy growth""]","[""stem"", ""leaf"", ""leaf arrangement on twig""]",0.75,1.0,0.8571,0.75
baskauf/66134,Gleditsia triacanthos,ind-baskauf/66133,inflorescence / whole - female,flower,"[""flower"", ""inflorescence"", ""flower close-up"", ""immature fruit"", ""fruit"", ""stem"", ""leaf"", ""fruit borne on plant""]","{""flower"": 0.9588, ""inflorescence"": 0.9274, ""flower close-up"": 0.908, ""immature fruit"": 0.7602, ""fruit"": 0.7536, ""stem"": 0.7184, ""leaf"": 0.6432, ""fruit borne on plant"": 0.598}",True,True,"[""green leaves"", ""developing fruit"", ""clustered fruit"", ""elongated leaves"", ""dense cluster"", ""light green""]","[""leaf"", ""fruit"", ""inflorescence"", ""immature fruit"", ""fruit borne on plant"", ""flower close-up""]",0.75,1.0,0.8571,0.75
baskauf/66135,Gleditsia triacanthos,ind-baskauf/66133,inflorescence / frontal view of flower,flower,"[""flower"", ""inflorescence"", ""flower close-up"", ""immature fruit"", ""fruit"", ""stem"", ""fruit borne on plant""]","{""flower"": 0.9541, ""inflorescence"": 0.9429, ""flower close-up"": 0.9069, ""immature fruit"": 0.8827, ""fruit"": 0.8494, ""stem"": 0.789, ""fruit borne on plant"": 0.736}",True,True,"[""hanging flowers"", ""green stems"", ""small flowers"", ""dark background"", ""close-up view"", ""pendulous inflorescence""]","[""stem"", ""flower"", ""inflorescence"", ""flower close-up""]",0.5714,1.0,0.7273,0.5714
baskauf/66137,Gleditsia triacanthos,ind-baskauf/66133,inflorescence / lateral view of flower,flower,"[""flower"", ""inflorescence"", ""flower close-up"", ""stem"", ""immature fruit"", ""leaf""]","{""flower"": 0.9687, ""inflorescence"": 0.9451, ""flower close-up"": 0.925, ""stem"": 0.7768, ""immature fruit"": 0.6917, ""leaf"": 0.6403}",True,True,"[""small flowers"", ""compound leaves"", ""woody stem"", ""hanging inflorescence"", ""green foliage"", ""slender stems""]","[""flower"", ""leaf"", ""stem"", ""inflorescence"", ""twig""]",0.6667,0.8,0.7273,0.5714
baskauf/66138,Gleditsia triacanthos,ind-baskauf/66133,inflorescence / whole - female,flower,"[""leaf"", ""inflorescence"", ""branch"", ""flower"", ""leaf arrangement on twig""]","{""leaf"": 0.9437, ""inflorescence"": 0.8977, ""branch"": 0.8071, ""flower"": 0.8041, ""leaf arrangement on twig"": 0.7637}",True,False,"[""compound leaves"", ""reddish branch"", ""small yellow flowers"", ""leaflets"", ""branching pattern"", ""sunny day""]","[""branch"", ""leaf"", ""flower"", ""inflorescence"", ""twig"", ""leaf arrangement on twig""]",1.0,0.8333,0.9091,0.8333
baskauf/66140,Gleditsia triacanthos,ind-baskauf/66133,inflorescence / whole - female,flower,"[""inflorescence"", ""flower"", ""leaf"", ""branch"", ""fruit borne on plant""]","{""inflorescence"": 0.9726, ""flower"": 0.9279, ""leaf"": 0.9153, ""branch"": 0.8776, ""fruit borne on plant"": 0.5493}",True,False,"[""compound leaves"", ""small flowers"", ""woody branch"", ""green foliage"", ""clustered blooms"", ""dark bark""]","[""branch"", ""leaf"", ""flower"", ""inflorescence"", ""twig""]",0.8,0.8,0.8,0.6667
baskauf/66141,Gleditsia triacanthos,ind-baskauf/66133,leaf / whole upper surface,leaf,"[""leaf"", ""leaf arrangement on twig"", ""branch""]","{""leaf"": 0.9729, ""leaf arrangement on twig"": 0.8738, ""branch"": 0.6639}",True,True,"[""compound leaves"", ""green foliage"", ""branching pattern"", ""leaflets"", ""dark background"", ""close-up view"", ""dense arrangement""]","[""leaf"", ""branch"", ""leaf arrangement on twig"", ""leaf upper surface""]",1.0,0.75,0.8571,0.75
baskauf/66144,Gleditsia triacanthos,ind-baskauf/66133,leaf / whole upper surface,leaf,"[""leaf"", ""leaf arrangement on twig"", ""stem""]","{""leaf"": 0.9636, ""leaf arrangement on twig"": 0.8987, ""stem"": 0.5453}",True,True,"[""compound leaves"", ""green foliage"", ""hanging branch"", ""dark background"", ""leaf arrangement"", ""elongated leaflets""]","[""leaf"", ""branch"", ""leaf arrangement on twig""]",0.6667,0.6667,0.6667,0.5
baskauf/66145,Gleditsia triacanthos,ind-baskauf/66133,leaf / whole upper surface,leaf,"[""leaf"", ""leaf arrangement on twig"", ""stem""]","{""leaf"": 0.9632, ""leaf arrangement on twig"": 0.8827, ""stem"": 0.5462}",True,True,"[""compound leaves"", ""green foliage"", ""cascading leaves"", ""dark background"", ""leaf arrangement"", ""branching pattern""]","[""leaf"", ""twig"", ""leaf arrangement on twig""]",0.6667,0.6667,0.6667,0.5
baskauf/66147,Gleditsia triacanthos,ind-baskauf/66133,whole tree (or vine) / general,whole plant,"[""whole plant"", ""leaf"", ""branch"", ""view up trunk""]","{""whole plant"": 0.9924, ""leaf"": 0.9609, ""branch"": 0.9535, ""view up trunk"": 0.8874}",True,True,"[""lush foliage"", ""tree canopy"", ""branching pattern"", ""green leaves"", ""sky background"", ""sunlit leaves""]","[""whole plant"", ""branch"", ""leaf"", ""view up trunk""]",1.0,1.0,1.0,1.0
baskauf/66149,Gleditsia triacanthos,ind-baskauf/66133,bark / of a medium tree or large branch,bark,"[""bark"", ""branch"", ""trunk"", ""stem"", ""large-tree bark"", ""leaf"", ""twig""]","{""bark"": 0.9397, ""branch"": 0.8088, ""trunk"": 0.7998, ""stem"": 0.7625, ""large-tree bark"": 0.7427, ""leaf"": 0.6397, ""twig"": 0.6395}",True,True,"[""thorny stem"", ""mottled bark"", ""green leaves"", ""woody trunk"", ""branching pattern"", ""close-up bark""]","[""trunk"", ""bark"", ""branch"", ""stem"", ""twig"", ""leaf"", ""large-tree bark""]",1.0,1.0,1.0,1.0
baskauf/66153,Gleditsia triacanthos,ind-baskauf/66133,leaf / margin of upper + lower surface,leaf,"[""leaf"", ""leaf arrangement on twig"", ""stem""]","{""leaf"": 0.9784, ""leaf arrangement on twig"": 0.9362, ""stem"": 0.5745}",True,True,"[""compound leaf"", ""green foliage"", ""leaf arrangement"", ""close-up view"", ""leaf texture"", ""pinnately compound""]","[""leaf"", ""leaf arrangement on twig"", ""leaf upper surface""]",0.6667,0.6667,0.6667,0.5
baskauf/66154,Gleditsia triacanthos,ind-baskauf/66133,twig / orientation of petioles,twig,"[""stem"", ""leaf arrangement on twig"", ""leaf"", ""twig"", ""bud"", ""branch""]","{""stem"": 0.9252, ""leaf arrangement on twig"": 0.8364, ""leaf"": 0.8231, ""twig"": 0.8038, ""bud"": 0.7415, ""branch"": 0.5523}",True,False,"[""green leaves"", ""woody stem"", ""branch junction"", ""small fruit"", ""close-up view"", ""dark background""]","[""stem"", ""twig"", ""branch"", ""leaf"", ""fruit"", ""fruit borne on plant"", ""immature fruit""]",0.6667,0.5714,0.6154,0.4444
baskauf/66155,Gleditsia triacanthos,ind-baskauf/66133,twig / orientation of petioles,twig,"[""leaf arrangement on twig"", ""stem"", ""twig"", ""leaf"", ""branch""]","{""leaf arrangement on twig"": 0.8927, ""stem"": 0.8442, ""twig"": 0.8262, ""leaf"": 0.7214, ""branch"": 0.573}",True,False,"[""woody branch"", ""leaf arrangement"", ""bud"", ""leaf"", ""twig"", ""branch junction"", ""close-up view""]","[""branch"", ""twig"", ""leaf"", ""bud"", ""leaf arrangement on twig""]",0.8,0.8,0.8,0.6667
baskauf/66156,Gleditsia triacanthos,ind-baskauf/66133,twig / orientation of petioles,twig,"[""twig"", ""stem"", ""leaf arrangement on twig"", ""leaf"", ""bud""]","{""twig"": 0.8473, ""stem"": 0.8009, ""leaf arrangement on twig"": 0.7991, ""leaf"": 0.7787, ""bud"": 0.718}",True,True,"[""woody branch"", ""green leaves"", ""small flowers"", ""textured bark"", ""close-up view"", ""branching pattern""]","[""branch"", ""leaf"", ""flower"", ""bark"", ""twig"", ""fruit"", ""immature fruit"", ""fruit borne on plant""]",0.4,0.25,0.3077,0.1818
baskauf/66157,Gleditsia triacanthos,ind-baskauf/66133,twig / orientation of petioles,twig,"[""leaf arrangement on twig"", ""stem"", ""leaf"", ""twig"", ""bud""]","{""leaf arrangement on twig"": 0.8206, ""stem"": 0.8154, ""leaf"": 0.8002, ""twig"": 0.7126, ""bud"": 0.7067}",True,False,"[""green leaves"", ""woody stem"", ""developing buds"", ""close-up view"", ""textured stem"", ""leafy branch""]","[""stem"", ""leaf"", ""bud"", ""twig"", ""leaf arrangement on twig""]",1.0,1.0,1.0,1.0
baskauf/66159,Gleditsia triacanthos,ind-baskauf/66133,twig / orientation of petioles,twig,"[""leaf"", ""leaf arrangement on twig"", ""stem"", ""twig""]","{""leaf"": 0.9252, ""leaf arrangement on twig"": 0.8724, ""stem"": 0.7394, ""twig"": 0.6912}",True,False,"[""compound leaves"", ""green stems"", ""thorned branch"", ""leaf arrangement""]","[""leaf"", ""stem"", ""twig"", ""leaf arrangement on twig""]",1.0,1.0,1.0,1.0
baskauf/66161,Gleditsia triacanthos,ind-baskauf/66133,twig / orientation of petioles,twig,"[""leaf"", ""stem"", ""inflorescence"", ""twig"", ""leaf arrangement on twig"", ""branch""]","{""leaf"": 0.9075, ""stem"": 0.8503, ""inflorescence"": 0.7659, ""twig"": 0.7547, ""leaf arrangement on twig"": 0.7521, ""branch"": 0.6979}",True,False,"[""thorny stem"", ""compound leaves"", ""small yellow flowers"", ""woody branches"", ""dark background"", ""close-up view""]","[""stem"", ""twig"", ""leaf"", ""flower"", ""inflorescence"", ""branch"", ""fruit"", ""immature fruit""]",0.8333,0.625,0.7143,0.5556
baskauf/66163,Gleditsia triacanthos,ind-baskauf/66133,bark / of a small tree or small branch,bark,"[""stem"", ""bark"", ""bud"", ""branch"", ""twig""]","{""stem"": 0.7889, ""bark"": 0.7583, ""bud"": 0.679, ""branch"": 0.5863, ""twig"": 0.5737}",True,False,"[""textured bark"", ""woody branch"", ""buds along trunk"", ""close-up bark"", ""branching pattern"", ""light and shadow""]","[""trunk"", ""bark"", ""branch"", ""bud"", ""medium-tree or large-branch bark""]",0.6,0.6,0.6,0.4286
baskauf/66164,Gleditsia triacanthos,ind-baskauf/66164,whole tree (or vine) / view up trunk,whole plant,"[""branch"", ""leaf"", ""whole plant"", ""view up trunk"", ""leaf arrangement on twig""]","{""branch"": 0.9821, ""leaf"": 0.9482, ""whole plant"": 0.925, ""view up trunk"": 0.9038, ""leaf arrangement on twig"": 0.6743}",True,False,"[""dense canopy"", ""bright sky"", ""leafy branches"", ""upward view"", ""green foliage"", ""tree crown""]","[""whole plant"", ""branch"", ""leaf"", ""view up trunk""]",0.8,1.0,0.8889,0.8
baskauf/66166,Gleditsia triacanthos,ind-baskauf/66164,fruit / immature,fruit,"[""inflorescence"", ""flower"", ""branch"", ""fruit borne on plant"", ""fruit"", ""leaf"", ""twig""]","{""inflorescence"": 0.9683, ""flower"": 0.9415, ""branch"": 0.7933, ""fruit borne on plant"": 0.7801, ""fruit"": 0.7178, ""leaf"": 0.69, ""twig"": 0.6585}",True,False,"[""compound leaves"", ""thorny branch"", ""white flowers"", ""dense inflorescence"", ""green foliage""]","[""branch"", ""leaf"", ""flower"", ""inflorescence"", ""twig""]",0.7143,1.0,0.8333,0.7143
baskauf/66167,Gleditsia triacanthos,ind-baskauf/66164,fruit / immature,fruit,"[""inflorescence"", ""fruit borne on plant"", ""fruit"", ""flower"", ""immature fruit"", ""stem"", ""leaf"", ""twig""]","{""inflorescence"": 0.8711, ""fruit borne on plant"": 0.8514, ""fruit"": 0.8452, ""flower"": 0.8195, ""immature fruit"": 0.7679, ""stem"": 0.7078, ""leaf"": 0.6294, ""twig"": 0.6163}",True,False,"[""elongated seed pods"", ""compound leaves"", ""woody stem"", ""developing fruit"", ""close-up view"", ""green foliage""]","[""stem"", ""leaf"", ""fruit"", ""immature fruit"", ""fruit borne on plant"", ""fruit close-up""]",0.625,0.8333,0.7143,0.5556
baskauf/66168,Gleditsia triacanthos,ind-baskauf/66164,fruit / immature,fruit,"[""inflorescence"", ""flower"", ""flower close-up"", ""fruit borne on plant"", ""immature fruit"", ""fruit"", ""twig"", ""leaf""]","{""inflorescence"": 0.9741, ""flower"": 0.9505, ""flower close-up"": 0.823, ""fruit borne on plant"": 0.7607, ""immature fruit"": 0.754, ""fruit"": 0.7451, ""twig"": 0.5538, ""leaf"": 0.4934}",True,False,"[""hanging inflorescence"", ""small green leaves"", ""woody stem"", ""fuzzy flower parts"", ""pendulous flowers"", ""dark background""]","[""stem"", ""leaf"", ""inflorescence"", ""flower""]",0.375,0.75,0.5,0.3333
baskauf/66169,Gleditsia triacanthos,ind-baskauf/66164,fruit / immature,fruit,"[""flower"", ""inflorescence"", ""stem"", ""flower close-up"", ""fruit"", ""immature fruit"", ""fruit borne on plant"", ""leaf""]","{""flower"": 0.9201, ""inflorescence"": 0.903, ""stem"": 0.8234, ""flower close-up"": 0.8078, ""fruit"": 0.7854, ""immature fruit"": 0.7519, ""fruit borne on plant"": 0.7246, ""leaf"": 0.5513}",True,False,"[""elongated seed pods"", ""fuzzy surface"", ""small flowers"", ""woody stems"", ""close-up view"", ""green leaves""]","[""fruit"", ""immature fruit"", ""flower"", ""inflorescence"", ""stem"", ""leaf"", ""fruit borne on plant"", ""flower close-up""]",1.0,1.0,1.0,1.0
baskauf/66170,Gleditsia triacanthos,ind-baskauf/66164,fruit / immature,fruit,"[""flower"", ""inflorescence"", ""flower close-up"", ""immature fruit"", ""fruit"", ""stem"", ""fruit borne on plant""]","{""flower"": 0.9776, ""inflorescence"": 0.9653, ""flower close-up"": 0.9616, ""immature fruit"": 0.7745, ""fruit"": 0.7123, ""stem"": 0.6355, ""fruit borne on plant"": 0.6205}",True,False,"[""fuzzy buds"", ""hanging cluster"", ""pale green tips"", ""dense arrangement"", ""close-up floral detail"", ""dark background""]","[""bud"", ""inflorescence"", ""flower"", ""flower close-up""]",0.4286,0.75,0.5455,0.375
baskauf/66172,Gleditsia triacanthos,ind-baskauf/66164,leaf / whole upper surface,leaf,"[""leaf"", ""leaf arrangement on twig"", ""twig"", ""branch""]","{""leaf"": 0.9474, ""leaf arrangement on twig"": 0.8707, ""twig"": 0.7648, ""branch"": 0.6486}",True,True,"[""compound leaves"", ""green foliage"", ""hanging branches"", ""leaf arrangement"", ""twig with leaves"", ""bright light""]","[""leaf"", ""twig"", ""leaf arrangement on twig""]",0.75,1.0,0.8571,0.75
baskauf/66173,Gleditsia triacanthos,ind-baskauf/66164,twig / orientation of petioles,twig,"[""leaf"", ""leaf arrangement on twig"", ""twig"", ""branch"", ""stem""]","{""leaf"": 0.8923, ""leaf arrangement on twig"": 0.856, ""twig"": 0.8423, ""branch"": 0.6455, ""stem"": 0.6384}",True,False,"[""compound leaves"", ""thorny pods"", ""woody branch"", ""green foliage"", ""pointed pods"", ""close-up view""]","[""branch"", ""leaf"", ""fruit"", ""twig"", ""fruit borne on plant"", ""immature fruit""]",0.6,0.5,0.5455,0.375
baskauf/66174,Gleditsia triacanthos,ind-baskauf/66164,twig / orientation of petioles,twig,"[""leaf arrangement on twig"", ""twig"", ""leaf"", ""branch"", ""stem""]","{""leaf arrangement on twig"": 0.9291, ""twig"": 0.8877, ""leaf"": 0.8651, ""branch"": 0.7744, ""stem"": 0.7277}",True,False,"[""compound leaves"", ""woody branch"", ""leaf arrangement"", ""green foliage"", ""twig"", ""branching pattern"", ""close-up view"", ""natural light""]","[""branch"", ""twig"", ""leaf"", ""leaf arrangement on twig""]",0.8,1.0,0.8889,0.8
baskauf/66175,Gleditsia triacanthos,ind-baskauf/66164,leaf / margin of upper + lower surface,leaf,"[""leaf"", ""leaf arrangement on twig"", ""leaf upper surface""]","{""leaf"": 0.9786, ""leaf arrangement on twig"": 0.9135, ""leaf upper surface"": 0.7581}",True,True,"[""green leaves"", ""compound leaf"", ""leaf arrangement"", ""angled stem"", ""close-up view"", ""brightly lit leaves""]","[""leaf"", ""stem"", ""leaf arrangement on twig"", ""leaf upper surface""]",1.0,0.75,0.8571,0.75
baskauf/66176,Gleditsia triacanthos,ind-baskauf/66164,leaf / whole upper surface,leaf,"[""leaf"", ""leaf arrangement on twig"", ""twig""]","{""leaf"": 0.9294, ""leaf arrangement on twig"": 0.9176, ""twig"": 0.8095}",True,True,"[""compound leaves"", ""green foliage"", ""branching pattern"", ""leaf arrangement"", ""dense leaves"", ""slender stem""]","[""leaf"", ""branch"", ""stem"", ""leaf arrangement on twig""]",0.6667,0.5,0.5714,0.4
baskauf/66178,Gleditsia triacanthos,ind-baskauf/66164,leaf / whole upper surface,leaf,"[""leaf"", ""leaf arrangement on twig"", ""twig""]","{""leaf"": 0.9574, ""leaf arrangement on twig"": 0.9446, ""twig"": 0.7318}",True,True,"[""compound leaves"", ""green foliage"", ""branching pattern"", ""leaf arrangement"", ""delicate leaves"", ""dark background""]","[""leaf"", ""branch"", ""leaf arrangement on twig""]",0.6667,0.6667,0.6667,0.5
baskauf/66180,Gleditsia triacanthos,ind-baskauf/66180,whole tree (or vine) / general,whole plant,"[""whole plant"", ""branch"", ""leaf"", ""view up trunk"", ""trunk""]","{""whole plant"": 0.9958, ""branch"": 0.9766, ""leaf"": 0.9453, ""view up trunk"": 0.9123, ""trunk"": 0.7024}",True,True,"[""full tree"", ""green foliage"", ""branching pattern"", ""sky background"", ""dense canopy"", ""summer leaves""]","[""whole plant"", ""branch"", ""leaf""]",0.6,1.0,0.75,0.6
baskauf/66181,Gleditsia triacanthos,ind-baskauf/66180,bark / of a medium tree or large branch,bark,"[""bark"", ""large-tree bark"", ""branch"", ""twig"", ""trunk"", ""stem""]","{""bark"": 0.925, ""large-tree bark"": 0.8077, ""branch"": 0.7475, ""twig"": 0.711, ""trunk"": 0.6836, ""stem"": 0.6004}",True,True,"[""thorny branches"", ""textured bark"", ""dense branching"", ""woody stem"", ""lichen covered"", ""close-up view""]","[""trunk"", ""bark"", ""branch"", ""stem"", ""twig"", ""large-tree bark""]",1.0,1.0,1.0,1.0
baskauf/66182,Gleditsia triacanthos,ind-baskauf/66180,bark / of a medium tree or large branch,bark,"[""bark"", ""large-tree bark"", ""branch"", ""trunk"", ""twig"", ""stem""]","{""bark"": 0.9455, ""large-tree bark"": 0.7989, ""branch"": 0.7952, ""trunk"": 0.7705, ""twig"": 0.6781, ""stem"": 0.6198}",True,True,"[""thorny branches"", ""lichen covered trunk"", ""broad leaves"", ""woody stem"", ""dense branching""]","[""trunk"", ""bark"", ""branch"", ""stem"", ""twig"", ""leaf"", ""large-tree bark""]",1.0,0.8571,0.9231,0.8571
baskauf/66183,Gleditsia triacanthos,ind-baskauf/66180,inflorescence / whole - male,flower,"[""inflorescence"", ""leaf"", ""flower"", ""stem"", ""branch"", ""twig""]","{""inflorescence"": 0.9233, ""leaf"": 0.8632, ""flower"": 0.8111, ""stem"": 0.773, ""branch"": 0.7174, ""twig"": 0.5536}",True,False,"[""thorny branch"", ""compound leaves"", ""yellow flower clusters"", ""woody branch"", ""pinnate leaves"", ""dense inflorescence""]","[""branch"", ""leaf"", ""inflorescence"", ""flower"", ""twig"", ""leaf arrangement on twig""]",0.8333,0.8333,0.8333,0.7143
baskauf/66184,Gleditsia triacanthos,ind-baskauf/66180,inflorescence / whole - male,flower,"[""inflorescence"", ""flower"", ""stem"", ""flower close-up"", ""leaf""]","{""inflorescence"": 0.9736, ""flower"": 0.932, ""stem"": 0.7802, ""flower close-up"": 0.7507, ""leaf"": 0.6091}",True,False,"[""pendulous inflorescence"", ""compound leaves"", ""woody branch"", ""green foliage"", ""small flowers"", ""elongated cluster""]","[""branch"", ""leaf"", ""inflorescence"", ""flower"", ""fruit borne on plant""]",0.6,0.6,0.6,0.4286
baskauf/66185,Gleditsia triacanthos,ind-baskauf/66180,inflorescence / frontal view of flower,flower,"[""inflorescence"", ""flower"", ""flower close-up"", ""stem"", ""leaf""]","{""inflorescence"": 0.9769, ""flower"": 0.9338, ""flower close-up"": 0.8665, ""stem"": 0.7531, ""leaf"": 0.5843}",True,False,"[""dense flower cluster"", ""small flowers"", ""compound leaves"", ""green foliage"", ""elongated inflorescence"", ""close-up view""]","[""flower"", ""inflorescence"", ""leaf"", ""flower close-up""]",0.8,1.0,0.8889,0.8
baskauf/66187,Gleditsia triacanthos,ind-baskauf/66180,inflorescence / lateral view of flower,flower,"[""inflorescence"", ""flower"", ""flower close-up"", ""immature fruit"", ""stem"", ""fruit""]","{""inflorescence"": 0.9864, ""flower"": 0.9767, ""flower close-up"": 0.9595, ""immature fruit"": 0.8845, ""stem"": 0.8294, ""fruit"": 0.804}",True,False,"[""hanging cluster"", ""small green structures"", ""dark background"", ""elongated form"", ""pendulous arrangement"", ""close-up view"", ""developing fruit"", ""woody stem""]","[""inflorescence"", ""fruit"", ""immature fruit"", ""stem"", ""flower"", ""fruit borne on plant"", ""flower close-up""]",1.0,0.8571,0.9231,0.8571
baskauf/66188,Gleditsia triacanthos,ind-baskauf/66180,inflorescence / frontal view of flower,flower,"[""inflorescence"", ""flower"", ""flower close-up"", ""immature fruit"", ""stem"", ""leaf""]","{""inflorescence"": 0.9846, ""flower"": 0.9754, ""flower close-up"": 0.9225, ""immature fruit"": 0.8216, ""stem"": 0.7893, ""leaf"": 0.5221}",True,False,"[""pendulous cluster"", ""green developing fruit"", ""compound leaves"", ""dark branch"", ""small flowers"", ""elongated inflorescence""]","[""inflorescence"", ""fruit"", ""immature fruit"", ""leaf"", ""twig"", ""flower"", ""fruit borne on plant""]",0.6667,0.5714,0.6154,0.4444
baskauf/66190,Gleditsia triacanthos,ind-baskauf/66180,twig / orientation of petioles,twig,"[""inflorescence"", ""flower"", ""stem"", ""leaf""]","{""inflorescence"": 0.9035, ""flower"": 0.89, ""stem"": 0.8439, ""leaf"": 0.6935}",False,False,"[""thorny stem"", ""small leaves"", ""yellow flowers"", ""woody branch"", ""close-up view"", ""sharp spines""]","[""stem"", ""leaf"", ""flower"", ""branch"", ""twig"", ""flower close-up"", ""inflorescence""]",1.0,0.5714,0.7273,0.5714
baskauf/66191,Gleditsia triacanthos,ind-baskauf/66180,inflorescence / whole - male,flower,"[""leaf"", ""inflorescence"", ""branch"", ""flower"", ""twig"", ""stem""]","{""leaf"": 0.9271, ""inflorescence"": 0.9208, ""branch"": 0.8219, ""flower"": 0.7959, ""twig"": 0.6014, ""stem"": 0.5808}",True,False,"[""compound leaves"", ""yellow flower clusters"", ""woody branch"", ""dark bark"", ""dense foliage""]","[""branch"", ""leaf"", ""inflorescence"", ""flower"", ""leaf arrangement on twig""]",0.6667,0.8,0.7273,0.5714
baskauf/66192,Gleditsia triacanthos,ind-baskauf/66180,inflorescence / whole - male,flower,"[""inflorescence"", ""flower"", ""flower close-up"", ""stem"", ""immature fruit"", ""leaf""]","{""inflorescence"": 0.9796, ""flower"": 0.9656, ""flower close-up"": 0.894, ""stem"": 0.7968, ""immature fruit"": 0.74, ""leaf"": 0.5257}",True,False,"[""dense flower cluster"", ""small green leaves"", ""woody branch"", ""immature fruit-like structures"", ""elongated inflorescence"", ""close-up view""]","[""flower"", ""inflorescence"", ""branch"", ""fruit"", ""immature fruit"", ""flower close-up""]",0.6667,0.6667,0.6667,0.5
baskauf/70791,Juglans cinerea,ind-baskauf/70791,whole tree (or vine) / general,whole plant,"[""whole plant"", ""trunk"", ""branch"", ""bark"", ""leaf""]","{""whole plant"": 0.8843, ""trunk"": 0.8403, ""branch"": 0.6604, ""bark"": 0.6469, ""leaf"": 0.5579}",True,True,"[""trees along bank"", ""water reflection"", ""dense foliage"", ""slender trunks"", ""sunlit leaves"", ""shadowed foreground""]","[""whole plant"", ""trunk"", ""branch"", ""leaf"", ""twig""]",0.8,0.8,0.8,0.6667
baskauf/70792,Juglans cinerea,ind-baskauf/70791,fruit / unspecified,fruit,"[""trunk"", ""whole plant"", ""branch"", ""leaf""]","{""trunk"": 0.8399, ""whole plant"": 0.7946, ""branch"": 0.6973, ""leaf"": 0.6269}",False,False,"[""fallen leaves"", ""water surface"", ""submerged fruit"", ""rocky streambed"", ""autumnal colors"", ""twig in water""]","[""leaf"", ""fruit"", ""twig"", ""fruit borne on plant""]",0.25,0.25,0.25,0.1429
baskauf/70795,Juglans cinerea,ind-baskauf/70791,fruit / lateral or general close-up,fruit,"[""fruit close-up"", ""fruit""]","{""fruit close-up"": 0.8022, ""fruit"": 0.744}",True,False,"[""single fruit"", ""yellowish fruit"", ""textured surface"", ""close-up view"", ""isolated object""]","[""fruit"", ""fruit close-up""]",1.0,1.0,1.0,1.0
baskauf/70799,Juglans cinerea,ind-baskauf/70791,fruit / lateral or general close-up,fruit,"[""fruit close-up"", ""fruit""]","{""fruit close-up"": 0.7321, ""fruit"": 0.6714}",True,False,"[""dense hairs"", ""close-up texture"", ""brown surface"", ""circular shape"", ""fuzzy appearance""]","[""fruit close-up""]",0.5,1.0,0.6667,0.5
baskauf/70803,Juglans cinerea,ind-baskauf/70791,fruit / section or open,fruit,"[""fruit"", ""fruit close-up"", ""opened or sectioned fruit"", ""fruit borne on plant"", ""immature fruit""]","{""fruit"": 0.9273, ""fruit close-up"": 0.9055, ""opened or sectioned fruit"": 0.8504, ""fruit borne on plant"": 0.7968, ""immature fruit"": 0.7467}",True,True,"[""split fruit"", ""textured fruit"", ""brown and yellow tones"", ""ground level view"", ""decaying leaves"", ""close-up fruit""]","[""fruit"", ""fruit close-up"", ""opened or sectioned fruit"", ""immature fruit""]",0.8,1.0,0.8889,0.8
baskauf/70804,Juglans cinerea,ind-baskauf/70791,fruit / section or open,fruit,"[""fruit"", ""opened or sectioned fruit"", ""fruit close-up"", ""fruit borne on plant""]","{""fruit"": 0.9047, ""opened or sectioned fruit"": 0.8811, ""fruit close-up"": 0.8649, ""fruit borne on plant"": 0.7631}",True,True,"[""split fruit"", ""exposed interior"", ""decaying matter"", ""brown tones"", ""leaf litter"", ""close-up view""]","[""fruit"", ""opened or sectioned fruit"", ""fruit close-up""]",0.75,1.0,0.8571,0.75
baskauf/70807,Juglans cinerea,ind-baskauf/70791,fruit / lateral or general close-up,fruit,"[""fruit close-up"", ""fruit"", ""fruit borne on plant""]","{""fruit close-up"": 0.8461, ""fruit"": 0.8444, ""fruit borne on plant"": 0.7713}",True,False,"[""round fruit"", ""textured surface"", ""brown leaves"", ""close-up view"", ""ground level"", ""single fruit""]","[""fruit"", ""fruit close-up"", ""fruit borne on plant""]",1.0,1.0,1.0,1.0
baskauf/70808,Juglans cinerea,ind-baskauf/70791,fruit / lateral or general close-up,fruit,"[""fruit"", ""fruit close-up"", ""fruit borne on plant""]","{""fruit"": 0.8291, ""fruit close-up"": 0.7979, ""fruit borne on plant"": 0.6732}",True,True,"[""fuzzy exterior"", ""yellowish-brown"", ""ovoid shape"", ""ground level"", ""leaf litter"", ""close-up view""]","[""fruit"", ""fruit close-up"", ""fruit borne on plant""]",1.0,1.0,1.0,1.0
baskauf/70867,Juglans cinerea,ind-baskauf/70791,fruit / lateral or general close-up,fruit,"[""fruit close-up"", ""fruit""]","{""fruit close-up"": 0.8295, ""fruit"": 0.7255}",True,False,"[""rough textured fruit"", ""two fruits"", ""brown and yellow fruit"", ""close-up view""]","[""fruit"", ""fruit close-up"", ""immature fruit"", ""fruit borne on plant""]",1.0,0.5,0.6667,0.5
baskauf/70869,Juglans cinerea,ind-baskauf/70791,fruit / section or open,fruit,"[""opened or sectioned fruit"", ""fruit close-up"", ""fruit"", ""fruit borne on plant""]","{""opened or sectioned fruit"": 0.8875, ""fruit close-up"": 0.8641, ""fruit"": 0.8481, ""fruit borne on plant"": 0.6077}",True,False,"[""split fruit"", ""seed cavity"", ""brown exterior"", ""detailed texture"", ""close-up view"", ""oval shape""]","[""fruit"", ""fruit close-up"", ""opened or sectioned fruit""]",0.75,1.0,0.8571,0.75
baskauf/70870,Juglans cinerea,ind-baskauf/70791,fruit / section or open,fruit,"[""fruit"", ""fruit close-up"", ""fruit borne on plant""]","{""fruit"": 0.8555, ""fruit close-up"": 0.8401, ""fruit borne on plant"": 0.6409}",True,True,"[""split fruit"", ""seed mass"", ""dark brown"", ""close-up"", ""internal structure"", ""woody texture""]","[""fruit"", ""opened or sectioned fruit"", ""seed"", ""fruit close-up""]",0.6667,0.5,0.5714,0.4
baskauf/70872,Juglans cinerea,ind-baskauf/70791,seed / general view,seed,"[""fruit close-up"", ""fruit""]","{""fruit close-up"": 0.7807, ""fruit"": 0.7271}",False,False,"[""rough outer shell"", ""split fruit"", ""brown coloration"", ""seed pod"", ""textured surface"", ""close-up view""]","[""fruit"", ""fruit close-up"", ""opened or sectioned fruit""]",1.0,0.6667,0.8,0.6667
baskauf/70873,Juglans cinerea,ind-baskauf/70791,seed / general view,seed,"[""fruit close-up"", ""fruit""]","{""fruit close-up"": 0.8022, ""fruit"": 0.793}",False,False,"[""brown fruit"", ""ridged surface"", ""oval shape"", ""textured exterior"", ""paired objects"", ""close-up view""]","[""fruit"", ""fruit close-up""]",1.0,1.0,1.0,1.0
baskauf/70874,Juglans cinerea,ind-baskauf/70791,seed / general view,seed,"[""fruit"", ""fruit close-up"", ""fruit borne on plant""]","{""fruit"": 0.7927, ""fruit close-up"": 0.7791, ""fruit borne on plant"": 0.6022}",False,False,"[""brown fruit"", ""ridged surface"", ""oval shape"", ""close-up view"", ""three fruits"", ""textured exterior""]","[""fruit"", ""fruit close-up""]",0.6667,1.0,0.8,0.6667
baskauf/70875,Juglans cinerea,ind-baskauf/70791,seed / general view,seed,"[""fruit close-up"", ""fruit"", ""fruit borne on plant""]","{""fruit close-up"": 0.8507, ""fruit"": 0.8431, ""fruit borne on plant"": 0.6197}",False,False,"[""rough texture"", ""brown fruit"", ""split fruit"", ""oval shape"", ""close-up view"", ""single fruit""]","[""fruit"", ""fruit close-up"", ""opened or sectioned fruit""]",0.6667,0.6667,0.6667,0.5
baskauf/70876,Juglans cinerea,ind-baskauf/70791,seed / general view,seed,"[""opened or sectioned fruit"", ""fruit close-up"", ""fruit"", ""fruit borne on plant""]","{""opened or sectioned fruit"": 0.8545, ""fruit close-up"": 0.8509, ""fruit"": 0.8486, ""fruit borne on plant"": 0.6304}",False,False,"[""split fruit"", ""rough texture"", ""brown coloration"", ""oval shape"", ""close-up view"", ""seed pod""]","[""fruit"", ""fruit close-up"", ""opened or sectioned fruit""]",0.75,1.0,0.8571,0.75
baskauf/79649,Quercus macrocarpa,vanderbilt/7-314,whole tree (or vine) / general,whole plant,"[""whole plant"", ""view up trunk"", ""trunk"", ""branch"", ""leaf"", ""large-tree bark""]","{""whole plant"": 0.992, ""view up trunk"": 0.9812, ""trunk"": 0.9783, ""branch"": 0.9528, ""leaf"": 0.9106, ""large-tree bark"": 0.8137}",True,True,"[""large tree"", ""broad canopy"", ""massive branches"", ""thick trunk"", ""green foliage"", ""sunny day"", ""park setting"", ""full crown""]","[""whole plant"", ""trunk"", ""branch"", ""leaf"", ""view up trunk""]",0.8333,1.0,0.9091,0.8333
baskauf/79651,Quercus macrocarpa,vanderbilt/7-314,whole tree (or vine) / view up trunk,whole plant,"[""trunk"", ""view up trunk"", ""whole plant"", ""branch"", ""large-tree bark"", ""leaf"", ""bark""]","{""trunk"": 0.989, ""view up trunk"": 0.988, ""whole plant"": 0.9845, ""branch"": 0.9744, ""large-tree bark"": 0.909, ""leaf"": 0.8197, ""bark"": 0.7827}",True,False,"[""large tree"", ""branching crown"", ""textured bark"", ""upward view"", ""green foliage"", ""massive trunk"", ""sky background"", ""sunlit leaves""]","[""whole plant"", ""trunk"", ""branch"", ""bark"", ""leaf"", ""view up trunk"", ""large-tree bark""]",1.0,1.0,1.0,1.0
baskauf/79653,Quercus macrocarpa,vanderbilt/7-314,bark / of a large tree,bark,"[""trunk"", ""bark"", ""large-tree bark""]","{""trunk"": 0.9883, ""bark"": 0.9878, ""large-tree bark"": 0.9878}",True,False,"[""tree trunk"", ""textured bark"", ""vertical ridges"", ""moss growth"", ""natural patterns"", ""wood grain""]","[""trunk"", ""bark"", ""large-tree bark""]",1.0,1.0,1.0,1.0
baskauf/79657,Quercus macrocarpa,vanderbilt/7-314,leaf / whole upper surface,leaf,"[""leaf"", ""leaf upper surface"", ""leaf margin""]","{""leaf"": 0.9742, ""leaf upper surface"": 0.9331, ""leaf margin"": 0.7445}",True,True,"[""lobed leaves"", ""developing acorns"", ""dark green foliage"", ""close-up leaf"", ""twig with fruit""]","[""leaf"", ""fruit"", ""twig"", ""immature fruit"", ""fruit borne on plant""]",0.3333,0.2,0.25,0.1429
baskauf/89347,Fraxinus americana,vanderbilt/6-71,whole tree (or vine) / winter,whole plant,"[""whole plant"", ""winter habit"", ""branch"", ""view up trunk"", ""trunk""]","{""whole plant"": 0.9063, ""winter habit"": 0.8987, ""branch"": 0.8551, ""view up trunk"": 0.7095, ""trunk"": 0.6192}",True,True,"[""tree silhouette"", ""branching pattern"", ""early spring buds"", ""urban landscape"", ""leafless branches"", ""clear sky""]","[""whole plant"", ""branch"", ""twig"", ""bud"", ""winter habit""]",0.6,0.6,0.6,0.4286
baskauf/89354,Cercis canadensis,vanderbilt/6-29,whole tree (or vine) / winter,whole plant,"[""winter habit"", ""whole plant"", ""branch""]","{""winter habit"": 0.84, ""whole plant"": 0.7363, ""branch"": 0.7129}",True,False,"[""leafless branches"", ""small tree"", ""dormant tree"", ""brown fruit"", ""winter scene"", ""urban setting"", ""bare branches"", ""slender trunk""]","[""whole plant"", ""twig"", ""fruit"", ""winter habit"", ""fruit borne on plant"", ""stem""]",0.6667,0.3333,0.4444,0.2857
baskauf/89356,Juglans nigra,vanderbilt/6-85,whole tree (or vine) / winter,whole plant,"[""whole plant"", ""branch"", ""winter habit"", ""trunk"", ""view up trunk""]","{""whole plant"": 0.9345, ""branch"": 0.9183, ""winter habit"": 0.884, ""trunk"": 0.8704, ""view up trunk"": 0.8051}",True,True,"[""leafless tree"", ""winter scene"", ""branching pattern"", ""tree trunk"", ""building backdrop"", ""clear sky""]","[""whole plant"", ""trunk"", ""branch"", ""winter habit"", ""view up trunk""]",1.0,1.0,1.0,1.0
baskauf/89363,Ulmus americana,vanderbilt/6-126,whole tree (or vine) / winter,whole plant,"[""whole plant"", ""view up trunk"", ""branch"", ""trunk"", ""winter habit"", ""leaf""]","{""whole plant"": 0.9889, ""view up trunk"": 0.9706, ""branch"": 0.9692, ""trunk"": 0.9608, ""winter habit"": 0.8115, ""leaf"": 0.5276}",True,True,"[""large tree"", ""leafless branches"", ""winter scene"", ""prominent trunk"", ""branching pattern"", ""clear sky""]","[""whole plant"", ""trunk"", ""branch"", ""winter habit"", ""view up trunk""]",0.8333,1.0,0.9091,0.8333
baskauf/89367,Carya cordiformis,vanderbilt/7-289,whole tree (or vine) / winter,whole plant,"[""view up trunk"", ""whole plant"", ""winter habit"", ""branch"", ""trunk"", ""leaf""]","{""view up trunk"": 0.9905, ""whole plant"": 0.9764, ""winter habit"": 0.9411, ""branch"": 0.9185, ""trunk"": 0.894, ""leaf"": 0.5999}",True,False,"[""leafless tree"", ""branching pattern"", ""winter silhouette"", ""blue sky"", ""tree crown"", ""woody structure""]","[""whole plant"", ""branch"", ""winter habit"", ""view up trunk""]",0.6667,1.0,0.8,0.6667
baskauf/89368,Quercus muehlenbergii,vanderbilt/7-282,whole tree (or vine) / winter,whole plant,"[""whole plant"", ""branch"", ""trunk"", ""view up trunk"", ""winter habit""]","{""whole plant"": 0.9804, ""branch"": 0.9688, ""trunk"": 0.9588, ""view up trunk"": 0.9418, ""winter habit"": 0.9315}",True,True,"[""leafless tree"", ""branching pattern"", ""winter scene"", ""blue sky"", ""tree silhouette"", ""building backdrop""]","[""whole plant"", ""branch"", ""winter habit"", ""view up trunk""]",0.8,1.0,0.8889,0.8
baskauf/89370,Juglans nigra,vanderbilt/7-88,whole tree (or vine) / winter,whole plant,"[""whole plant"", ""branch"", ""winter habit"", ""trunk"", ""view up trunk""]","{""whole plant"": 0.9272, ""branch"": 0.9113, ""winter habit"": 0.8283, ""trunk"": 0.8225, ""view up trunk"": 0.7998}",True,True,"[""leafless tree"", ""bare branches"", ""winter sky"", ""tree trunk"", ""branching pattern"", ""dormant tree""]","[""whole plant"", ""trunk"", ""branch"", ""twig"", ""winter habit"", ""winter twig""]",0.8,0.6667,0.7273,0.5714
baskauf/89373,Ailanthus altissima,vanderbilt/7-87,whole tree (or vine) / winter,whole plant,"[""whole plant"", ""branch"", ""winter habit"", ""view up trunk"", ""trunk""]","{""whole plant"": 0.9416, ""branch"": 0.9251, ""winter habit"": 0.915, ""view up trunk"": 0.8946, ""trunk"": 0.8134}",True,True,"[""leafless tree"", ""branching pattern"", ""winter sky"", ""tree trunk"", ""bare branches"", ""urban setting""]","[""whole plant"", ""trunk"", ""branch"", ""twig"", ""winter habit"", ""view up trunk""]",1.0,0.8333,0.9091,0.8333
baskauf/89376,Quercus rubra,vanderbilt/7-306,whole tree (or vine) / winter,whole plant,"[""whole plant"", ""view up trunk"", ""branch"", ""trunk"", ""winter habit"", ""leaf""]","{""whole plant"": 0.9881, ""view up trunk"": 0.9844, ""branch"": 0.9813, ""trunk"": 0.9673, ""winter habit"": 0.8881, ""leaf"": 0.5763}",True,True,"[""large tree"", ""woody branches"", ""trunk"", ""branching pattern"", ""blue sky"", ""winter view"", ""leafless branches"", ""tree crown"", ""visible bark"", ""some evergreen foliage""]","[""whole plant"", ""trunk"", ""branch"", ""bark"", ""winter habit"", ""view up trunk""]",0.8333,0.8333,0.8333,0.7143
baskauf/89381,Acer rubrum,vanderbilt/7-298,whole tree (or vine) / winter,whole plant,"[""view up trunk"", ""whole plant"", ""branch"", ""winter habit"", ""trunk""]","{""view up trunk"": 0.9903, ""whole plant"": 0.9857, ""branch"": 0.9648, ""winter habit"": 0.9541, ""trunk"": 0.9081}",True,False,"[""leafless tree"", ""branching pattern"", ""winter silhouette"", ""blue sky"", ""trunk and branches"", ""some evergreen foliage""]","[""whole plant"", ""trunk"", ""branch"", ""winter habit"", ""view up trunk""]",1.0,1.0,1.0,1.0
baskauf/89382,Quercus velutina,vanderbilt/7-313,whole tree (or vine) / winter,whole plant,"[""whole plant"", ""branch"", ""trunk"", ""view up trunk"", ""winter habit"", ""bark""]","{""whole plant"": 0.9913, ""branch"": 0.987, ""trunk"": 0.9841, ""view up trunk"": 0.9822, ""winter habit"": 0.8978, ""bark"": 0.66}",True,True,"[""large tree"", ""woody branches"", ""trunk"", ""some leaves"", ""blue sky"", ""winter branches""]","[""whole plant"", ""trunk"", ""branch"", ""leaf"", ""winter habit"", ""view up trunk"", ""large-tree bark""]",0.8333,0.7143,0.7692,0.625
baskauf/89384,Juniperus virginiana,vanderbilt/7-307,whole tree (or vine) / winter,whole plant,"[""whole plant"", ""branch"", ""view up trunk"", ""trunk"", ""needle"", ""winter habit""]","{""whole plant"": 0.9653, ""branch"": 0.874, ""view up trunk"": 0.8731, ""trunk"": 0.8647, ""needle"": 0.8629, ""winter habit"": 0.8288}",True,True,"[""tall tree"", ""conical crown"", ""woody trunk"", ""dense foliage"", ""blue sky"", ""winter scene"", ""branching pattern"", ""evergreen"", ""outdoor view""]","[""whole plant"", ""trunk"", ""branch"", ""needle"", ""winter habit""]",0.8333,1.0,0.9091,0.8333
baskauf/89388,Ulmus americana,vanderbilt/3-63,whole tree (or vine) / winter,whole plant,"[""whole plant"", ""branch"", ""view up trunk"", ""trunk"", ""winter habit"", ""leaf""]","{""whole plant"": 0.9857, ""branch"": 0.9635, ""view up trunk"": 0.9519, ""trunk"": 0.9424, ""winter habit"": 0.8974, ""leaf"": 0.6826}",True,True,"[""large tree"", ""leafless branches"", ""blue sky"", ""winter scene"", ""prominent trunk"", ""branching pattern""]","[""whole plant"", ""trunk"", ""branch"", ""winter habit"", ""view up trunk""]",0.8333,1.0,0.9091,0.8333
baskauf/89391,Ostrya virginiana,vanderbilt/7-201,whole tree (or vine) / winter,whole plant,"[""whole plant"", ""branch"", ""trunk"", ""view up trunk"", ""winter habit"", ""leaf""]","{""whole plant"": 0.9227, ""branch"": 0.8838, ""trunk"": 0.8307, ""view up trunk"": 0.7565, ""winter habit"": 0.7492, ""leaf"": 0.5536}",True,True,"[""leafless tree"", ""bare branches"", ""winter scene"", ""building backdrop"", ""tree silhouette"", ""blue sky""]","[""whole plant"", ""twig"", ""winter habit"", ""view up trunk""]",0.5,0.75,0.6,0.4286
baskauf/89394,Platanus occidentalis,vanderbilt/7-205,whole tree (or vine) / winter,whole plant,"[""whole plant"", ""trunk"", ""branch"", ""winter habit"", ""view up trunk"", ""leaf""]","{""whole plant"": 0.9109, ""trunk"": 0.8346, ""branch"": 0.7894, ""winter habit"": 0.7837, ""view up trunk"": 0.7198, ""leaf"": 0.606}",True,True,"[""leafless tree"", ""winter scene"", ""tree trunk"", ""branching pattern"", ""blue sky"", ""building backdrop""]","[""whole plant"", ""trunk"", ""branch"", ""winter habit"", ""view up trunk""]",0.8333,1.0,0.9091,0.8333
baskauf/89397,Pinus strobus,vanderbilt/10-83,whole tree (or vine) / winter,whole plant,"[""view up trunk"", ""whole plant"", ""trunk"", ""needle"", ""branch""]","{""view up trunk"": 0.8757, ""whole plant"": 0.8628, ""trunk"": 0.8621, ""needle"": 0.7927, ""branch"": 0.7527}",True,False,"[""tall tree"", ""dark bark"", ""needle leaves"", ""upward view"", ""blue sky"", ""dense foliage""]","[""whole plant"", ""trunk"", ""bark"", ""needle"", ""view up trunk""]",0.8,0.8,0.8,0.6667
baskauf/89403,Acer negundo,vanderbilt/9-16,whole tree (or vine) / winter,whole plant,"[""whole plant"", ""branch"", ""view up trunk"", ""winter habit"", ""trunk""]","{""whole plant"": 0.9364, ""branch"": 0.8939, ""view up trunk"": 0.8819, ""winter habit"": 0.8723, ""trunk"": 0.7108}",True,True,"[""leafless trees"", ""winter scene"", ""branching pattern"", ""blue sky"", ""tree silhouettes"", ""urban landscape""]","[""whole plant"", ""branch"", ""winter habit"", ""view up trunk""]",0.8,1.0,0.8889,0.8
baskauf/89954,Platanus occidentalis,vanderbilt/11-283,whole tree (or vine) / view up trunk,whole plant,"[""view up trunk"", ""branch"", ""whole plant"", ""winter habit"", ""trunk"", ""bark""]","{""view up trunk"": 0.9903, ""branch"": 0.9669, ""whole plant"": 0.9578, ""winter habit"": 0.952, ""trunk"": 0.9495, ""bark"": 0.6418}",True,False,"[""leafless branches"", ""pale bark"", ""branching pattern"", ""winter tree"", ""upward view"", ""clear sky""]","[""whole plant"", ""trunk"", ""branch"", ""winter habit"", ""view up trunk"", ""bark""]",1.0,1.0,1.0,1.0
baskauf/89955,Platanus occidentalis,vanderbilt/11-283,bark / of a large tree,bark,"[""trunk"", ""large-tree bark"", ""bark"", ""branch"", ""whole plant""]","{""trunk"": 0.9872, ""large-tree bark"": 0.9273, ""bark"": 0.8901, ""branch"": 0.8206, ""whole plant"": 0.7596}",True,False,"[""tree trunk"", ""rough bark"", ""vertical view"", ""daylight"", ""urban setting"", ""textured surface""]","[""trunk"", ""bark"", ""large-tree bark""]",0.6,1.0,0.75,0.6
baskauf/89960a,Platanus occidentalis,vanderbilt/11-283,whole tree (or vine) / winter,whole plant,"[""whole plant"", ""trunk"", ""view up trunk"", ""branch"", ""winter habit"", ""leaf""]","{""whole plant"": 0.9789, ""trunk"": 0.9743, ""view up trunk"": 0.97, ""branch"": 0.9652, ""winter habit"": 0.8989, ""leaf"": 0.4666}",True,True,"[""leafless tree"", ""branching pattern"", ""winter scene"", ""prominent trunk"", ""clear sky"", ""visible bark""]","[""whole plant"", ""trunk"", ""branch"", ""winter habit"", ""view up trunk"", ""bark"", ""large-tree bark""]",0.8333,0.7143,0.7692,0.625
baskauf/89963,Platanus occidentalis,vanderbilt/11-283,whole tree (or vine) / winter,whole plant,"[""trunk"", ""view up trunk"", ""whole plant"", ""branch"", ""winter habit""]","{""trunk"": 0.9759, ""view up trunk"": 0.9713, ""whole plant"": 0.9645, ""branch"": 0.9525, ""winter habit"": 0.8534}",True,False,"[""leafless tree"", ""branching pattern"", ""winter sky"", ""tree trunk"", ""visible branches"", ""pale bark""]","[""whole plant"", ""trunk"", ""branch"", ""winter habit"", ""view up trunk""]",1.0,1.0,1.0,1.0
baskauf/90661,Quercus macrocarpa,vanderbilt/6-135,whole tree (or vine) / general,whole plant,"[""whole plant"", ""trunk"", ""branch"", ""leaf"", ""view up trunk""]","{""whole plant"": 0.9896, ""trunk"": 0.9341, ""branch"": 0.9299, ""leaf"": 0.9105, ""view up trunk"": 0.7865}",True,True,"[""full tree canopy"", ""large tree"", ""green foliage"", ""broad leaves"", ""tree trunk"", ""branching pattern"", ""sunny day"", ""park setting""]","[""whole plant"", ""trunk"", ""branch"", ""leaf"", ""view up trunk""]",1.0,1.0,1.0,1.0
baskauf/90696,Quercus rubra,ind-baskauf/90696,whole tree (or vine) / general,whole plant,"[""whole plant"", ""trunk"", ""leaf"", ""branch"", ""view up trunk"", ""large-tree bark""]","{""whole plant"": 0.9787, ""trunk"": 0.9605, ""leaf"": 0.9027, ""branch"": 0.8779, ""view up trunk"": 0.8486, ""large-tree bark"": 0.668}",True,True,"[""large tree"", ""dense foliage"", ""broad leaves"", ""massive trunk"", ""spreading branches"", ""green canopy""]","[""whole plant"", ""trunk"", ""branch"", ""leaf"", ""large-tree bark""]",0.8333,1.0,0.9091,0.8333
baskauf/90701,Quercus palustris,vanderbilt/12-215,whole tree (or vine) / general,whole plant,"[""whole plant"", ""trunk"", ""branch"", ""leaf"", ""view up trunk""]","{""whole plant"": 0.991, ""trunk"": 0.9519, ""branch"": 0.9152, ""leaf"": 0.8783, ""view up trunk"": 0.8678}",True,True,"[""large tree"", ""dense foliage"", ""prominent trunk"", ""branching pattern"", ""green leaves"", ""upward view""]","[""whole plant"", ""trunk"", ""branch"", ""leaf"", ""view up trunk""]",1.0,1.0,1.0,1.0
baskauf/90712,Quercus alba,vanderbilt/15-134,whole tree (or vine) / general,whole plant,"[""whole plant"", ""trunk"", ""branch"", ""leaf"", ""view up trunk""]","{""whole plant"": 0.976, ""trunk"": 0.9655, ""branch"": 0.9347, ""leaf"": 0.8762, ""view up trunk"": 0.8595}",True,True,"[""large tree"", ""dense foliage"", ""spreading branches"", ""prominent trunk"", ""green leaves"", ""urban setting""]","[""whole plant"", ""trunk"", ""branch"", ""leaf"", ""large-tree bark"", ""view up trunk""]",1.0,0.8333,0.9091,0.8333
baskauf/90714,Quercus alba,vanderbilt/15-134,whole tree (or vine) / general,whole plant,"[""whole plant"", ""trunk"", ""branch"", ""view up trunk"", ""leaf"", ""large-tree bark""]","{""whole plant"": 0.9784, ""trunk"": 0.9764, ""branch"": 0.9254, ""view up trunk"": 0.9179, ""leaf"": 0.8763, ""large-tree bark"": 0.7317}",True,True,"[""large tree"", ""dense foliage"", ""massive trunk"", ""spreading branches"", ""green leaves"", ""urban setting"", ""architectural background"", ""daylight""]","[""whole plant"", ""trunk"", ""branch"", ""leaf"", ""large-tree bark"", ""view up trunk""]",1.0,1.0,1.0,1.0
baskauf/90718,Quercus muehlenbergii,vanderbilt/15-154,whole tree (or vine) / general,whole plant,"[""whole plant"", ""trunk"", ""branch"", ""leaf""]","{""whole plant"": 0.9339, ""trunk"": 0.8987, ""branch"": 0.8325, ""leaf"": 0.7708}",True,True,"[""large tree"", ""full crown"", ""green leaves"", ""woody trunk"", ""building backdrop"", ""sunny day"", ""lawn foreground""]","[""whole plant"", ""trunk"", ""leaf"", ""large-tree bark"", ""view up trunk""]",0.75,0.6,0.6667,0.5
baskauf/90735,Quercus rubra,vanderbilt/12-112,whole tree (or vine) / general,whole plant,"[""whole plant"", ""trunk"", ""view up trunk"", ""branch"", ""leaf"", ""bark""]","{""whole plant"": 0.9942, ""trunk"": 0.993, ""view up trunk"": 0.986, ""branch"": 0.9516, ""leaf"": 0.7571, ""bark"": 0.7232}",True,True,"[""tree with multiple trunks"", ""green foliage"", ""textured bark"", ""upward view"", ""sunny day"", ""urban setting""]","[""whole plant"", ""trunk"", ""bark"", ""branch"", ""leaf"", ""view up trunk""]",1.0,1.0,1.0,1.0
baskauf/90737,Quercus rubra,vanderbilt/12-112,whole tree (or vine) / view up trunk,whole plant,"[""view up trunk"", ""whole plant"", ""trunk"", ""branch"", ""bark"", ""large-tree bark"", ""leaf""]","{""view up trunk"": 0.997, ""whole plant"": 0.9942, ""trunk"": 0.9924, ""branch"": 0.9873, ""bark"": 0.9385, ""large-tree bark"": 0.8783, ""leaf"": 0.8778}",True,False,"[""large tree"", ""upward view"", ""green leaves"", ""branching trunk"", ""textured bark"", ""sunlit canopy""]","[""whole plant"", ""trunk"", ""branch"", ""leaf"", ""bark"", ""view up trunk""]",0.8571,1.0,0.9231,0.8571
baskauf/90750,Juglans nigra,vanderbilt/11-221,whole tree (or vine) / general,whole plant,"[""whole plant"", ""branch"", ""trunk"", ""view up trunk"", ""leaf""]","{""whole plant"": 0.9949, ""branch"": 0.9802, ""trunk"": 0.976, ""view up trunk"": 0.9678, ""leaf"": 0.9338}",True,True,"[""large tree"", ""dense foliage"", ""branching pattern"", ""upward view"", ""green canopy"", ""woody trunk""]","[""whole plant"", ""trunk"", ""branch"", ""view up trunk"", ""leaf""]",1.0,1.0,1.0,1.0
baskauf/90752,Juglans nigra,vanderbilt/11-221,whole tree (or vine) / general,whole plant,"[""whole plant"", ""trunk"", ""view up trunk"", ""branch"", ""leaf""]","{""whole plant"": 0.984, ""trunk"": 0.9571, ""view up trunk"": 0.9322, ""branch"": 0.9169, ""leaf"": 0.7368}",True,True,"[""large tree"", ""dense foliage"", ""upward view"", ""green leaves"", ""woody trunk"", ""branching pattern""]","[""whole plant"", ""trunk"", ""branch"", ""leaf"", ""view up trunk""]",1.0,1.0,1.0,1.0
baskauf/90762,Ulmus americana,vanderbilt/10-158,whole tree (or vine) / general,whole plant,"[""whole plant"", ""view up trunk"", ""trunk"", ""branch"", ""leaf""]","{""whole plant"": 0.9881, ""view up trunk"": 0.9872, ""trunk"": 0.9798, ""branch"": 0.9742, ""leaf"": 0.7364}",True,True,"[""tall tree"", ""green foliage"", ""visible trunk"", ""branching pattern"", ""urban setting"", ""cloudy sky"", ""leafy crown"", ""building backdrop""]","[""whole plant"", ""trunk"", ""branch"", ""leaf"", ""view up trunk""]",1.0,1.0,1.0,1.0
baskauf/90785a,Fraxinus pennsylvanica,vanderbilt/9-89,whole tree (or vine) / general,whole plant,"[""whole plant"", ""view up trunk"", ""branch"", ""trunk"", ""leaf""]","{""whole plant"": 0.9817, ""view up trunk"": 0.9553, ""branch"": 0.947, ""trunk"": 0.9104, ""leaf"": 0.8364}",True,True,"[""large tree"", ""green foliage"", ""branching pattern"", ""view up trunk"", ""tree crown"", ""woody trunk"", ""urban setting""]","[""whole plant"", ""trunk"", ""branch"", ""view up trunk"", ""leaf""]",1.0,1.0,1.0,1.0
baskauf/90789,Fraxinus pennsylvanica,vanderbilt/9-89,whole tree (or vine) / view up trunk,whole plant,"[""view up trunk"", ""whole plant"", ""branch"", ""trunk"", ""bark"", ""leaf"", ""large-tree bark""]","{""view up trunk"": 0.9887, ""whole plant"": 0.9814, ""branch"": 0.9778, ""trunk"": 0.9772, ""bark"": 0.9294, ""leaf"": 0.9112, ""large-tree bark"": 0.8044}",True,False,"[""large tree"", ""thick trunk"", ""branching crown"", ""green canopy"", ""sky view"", ""textured bark""]","[""whole plant"", ""trunk"", ""branch"", ""leaf"", ""view up trunk"", ""large-tree bark""]",0.8571,1.0,0.9231,0.8571
baskauf/90792,Fraxinus pennsylvanica,vanderbilt/9-88,whole tree (or vine) / view up trunk,whole plant,"[""whole plant"", ""view up trunk"", ""branch"", ""trunk"", ""leaf""]","{""whole plant"": 0.992, ""view up trunk"": 0.9903, ""branch"": 0.9796, ""trunk"": 0.976, ""leaf"": 0.8962}",True,True,"[""large tree"", ""dense canopy"", ""branching pattern"", ""upward view"", ""green foliage"", ""woody branches""]","[""whole plant"", ""trunk"", ""branch"", ""view up trunk"", ""leaf""]",1.0,1.0,1.0,1.0
baskauf/90797a,Fraxinus pennsylvanica,vanderbilt/9-88,whole tree (or vine) / general,whole plant,"[""view up trunk"", ""whole plant"", ""trunk"", ""branch"", ""leaf""]","{""view up trunk"": 0.9843, ""whole plant"": 0.9826, ""trunk"": 0.9608, ""branch"": 0.9515, ""leaf"": 0.8415}",True,False,"[""large tree"", ""dense canopy"", ""branching pattern"", ""green foliage"", ""view up trunk"", ""building backdrop""]","[""whole plant"", ""trunk"", ""branch"", ""leaf"", ""view up trunk""]",1.0,1.0,1.0,1.0
baskauf/90798,Fraxinus pennsylvanica,vanderbilt/9-88,whole tree (or vine) / general,whole plant,"[""whole plant"", ""trunk"", ""view up trunk"", ""branch"", ""leaf"", ""large-tree bark""]","{""whole plant"": 0.9907, ""trunk"": 0.985, ""view up trunk"": 0.9833, ""branch"": 0.9766, ""leaf"": 0.8365, ""large-tree bark"": 0.7287}",True,True,"[""large tree"", ""dense foliage"", ""branching pattern"", ""textured bark"", ""upward view"", ""green leaves""]","[""whole plant"", ""trunk"", ""branch"", ""bark"", ""view up trunk"", ""leaf""]",0.8333,0.8333,0.8333,0.7143
baskauf/90799,Fraxinus pennsylvanica,vanderbilt/9-89,whole tree (or vine) / general,whole plant,"[""whole plant"", ""view up trunk"", ""trunk"", ""branch"", ""leaf"", ""bark""]","{""whole plant"": 0.9916, ""view up trunk"": 0.9813, ""trunk"": 0.9804, ""branch"": 0.9658, ""leaf"": 0.7417, ""bark"": 0.7053}",True,True,"[""large tree"", ""multiple trunks"", ""dense foliage"", ""branching pattern"", ""green leaves"", ""wood texture"", ""sky background"", ""sunny day""]","[""whole plant"", ""trunk"", ""branch"", ""leaf"", ""view up trunk""]",0.8333,1.0,0.9091,0.8333
baskauf/90802,Populus deltoides,vanderbilt/8-103,whole tree (or vine) / general,whole plant,"[""whole plant"", ""trunk"", ""branch"", ""view up trunk"", ""leaf"", ""large-tree bark""]","{""whole plant"": 0.9842, ""trunk"": 0.9783, ""branch"": 0.959, ""view up trunk"": 0.9517, ""leaf"": 0.9032, ""large-tree bark"": 0.7157}",True,True,"[""large tree"", ""full crown"", ""woody trunk"", ""green foliage"", ""urban setting"", ""daylight""]","[""whole plant"", ""trunk"", ""branch"", ""leaf"", ""view up trunk""]",0.8333,1.0,0.9091,0.8333
baskauf/90804,Populus deltoides,vanderbilt/8-103,whole tree (or vine) / view up trunk,whole plant,"[""trunk"", ""view up trunk"", ""whole plant"", ""branch"", ""bark"", ""large-tree bark"", ""leaf""]","{""trunk"": 0.9905, ""view up trunk"": 0.9824, ""whole plant"": 0.9626, ""branch"": 0.934, ""bark"": 0.9317, ""large-tree bark"": 0.9283, ""leaf"": 0.7807}",True,False,"[""large tree"", ""textured bark"", ""branching crown"", ""upward view"", ""green foliage"", ""woody trunk""]","[""whole plant"", ""trunk"", ""bark"", ""branch"", ""view up trunk"", ""leaf""]",0.8571,1.0,0.9231,0.8571
baskauf/90807,Ulmus americana,vanderbilt/8-77,whole tree (or vine) / general,whole plant,"[""whole plant"", ""trunk"", ""view up trunk"", ""branch"", ""leaf""]","{""whole plant"": 0.9893, ""trunk"": 0.9858, ""view up trunk"": 0.9654, ""branch"": 0.9647, ""leaf"": 0.822}",True,True,"[""large tree"", ""full crown"", ""woody trunk"", ""green foliage"", ""branching pattern"", ""sky background"", ""urban setting"", ""daylight""]","[""whole plant"", ""trunk"", ""branch"", ""leaf"", ""view up trunk""]",1.0,1.0,1.0,1.0
baskauf/90809,Ulmus americana,vanderbilt/8-77,whole tree (or vine) / general,whole plant,"[""whole plant"", ""trunk"", ""branch"", ""view up trunk"", ""leaf""]","{""whole plant"": 0.9857, ""trunk"": 0.9757, ""branch"": 0.9553, ""view up trunk"": 0.948, ""leaf"": 0.8308}",True,True,"[""large tree"", ""broad leaves"", ""branching crown"", ""woody trunk"", ""green foliage"", ""urban setting""]","[""whole plant"", ""trunk"", ""branch"", ""leaf"", ""view up trunk""]",1.0,1.0,1.0,1.0
baskauf/90812,Ulmus americana,vanderbilt/8-77,whole tree (or vine) / view up trunk,whole plant,"[""view up trunk"", ""whole plant"", ""trunk"", ""branch"", ""leaf""]","{""view up trunk"": 0.9938, ""whole plant"": 0.9914, ""trunk"": 0.9857, ""branch"": 0.9775, ""leaf"": 0.8257}",True,False,"[""large tree"", ""branching crown"", ""sky background"", ""woody trunk"", ""green foliage"", ""upward view""]","[""whole plant"", ""trunk"", ""branch"", ""leaf"", ""view up trunk""]",1.0,1.0,1.0,1.0
baskauf/90814,Ulmus americana,vanderbilt/8-77,whole tree (or vine) / view up trunk,whole plant,"[""trunk"", ""view up trunk"", ""large-tree bark"", ""bark"", ""whole plant"", ""branch""]","{""trunk"": 0.9898, ""view up trunk"": 0.9767, ""large-tree bark"": 0.9412, ""bark"": 0.9293, ""whole plant"": 0.9184, ""branch"": 0.8713}",True,False,"[""large tree"", ""branching trunk"", ""textured bark"", ""upward view"", ""green foliage"", ""sky background""]","[""whole plant"", ""trunk"", ""branch"", ""bark"", ""large-tree bark"", ""view up trunk"", ""leaf""]",1.0,0.8571,0.9231,0.8571
baskauf/90815,Quercus rubra,vanderbilt/5-76,whole tree (or vine) / general,whole plant,"[""whole plant"", ""trunk"", ""leaf"", ""branch"", ""view up trunk"", ""large-tree bark""]","{""whole plant"": 0.985, ""trunk"": 0.9663, ""leaf"": 0.9011, ""branch"": 0.8425, ""view up trunk"": 0.8338, ""large-tree bark"": 0.7823}",True,True,"[""large tree"", ""full crown"", ""green foliage"", ""woody branches"", ""leafy canopy"", ""outdoor scene""]","[""whole plant"", ""trunk"", ""branch"", ""leaf""]",0.6667,1.0,0.8,0.6667
baskauf/90817,Quercus rubra,vanderbilt/5-76,whole tree (or vine) / general,whole plant,"[""whole plant"", ""trunk"", ""leaf"", ""branch"", ""large-tree bark"", ""view up trunk""]","{""whole plant"": 0.9774, ""trunk"": 0.9684, ""leaf"": 0.8711, ""branch"": 0.7946, ""large-tree bark"": 0.7855, ""view up trunk"": 0.7606}",True,True,"[""large tree"", ""dense canopy"", ""broad leaves"", ""woody trunk"", ""green foliage"", ""urban setting"", ""full crown"", ""daylight""]","[""whole plant"", ""trunk"", ""leaf"", ""view up trunk""]",0.6667,1.0,0.8,0.6667
baskauf/90820,Quercus rubra,vanderbilt/5-76,whole tree (or vine) / view up trunk,whole plant,"[""trunk"", ""view up trunk"", ""whole plant"", ""branch"", ""large-tree bark"", ""bark"", ""leaf""]","{""trunk"": 0.9912, ""view up trunk"": 0.9904, ""whole plant"": 0.9708, ""branch"": 0.9707, ""large-tree bark"": 0.8814, ""bark"": 0.881, ""leaf"": 0.8353}",True,False,"[""large tree"", ""textured bark"", ""upward view"", ""branching pattern"", ""green canopy"", ""sky background""]","[""whole plant"", ""trunk"", ""bark"", ""branch"", ""view up trunk"", ""large-tree bark""]",0.8571,1.0,0.9231,0.8571
baskauf/90824a,Fraxinus americana,vanderbilt/1-183,whole tree (or vine) / general,whole plant,"[""trunk"", ""whole plant"", ""branch"", ""view up trunk"", ""bark"", ""leaf""]","{""trunk"": 0.9796, ""whole plant"": 0.9728, ""branch"": 0.9669, ""view up trunk"": 0.9541, ""bark"": 0.7063, ""leaf"": 0.7048}",True,False,"[""large tree"", ""thick trunk"", ""branching crown"", ""textured bark"", ""green foliage"", ""urban setting""]","[""whole plant"", ""trunk"", ""branch"", ""bark"", ""leaf"", ""view up trunk"", ""large-tree bark""]",1.0,0.8571,0.9231,0.8571
baskauf/90825,Fraxinus americana,vanderbilt/1-183,whole tree (or vine) / general,whole plant,"[""trunk"", ""whole plant"", ""branch"", ""view up trunk"", ""large-tree bark"", ""bark"", ""leaf""]","{""trunk"": 0.9891, ""whole plant"": 0.979, ""branch"": 0.9608, ""view up trunk"": 0.9187, ""large-tree bark"": 0.7659, ""bark"": 0.7516, ""leaf"": 0.6496}",True,False,"[""large tree"", ""massive trunk"", ""branching crown"", ""green foliage"", ""textured bark"", ""urban setting"", ""daylight"", ""full tree view""]","[""whole plant"", ""trunk"", ""branch"", ""leaf"", ""bark"", ""large-tree bark"", ""view up trunk""]",1.0,1.0,1.0,1.0
baskauf/90826a,Fraxinus americana,vanderbilt/1-183,whole tree (or vine) / general,whole plant,"[""trunk"", ""whole plant"", ""branch"", ""view up trunk"", ""leaf""]","{""trunk"": 0.9763, ""whole plant"": 0.9724, ""branch"": 0.9586, ""view up trunk"": 0.9269, ""leaf"": 0.7303}",True,False,"[""large tree"", ""massive trunk"", ""branching crown"", ""green foliage"", ""textured bark"", ""urban setting""]","[""whole plant"", ""trunk"", ""branch"", ""leaf"", ""large-tree bark"", ""view up trunk""]",1.0,0.8333,0.9091,0.8333
baskauf/90872,Platanus occidentalis,vanderbilt/11-283,whole tree (or vine) / general,whole plant,"[""whole plant"", ""trunk"", ""branch"", ""view up trunk"", ""leaf""]","{""whole plant"": 0.9891, ""trunk"": 0.9878, ""branch"": 0.971, ""view up trunk"": 0.9604, ""leaf"": 0.8762}",True,True,"[""large tree"", ""white bark"", ""branching crown"", ""green foliage"", ""upward view"", ""tree trunk""]","[""whole plant"", ""trunk"", ""branch"", ""leaf"", ""view up trunk"", ""large-tree bark""]",1.0,0.8333,0.9091,0.8333
baskauf/90874,Platanus occidentalis,vanderbilt/11-283,whole tree (or vine) / general,whole plant,"[""trunk"", ""whole plant"", ""view up trunk"", ""branch"", ""leaf""]","{""trunk"": 0.986, ""whole plant"": 0.9795, ""view up trunk"": 0.9681, ""branch"": 0.9503, ""leaf"": 0.7787}",True,False,"[""large tree"", ""broadleaf tree"", ""visible trunk"", ""branching pattern"", ""green foliage"", ""sunny day"", ""urban setting"", ""mature tree""]","[""whole plant"", ""trunk"", ""branch"", ""leaf"", ""large-tree bark"", ""view up trunk""]",1.0,0.8333,0.9091,0.8333
baskauf/90876,Aesculus glabra,vanderbilt/11-210,whole tree (or vine) / general,whole plant,"[""whole plant"", ""trunk"", ""view up trunk"", ""branch"", ""leaf""]","{""whole plant"": 0.9954, ""trunk"": 0.98, ""view up trunk"": 0.9746, ""branch"": 0.9587, ""leaf"": 0.7893}",True,True,"[""large tree"", ""green foliage"", ""visible trunk"", ""branching pattern"", ""sunny day"", ""urban setting""]","[""whole plant"", ""trunk"", ""branch"", ""leaf"", ""large-tree bark"", ""view up trunk""]",1.0,0.8333,0.9091,0.8333
baskauf/90884,Quercus rubra,vanderbilt/15-227,whole tree (or vine) / general,whole plant,"[""whole plant"", ""trunk"", ""view up trunk"", ""leaf"", ""branch""]","{""whole plant"": 0.9607, ""trunk"": 0.9373, ""view up trunk"": 0.8721, ""leaf"": 0.8634, ""branch"": 0.8417}",True,True,"[""large tree"", ""dense canopy"", ""branching pattern"", ""green foliage"", ""sunlit leaves"", ""woody trunk"", ""urban setting""]","[""whole plant"", ""trunk"", ""branch"", ""leaf"", ""view up trunk""]",1.0,1.0,1.0,1.0
baskauf/90889,Quercus rubra,vanderbilt/15-227,whole tree (or vine) / general,whole plant,"[""trunk"", ""whole plant"", ""view up trunk"", ""branch"", ""leaf"", ""large-tree bark""]","{""trunk"": 0.9901, ""whole plant"": 0.9857, ""view up trunk"": 0.9597, ""branch"": 0.9539, ""leaf"": 0.9101, ""large-tree bark"": 0.8973}",True,False,"[""large trees"", ""dense foliage"", ""woody trunks"", ""green canopy"", ""urban setting"", ""building backdrop"", ""clear sky"", ""bright daylight""]","[""whole plant"", ""trunk"", ""branch"", ""leaf"", ""large-tree bark"", ""view up trunk""]",1.0,1.0,1.0,1.0
baskauf/90899,Fraxinus americana,vanderbilt/6-71,whole tree (or vine) / general,whole plant,"[""whole plant"", ""trunk"", ""leaf"", ""view up trunk"", ""branch""]","{""whole plant"": 0.9857, ""trunk"": 0.9256, ""leaf"": 0.9219, ""view up trunk"": 0.8629, ""branch"": 0.846}",True,True,"[""large tree"", ""dense foliage"", ""multiple trunks"", ""branching pattern"", ""green canopy"", ""urban setting""]","[""whole plant"", ""trunk"", ""branch"", ""leaf""]",0.8,1.0,0.8889,0.8
baskauf/90902,Tilia americana,vanderbilt/6-89,whole tree (or vine) / general,whole plant,"[""whole plant"", ""branch"", ""leaf"", ""trunk"", ""view up trunk""]","{""whole plant"": 0.9877, ""branch"": 0.9347, ""leaf"": 0.9133, ""trunk"": 0.9026, ""view up trunk"": 0.834}",True,True,"[""full tree canopy"", ""green leaves"", ""large tree"", ""building backdrop"", ""daylight""]","[""whole plant"", ""leaf"", ""trunk"", ""branch"", ""view up trunk""]",1.0,1.0,1.0,1.0
baskauf/90905,Fraxinus americana,vanderbilt/1-183,whole tree (or vine) / general,whole plant,"[""whole plant"", ""trunk"", ""branch"", ""leaf""]","{""whole plant"": 0.9037, ""trunk"": 0.8497, ""branch"": 0.7589, ""leaf"": 0.6816}",True,True,"[""large tree"", ""broad leaves"", ""woody branches"", ""tree trunk"", ""cut stump"", ""urban setting""]","[""whole plant"", ""trunk"", ""branch"", ""leaf"", ""large-tree bark""]",1.0,0.8,0.8889,0.8
baskauf/90911,Platanus occidentalis,vanderbilt/7-205,whole tree (or vine) / general,whole plant,"[""whole plant"", ""trunk"", ""branch"", ""view up trunk"", ""leaf""]","{""whole plant"": 0.9913, ""trunk"": 0.9736, ""branch"": 0.9733, ""view up trunk"": 0.9146, ""leaf"": 0.7837}",True,True,"[""large tree"", ""green foliage"", ""woody branches"", ""trunk and branches"", ""red fruit clusters"", ""sunny day"", ""urban setting""]","[""whole plant"", ""trunk"", ""branch"", ""leaf"", ""fruit"", ""fruit borne on plant""]",0.8,0.6667,0.7273,0.5714
baskauf/90912,Quercus velutina,vanderbilt/7-313,whole tree (or vine) / general,whole plant,"[""whole plant"", ""trunk"", ""branch"", ""view up trunk"", ""leaf""]","{""whole plant"": 0.9909, ""trunk"": 0.9801, ""branch"": 0.9538, ""view up trunk"": 0.9433, ""leaf"": 0.8101}",True,True,"[""large tree"", ""dense foliage"", ""woody trunk"", ""branching pattern"", ""green leaves"", ""urban landscape""]","[""whole plant"", ""trunk"", ""branch"", ""leaf"", ""large-tree bark"", ""view up trunk""]",1.0,0.8333,0.9091,0.8333
baskauf/90913,Quercus velutina,vanderbilt/7-313,whole tree (or vine) / general,whole plant,"[""whole plant"", ""trunk"", ""branch"", ""leaf"", ""view up trunk""]","{""whole plant"": 0.9818, ""trunk"": 0.9629, ""branch"": 0.917, ""leaf"": 0.8652, ""view up trunk"": 0.8484}",True,True,"[""large tree"", ""thick trunk"", ""spreading branches"", ""dense foliage"", ""green leaves"", ""sunny day"", ""park setting"", ""building in background""]","[""whole plant"", ""trunk"", ""branch"", ""leaf"", ""large-tree bark""]",0.8,0.8,0.8,0.6667
baskauf/90917,Quercus velutina,vanderbilt/7-313,whole tree (or vine) / general,whole plant,"[""whole plant"", ""trunk"", ""view up trunk"", ""branch"", ""leaf"", ""large-tree bark""]","{""whole plant"": 0.9933, ""trunk"": 0.9929, ""view up trunk"": 0.9691, ""branch"": 0.9523, ""leaf"": 0.8201, ""large-tree bark"": 0.7519}",True,True,"[""large tree"", ""woody trunk"", ""dense foliage"", ""branching pattern"", ""green leaves"", ""upward view""]","[""whole plant"", ""trunk"", ""branch"", ""leaf"", ""view up trunk""]",0.8333,1.0,0.9091,0.8333
baskauf/90931,Cercis canadensis,vanderbilt/6-29,whole tree (or vine) / general,whole plant,"[""whole plant"", ""branch"", ""leaf""]","{""whole plant"": 0.7598, ""branch"": 0.6916, ""leaf"": 0.509}",True,True,"[""small tree"", ""green leaves"", ""woody trunk"", ""branching pattern"", ""urban setting"", ""daylight""]","[""whole plant"", ""trunk"", ""branch"", ""leaf""]",1.0,0.75,0.8571,0.75
baskauf/90936,Juglans nigra,vanderbilt/6-85,whole tree (or vine) / general,whole plant,"[""whole plant"", ""trunk"", ""branch"", ""leaf"", ""view up trunk""]","{""whole plant"": 0.9772, ""trunk"": 0.9642, ""branch"": 0.9179, ""leaf"": 0.9153, ""view up trunk"": 0.7911}",True,True,"[""full tree"", ""green foliage"", ""woody trunk"", ""branching pattern"", ""urban setting"", ""daylight""]","[""whole plant"", ""trunk"", ""branch"", ""leaf""]",0.8,1.0,0.8889,0.8
baskauf/90947,Carya cordiformis,vanderbilt/7-289,whole tree (or vine) / general,whole plant,"[""whole plant"", ""trunk"", ""branch"", ""view up trunk"", ""leaf""]","{""whole plant"": 0.9949, ""trunk"": 0.9815, ""branch"": 0.9563, ""view up trunk"": 0.9286, ""leaf"": 0.9164}",True,True,"[""large tree"", ""green foliage"", ""prominent trunk"", ""dense canopy"", ""full crown"", ""urban setting""]","[""whole plant"", ""trunk"", ""leaf"", ""branch"", ""view up trunk""]",1.0,1.0,1.0,1.0
baskauf/90950,Quercus muehlenbergii,vanderbilt/7-282,whole tree (or vine) / general,whole plant,"[""trunk"", ""whole plant"", ""branch"", ""view up trunk"", ""large-tree bark"", ""leaf""]","{""trunk"": 0.9934, ""whole plant"": 0.9869, ""branch"": 0.9723, ""view up trunk"": 0.9614, ""large-tree bark"": 0.8563, ""leaf"": 0.7203}",True,False,"[""full tree"", ""green foliage"", ""woody trunk"", ""branching pattern"", ""urban setting"", ""daylight""]","[""whole plant"", ""trunk"", ""branch"", ""leaf"", ""view up trunk""]",0.8333,1.0,0.9091,0.8333
baskauf/90955,Juglans nigra,vanderbilt/7-88,whole tree (or vine) / general,whole plant,"[""whole plant"", ""branch"", ""trunk"", ""leaf""]","{""whole plant"": 0.9379, ""branch"": 0.8746, ""trunk"": 0.8332, ""leaf"": 0.6821}",True,True,"[""tree in landscape"", ""compound leaves"", ""dark trunk"", ""branching pattern"", ""green foliage"", ""urban setting""]","[""whole plant"", ""trunk"", ""branch"", ""leaf"", ""leaf arrangement on twig""]",1.0,0.8,0.8889,0.8
baskauf/90959,Ailanthus altissima,vanderbilt/7-87,whole tree (or vine) / general,whole plant,"[""whole plant"", ""trunk"", ""branch"", ""view up trunk"", ""leaf""]","{""whole plant"": 0.9749, ""trunk"": 0.9341, ""branch"": 0.934, ""view up trunk"": 0.8894, ""leaf"": 0.8465}",True,True,"[""large tree"", ""woody trunk"", ""branching crown"", ""green foliage"", ""urban setting"", ""sky background""]","[""whole plant"", ""trunk"", ""branch"", ""leaf"", ""view up trunk""]",1.0,1.0,1.0,1.0
baskauf/90969,Quercus rubra,vanderbilt/7-306,whole tree (or vine) / general,whole plant,"[""whole plant"", ""trunk"", ""branch"", ""view up trunk"", ""leaf""]","{""whole plant"": 0.9956, ""trunk"": 0.9762, ""branch"": 0.9647, ""view up trunk"": 0.9328, ""leaf"": 0.916}",True,True,"[""large tree"", ""full crown"", ""visible trunk"", ""green foliage"", ""branching pattern"", ""sunny day"", ""outdoor scene"", ""leafy canopy""]","[""whole plant"", ""trunk"", ""branch"", ""leaf"", ""view up trunk""]",1.0,1.0,1.0,1.0
baskauf/90972,Quercus rubra,vanderbilt/7-306,whole tree (or vine) / general,whole plant,"[""whole plant"", ""trunk"", ""view up trunk"", ""branch"", ""leaf""]","{""whole plant"": 0.9957, ""trunk"": 0.9775, ""view up trunk"": 0.9524, ""branch"": 0.9506, ""leaf"": 0.8794}",True,True,"[""large tree"", ""full crown"", ""broad leaves"", ""woody trunk"", ""branching pattern"", ""green foliage"", ""outdoor scene"", ""daylight""]","[""whole plant"", ""trunk"", ""branch"", ""leaf"", ""large-tree bark""]",0.8,0.8,0.8,0.6667
baskauf/90975,Ulmus americana,vanderbilt/3-63,whole tree (or vine) / general,whole plant,"[""whole plant"", ""trunk"", ""branch"", ""view up trunk"", ""leaf""]","{""whole plant"": 0.988, ""trunk"": 0.9632, ""branch"": 0.9259, ""view up trunk"": 0.9104, ""leaf"": 0.9091}",True,True,"[""large tree"", ""dense foliage"", ""branching pattern"", ""urban setting"", ""daylight"", ""tree crown""]","[""whole plant"", ""trunk"", ""branch"", ""view up trunk""]",0.8,1.0,0.8889,0.8
baskauf/90988,Pinus strobus,vanderbilt/10-83,whole tree / general,whole plant,"[""whole plant"", ""view up trunk"", ""trunk"", ""needle"", ""branch"", ""leaf""]","{""whole plant"": 0.9333, ""view up trunk"": 0.8681, ""trunk"": 0.8409, ""needle"": 0.7879, ""branch"": 0.7767, ""leaf"": 0.648}",True,True,"[""tall tree"", ""dense foliage"", ""upward view"", ""woody trunk"", ""needle-like leaves"", ""branching pattern""]","[""whole plant"", ""trunk"", ""branch"", ""needle"", ""view up trunk""]",0.8333,1.0,0.9091,0.8333
baskauf/91000,Acer negundo,vanderbilt/9-16,whole tree / general,whole plant,"[""whole plant"", ""leaf"", ""branch"", ""trunk"", ""view up trunk""]","{""whole plant"": 0.9955, ""leaf"": 0.9666, ""branch"": 0.9648, ""trunk"": 0.9112, ""view up trunk"": 0.8678}",True,True,"[""full tree"", ""green foliage"", ""woody branches"", ""tree trunk"", ""leafy crown"", ""urban setting""]","[""whole plant"", ""trunk"", ""branch"", ""leaf""]",0.8,1.0,0.8889,0.8
baskauf/91004,Quercus muehlenbergii,vanderbilt/7-282,whole tree (or vine) / general,whole plant,"[""trunk"", ""whole plant"", ""branch"", ""view up trunk"", ""large-tree bark"", ""bark"", ""leaf""]","{""trunk"": 0.9919, ""whole plant"": 0.985, ""branch"": 0.9539, ""view up trunk"": 0.937, ""large-tree bark"": 0.8632, ""bark"": 0.6912, ""leaf"": 0.6278}",True,False,"[""large tree"", ""broad canopy"", ""massive trunk"", ""visible branches"", ""green foliage"", ""urban setting""]","[""whole plant"", ""trunk"", ""branch"", ""leaf"", ""large-tree bark"", ""view up trunk""]",0.8571,1.0,0.9231,0.8571
baskauf/91006,Ostrya virginiana,vanderbilt/7-201,whole tree (or vine) / general,whole plant,"[""whole plant"", ""branch"", ""trunk"", ""leaf"", ""view up trunk""]","{""whole plant"": 0.9783, ""branch"": 0.937, ""trunk"": 0.9101, ""leaf"": 0.8758, ""view up trunk"": 0.8218}",True,True,"[""dense foliage"", ""tree crown"", ""multiple trunks"", ""urban setting"", ""green leaves"", ""building backdrop""]","[""whole plant"", ""trunk"", ""branch"", ""leaf""]",0.8,1.0,0.8889,0.8
baskauf/91011,Acer rubrum,vanderbilt/7-298,whole tree (or vine) / general,whole plant,"[""whole plant"", ""trunk"", ""branch"", ""view up trunk"", ""leaf"", ""large-tree bark""]","{""whole plant"": 0.9874, ""trunk"": 0.9788, ""branch"": 0.9526, ""view up trunk"": 0.9379, ""leaf"": 0.8889, ""large-tree bark"": 0.687}",True,True,"[""tree in sunlight"", ""dense foliage"", ""smooth bark"", ""upward view"", ""green canopy"", ""partially shadowed trunk""]","[""whole plant"", ""trunk"", ""bark"", ""branch"", ""leaf"", ""view up trunk""]",0.8333,0.8333,0.8333,0.7143
baskauf/91016,Acer rubrum,vanderbilt/7-298,whole tree (or vine) / general,whole plant,"[""whole plant"", ""leaf"", ""trunk"", ""branch"", ""view up trunk""]","{""whole plant"": 0.9853, ""leaf"": 0.941, ""trunk"": 0.9363, ""branch"": 0.9277, ""view up trunk"": 0.7142}",True,True,"[""full tree canopy"", ""green foliage"", ""tree in park"", ""sunny day"", ""large tree"", ""visible trunk""]","[""whole plant"", ""trunk"", ""leaf""]",0.6,1.0,0.75,0.6
baskauf/91056,Sassafras albidum,vanderbilt/6-215,whole tree (or vine) / general,whole plant,"[""whole plant"", ""trunk"", ""branch"", ""view up trunk"", ""leaf""]","{""whole plant"": 0.959, ""trunk"": 0.9155, ""branch"": 0.8857, ""view up trunk"": 0.7841, ""leaf"": 0.782}",True,True,"[""tree in landscape"", ""green foliage"", ""woody trunk"", ""branching pattern"", ""leafy crown"", ""urban setting""]","[""whole plant"", ""trunk"", ""branch"", ""leaf"", ""view up trunk""]",1.0,1.0,1.0,1.0
baskauf/91057,Fagus grandifolia,vanderbilt/6-208,whole tree (or vine) / general,whole plant,"[""whole plant"", ""trunk"", ""leaf"", ""branch"", ""view up trunk""]","{""whole plant"": 0.9921, ""trunk"": 0.9223, ""leaf"": 0.9197, ""branch"": 0.9124, ""view up trunk"": 0.8056}",True,True,"[""dense foliage"", ""multiple tree crowns"", ""green canopy"", ""woody stems"", ""tree line"", ""outdoor scene""]","[""whole plant"", ""trunk"", ""branch"", ""leaf""]",0.8,1.0,0.8889,0.8
baskauf/91059,Carpinus caroliniana,vanderbilt/6-189,whole tree (or vine) / general,whole plant,"[""whole plant"", ""trunk"", ""branch"", ""leaf""]","{""whole plant"": 0.9474, ""trunk"": 0.9128, ""branch"": 0.8399, ""leaf"": 0.7715}",True,True,"[""green leaves"", ""tree in landscape"", ""multiple trunks"", ""branching pattern"", ""full canopy"", ""urban setting""]","[""whole plant"", ""trunk"", ""branch"", ""leaf""]",1.0,1.0,1.0,1.0
baskauf/91062,Tsuga canadensis,vanderbilt/6-144,whole tree / general,whole plant,"[""needle"", ""whole plant"", ""branch"", ""leaf""]","{""needle"": 0.9002, ""whole plant"": 0.8881, ""branch"": 0.6836, ""leaf"": 0.523}",True,False,"[""tall tree"", ""conical crown"", ""green foliage"", ""woody trunk"", ""outdoor scene"", ""park setting"", ""dense canopy"", ""branching pattern""]","[""whole plant"", ""trunk"", ""branch"", ""leaf"", ""view up trunk""]",0.75,0.6,0.6667,0.5
baskauf/91064,Cornus florida,vanderbilt/6-167,whole tree (or vine) / general,whole plant,"[""whole plant"", ""leaf"", ""branch"", ""trunk""]","{""whole plant"": 0.9778, ""leaf"": 0.9045, ""branch"": 0.9021, ""trunk"": 0.8415}",True,True,"[""dense foliage"", ""rounded crown"", ""green leaves"", ""immature fruit"", ""woody branches"", ""tree in landscape""]","[""whole plant"", ""branch"", ""leaf"", ""fruit"", ""immature fruit""]",0.75,0.6,0.6667,0.5
baskauf/91065,Nyssa sylvatica,vanderbilt/6-239,whole tree (or vine) / general,whole plant,"[""whole plant"", ""leaf"", ""trunk"", ""branch""]","{""whole plant"": 0.9253, ""leaf"": 0.8597, ""trunk"": 0.8051, ""branch"": 0.6803}",True,True,"[""full tree"", ""green foliage"", ""tree in landscape"", ""urban setting"", ""rounded crown"", ""visible trunk"", ""lawn foreground""]","[""whole plant"", ""trunk"", ""leaf""]",0.75,1.0,0.8571,0.75
baskauf/91067,Nyssa sylvatica,vanderbilt/6-238,whole tree (or vine) / general,whole plant,"[""whole plant"", ""trunk"", ""leaf"", ""branch"", ""view up trunk""]","{""whole plant"": 0.9913, ""trunk"": 0.9577, ""leaf"": 0.9326, ""branch"": 0.905, ""view up trunk"": 0.8356}",True,True,"[""full tree"", ""green canopy"", ""woody trunk"", ""leafy crown"", ""outdoor scene"", ""daylight""]","[""whole plant"", ""trunk"", ""leaf""]",0.6,1.0,0.75,0.6
baskauf/91076,Ginkgo biloba,vanderbilt/4-214,whole tree / general,whole plant,"[""whole plant"", ""trunk"", ""branch"", ""view up trunk"", ""leaf"", ""large-tree bark""]","{""whole plant"": 0.9916, ""trunk"": 0.9794, ""branch"": 0.9703, ""view up trunk"": 0.9516, ""leaf"": 0.9159, ""large-tree bark"": 0.7496}",True,True,"[""tall tree"", ""smooth bark"", ""dense foliage"", ""branching pattern"", ""urban landscape"", ""clear sky""]","[""whole plant"", ""trunk"", ""bark"", ""branch""]",0.5,0.75,0.6,0.4286
baskauf/91081,Ulmus americana,vanderbilt/2-30,whole tree (or vine) / general,whole plant,"[""trunk"", ""whole plant"", ""branch"", ""view up trunk"", ""leaf"", ""large-tree bark""]","{""trunk"": 0.9777, ""whole plant"": 0.9775, ""branch"": 0.9102, ""view up trunk"": 0.8727, ""leaf"": 0.8693, ""large-tree bark"": 0.8272}",True,False,"[""large tree"", ""full crown"", ""broad leaves"", ""woody branches"", ""green foliage"", ""urban setting"", ""daylight""]","[""whole plant"", ""trunk"", ""branch"", ""leaf""]",0.6667,1.0,0.8,0.6667
baskauf/91083,Fraxinus americana,vanderbilt/2-83,whole tree (or vine) / general,whole plant,"[""whole plant"", ""trunk"", ""view up trunk"", ""branch"", ""leaf""]","{""whole plant"": 0.9936, ""trunk"": 0.9833, ""view up trunk"": 0.9743, ""branch"": 0.9565, ""leaf"": 0.8758}",True,True,"[""large tree"", ""dense foliage"", ""branching pattern"", ""full crown"", ""green leaves"", ""woody trunk"", ""urban setting""]","[""whole plant"", ""trunk"", ""branch"", ""leaf"", ""view up trunk""]",1.0,1.0,1.0,1.0
baskauf/91091,Fraxinus pennsylvanica,vanderbilt/5-64,whole tree (or vine) / general,whole plant,"[""whole plant"", ""trunk"", ""branch"", ""leaf"", ""view up trunk""]","{""whole plant"": 0.9656, ""trunk"": 0.9516, ""branch"": 0.935, ""leaf"": 0.8678, ""view up trunk"": 0.7052}",True,True,"[""large tree"", ""green foliage"", ""curved trunk"", ""branching pattern"", ""outdoor scene"", ""daylight""]","[""whole plant"", ""trunk"", ""branch"", ""leaf""]",0.8,1.0,0.8889,0.8
baskauf/91094,Acer saccharinum,vanderbilt/8-92,whole tree (or vine) / general,whole plant,"[""whole plant"", ""trunk"", ""branch"", ""leaf"", ""view up trunk""]","{""whole plant"": 0.9872, ""trunk"": 0.9155, ""branch"": 0.9063, ""leaf"": 0.9047, ""view up trunk"": 0.8193}",True,True,"[""full tree"", ""green foliage"", ""branching pattern"", ""urban setting"", ""tree crown"", ""visible trunk""]","[""whole plant"", ""trunk"", ""branch"", ""leaf""]",0.8,1.0,0.8889,0.8
baskauf/91096,Acer saccharum,vanderbilt/8-70,whole tree (or vine) / general,whole plant,"[""whole plant"", ""trunk"", ""branch"", ""leaf""]","{""whole plant"": 0.9676, ""trunk"": 0.903, ""branch"": 0.8612, ""leaf"": 0.6512}",True,True,"[""young tree"", ""green foliage"", ""single trunk"", ""lawn setting"", ""branching pattern"", ""clear sky""]","[""whole plant"", ""trunk"", ""branch"", ""leaf""]",1.0,1.0,1.0,1.0
baskauf/91098,Quercus macrocarpa,vanderbilt/6-153,whole tree (or vine) / general,whole plant,"[""whole plant"", ""trunk"", ""leaf"", ""branch"", ""view up trunk""]","{""whole plant"": 0.9752, ""trunk"": 0.9406, ""leaf"": 0.9058, ""branch"": 0.886, ""view up trunk"": 0.714}",True,True,"[""full tree"", ""green canopy"", ""woody trunk"", ""branching pattern"", ""urban setting"", ""leafy crown"", ""visible branches""]","[""whole plant"", ""trunk"", ""branch"", ""leaf""]",0.8,1.0,0.8889,0.8
baskauf/91101,Juglans nigra,vanderbilt/15-120,whole tree (or vine) / general,whole plant,"[""whole plant"", ""trunk"", ""leaf"", ""branch""]","{""whole plant"": 0.9145, ""trunk"": 0.858, ""leaf"": 0.771, ""branch"": 0.7545}",True,True,"[""tree in urban setting"", ""visible trunk"", ""branching pattern"", ""green foliage"", ""daylight"", ""building backdrop"", ""large tree"", ""leafy crown""]","[""whole plant"", ""trunk"", ""branch"", ""leaf"", ""view up trunk""]",1.0,0.8,0.8889,0.8
baskauf/91105,Quercus rubra,vanderbilt/12-6,whole tree (or vine) / general,whole plant,"[""whole plant"", ""trunk"", ""view up trunk"", ""branch"", ""leaf""]","{""whole plant"": 0.9965, ""trunk"": 0.9738, ""view up trunk"": 0.9606, ""branch"": 0.9552, ""leaf"": 0.9537}",True,True,"[""large tree"", ""dense foliage"", ""woody trunk"", ""branching pattern"", ""green leaves"", ""full crown""]","[""whole plant"", ""trunk"", ""branch"", ""leaf"", ""view up trunk""]",1.0,1.0,1.0,1.0
baskauf/91107,Ulmus americana,vanderbilt/12-8,whole tree (or vine) / general,whole plant,"[""whole plant"", ""trunk"", ""branch"", ""view up trunk"", ""leaf""]","{""whole plant"": 0.9898, ""trunk"": 0.981, ""branch"": 0.943, ""view up trunk"": 0.9341, ""leaf"": 0.885}",True,True,"[""large tree"", ""dense foliage"", ""branching pattern"", ""woody trunk"", ""urban setting"", ""green leaves"", ""sky visible""]","[""whole plant"", ""trunk"", ""branch"", ""leaf"", ""view up trunk""]",1.0,1.0,1.0,1.0
baskauf/91110,Quercus bicolor,vanderbilt/12-11,whole tree (or vine) / general,whole plant,"[""whole plant"", ""trunk"", ""branch"", ""leaf"", ""view up trunk""]","{""whole plant"": 0.981, ""trunk"": 0.9611, ""branch"": 0.9025, ""leaf"": 0.8749, ""view up trunk"": 0.8035}",True,True,"[""full tree"", ""green foliage"", ""branching pattern"", ""woody trunk"", ""urban setting"", ""dense canopy"", ""leafy crown"", ""visible branches""]","[""whole plant"", ""trunk"", ""branch"", ""leaf""]",0.8,1.0,0.8889,0.8
baskauf/91119,Quercus macrocarpa,vanderbilt/12-29,whole tree (or vine) / general,whole plant,"[""whole plant"", ""leaf"", ""trunk"", ""branch"", ""view up trunk""]","{""whole plant"": 0.9897, ""leaf"": 0.966, ""trunk"": 0.966, ""branch"": 0.9166, ""view up trunk"": 0.8899}",True,True,"[""large tree"", ""dense foliage"", ""branching pattern"", ""full crown"", ""woody trunk"", ""green leaves""]","[""whole plant"", ""trunk"", ""branch"", ""leaf"", ""view up trunk""]",1.0,1.0,1.0,1.0
baskauf/91122,Celtis occidentalis,vanderbilt/12-32,whole tree (or vine) / general,whole plant,"[""whole plant"", ""trunk"", ""branch"", ""view up trunk"", ""leaf""]","{""whole plant"": 0.9929, ""trunk"": 0.9709, ""branch"": 0.9643, ""view up trunk"": 0.9443, ""leaf"": 0.9271}",True,True,"[""large tree"", ""green foliage"", ""branching pattern"", ""urban setting"", ""woody branches"", ""dense canopy""]","[""whole plant"", ""trunk"", ""branch"", ""leaf""]",0.8,1.0,0.8889,0.8
baskauf/91123,Platanus occidentalis,vanderbilt/12-90,whole tree (or vine) / general,whole plant,"[""whole plant"", ""trunk"", ""branch"", ""view up trunk"", ""leaf""]","{""whole plant"": 0.9927, ""trunk"": 0.9544, ""branch"": 0.949, ""view up trunk"": 0.9257, ""leaf"": 0.885}",True,True,"[""large tree"", ""dense foliage"", ""green leaves"", ""branching pattern"", ""urban setting"", ""tree crown"", ""woodland"", ""leafy canopy""]","[""whole plant"", ""trunk"", ""branch"", ""leaf""]",0.8,1.0,0.8889,0.8
baskauf/91126,Ginkgo biloba,vanderbilt/12-126,whole tree / general,whole plant,"[""whole plant"", ""branch"", ""trunk"", ""view up trunk"", ""leaf""]","{""whole plant"": 0.989, ""branch"": 0.977, ""trunk"": 0.9747, ""view up trunk"": 0.9451, ""leaf"": 0.8735}",True,True,"[""large tree"", ""dense foliage"", ""full crown"", ""woody trunk"", ""green leaves"", ""urban setting""]","[""whole plant"", ""trunk"", ""leaf"", ""branch""]",0.8,1.0,0.8889,0.8
baskauf/91127,Juglans nigra,vanderbilt/12-123,whole tree (or vine) / general,whole plant,"[""whole plant"", ""branch"", ""view up trunk"", ""leaf"", ""trunk""]","{""whole plant"": 0.9878, ""branch"": 0.9857, ""view up trunk"": 0.9269, ""leaf"": 0.9244, ""trunk"": 0.8928}",True,True,"[""tree with dense foliage"", ""woody trunk"", ""branching pattern"", ""green leaves"", ""visible bark"", ""upward view""]","[""whole plant"", ""trunk"", ""branch"", ""leaf"", ""bark"", ""view up trunk""]",1.0,0.8333,0.9091,0.8333
baskauf/91133,Quercus palustris,vanderbilt/12-76,whole tree (or vine) / general,whole plant,"[""trunk"", ""whole plant"", ""branch"", ""leaf""]","{""trunk"": 0.9336, ""whole plant"": 0.9248, ""branch"": 0.8673, ""leaf"": 0.8005}",True,False,"[""tall tree"", ""dark bark"", ""dense foliage"", ""urban setting"", ""tree trunk"", ""green leaves""]","[""whole plant"", ""trunk"", ""bark"", ""leaf"", ""large-tree bark""]",0.75,0.6,0.6667,0.5
baskauf/91134,Cercis canadensis,vanderbilt/12-82,whole tree (or vine) / general,whole plant,"[""whole plant"", ""branch"", ""leaf"", ""trunk""]","{""whole plant"": 0.9727, ""branch"": 0.9631, ""leaf"": 0.9211, ""trunk"": 0.7473}",True,True,"[""tree canopy"", ""branching pattern"", ""green foliage"", ""woody branches"", ""view from above"", ""urban setting""]","[""whole plant"", ""branch"", ""leaf"", ""view up trunk""]",0.75,0.75,0.75,0.6
baskauf/91139,Quercus alba,vanderbilt/15-139,whole tree (or vine) / general,whole plant,"[""whole plant"", ""trunk"", ""branch"", ""view up trunk"", ""leaf""]","{""whole plant"": 0.9968, ""trunk"": 0.9834, ""branch"": 0.9742, ""view up trunk"": 0.9724, ""leaf"": 0.9287}",True,True,"[""large tree"", ""dense foliage"", ""woody trunk"", ""branching crown"", ""green leaves"", ""full canopy"", ""outdoor scene"", ""park setting""]","[""whole plant"", ""trunk"", ""branch"", ""leaf"", ""view up trunk""]",1.0,1.0,1.0,1.0
baskauf/91140,Quercus alba,vanderbilt/15-139,whole tree (or vine) / general,whole plant,"[""whole plant"", ""trunk"", ""branch"", ""leaf"", ""view up trunk"", ""large-tree bark""]","{""whole plant"": 0.9836, ""trunk"": 0.9744, ""branch"": 0.9129, ""leaf"": 0.9089, ""view up trunk"": 0.8977, ""large-tree bark"": 0.7984}",True,True,"[""full tree"", ""green canopy"", ""woody trunk"", ""branching pattern"", ""leafy crown"", ""outdoor scene""]","[""whole plant"", ""trunk"", ""branch"", ""leaf""]",0.6667,1.0,0.8,0.6667
baskauf/91143,Fagus grandifolia,vanderbilt/12-187,whole tree (or vine) / general,whole plant,"[""whole plant"", ""trunk"", ""leaf"", ""branch"", ""view up trunk""]","{""whole plant"": 0.9962, ""trunk"": 0.9722, ""leaf"": 0.9502, ""branch"": 0.9431, ""view up trunk"": 0.9224}",True,True,"[""large tree"", ""dense foliage"", ""full crown"", ""woody trunk"", ""green leaves"", ""tree in landscape""]","[""whole plant"", ""trunk"", ""leaf"", ""large-tree bark"", ""view up trunk""]",0.8,0.8,0.8,0.6667
baskauf/91144,Gymnocladus dioicus,vanderbilt/12-177,whole tree (or vine) / general,whole plant,"[""whole plant"", ""trunk"", ""branch"", ""view up trunk"", ""leaf""]","{""whole plant"": 0.9965, ""trunk"": 0.9813, ""branch"": 0.9621, ""view up trunk"": 0.9579, ""leaf"": 0.9007}",True,True,"[""large tree"", ""dense foliage"", ""visible trunk"", ""branching pattern"", ""green leaves"", ""tree cavity"", ""outdoor scene"", ""daylight""]","[""whole plant"", ""trunk"", ""branch"", ""leaf"", ""large-tree bark"", ""view up trunk""]",1.0,0.8333,0.9091,0.8333
baskauf/91146,Tilia americana,vanderbilt/12-173,whole tree (or vine) / general,whole plant,"[""whole plant"", ""trunk"", ""view up trunk"", ""branch"", ""leaf""]","{""whole plant"": 0.9919, ""trunk"": 0.9615, ""view up trunk"": 0.9364, ""branch"": 0.9004, ""leaf"": 0.8966}",True,True,"[""large tree"", ""full crown"", ""dense foliage"", ""woody trunk"", ""branching pattern"", ""green leaves"", ""outdoor scene"", ""daylight""]","[""whole plant"", ""trunk"", ""branch"", ""leaf"", ""large-tree bark"", ""view up trunk""]",1.0,0.8333,0.9091,0.8333
baskauf/91150,Fraxinus americana,vanderbilt/12-167,whole tree (or vine) / general,whole plant,"[""whole plant"", ""trunk"", ""view up trunk"", ""branch"", ""leaf"", ""large-tree bark""]","{""whole plant"": 0.9903, ""trunk"": 0.9683, ""view up trunk"": 0.907, ""branch"": 0.9049, ""leaf"": 0.8395, ""large-tree bark"": 0.6542}",True,True,"[""full tree"", ""green foliage"", ""woody trunk"", ""branching pattern"", ""tree in landscape"", ""daylight""]","[""whole plant"", ""trunk"", ""branch"", ""leaf""]",0.6667,1.0,0.8,0.6667
baskauf/91152,Fraxinus pennsylvanica,vanderbilt/12-209,whole tree (or vine) / general,whole plant,"[""whole plant"", ""trunk"", ""branch"", ""leaf"", ""view up trunk""]","{""whole plant"": 0.9885, ""trunk"": 0.9681, ""branch"": 0.9312, ""leaf"": 0.9296, ""view up trunk"": 0.7771}",True,True,"[""full tree"", ""green foliage"", ""single trunk"", ""outdoor scene"", ""lawn"", ""urban landscape""]","[""whole plant"", ""trunk"", ""leaf"", ""branch""]",0.8,1.0,0.8889,0.8
baskauf/91154,Ulmus americana,vanderbilt/12-222,whole tree (or vine) / general,whole plant,"[""whole plant"", ""trunk"", ""view up trunk"", ""branch"", ""leaf"", ""large-tree bark""]","{""whole plant"": 0.9898, ""trunk"": 0.9858, ""view up trunk"": 0.9694, ""branch"": 0.9652, ""leaf"": 0.8855, ""large-tree bark"": 0.6943}",True,True,"[""large tree"", ""multiple trunks"", ""green canopy"", ""woody branches"", ""textured bark"", ""lawn foreground""]","[""whole plant"", ""trunk"", ""branch"", ""bark""]",0.5,0.75,0.6,0.4286
baskauf/91159,Cornus florida,vanderbilt/12-227,whole tree (or vine) / general,whole plant,"[""whole plant"", ""branch"", ""trunk"", ""leaf"", ""view up trunk""]","{""whole plant"": 0.9892, ""branch"": 0.9632, ""trunk"": 0.9606, ""leaf"": 0.9507, ""view up trunk"": 0.8708}",True,True,"[""multiple trunks"", ""green canopy"", ""branching pattern"", ""lawn setting"", ""tree in landscape"", ""visible trunk base""]","[""whole plant"", ""trunk"", ""branch"", ""leaf""]",0.8,1.0,0.8889,0.8
baskauf/91164,Acer saccharum,vanderbilt/12-196,whole tree (or vine) / general,whole plant,"[""whole plant"", ""trunk"", ""view up trunk"", ""branch"", ""leaf""]","{""whole plant"": 0.9937, ""trunk"": 0.9796, ""view up trunk"": 0.9569, ""branch"": 0.9539, ""leaf"": 0.952}",True,True,"[""large tree"", ""dense foliage"", ""thick trunk"", ""branching crown"", ""green leaves"", ""urban setting""]","[""whole plant"", ""trunk"", ""branch"", ""leaf"", ""large-tree bark"", ""view up trunk""]",1.0,0.8333,0.9091,0.8333
baskauf/91173,Fraxinus americana,vanderbilt/1-183,unspecified / unspecified,,"[""bark""]","{""bark"": 0.5239}",,,"[""tree section"", ""growth rings"", ""wood grain"", ""circular view"", ""labeled points"", ""pale wood""]","[""trunk"", ""bark"", ""large-tree bark"", ""whole plant""]",1.0,0.25,0.4,0.25
baskauf/91174,Magnolia acuminata,vanderbilt/1-185,whole tree (or vine) / general,whole plant,"[""whole plant"", ""trunk"", ""leaf"", ""branch""]","{""whole plant"": 0.9817, ""trunk"": 0.9114, ""leaf"": 0.894, ""branch"": 0.8504}",True,True,"[""full tree"", ""green foliage"", ""rounded crown"", ""park setting"", ""daylight"", ""tree in landscape""]","[""whole plant"", ""leaf"", ""trunk"", ""branch""]",1.0,1.0,1.0,1.0
baskauf/d0127,Fagus grandifolia,ind-baskauf/d0127,whole tree (or vine) / winter,whole plant,"[""whole plant"", ""branch"", ""view up trunk"", ""trunk"", ""winter habit"", ""bark""]","{""whole plant"": 0.9764, ""branch"": 0.954, ""view up trunk"": 0.9501, ""trunk"": 0.9501, ""winter habit"": 0.9156, ""bark"": 0.8796}",True,True,"[""tree trunks"", ""bare branches"", ""winter forest"", ""blue sky"", ""leaf litter"", ""vertical composition""]","[""whole plant"", ""trunk"", ""branch"", ""winter habit"", ""view up trunk""]",0.8333,1.0,0.9091,0.8333
baskauf/d0420,Celtis occidentalis,ind-baskauf/30984,whole tree (or vine) / general,whole plant,"[""whole plant"", ""view up trunk"", ""branch"", ""trunk"", ""winter habit"", ""leaf""]","{""whole plant"": 0.9851, ""view up trunk"": 0.9725, ""branch"": 0.9705, ""trunk"": 0.947, ""winter habit"": 0.8075, ""leaf"": 0.6242}",True,True,"[""large tree"", ""spreading branches"", ""emerging leaves"", ""clear sky"", ""park setting"", ""people nearby""]","[""whole plant"", ""trunk"", ""branch"", ""leaf"", ""view up trunk""]",0.8333,1.0,0.9091,0.8333
baskauf/d0425,Celtis occidentalis,ind-baskauf/30984,bark / of a large tree,bark,"[""large-tree bark"", ""trunk"", ""bark""]","{""large-tree bark"": 0.9909, ""trunk"": 0.9907, ""bark"": 0.9877}",True,False,"[""tree trunk"", ""rough bark"", ""vertical texture"", ""close-up bark"", ""natural patterns"", ""outdoor scene""]","[""trunk"", ""bark"", ""large-tree bark""]",1.0,1.0,1.0,1.0
baskauf/d0426,Celtis occidentalis,ind-baskauf/30984,leaf / showing orientation on twig,leaf,"[""branch"", ""bark"", ""leaf"", ""trunk"", ""leaf arrangement on twig"", ""twig""]","{""branch"": 0.9329, ""bark"": 0.8418, ""leaf"": 0.841, ""trunk"": 0.6855, ""leaf arrangement on twig"": 0.6401, ""twig"": 0.6357}",True,False,"[""rough bark"", ""new leaves"", ""young twigs"", ""tree trunk"", ""spring foliage"", ""branching pattern""]","[""trunk"", ""bark"", ""branch"", ""twig"", ""leaf"", ""leaf arrangement on twig""]",1.0,1.0,1.0,1.0
baskauf/d0997,Nyssa sylvatica,ind-baskauf/d0997,leaf / showing orientation on twig,leaf,"[""leaf"", ""branch"", ""leaf arrangement on twig"", ""twig""]","{""leaf"": 0.9515, ""branch"": 0.894, ""leaf arrangement on twig"": 0.8346, ""twig"": 0.6767}",True,True,"[""red autumn leaves"", ""compound leaves"", ""branching pattern"", ""sky background"", ""leaf veins"", ""leaf upper surface""]","[""leaf"", ""branch"", ""leaf upper surface""]",0.5,0.6667,0.5714,0.4
baskauf/d0999,Acer saccharum,ind-baskauf/d0999,whole tree (or vine) / general,whole plant,"[""whole plant"", ""view up trunk"", ""branch"", ""leaf"", ""trunk""]","{""whole plant"": 0.9858, ""view up trunk"": 0.975, ""branch"": 0.9462, ""leaf"": 0.9205, ""trunk"": 0.7132}",True,True,"[""autumn foliage"", ""tree crown"", ""colorful leaves"", ""branching pattern"", ""upward view"", ""blue sky""]","[""whole plant"", ""branch"", ""leaf"", ""view up trunk""]",0.8,1.0,0.8889,0.8
baskauf/d1104,Gleditsia triacanthos,ind-baskauf/d1104,bark / of a large tree,bark,"[""bark"", ""branch"", ""trunk"", ""winter habit"", ""large-tree bark"", ""twig""]","{""bark"": 0.9303, ""branch"": 0.8848, ""trunk"": 0.8546, ""winter habit"": 0.8518, ""large-tree bark"": 0.8388, ""twig"": 0.7647}",True,True,"[""thorny vine"", ""textured bark"", ""woody trunk"", ""entangled branches"", ""leafless"", ""winter scene""]","[""trunk"", ""bark"", ""branch"", ""twig"", ""winter habit"", ""large-tree bark""]",1.0,1.0,1.0,1.0
baskauf/d1110,Gleditsia triacanthos,ind-baskauf/d1104,fruit / lateral or general close-up,fruit,"[""fruit"", ""fruit borne on plant"", ""fruit close-up""]","{""fruit"": 0.9067, ""fruit borne on plant"": 0.8505, ""fruit close-up"": 0.8219}",True,True,"[""elongated pod"", ""brown seed pod"", ""twisted shape"", ""dry texture"", ""hand holding"", ""blurred background"", ""woody branches"", ""autumnal colors""]","[""fruit"", ""fruit close-up"", ""fruit borne on plant"", ""immature fruit""]",1.0,0.75,0.8571,0.75
baskauf/d1112,Gleditsia triacanthos,ind-baskauf/d1104,bark / of a large tree,bark,"[""trunk"", ""bark"", ""view up trunk"", ""large-tree bark"", ""branch"", ""winter habit""]","{""trunk"": 0.9896, ""bark"": 0.9885, ""view up trunk"": 0.9593, ""large-tree bark"": 0.9473, ""branch"": 0.893, ""winter habit"": 0.8368}",True,False,"[""tree trunks"", ""rough bark"", ""leafless branches"", ""winter scene"", ""textured surface"", ""upward view""]","[""trunk"", ""bark"", ""branch"", ""twig"", ""winter habit"", ""view up trunk"", ""large-tree bark""]",1.0,0.8571,0.9231,0.8571
bassettst/sb560,Betula papyrifera,ind-bassettst/sb560,whole tree (or vine) / general,whole plant,"[""whole plant"", ""trunk"", ""branch"", ""view up trunk"", ""leaf""]","{""whole plant"": 0.93, ""trunk"": 0.895, ""branch"": 0.8424, ""view up trunk"": 0.7689, ""leaf"": 0.5074}",True,True,"[""white bark"", ""tall slender trees"", ""dense foliage"", ""woodland scene"", ""green understory"", ""pathside view""]","[""whole plant"", ""trunk"", ""bark"", ""branch"", ""leaf"", ""large-tree bark""]",0.8,0.6667,0.7273,0.5714
bassettst/sb561,Betula papyrifera,ind-bassettst/sb560,whole tree (or vine) / general,whole plant,"[""whole plant"", ""trunk"", ""view up trunk"", ""branch"", ""bark"", ""leaf""]","{""whole plant"": 0.9616, ""trunk"": 0.9555, ""view up trunk"": 0.9381, ""branch"": 0.8734, ""bark"": 0.6978, ""leaf"": 0.5667}",True,True,"[""white bark"", ""tall trees"", ""dense foliage"", ""upward view"", ""forest canopy"", ""bright green leaves""]","[""whole plant"", ""trunk"", ""bark"", ""branch"", ""leaf"", ""view up trunk"", ""large-tree bark""]",1.0,0.8571,0.9231,0.8571
bassettst/sb562,Betula papyrifera,ind-bassettst/sb560,whole tree (or vine) / general,whole plant,"[""whole plant"", ""trunk"", ""branch"", ""view up trunk"", ""bark"", ""leaf""]","{""whole plant"": 0.9451, ""trunk"": 0.9385, ""branch"": 0.883, ""view up trunk"": 0.8501, ""bark"": 0.712, ""leaf"": 0.5097}",True,True,"[""white bark"", ""multiple trunks"", ""dense foliage"", ""woodland scene"", ""pathway"", ""upward view"", ""leafy canopy"", ""bright sunlight""]","[""whole plant"", ""trunk"", ""bark"", ""branch"", ""leaf"", ""view up trunk"", ""large-tree bark""]",1.0,0.8571,0.9231,0.8571
bassettst/sb563,Betula papyrifera,ind-bassettst/sb560,leaf / showing orientation on twig,leaf,"[""leaf"", ""leaf arrangement on twig"", ""twig"", ""leaf upper surface"", ""stem""]","{""leaf"": 0.9789, ""leaf arrangement on twig"": 0.9543, ""twig"": 0.7542, ""leaf upper surface"": 0.739, ""stem"": 0.7102}",True,True,"[""green leaves"", ""woody twig"", ""leaf arrangement"", ""serrated leaf edge"", ""birch bark"", ""forest background""]","[""leaf"", ""twig"", ""leaf arrangement on twig"", ""leaf margin"", ""bark"", ""branch""]",0.6,0.5,0.5455,0.375
bassettst/sb564,Betula papyrifera,ind-bassettst/sb560,whole tree (or vine) / view up trunk,whole plant,"[""whole plant"", ""view up trunk"", ""trunk"", ""branch"", ""leaf""]","{""whole plant"": 0.9833, ""view up trunk"": 0.9744, ""trunk"": 0.9632, ""branch"": 0.9547, ""leaf"": 0.6386}",True,True,"[""tall trees"", ""white bark"", ""dense foliage"", ""upward view"", ""woodland scene"", ""bright sky""]","[""whole plant"", ""trunk"", ""bark"", ""branch"", ""leaf"", ""view up trunk"", ""large-tree bark""]",1.0,0.7143,0.8333,0.7143
bassettst/sb569,Betula papyrifera,ind-bassettst/sb560,bark / of a large tree,bark,"[""bark"", ""trunk"", ""large-tree bark""]","{""bark"": 0.9794, ""trunk"": 0.9536, ""large-tree bark"": 0.9449}",True,True,"[""peeling bark"", ""smooth trunk"", ""forest background"", ""bright sunlight"", ""vertical composition"", ""tree trunk"", ""white bark"", ""natural texture""]","[""trunk"", ""bark"", ""large-tree bark"", ""view up trunk""]",1.0,0.75,0.8571,0.75
eickmeierwg/we565,Dirca palustris,ind-eickmeierwg/we565,inflorescence / whole - unspecified,flower,"[""twig"", ""flower"", ""inflorescence"", ""bud"", ""stem""]","{""twig"": 0.9505, ""flower"": 0.9057, ""inflorescence"": 0.8997, ""bud"": 0.8625, ""stem"": 0.6889}",True,False,"[""emerging leaves"", ""small twigs"", ""early flowers"", ""budding branches"", ""soft focus background""]","[""twig"", ""bud"", ""leaf"", ""flower"", ""stem"", ""leaf arrangement on twig""]",0.8,0.6667,0.7273,0.5714
hessd/e5353,Rhus aromatica,ind-hessd/e5353,fruit / as borne on the plant,fruit,"[""leaf"", ""fruit"", ""fruit borne on plant"", ""stem""]","{""leaf"": 0.9841, ""fruit"": 0.9583, ""fruit borne on plant"": 0.9232, ""stem"": 0.8369}",True,False,"[""red berries"", ""green leaves"", ""woody stem"", ""compound leaf"", ""bright color"", ""natural light""]","[""stem"", ""leaf"", ""fruit"", ""fruit borne on plant""]",1.0,1.0,1.0,1.0
hessd/e5381,Toxicodendron radicans,ind-hessd/e5381,inflorescence / frontal view of flower,flower,"[""inflorescence"", ""flower close-up"", ""flower"", ""fruit"", ""stem"", ""leaf""]","{""inflorescence"": 0.9659, ""flower close-up"": 0.9568, ""flower"": 0.9448, ""fruit"": 0.7516, ""stem"": 0.6916, ""leaf"": 0.5787}",True,False,"[""green stem"", ""small flowers"", ""clustered flowers"", ""close-up view"", ""blurred background"", ""light green color""]","[""stem"", ""flower"", ""inflorescence"", ""flower close-up""]",0.6667,1.0,0.8,0.6667
kaufmannm/ke062,Populus tremuloides,ind-kaufmannm/ke062,whole tree (or vine) / general,whole plant,"[""whole plant"", ""branch"", ""leaf""]","{""whole plant"": 0.8968, ""branch"": 0.7519, ""leaf"": 0.7482}",True,True,"[""golden foliage"", ""autumn colors"", ""mountain landscape"", ""deciduous trees"", ""yellow leaves"", ""tree crowns"", ""distant hills"", ""sky and clouds""]","[""whole plant"", ""leaf"", ""twig"", ""branch"", ""leaf upper surface""]",1.0,0.6,0.75,0.6
kaufmannm/ke063,Populus tremuloides,ind-kaufmannm/ke063,whole tree (or vine) / general,whole plant,"[""whole plant"", ""branch"", ""leaf""]","{""whole plant"": 0.8968, ""branch"": 0.829, ""leaf"": 0.7726}",True,True,"[""yellow leaves"", ""multiple trunks"", ""rocky slope"", ""dense foliage"", ""autumn color"", ""slender trunks""]","[""whole plant"", ""trunk"", ""leaf"", ""twig"", ""leaf arrangement on twig""]",0.6667,0.4,0.5,0.3333
kaufmannm/ke064,Populus tremuloides,ind-kaufmannm/ke064,whole tree (or vine) / general,whole plant,"[""whole plant"", ""leaf"", ""branch""]","{""whole plant"": 0.8204, ""leaf"": 0.623, ""branch"": 0.6183}",True,True,"[""autumn foliage"", ""dense forest"", ""mixed trees"", ""yellow leaves"", ""coniferous trees"", ""deciduous trees"", ""hillside forest"", ""layered canopy""]","[""whole plant"", ""leaf"", ""twig"", ""branch"", ""trunk""]",1.0,0.6,0.75,0.6
kaufmannm/ke128,Picea mariana,ind-kaufmannm/ke128,whole tree / general,whole plant,"[""whole plant""]","{""whole plant"": 0.7482}",True,True,"[""tall trees"", ""conical shape"", ""dense foliage"", ""sky background"", ""power lines"", ""green needles"", ""forest edge""]","[""whole plant"", ""trunk"", ""needle"", ""view up trunk""]",1.0,0.25,0.4,0.25
kaufmannm/ke142,Acer saccharum,ind-kaufmannm/ke142,whole tree (or vine) / general,whole plant,"[""view up trunk"", ""whole plant"", ""leaf"", ""branch""]","{""view up trunk"": 0.9634, ""whole plant"": 0.937, ""leaf"": 0.8974, ""branch"": 0.8724}",True,False,"[""autumn foliage"", ""orange leaves"", ""tree canopy"", ""looking up"", ""branching pattern"", ""bright sky""]","[""whole plant"", ""branch"", ""leaf"", ""view up trunk""]",1.0,1.0,1.0,1.0
kaufmannm/ke178,Juniperus communis,ind-kaufmannm/ke178,whole tree / general,whole plant,"[""needle"", ""whole plant"", ""leaf"", ""branch"", ""twig""]","{""needle"": 0.946, ""whole plant"": 0.8721, ""leaf"": 0.626, ""branch"": 0.6234, ""twig"": 0.4914}",True,False,"[""low shrub"", ""green foliage"", ""some brown foliage"", ""sandy ground"", ""dense growth"", ""trailing branches""]","[""whole plant"", ""twig"", ""leaf"", ""needle"", ""leaf arrangement on twig""]",0.8,0.8,0.8,0.6667
kaufmannm/mk466,Ilex verticillata,ind-kaufmannm/mk466,fruit / as borne on the plant,fruit,"[""fruit borne on plant"", ""leaf"", ""fruit"", ""stem""]","{""fruit borne on plant"": 0.9499, ""leaf"": 0.9401, ""fruit"": 0.8991, ""stem"": 0.8111}",True,False,"[""bright red fruit"", ""green leaves"", ""woody stems"", ""autumn foliage"", ""clustered fruit"", ""small branch""]","[""leaf"", ""stem"", ""twig"", ""fruit"", ""fruit borne on plant"", ""immature fruit""]",1.0,0.6667,0.8,0.6667
kirchoff/ac1447,Quercus alba,ind-kirchoff/mason03,whole tree (or vine) / general,whole plant,"[""whole plant"", ""trunk"", ""branch"", ""view up trunk"", ""leaf"", ""large-tree bark""]","{""whole plant"": 0.9871, ""trunk"": 0.9759, ""branch"": 0.9436, ""view up trunk"": 0.91, ""leaf"": 0.8913, ""large-tree bark"": 0.7496}",True,True,"[""large tree"", ""green foliage"", ""broad leaves"", ""woody trunk"", ""sunny day"", ""campus setting"", ""tree lined path"", ""mature tree""]","[""whole plant"", ""trunk"", ""leaf"", ""branch"", ""large-tree bark""]",0.8333,1.0,0.9091,0.8333
kirchoff/ac1448,Quercus alba,ind-kirchoff/mason03,bark / of a large tree,bark,"[""large-tree bark"", ""trunk"", ""bark""]","{""large-tree bark"": 0.9934, ""trunk"": 0.9913, ""bark"": 0.9909}",True,False,"[""tree trunk"", ""rough bark"", ""vertical ridges"", ""grayish bark"", ""outdoor scene"", ""daylight""]","[""trunk"", ""bark"", ""large-tree bark""]",1.0,1.0,1.0,1.0
kirchoff/ac1449,Quercus alba,ind-kirchoff/mason03,bark / of a large tree,bark,"[""large-tree bark"", ""trunk"", ""bark""]","{""large-tree bark"": 0.9943, ""trunk"": 0.9923, ""bark"": 0.99}",True,False,"[""tree trunk"", ""rough bark"", ""vertical view"", ""close-up bark"", ""textured surface"", ""natural patterns""]","[""trunk"", ""bark"", ""large-tree bark""]",1.0,1.0,1.0,1.0
kirchoff/ac1468,Quercus bicolor,uncg/5,whole tree (or vine) / general,whole plant,"[""whole plant"", ""trunk"", ""branch"", ""leaf"", ""view up trunk""]","{""whole plant"": 0.9894, ""trunk"": 0.9581, ""branch"": 0.9388, ""leaf"": 0.9149, ""view up trunk"": 0.7523}",True,True,"[""full tree"", ""green foliage"", ""smooth bark"", ""tree on lawn"", ""sunny day"", ""tree and steps""]","[""whole plant"", ""trunk"", ""bark"", ""leaf"", ""view up trunk""]",0.8,0.8,0.8,0.6667
kirchoff/ac1469,Quercus bicolor,uncg/5,bark / of a large tree,bark,"[""bark"", ""trunk"", ""large-tree bark""]","{""bark"": 0.9938, ""trunk"": 0.991, ""large-tree bark"": 0.9877}",True,True,"[""tree trunk"", ""rough bark"", ""vertical ridges"", ""sunlit bark"", ""outdoor view"", ""natural texture""]","[""trunk"", ""bark"", ""large-tree bark""]",1.0,1.0,1.0,1.0
kirchoff/ac1470,Quercus bicolor,uncg/5,bark / of a large tree,bark,"[""bark"", ""large-tree bark"", ""trunk""]","{""bark"": 0.9923, ""large-tree bark"": 0.9885, ""trunk"": 0.9877}",True,True,"[""tree trunk"", ""rough bark"", ""vertical ridges"", ""close-up bark"", ""natural texture"", ""daylight""]","[""trunk"", ""bark"", ""large-tree bark""]",1.0,1.0,1.0,1.0
kirchoff/ac1472,Quercus bicolor,uncg/5,leaf / showing orientation on twig,leaf,"[""leaf"", ""leaf upper surface"", ""leaf arrangement on twig""]","{""leaf"": 0.9753, ""leaf upper surface"": 0.8495, ""leaf arrangement on twig"": 0.8}",True,True,"[""lobed leaves"", ""green foliage"", ""branch with leaves"", ""sunlit leaves"", ""leaf arrangement"", ""close-up leaves""]","[""leaf"", ""branch"", ""leaf arrangement on twig"", ""leaf upper surface""]",1.0,0.75,0.8571,0.75
kirchoff/ac1473,Quercus bicolor,uncg/5,leaf / showing orientation on twig,leaf,"[""leaf"", ""leaf upper surface"", ""leaf arrangement on twig""]","{""leaf"": 0.9839, ""leaf upper surface"": 0.8878, ""leaf arrangement on twig"": 0.8804}",True,True,"[""lobed leaves"", ""green foliage"", ""branching pattern"", ""leaf upper surface"", ""sunlit leaves"", ""natural setting""]","[""leaf"", ""branch"", ""leaf upper surface""]",0.6667,0.6667,0.6667,0.5
kirchoff/ac1477,Quercus bicolor,uncg/5,leaf / whole upper surface,leaf,"[""leaf upper surface"", ""leaf"", ""leaf margin""]","{""leaf upper surface"": 0.9857, ""leaf"": 0.9786, ""leaf margin"": 0.958}",True,False,"[""lobed leaves"", ""leaf upper surface"", ""leaf veins"", ""two leaves"", ""contrasting colors"", ""dark background""]","[""leaf"", ""leaf upper surface"", ""leaf margin""]",1.0,1.0,1.0,1.0
kirchoff/ac1478,Quercus bicolor,uncg/5,leaf / margin of upper + lower surface,leaf,"[""leaf"", ""leaf upper surface"", ""leaf margin""]","{""leaf"": 0.9905, ""leaf upper surface"": 0.9891, ""leaf margin"": 0.9678}",True,True,"[""overlapping leaves"", ""leaf texture"", ""vein patterns"", ""green and pale leaves"", ""close-up leaf detail"", ""leaf upper surface""]","[""leaf"", ""leaf upper surface""]",0.6667,1.0,0.8,0.6667
kirchoff/ac1479,Quercus bicolor,uncg/5,leaf / margin of upper + lower surface,leaf,"[""leaf"", ""leaf upper surface"", ""leaf margin""]","{""leaf"": 0.9805, ""leaf upper surface"": 0.9805, ""leaf margin"": 0.952}",True,True,"[""lobed leaves"", ""leaf veins"", ""close-up"", ""green and pale leaves"", ""textured surface"", ""natural patterns""]","[""leaf"", ""leaf upper surface"", ""leaf margin""]",1.0,1.0,1.0,1.0
kirchoff/ac1515,Fagus grandifolia,ind-kirchoff/mason09,whole tree (or vine) / general,whole plant,"[""whole plant"", ""branch"", ""trunk"", ""leaf"", ""view up trunk""]","{""whole plant"": 0.9848, ""branch"": 0.9751, ""trunk"": 0.952, ""leaf"": 0.8612, ""view up trunk"": 0.8126}",True,True,"[""large tree"", ""broad leaves"", ""spreading branches"", ""woody trunk"", ""green foliage"", ""park setting"", ""sunny day"", ""visible branches""]","[""whole plant"", ""trunk"", ""branch"", ""leaf"", ""view up trunk""]",1.0,1.0,1.0,1.0
kirchoff/ac1516,Fagus grandifolia,ind-kirchoff/mason09,bark / of a large tree,bark,"[""bark"", ""large-tree bark"", ""trunk""]","{""bark"": 0.9926, ""large-tree bark"": 0.9907, ""trunk"": 0.9884}",True,True,"[""tree trunk"", ""rough bark"", ""lichen covered"", ""vertical view"", ""natural patterns"", ""close-up bark""]","[""trunk"", ""bark"", ""large-tree bark""]",1.0,1.0,1.0,1.0
kirchoff/ac1517,Fagus grandifolia,ind-kirchoff/mason09,bark / of a large tree,bark,"[""bark"", ""large-tree bark"", ""trunk""]","{""bark"": 0.9917, ""large-tree bark"": 0.9904, ""trunk"": 0.9879}",True,True,"[""tree bark"", ""vertical view"", ""gray bark"", ""textured surface"", ""close-up bark"", ""tree trunk""]","[""trunk"", ""bark"", ""large-tree bark""]",1.0,1.0,1.0,1.0
kirchoff/ac1518,Fagus grandifolia,ind-kirchoff/mason09,fruit / as borne on the plant,fruit,"[""fruit"", ""immature fruit"", ""fruit borne on plant"", ""leaf"", ""fruit close-up"", ""stem"", ""twig""]","{""fruit"": 0.9264, ""immature fruit"": 0.8906, ""fruit borne on plant"": 0.8706, ""leaf"": 0.8121, ""fruit close-up"": 0.7598, ""stem"": 0.6008, ""twig"": 0.5794}",True,True,"[""green leaves"", ""catkins"", ""woody stem"", ""close-up view"", ""bright sunlight"", ""blurred background""]","[""leaf"", ""stem"", ""inflorescence"", ""fruit"", ""immature fruit""]",0.5714,0.8,0.6667,0.5
kirchoff/ac1519,Fagus grandifolia,ind-kirchoff/mason09,twig / orientation of petioles,twig,"[""fruit"", ""immature fruit"", ""fruit close-up"", ""fruit borne on plant"", ""leaf"", ""twig""]","{""fruit"": 0.9002, ""immature fruit"": 0.8727, ""fruit close-up"": 0.8169, ""fruit borne on plant"": 0.8028, ""leaf"": 0.6692, ""twig"": 0.6381}",True,False,"[""woody stem"", ""developing bud"", ""textured fruit"", ""green leaves"", ""close-up view"", ""branching stem""]","[""stem"", ""bud"", ""fruit"", ""leaf"", ""twig"", ""immature fruit"", ""fruit borne on plant""]",0.8333,0.7143,0.7692,0.625
kirchoff/b5060,Carpinus caroliniana,ind-kirchoff/b5060,bark / of a medium tree or large branch,bark,"[""bark"", ""trunk"", ""winter habit"", ""medium-tree or large-branch bark"", ""large-tree bark"", ""twig"", ""branch""]","{""bark"": 0.9864, ""trunk"": 0.9647, ""winter habit"": 0.9508, ""medium-tree or large-branch bark"": 0.9263, ""large-tree bark"": 0.909, ""twig"": 0.6924, ""branch"": 0.6918}",True,True,"[""tree trunks"", ""lichen covered bark"", ""leafless branches"", ""winter scene"", ""smooth bark"", ""vertical lines""]","[""trunk"", ""bark"", ""branch"", ""winter habit"", ""medium-tree or large-branch bark""]",0.7143,1.0,0.8333,0.7143
kirchoff/b5061,Carpinus caroliniana,ind-kirchoff/b5061,bark / of a medium tree or large branch,bark,"[""bark"", ""large-tree bark"", ""trunk"", ""medium-tree or large-branch bark"", ""twig""]","{""bark"": 0.9902, ""large-tree bark"": 0.9651, ""trunk"": 0.9647, ""medium-tree or large-branch bark"": 0.9454, ""twig"": 0.4832}",True,True,"[""tree trunk"", ""lichen covered bark"", ""small branch"", ""leafless twig"", ""vertical view""]","[""trunk"", ""bark"", ""branch"", ""twig"", ""winter habit"", ""large-tree bark""]",0.8,0.6667,0.7273,0.5714
kirchoff/b5062,Carpinus caroliniana,ind-kirchoff/b5062,bark / of a medium tree or large branch,bark,"[""trunk"", ""bark"", ""winter habit"", ""branch"", ""large-tree bark"", ""whole plant""]","{""trunk"": 0.9789, ""bark"": 0.957, ""winter habit"": 0.9491, ""branch"": 0.9008, ""large-tree bark"": 0.8916, ""whole plant"": 0.7429}",True,False,"[""leafless trees"", ""smooth bark"", ""angled trunk"", ""winter scene"", ""woodland"", ""bare branches"", ""ground litter""]","[""whole plant"", ""trunk"", ""bark"", ""branch"", ""twig"", ""winter habit"", ""view up trunk""]",0.8333,0.7143,0.7692,0.625
kirchoff/b5063,Carpinus caroliniana,ind-kirchoff/b5063,whole tree (or vine) / general,whole plant,"[""branch"", ""whole plant"", ""leaf"", ""twig""]","{""branch"": 0.9705, ""whole plant"": 0.9603, ""leaf"": 0.6371, ""twig"": 0.5142}",True,False,"[""full tree canopy"", ""green and yellow leaves"", ""branching pattern"", ""woody branches"", ""dense foliage"", ""tree crown""]","[""whole plant"", ""branch"", ""leaf"", ""twig""]",1.0,1.0,1.0,1.0
kirchoff/b5064,Carpinus caroliniana,ind-kirchoff/b5063,fruit / lateral or general close-up,fruit,"[""leaf"", ""leaf arrangement on twig"", ""twig"", ""fruit borne on plant""]","{""leaf"": 0.8757, ""leaf arrangement on twig"": 0.7863, ""twig"": 0.745, ""fruit borne on plant"": 0.5285}",False,False,"[""green leaves"", ""woody stem"", ""leaf arrangement"", ""close-up leaves"", ""angled view"", ""light green foliage""]","[""stem"", ""leaf"", ""leaf arrangement on twig""]",0.5,0.6667,0.5714,0.4
kirchoff/b5065,Carpinus caroliniana,ind-kirchoff/b5063,fruit / lateral or general close-up,fruit,"[""leaf"", ""twig"", ""fruit borne on plant"", ""leaf arrangement on twig""]","{""leaf"": 0.6974, ""twig"": 0.6551, ""fruit borne on plant"": 0.576, ""leaf arrangement on twig"": 0.5635}",False,False,"[""green leaves"", ""developing fruit"", ""star-shaped arrangement"", ""close-up view"", ""hand holding"", ""blurred background""]","[""leaf"", ""fruit"", ""immature fruit"", ""fruit borne on plant"", ""fruit close-up""]",0.5,0.4,0.4444,0.2857
kirchoff/b5066,Carpinus caroliniana,ind-kirchoff/b5063,bark / of a medium tree or large branch,bark,"[""bark"", ""trunk"", ""large-tree bark"", ""branch""]","{""bark"": 0.9899, ""trunk"": 0.9703, ""large-tree bark"": 0.8929, ""branch"": 0.76}",True,True,"[""tree trunks"", ""gray bark"", ""branching pattern"", ""close-up bark"", ""textured surface"", ""natural patterns""]","[""trunk"", ""bark"", ""branch"", ""large-tree bark"", ""medium-tree or large-branch bark""]",1.0,0.8,0.8889,0.8
kirchoff/b5067,Carpinus caroliniana,ind-kirchoff/b5063,leaf / showing orientation on twig,leaf,"[""leaf"", ""leaf arrangement on twig"", ""leaf upper surface"", ""twig"", ""stem""]","{""leaf"": 0.9543, ""leaf arrangement on twig"": 0.9053, ""leaf upper surface"": 0.83, ""twig"": 0.7473, ""stem"": 0.5427}",True,True,"[""green leaves"", ""woody stem"", ""leaf arrangement"", ""close-up leaves"", ""branching pattern"", ""natural light""]","[""leaf"", ""stem"", ""twig"", ""leaf arrangement on twig"", ""branch""]",0.8,0.8,0.8,0.6667
kirchoff/b5068,Carpinus caroliniana,ind-kirchoff/b5063,leaf / whole upper surface,leaf,"[""leaf"", ""leaf arrangement on twig"", ""stem"", ""twig""]","{""leaf"": 0.9273, ""leaf arrangement on twig"": 0.8, ""stem"": 0.6052, ""twig"": 0.6017}",True,True,"[""green leaves"", ""woody twig"", ""leaf veins"", ""leaf arrangement"", ""close-up leaves""]","[""leaf"", ""twig"", ""leaf arrangement on twig"", ""leaf upper surface""]",0.75,0.75,0.75,0.6
kirchoff/b5069,Carpinus caroliniana,ind-kirchoff/b5063,fruit / immature,fruit,"[""leaf"", ""leaf arrangement on twig"", ""immature fruit"", ""twig"", ""stem""]","{""leaf"": 0.8229, ""leaf arrangement on twig"": 0.7665, ""immature fruit"": 0.762, ""twig"": 0.7537, ""stem"": 0.6221}",False,False,"[""green immature fruit"", ""hanging fruit"", ""leafy branch"", ""close-up view"", ""pendulous fruit""]","[""fruit"", ""immature fruit"", ""fruit borne on plant"", ""twig"", ""leaf"", ""inflorescence""]",0.6,0.5,0.5455,0.375
kirchoff/b5070,Carpinus caroliniana,ind-kirchoff/b5063,bark / of a large tree,bark,"[""bark"", ""trunk"", ""large-tree bark""]","{""bark"": 0.9943, ""trunk"": 0.9875, ""large-tree bark"": 0.9674}",True,True,"[""tree trunk"", ""rough bark"", ""lichen covered"", ""vertical view"", ""close-up bark""]","[""trunk"", ""bark"", ""large-tree bark""]",1.0,1.0,1.0,1.0
kirchoff/b5071,Carpinus caroliniana,ind-kirchoff/b5063,fruit / as borne on the plant,fruit,"[""branch"", ""immature fruit"", ""inflorescence"", ""fruit"", ""fruit borne on plant"", ""leaf"", ""twig""]","{""branch"": 0.9479, ""immature fruit"": 0.836, ""inflorescence"": 0.8325, ""fruit"": 0.7627, ""fruit borne on plant"": 0.7426, ""leaf"": 0.6567, ""twig"": 0.6532}",True,False,"[""autumn foliage"", ""branching pattern"", ""changing leaves"", ""woody branch"", ""green and yellow leaves"", ""leaf arrangement""]","[""branch"", ""leaf"", ""leaf arrangement on twig""]",0.2857,0.6667,0.4,0.25
kirchoff/b5085,Cornus florida,ind-kirchoff/b5085,inflorescence / whole - unspecified,flower,"[""flower close-up"", ""flower"", ""inflorescence""]","{""flower close-up"": 0.8734, ""flower"": 0.8567, ""inflorescence"": 0.7378}",True,False,"[""white bracts"", ""green flower cluster"", ""close-up flower"", ""floral display""]","[""flower"", ""inflorescence"", ""flower close-up""]",1.0,1.0,1.0,1.0
kirchoff/b5086,Cornus florida,ind-kirchoff/b5085,inflorescence / whole - unspecified,flower,"[""flower close-up"", ""flower""]","{""flower close-up"": 0.7484, ""flower"": 0.7086}",True,False,"[""white bracts"", ""green flower cluster"", ""woody twigs"", ""close-up flower"", ""floral arrangement""]","[""flower"", ""inflorescence"", ""twig"", ""flower close-up"", ""frontal flower view""]",1.0,0.4,0.5714,0.4
kirchoff/b5087,Cornus florida,ind-kirchoff/b5087,fruit / as borne on the plant,fruit,"[""fruit borne on plant"", ""fruit"", ""fruit close-up"", ""leaf"", ""stem"", ""immature fruit""]","{""fruit borne on plant"": 0.9638, ""fruit"": 0.9533, ""fruit close-up"": 0.8766, ""leaf"": 0.8572, ""stem"": 0.8206, ""immature fruit"": 0.7707}",True,False,"[""red berries"", ""green leaves"", ""woody stems"", ""close-up view"", ""bright color"", ""natural light""]","[""leaf"", ""stem"", ""fruit"", ""fruit borne on plant"", ""fruit close-up""]",0.8333,1.0,0.9091,0.8333
kirchoff/b5088,Cornus florida,ind-kirchoff/b5087,fruit / as borne on the plant,fruit,"[""fruit"", ""fruit borne on plant"", ""fruit close-up"", ""leaf"", ""immature fruit"", ""stem""]","{""fruit"": 0.9663, ""fruit borne on plant"": 0.9629, ""fruit close-up"": 0.8546, ""leaf"": 0.8388, ""immature fruit"": 0.8092, ""stem"": 0.7384}",True,True,"[""red berries"", ""green leaves"", ""woody branch"", ""clustered fruit"", ""close-up view""]","[""branch"", ""leaf"", ""fruit"", ""fruit borne on plant"", ""fruit close-up""]",0.6667,0.8,0.7273,0.5714
kirchoff/b5089,Cornus florida,ind-kirchoff/b5087,fruit / as borne on the plant,fruit,"[""fruit borne on plant"", ""fruit"", ""leaf"", ""branch""]","{""fruit borne on plant"": 0.9099, ""fruit"": 0.9038, ""leaf"": 0.8199, ""branch"": 0.6857}",True,False,"[""red fruit"", ""green leaves"", ""branching pattern"", ""dense foliage"", ""small tree"", ""bright color""]","[""whole plant"", ""branch"", ""leaf"", ""fruit"", ""fruit borne on plant""]",1.0,0.8,0.8889,0.8
kirchoff/b5090,Cornus florida,ind-kirchoff/b5087,whole tree (or vine) / general,whole plant,"[""leaf"", ""fruit borne on plant"", ""branch""]","{""leaf"": 0.8663, ""fruit borne on plant"": 0.7783, ""branch"": 0.6919}",False,False,"[""red fruit"", ""green leaves"", ""dense foliage"", ""branching pattern"", ""whole shrub"", ""outdoor scene""]","[""whole plant"", ""branch"", ""leaf"", ""fruit"", ""fruit borne on plant""]",1.0,0.6,0.75,0.6
kirchoff/b5091,Cornus florida,ind-kirchoff/b5087,whole tree (or vine) / general,whole plant,"[""branch"", ""leaf"", ""fruit borne on plant"", ""fruit"", ""twig""]","{""branch"": 0.8509, ""leaf"": 0.8231, ""fruit borne on plant"": 0.8188, ""fruit"": 0.743, ""twig"": 0.6394}",False,False,"[""red fruit"", ""broad leaves"", ""branching pattern"", ""autumn foliage"", ""dense canopy"", ""small tree""]","[""whole plant"", ""branch"", ""leaf"", ""fruit"", ""fruit borne on plant""]",0.8,0.8,0.8,0.6667
kirchoff/b5092,Cornus florida,ind-kirchoff/b5087,fruit / as borne on the plant,fruit,"[""fruit"", ""fruit borne on plant"", ""fruit close-up"", ""stem""]","{""fruit"": 0.9673, ""fruit borne on plant"": 0.9549, ""fruit close-up"": 0.928, ""stem"": 0.6843}",True,True,"[""red berries"", ""woody branches"", ""clustered fruit"", ""blurred background"", ""close-up view"", ""dormant twigs""]","[""twig"", ""fruit"", ""fruit borne on plant"", ""fruit close-up"", ""immature fruit""]",0.75,0.6,0.6667,0.5
kirchoff/b5093,Cornus florida,ind-kirchoff/b5087,fruit / lateral or general close-up,fruit,"[""fruit"", ""fruit close-up"", ""fruit borne on plant"", ""stem""]","{""fruit"": 0.9765, ""fruit close-up"": 0.9722, ""fruit borne on plant"": 0.9615, ""stem"": 0.7984}",True,True,"[""red berries"", ""thorny branches"", ""close-up fruit"", ""winter branches""]","[""twig"", ""fruit"", ""fruit borne on plant"", ""fruit close-up"", ""immature fruit"", ""winter habit""]",0.75,0.5,0.6,0.4286
kirchoff/b5094,Cornus florida,ind-kirchoff/b5087,fruit / as borne on the plant,fruit,"[""fruit borne on plant"", ""fruit"", ""leaf"", ""immature fruit"", ""fruit close-up"", ""stem""]","{""fruit borne on plant"": 0.9776, ""fruit"": 0.9682, ""leaf"": 0.9001, ""immature fruit"": 0.851, ""fruit close-up"": 0.8307, ""stem"": 0.7253}",True,False,"[""red berries"", ""green and reddish leaves"", ""branch with fruit"", ""close-up of foliage""]","[""branch"", ""leaf"", ""fruit"", ""fruit borne on plant"", ""fruit close-up""]",0.6667,0.8,0.7273,0.5714
kirchoff/b5095,Cornus florida,ind-kirchoff/b5087,fruit / as borne on the plant,fruit,"[""fruit"", ""fruit borne on plant"", ""immature fruit"", ""fruit close-up"", ""leaf"", ""stem""]","{""fruit"": 0.9744, ""fruit borne on plant"": 0.9716, ""immature fruit"": 0.867, ""fruit close-up"": 0.8523, ""leaf"": 0.7963, ""stem"": 0.6351}",True,True,"[""red berries"", ""autumn leaves"", ""woody branches"", ""clustered fruit"", ""changing foliage"", ""ovate leaves""]","[""branch"", ""leaf"", ""fruit"", ""fruit borne on plant"", ""inflorescence""]",0.5,0.6,0.5455,0.375
kirchoff/b5132,Fagus grandifolia,ind-kirchoff/b5132,whole tree (or vine) / winter,whole plant,"[""branch"", ""winter habit"", ""twig""]","{""branch"": 0.8217, ""winter habit"": 0.8123, ""twig"": 0.7755}",False,False,"[""leafless branches"", ""woodland scene"", ""brown leaf litter"", ""multiple stems"", ""winter view"", ""tree trunks""]","[""twig"", ""stem"", ""branch"", ""trunk"", ""winter habit"", ""whole plant""]",1.0,0.5,0.6667,0.5
kirchoff/b5147,Sassafras albidum,ind-kirchoff/b5147,leaf / whole upper surface,leaf,"[""leaf"", ""leaf upper surface"", ""leaf arrangement on twig"", ""stem"", ""fruit borne on plant""]","{""leaf"": 0.9918, ""leaf upper surface"": 0.9016, ""leaf arrangement on twig"": 0.8247, ""stem"": 0.7063, ""fruit borne on plant"": 0.5916}",True,True,"[""green leaves"", ""leaf veins"", ""close-up leaf"", ""leaf texture"", ""broadleaf"", ""leaf damage""]","[""leaf"", ""leaf upper surface"", ""leaf margin"", ""leaf arrangement on twig""]",0.6,0.75,0.6667,0.5
kirchoff/b5148,Sassafras albidum,ind-kirchoff/b5147,leaf / showing orientation on twig,leaf,"[""leaf"", ""leaf upper surface"", ""leaf arrangement on twig"", ""stem"", ""fruit borne on plant""]","{""leaf"": 0.9876, ""leaf upper surface"": 0.8323, ""leaf arrangement on twig"": 0.8086, ""stem"": 0.6661, ""fruit borne on plant"": 0.5795}",True,True,"[""green leaves"", ""lobed leaves"", ""twig"", ""leaf arrangement"", ""leaf upper surface"", ""close-up view""]","[""leaf"", ""twig"", ""leaf arrangement on twig"", ""leaf upper surface""]",0.6,0.75,0.6667,0.5
kirchoff/b5149,Sassafras albidum,ind-kirchoff/b5149,leaf / showing orientation on twig,leaf,"[""leaf"", ""leaf arrangement on twig"", ""stem""]","{""leaf"": 0.9863, ""leaf arrangement on twig"": 0.8399, ""stem"": 0.7664}",True,True,"[""green leaves"", ""lobed leaves"", ""stem"", ""ground cover"", ""forest floor"", ""leaf arrangement"", ""broadleaf plant"", ""multiple stems""]","[""leaf"", ""stem"", ""leaf arrangement on twig""]",1.0,1.0,1.0,1.0
kirchoff/bkk2902,Quercus palustris,uncg/84,fruit / as borne on the plant,fruit,"[""fruit close-up"", ""fruit"", ""fruit borne on plant"", ""twig"", ""immature fruit""]","{""fruit close-up"": 0.9762, ""fruit"": 0.9507, ""fruit borne on plant"": 0.9453, ""twig"": 0.8979, ""immature fruit"": 0.765}",True,False,"[""acorns"", ""woody branch"", ""close-up"", ""hanging fruit"", ""textured surface"", ""natural pattern""]","[""twig"", ""fruit"", ""fruit borne on plant"", ""fruit close-up""]",0.8,1.0,0.8889,0.8
kirchoff/bkk2903,Quercus palustris,uncg/84,fruit / lateral or general close-up,fruit,"[""fruit close-up"", ""fruit"", ""fruit borne on plant"", ""twig"", ""immature fruit""]","{""fruit close-up"": 0.9744, ""fruit"": 0.9455, ""fruit borne on plant"": 0.9379, ""twig"": 0.8468, ""immature fruit"": 0.7994}",True,False,"[""acorns"", ""woody branch"", ""developing fruit"", ""close-up view"", ""textured surface""]","[""twig"", ""fruit"", ""immature fruit"", ""fruit borne on plant"", ""fruit close-up""]",1.0,1.0,1.0,1.0
kirchoff/bkk2904,Quercus palustris,uncg/84,fruit / lateral or general close-up,fruit,"[""fruit close-up"", ""fruit"", ""fruit borne on plant"", ""twig"", ""immature fruit""]","{""fruit close-up"": 0.975, ""fruit"": 0.9471, ""fruit borne on plant"": 0.9289, ""twig"": 0.797, ""immature fruit"": 0.7833}",True,False,"[""acorn"", ""woody branch"", ""developing fruit"", ""close-up"", ""brown and gray tones""]","[""twig"", ""fruit"", ""immature fruit"", ""fruit close-up""]",0.8,1.0,0.8889,0.8
kirchoff/bkk2905,Quercus palustris,uncg/84,fruit / lateral or general close-up,fruit,"[""fruit close-up"", ""fruit"", ""fruit borne on plant"", ""immature fruit""]","{""fruit close-up"": 0.9502, ""fruit"": 0.9203, ""fruit borne on plant"": 0.806, ""immature fruit"": 0.7284}",True,False,"[""acorn"", ""cap"", ""scale texture"", ""close-up"", ""brown and tan"", ""twig"", ""measuring scale""]","[""fruit"", ""fruit close-up"", ""twig"", ""fruit borne on plant""]",0.75,0.75,0.75,0.6
kirchoff/em1968,Quercus palustris,uncg/84,whole tree (or vine) / general,whole plant,"[""whole plant"", ""leaf"", ""branch"", ""trunk"", ""view up trunk""]","{""whole plant"": 0.9877, ""leaf"": 0.9475, ""branch"": 0.9443, ""trunk"": 0.9388, ""view up trunk"": 0.7625}",True,True,"[""full tree"", ""green foliage"", ""woody trunk"", ""branching pattern"", ""outdoor scene"", ""blue sky"", ""park setting"", ""leafy crown""]","[""whole plant"", ""trunk"", ""branch"", ""leaf"", ""view up trunk""]",1.0,1.0,1.0,1.0
kirchoff/em1969,Quercus palustris,uncg/84,bark / of a large tree,bark,"[""trunk"", ""large-tree bark"", ""bark""]","{""trunk"": 0.9873, ""large-tree bark"": 0.9834, ""bark"": 0.9772}",True,False,"[""tree trunk"", ""ridged bark"", ""vertical texture"", ""close-up bark"", ""natural patterns"", ""brown tones""]","[""trunk"", ""bark"", ""large-tree bark""]",1.0,1.0,1.0,1.0
kirchoff/em1971,Quercus palustris,uncg/84,twig / orientation of petioles,twig,"[""leaf"", ""leaf arrangement on twig"", ""twig"", ""bud"", ""branch""]","{""leaf"": 0.9408, ""leaf arrangement on twig"": 0.8693, ""twig"": 0.8367, ""bud"": 0.7955, ""branch"": 0.6219}",True,False,"[""green leaves"", ""woody stem"", ""developing buds"", ""leaf arrangement"", ""light background""]","[""leaf"", ""stem"", ""bud"", ""leaf arrangement on twig""]",0.6,0.75,0.6667,0.5
kirchoff/em1975,Quercus palustris,uncg/84,leaf / showing orientation on twig,leaf,"[""leaf"", ""leaf upper surface"", ""leaf arrangement on twig""]","{""leaf"": 0.9398, ""leaf upper surface"": 0.721, ""leaf arrangement on twig"": 0.6037}",True,True,"[""lobed leaves"", ""green foliage"", ""branch with leaves"", ""twig"", ""leaf arrangement"", ""sunlit leaves""]","[""leaf"", ""branch"", ""twig"", ""leaf arrangement on twig""]",0.6667,0.5,0.5714,0.4
kirchoff/em1993,Fagus grandifolia,ind-kirchoff/mason09,twig / orientation of petioles,twig,"[""leaf"", ""leaf upper surface""]","{""leaf"": 0.9022, ""leaf upper surface"": 0.7543}",False,False,"[""reddish buds"", ""green leaves"", ""woody stem"", ""close-up view"", ""leaf arrangement""]","[""stem"", ""bud"", ""leaf"", ""leaf arrangement on twig""]",0.5,0.25,0.3333,0.2
kirchoff/em1998,Fagus grandifolia,ind-kirchoff/mason09,twig / orientation of petioles,twig,"[""leaf"", ""leaf arrangement on twig"", ""twig"", ""stem""]","{""leaf"": 0.9532, ""leaf arrangement on twig"": 0.8603, ""twig"": 0.7125, ""stem"": 0.6238}",True,False,"[""brown twig"", ""green leaves"", ""pointed leaf tips"", ""budding twigs"", ""leaf veins"", ""smooth twig""]","[""twig"", ""leaf"", ""bud"", ""leaf arrangement on twig""]",0.75,0.75,0.75,0.6
kirchoff/em2001,Fagus grandifolia,ind-kirchoff/mason09,leaf / whole upper surface,leaf,"[""leaf upper surface"", ""leaf"", ""leaf margin""]","{""leaf upper surface"": 0.9883, ""leaf"": 0.9713, ""leaf margin"": 0.9661}",True,False,"[""single leaf"", ""green leaf"", ""leaf veins"", ""leaf texture"", ""ovate leaf"", ""dark background""]","[""leaf"", ""leaf upper surface""]",0.6667,1.0,0.8,0.6667
kirchoff/em2002,Fagus grandifolia,ind-kirchoff/mason09,leaf / margin of upper + lower surface,leaf,"[""leaf upper surface"", ""leaf"", ""leaf margin""]","{""leaf upper surface"": 0.9854, ""leaf"": 0.977, ""leaf margin"": 0.9656}",True,False,"[""broad leaves"", ""leaf veins"", ""green foliage"", ""close-up leaf"", ""leaf texture"", ""parallel veins""]","[""leaf"", ""leaf upper surface"", ""leaf margin""]",1.0,1.0,1.0,1.0
kirchoff/em2003,Fagus grandifolia,ind-kirchoff/mason09,leaf / whole upper surface,leaf,"[""leaf upper surface"", ""leaf"", ""leaf margin""]","{""leaf upper surface"": 0.9849, ""leaf"": 0.9746, ""leaf margin"": 0.9594}",True,False,"[""broad leaves"", ""leaf veins"", ""green leaf"", ""yellow leaf"", ""leaf upper surface"", ""dark background""]","[""leaf"", ""leaf upper surface""]",0.6667,1.0,0.8,0.6667
kirchoff/em2009,Quercus palustris,uncg/84,twig / orientation of petioles,twig,"[""twig"", ""winter twig"", ""bud"", ""stem"", ""leaf arrangement on twig"", ""branch""]","{""twig"": 0.9745, ""winter twig"": 0.9446, ""bud"": 0.9079, ""stem"": 0.7601, ""leaf arrangement on twig"": 0.6578, ""branch"": 0.5981}",True,True,"[""leafless twig"", ""reddish buds"", ""branching pattern"", ""dormant branch"", ""close-up view"", ""smooth bark""]","[""twig"", ""bud"", ""branch"", ""winter twig"", ""small-tree or branch bark""]",0.6667,0.8,0.7273,0.5714
kirchoff/em2010,Quercus palustris,uncg/84,leaf / whole upper surface,leaf,"[""leaf upper surface"", ""leaf"", ""leaf margin""]","{""leaf upper surface"": 0.9633, ""leaf"": 0.9598, ""leaf margin"": 0.9474}",True,False,"[""single leaf"", ""green leaf"", ""lobed leaf"", ""leaf veins"", ""dark background"", ""isolated leaf""]","[""leaf"", ""leaf upper surface"", ""leaf margin""]",1.0,1.0,1.0,1.0
kirchoff/em2014,Quercus palustris,uncg/84,leaf / margin of upper + lower surface,leaf,"[""leaf"", ""leaf upper surface"", ""leaf margin"", ""leaf arrangement on twig""]","{""leaf"": 0.9716, ""leaf upper surface"": 0.9591, ""leaf margin"": 0.9316, ""leaf arrangement on twig"": 0.5519}",True,True,"[""lobed leaves"", ""green leaves"", ""leaf veins"", ""leaf underside"", ""close-up leaf"", ""twig""]","[""leaf"", ""leaf upper surface"", ""leaf margin"", ""twig"", ""leaf arrangement on twig""]",1.0,0.8,0.8889,0.8
kirchoff/em2017,Quercus palustris,uncg/84,leaf / whole upper surface,leaf,"[""leaf"", ""leaf upper surface"", ""leaf margin""]","{""leaf"": 0.9715, ""leaf upper surface"": 0.9608, ""leaf margin"": 0.93}",True,True,"[""lobed leaves"", ""green leaves"", ""leaf veins"", ""leaf underside"", ""overlapping leaves"", ""dark background""]","[""leaf"", ""leaf upper surface"", ""leaf margin""]",1.0,1.0,1.0,1.0
kirchoff/em2018,Quercus palustris,uncg/84,leaf / margin of upper + lower surface,leaf,"[""leaf"", ""leaf upper surface"", ""leaf margin""]","{""leaf"": 0.9819, ""leaf upper surface"": 0.9795, ""leaf margin"": 0.9633}",True,True,"[""lobed leaves"", ""leaf veins"", ""green and gray leaves"", ""close-up leaf texture"", ""leaf upper surface"", ""dark background""]","[""leaf"", ""leaf upper surface"", ""leaf margin""]",1.0,1.0,1.0,1.0
kirchoff/em2020,Quercus palustris,uncg/84,leaf / whole upper surface,leaf,"[""leaf upper surface"", ""leaf"", ""leaf margin""]","{""leaf upper surface"": 0.9748, ""leaf"": 0.97, ""leaf margin"": 0.9457}",True,False,"[""lobed leaf"", ""green leaf"", ""leaf veins"", ""single leaf"", ""isolated leaf"", ""dark background""]","[""leaf"", ""leaf upper surface"", ""leaf margin""]",1.0,1.0,1.0,1.0
kirchoff/em2021,Quercus palustris,uncg/84,leaf / margin of upper + lower surface,leaf,"[""leaf upper surface"", ""leaf"", ""leaf margin"", ""petiole arrangement""]","{""leaf upper surface"": 0.981, ""leaf"": 0.9789, ""leaf margin"": 0.9502, ""petiole arrangement"": 0.8207}",True,False,"[""lobed leaves"", ""leaf veins"", ""green and gray leaves"", ""close-up leaf"", ""leaf texture"", ""dark background""]","[""leaf"", ""leaf upper surface"", ""leaf margin"", ""leaf arrangement on twig""]",0.75,0.75,0.75,0.6
kirchoff/em2061,Fagus grandifolia,ind-kirchoff/mason09,fruit / lateral or general close-up,fruit,"[""fruit close-up"", ""immature fruit"", ""fruit"", ""stem"", ""fruit borne on plant"", ""twig""]","{""fruit close-up"": 0.8692, ""immature fruit"": 0.8382, ""fruit"": 0.8037, ""stem"": 0.7917, ""fruit borne on plant"": 0.7914, ""twig"": 0.6613}",True,False,"[""yellow catkins"", ""woody stem"", ""bud scales"", ""close-up view"", ""dormant branch"", ""textured surface""]","[""stem"", ""twig"", ""bud"", ""inflorescence"", ""flower close-up"", ""winter twig""]",0.3333,0.3333,0.3333,0.2
kirchoff/em2062,Fagus grandifolia,ind-kirchoff/mason09,leaf / whole upper surface,leaf,"[""leaf upper surface"", ""leaf"", ""leaf margin""]","{""leaf upper surface"": 0.9768, ""leaf"": 0.9729, ""leaf margin"": 0.9568}",True,False,"[""single leaf"", ""green leaf"", ""leaf veins"", ""leaf texture"", ""broadleaf"", ""leaf imperfections""]","[""leaf"", ""leaf upper surface""]",0.6667,1.0,0.8,0.6667
kirchoff/em2063,Fagus grandifolia,ind-kirchoff/mason09,leaf / whole upper surface,leaf,"[""leaf upper surface"", ""leaf"", ""leaf margin""]","{""leaf upper surface"": 0.9855, ""leaf"": 0.9811, ""leaf margin"": 0.9693}",True,False,"[""single leaf"", ""green leaf"", ""leaf veins"", ""leaf spots"", ""broadleaf"", ""close-up leaf""]","[""leaf"", ""leaf upper surface"", ""leaf margin""]",1.0,1.0,1.0,1.0
kirchoff/em2067,Quercus palustris,uncg/84,fruit / lateral or general close-up,fruit,"[""fruit close-up"", ""twig"", ""fruit"", ""fruit borne on plant"", ""immature fruit"", ""stem""]","{""fruit close-up"": 0.9529, ""twig"": 0.9219, ""fruit"": 0.9078, ""fruit borne on plant"": 0.8888, ""immature fruit"": 0.6803, ""stem"": 0.5766}",True,False,"[""acorn"", ""twig"", ""fruit on branch"", ""close-up"", ""detailed texture"", ""dark background""]","[""twig"", ""fruit"", ""fruit borne on plant"", ""fruit close-up""]",0.6667,1.0,0.8,0.6667
kirchoff/em2069,Quercus palustris,uncg/84,leaf / whole upper surface,leaf,"[""leaf"", ""leaf upper surface"", ""leaf margin""]","{""leaf"": 0.9823, ""leaf upper surface"": 0.9772, ""leaf margin"": 0.9629}",True,True,"[""single leaf"", ""lobed leaf"", ""leaf veins"", ""green leaf"", ""leaf upper surface"", ""dark background""]","[""leaf"", ""leaf upper surface""]",0.6667,1.0,0.8,0.6667
kirchoff/em2070,Quercus palustris,uncg/84,leaf / whole upper surface,leaf,"[""leaf"", ""leaf upper surface"", ""leaf margin"", ""petiole arrangement""]","{""leaf"": 0.9811, ""leaf upper surface"": 0.9787, ""leaf margin"": 0.9662, ""petiole arrangement"": 0.8387}",True,True,"[""lobed leaf"", ""green leaf"", ""leaf veins"", ""single leaf"", ""dark background"", ""leaf texture""]","[""leaf"", ""leaf upper surface"", ""leaf margin""]",0.75,1.0,0.8571,0.75
kirchoff/em2071,Quercus palustris,uncg/84,leaf / whole upper surface,leaf,"[""leaf"", ""leaf upper surface"", ""leaf margin""]","{""leaf"": 0.9828, ""leaf upper surface"": 0.9783, ""leaf margin"": 0.9665}",True,True,"[""single leaf"", ""lobed leaf"", ""green leaf"", ""leaf veins"", ""isolated leaf"", ""dark background""]","[""leaf"", ""leaf upper surface"", ""leaf margin""]",1.0,1.0,1.0,1.0
kirchoff/em2072,Quercus palustris,uncg/84,leaf / whole upper surface,leaf,"[""leaf"", ""leaf upper surface"", ""leaf margin""]","{""leaf"": 0.9608, ""leaf upper surface"": 0.951, ""leaf margin"": 0.9338}",True,True,"[""lobed leaf"", ""green leaf"", ""leaf veins"", ""single leaf"", ""isolated leaf"", ""dark background""]","[""leaf"", ""leaf upper surface"", ""leaf margin""]",1.0,1.0,1.0,1.0
kirchoff/em2073,Quercus palustris,uncg/84,leaf / whole upper surface,leaf,"[""leaf"", ""leaf upper surface"", ""leaf margin""]","{""leaf"": 0.957, ""leaf upper surface"": 0.937, ""leaf margin"": 0.9191}",True,True,"[""lobed leaf"", ""green leaf"", ""leaf veins"", ""leaf margin"", ""isolated leaf"", ""dark background""]","[""leaf"", ""leaf upper surface"", ""leaf margin""]",1.0,1.0,1.0,1.0
kirchoff/em2076,Quercus palustris,uncg/84,leaf / margin of upper + lower surface,leaf,"[""leaf"", ""leaf upper surface"", ""leaf margin"", ""leaf arrangement on twig""]","{""leaf"": 0.9878, ""leaf upper surface"": 0.9769, ""leaf margin"": 0.9586, ""leaf arrangement on twig"": 0.6595}",True,True,"[""large green leaf"", ""leaf veins"", ""holes in leaf"", ""leaf texture"", ""close-up leaf""]","[""leaf"", ""leaf upper surface"", ""leaf margin""]",0.75,1.0,0.8571,0.75
kirchoff/em2092,Quercus alba,ind-kirchoff/mason03,bark / of a large tree,bark,"[""large-tree bark"", ""bark"", ""trunk""]","{""large-tree bark"": 0.9918, ""bark"": 0.9906, ""trunk"": 0.9869}",True,False,"[""tree trunk"", ""rough bark"", ""vertical ridges"", ""close-up bark"", ""textured surface"", ""natural patterns""]","[""trunk"", ""bark"", ""large-tree bark""]",1.0,1.0,1.0,1.0
kirchoff/em2093,Quercus alba,ind-kirchoff/mason03,bark / of a large tree,bark,"[""large-tree bark"", ""trunk"", ""bark""]","{""large-tree bark"": 0.9925, ""trunk"": 0.9915, ""bark"": 0.9903}",True,False,"[""tree trunk"", ""rough bark"", ""vertical texture"", ""close-up bark"", ""natural patterns"", ""outdoor scene""]","[""trunk"", ""bark"", ""large-tree bark""]",1.0,1.0,1.0,1.0
kirchoff/em2094,Quercus alba,ind-kirchoff/mason03,leaf / showing orientation on twig,leaf,"[""leaf"", ""leaf arrangement on twig"", ""leaf upper surface"", ""twig""]","{""leaf"": 0.9715, ""leaf arrangement on twig"": 0.9235, ""leaf upper surface"": 0.7622, ""twig"": 0.5984}",True,True,"[""lobed leaves"", ""green foliage"", ""branching twig"", ""leaf arrangement"", ""close-up leaves"", ""natural light""]","[""leaf"", ""twig"", ""branch"", ""leaf arrangement on twig"", ""leaf upper surface""]",1.0,0.8,0.8889,0.8
kirchoff/em2095,Quercus alba,ind-kirchoff/mason03,twig / orientation of petioles,twig,"[""bud"", ""leaf"", ""leaf arrangement on twig"", ""stem"", ""twig""]","{""bud"": 0.9197, ""leaf"": 0.9064, ""leaf arrangement on twig"": 0.7925, ""stem"": 0.7532, ""twig"": 0.744}",True,False,"[""green leaves"", ""woody stem"", ""developing buds"", ""close-up view"", ""branching stem"", ""leaf attachment""]","[""stem"", ""leaf"", ""bud"", ""twig"", ""leaf arrangement on twig"", ""petiole arrangement""]",1.0,0.8333,0.9091,0.8333
kirchoff/em2096,Quercus alba,ind-kirchoff/mason03,twig / orientation of petioles,twig,"[""bud"", ""twig"", ""stem"", ""leaf arrangement on twig"", ""leaf""]","{""bud"": 0.9301, ""twig"": 0.7551, ""stem"": 0.7469, ""leaf arrangement on twig"": 0.6813, ""leaf"": 0.6506}",True,False,"[""variegated leaves"", ""red buds"", ""smooth stem"", ""close-up view"", ""leaf attachment"", ""branching stem""]","[""leaf"", ""stem"", ""twig"", ""bud"", ""leaf arrangement on twig""]",1.0,1.0,1.0,1.0
kirchoff/em2097,Quercus alba,ind-kirchoff/mason03,twig / winter overall,twig,"[""winter twig"", ""bud"", ""leaf scar"", ""twig""]","{""winter twig"": 0.9614, ""bud"": 0.9347, ""leaf scar"": 0.8607, ""twig"": 0.8378}",True,False,"[""leafless twig"", ""developing buds"", ""reddish twig"", ""close-up view"", ""dormant branch""]","[""twig"", ""bud"", ""winter twig""]",0.75,1.0,0.8571,0.75
kirchoff/em2099,Quercus alba,ind-kirchoff/mason03,leaf / whole upper surface,leaf,"[""leaf upper surface"", ""leaf"", ""leaf margin""]","{""leaf upper surface"": 0.9723, ""leaf"": 0.9638, ""leaf margin"": 0.9215}",True,False,"[""lobed leaf"", ""green leaf"", ""leaf veins"", ""leaf margin"", ""single leaf"", ""dark background""]","[""leaf"", ""leaf upper surface"", ""leaf margin""]",1.0,1.0,1.0,1.0
kirchoff/em2100,Quercus alba,ind-kirchoff/mason03,leaf / whole upper surface,leaf,"[""leaf"", ""leaf upper surface"", ""leaf margin""]","{""leaf"": 0.9736, ""leaf upper surface"": 0.9686, ""leaf margin"": 0.9169}",True,True,"[""lobed green leaf"", ""leaf veins"", ""isolated leaf"", ""dark background""]","[""leaf"", ""leaf upper surface"", ""leaf margin""]",1.0,1.0,1.0,1.0
kirchoff/em2101,Quercus alba,ind-kirchoff/mason03,leaf / whole upper surface,leaf,"[""leaf upper surface"", ""leaf"", ""leaf margin""]","{""leaf upper surface"": 0.9743, ""leaf"": 0.9729, ""leaf margin"": 0.9336}",True,False,"[""lobed leaf"", ""green leaf"", ""leaf margin"", ""leaf veins"", ""isolated leaf"", ""dark background""]","[""leaf"", ""leaf upper surface"", ""leaf margin""]",1.0,1.0,1.0,1.0
kirchoff/em2102,Quercus alba,ind-kirchoff/mason03,leaf / margin of upper + lower surface,leaf,"[""leaf"", ""leaf upper surface"", ""leaf margin"", ""leaf arrangement on twig""]","{""leaf"": 0.9879, ""leaf upper surface"": 0.9773, ""leaf margin"": 0.9158, ""leaf arrangement on twig"": 0.6373}",True,True,"[""large green leaf"", ""visible veins"", ""leaf texture"", ""close-up view"", ""leaf upper surface"", ""leaf imperfections""]","[""leaf"", ""leaf upper surface""]",0.5,1.0,0.6667,0.5
kirchoff/em2105,Quercus alba,ind-kirchoff/mason03,unspecified / unspecified,,"[""leaf"", ""fruit"", ""fruit borne on plant"", ""fruit close-up"", ""immature fruit"", ""stem""]","{""leaf"": 0.8616, ""fruit"": 0.852, ""fruit borne on plant"": 0.812, ""fruit close-up"": 0.8017, ""immature fruit"": 0.6759, ""stem"": 0.6434}",,,"[""red bumpy fruit"", ""green leaves"", ""woody stem"", ""close-up view""]","[""fruit"", ""leaf"", ""stem"", ""fruit close-up"", ""fruit borne on plant"", ""immature fruit""]",1.0,1.0,1.0,1.0
kirchoff/em2106,Quercus alba,ind-kirchoff/mason02,bark / of a large tree,bark,"[""large-tree bark"", ""bark"", ""trunk""]","{""large-tree bark"": 0.9936, ""bark"": 0.9921, ""trunk"": 0.9892}",True,False,"[""rough bark"", ""tree trunk"", ""lichen covered"", ""vertical view"", ""textured surface"", ""gray and brown tones""]","[""trunk"", ""bark"", ""large-tree bark""]",1.0,1.0,1.0,1.0
kirchoff/em2107,Quercus alba,ind-kirchoff/mason02,bark / of a large tree,bark,"[""bark"", ""large-tree bark"", ""trunk""]","{""bark"": 0.9934, ""large-tree bark"": 0.9933, ""trunk"": 0.9888}",True,True,"[""tree bark"", ""ridged texture"", ""vertical view"", ""grayish bark"", ""lichen growth"", ""close-up bark""]","[""trunk"", ""bark"", ""large-tree bark""]",1.0,1.0,1.0,1.0
kirchoff/em2108,Quercus alba,ind-kirchoff/mason02,twig / unspecified,twig,"[""winter twig"", ""twig"", ""winter habit"", ""bud"", ""fruit"", ""fruit borne on plant"", ""branch""]","{""winter twig"": 0.9673, ""twig"": 0.9445, ""winter habit"": 0.8228, ""bud"": 0.7979, ""fruit"": 0.6416, ""fruit borne on plant"": 0.6092, ""branch"": 0.531}",True,False,"[""woody twig"", ""single fruit"", ""smooth fruit"", ""close-up view"", ""dormant branch""]","[""twig"", ""fruit"", ""fruit close-up"", ""winter twig"", ""fruit borne on plant""]",0.5714,0.8,0.6667,0.5
kirchoff/em2110,Quercus alba,ind-kirchoff/mason02,leaf / showing orientation on twig,leaf,"[""leaf"", ""leaf arrangement on twig""]","{""leaf"": 0.9003, ""leaf arrangement on twig"": 0.7765}",True,True,"[""lobed leaves"", ""reddish twigs"", ""leaf arrangement"", ""multiple leaves"", ""close-up view"", ""green and red hues""]","[""leaf"", ""twig"", ""leaf arrangement on twig"", ""leaf upper surface""]",1.0,0.5,0.6667,0.5
kirchoff/em2112,Quercus alba,ind-kirchoff/mason02,twig / orientation of petioles,twig,"[""bud"", ""twig"", ""stem"", ""leaf"", ""leaf arrangement on twig""]","{""bud"": 0.9041, ""twig"": 0.7418, ""stem"": 0.7384, ""leaf"": 0.7336, ""leaf arrangement on twig"": 0.7178}",True,False,"[""red buds"", ""woody stem"", ""leaf arrangement"", ""close-up view"", ""dark background"", ""smooth stem""]","[""stem"", ""twig"", ""bud"", ""leaf"", ""leaf arrangement on twig""]",1.0,1.0,1.0,1.0
kirchoff/em2114,Quercus alba,ind-kirchoff/mason02,leaf / whole upper surface,leaf,"[""leaf"", ""leaf upper surface"", ""leaf margin""]","{""leaf"": 0.9486, ""leaf upper surface"": 0.9079, ""leaf margin"": 0.7945}",True,True,"[""lobed leaf"", ""leaf veins"", ""isolated leaf"", ""green and purple leaf"", ""leaf upper surface"", ""dark background""]","[""leaf"", ""leaf upper surface""]",0.6667,1.0,0.8,0.6667
kirchoff/em2115,Quercus alba,ind-kirchoff/mason02,leaf / whole upper surface,leaf,"[""leaf"", ""leaf upper surface"", ""leaf margin""]","{""leaf"": 0.9725, ""leaf upper surface"": 0.9592, ""leaf margin"": 0.8956}",True,True,"[""lobed leaf"", ""green leaf"", ""leaf veins"", ""leaf spots"", ""isolated leaf"", ""dark background""]","[""leaf"", ""leaf upper surface"", ""leaf margin""]",1.0,1.0,1.0,1.0
kirchoff/em2116,Quercus alba,ind-kirchoff/mason02,leaf / whole upper surface,leaf,"[""leaf"", ""leaf upper surface"", ""leaf margin""]","{""leaf"": 0.9645, ""leaf upper surface"": 0.8921, ""leaf margin"": 0.7847}",True,True,"[""lobed leaf"", ""green leaf"", ""leaf spots"", ""isolated leaf"", ""leaf veins"", ""dark background""]","[""leaf"", ""leaf upper surface"", ""leaf margin""]",1.0,1.0,1.0,1.0
kirchoff/em2119,Quercus alba,ind-kirchoff/mason02,leaf / margin of upper + lower surface,leaf,"[""leaf"", ""leaf upper surface"", ""leaf margin""]","{""leaf"": 0.9826, ""leaf upper surface"": 0.9613, ""leaf margin"": 0.8856}",True,True,"[""lobed leaf"", ""green leaf"", ""leaf veins"", ""leaf underside"", ""close-up leaf"", ""dark background""]","[""leaf"", ""leaf upper surface"", ""leaf margin""]",1.0,1.0,1.0,1.0
kirchoff/em2143,Quercus bicolor,uncg/5,bark / of a large tree,bark,"[""bark"", ""large-tree bark"", ""trunk""]","{""bark"": 0.9906, ""large-tree bark"": 0.9818, ""trunk"": 0.976}",True,True,"[""rough bark"", ""tree trunk"", ""close-up bark"", ""vertical view"", ""textured surface"", ""lichen growth""]","[""trunk"", ""bark"", ""large-tree bark""]",1.0,1.0,1.0,1.0
kirchoff/em2144,Quercus bicolor,uncg/5,bark / of a large tree,bark,"[""bark"", ""large-tree bark"", ""trunk""]","{""bark"": 0.9946, ""large-tree bark"": 0.9888, ""trunk"": 0.9874}",True,True,"[""rough bark"", ""tree trunk"", ""textured surface"", ""close-up bark"", ""grayish bark"", ""vertical view""]","[""trunk"", ""bark"", ""large-tree bark""]",1.0,1.0,1.0,1.0
kirchoff/em2146,Quercus bicolor,uncg/5,leaf / showing orientation on twig,leaf,"[""leaf"", ""leaf upper surface"", ""leaf margin"", ""leaf arrangement on twig""]","{""leaf"": 0.9817, ""leaf upper surface"": 0.9106, ""leaf margin"": 0.8036, ""leaf arrangement on twig"": 0.7791}",True,True,"[""green leaves"", ""lobed leaves"", ""woody stem"", ""leaf arrangement"", ""close-up leaves"", ""natural light""]","[""leaf"", ""stem"", ""leaf arrangement on twig"", ""leaf upper surface""]",0.75,0.75,0.75,0.6
kirchoff/em2147,Quercus bicolor,uncg/5,leaf / showing orientation on twig,leaf,"[""leaf"", ""leaf upper surface"", ""leaf arrangement on twig""]","{""leaf"": 0.973, ""leaf upper surface"": 0.9241, ""leaf arrangement on twig"": 0.8222}",True,True,"[""lobed leaves"", ""green foliage"", ""woody stem"", ""leaf veins"", ""dark background"", ""close-up leaves""]","[""leaf"", ""stem"", ""leaf upper surface"", ""leaf arrangement on twig""]",1.0,0.75,0.8571,0.75
kirchoff/em2150,Quercus bicolor,uncg/5,twig / orientation of petioles,twig,"[""leaf"", ""leaf upper surface"", ""leaf arrangement on twig"", ""petiole arrangement"", ""bud"", ""stem"", ""twig""]","{""leaf"": 0.961, ""leaf upper surface"": 0.8664, ""leaf arrangement on twig"": 0.8641, ""petiole arrangement"": 0.8001, ""bud"": 0.7297, ""stem"": 0.6569, ""twig"": 0.5934}",True,False,"[""reddish-brown twig"", ""green leaves"", ""developing buds"", ""close-up view"", ""leaf veins"", ""branching pattern""]","[""twig"", ""leaf"", ""bud"", ""leaf arrangement on twig""]",0.5714,1.0,0.7273,0.5714
kirchoff/em2152,Quercus bicolor,uncg/5,leaf / whole upper surface,leaf,"[""leaf upper surface"", ""leaf"", ""leaf margin""]","{""leaf upper surface"": 0.9864, ""leaf"": 0.9817, ""leaf margin"": 0.972}",True,False,"[""single leaf"", ""green leaf"", ""leaf veins"", ""lobed leaf"", ""isolated leaf"", ""dark background""]","[""leaf"", ""leaf upper surface"", ""leaf margin""]",1.0,1.0,1.0,1.0
kirchoff/em2153,Quercus bicolor,uncg/5,leaf / whole upper surface,leaf,"[""leaf upper surface"", ""leaf margin"", ""leaf""]","{""leaf upper surface"": 0.9869, ""leaf margin"": 0.9786, ""leaf"": 0.9755}",True,False,"[""single leaf"", ""green leaf"", ""lobed leaf"", ""leaf veins"", ""dark background"", ""isolated leaf""]","[""leaf"", ""leaf upper surface"", ""leaf margin""]",1.0,1.0,1.0,1.0
kirchoff/em2154,Quercus bicolor,uncg/5,leaf / whole upper surface,leaf,"[""leaf upper surface"", ""leaf"", ""leaf margin""]","{""leaf upper surface"": 0.9829, ""leaf"": 0.9707, ""leaf margin"": 0.9654}",True,False,"[""single leaf"", ""lobed leaf"", ""green leaf"", ""leaf veins"", ""leaf upper surface"", ""dark background""]","[""leaf"", ""leaf upper surface""]",0.6667,1.0,0.8,0.6667
kirchoff/em2192,Fagus grandifolia,ind-kirchoff/mason09,bark / of a large tree,bark,"[""bark"", ""large-tree bark"", ""trunk""]","{""bark"": 0.9931, ""large-tree bark"": 0.9902, ""trunk"": 0.9897}",True,True,"[""smooth bark"", ""lichen covered bark"", ""tree trunk"", ""vertical view"", ""gray bark"", ""natural patterns""]","[""trunk"", ""bark"", ""large-tree bark""]",1.0,1.0,1.0,1.0
kirchoff/em2194,Fagus grandifolia,ind-kirchoff/mason09,leaf / whole upper surface,leaf,"[""leaf upper surface"", ""leaf margin"", ""leaf""]","{""leaf upper surface"": 0.9735, ""leaf margin"": 0.9659, ""leaf"": 0.9437}",True,False,"[""single leaf"", ""green leaf"", ""leaf veins"", ""leaf upper surface"", ""serrated edge"", ""dark background""]","[""leaf"", ""leaf upper surface"", ""leaf margin""]",1.0,1.0,1.0,1.0
kirchoff/em2195,Fagus grandifolia,ind-kirchoff/mason09,leaf / whole upper surface,leaf,"[""leaf upper surface"", ""leaf margin"", ""leaf""]","{""leaf upper surface"": 0.9839, ""leaf margin"": 0.9713, ""leaf"": 0.9709}",True,False,"[""single leaf"", ""green leaf"", ""leaf veins"", ""ovate leaf"", ""textured leaf"", ""isolated leaf""]","[""leaf"", ""leaf upper surface""]",0.6667,1.0,0.8,0.6667
kirchoff/em2196,Fagus grandifolia,ind-kirchoff/mason09,leaf / whole upper surface,leaf,"[""leaf upper surface"", ""leaf margin"", ""leaf""]","{""leaf upper surface"": 0.9818, ""leaf margin"": 0.9604, ""leaf"": 0.9587}",True,False,"[""single leaf"", ""green leaf"", ""leaf veins"", ""leaf texture"", ""leaf upper surface"", ""dark background""]","[""leaf"", ""leaf upper surface""]",0.6667,1.0,0.8,0.6667
kirchoff/em2198,Fagus grandifolia,ind-kirchoff/mason09,leaf / margin of upper + lower surface,leaf,"[""leaf upper surface"", ""leaf"", ""leaf margin""]","{""leaf upper surface"": 0.9885, ""leaf"": 0.9884, ""leaf margin"": 0.9687}",True,False,"[""broad leaves"", ""leaf veins"", ""serrated margin"", ""green foliage"", ""leaf upper surface"", ""overlapping leaves""]","[""leaf"", ""leaf upper surface"", ""leaf margin""]",1.0,1.0,1.0,1.0
kirchoff/em2200,Quercus palustris,uncg/84,bark / of a large tree,bark,"[""trunk"", ""bark"", ""large-tree bark""]","{""trunk"": 0.9858, ""bark"": 0.984, ""large-tree bark"": 0.9837}",True,False,"[""tree trunk"", ""rough bark"", ""vertical ridges"", ""textured surface"", ""close-up bark"", ""natural patterns""]","[""trunk"", ""bark"", ""large-tree bark""]",1.0,1.0,1.0,1.0
kirchoff/em2201,Quercus palustris,uncg/84,twig / winter overall,twig,"[""bud"", ""winter twig"", ""twig"", ""terminal bud"", ""leaf scar""]","{""bud"": 0.9863, ""winter twig"": 0.9799, ""twig"": 0.9663, ""terminal bud"": 0.9171, ""leaf scar"": 0.8682}",True,False,"[""leafless twig"", ""buds"", ""dormant branch"", ""close-up view"", ""brown twig"", ""green buds""]","[""twig"", ""bud"", ""winter twig"", ""terminal bud""]",0.8,1.0,0.8889,0.8
kirchoff/em2312,Quercus palustris,ind-kirchoff/mason18,whole tree (or vine) / general,whole plant,"[""whole plant"", ""trunk"", ""branch"", ""leaf"", ""view up trunk"", ""large-tree bark""]","{""whole plant"": 0.9862, ""trunk"": 0.9672, ""branch"": 0.9497, ""leaf"": 0.8674, ""view up trunk"": 0.8513, ""large-tree bark"": 0.7337}",True,True,"[""large tree"", ""broad leaves"", ""woody trunk"", ""full crown"", ""park setting"", ""green foliage""]","[""whole plant"", ""trunk"", ""leaf"", ""branch"", ""large-tree bark""]",0.8333,1.0,0.9091,0.8333
kirchoff/em2315,Quercus palustris,ind-kirchoff/mason18,bark / of a large tree,bark,"[""trunk"", ""large-tree bark"", ""bark""]","{""trunk"": 0.9935, ""large-tree bark"": 0.993, ""bark"": 0.9911}",True,False,"[""tree trunk"", ""rough bark"", ""vertical texture"", ""brown tones"", ""close-up bark"", ""wood grain""]","[""trunk"", ""bark"", ""large-tree bark""]",1.0,1.0,1.0,1.0
kirchoff/em2316,Quercus palustris,ind-kirchoff/mason18,leaf / showing orientation on twig,leaf,"[""leaf"", ""leaf arrangement on twig"", ""branch"", ""twig""]","{""leaf"": 0.8533, ""leaf arrangement on twig"": 0.6853, ""branch"": 0.669, ""twig"": 0.5901}",True,True,"[""lobed green leaves"", ""woody twigs"", ""developing acorns"", ""branching pattern"", ""bright light""]","[""leaf"", ""twig"", ""fruit"", ""immature fruit"", ""fruit borne on plant"", ""branch"", ""leaf arrangement on twig""]",1.0,0.5714,0.7273,0.5714
kirchoff/em2319,Quercus palustris,ind-kirchoff/mason18,twig / orientation of petioles,twig,"[""twig"", ""leaf"", ""bud"", ""immature fruit"", ""leaf arrangement on twig""]","{""twig"": 0.8453, ""leaf"": 0.8337, ""bud"": 0.7886, ""immature fruit"": 0.7347, ""leaf arrangement on twig"": 0.7337}",True,True,"[""green leaves"", ""woody branch"", ""developing buds"", ""dark background"", ""close-up view"", ""leaf veins""]","[""branch"", ""leaf"", ""bud"", ""twig"", ""leaf arrangement on twig""]",0.8,0.8,0.8,0.6667
kirchoff/em2321,Quercus palustris,ind-kirchoff/mason18,twig / orientation of petioles,twig,"[""leaf"", ""bud"", ""twig"", ""leaf arrangement on twig"", ""branch""]","{""leaf"": 0.884, ""bud"": 0.8417, ""twig"": 0.8386, ""leaf arrangement on twig"": 0.8014, ""branch"": 0.5931}",True,False,"[""woody twig"", ""developing buds"", ""lobed leaves"", ""green foliage"", ""close-up view"", ""branching pattern""]","[""twig"", ""bud"", ""leaf"", ""leaf arrangement on twig"", ""stem""]",0.8,0.8,0.8,0.6667
kirchoff/em2323,Quercus palustris,ind-kirchoff/mason18,fruit / as borne on the plant,fruit,"[""immature fruit"", ""fruit"", ""fruit borne on plant"", ""fruit close-up"", ""twig""]","{""immature fruit"": 0.8707, ""fruit"": 0.8688, ""fruit borne on plant"": 0.8565, ""fruit close-up"": 0.7857, ""twig"": 0.7775}",True,False,"[""acorns"", ""woody stem"", ""lobed leaves"", ""close-up view"", ""natural light""]","[""twig"", ""fruit"", ""fruit borne on plant"", ""fruit close-up"", ""stem"", ""leaf""]",0.8,0.6667,0.7273,0.5714
kirchoff/em2324,Quercus palustris,ind-kirchoff/mason18,fruit / lateral or general close-up,fruit,"[""fruit"", ""fruit borne on plant"", ""immature fruit"", ""twig"", ""fruit close-up""]","{""fruit"": 0.8738, ""fruit borne on plant"": 0.8629, ""immature fruit"": 0.8572, ""twig"": 0.8259, ""fruit close-up"": 0.8185}",True,True,"[""developing acorn"", ""woody branch"", ""lobed leaves"", ""budding twig""]","[""twig"", ""fruit"", ""immature fruit"", ""leaf"", ""bud"", ""fruit borne on plant""]",0.8,0.6667,0.7273,0.5714
kirchoff/em2325,Quercus palustris,ind-kirchoff/mason18,fruit / lateral or general close-up,fruit,"[""fruit close-up"", ""fruit"", ""twig"", ""fruit borne on plant"", ""immature fruit""]","{""fruit close-up"": 0.9261, ""fruit"": 0.8662, ""twig"": 0.857, ""fruit borne on plant"": 0.8521, ""immature fruit"": 0.7321}",True,False,"[""acorns"", ""woody stem"", ""close-up"", ""fruit"", ""nut-bearing""]","[""stem"", ""fruit"", ""fruit borne on plant"", ""fruit close-up""]",0.6,0.75,0.6667,0.5
kirchoff/em2328,Quercus palustris,ind-kirchoff/mason18,leaf / whole upper surface,leaf,"[""leaf"", ""leaf upper surface"", ""leaf margin"", ""petiole arrangement""]","{""leaf"": 0.9563, ""leaf upper surface"": 0.9331, ""leaf margin"": 0.8977, ""petiole arrangement"": 0.8205}",True,True,"[""lobed leaf"", ""green leaf"", ""leaf veins"", ""single leaf"", ""dark background"", ""isolated leaf""]","[""leaf"", ""leaf upper surface"", ""leaf margin""]",0.75,1.0,0.8571,0.75
kirchoff/em2329,Quercus palustris,ind-kirchoff/mason18,leaf / whole upper surface,leaf,"[""leaf"", ""leaf upper surface"", ""leaf margin"", ""petiole arrangement""]","{""leaf"": 0.9395, ""leaf upper surface"": 0.9333, ""leaf margin"": 0.8938, ""petiole arrangement"": 0.8693}",True,True,"[""lobed leaf"", ""green leaf"", ""leaf veins"", ""leaf margin"", ""single leaf"", ""dark background""]","[""leaf"", ""leaf upper surface"", ""leaf margin""]",0.75,1.0,0.8571,0.75
kirchoff/em2330,Quercus palustris,ind-kirchoff/mason18,leaf / whole upper surface,leaf,"[""leaf"", ""leaf upper surface"", ""leaf margin"", ""petiole arrangement""]","{""leaf"": 0.9548, ""leaf upper surface"": 0.9379, ""leaf margin"": 0.9041, ""petiole arrangement"": 0.8351}",True,True,"[""lobed leaf"", ""green leaf"", ""leaf veins"", ""isolated leaf"", ""dark background"", ""leaf margin""]","[""leaf"", ""leaf upper surface"", ""leaf margin""]",0.75,1.0,0.8571,0.75
kirchoff/em2334,Quercus palustris,ind-kirchoff/mason18,leaf / margin of upper + lower surface,leaf,"[""leaf"", ""leaf upper surface"", ""leaf margin"", ""petiole arrangement"", ""leaf arrangement on twig""]","{""leaf"": 0.9631, ""leaf upper surface"": 0.9537, ""leaf margin"": 0.9034, ""petiole arrangement"": 0.7931, ""leaf arrangement on twig"": 0.6747}",True,True,"[""large green leaf"", ""leaf veins"", ""leaf underside"", ""close-up leaf"", ""lobed leaf"", ""bright green""]","[""leaf"", ""leaf upper surface"", ""leaf margin"", ""leaf arrangement on twig""]",0.8,1.0,0.8889,0.8
kirchoff/em2335,Quercus palustris,ind-kirchoff/mason18,leaf / margin of upper + lower surface,leaf,"[""leaf"", ""leaf upper surface"", ""leaf margin"", ""leaf arrangement on twig""]","{""leaf"": 0.9746, ""leaf upper surface"": 0.9611, ""leaf margin"": 0.925, ""leaf arrangement on twig"": 0.6185}",True,True,"[""large leaves"", ""deep green"", ""prominent veins"", ""leaf texture"", ""close-up view"", ""lobed leaves""]","[""leaf"", ""leaf upper surface"", ""leaf margin""]",0.75,1.0,0.8571,0.75
kirchoff/em2338,Quercus palustris,ind-kirchoff/mason19,whole tree (or vine) / general,whole plant,"[""whole plant"", ""trunk"", ""branch"", ""leaf"", ""view up trunk""]","{""whole plant"": 0.9893, ""trunk"": 0.9572, ""branch"": 0.9414, ""leaf"": 0.9058, ""view up trunk"": 0.8782}",True,True,"[""large tree"", ""dense crown"", ""broad leaves"", ""woody trunk"", ""green foliage"", ""outdoor scene"", ""sunny day"", ""park setting""]","[""whole plant"", ""trunk"", ""leaf"", ""large-tree bark""]",0.6,0.75,0.6667,0.5
kirchoff/em2339,Quercus palustris,ind-kirchoff/mason19,bark / of a large tree,bark,"[""trunk"", ""large-tree bark"", ""bark""]","{""trunk"": 0.9946, ""large-tree bark"": 0.9939, ""bark"": 0.9892}",True,False,"[""tree trunk"", ""rough bark"", ""vertical ridges"", ""grayish brown"", ""close-up bark"", ""textured surface""]","[""trunk"", ""bark"", ""large-tree bark""]",1.0,1.0,1.0,1.0
kirchoff/em2341,Quercus palustris,ind-kirchoff/mason19,leaf / showing orientation on twig,leaf,"[""leaf"", ""leaf arrangement on twig"", ""twig"", ""branch""]","{""leaf"": 0.9371, ""leaf arrangement on twig"": 0.7764, ""twig"": 0.7191, ""branch"": 0.6394}",True,True,"[""lobed leaves"", ""green and pale leaves"", ""woody branch"", ""developing buds"", ""dark background""]","[""leaf"", ""branch"", ""bud"", ""immature fruit"", ""fruit borne on plant""]",0.5,0.4,0.4444,0.2857
kirchoff/em2342,Quercus palustris,ind-kirchoff/mason19,leaf / showing orientation on twig,leaf,"[""leaf"", ""leaf arrangement on twig"", ""twig"", ""branch""]","{""leaf"": 0.9476, ""leaf arrangement on twig"": 0.7292, ""twig"": 0.5806, ""branch"": 0.5667}",True,True,"[""lobed leaves"", ""green foliage"", ""woody branch"", ""developing fruit"", ""dark background""]","[""leaf"", ""branch"", ""fruit"", ""immature fruit""]",0.5,0.5,0.5,0.3333
kirchoff/em2343,Quercus palustris,ind-kirchoff/mason19,leaf / showing orientation on twig,leaf,"[""leaf"", ""leaf upper surface"", ""leaf arrangement on twig""]","{""leaf"": 0.9382, ""leaf upper surface"": 0.7837, ""leaf arrangement on twig"": 0.708}",True,True,"[""lobed leaves"", ""green foliage"", ""twig with leaves"", ""leaf arrangement"", ""dark background"", ""close-up leaves""]","[""leaf"", ""twig"", ""leaf arrangement on twig"", ""leaf upper surface""]",1.0,0.75,0.8571,0.75
kirchoff/em2344,Quercus palustris,ind-kirchoff/mason19,twig / orientation of petioles,twig,"[""bud"", ""twig"", ""leaf"", ""leaf arrangement on twig""]","{""bud"": 0.9195, ""twig"": 0.8563, ""leaf"": 0.8365, ""leaf arrangement on twig"": 0.7704}",True,False,"[""woody twig"", ""developing buds"", ""green leaves"", ""elongated petioles"", ""close-up view""]","[""twig"", ""bud"", ""leaf"", ""petiole arrangement"", ""immature fruit"", ""fruit borne on plant""]",0.75,0.5,0.6,0.4286
kirchoff/em2347,Quercus palustris,ind-kirchoff/mason19,fruit / as borne on the plant,fruit,"[""twig"", ""fruit"", ""fruit close-up"", ""fruit borne on plant"", ""winter twig"", ""immature fruit"", ""bud""]","{""twig"": 0.9597, ""fruit"": 0.9201, ""fruit close-up"": 0.8826, ""fruit borne on plant"": 0.8623, ""winter twig"": 0.7976, ""immature fruit"": 0.7444, ""bud"": 0.7203}",True,False,"[""developing acorns"", ""woody branch"", ""close-up view"", ""dormant branch"", ""acorn caps""]","[""twig"", ""fruit"", ""immature fruit"", ""fruit borne on plant"", ""fruit close-up""]",0.7143,1.0,0.8333,0.7143
kirchoff/em2348,Quercus palustris,ind-kirchoff/mason19,fruit / lateral or general close-up,fruit,"[""fruit close-up"", ""fruit"", ""twig"", ""fruit borne on plant"", ""immature fruit"", ""bud""]","{""fruit close-up"": 0.9438, ""fruit"": 0.9328, ""twig"": 0.8874, ""fruit borne on plant"": 0.8606, ""immature fruit"": 0.7496, ""bud"": 0.7081}",True,False,"[""developing acorns"", ""woody branch"", ""acorn caps"", ""dark background"", ""close-up view""]","[""twig"", ""fruit"", ""immature fruit"", ""fruit borne on plant"", ""fruit close-up""]",0.8333,1.0,0.9091,0.8333
kirchoff/em2349,Quercus palustris,ind-kirchoff/mason19,fruit / as borne on the plant,fruit,"[""twig"", ""fruit"", ""fruit close-up"", ""fruit borne on plant"", ""immature fruit"", ""bud"", ""stem""]","{""twig"": 0.8631, ""fruit"": 0.8616, ""fruit close-up"": 0.7794, ""fruit borne on plant"": 0.7459, ""immature fruit"": 0.7098, ""bud"": 0.6806, ""stem"": 0.6616}",True,False,"[""acorn"", ""woody twig"", ""developing fruit"", ""close-up"", ""dark background""]","[""twig"", ""fruit"", ""immature fruit"", ""fruit borne on plant"", ""fruit close-up""]",0.7143,1.0,0.8333,0.7143
kirchoff/em2350,Quercus palustris,ind-kirchoff/mason19,fruit / lateral or general close-up,fruit,"[""fruit"", ""fruit close-up"", ""fruit borne on plant"", ""immature fruit""]","{""fruit"": 0.8904, ""fruit close-up"": 0.8841, ""fruit borne on plant"": 0.8763, ""immature fruit"": 0.7177}",True,True,"[""acorn"", ""cap"", ""nut"", ""close-up"", ""isolated"", ""brown"", ""smooth"", ""round""]","[""fruit"", ""fruit close-up"", ""fruit borne on plant""]",0.75,1.0,0.8571,0.75
kirchoff/em2352,Quercus palustris,ind-kirchoff/mason19,leaf / whole upper surface,leaf,"[""leaf"", ""leaf upper surface"", ""leaf margin""]","{""leaf"": 0.9347, ""leaf upper surface"": 0.9198, ""leaf margin"": 0.9051}",True,True,"[""single leaf"", ""lobed leaf"", ""autumn color"", ""yellow leaf"", ""leaf veins"", ""isolated leaf"", ""dark background"", ""close-up leaf""]","[""leaf"", ""leaf upper surface"", ""leaf margin""]",1.0,1.0,1.0,1.0
kirchoff/em2353,Quercus palustris,ind-kirchoff/mason19,leaf / whole upper surface,leaf,"[""leaf"", ""leaf upper surface"", ""leaf margin""]","{""leaf"": 0.9664, ""leaf upper surface"": 0.9657, ""leaf margin"": 0.9548}",True,True,"[""lobed leaf"", ""green leaf"", ""leaf veins"", ""leaf petiole"", ""dark background"", ""single leaf""]","[""leaf"", ""leaf upper surface"", ""leaf margin"", ""petiole arrangement""]",1.0,0.75,0.8571,0.75
kirchoff/em2354,Quercus palustris,ind-kirchoff/mason19,leaf / whole upper surface,leaf,"[""leaf"", ""leaf upper surface"", ""leaf margin"", ""petiole arrangement""]","{""leaf"": 0.9642, ""leaf upper surface"": 0.9572, ""leaf margin"": 0.9326, ""petiole arrangement"": 0.8093}",True,True,"[""single leaf"", ""lobed leaf"", ""green leaf"", ""leaf veins"", ""isolated leaf"", ""dark background""]","[""leaf"", ""leaf upper surface"", ""leaf margin""]",0.75,1.0,0.8571,0.75
kirchoff/em2355,Quercus palustris,ind-kirchoff/mason19,leaf / whole upper surface,leaf,"[""leaf"", ""leaf upper surface"", ""leaf margin""]","{""leaf"": 0.9537, ""leaf upper surface"": 0.9384, ""leaf margin"": 0.927}",True,True,"[""lobed leaf"", ""green leaf"", ""leaf vein"", ""leaf petiole"", ""isolated leaf"", ""dark background""]","[""leaf"", ""leaf upper surface"", ""petiole arrangement""]",0.6667,0.6667,0.6667,0.5
kirchoff/em2356,Quercus palustris,ind-kirchoff/mason19,leaf / margin of upper + lower surface,leaf,"[""leaf"", ""leaf upper surface"", ""leaf margin"", ""leaf arrangement on twig""]","{""leaf"": 0.9835, ""leaf upper surface"": 0.9776, ""leaf margin"": 0.965, ""leaf arrangement on twig"": 0.6279}",True,True,"[""green leaves"", ""leaf veins"", ""leaf texture"", ""close-up view"", ""leaf underside"", ""lobed leaves""]","[""leaf"", ""leaf upper surface"", ""leaf margin""]",0.75,1.0,0.8571,0.75
kirchoff/em2358,Quercus palustris,ind-kirchoff/mason19,leaf / margin of upper + lower surface,leaf,"[""leaf"", ""leaf upper surface"", ""leaf margin"", ""petiole arrangement"", ""leaf arrangement on twig""]","{""leaf"": 0.9804, ""leaf upper surface"": 0.9734, ""leaf margin"": 0.9513, ""petiole arrangement"": 0.8491, ""leaf arrangement on twig"": 0.6218}",True,True,"[""lobed leaves"", ""green leaf"", ""leaf veins"", ""leaf texture"", ""close-up leaf"", ""dark background""]","[""leaf"", ""leaf upper surface"", ""leaf margin"", ""leaf arrangement on twig""]",0.8,1.0,0.8889,0.8
kirchoff/em2392,Quercus rubra,ind-kirchoff/mason17,whole tree (or vine) / general,whole plant,"[""whole plant"", ""trunk"", ""leaf"", ""view up trunk"", ""branch""]","{""whole plant"": 0.9775, ""trunk"": 0.9513, ""leaf"": 0.8963, ""view up trunk"": 0.89, ""branch"": 0.8456}",True,True,"[""large tree"", ""dense foliage"", ""broad leaves"", ""woody trunk"", ""branching pattern"", ""urban setting""]","[""whole plant"", ""trunk"", ""branch"", ""leaf""]",0.8,1.0,0.8889,0.8
kirchoff/em2393,Quercus rubra,ind-kirchoff/mason17,bark / of a large tree,bark,"[""trunk"", ""bark"", ""large-tree bark""]","{""trunk"": 0.9961, ""bark"": 0.9953, ""large-tree bark"": 0.995}",True,False,"[""tree trunk"", ""textured bark"", ""vertical view"", ""close-up bark"", ""light and shadow"", ""rough surface""]","[""trunk"", ""bark"", ""large-tree bark""]",1.0,1.0,1.0,1.0
kirchoff/em2394,Quercus rubra,ind-kirchoff/mason17,bark / of a large tree,bark,"[""bark"", ""trunk"", ""large-tree bark""]","{""bark"": 0.9862, ""trunk"": 0.9846, ""large-tree bark"": 0.9842}",True,True,"[""tree trunk"", ""rough bark"", ""vertical ridges"", ""close-up bark"", ""textured surface"", ""natural patterns""]","[""trunk"", ""bark"", ""large-tree bark""]",1.0,1.0,1.0,1.0
kirchoff/em2396,Quercus rubra,ind-kirchoff/mason17,leaf / showing orientation on twig,leaf,"[""leaf"", ""leaf arrangement on twig"", ""branch""]","{""leaf"": 0.9627, ""leaf arrangement on twig"": 0.834, ""branch"": 0.6932}",True,True,"[""lobed leaves"", ""green foliage"", ""twiggy branches"", ""dense canopy"", ""leaf arrangement"", ""dark background""]","[""leaf"", ""twig"", ""branch"", ""leaf arrangement on twig""]",1.0,0.75,0.8571,0.75
kirchoff/em2397,Quercus rubra,ind-kirchoff/mason17,twig / orientation of petioles,twig,"[""bud"", ""twig"", ""leaf"", ""leaf arrangement on twig"", ""stem""]","{""bud"": 0.9353, ""twig"": 0.8979, ""leaf"": 0.8234, ""leaf arrangement on twig"": 0.7957, ""stem"": 0.5762}",True,False,"[""woody twig"", ""reddish buds"", ""green leaves"", ""close-up view"", ""bud arrangement"", ""leaf veins""]","[""twig"", ""bud"", ""leaf"", ""leaf arrangement on twig""]",0.8,1.0,0.8889,0.8
kirchoff/em2399,Quercus rubra,ind-kirchoff/mason17,twig / orientation of petioles,twig,"[""twig"", ""bud"", ""stem"", ""branch""]","{""twig"": 0.9062, ""bud"": 0.8076, ""stem"": 0.6853, ""branch"": 0.629}",True,True,"[""woody twig"", ""buds"", ""leaf petiole"", ""close-up"", ""dormant branch"", ""green leaves""]","[""twig"", ""bud"", ""leaf"", ""petiole arrangement"", ""winter twig""]",0.5,0.4,0.4444,0.2857
kirchoff/em2401,Quercus rubra,ind-kirchoff/mason17,twig / orientation of petioles,twig,"[""bud"", ""leaf"", ""twig"", ""leaf arrangement on twig"", ""branch""]","{""bud"": 0.9141, ""leaf"": 0.8847, ""twig"": 0.8592, ""leaf arrangement on twig"": 0.8376, ""branch"": 0.5347}",True,False,"[""green leaves"", ""woody twig"", ""buds"", ""close-up"", ""leaf veins"", ""branching veins""]","[""twig"", ""leaf"", ""bud"", ""leaf arrangement on twig""]",0.8,1.0,0.8889,0.8
kirchoff/em2402,Quercus rubra,ind-kirchoff/mason17,twig / orientation of petioles,twig,"[""leaf"", ""petiole arrangement"", ""immature fruit"", ""twig"", ""bud"", ""fruit borne on plant"", ""leaf arrangement on twig"", ""fruit"", ""stem""]","{""leaf"": 0.8872, ""petiole arrangement"": 0.7907, ""immature fruit"": 0.7868, ""twig"": 0.7799, ""bud"": 0.7299, ""fruit borne on plant"": 0.6959, ""leaf arrangement on twig"": 0.6448, ""fruit"": 0.6396, ""stem"": 0.5932}",True,False,"[""woody twig"", ""developing buds"", ""green leaves"", ""close-up view"", ""branching pattern"", ""bud cluster""]","[""twig"", ""bud"", ""leaf"", ""leaf arrangement on twig""]",0.4444,1.0,0.6154,0.4444
kirchoff/em2403,Quercus rubra,ind-kirchoff/mason17,leaf / whole upper surface,leaf,"[""leaf"", ""leaf upper surface"", ""leaf margin""]","{""leaf"": 0.9593, ""leaf upper surface"": 0.9466, ""leaf margin"": 0.9226}",True,True,"[""lobed leaf"", ""green leaf"", ""leaf veins"", ""single leaf"", ""dark background"", ""leaf margin""]","[""leaf"", ""leaf upper surface"", ""leaf margin""]",1.0,1.0,1.0,1.0
kirchoff/em2404,Quercus rubra,ind-kirchoff/mason17,leaf / whole upper surface,leaf,"[""leaf"", ""leaf upper surface"", ""leaf margin""]","{""leaf"": 0.9594, ""leaf upper surface"": 0.9415, ""leaf margin"": 0.9136}",True,True,"[""lobed leaf"", ""green leaf"", ""leaf veins"", ""single leaf"", ""dark background"", ""leaf margin"", ""leaf upper surface""]","[""leaf"", ""leaf upper surface"", ""leaf margin""]",1.0,1.0,1.0,1.0
kirchoff/em2405,Quercus rubra,ind-kirchoff/mason17,leaf / whole upper surface,leaf,"[""leaf upper surface"", ""leaf"", ""leaf margin""]","{""leaf upper surface"": 0.9623, ""leaf"": 0.96, ""leaf margin"": 0.9341}",True,False,"[""lobed leaf"", ""dark green leaf"", ""leaf veins"", ""single leaf"", ""isolated leaf"", ""leaf margin"", ""leaf upper surface""]","[""leaf"", ""leaf upper surface"", ""leaf margin""]",1.0,1.0,1.0,1.0
kirchoff/em2406,Quercus rubra,ind-kirchoff/mason17,leaf / whole upper surface,leaf,"[""leaf upper surface"", ""leaf"", ""leaf margin"", ""petiole arrangement""]","{""leaf upper surface"": 0.9685, ""leaf"": 0.9668, ""leaf margin"": 0.9364, ""petiole arrangement"": 0.81}",True,False,"[""single leaf"", ""lobed leaf"", ""green leaf"", ""leaf veins"", ""dark background"", ""isolated leaf""]","[""leaf"", ""leaf upper surface"", ""leaf margin""]",0.75,1.0,0.8571,0.75
kirchoff/em2407,Quercus rubra,ind-kirchoff/mason17,leaf / whole upper surface,leaf,"[""leaf"", ""leaf upper surface"", ""leaf margin"", ""petiole arrangement""]","{""leaf"": 0.9706, ""leaf upper surface"": 0.9681, ""leaf margin"": 0.9433, ""petiole arrangement"": 0.8053}",True,True,"[""lobed leaf"", ""green leaf"", ""leaf veins"", ""isolated leaf"", ""dark background"", ""leaf margin""]","[""leaf"", ""leaf upper surface"", ""leaf margin""]",0.75,1.0,0.8571,0.75
kirchoff/em2408,Quercus rubra,ind-kirchoff/mason17,leaf / margin of upper + lower surface,leaf,"[""leaf"", ""leaf upper surface"", ""leaf margin""]","{""leaf"": 0.9844, ""leaf upper surface"": 0.9755, ""leaf margin"": 0.9603}",True,True,"[""lobed leaves"", ""green leaves"", ""leaf veins"", ""close-up view"", ""textured surface"", ""natural light""]","[""leaf"", ""leaf upper surface"", ""leaf margin""]",1.0,1.0,1.0,1.0
kirchoff/em2409,Quercus rubra,ind-kirchoff/mason17,leaf / margin of upper + lower surface,leaf,"[""leaf"", ""leaf upper surface"", ""leaf margin""]","{""leaf"": 0.9855, ""leaf upper surface"": 0.9832, ""leaf margin"": 0.9687}",True,True,"[""green leaves"", ""leaf veins"", ""close-up"", ""leaf texture"", ""broad leaves"", ""natural light""]","[""leaf"", ""leaf upper surface"", ""leaf margin"", ""leaf arrangement on twig""]",1.0,0.75,0.8571,0.75
kirchoff/em2412,Quercus rubra,ind-kirchoff/mason21,whole tree (or vine) / general,whole plant,"[""whole plant"", ""leaf"", ""trunk"", ""view up trunk"", ""branch""]","{""whole plant"": 0.9581, ""leaf"": 0.7546, ""trunk"": 0.7481, ""view up trunk"": 0.74, ""branch"": 0.6643}",True,True,"[""tall trees"", ""dense foliage"", ""multiple trunks"", ""upward view"", ""green canopy"", ""woodland scene""]","[""whole plant"", ""trunk"", ""branch"", ""leaf"", ""view up trunk""]",1.0,1.0,1.0,1.0
kirchoff/em2413,Quercus rubra,ind-kirchoff/mason21,bark / of a large tree,bark,"[""bark"", ""trunk"", ""large-tree bark""]","{""bark"": 0.9894, ""trunk"": 0.9764, ""large-tree bark"": 0.9557}",True,True,"[""tree trunk"", ""textured bark"", ""winding stems"", ""vertical view"", ""light and dark contrast"", ""natural patterns""]","[""trunk"", ""bark"", ""stem"", ""twig"", ""large-tree bark""]",1.0,0.6,0.75,0.6
kirchoff/em2414,Quercus rubra,ind-kirchoff/mason21,leaf / showing orientation on twig,leaf,"[""leaf"", ""leaf upper surface"", ""leaf arrangement on twig"", ""leaf margin"", ""twig""]","{""leaf"": 0.9881, ""leaf upper surface"": 0.8618, ""leaf arrangement on twig"": 0.827, ""leaf margin"": 0.7545, ""twig"": 0.4865}",True,True,"[""lobed leaves"", ""green foliage"", ""branching pattern"", ""leaf arrangement"", ""twig"", ""multiple leaves""]","[""leaf"", ""branch"", ""twig"", ""leaf arrangement on twig""]",0.6,0.75,0.6667,0.5
kirchoff/em2415,Quercus rubra,ind-kirchoff/mason21,leaf / showing orientation on twig,leaf,"[""leaf"", ""leaf arrangement on twig"", ""leaf upper surface"", ""branch""]","{""leaf"": 0.9837, ""leaf arrangement on twig"": 0.82, ""leaf upper surface"": 0.8183, ""branch"": 0.5385}",True,True,"[""lobed green leaves"", ""multiple leaves"", ""branching pattern"", ""leaf arrangement"", ""dark background"", ""close-up view""]","[""leaf"", ""branch"", ""leaf arrangement on twig"", ""leaf upper surface""]",1.0,1.0,1.0,1.0
kirchoff/em2418,Quercus rubra,ind-kirchoff/mason21,twig / orientation of petioles,twig,"[""leaf"", ""petiole arrangement"", ""leaf arrangement on twig"", ""twig"", ""bud""]","{""leaf"": 0.9429, ""petiole arrangement"": 0.8365, ""leaf arrangement on twig"": 0.8298, ""twig"": 0.8232, ""bud"": 0.7557}",True,False,"[""woody stem"", ""buds"", ""green leaves"", ""branching pattern"", ""close-up view"", ""smooth stem""]","[""stem"", ""bud"", ""leaf"", ""twig"", ""branch"", ""leaf arrangement on twig""]",0.8,0.6667,0.7273,0.5714
kirchoff/em2420,Quercus rubra,ind-kirchoff/mason21,leaf / whole upper surface,leaf,"[""leaf"", ""leaf upper surface"", ""leaf margin""]","{""leaf"": 0.9847, ""leaf upper surface"": 0.9772, ""leaf margin"": 0.9625}",True,True,"[""lobed leaf"", ""green leaf"", ""leaf veins"", ""single leaf"", ""leaf upper surface"", ""dark background""]","[""leaf"", ""leaf upper surface""]",0.6667,1.0,0.8,0.6667
kirchoff/em2421,Quercus rubra,ind-kirchoff/mason21,leaf / whole upper surface,leaf,"[""leaf"", ""leaf upper surface"", ""leaf margin""]","{""leaf"": 0.9813, ""leaf upper surface"": 0.9698, ""leaf margin"": 0.9498}",True,True,"[""lobed leaf"", ""green leaf"", ""leaf veins"", ""single leaf"", ""isolated leaf"", ""dark background""]","[""leaf"", ""leaf upper surface"", ""leaf margin""]",1.0,1.0,1.0,1.0
kirchoff/em2422,Quercus rubra,ind-kirchoff/mason21,leaf / whole upper surface,leaf,"[""leaf"", ""leaf upper surface"", ""leaf margin""]","{""leaf"": 0.9829, ""leaf upper surface"": 0.9643, ""leaf margin"": 0.9478}",True,True,"[""lobed green leaf"", ""visible veins"", ""dark background"", ""single leaf"", ""leaf detail""]","[""leaf"", ""leaf upper surface"", ""leaf margin""]",1.0,1.0,1.0,1.0
kirchoff/em2424,Quercus rubra,ind-kirchoff/mason21,leaf / margin of upper + lower surface,leaf,"[""leaf"", ""leaf upper surface"", ""leaf margin"", ""leaf arrangement on twig""]","{""leaf"": 0.9849, ""leaf upper surface"": 0.9653, ""leaf margin"": 0.9511, ""leaf arrangement on twig"": 0.5515}",True,True,"[""lobed leaves"", ""green leaf"", ""leaf veins"", ""close-up leaf"", ""leaf texture"", ""brightly lit leaf""]","[""leaf"", ""leaf upper surface"", ""leaf margin""]",0.75,1.0,0.8571,0.75
kirchoff/em2559,Quercus palustris,ind-kirchoff/mason24,whole tree (or vine) / general,whole plant,"[""whole plant"", ""trunk"", ""branch"", ""leaf"", ""view up trunk"", ""large-tree bark""]","{""whole plant"": 0.9876, ""trunk"": 0.9663, ""branch"": 0.9467, ""leaf"": 0.9288, ""view up trunk"": 0.9148, ""large-tree bark"": 0.6993}",True,True,"[""large tree"", ""broad leaves"", ""woody trunk"", ""branching crown"", ""autumn foliage"", ""park setting"", ""clear sky""]","[""whole plant"", ""trunk"", ""branch"", ""leaf"", ""large-tree bark"", ""view up trunk""]",1.0,1.0,1.0,1.0
kirchoff/em2561,Quercus palustris,ind-kirchoff/mason24,whole tree (or vine) / view up trunk,whole plant,"[""whole plant"", ""trunk"", ""leaf"", ""view up trunk"", ""branch"", ""large-tree bark""]","{""whole plant"": 0.9661, ""trunk"": 0.9649, ""leaf"": 0.9214, ""view up trunk"": 0.897, ""branch"": 0.8872, ""large-tree bark"": 0.7229}",True,True,"[""large tree"", ""broad leaves"", ""woody trunk"", ""spreading branches"", ""sunlit foliage"", ""urban setting""]","[""whole plant"", ""trunk"", ""bark"", ""branch"", ""leaf"", ""view up trunk"", ""large-tree bark""]",1.0,0.8571,0.9231,0.8571
kirchoff/em2562,Quercus palustris,ind-kirchoff/mason24,whole tree (or vine) / view up trunk,whole plant,"[""view up trunk"", ""trunk"", ""branch"", ""whole plant"", ""large-tree bark"", ""bark"", ""leaf""]","{""view up trunk"": 0.9617, ""trunk"": 0.9568, ""branch"": 0.931, ""whole plant"": 0.9282, ""large-tree bark"": 0.7037, ""bark"": 0.6931, ""leaf"": 0.6722}",True,False,"[""large tree"", ""branching crown"", ""textured bark"", ""green leaves"", ""upward view"", ""sunlit foliage""]","[""whole plant"", ""trunk"", ""branch"", ""leaf"", ""view up trunk"", ""large-tree bark""]",0.8571,1.0,0.9231,0.8571
kirchoff/em2563,Quercus palustris,ind-kirchoff/mason24,bark / of a large tree,bark,"[""trunk"", ""large-tree bark"", ""bark""]","{""trunk"": 0.9925, ""large-tree bark"": 0.9889, ""bark"": 0.9884}",True,False,"[""tree trunk"", ""ridged bark"", ""vertical texture"", ""gray bark"", ""lichen spots"", ""close-up bark""]","[""trunk"", ""bark"", ""large-tree bark""]",1.0,1.0,1.0,1.0
kirchoff/em2564,Quercus palustris,ind-kirchoff/mason24,bark / of a large tree,bark,"[""trunk"", ""large-tree bark"", ""bark""]","{""trunk"": 0.9916, ""large-tree bark"": 0.9903, ""bark"": 0.9893}",True,False,"[""tree trunk"", ""rough bark"", ""vertical ridges"", ""close-up bark"", ""textured surface"", ""natural patterns""]","[""trunk"", ""bark"", ""large-tree bark""]",1.0,1.0,1.0,1.0
kirchoff/em2566,Quercus palustris,ind-kirchoff/mason24,leaf / showing orientation on twig,leaf,"[""leaf"", ""branch"", ""twig"", ""leaf arrangement on twig""]","{""leaf"": 0.8777, ""branch"": 0.6699, ""twig"": 0.6528, ""leaf arrangement on twig"": 0.606}",True,True,"[""lobed leaves"", ""acorns"", ""woody branch"", ""green foliage"", ""clustered fruit""]","[""leaf"", ""twig"", ""branch"", ""fruit"", ""fruit borne on plant"", ""immature fruit""]",0.75,0.5,0.6,0.4286
kirchoff/em2570,Quercus palustris,ind-kirchoff/mason24,twig / orientation of petioles,twig,"[""twig"", ""bud"", ""winter twig"", ""stem"", ""leaf arrangement on twig""]","{""twig"": 0.9638, ""bud"": 0.8871, ""winter twig"": 0.8667, ""stem"": 0.7145, ""leaf arrangement on twig"": 0.6666}",True,True,"[""leafless twig"", ""developing buds"", ""reddish buds"", ""dark branch"", ""close-up view"", ""winter condition""]","[""twig"", ""bud"", ""stem"", ""winter twig""]",0.8,1.0,0.8889,0.8
kirchoff/em2571,Quercus palustris,ind-kirchoff/mason24,leaf / whole upper surface,leaf,"[""leaf"", ""leaf upper surface"", ""leaf margin""]","{""leaf"": 0.9564, ""leaf upper surface"": 0.9491, ""leaf margin"": 0.915}",True,True,"[""single leaf"", ""elongated petiole"", ""developing bud"", ""lobed leaf"", ""green leaf"", ""dark background""]","[""leaf"", ""stem"", ""bud"", ""immature fruit"", ""fruit borne on plant"", ""petiole arrangement""]",0.3333,0.1667,0.2222,0.125
kirchoff/em2572,Quercus palustris,ind-kirchoff/mason24,leaf / whole upper surface,leaf,"[""leaf"", ""leaf upper surface"", ""leaf margin""]","{""leaf"": 0.9675, ""leaf upper surface"": 0.9646, ""leaf margin"": 0.9528}",True,True,"[""lobed leaf"", ""green leaf"", ""leaf veins"", ""single leaf"", ""isolated leaf"", ""dark background""]","[""leaf"", ""leaf upper surface"", ""leaf margin""]",1.0,1.0,1.0,1.0
kirchoff/em2573,Quercus palustris,ind-kirchoff/mason24,leaf / whole upper surface,leaf,"[""leaf"", ""leaf upper surface"", ""leaf margin""]","{""leaf"": 0.9358, ""leaf upper surface"": 0.9251, ""leaf margin"": 0.91}",True,True,"[""lobed leaf"", ""green leaf"", ""leaf veins"", ""single leaf"", ""dark background"", ""leaf petiole""]","[""leaf"", ""leaf upper surface"", ""petiole arrangement""]",0.6667,0.6667,0.6667,0.5
kirchoff/em2574,Quercus palustris,ind-kirchoff/mason24,leaf / whole upper surface,leaf,"[""leaf upper surface"", ""leaf"", ""leaf margin""]","{""leaf upper surface"": 0.9587, ""leaf"": 0.9525, ""leaf margin"": 0.9332}",True,False,"[""green leaf"", ""lobed leaf"", ""visible veins"", ""leaf petiole"", ""dark background"", ""single leaf""]","[""leaf"", ""leaf upper surface"", ""petiole arrangement""]",0.6667,0.6667,0.6667,0.5
kirchoff/em2576,Quercus palustris,ind-kirchoff/mason24,leaf / margin of upper + lower surface,leaf,"[""leaf"", ""leaf upper surface"", ""leaf margin"", ""petiole arrangement"", ""leaf arrangement on twig""]","{""leaf"": 0.9793, ""leaf upper surface"": 0.9692, ""leaf margin"": 0.9411, ""petiole arrangement"": 0.8079, ""leaf arrangement on twig"": 0.6704}",True,True,"[""lobed leaves"", ""green foliage"", ""leaf veins"", ""close-up view"", ""leaf texture"", ""overlapping leaves""]","[""leaf"", ""leaf upper surface"", ""leaf margin""]",0.6,1.0,0.75,0.6
kirchoff/em2577,Quercus palustris,ind-kirchoff/mason24,fruit / lateral or general close-up,fruit,"[""fruit close-up"", ""fruit"", ""twig"", ""fruit borne on plant"", ""immature fruit"", ""bud""]","{""fruit close-up"": 0.9292, ""fruit"": 0.9025, ""twig"": 0.8942, ""fruit borne on plant"": 0.8657, ""immature fruit"": 0.8337, ""bud"": 0.7512}",True,False,"[""developing acorns"", ""woody branch"", ""acorn caps"", ""close-up view"", ""dormant branch""]","[""twig"", ""fruit"", ""immature fruit"", ""fruit borne on plant"", ""fruit close-up""]",0.8333,1.0,0.9091,0.8333
kirchoff/em2579,Quercus palustris,ind-kirchoff/mason24,fruit / lateral or general close-up,fruit,"[""fruit close-up"", ""fruit"", ""fruit borne on plant"", ""immature fruit"", ""twig""]","{""fruit close-up"": 0.9598, ""fruit"": 0.9485, ""fruit borne on plant"": 0.9277, ""immature fruit"": 0.8969, ""twig"": 0.877}",True,False,"[""developing acorns"", ""woody twig"", ""close-up view"", ""acorn caps"", ""dormant branch""]","[""twig"", ""fruit"", ""immature fruit"", ""fruit borne on plant"", ""fruit close-up""]",1.0,1.0,1.0,1.0
kirchoff/em2581,Quercus palustris,ind-kirchoff/mason25,whole tree (or vine) / general,whole plant,"[""whole plant"", ""trunk"", ""branch"", ""view up trunk"", ""leaf"", ""large-tree bark""]","{""whole plant"": 0.995, ""trunk"": 0.9748, ""branch"": 0.9665, ""view up trunk"": 0.9619, ""leaf"": 0.9288, ""large-tree bark"": 0.7059}",True,True,"[""large tree"", ""full crown"", ""green leaves"", ""woody trunk"", ""branching pattern"", ""sunny day"", ""outdoor scene"", ""lawn"", ""blue sky""]","[""whole plant"", ""trunk"", ""branch"", ""leaf"", ""view up trunk""]",0.8333,1.0,0.9091,0.8333
kirchoff/em2583,Quercus palustris,ind-kirchoff/mason25,whole tree (or vine) / general,whole plant,"[""whole plant"", ""trunk"", ""branch"", ""leaf"", ""view up trunk""]","{""whole plant"": 0.9849, ""trunk"": 0.9361, ""branch"": 0.93, ""leaf"": 0.9116, ""view up trunk"": 0.8679}",True,True,"[""large tree"", ""dense foliage"", ""woody trunk"", ""branching pattern"", ""sunny day"", ""green leaves"", ""lawn"", ""building backdrop""]","[""whole plant"", ""trunk"", ""branch"", ""leaf"", ""large-tree bark""]",0.8,0.8,0.8,0.6667
kirchoff/em2584,Quercus palustris,ind-kirchoff/mason25,bark / of a large tree,bark,"[""trunk"", ""large-tree bark"", ""bark""]","{""trunk"": 0.9925, ""large-tree bark"": 0.9922, ""bark"": 0.9906}",True,False,"[""rough bark"", ""tree trunk"", ""vertical texture"", ""grayish brown"", ""close-up bark"", ""ridged surface""]","[""trunk"", ""bark"", ""large-tree bark""]",1.0,1.0,1.0,1.0
kirchoff/em2585,Quercus palustris,ind-kirchoff/mason25,bark / of a large tree,bark,"[""large-tree bark"", ""trunk"", ""bark""]","{""large-tree bark"": 0.9925, ""trunk"": 0.9921, ""bark"": 0.9911}",True,False,"[""tree bark"", ""ridged texture"", ""grayish bark"", ""vertical view"", ""close-up bark"", ""natural pattern""]","[""trunk"", ""bark"", ""large-tree bark""]",1.0,1.0,1.0,1.0
kirchoff/em2587,Quercus palustris,ind-kirchoff/mason25,leaf / showing orientation on twig,leaf,"[""leaf"", ""twig"", ""branch"", ""leaf arrangement on twig""]","{""leaf"": 0.8492, ""twig"": 0.6959, ""branch"": 0.6942, ""leaf arrangement on twig"": 0.6562}",True,True,"[""lobed leaves"", ""woody branch"", ""developing buds"", ""green and reddish leaves"", ""dark branch"", ""black background""]","[""branch"", ""leaf"", ""bud"", ""fruit"", ""immature fruit"", ""fruit borne on plant""]",0.5,0.3333,0.4,0.25
kirchoff/em2590,Quercus palustris,ind-kirchoff/mason25,twig / orientation of petioles,twig,"[""leaf"", ""petiole arrangement"", ""twig"", ""bud"", ""leaf arrangement on twig"", ""branch""]","{""leaf"": 0.8765, ""petiole arrangement"": 0.8545, ""twig"": 0.8534, ""bud"": 0.8331, ""leaf arrangement on twig"": 0.825, ""branch"": 0.6204}",True,False,"[""woody twig"", ""developing buds"", ""green leaves"", ""dark background"", ""close-up view"", ""bud arrangement""]","[""twig"", ""bud"", ""leaf"", ""immature fruit"", ""fruit borne on plant""]",0.5,0.6,0.5455,0.375
kirchoff/em2593,Quercus palustris,ind-kirchoff/mason25,fruit / lateral or general close-up,fruit,"[""fruit close-up"", ""fruit"", ""fruit borne on plant"", ""twig"", ""immature fruit""]","{""fruit close-up"": 0.9376, ""fruit"": 0.9013, ""fruit borne on plant"": 0.8555, ""twig"": 0.7882, ""immature fruit"": 0.7254}",True,False,"[""developing fruit"", ""woody branch"", ""close-up"", ""gray bark"", ""round fruit""]","[""twig"", ""fruit"", ""immature fruit"", ""fruit borne on plant"", ""fruit close-up"", ""branch""]",1.0,0.8333,0.9091,0.8333
kirchoff/em2596,Quercus palustris,ind-kirchoff/mason25,fruit / lateral or general close-up,fruit,"[""fruit"", ""fruit close-up"", ""immature fruit"", ""fruit borne on plant"", ""twig""]","{""fruit"": 0.8912, ""fruit close-up"": 0.8859, ""immature fruit"": 0.8213, ""fruit borne on plant"": 0.8173, ""twig"": 0.7991}",True,True,"[""acorns"", ""woody twig"", ""developing fruit"", ""dark background"", ""close-up""]","[""twig"", ""fruit"", ""immature fruit"", ""fruit borne on plant"", ""fruit close-up""]",1.0,1.0,1.0,1.0
kirchoff/em2597,Quercus palustris,ind-kirchoff/mason25,leaf / whole upper surface,leaf,"[""leaf"", ""leaf upper surface"", ""leaf margin"", ""petiole arrangement""]","{""leaf"": 0.9476, ""leaf upper surface"": 0.9085, ""leaf margin"": 0.8831, ""petiole arrangement"": 0.8135}",True,True,"[""lobed leaf"", ""green leaf"", ""leaf veins"", ""isolated leaf"", ""dark background"", ""leaf margin""]","[""leaf"", ""leaf upper surface"", ""leaf margin""]",0.75,1.0,0.8571,0.75
kirchoff/em2598,Quercus palustris,ind-kirchoff/mason25,leaf / whole upper surface,leaf,"[""leaf"", ""leaf upper surface"", ""leaf margin"", ""petiole arrangement""]","{""leaf"": 0.962, ""leaf upper surface"": 0.9447, ""leaf margin"": 0.915, ""petiole arrangement"": 0.8724}",True,True,"[""lobed leaf"", ""green leaf"", ""leaf veins"", ""dark background"", ""single leaf"", ""leaf margin""]","[""leaf"", ""leaf upper surface"", ""leaf margin""]",0.75,1.0,0.8571,0.75
kirchoff/em2599,Quercus palustris,ind-kirchoff/mason25,leaf / whole upper surface,leaf,"[""leaf"", ""leaf upper surface"", ""leaf margin"", ""petiole arrangement""]","{""leaf"": 0.9489, ""leaf upper surface"": 0.9245, ""leaf margin"": 0.8746, ""petiole arrangement"": 0.8707}",True,True,"[""lobed leaf"", ""green leaf"", ""leaf veins"", ""isolated leaf"", ""dark background"", ""leaf structure""]","[""leaf"", ""leaf upper surface"", ""leaf margin""]",0.75,1.0,0.8571,0.75
kirchoff/em2600,Quercus palustris,ind-kirchoff/mason25,leaf / whole upper surface,leaf,"[""leaf"", ""leaf upper surface"", ""leaf margin"", ""petiole arrangement""]","{""leaf"": 0.9416, ""leaf upper surface"": 0.9145, ""leaf margin"": 0.8722, ""petiole arrangement"": 0.8478}",True,True,"[""lobed leaf"", ""green leaf"", ""isolated leaf"", ""leaf veins"", ""dark background"", ""single leaf""]","[""leaf"", ""leaf upper surface"", ""leaf margin""]",0.75,1.0,0.8571,0.75
kirchoff/em2603,Quercus palustris,ind-kirchoff/mason25,leaf / margin of upper + lower surface,leaf,"[""leaf"", ""leaf upper surface"", ""leaf margin"", ""leaf arrangement on twig""]","{""leaf"": 0.9713, ""leaf upper surface"": 0.9332, ""leaf margin"": 0.8877, ""leaf arrangement on twig"": 0.6118}",True,True,"[""green leaves"", ""leaf veins"", ""leaf texture"", ""intricate pattern"", ""close-up view"", ""dark background""]","[""leaf"", ""leaf upper surface"", ""leaf margin""]",0.75,1.0,0.8571,0.75
kirchoff/em2604,Quercus palustris,ind-kirchoff/mason26,whole tree (or vine) / general,whole plant,"[""whole plant"", ""branch"", ""trunk"", ""leaf"", ""view up trunk""]","{""whole plant"": 0.981, ""branch"": 0.9553, ""trunk"": 0.9272, ""leaf"": 0.8213, ""view up trunk"": 0.7537}",True,True,"[""large tree"", ""broad leaves"", ""woody branches"", ""tree crown"", ""blue sky"", ""green foliage"", ""lawn"", ""shady area""]","[""whole plant"", ""trunk"", ""branch"", ""leaf"", ""view up trunk""]",1.0,1.0,1.0,1.0
kirchoff/em2605,Quercus palustris,ind-kirchoff/mason26,whole tree (or vine) / general,whole plant,"[""whole plant"", ""branch"", ""trunk"", ""leaf"", ""view up trunk""]","{""whole plant"": 0.9921, ""branch"": 0.9816, ""trunk"": 0.9556, ""leaf"": 0.8719, ""view up trunk"": 0.8643}",True,True,"[""full tree"", ""green leaves"", ""woody trunk"", ""branching pattern"", ""sunny day"", ""lawn"", ""building backdrop""]","[""whole plant"", ""trunk"", ""branch"", ""leaf"", ""view up trunk""]",1.0,1.0,1.0,1.0
kirchoff/em2607,Quercus palustris,ind-kirchoff/mason26,bark / of a large tree,bark,"[""trunk"", ""large-tree bark"", ""bark""]","{""trunk"": 0.9921, ""large-tree bark"": 0.9916, ""bark"": 0.9913}",True,False,"[""tree trunk"", ""rough bark"", ""vertical texture"", ""lichen covered bark"", ""close-up bark"", ""natural patterns""]","[""trunk"", ""bark"", ""large-tree bark""]",1.0,1.0,1.0,1.0
kirchoff/em2610,Quercus palustris,ind-kirchoff/mason26,leaf / showing orientation on twig,leaf,"[""leaf"", ""leaf arrangement on twig"", ""branch"", ""twig"", ""fruit borne on plant""]","{""leaf"": 0.9222, ""leaf arrangement on twig"": 0.6921, ""branch"": 0.6366, ""twig"": 0.5871, ""fruit borne on plant"": 0.5564}",True,True,"[""lobed leaves"", ""woody branch"", ""leaf arrangement"", ""green and red leaves"", ""twig with leaves"", ""pointed leaf tips""]","[""branch"", ""twig"", ""leaf"", ""leaf arrangement on twig""]",0.8,1.0,0.8889,0.8
kirchoff/em2613,Quercus palustris,ind-kirchoff/mason26,twig / orientation of petioles,twig,"[""bud"", ""twig"", ""winter twig"", ""leaf arrangement on twig"", ""leaf""]","{""bud"": 0.9614, ""twig"": 0.9058, ""winter twig"": 0.761, ""leaf arrangement on twig"": 0.6151, ""leaf"": 0.5561}",True,False,"[""gray twig"", ""swollen buds"", ""dormant branch"", ""bud arrangement"", ""leafless twig"", ""close-up view""]","[""twig"", ""bud"", ""winter twig"", ""terminal bud"", ""leaf scar""]",0.6,0.6,0.6,0.4286
kirchoff/em2616,Quercus palustris,ind-kirchoff/mason26,fruit / lateral or general close-up,fruit,"[""fruit close-up"", ""fruit borne on plant"", ""fruit"", ""twig"", ""immature fruit""]","{""fruit close-up"": 0.9788, ""fruit borne on plant"": 0.9605, ""fruit"": 0.9567, ""twig"": 0.9062, ""immature fruit"": 0.8916}",True,False,"[""acorns"", ""woody twig"", ""close-up"", ""brown fruit"", ""textured surface"", ""dark background""]","[""twig"", ""fruit"", ""fruit close-up"", ""fruit borne on plant""]",0.8,1.0,0.8889,0.8
kirchoff/em2618,Quercus palustris,ind-kirchoff/mason26,leaf / whole upper surface,leaf,"[""leaf"", ""petiole arrangement"", ""leaf upper surface"", ""leaf margin""]","{""leaf"": 0.9283, ""petiole arrangement"": 0.8964, ""leaf upper surface"": 0.8878, ""leaf margin"": 0.88}",True,True,"[""single leaf"", ""green leaf"", ""leaf veins"", ""lobed leaf"", ""petiole"", ""dark background""]","[""leaf"", ""leaf upper surface"", ""leaf margin""]",0.75,1.0,0.8571,0.75
kirchoff/em2619,Quercus palustris,ind-kirchoff/mason26,leaf / whole upper surface,leaf,"[""leaf"", ""leaf margin"", ""leaf upper surface"", ""petiole arrangement""]","{""leaf"": 0.9386, ""leaf margin"": 0.8621, ""leaf upper surface"": 0.8533, ""petiole arrangement"": 0.8422}",True,True,"[""lobed leaf"", ""green and red leaf"", ""leaf veins"", ""isolated leaf"", ""dark background"", ""leaf margin"", ""palmate venation""]","[""leaf"", ""leaf upper surface"", ""leaf margin"", ""leaf arrangement on twig""]",0.75,0.75,0.75,0.6
kirchoff/em2620,Quercus palustris,ind-kirchoff/mason26,leaf / whole upper surface,leaf,"[""leaf"", ""leaf upper surface"", ""leaf margin"", ""petiole arrangement""]","{""leaf"": 0.948, ""leaf upper surface"": 0.8863, ""leaf margin"": 0.8817, ""petiole arrangement"": 0.8757}",True,True,"[""single leaf"", ""lobed leaf"", ""green leaf"", ""leaf veins"", ""isolated leaf"", ""dark background""]","[""leaf"", ""leaf upper surface"", ""leaf margin""]",0.75,1.0,0.8571,0.75
kirchoff/em2621,Quercus palustris,ind-kirchoff/mason26,leaf / margin of upper + lower surface,leaf,"[""leaf"", ""leaf margin"", ""leaf upper surface""]","{""leaf"": 0.9756, ""leaf margin"": 0.9219, ""leaf upper surface"": 0.921}",True,True,"[""lobed leaves"", ""green leaves"", ""leaf veins"", ""leaf upper surface"", ""close-up"", ""textured surface""]","[""leaf"", ""leaf upper surface""]",0.6667,1.0,0.8,0.6667
kirchoff/em2623,Quercus palustris,ind-kirchoff/mason26,leaf / margin of upper + lower surface,leaf,"[""leaf"", ""leaf upper surface"", ""leaf margin"", ""petiole arrangement"", ""leaf arrangement on twig""]","{""leaf"": 0.9771, ""leaf upper surface"": 0.9341, ""leaf margin"": 0.916, ""petiole arrangement"": 0.7846, ""leaf arrangement on twig"": 0.5802}",True,True,"[""lobed leaves"", ""leaf veins"", ""green foliage"", ""close-up view"", ""detailed leaf structure""]","[""leaf"", ""leaf upper surface"", ""leaf margin"", ""leaf arrangement on twig""]",0.8,1.0,0.8889,0.8
kirchoff/em2703,Quercus alba,ind-kirchoff/mason02,whole tree (or vine) / general,whole plant,"[""whole plant"", ""trunk"", ""branch"", ""leaf"", ""view up trunk"", ""large-tree bark""]","{""whole plant"": 0.9696, ""trunk"": 0.9438, ""branch"": 0.9232, ""leaf"": 0.8537, ""view up trunk"": 0.8504, ""large-tree bark"": 0.8018}",True,True,"[""large tree"", ""broad leaves"", ""tree trunk"", ""branching crown"", ""green foliage"", ""blue sky"", ""building backdrop"", ""lawn foreground""]","[""whole plant"", ""trunk"", ""branch"", ""leaf"", ""view up trunk""]",0.8333,1.0,0.9091,0.8333
ssmv/2-1006-01,Fraxinus americana,vanderbilt/2-95,whole tree (or vine) / general,whole plant,"[""whole plant"", ""view up trunk"", ""branch"", ""trunk"", ""leaf""]","{""whole plant"": 0.9856, ""view up trunk"": 0.9616, ""branch"": 0.9522, ""trunk"": 0.9503, ""leaf"": 0.7934}",True,True,"[""large tree"", ""broad leaves"", ""branching crown"", ""woody trunk"", ""green foliage"", ""sunlit leaves"", ""view up trunk"", ""dense canopy""]","[""whole plant"", ""trunk"", ""branch"", ""leaf"", ""view up trunk""]",1.0,1.0,1.0,1.0
ssmv/2-1006-02,Fraxinus americana,vanderbilt/2-95,whole tree (or vine) / general,whole plant,"[""whole plant"", ""branch"", ""view up trunk"", ""trunk"", ""leaf""]","{""whole plant"": 0.9922, ""branch"": 0.9727, ""view up trunk"": 0.9645, ""trunk"": 0.9601, ""leaf"": 0.8395}",True,True,"[""tree canopy"", ""dense foliage"", ""large branches"", ""woodland view"", ""sunlit leaves"", ""tree trunk""]","[""whole plant"", ""trunk"", ""branch"", ""leaf"", ""view up trunk""]",1.0,1.0,1.0,1.0
ssmv/2-1006-03,Fraxinus americana,vanderbilt/2-95,whole tree (or vine) / general,whole plant,"[""whole plant"", ""branch"", ""view up trunk"", ""trunk"", ""leaf""]","{""whole plant"": 0.9901, ""branch"": 0.9771, ""view up trunk"": 0.9756, ""trunk"": 0.9716, ""leaf"": 0.7744}",True,True,"[""large tree"", ""dense canopy"", ""branching pattern"", ""woody trunk"", ""green foliage"", ""sunlit leaves"", ""upward view"", ""tree in landscape""]","[""whole plant"", ""trunk"", ""branch"", ""leaf"", ""view up trunk""]",1.0,1.0,1.0,1.0
ssmv/2-161-01,Quercus alba,vanderbilt/1-178,bark / of a large tree,bark,"[""bark"", ""large-tree bark"", ""trunk""]","{""bark"": 0.9928, ""large-tree bark"": 0.9878, ""trunk"": 0.9631}",True,True,"[""rough texture"", ""vertical fissures"", ""grayish bark"", ""close-up bark"", ""tree bark"", ""ridged surface""]","[""bark"", ""large-tree bark"", ""medium-tree or large-branch bark""]",0.6667,0.6667,0.6667,0.5
ssmv/2-161-02,Quercus alba,vanderbilt/1-178,whole tree (or vine) / view up trunk,whole plant,"[""trunk"", ""view up trunk"", ""bark"", ""large-tree bark"", ""whole plant"", ""branch"", ""leaf""]","{""trunk"": 0.9921, ""view up trunk"": 0.986, ""bark"": 0.966, ""large-tree bark"": 0.959, ""whole plant"": 0.9361, ""branch"": 0.8845, ""leaf"": 0.6556}",True,False,"[""large tree"", ""looking up into canopy"", ""textured bark"", ""branching pattern"", ""green foliage"", ""sunlight through leaves""]","[""whole plant"", ""trunk"", ""bark"", ""branch"", ""leaf"", ""view up trunk"", ""large-tree bark""]",1.0,1.0,1.0,1.0
ssmv/2-161-03,Quercus alba,vanderbilt/1-178,leaf / showing orientation on twig,leaf,"[""leaf"", ""bark"", ""leaf arrangement on twig""]","{""leaf"": 0.9347, ""bark"": 0.8161, ""leaf arrangement on twig"": 0.5923}",True,True,"[""textured bark"", ""green leaves"", ""woody stem"", ""leaf arrangement"", ""vertical composition"", ""natural light""]","[""trunk"", ""bark"", ""stem"", ""leaf"", ""leaf arrangement on twig"", ""large-tree bark""]",1.0,0.5,0.6667,0.5
ssmv/2-161-04,Quercus alba,vanderbilt/1-178,whole tree (or vine) / general,whole plant,"[""whole plant"", ""trunk"", ""view up trunk"", ""branch"", ""leaf"", ""large-tree bark""]","{""whole plant"": 0.9868, ""trunk"": 0.9864, ""view up trunk"": 0.9657, ""branch"": 0.9538, ""leaf"": 0.8329, ""large-tree bark"": 0.7745}",True,True,"[""large tree"", ""broad leaves"", ""massive trunk"", ""spreading branches"", ""park setting"", ""sunny day""]","[""whole plant"", ""trunk"", ""branch"", ""leaf"", ""large-tree bark"", ""view up trunk""]",1.0,1.0,1.0,1.0
ssmv/2-185-01,Ginkgo biloba,vanderbilt/2-101,whole tree / general,whole plant,"[""whole plant"", ""branch"", ""trunk"", ""leaf"", ""view up trunk""]","{""whole plant"": 0.9878, ""branch"": 0.9714, ""trunk"": 0.944, ""leaf"": 0.9369, ""view up trunk"": 0.9286}",True,True,"[""large tree"", ""dense foliage"", ""branching pattern"", ""upward view"", ""green canopy"", ""tree crown"", ""woody structure"", ""outdoor scene""]","[""whole plant"", ""trunk"", ""branch"", ""view up trunk""]",0.8,1.0,0.8889,0.8
ssmv/2-185-02,Ginkgo biloba,vanderbilt/2-101,bark / of a large tree,bark,"[""bark"", ""large-tree bark"", ""trunk""]","{""bark"": 0.9959, ""large-tree bark"": 0.9899, ""trunk"": 0.9837}",True,True,"[""textured bark"", ""rough surface"", ""light and shadow"", ""close-up bark"", ""tree trunk detail"", ""natural patterns""]","[""bark"", ""trunk"", ""large-tree bark""]",1.0,1.0,1.0,1.0
ssmv/2-185-03,Ginkgo biloba,vanderbilt/2-101,leaf / entire needle,needle,"[""leaf"", ""branch""]","{""leaf"": 0.9029, ""branch"": 0.6106}",False,False,"[""fan-shaped leaves"", ""green foliage"", ""held by hand"", ""close-up view"", ""bright sunlight"", ""leaf arrangement""]","[""leaf"", ""twig"", ""leaf arrangement on twig"", ""leaf upper surface""]",0.5,0.25,0.3333,0.2
ssmv/2-185-04,Ginkgo biloba,vanderbilt/2-101,leaf / showing orientation on twig,needle,"[""leaf"", ""branch"", ""leaf arrangement on twig""]","{""leaf"": 0.9283, ""branch"": 0.6545, ""leaf arrangement on twig"": 0.5632}",False,False,"[""green fan-shaped leaves"", ""hanging branch"", ""sunlit foliage"", ""woody stem"", ""outdoor scene""]","[""leaf"", ""branch"", ""stem"", ""leaf arrangement on twig""]",1.0,0.75,0.8571,0.75
ssmv/2-253-01,Celtis occidentalis,vanderbilt/4-216,whole tree (or vine) / general,whole plant,"[""trunk"", ""whole plant"", ""branch"", ""view up trunk"", ""large-tree bark"", ""leaf""]","{""trunk"": 0.9854, ""whole plant"": 0.9786, ""branch"": 0.9713, ""view up trunk"": 0.9456, ""large-tree bark"": 0.8567, ""leaf"": 0.7885}",True,False,"[""large tree"", ""massive trunk"", ""branching crown"", ""green foliage"", ""people in background"", ""sunny day"", ""urban setting"", ""tree in park""]","[""whole plant"", ""trunk"", ""branch"", ""leaf"", ""large-tree bark"", ""view up trunk""]",1.0,1.0,1.0,1.0
ssmv/2-253-02,Celtis occidentalis,vanderbilt/4-216,whole tree (or vine) / view up trunk,whole plant,"[""trunk"", ""bark"", ""view up trunk"", ""large-tree bark"", ""branch"", ""whole plant""]","{""trunk"": 0.9897, ""bark"": 0.9783, ""view up trunk"": 0.9749, ""large-tree bark"": 0.9686, ""branch"": 0.9181, ""whole plant"": 0.8418}",True,False,"[""tree trunk"", ""branching pattern"", ""leaf canopy"", ""upward view"", ""textured bark"", ""large tree""]","[""whole plant"", ""trunk"", ""branch"", ""leaf"", ""view up trunk"", ""large-tree bark""]",0.8333,0.8333,0.8333,0.7143
ssmv/2-253-03,Celtis occidentalis,vanderbilt/4-216,leaf / showing orientation on twig,leaf,"[""branch"", ""leaf"", ""whole plant"", ""view up trunk"", ""trunk""]","{""branch"": 0.984, ""leaf"": 0.9804, ""whole plant"": 0.9601, ""view up trunk"": 0.9374, ""trunk"": 0.6582}",True,False,"[""dense foliage"", ""green leaves"", ""looking up into tree"", ""tree canopy"", ""bright sky"", ""sunlit leaves""]","[""whole plant"", ""leaf"", ""view up trunk""]",0.6,1.0,0.75,0.6
ssmv/2-253-04,Celtis occidentalis,vanderbilt/4-216,whole tree (or vine) / view up trunk,whole plant,"[""whole plant"", ""branch"", ""view up trunk"", ""leaf"", ""trunk""]","{""whole plant"": 0.9945, ""branch"": 0.991, ""view up trunk"": 0.9788, ""leaf"": 0.9659, ""trunk"": 0.6885}",True,True,"[""lush foliage"", ""dense canopy"", ""branching pattern"", ""green leaves"", ""tree crown"", ""sky visible through leaves""]","[""whole plant"", ""branch"", ""leaf"", ""view up trunk""]",0.8,1.0,0.8889,0.8
ssmv/2-638-01,Fraxinus americana,vanderbilt/3-108,bark / of a large tree,bark,"[""bark"", ""large-tree bark"", ""trunk"", ""medium-tree or large-branch bark""]","{""bark"": 0.9688, ""large-tree bark"": 0.9586, ""trunk"": 0.8819, ""medium-tree or large-branch bark"": 0.8542}",True,True,"[""rough bark"", ""lichen covered"", ""cracked surface"", ""close-up texture"", ""gray and green""]","[""bark"", ""large-tree bark"", ""medium-tree or large-branch bark""]",0.75,1.0,0.8571,0.75
ssmv/2-638-02,Fraxinus americana,vanderbilt/3-108,whole tree (or vine) / general,whole plant,"[""whole plant"", ""trunk"", ""view up trunk"", ""branch"", ""leaf"", ""large-tree bark""]","{""whole plant"": 0.9892, ""trunk"": 0.9802, ""view up trunk"": 0.9572, ""branch"": 0.942, ""leaf"": 0.8183, ""large-tree bark"": 0.7349}",True,True,"[""large tree"", ""green canopy"", ""thick trunk"", ""spreading branches"", ""lawn"", ""people in background"", ""sunny day"", ""building in background""]","[""whole plant"", ""trunk"", ""branch"", ""leaf"", ""large-tree bark"", ""view up trunk""]",1.0,1.0,1.0,1.0
ssmv/2-638-03,Fraxinus americana,vanderbilt/3-108,leaf / whole upper surface,leaf,"[""leaf"", ""leaf arrangement on twig"", ""leaf upper surface"", ""stem""]","{""leaf"": 0.9748, ""leaf arrangement on twig"": 0.9055, ""leaf upper surface"": 0.7345, ""stem"": 0.7162}",True,True,"[""green leaves"", ""compound leaf"", ""elongated leaves"", ""smooth stem"", ""leaf arrangement"", ""natural light""]","[""leaf"", ""stem"", ""leaf arrangement on twig""]",0.75,1.0,0.8571,0.75
ssmv/2-638-04,Fraxinus americana,vanderbilt/3-108,whole tree (or vine) / general,whole plant,"[""whole plant"", ""trunk"", ""branch"", ""view up trunk"", ""large-tree bark"", ""leaf""]","{""whole plant"": 0.9777, ""trunk"": 0.9658, ""branch"": 0.8928, ""view up trunk"": 0.8485, ""large-tree bark"": 0.784, ""leaf"": 0.7792}",True,True,"[""large trees"", ""green canopy"", ""park setting"", ""woody trunks"", ""broad leaves"", ""sunny day"", ""lawn"", ""pathway""]","[""whole plant"", ""trunk"", ""leaf"", ""branch""]",0.6667,1.0,0.8,0.6667
ssmv/2-759-01,Quercus alba,vanderbilt/2-76,whole tree (or vine) / general,whole plant,"[""whole plant"", ""trunk"", ""leaf"", ""view up trunk"", ""branch""]","{""whole plant"": 0.9689, ""trunk"": 0.905, ""leaf"": 0.8786, ""view up trunk"": 0.7097, ""branch"": 0.6996}",True,True,"[""large tree"", ""dense foliage"", ""full crown"", ""woody branches"", ""clear sky"", ""green leaves"", ""park setting""]","[""whole plant"", ""trunk"", ""branch"", ""leaf"", ""view up trunk""]",1.0,1.0,1.0,1.0
ssmv/2-886-01,Acer saccharum,vanderbilt/3-31,whole tree (or vine) / general,whole plant,"[""whole plant"", ""trunk"", ""leaf"", ""view up trunk"", ""branch""]","{""whole plant"": 0.9455, ""trunk"": 0.9098, ""leaf"": 0.8555, ""view up trunk"": 0.7864, ""branch"": 0.7798}",True,True,"[""large tree"", ""dense foliage"", ""broad leaves"", ""tree trunk"", ""view up trunk"", ""sunny day"", ""urban setting""]","[""whole plant"", ""trunk"", ""leaf"", ""view up trunk""]",0.8,1.0,0.8889,0.8
ssmv/2-886-02,Acer saccharum,vanderbilt/3-31,bark / of a large tree,bark,"[""bark"", ""large-tree bark"", ""trunk""]","{""bark"": 0.9944, ""large-tree bark"": 0.9908, ""trunk"": 0.9739}",True,True,"[""rough texture"", ""gray bark"", ""close-up bark"", ""tree bark"", ""detailed bark"", ""natural pattern""]","[""bark"", ""large-tree bark"", ""medium-tree or large-branch bark""]",0.6667,0.6667,0.6667,0.5
ssmv/2-886-03,Acer saccharum,vanderbilt/3-31,whole tree (or vine) / view up trunk,whole plant,"[""view up trunk"", ""trunk"", ""whole plant"", ""branch"", ""bark"", ""large-tree bark"", ""leaf""]","{""view up trunk"": 0.991, ""trunk"": 0.9767, ""whole plant"": 0.9641, ""branch"": 0.8862, ""bark"": 0.86, ""large-tree bark"": 0.8568, ""leaf"": 0.8013}",True,False,"[""large tree"", ""upward view"", ""green canopy"", ""prominent trunk"", ""branching pattern"", ""textured bark"", ""blue sky""]","[""whole plant"", ""trunk"", ""branch"", ""bark"", ""view up trunk""]",0.7143,1.0,0.8333,0.7143
thomas/0014-01-01,Aesculus glabra,thomas/0014-01,whole tree (or vine) / general,whole plant,"[""inflorescence"", ""flower"", ""leaf"", ""flower close-up"", ""stem""]","{""inflorescence"": 0.9726, ""flower"": 0.9569, ""leaf"": 0.839, ""flower close-up"": 0.7966, ""stem"": 0.7732}",False,False,"[""palmate leaves"", ""elongated flower cluster"", ""green foliage"", ""woody stem"", ""upward view""]","[""leaf"", ""flower"", ""inflorescence"", ""stem"", ""branch"", ""whole plant""]",0.8,0.6667,0.7273,0.5714
thomas/0014-01-02,Aesculus glabra,thomas/0014-01,inflorescence / lateral view of flower,flower,"[""flower close-up"", ""flower"", ""lateral flower view"", ""flower interior"", ""inflorescence"", ""stem"", ""fruit""]","{""flower close-up"": 0.9709, ""flower"": 0.967, ""lateral flower view"": 0.9177, ""flower interior"": 0.915, ""inflorescence"": 0.8861, ""stem"": 0.6494, ""fruit"": 0.5972}",True,False,"[""small flowers"", ""green buds"", ""white filaments"", ""orange markings"", ""close-up view"", ""dense cluster""]","[""flower"", ""inflorescence"", ""flower close-up"", ""flower interior""]",0.5714,1.0,0.7273,0.5714
thomas/0014-01-03,Aesculus glabra,thomas/0014-01,leaf / whole upper surface,leaf,"[""leaf"", ""leaf arrangement on twig"", ""stem"", ""leaf upper surface""]","{""leaf"": 0.9656, ""leaf arrangement on twig"": 0.8821, ""stem"": 0.7856, ""leaf upper surface"": 0.7761}",True,True,"[""palmate leaves"", ""green foliage"", ""reddish stem"", ""leaf veins"", ""close-up view"", ""natural light""]","[""leaf"", ""stem"", ""leaf upper surface"", ""leaf arrangement on twig""]",1.0,1.0,1.0,1.0
thomas/0014-01-04,Aesculus glabra,thomas/0014-01,inflorescence / whole - unspecified,flower,"[""flower"", ""inflorescence"", ""flower close-up"", ""stem"", ""leaf""]","{""flower"": 0.9669, ""inflorescence"": 0.9599, ""flower close-up"": 0.9339, ""stem"": 0.7734, ""leaf"": 0.4601}",True,True,"[""elongated flower cluster"", ""green and white flowers"", ""palmate leaves"", ""developing fruit"", ""upward view"", ""soft focus background""]","[""flower"", ""inflorescence"", ""leaf"", ""fruit"", ""immature fruit"", ""flower close-up""]",0.8,0.6667,0.7273,0.5714
thomas/0014-01-05,Aesculus glabra,thomas/0014-01,inflorescence / lateral view of flower,flower,"[""flower"", ""flower close-up"", ""inflorescence"", ""lateral flower view"", ""stem""]","{""flower"": 0.9649, ""flower close-up"": 0.961, ""inflorescence"": 0.9181, ""lateral flower view"": 0.8989, ""stem"": 0.6861}",True,True,"[""elongated flower cluster"", ""pale green flowers"", ""hanging flowers"", ""slender filaments"", ""developing fruit"", ""close-up floral detail""]","[""flower"", ""inflorescence"", ""flower close-up"", ""fruit"", ""immature fruit""]",0.6,0.6,0.6,0.4286
thomas/0014-01-06,Aesculus glabra,thomas/0014-01,whole tree (or vine) / general,whole plant,"[""inflorescence"", ""flower"", ""leaf"", ""stem""]","{""inflorescence"": 0.9568, ""flower"": 0.9081, ""leaf"": 0.8146, ""stem"": 0.6684}",False,False,"[""palmate leaves"", ""elongated flower cluster"", ""young tree"", ""green foliage"", ""vertical stem"", ""forest understory""]","[""whole plant"", ""stem"", ""leaf"", ""inflorescence"", ""flower"", ""fruit borne on plant""]",1.0,0.6667,0.8,0.6667
thomas/0014-01-07,Aesculus glabra,thomas/0014-01,inflorescence / close-up of flower interior,flower,"[""flower close-up"", ""flower"", ""flower interior"", ""inflorescence"", ""lateral flower view"", ""immature fruit"", ""stem"", ""fruit""]","{""flower close-up"": 0.9779, ""flower"": 0.968, ""flower interior"": 0.9162, ""inflorescence"": 0.8553, ""lateral flower view"": 0.8526, ""immature fruit"": 0.7692, ""stem"": 0.7164, ""fruit"": 0.6869}",True,False,"[""green buds"", ""open flower"", ""white filaments"", ""red markings"", ""close-up view"", ""developing inflorescence""]","[""flower"", ""inflorescence"", ""bud"", ""flower close-up"", ""flower interior"", ""lateral flower view""]",0.625,0.8333,0.7143,0.5556
thomas/0014-01-08,Aesculus glabra,thomas/0014-01,leaf / whole upper surface,leaf,"[""leaf"", ""leaf arrangement on twig"", ""leaf upper surface"", ""stem""]","{""leaf"": 0.9556, ""leaf arrangement on twig"": 0.9319, ""leaf upper surface"": 0.8817, ""stem"": 0.6743}",True,True,"[""compound leaf"", ""green leaves"", ""red stem"", ""leaf veins"", ""close-up view"", ""natural light""]","[""leaf"", ""stem"", ""leaf upper surface"", ""leaf arrangement on twig""]",1.0,1.0,1.0,1.0
thomas/0014-01-09,Aesculus glabra,thomas/0014-01,inflorescence / lateral view of flower,flower,"[""flower"", ""flower close-up"", ""inflorescence"", ""lateral flower view"", ""stem""]","{""flower"": 0.9698, ""flower close-up"": 0.9633, ""inflorescence"": 0.9273, ""lateral flower view"": 0.9082, ""stem"": 0.6701}",True,True,"[""elongated flower cluster"", ""pendulous flowers"", ""green buds"", ""slender stem"", ""close-up view"", ""delicate flowers""]","[""stem"", ""flower"", ""inflorescence"", ""bud"", ""flower close-up""]",0.8,0.8,0.8,0.6667
thomas/0049-08-01,Cercis canadensis,thomas/0049-08,whole tree (or vine) / general,whole plant,"[""whole plant"", ""branch""]","{""whole plant"": 0.9445, ""branch"": 0.8655}",True,True,"[""pink flowers"", ""tree in bloom"", ""woodland scene"", ""leafless trees"", ""roadside view""]","[""whole plant"", ""flower"", ""inflorescence"", ""twig"", ""leaf"", ""winter habit""]",0.5,0.1667,0.25,0.1429
thomas/0049-08-02,Cercis canadensis,thomas/0049-08,inflorescence / whole - unspecified,flower,"[""flower"", ""inflorescence"", ""branch"", ""flower close-up"", ""twig""]","{""flower"": 0.8825, ""inflorescence"": 0.8779, ""branch"": 0.7959, ""flower close-up"": 0.7301, ""twig"": 0.6146}",True,True,"[""pink flowers"", ""woody branch"", ""dense flowering"", ""early spring bloom"", ""small flowers"", ""branching pattern""]","[""branch"", ""flower"", ""inflorescence"", ""flower close-up""]",0.8,1.0,0.8889,0.8
thomas/0049-08-03,Cercis canadensis,thomas/0049-08,inflorescence / whole - unspecified,flower,"[""flower"", ""inflorescence"", ""flower close-up"", ""branch"", ""twig""]","{""flower"": 0.9007, ""inflorescence"": 0.8981, ""flower close-up"": 0.8916, ""branch"": 0.6175, ""twig"": 0.5913}",True,True,"[""pink flowers"", ""clustered blooms"", ""woody branch"", ""early spring"", ""close-up flowers"", ""small twigs""]","[""flower"", ""inflorescence"", ""branch"", ""twig"", ""flower close-up""]",1.0,1.0,1.0,1.0
thomas/0049-08-04,Cercis canadensis,thomas/0049-08,inflorescence / lateral view of flower,flower,"[""flower close-up"", ""flower""]","{""flower close-up"": 0.8353, ""flower"": 0.741}",True,False,"[""purple flowers"", ""flower cluster"", ""close-up view"", ""delicate petals"", ""budding flowers"", ""soft focus""]","[""flower"", ""inflorescence"", ""flower close-up"", ""bud"", ""frontal flower view""]",1.0,0.4,0.5714,0.4
thomas/0049-08-05,Cercis canadensis,thomas/0049-08,inflorescence / frontal view of flower,flower,"[""twig""]","{""twig"": 0.6153}",False,False,"[""pink flowers"", ""close-up flowers"", ""slender twig"", ""early spring bloom"", ""delicate petals"", ""blurred background""]","[""flower"", ""twig"", ""flower close-up"", ""lateral flower view""]",1.0,0.25,0.4,0.25
thomas/0104-01-01,Cephalanthus occidentalis,thomas/0104-01,inflorescence / whole - unspecified,flower,"[""leaf"", ""immature fruit"", ""stem"", ""fruit"", ""inflorescence"", ""fruit borne on plant""]","{""leaf"": 0.8926, ""immature fruit"": 0.868, ""stem"": 0.8557, ""fruit"": 0.8412, ""inflorescence"": 0.7672, ""fruit borne on plant"": 0.7389}",False,False,"[""spherical flower cluster"", ""green spherical fruit"", ""green leaves"", ""reddish stem"", ""immature fruit"", ""white flower parts""]","[""flower"", ""inflorescence"", ""leaf"", ""stem"", ""fruit"", ""immature fruit"", ""flower close-up""]",0.8333,0.7143,0.7692,0.625
thomas/0104-01-02,Cephalanthus occidentalis,thomas/0104-01,inflorescence / close-up of flower interior,flower,"[""flower close-up"", ""inflorescence"", ""flower""]","{""flower close-up"": 0.9667, ""inflorescence"": 0.965, ""flower"": 0.9564}",True,False,"[""dense flower cluster"", ""white petals"", ""yellow anthers"", ""slender stalks"", ""close-up view"", ""delicate structures""]","[""flower"", ""inflorescence"", ""flower close-up"", ""flower interior"", ""male reproductive structure""]",1.0,0.6,0.75,0.6
thomas/0104-01-03,Cephalanthus occidentalis,thomas/0104-01,inflorescence / frontal view of flower,flower,"[""flower close-up"", ""inflorescence"", ""flower""]","{""flower close-up"": 0.9596, ""inflorescence"": 0.9541, ""flower"": 0.9317}",True,False,"[""dense flower cluster"", ""small white flowers"", ""elongated structures"", ""green stem"", ""spherical shape""]","[""flower"", ""inflorescence"", ""flower close-up""]",1.0,1.0,1.0,1.0
thomas/0104-01-04,Cephalanthus occidentalis,thomas/0104-01,leaf / whole upper surface,leaf,"[""leaf"", ""stem""]","{""leaf"": 0.9704, ""stem"": 0.8366}",True,True,"[""single leaf"", ""green leaf"", ""leaf veins"", ""leaf and stem"", ""close-up leaf"", ""blurred background""]","[""leaf"", ""stem"", ""leaf upper surface""]",1.0,0.6667,0.8,0.6667
thomas/0265-01-01,Aesculus glabra,thomas/0265-01,leaf / whole upper surface,leaf,"[""leaf"", ""leaf upper surface"", ""leaf arrangement on twig"", ""stem""]","{""leaf"": 0.9256, ""leaf upper surface"": 0.8803, ""leaf arrangement on twig"": 0.8064, ""stem"": 0.6825}",True,True,"[""palmate leaf"", ""compound leaf"", ""green leaves"", ""leaf veins"", ""serrated margin"", ""close-up leaf""]","[""leaf"", ""leaf upper surface"", ""leaf margin"", ""leaf arrangement on twig""]",0.75,0.75,0.75,0.6
thomas/0265-01-02,Aesculus glabra,thomas/0265-01,twig / close-up winter leaf scar/bud,twig,"[""stem"", ""bud"", ""leaf arrangement on twig"", ""twig"", ""leaf""]","{""stem"": 0.9426, ""bud"": 0.8859, ""leaf arrangement on twig"": 0.8468, ""twig"": 0.7781, ""leaf"": 0.5349}",True,False,"[""green stem"", ""gray stem"", ""leaf scar"", ""bud"", ""close-up"", ""branching stem""]","[""stem"", ""twig"", ""leaf scar"", ""bud"", ""leaf arrangement on twig""]",0.8,0.8,0.8,0.6667
thomas/0265-01-03,Aesculus glabra,thomas/0265-01,twig / orientation of petioles,twig,"[""stem"", ""bud""]","{""stem"": 0.9314, ""bud"": 0.865}",False,False,"[""green stem"", ""branching pattern"", ""small buds"", ""close-up view"", ""plant junction""]","[""stem"", ""branch"", ""bud"", ""twig"", ""leaf arrangement on twig""]",1.0,0.4,0.5714,0.4
thomas/0265-01-04,Aesculus glabra,thomas/0265-01,leaf / showing orientation on twig,leaf,"[""leaf arrangement on twig"", ""leaf"", ""stem"", ""twig""]","{""leaf arrangement on twig"": 0.9274, ""leaf"": 0.8938, ""stem"": 0.8627, ""twig"": 0.7407}",True,False,"[""palmate leaves"", ""green foliage"", ""branching twig"", ""leaf arrangement"", ""close-up leaves"", ""natural light""]","[""leaf"", ""twig"", ""branch"", ""leaf arrangement on twig""]",0.75,0.75,0.75,0.6
thomas/0265-01-05,Aesculus glabra,thomas/0265-01,leaf / whole upper surface,leaf,"[""leaf"", ""leaf arrangement on twig"", ""stem""]","{""leaf"": 0.8764, ""leaf arrangement on twig"": 0.8252, ""stem"": 0.7698}",True,True,"[""palmate leaf"", ""green leaves"", ""leaf veins"", ""close-up leaf"", ""leaf arrangement""]","[""leaf"", ""leaf upper surface"", ""leaf arrangement on twig""]",0.6667,0.6667,0.6667,0.5
thomas/0265-01-06,Aesculus glabra,thomas/0265-01,inflorescence / lateral view of flower,flower,"[""flower"", ""flower close-up"", ""immature fruit"", ""stem"", ""inflorescence"", ""bud""]","{""flower"": 0.9237, ""flower close-up"": 0.9208, ""immature fruit"": 0.7813, ""stem"": 0.7796, ""inflorescence"": 0.751, ""bud"": 0.7081}",True,True,"[""pale green flower"", ""orange filaments"", ""close-up flower"", ""delicate structure"", ""unopened bud"", ""detailed texture""]","[""flower"", ""flower close-up"", ""flower interior"", ""lateral flower view""]",0.3333,0.5,0.4,0.25
thomas/0301-02-01,Toxicodendron radicans,thomas/0301-02,inflorescence / frontal view of flower,flower,"[""flower"", ""flower close-up"", ""inflorescence"", ""stem"", ""lateral flower view"", ""bud""]","{""flower"": 0.9878, ""flower close-up"": 0.9871, ""inflorescence"": 0.9501, ""stem"": 0.8872, ""lateral flower view"": 0.8313, ""bud"": 0.824}",True,True,"[""small twigs"", ""white flowers"", ""green buds"", ""close-up view"", ""blurred background"", ""delicate blossoms""]","[""twig"", ""flower"", ""bud"", ""flower close-up""]",0.5,0.75,0.6,0.4286
thomas/0301-02-02,Toxicodendron radicans,thomas/0301-02,leaf / whole upper surface,leaf,"[""leaf"", ""stem"", ""leaf arrangement on twig""]","{""leaf"": 0.9878, ""stem"": 0.9161, ""leaf arrangement on twig"": 0.9149}",True,True,"[""compound leaves"", ""bright green foliage"", ""leaf veins"", ""leaf arrangement"", ""close-up view"", ""natural light""]","[""leaf"", ""leaf arrangement on twig"", ""leaf upper surface""]",0.6667,0.6667,0.6667,0.5
thomas/0301-02-03,Toxicodendron radicans,thomas/0301-02,inflorescence / whole - unspecified,flower,"[""flower"", ""stem"", ""inflorescence"", ""flower close-up"", ""bud"", ""leaf"", ""twig""]","{""flower"": 0.9737, ""stem"": 0.9475, ""inflorescence"": 0.9396, ""flower close-up"": 0.9276, ""bud"": 0.7747, ""leaf"": 0.6867, ""twig"": 0.5251}",True,True,"[""small twigs"", ""white flowers"", ""green leaves"", ""reddish stem"", ""close-up view""]","[""twig"", ""flower"", ""leaf"", ""stem"", ""flower close-up""]",0.7143,1.0,0.8333,0.7143
thomas/0440-04-01,Cephalanthus occidentalis,thomas/0440-04,twig / orientation of petioles,twig,"[""stem"", ""petiole arrangement"", ""bud"", ""leaf arrangement on twig"", ""leaf"", ""twig""]","{""stem"": 0.9375, ""petiole arrangement"": 0.9047, ""bud"": 0.9024, ""leaf arrangement on twig"": 0.7703, ""leaf"": 0.7038, ""twig"": 0.6347}",True,False,"[""green stem"", ""leaf vein"", ""branching stem"", ""leaf attachment"", ""close-up view"", ""plant detail""]","[""stem"", ""branch"", ""leaf"", ""leaf arrangement on twig"", ""petiole arrangement""]",0.6667,0.8,0.7273,0.5714
thomas/0440-04-02,Cephalanthus occidentalis,thomas/0440-04,bark / of a small tree or small branch,bark,"[""stem"", ""bud"", ""twig"", ""bark"", ""leaf arrangement on twig"", ""branch""]","{""stem"": 0.8863, ""bud"": 0.8749, ""twig"": 0.8634, ""bark"": 0.6519, ""leaf arrangement on twig"": 0.6091, ""branch"": 0.6086}",True,False,"[""branching pattern"", ""woody stem"", ""twig junctions"", ""lenticels"", ""close-up view"", ""smooth bark""]","[""branch"", ""stem"", ""twig"", ""bark"", ""medium-tree or large-branch bark""]",0.6667,0.8,0.7273,0.5714
thomas/0440-04-03,Cephalanthus occidentalis,thomas/0440-04,leaf / unspecified,leaf,"[""leaf upper surface"", ""leaf"", ""leaf margin"", ""petiole arrangement"", ""leaf arrangement on twig""]","{""leaf upper surface"": 0.9681, ""leaf"": 0.9672, ""leaf margin"": 0.9193, ""petiole arrangement"": 0.8714, ""leaf arrangement on twig"": 0.7053}",True,False,"[""leaf underside"", ""vein pattern"", ""green leaf"", ""close-up view"", ""leaf texture"", ""plant detail""]","[""leaf"", ""leaf upper surface"", ""leaf margin"", ""petiole arrangement""]",0.8,1.0,0.8889,0.8
thomas/0440-04-04,Cephalanthus occidentalis,thomas/0440-04,whole tree (or vine) / general,whole plant,"[""leaf"", ""stem"", ""whole plant"", ""twig"", ""leaf arrangement on twig"", ""branch""]","{""leaf"": 0.9468, ""stem"": 0.883, ""whole plant"": 0.8459, ""twig"": 0.7409, ""leaf arrangement on twig"": 0.7265, ""branch"": 0.7228}",True,False,"[""small shrub"", ""green leaves"", ""developing fruit"", ""multiple stems"", ""herbaceous groundcover"", ""sunny day"", ""natural habitat""]","[""whole plant"", ""stem"", ""leaf"", ""fruit"", ""immature fruit"", ""fruit borne on plant""]",0.5,0.5,0.5,0.3333
thomas/0440-04-05,Cephalanthus occidentalis,thomas/0440-04,leaf / showing orientation on twig,leaf,"[""leaf"", ""leaf arrangement on twig"", ""leaf upper surface"", ""stem"", ""twig"", ""bud""]","{""leaf"": 0.9852, ""leaf arrangement on twig"": 0.927, ""leaf upper surface"": 0.8002, ""stem"": 0.7907, ""twig"": 0.6174, ""bud"": 0.6062}",True,True,"[""green leaves"", ""reddish stem"", ""new growth"", ""close-up leaves"", ""veined leaves"", ""branching stem""]","[""leaf"", ""stem"", ""twig"", ""leaf arrangement on twig""]",0.6667,1.0,0.8,0.6667
thomas/0440-04-06,Cephalanthus occidentalis,thomas/0440-04,inflorescence / lateral view of flower,flower,"[""fruit"", ""immature fruit"", ""fruit close-up"", ""fruit borne on plant"", ""flower close-up"", ""flower"", ""inflorescence"", ""stem""]","{""fruit"": 0.9542, ""immature fruit"": 0.9419, ""fruit close-up"": 0.903, ""fruit borne on plant"": 0.8959, ""flower close-up"": 0.8255, ""flower"": 0.7223, ""inflorescence"": 0.6728, ""stem"": 0.5495}",True,False,"[""spherical cluster"", ""developing fruit"", ""slender stalks"", ""close-up"", ""green and brown"", ""textured surface""]","[""fruit"", ""immature fruit"", ""fruit close-up"", ""inflorescence""]",0.5,1.0,0.6667,0.5
thomas/0440-04-07,Cephalanthus occidentalis,thomas/0440-04,inflorescence / whole - unspecified,flower,"[""inflorescence"", ""flower close-up"", ""flower"", ""immature fruit"", ""fruit"", ""stem"", ""fruit borne on plant""]","{""inflorescence"": 0.9363, ""flower close-up"": 0.9205, ""flower"": 0.8948, ""immature fruit"": 0.7646, ""fruit"": 0.6685, ""stem"": 0.6584, ""fruit borne on plant"": 0.5542}",True,False,"[""spherical cluster"", ""small structures"", ""green stem"", ""close-up view"", ""detailed texture"", ""radial symmetry""]","[""inflorescence"", ""stem"", ""flower close-up"", ""fruit"", ""immature fruit""]",0.7143,1.0,0.8333,0.7143
thomas/0486-01-01,Robinia pseudoacacia,thomas/0486-01,inflorescence / lateral view of flower,flower,"[""leaf"", ""flower"", ""stem"", ""fruit""]","{""leaf"": 0.8464, ""flower"": 0.7727, ""stem"": 0.7093, ""fruit"": 0.6883}",True,False,"[""white flowers"", ""green leaves"", ""developing buds"", ""close-up view"", ""floral details"", ""vibrant colors""]","[""flower"", ""leaf"", ""bud"", ""flower close-up"", ""fruit"", ""immature fruit"", ""flower interior""]",0.75,0.4286,0.5455,0.375
thomas/0486-01-02,Robinia pseudoacacia,thomas/0486-01,whole tree (or vine) / general,whole plant,"[""inflorescence"", ""flower"", ""branch"", ""leaf"", ""twig""]","{""inflorescence"": 0.9598, ""flower"": 0.9173, ""branch"": 0.9111, ""leaf"": 0.9023, ""twig"": 0.6032}",False,False,"[""compound leaves"", ""white flower clusters"", ""woody stems"", ""forest floor"", ""leafy shrub"", ""trunk section""]","[""leaf"", ""flower"", ""inflorescence"", ""stem"", ""trunk"", ""whole plant""]",0.6,0.5,0.5455,0.375
thomas/0486-01-03,Robinia pseudoacacia,thomas/0486-01,inflorescence / whole - unspecified,flower,"[""inflorescence"", ""flower"", ""lateral flower view"", ""flower close-up""]","{""inflorescence"": 0.934, ""flower"": 0.9184, ""lateral flower view"": 0.9085, ""flower close-up"": 0.8479}",True,False,"[""white flowers"", ""hanging flower cluster"", ""green foliage"", ""close-up view"", ""pendulous inflorescence"", ""delicate petals""]","[""flower"", ""inflorescence"", ""leaf"", ""flower close-up"", ""lateral flower view""]",1.0,0.8,0.8889,0.8
thomas/0486-01-04,Robinia pseudoacacia,thomas/0486-01,leaf / whole upper surface,leaf,"[""leaf"", ""leaf arrangement on twig"", ""stem""]","{""leaf"": 0.9752, ""leaf arrangement on twig"": 0.9132, ""stem"": 0.6796}",True,True,"[""compound leaf"", ""green leaflets"", ""elongated leaflets"", ""thin stem"", ""leaf arrangement""]","[""leaf"", ""stem"", ""leaf arrangement on twig""]",1.0,1.0,1.0,1.0
thomas/0486-01-05,Robinia pseudoacacia,thomas/0486-01,inflorescence / whole - unspecified,flower,"[""inflorescence"", ""flower"", ""branch"", ""leaf""]","{""inflorescence"": 0.9574, ""flower"": 0.9335, ""branch"": 0.7034, ""leaf"": 0.6505}",True,False,"[""hanging flower cluster"", ""compound leaves"", ""green foliage"", ""white flowers"", ""slender branch"", ""soft focus background""]","[""flower"", ""inflorescence"", ""leaf"", ""branch"", ""flower close-up""]",1.0,0.8,0.8889,0.8
thomas/0486-01-06,Robinia pseudoacacia,thomas/0486-01,bark / of a small tree or small branch,bark,"[""bark"", ""medium-tree or large-branch bark"", ""trunk"", ""large-tree bark"", ""twig""]","{""bark"": 0.9891, ""medium-tree or large-branch bark"": 0.9434, ""trunk"": 0.9233, ""large-tree bark"": 0.8859, ""twig"": 0.6153}",True,True,"[""gray bark"", ""woody stem"", ""branching pattern"", ""close-up bark"", ""thorn-like structure"", ""plant stem""]","[""trunk"", ""bark"", ""branch"", ""stem"", ""twig"", ""large-tree bark""]",0.8,0.6667,0.7273,0.5714
thomas/0486-01-07,Robinia pseudoacacia,thomas/0486-01,twig / orientation of petioles,twig,"[""bark"", ""medium-tree or large-branch bark"", ""trunk"", ""twig""]","{""bark"": 0.922, ""medium-tree or large-branch bark"": 0.8772, ""trunk"": 0.7037, ""twig"": 0.5646}",True,False,"[""thorny stem"", ""gray bark"", ""close-up view"", ""vertical orientation"", ""smooth bark"", ""pointed thorn""]","[""stem"", ""bark"", ""twig"", ""small-tree or branch bark""]",0.5,0.5,0.5,0.3333
thomas/0486-01-08,Robinia pseudoacacia,thomas/0486-01,fruit / as borne on the plant,fruit,"[""inflorescence"", ""fruit"", ""flower"", ""branch"", ""leaf"", ""immature fruit"", ""fruit borne on plant"", ""twig""]","{""inflorescence"": 0.928, ""fruit"": 0.834, ""flower"": 0.8189, ""branch"": 0.7811, ""leaf"": 0.7688, ""immature fruit"": 0.7582, ""fruit borne on plant"": 0.7317, ""twig"": 0.5468}",True,False,"[""hanging flower clusters"", ""developing seed pods"", ""compound leaves"", ""woody branch"", ""bright green foliage"", ""blurred background""]","[""leaf"", ""flower"", ""inflorescence"", ""fruit"", ""twig"", ""fruit borne on plant"", ""immature fruit""]",0.875,1.0,0.9333,0.875
thomas/0486-01-09,Robinia pseudoacacia,thomas/0486-01,twig / unspecified,twig,"[""bark"", ""medium-tree or large-branch bark"", ""twig"", ""trunk""]","{""bark"": 0.895, ""medium-tree or large-branch bark"": 0.8538, ""twig"": 0.6538, ""trunk"": 0.6055}",True,False,"[""woody stem"", ""sharp thorns"", ""close-up view"", ""textured bark"", ""dormant branch"", ""pointed structures""]","[""stem"", ""twig"", ""bark"", ""bud"", ""winter habit"", ""winter twig""]",0.5,0.3333,0.4,0.25
thomas/0486-01-10,Robinia pseudoacacia,thomas/0486-01,inflorescence / ventral view of flower + perianth,flower,"[""flower close-up"", ""flower"", ""lateral flower view"", ""inflorescence""]","{""flower close-up"": 0.9721, ""flower"": 0.963, ""lateral flower view"": 0.8927, ""inflorescence"": 0.8475}",True,False,"[""white and green buds"", ""close-up of buds"", ""rough bark background"", ""early spring growth"", ""pointed buds"", ""developing buds""]","[""bud"", ""twig"", ""bark"", ""flower close-up""]",0.25,0.25,0.25,0.1429
thomas/0486-01-11,Robinia pseudoacacia,thomas/0486-01,inflorescence / close-up of flower interior,flower,"[""flower close-up"", ""flower"", ""inflorescence"", ""stem"", ""bud""]","{""flower close-up"": 0.8524, ""flower"": 0.8414, ""inflorescence"": 0.6689, ""stem"": 0.6683, ""bud"": 0.643}",True,False,"[""elongated flower"", ""pale green bloom"", ""rough bark"", ""delicate filaments"", ""close-up flower"", ""emerging bud""]","[""flower"", ""flower close-up"", ""bark"", ""bud"", ""lateral flower view""]",0.6,0.6,0.6,0.4286
thomas/0506-01-01,Toxicodendron radicans,thomas/0506-01,inflorescence / whole - unspecified,flower,"[""flower close-up"", ""flower"", ""inflorescence"", ""stem""]","{""flower close-up"": 0.9883, ""flower"": 0.9837, ""inflorescence"": 0.9689, ""stem"": 0.6617}",True,False,"[""small flowers"", ""yellow centers"", ""green petals"", ""clustered blooms"", ""close-up view"", ""delicate structures""]","[""flower"", ""flower close-up"", ""inflorescence"", ""lateral flower view""]",0.75,0.75,0.75,0.6
thomas/0506-01-02,Toxicodendron radicans,thomas/0506-01,inflorescence / lateral view of flower,flower,"[""flower close-up"", ""flower"", ""inflorescence"", ""flower interior"", ""stem""]","{""flower close-up"": 0.9933, ""flower"": 0.989, ""inflorescence"": 0.9525, ""flower interior"": 0.9043, ""stem"": 0.731}",True,False,"[""small white flowers"", ""yellow pollen"", ""green buds"", ""close-up view"", ""floral cluster""]","[""flower"", ""flower close-up"", ""inflorescence"", ""bud""]",0.6,0.75,0.6667,0.5
thomas/0506-01-03,Toxicodendron radicans,thomas/0506-01,inflorescence / frontal view of flower,flower,"[""flower close-up"", ""flower"", ""inflorescence"", ""stem""]","{""flower close-up"": 0.985, ""flower"": 0.9808, ""inflorescence"": 0.952, ""stem"": 0.5275}",True,False,"[""small flowers"", ""yellow pollen"", ""green floral parts"", ""close-up view"", ""flower cluster"", ""delicate structures""]","[""flower"", ""flower close-up"", ""inflorescence"", ""male reproductive structure"", ""flower interior""]",0.75,0.6,0.6667,0.5
thomas/0506-01-04,Toxicodendron radicans,thomas/0506-01,leaf / whole upper surface,leaf,"[""leaf"", ""leaf upper surface"", ""leaf arrangement on twig"", ""stem""]","{""leaf"": 0.9874, ""leaf upper surface"": 0.9282, ""leaf arrangement on twig"": 0.82, ""stem"": 0.6339}",True,True,"[""compound leaf"", ""green leaves"", ""leaf arrangement"", ""central vein"", ""leaf margin"", ""stem"", ""isolated leaf""]","[""leaf"", ""stem"", ""leaf arrangement on twig"", ""leaf margin""]",0.75,0.75,0.75,0.6
thomas/0506-01-05,Toxicodendron radicans,thomas/0506-01,leaf / unspecified,leaf,"[""petiole arrangement"", ""leaf"", ""leaf upper surface"", ""leaf margin"", ""leaf arrangement on twig"", ""stem""]","{""petiole arrangement"": 0.9563, ""leaf"": 0.9399, ""leaf upper surface"": 0.8979, ""leaf margin"": 0.744, ""leaf arrangement on twig"": 0.7341, ""stem"": 0.7274}",True,False,"[""hairy stem"", ""green leaf"", ""leaf veins"", ""close-up"", ""branching stem"", ""red stems""]","[""stem"", ""leaf"", ""twig"", ""leaf arrangement on twig"", ""petiole arrangement""]",0.6667,0.8,0.7273,0.5714
thomas/0506-01-06,Toxicodendron radicans,thomas/0506-01,whole tree (or vine) / general,whole plant,"[""leaf"", ""stem"", ""leaf arrangement on twig"", ""immature fruit""]","{""leaf"": 0.989, ""stem"": 0.8858, ""leaf arrangement on twig"": 0.8785, ""immature fruit"": 0.758}",False,False,"[""green leaves"", ""small branch"", ""developing fruit"", ""compound leaves"", ""woody stem"", ""cluster of berries""]","[""leaf"", ""branch"", ""stem"", ""twig"", ""fruit"", ""inflorescence"", ""immature fruit"", ""fruit borne on plant""]",0.75,0.375,0.5,0.3333
thomas/0506-01-07,Toxicodendron radicans,thomas/0506-01,inflorescence / whole - unspecified,flower,"[""stem"", ""immature fruit"", ""inflorescence"", ""leaf"", ""fruit"", ""fruit borne on plant"", ""twig""]","{""stem"": 0.9618, ""immature fruit"": 0.9529, ""inflorescence"": 0.9106, ""leaf"": 0.8801, ""fruit"": 0.88, ""fruit borne on plant"": 0.8673, ""twig"": 0.6101}",False,False,"[""green inflorescence"", ""developing fruit"", ""reddish stem"", ""broad leaves"", ""close-up view"", ""cluster of flowers""]","[""stem"", ""leaf"", ""inflorescence"", ""flower"", ""fruit"", ""immature fruit"", ""flower close-up""]",0.7143,0.7143,0.7143,0.5556
thomas/0506-01-08,Toxicodendron radicans,thomas/0506-01,leaf / showing orientation on twig,leaf,"[""leaf"", ""leaf arrangement on twig"", ""stem""]","{""leaf"": 0.9592, ""leaf arrangement on twig"": 0.8615, ""stem"": 0.7664}",True,True,"[""green leaves"", ""woody vine"", ""textured bark"", ""leaf arrangement"", ""clinging vine"", ""bright light""]","[""leaf"", ""stem"", ""bark"", ""leaf arrangement on twig"", ""medium-tree or large-branch bark""]",1.0,0.6,0.75,0.6
thomas/0506-01-09,Toxicodendron radicans,thomas/0506-01,leaf / unspecified,leaf,"[""leaf"", ""leaf upper surface"", ""leaf margin"", ""leaf arrangement on twig""]","{""leaf"": 0.9965, ""leaf upper surface"": 0.9885, ""leaf margin"": 0.7902, ""leaf arrangement on twig"": 0.6752}",True,True,"[""green leaves"", ""leaf veins"", ""close-up leaf"", ""leaf texture"", ""broadleaf"", ""leaf detail""]","[""leaf"", ""leaf upper surface"", ""leaf margin""]",0.75,1.0,0.8571,0.75
thomas/0506-01-10,Toxicodendron radicans,thomas/0506-01,leaf / unspecified,leaf,"[""leaf upper surface"", ""leaf margin"", ""leaf""]","{""leaf upper surface"": 0.9664, ""leaf margin"": 0.9452, ""leaf"": 0.9122}",True,False,"[""leaf edge"", ""leaf texture"", ""serrated margin"", ""green leaf"", ""close-up view"", ""leaf detail""]","[""leaf"", ""leaf margin"", ""leaf upper surface""]",1.0,1.0,1.0,1.0
vanderbilt/conkin-p-69-campus-from-kirkland-tower,Quercus macrocarpa,vanderbilt/h001,whole tree (or vine) / general,whole plant,"[""leaf"", ""trunk""]","{""leaf"": 0.6102, ""trunk"": 0.5959}",False,False,"[""dense foliage"", ""large trees"", ""building among trees"", ""aerial view"", ""green canopy"", ""tree crowns""]","[""whole plant"", ""branch"", ""leaf"", ""view up trunk""]",0.5,0.25,0.3333,0.2
vanderbilt/mcgaw-p137-old-central-porch,Quercus macrocarpa,vanderbilt/h001,bark / of a large tree,bark,"[""leaf""]","{""leaf"": 0.5498}",False,False,"[""large tree"", ""dense foliage"", ""woody trunk"", ""visible branches"", ""outdoor scene"", ""porch view""]","[""whole plant"", ""trunk"", ""branch""]",0.0,0.0,0.0,0.0
