image_id,url,status,content_type,error
baskauf/00000,https://bioimages.vanderbilt.edu/tn/baskauf/tacru--fldistant00000.jpg,200,image/jpeg,
baskauf/00001,https://bioimages.vanderbilt.edu/tn/baskauf/tacru--flclose00001.jpg,200,image/jpeg,
baskauf/10206,https://bioimages.vanderbilt.edu/tn/baskauf/tceca4-fr10206.jpg,200,image/jpeg,
baskauf/10207,https://bioimages.vanderbilt.edu/tn/baskauf/tceca4-frmature10207.jpg,200,image/jpeg,
baskauf/10213,https://bioimages.vanderbilt.edu/tn/baskauf/tnysy--wplarge10213.jpg,200,image/jpeg,
baskauf/10218,https://bioimages.vanderbilt.edu/tn/baskauf/tnysy--lfseveral10218.jpg,200,image/jpeg,
baskauf/10220,https://bioimages.vanderbilt.edu/tn/baskauf/ttiamh-frmature10220.jpg,200,image/jpeg,
baskauf/10221,https://bioimages.vanderbilt.edu/tn/baskauf/tnysy--lf10221.jpg,200,image/jpeg,
baskauf/10225,https://bioimages.vanderbilt.edu/tn/baskauf/tpist--cofemale-dist10225.jpg,200,image/jpeg,
baskauf/10332,https://bioimages.vanderbilt.edu/tn/baskauf/tjuvi--wpin-rock10332.jpg,200,image/jpeg,
baskauf/10333,https://bioimages.vanderbilt.edu/tn/baskauf/tjuvi--wpshallow-soil10333.jpg,200,image/jpeg,
baskauf/10336,https://bioimages.vanderbilt.edu/tn/baskauf/tploc--wplarge-winter10336.jpg,200,image/jpeg,
baskauf/10338,https://bioimages.vanderbilt.edu/tn/baskauf/tploc--wpmedium10338.jpg,200,image/jpeg,
baskauf/10339,https://bioimages.vanderbilt.edu/tn/baskauf/tceca4-frdistant10339.jpg,200,image/jpeg,
baskauf/10341,https://bioimages.vanderbilt.edu/tn/baskauf/tulam--wpspring10341.jpg,200,image/jpeg,
baskauf/10343,https://bioimages.vanderbilt.edu/tn/baskauf/tulam--flin-flower10343.jpg,200,image/jpeg,
baskauf/10344,https://bioimages.vanderbilt.edu/tn/baskauf/tulam--flin-flower10344.jpg,200,image/jpeg,
baskauf/10374,https://bioimages.vanderbilt.edu/tn/baskauf/tacsa3-fldstant10374.jpg,200,image/jpeg,
baskauf/10376,https://bioimages.vanderbilt.edu/tn/baskauf/tacsa3-fl10376.jpg,200,image/jpeg,
baskauf/10377,https://bioimages.vanderbilt.edu/tn/baskauf/tcofl2-flbuds10377.jpg,200,image/jpeg,
baskauf/10380,https://bioimages.vanderbilt.edu/tn/baskauf/tulam--frdevel10380.jpg,200,image/jpeg,
baskauf/10386,https://bioimages.vanderbilt.edu/tn/baskauf/tacsa3-fl10386.jpg,200,image/jpeg,
baskauf/10392,https://bioimages.vanderbilt.edu/tn/baskauf/tceca4-flon-branch10392.jpg,200,image/jpeg,
baskauf/10393,https://bioimages.vanderbilt.edu/tn/baskauf/tceca4-fl10393.jpg,200,image/jpeg,
baskauf/10414,https://bioimages.vanderbilt.edu/tn/baskauf/trhgl--frdistant10414.jpg,200,image/jpeg,
baskauf/10415,https://bioimages.vanderbilt.edu/tn/baskauf/trhgl--fr10415.jpg,200,image/jpeg,
baskauf/10419,https://bioimages.vanderbilt.edu/tn/baskauf/trhcol2fr10419.jpg,200,image/jpeg,
baskauf/10420,https://bioimages.vanderbilt.edu/tn/baskauf/trhcol2frdistant10420.jpg,200,image/jpeg,
baskauf/10427,https://bioimages.vanderbilt.edu/tn/baskauf/tnysy--twleaf-scar10427.jpg,200,image/jpeg,
baskauf/10430,https://bioimages.vanderbilt.edu/tn/baskauf/tfagr--tw10430.jpg,200,image/jpeg,
baskauf/10431,https://bioimages.vanderbilt.edu/tn/baskauf/tfagr--twleaf-bud10431.jpg,200,image/jpeg,
baskauf/10432,https://bioimages.vanderbilt.edu/tn/baskauf/tfagr--br10432.jpg,200,image/jpeg,
baskauf/10457,https://bioimages.vanderbilt.edu/tn/baskauf/tfagr--flbuds10457.jpg,200,image/jpeg,
baskauf/10459,https://bioimages.vanderbilt.edu/tn/baskauf/tfagr--flbuds10459.jpg,200,image/jpeg,
baskauf/10460,https://bioimages.vanderbilt.edu/tn/baskauf/tfagr--flbuds10460.jpg,200,image/jpeg,
baskauf/10462,https://bioimages.vanderbilt.edu/tn/baskauf/tploc--br10462.jpg,200,image/jpeg,
baskauf/10463,https://bioimages.vanderbilt.edu/tn/baskauf/tploc--frmature10463.jpg,200,image/jpeg,
baskauf/10464,https://bioimages.vanderbilt.edu/tn/baskauf/tploc--frdistant10464.jpg,200,image/jpeg,
baskauf/10469,https://bioimages.vanderbilt.edu/tn/baskauf/tcofl2-flseveral10469.jpg,200,image/jpeg,
baskauf/10470,https://bioimages.vanderbilt.edu/tn/baskauf/tcofl2-fldevel10470.jpg,200,image/jpeg,
baskauf/10471,https://bioimages.vanderbilt.edu/tn/baskauf/tcofl2-brmedium10471.jpg,200,image/jpeg,
baskauf/10474,https://bioimages.vanderbilt.edu/tn/baskauf/tfagr--lfbuds-opening10474.jpg,200,image/jpeg,
baskauf/10485,https://bioimages.vanderbilt.edu/tn/baskauf/ttsca--cofemale-mature10485.jpg,200,image/jpeg,
baskauf/10491,https://bioimages.vanderbilt.edu/tn/baskauf/tceca4-wproadside10491.jpg,200,image/jpeg,
baskauf/10492,https://bioimages.vanderbilt.edu/tn/baskauf/tacru--frsamars10492.jpg,200,image/jpeg,
baskauf/10493,https://bioimages.vanderbilt.edu/tn/baskauf/tceca4-wproadside10493.jpg,200,image/jpeg,
baskauf/10494,https://bioimages.vanderbilt.edu/tn/baskauf/tacru--wpin-fruit10494.jpg,200,image/jpeg,
baskauf/10495,https://bioimages.vanderbilt.edu/tn/baskauf/tacru--frsamaras10495.jpg,200,image/jpeg,
baskauf/10496,https://bioimages.vanderbilt.edu/tn/baskauf/tacru--frin-fruit10496.jpg,200,image/jpeg,
baskauf/10497,https://bioimages.vanderbilt.edu/tn/baskauf/tceca4-wpdistant10497.jpg,200,image/jpeg,
baskauf/10498,https://bioimages.vanderbilt.edu/tn/baskauf/tquru--flin-flower-10498.jpg,200,image/jpeg,
baskauf/10499,https://bioimages.vanderbilt.edu/tn/baskauf/tquru--br10499.jpg,200,image/jpeg,
baskauf/10502,https://bioimages.vanderbilt.edu/tn/baskauf/tgibi2-lfdevel10502.jpg,200,image/jpeg,
baskauf/10503,https://bioimages.vanderbilt.edu/tn/baskauf/tfagr--flmature10503.jpg,200,image/jpeg,
baskauf/10504,https://bioimages.vanderbilt.edu/tn/baskauf/tfagr--flmature-male10504.jpg,200,image/jpeg,
baskauf/10506,https://bioimages.vanderbilt.edu/tn/baskauf/tfagr--flmature-male10506.jpg,200,image/jpeg,
baskauf/10515,https://bioimages.vanderbilt.edu/tn/baskauf/ttsca--coall10515.jpg,200,image/jpeg,
baskauf/10516,https://bioimages.vanderbilt.edu/tn/baskauf/ttsca--cofemale-devel10516.jpg,200,image/jpeg,
baskauf/10534,https://bioimages.vanderbilt.edu/tn/baskauf/tcofl2-flclose10534.jpg,200,image/jpeg,
baskauf/10535,https://bioimages.vanderbilt.edu/tn/baskauf/tcofl2-flon-branch10535.jpg,200,image/jpeg,
baskauf/10536,https://bioimages.vanderbilt.edu/tn/baskauf/ttsca--comale10536.jpg,200,image/jpeg,
baskauf/10537,https://bioimages.vanderbilt.edu/tn/baskauf/tsaal5-fl10537.jpg,200,image/jpeg,
baskauf/10539,https://bioimages.vanderbilt.edu/tn/baskauf/tsaal5-fl10539.jpg,200,image/jpeg,
baskauf/10550,https://bioimages.vanderbilt.edu/tn/baskauf/tfagr--fr10550.jpg,200,image/jpeg,
baskauf/10554,https://bioimages.vanderbilt.edu/tn/baskauf/tgibi2-comale10554.jpg,200,image/jpeg,
baskauf/10556,https://bioimages.vanderbilt.edu/tn/baskauf/tgibi2-lfpetiole-close10556.jpg,200,image/jpeg,
baskauf/10557,https://bioimages.vanderbilt.edu/tn/baskauf/tgibi2-twdevel-lf10557.jpg,200,image/jpeg,
baskauf/10564,https://bioimages.vanderbilt.edu/tn/baskauf/tacsa3-frdevel10564.jpg,200,image/jpeg,
baskauf/10565,https://bioimages.vanderbilt.edu/tn/baskauf/tacsa3-frdevel10565.jpg,200,image/jpeg,
baskauf/10570,https://bioimages.vanderbilt.edu/tn/baskauf/tacsa3-frdevel10570.jpg,200,image/jpeg,
baskauf/10574,https://bioimages.vanderbilt.edu/tn/baskauf/tnysy--flbud10574.jpg,200,image/jpeg,
baskauf/10602,https://bioimages.vanderbilt.edu/tn/baskauf/tfagr--frdevel10602.jpg,200,image/jpeg,
baskauf/10603,https://bioimages.vanderbilt.edu/tn/baskauf/tcofl2-frdevel10603.jpg,200,image/jpeg,
baskauf/10606,https://bioimages.vanderbilt.edu/tn/baskauf/tacsa3-frimmature10606.jpg,200,image/jpeg,
baskauf/10643,https://bioimages.vanderbilt.edu/tn/baskauf/tprse2-flin-flower10643.jpg,200,image/jpeg,
baskauf/10651,https://bioimages.vanderbilt.edu/tn/baskauf/tprse2-flinflor-dist10651.jpg,200,image/jpeg,
baskauf/10652,https://bioimages.vanderbilt.edu/tn/baskauf/tprse2-flinflor-close10652.jpg,200,image/jpeg,
baskauf/10670,https://bioimages.vanderbilt.edu/tn/baskauf/ttiamh-flearly10670.jpg,200,image/jpeg,
baskauf/10673,https://bioimages.vanderbilt.edu/tn/baskauf/tjuni--flmale-catkins10673.jpg,200,image/jpeg,
baskauf/10674,https://bioimages.vanderbilt.edu/tn/baskauf/tjuni--flin-flower10674.jpg,200,image/jpeg,
baskauf/10675,https://bioimages.vanderbilt.edu/tn/baskauf/taehi--flin-flower10675.jpg,200,image/jpeg,
baskauf/10676,https://bioimages.vanderbilt.edu/tn/baskauf/taehi--flcloseup10676.jpg,200,image/jpeg,
baskauf/10677,https://bioimages.vanderbilt.edu/tn/baskauf/taehi--flinflor10677.jpg,200,image/jpeg,
baskauf/10683,https://bioimages.vanderbilt.edu/tn/baskauf/tjuni--flfemale10683.jpg,200,image/jpeg,
baskauf/10685,https://bioimages.vanderbilt.edu/tn/baskauf/tjuni--brlarge-tree10685.jpg,200,image/jpeg,
baskauf/10688,https://bioimages.vanderbilt.edu/tn/baskauf/tjuni--flmale-female10688.jpg,200,image/jpeg,
baskauf/10689,https://bioimages.vanderbilt.edu/tn/baskauf/taegl--flin-flower10689.jpg,200,image/jpeg,
baskauf/10690,https://bioimages.vanderbilt.edu/tn/baskauf/taegl--flinflor10690.jpg,200,image/jpeg,
baskauf/10692,https://bioimages.vanderbilt.edu/tn/baskauf/taegl--flcloseup10692.jpg,200,image/jpeg,
baskauf/10693,https://bioimages.vanderbilt.edu/tn/baskauf/taegl--br10693.jpg,200,image/jpeg,
baskauf/10739,https://bioimages.vanderbilt.edu/tn/baskauf/tceca4-frdevel10739.jpg,200,image/jpeg,
baskauf/10757,https://bioimages.vanderbilt.edu/tn/baskauf/tfagr--lfseveral10757.jpg,200,image/jpeg,
baskauf/10766,https://bioimages.vanderbilt.edu/tn/baskauf/tceca4-lfseveral10766.jpg,200,image/jpeg,
baskauf/10791,https://bioimages.vanderbilt.edu/tn/baskauf/tjuvi--cofemale10791.jpg,200,image/jpeg,
baskauf/10793,https://bioimages.vanderbilt.edu/tn/baskauf/tjuvi--cofemale10793.jpg,200,image/jpeg,
baskauf/10794,https://bioimages.vanderbilt.edu/tn/baskauf/tjuvi--cofemale10794.jpg,200,image/jpeg,
baskauf/10805,https://bioimages.vanderbilt.edu/tn/baskauf/ttsca--cofemale-devel10805.jpg,200,image/jpeg,
baskauf/10832,https://bioimages.vanderbilt.edu/tn/baskauf/ttora2-flinflor10832.jpg,200,image/jpeg,
baskauf/10833,https://bioimages.vanderbilt.edu/tn/baskauf/ttora2-wpin-flower10833.jpg,200,image/jpeg,
baskauf/10834,https://bioimages.vanderbilt.edu/tn/baskauf/ttora2-br10834.jpg,200,image/jpeg,
baskauf/10856,https://bioimages.vanderbilt.edu/tn/baskauf/tcofl2-brlarge10856.jpg,200,image/jpeg,
baskauf/10858,https://bioimages.vanderbilt.edu/tn/baskauf/tqupa2-br10858.jpg,200,image/jpeg,
baskauf/10861,https://bioimages.vanderbilt.edu/tn/baskauf/tacsa3-br10861.jpg,200,image/jpeg,
baskauf/10890,https://bioimages.vanderbilt.edu/tn/baskauf/tsaal5-lf10890.jpg,200,image/jpeg,
baskauf/10892,https://bioimages.vanderbilt.edu/tn/baskauf/ttora2-wpgrondcover10892.jpg,200,image/jpeg,
baskauf/10893,https://bioimages.vanderbilt.edu/tn/baskauf/ttora2-wpclimbing10893.jpg,200,image/jpeg,
baskauf/10897,https://bioimages.vanderbilt.edu/tn/baskauf/tacne2-wpsmall10897.jpg,200,image/jpeg,
baskauf/10904,https://bioimages.vanderbilt.edu/tn/baskauf/taial--wpsmall10904.jpg,200,image/jpeg,
baskauf/10934,https://bioimages.vanderbilt.edu/tn/baskauf/trhgl--tw10934.jpg,200,image/jpeg,
baskauf/10935,https://bioimages.vanderbilt.edu/tn/baskauf/trhgl--lf10935.jpg,200,image/jpeg,
baskauf/10936,https://bioimages.vanderbilt.edu/tn/baskauf/trhgl--lfseveral10936.jpg,200,image/jpeg,
baskauf/10937,https://bioimages.vanderbilt.edu/tn/baskauf/trhgl--twsap10937.jpg,200,image/jpeg,
baskauf/10938,https://bioimages.vanderbilt.edu/tn/baskauf/trhcol2lfseveral10938.jpg,200,image/jpeg,
baskauf/10939,https://bioimages.vanderbilt.edu/tn/baskauf/trhcol2lf10939.jpg,200,image/jpeg,
baskauf/10941,https://bioimages.vanderbilt.edu/tn/baskauf/trhgl--tw10941.jpg,200,image/jpeg,
baskauf/10942,https://bioimages.vanderbilt.edu/tn/baskauf/trhcol2twclose10942.jpg,200,image/jpeg,
baskauf/10966,https://bioimages.vanderbilt.edu/tn/baskauf/tmaac--fr10966.jpg,200,image/jpeg,
baskauf/10972,https://bioimages.vanderbilt.edu/tn/baskauf/tmaac--frdevel10972.jpg,200,image/jpeg,
baskauf/10975,https://bioimages.vanderbilt.edu/tn/baskauf/tmaac--lf10975.jpg,200,image/jpeg,
baskauf/10977,https://bioimages.vanderbilt.edu/tn/baskauf/tmaac--br10977.jpg,200,image/jpeg,
baskauf/10978,https://bioimages.vanderbilt.edu/tn/baskauf/taial--flin-flower10978.jpg,200,image/jpeg,
baskauf/10980,https://bioimages.vanderbilt.edu/tn/baskauf/taial--flin-flower10980.jpg,200,image/jpeg,
baskauf/10981,https://bioimages.vanderbilt.edu/tn/baskauf/tnysy--flin-flower10981.jpg,200,image/jpeg,
baskauf/10987,https://bioimages.vanderbilt.edu/tn/baskauf/tnysy--brlarge10987.jpg,200,image/jpeg,
baskauf/10988,https://bioimages.vanderbilt.edu/tn/baskauf/tnysy--flinflor10988.jpg,200,image/jpeg,
baskauf/10991,https://bioimages.vanderbilt.edu/tn/baskauf/tulru--wplarge10991.jpg,200,image/jpeg,
baskauf/10992,https://bioimages.vanderbilt.edu/tn/baskauf/tqual--wplarge10992.jpg,200,image/jpeg,
baskauf/10993,https://bioimages.vanderbilt.edu/tn/baskauf/tqual--lfseveral10993.jpg,200,image/jpeg,
baskauf/10997,https://bioimages.vanderbilt.edu/tn/baskauf/taial--wpmedium10997.jpg,200,image/jpeg,
baskauf/10998,https://bioimages.vanderbilt.edu/tn/baskauf/taial--wpweed-in-town10998.jpg,200,image/jpeg,
baskauf/10999,https://bioimages.vanderbilt.edu/tn/baskauf/taial--flinflor10999.jpg,200,image/jpeg,
baskauf/11019,https://bioimages.vanderbilt.edu/tn/baskauf/tlibe3-lfseveral11019.jpg,200,image/jpeg,
baskauf/11030,https://bioimages.vanderbilt.edu/tn/baskauf/tcaca18lfseveral11030.jpg,200,image/jpeg,
baskauf/11037,https://bioimages.vanderbilt.edu/tn/baskauf/tulru--lfseveral11037.jpg,200,image/jpeg,
baskauf/11038,https://bioimages.vanderbilt.edu/tn/baskauf/tulru--lf11038.jpg,200,image/jpeg,
baskauf/11053,https://bioimages.vanderbilt.edu/tn/baskauf/tpode3-fr11053.jpg,200,image/jpeg,
baskauf/11054,https://bioimages.vanderbilt.edu/tn/baskauf/tpode3-frin-fruit11054.jpg,200,image/jpeg,
baskauf/11064,https://bioimages.vanderbilt.edu/tn/baskauf/tpode3-frin-fruit11064.jpg,200,image/jpeg,
baskauf/11066,https://bioimages.vanderbilt.edu/tn/baskauf/tpode3-brlarge11066.jpg,200,image/jpeg,
baskauf/11070,https://bioimages.vanderbilt.edu/tn/baskauf/tpode3-lf11070.jpg,200,image/jpeg,
baskauf/11078,https://bioimages.vanderbilt.edu/tn/baskauf/tsani--flold-inflor11078.jpg,200,image/jpeg,
baskauf/11086,https://bioimages.vanderbilt.edu/tn/baskauf/tlibe3-wpsmall11086.jpg,200,image/jpeg,
baskauf/11091,https://bioimages.vanderbilt.edu/tn/baskauf/tpist--comale11091.jpg,200,image/jpeg,
baskauf/11093,https://bioimages.vanderbilt.edu/tn/baskauf/tpist--lffascicles11093.jpg,200,image/jpeg,
baskauf/11094,https://bioimages.vanderbilt.edu/tn/baskauf/tpist--br11094.jpg,200,image/jpeg,
baskauf/11100,https://bioimages.vanderbilt.edu/tn/baskauf/tjuvi--br11100.jpg,200,image/jpeg,
baskauf/11102,https://bioimages.vanderbilt.edu/tn/baskauf/taial--flinflor11102.jpg,200,image/jpeg,
baskauf/11105,https://bioimages.vanderbilt.edu/tn/baskauf/taial--fl11105.jpg,200,image/jpeg,
baskauf/11106,https://bioimages.vanderbilt.edu/tn/baskauf/taial--flin-flower11106.jpg,200,image/jpeg,
baskauf/11107,https://bioimages.vanderbilt.edu/tn/baskauf/taial--lf11107.jpg,200,image/jpeg,
baskauf/11109,https://bioimages.vanderbilt.edu/tn/baskauf/taial--br11109.jpg,200,image/jpeg,
baskauf/11111,https://bioimages.vanderbilt.edu/tn/baskauf/tjuni--wplarge11111.jpg,200,image/jpeg,
baskauf/11124,https://bioimages.vanderbilt.edu/tn/baskauf/tploc--lf11124.jpg,200,image/jpeg,
baskauf/11125,https://bioimages.vanderbilt.edu/tn/baskauf/tploc--flfemale-inflor11125.jpg,200,image/jpeg,
baskauf/11127,https://bioimages.vanderbilt.edu/tn/baskauf/tploc--flinflor-close11127.jpg,200,image/jpeg,
baskauf/11166,https://bioimages.vanderbilt.edu/tn/baskauf/tjuvi--tw11166.jpg,200,image/jpeg,
baskauf/11174,https://bioimages.vanderbilt.edu/tn/baskauf/tgibi2-lfseveral11174.jpg,200,image/jpeg,
baskauf/11176,https://bioimages.vanderbilt.edu/tn/baskauf/tgibi2-lf11176.jpg,200,image/jpeg,
baskauf/11181,https://bioimages.vanderbilt.edu/tn/baskauf/taegl--lfseveral11181.jpg,200,image/jpeg,
baskauf/11182,https://bioimages.vanderbilt.edu/tn/baskauf/taegl--lf11182.jpg,200,image/jpeg,
baskauf/11187,https://bioimages.vanderbilt.edu/tn/baskauf/tjuni--lf11187.jpg,200,image/jpeg,
baskauf/11188,https://bioimages.vanderbilt.edu/tn/baskauf/tjuni--lfseveral11188.jpg,200,image/jpeg,
baskauf/11202,https://bioimages.vanderbilt.edu/tn/baskauf/tjuvi--lf11202.jpg,200,image/jpeg,
baskauf/11206,https://bioimages.vanderbilt.edu/tn/baskauf/tceca4-lfseveral11206.jpg,200,image/jpeg,
baskauf/11208,https://bioimages.vanderbilt.edu/tn/baskauf/tceca4-lf11208.jpg,200,image/jpeg,
baskauf/11211,https://bioimages.vanderbilt.edu/tn/baskauf/tceca4-frdevel11211.jpg,200,image/jpeg,
baskauf/11213,https://bioimages.vanderbilt.edu/tn/baskauf/tprse2-tw11213.jpg,200,image/jpeg,
baskauf/11227,https://bioimages.vanderbilt.edu/tn/baskauf/tceca4-br11227.jpg,200,image/jpeg,
baskauf/11243,https://bioimages.vanderbilt.edu/tn/baskauf/tcofl2-lf11243.jpg,200,image/jpeg,
baskauf/11248,https://bioimages.vanderbilt.edu/tn/baskauf/tcofl2-lfseveral11248.jpg,200,image/jpeg,
baskauf/11251,https://bioimages.vanderbilt.edu/tn/baskauf/tqual--br11251.jpg,200,image/jpeg,
baskauf/11288,https://bioimages.vanderbilt.edu/tn/baskauf/tacsa3-lf-several11288.jpg,200,image/jpeg,
baskauf/11294,https://bioimages.vanderbilt.edu/tn/baskauf/tacsa3-lf11294.jpg,200,image/jpeg,
baskauf/11301,https://bioimages.vanderbilt.edu/tn/baskauf/tgibi2-wplarge11301.jpg,200,image/jpeg,
baskauf/11304,https://bioimages.vanderbilt.edu/tn/baskauf/tgibi2-lfseveral11304.jpg,200,image/jpeg,
baskauf/11320,https://bioimages.vanderbilt.edu/tn/baskauf/tulru--wpsmall11320.jpg,200,image/jpeg,
baskauf/11322,https://bioimages.vanderbilt.edu/tn/baskauf/tsaal5-wpsmall11322.jpg,200,image/jpeg,
baskauf/11327,https://bioimages.vanderbilt.edu/tn/baskauf/tprse2-brsmall11327.jpg,200,image/jpeg,
baskauf/11331,https://bioimages.vanderbilt.edu/tn/baskauf/tprse2-brlarge11331.jpg,200,image/jpeg,
baskauf/11335,https://bioimages.vanderbilt.edu/tn/baskauf/tjuni--wpin-woods11335.jpg,200,image/jpeg,
baskauf/11336,https://bioimages.vanderbilt.edu/tn/baskauf/tulru--brlarge11336.jpg,200,image/jpeg,
baskauf/11341,https://bioimages.vanderbilt.edu/tn/baskauf/tsaal5-brlarge11341.jpg,200,image/jpeg,
baskauf/11392,https://bioimages.vanderbilt.edu/tn/baskauf/ttsca--wpby-stream11392.jpg,200,image/jpeg,
baskauf/11394,https://bioimages.vanderbilt.edu/tn/baskauf/ttsca--lf11394.jpg,200,image/jpeg,
baskauf/11404,https://bioimages.vanderbilt.edu/tn/baskauf/ttsca--br11404.jpg,200,image/jpeg,
baskauf/11427,https://bioimages.vanderbilt.edu/tn/baskauf/tpiru--wplarge11427.jpg,200,image/jpeg,
baskauf/11430,https://bioimages.vanderbilt.edu/tn/baskauf/tpiru--lfseveral11430.jpg,200,image/jpeg,
baskauf/11432,https://bioimages.vanderbilt.edu/tn/baskauf/tpiru--tw11432.jpg,200,image/jpeg,
baskauf/11434,https://bioimages.vanderbilt.edu/tn/baskauf/tpiru--lfclose11434.jpg,200,image/jpeg,
baskauf/11435,https://bioimages.vanderbilt.edu/tn/baskauf/tpiru--br11435.jpg,200,image/jpeg,
baskauf/11449,https://bioimages.vanderbilt.edu/tn/baskauf/tbeal2-brlarge11449.jpg,200,image/jpeg,
baskauf/11454,https://bioimages.vanderbilt.edu/tn/baskauf/trops--brgiant11454.jpg,200,image/jpeg,
baskauf/11457,https://bioimages.vanderbilt.edu/tn/baskauf/trops--wplookup-giant11457.jpg,200,image/jpeg,
baskauf/11458,https://bioimages.vanderbilt.edu/tn/baskauf/trops--brgiant11458.jpg,200,image/jpeg,
baskauf/11463,https://bioimages.vanderbilt.edu/tn/baskauf/ttiamh-brlarge-tree11463.jpg,200,image/jpeg,
baskauf/11464,https://bioimages.vanderbilt.edu/tn/baskauf/ttiamh-tw11464.jpg,200,image/jpeg,
baskauf/11469,https://bioimages.vanderbilt.edu/tn/baskauf/ttiamh-wproot-sprouts11469.jpg,200,image/jpeg,
baskauf/11471,https://bioimages.vanderbilt.edu/tn/baskauf/tsarar3wpin-fruit11471.jpg,200,image/jpeg,
baskauf/11477,https://bioimages.vanderbilt.edu/tn/baskauf/tsarar3frinfruct11477.jpg,200,image/jpeg,
baskauf/11479,https://bioimages.vanderbilt.edu/tn/baskauf/tsarar3fr11479.jpg,200,image/jpeg,
baskauf/11481,https://bioimages.vanderbilt.edu/tn/baskauf/tsarar3lfseveral11481.jpg,200,image/jpeg,
baskauf/11482,https://bioimages.vanderbilt.edu/tn/baskauf/tsarar3lf11482.jpg,200,image/jpeg,
baskauf/11490,https://bioimages.vanderbilt.edu/tn/baskauf/ttsca--wpsmall-forest11490.jpg,200,image/jpeg,
baskauf/11492,https://bioimages.vanderbilt.edu/tn/baskauf/ttsca--wplarge-forest-11492.jpg,200,image/jpeg,
baskauf/11493,https://bioimages.vanderbilt.edu/tn/baskauf/ttsca--br11493.jpg,200,image/jpeg,
baskauf/11495,https://bioimages.vanderbilt.edu/tn/baskauf/ttsca--wpstand-canopy11495.jpg,200,image/jpeg,
baskauf/11497,https://bioimages.vanderbilt.edu/tn/baskauf/ttsca--wpstand-trunks11497.jpg,200,image/jpeg,
baskauf/11498,https://bioimages.vanderbilt.edu/tn/baskauf/trops--wplarge-trunk11498.jpg,200,image/jpeg,
baskauf/11499,https://bioimages.vanderbilt.edu/tn/baskauf/trops--wplookup-large11499.jpg,200,image/jpeg,
baskauf/11504,https://bioimages.vanderbilt.edu/tn/baskauf/trops--wplarge-trunks11504.jpg,200,image/jpeg,
baskauf/11505,https://bioimages.vanderbilt.edu/tn/baskauf/trops--brlarge11505.jpg,200,image/jpeg,
baskauf/11506,https://bioimages.vanderbilt.edu/tn/baskauf/trops--lf11506.jpg,200,image/jpeg,
baskauf/11508,https://bioimages.vanderbilt.edu/tn/baskauf/trops--lfseveral11508.jpg,200,image/jpeg,
baskauf/11509,https://bioimages.vanderbilt.edu/tn/baskauf/trops--wpsmall11509.jpg,200,image/jpeg,
baskauf/11510,https://bioimages.vanderbilt.edu/tn/baskauf/tbeal2-lf11510.jpg,200,image/jpeg,
baskauf/11511,https://bioimages.vanderbilt.edu/tn/baskauf/tbeal2-tw11511.jpg,200,image/jpeg,
baskauf/11515,https://bioimages.vanderbilt.edu/tn/baskauf/tbeal2-wpmedium11515.jpg,200,image/jpeg,
baskauf/11516,https://bioimages.vanderbilt.edu/tn/baskauf/tbeal2-brmedium11516.jpg,200,image/jpeg,
baskauf/11522,https://bioimages.vanderbilt.edu/tn/baskauf/tjuvi--wplarge11522.jpg,200,image/jpeg,
baskauf/11524,https://bioimages.vanderbilt.edu/tn/baskauf/tjuvi--brlarge-tree11524.jpg,200,image/jpeg,
baskauf/11534,https://bioimages.vanderbilt.edu/tn/baskauf/tcade12wplog11534.jpg,200,image/jpeg,
baskauf/11535,https://bioimages.vanderbilt.edu/tn/baskauf/tcade12wpfallen11535.jpg,200,image/jpeg,
baskauf/11612,https://bioimages.vanderbilt.edu/tn/baskauf/tcofl2-wpsmall11612.jpg,200,image/jpeg,
baskauf/11613,https://bioimages.vanderbilt.edu/tn/baskauf/tcofl2-lfon-branch11613.jpg,200,image/jpeg,
baskauf/11614,https://bioimages.vanderbilt.edu/tn/baskauf/tcofl2-lf11614.jpg,200,image/jpeg,
baskauf/11632,https://bioimages.vanderbilt.edu/tn/baskauf/trops--twthorns11632.jpg,200,image/jpeg,
baskauf/11633,https://bioimages.vanderbilt.edu/tn/baskauf/trops--twthorn-close11633.jpg,200,image/jpeg,
baskauf/11643,https://bioimages.vanderbilt.edu/tn/baskauf/ttiamh-lf11643.jpg,200,image/jpeg,
baskauf/11644,https://bioimages.vanderbilt.edu/tn/baskauf/ttiamh-lflower-less11644.jpg,200,image/jpeg,
baskauf/11645,https://bioimages.vanderbilt.edu/tn/baskauf/ttiamh-lfseveral11645.jpg,200,image/jpeg,
baskauf/11646,https://bioimages.vanderbilt.edu/tn/baskauf/ttiamh-tw11646.jpg,200,image/jpeg,
baskauf/11653,https://bioimages.vanderbilt.edu/tn/baskauf/ttiamh-twbud11653.jpg,200,image/jpeg,
baskauf/11656,https://bioimages.vanderbilt.edu/tn/baskauf/ttiamh-tw11656.jpg,200,image/jpeg,
baskauf/11657,https://bioimages.vanderbilt.edu/tn/baskauf/tacsa3-wplookup-giant11657.jpg,200,image/jpeg,
baskauf/11666,https://bioimages.vanderbilt.edu/tn/baskauf/ttiamh-wproot-sprouts11666.jpg,200,image/jpeg,
baskauf/11687,https://bioimages.vanderbilt.edu/tn/baskauf/tulam--lfseveral11687.jpg,200,image/jpeg,
baskauf/11688,https://bioimages.vanderbilt.edu/tn/baskauf/tulam--lf11688.jpg,200,image/jpeg,
baskauf/11689,https://bioimages.vanderbilt.edu/tn/baskauf/tulam--lflower11689.jpg,200,image/jpeg,
baskauf/11690,https://bioimages.vanderbilt.edu/tn/baskauf/tulam--brsmall11690.jpg,200,image/jpeg,
baskauf/11691,https://bioimages.vanderbilt.edu/tn/baskauf/tlibe3-wpsmall11691.jpg,200,image/jpeg,
baskauf/11695,https://bioimages.vanderbilt.edu/tn/baskauf/tlibe3-lf11695.jpg,200,image/jpeg,
baskauf/11696,https://bioimages.vanderbilt.edu/tn/baskauf/tlibe3-tw11696.jpg,200,image/jpeg,
baskauf/11698,https://bioimages.vanderbilt.edu/tn/baskauf/tbele--br11698.jpg,200,image/jpeg,
baskauf/11699,https://bioimages.vanderbilt.edu/tn/baskauf/tlibe3-lfseveral11699.jpg,200,image/jpeg,
baskauf/11719,https://bioimages.vanderbilt.edu/tn/baskauf/tbeal2-brsmall11719.jpg,200,image/jpeg,
baskauf/11722,https://bioimages.vanderbilt.edu/tn/baskauf/tsaal5-wpsmall11722.jpg,200,image/jpeg,
baskauf/11726,https://bioimages.vanderbilt.edu/tn/baskauf/tyufl2-wpin-flower11726.jpg,200,image/jpeg,
baskauf/11727,https://bioimages.vanderbilt.edu/tn/baskauf/tyufl2-fl11727.jpg,200,image/jpeg,
baskauf/11729,https://bioimages.vanderbilt.edu/tn/baskauf/tyufl2-flcloseup11729.jpg,200,image/jpeg,
baskauf/11730,https://bioimages.vanderbilt.edu/tn/baskauf/tyufl2-flinflor-close11730.jpg,200,image/jpeg,
baskauf/11731,https://bioimages.vanderbilt.edu/tn/baskauf/tyufl2-lf11731.jpg,200,image/jpeg,
baskauf/11732,https://bioimages.vanderbilt.edu/tn/baskauf/tyufl2-lfseveral11732.jpg,200,image/jpeg,
baskauf/11733,https://bioimages.vanderbilt.edu/tn/baskauf/ttiamh-fldistant11733.jpg,200,image/jpeg,
baskauf/11744,https://bioimages.vanderbilt.edu/tn/baskauf/ttiamh-flinflor11744.jpg,200,image/jpeg,
baskauf/11746,https://bioimages.vanderbilt.edu/tn/baskauf/ttiamh-flclose11746.jpg,200,image/jpeg,
baskauf/11751,https://bioimages.vanderbilt.edu/tn/baskauf/ttiamh-lf11751.jpg,200,image/jpeg,
baskauf/11752,https://bioimages.vanderbilt.edu/tn/baskauf/ttiamh-lflower-more11752.jpg,200,image/jpeg,
baskauf/11753,https://bioimages.vanderbilt.edu/tn/baskauf/ttiamh-lflower-hair11753.jpg,200,image/jpeg,
baskauf/11812,https://bioimages.vanderbilt.edu/tn/baskauf/tjuci--brmed-close11812.jpg,200,image/jpeg,
baskauf/11813,https://bioimages.vanderbilt.edu/tn/baskauf/tjuci--brmedium11813.jpg,200,image/jpeg,
baskauf/11815,https://bioimages.vanderbilt.edu/tn/baskauf/tjuci--wplookup-med11815.jpg,200,image/jpeg,
baskauf/11839,https://bioimages.vanderbilt.edu/tn/baskauf/tjuci--lf11839.jpg,200,image/jpeg,
baskauf/11840,https://bioimages.vanderbilt.edu/tn/baskauf/tjuci--tw11840.jpg,200,image/jpeg,
baskauf/11843,https://bioimages.vanderbilt.edu/tn/baskauf/tjuci--twleaf-scar11843.jpg,200,image/jpeg,
baskauf/11845,https://bioimages.vanderbilt.edu/tn/baskauf/tcade12lfseveral11845.jpg,200,image/jpeg,
baskauf/11848,https://bioimages.vanderbilt.edu/tn/baskauf/tcade12lf11848.jpg,200,image/jpeg,
baskauf/11849,https://bioimages.vanderbilt.edu/tn/baskauf/tcade12tw11849.jpg,200,image/jpeg,
baskauf/11854,https://bioimages.vanderbilt.edu/tn/baskauf/tcade12twleaf-scar11854.jpg,200,image/jpeg,
baskauf/11894,https://bioimages.vanderbilt.edu/tn/baskauf/tgydi--wpsmall11894.jpg,200,image/jpeg,
baskauf/11896,https://bioimages.vanderbilt.edu/tn/baskauf/tgydi--lf11896.jpg,200,image/jpeg,
baskauf/11899,https://bioimages.vanderbilt.edu/tn/baskauf/tgydi--lffrom-below11899.jpg,200,image/jpeg,
baskauf/11902,https://bioimages.vanderbilt.edu/tn/baskauf/tgydi--brsmall11902.jpg,200,image/jpeg,
baskauf/11905,https://bioimages.vanderbilt.edu/tn/baskauf/tgydi--tw11905.jpg,200,image/jpeg,
baskauf/11916,https://bioimages.vanderbilt.edu/tn/baskauf/tacru--lfseveral11916.jpg,200,image/jpeg,
baskauf/11920,https://bioimages.vanderbilt.edu/tn/baskauf/tacru--lf11920.jpg,200,image/jpeg,
baskauf/11924,https://bioimages.vanderbilt.edu/tn/baskauf/tacru--br11924.jpg,200,image/jpeg,
baskauf/11926,https://bioimages.vanderbilt.edu/tn/baskauf/tacru--tw11926.jpg,200,image/jpeg,
baskauf/11927,https://bioimages.vanderbilt.edu/tn/baskauf/tacru--tw11927.jpg,200,image/jpeg,
baskauf/11930,https://bioimages.vanderbilt.edu/tn/baskauf/tacru--wpsmall11930.jpg,200,image/jpeg,
baskauf/11945,https://bioimages.vanderbilt.edu/tn/baskauf/taehi--wplarge11945.jpg,200,image/jpeg,
baskauf/11946,https://bioimages.vanderbilt.edu/tn/baskauf/taehi--lfseveral11946.jpg,200,image/jpeg,
baskauf/11950,https://bioimages.vanderbilt.edu/tn/baskauf/taehi--frdevel11950.jpg,200,image/jpeg,
baskauf/11952,https://bioimages.vanderbilt.edu/tn/baskauf/taehi--br11952.jpg,200,image/jpeg,
baskauf/11958,https://bioimages.vanderbilt.edu/tn/baskauf/tgibi2-brlarge11958.jpg,200,image/jpeg,
baskauf/11960,https://bioimages.vanderbilt.edu/tn/baskauf/tgibi2-brsmall11960.jpg,200,image/jpeg,
baskauf/11961,https://bioimages.vanderbilt.edu/tn/baskauf/tprse2-lfseveral11961.jpg,200,image/jpeg,
baskauf/11962,https://bioimages.vanderbilt.edu/tn/baskauf/tprse2-lf11962.jpg,200,image/jpeg,
baskauf/11964,https://bioimages.vanderbilt.edu/tn/baskauf/tprse2-frdevel-dist11964.jpg,200,image/jpeg,
baskauf/11966,https://bioimages.vanderbilt.edu/tn/baskauf/tprse2-frdevel11966.jpg,200,image/jpeg,
baskauf/11973,https://bioimages.vanderbilt.edu/tn/baskauf/tjuni--frdevel11973.jpg,200,image/jpeg,
baskauf/11993,https://bioimages.vanderbilt.edu/tn/baskauf/tcaco15lf11993.jpg,200,image/jpeg,
baskauf/11995,https://bioimages.vanderbilt.edu/tn/baskauf/tcaco15twax-bud11995.jpg,200,image/jpeg,
baskauf/11996,https://bioimages.vanderbilt.edu/tn/baskauf/tcaco15wpsmall11996.jpg,200,image/jpeg,
baskauf/11997,https://bioimages.vanderbilt.edu/tn/baskauf/tcaco15twterm-bud11997.jpg,200,image/jpeg,
baskauf/11999,https://bioimages.vanderbilt.edu/tn/baskauf/tsttr--wp11999.jpg,200,image/jpeg,
baskauf/12002,https://bioimages.vanderbilt.edu/tn/baskauf/tsttr--lf12002.jpg,200,image/jpeg,
baskauf/12005,https://bioimages.vanderbilt.edu/tn/baskauf/tsttr--fr12005.jpg,200,image/jpeg,
baskauf/12008,https://bioimages.vanderbilt.edu/tn/baskauf/tsttr--frcloseup12008.jpg,200,image/jpeg,
baskauf/12021,https://bioimages.vanderbilt.edu/tn/baskauf/tosvi--brmedium12021.jpg,200,image/jpeg,
baskauf/12036,https://bioimages.vanderbilt.edu/tn/baskauf/tcaca18br12036.jpg,200,image/jpeg,
baskauf/12037,https://bioimages.vanderbilt.edu/tn/baskauf/tcaca18lfseveral12037.jpg,200,image/jpeg,
baskauf/12039,https://bioimages.vanderbilt.edu/tn/baskauf/tcaca18lf12039.jpg,200,image/jpeg,
baskauf/12041,https://bioimages.vanderbilt.edu/tn/baskauf/tprse2-brlarge-tree12041.jpg,200,image/jpeg,
baskauf/12043,https://bioimages.vanderbilt.edu/tn/baskauf/tprse2-wplookup-large12043.jpg,200,image/jpeg,
baskauf/12045,https://bioimages.vanderbilt.edu/tn/baskauf/tprse2-brlarge-close12045.jpg,200,image/jpeg,
baskauf/12050,https://bioimages.vanderbilt.edu/tn/baskauf/tqumu--brmed12050.jpg,200,image/jpeg,
baskauf/12055,https://bioimages.vanderbilt.edu/tn/baskauf/tqumu--wpmed-in-forest12055.jpg,200,image/jpeg,
baskauf/12060,https://bioimages.vanderbilt.edu/tn/baskauf/tcaco15lf12060.jpg,200,image/jpeg,
baskauf/12128,https://bioimages.vanderbilt.edu/tn/baskauf/tosvi--lf12128.jpg,200,image/jpeg,
baskauf/12129,https://bioimages.vanderbilt.edu/tn/baskauf/tosvi--lfseveral12129.jpg,200,image/jpeg,
baskauf/12131,https://bioimages.vanderbilt.edu/tn/baskauf/tosvi--wpsmall12131.jpg,200,image/jpeg,
baskauf/12171,https://bioimages.vanderbilt.edu/tn/baskauf/tsanic4wpbush12171.jpg,200,image/jpeg,
baskauf/12175,https://bioimages.vanderbilt.edu/tn/baskauf/tsanic4flcloseup12175.jpg,200,image/jpeg,
baskauf/12178,https://bioimages.vanderbilt.edu/tn/baskauf/tsanic4lf12178.jpg,200,image/jpeg,
baskauf/12190,https://bioimages.vanderbilt.edu/tn/baskauf/tsanic4flinflor-mature12190.jpg,200,image/jpeg,
baskauf/12192,https://bioimages.vanderbilt.edu/tn/baskauf/tsanic4flinflor12192.jpg,200,image/jpeg,
baskauf/12242,https://bioimages.vanderbilt.edu/tn/baskauf/tulam--wplarge12242.jpg,200,image/jpeg,
baskauf/12246,https://bioimages.vanderbilt.edu/tn/baskauf/tulam--br12246.jpg,200,image/jpeg,
baskauf/12247,https://bioimages.vanderbilt.edu/tn/baskauf/tacsa2-br12247.jpg,200,image/jpeg,
baskauf/12251,https://bioimages.vanderbilt.edu/tn/baskauf/tacsa2-wplarge12251.jpg,200,image/jpeg,
baskauf/12254,https://bioimages.vanderbilt.edu/tn/baskauf/tacsa2-lfseveral12254.jpg,200,image/jpeg,
baskauf/12255,https://bioimages.vanderbilt.edu/tn/baskauf/tacsa2-lf12255.jpg,200,image/jpeg,
baskauf/12258,https://bioimages.vanderbilt.edu/tn/baskauf/tmaac--wplarge12258.jpg,200,image/jpeg,
baskauf/12307,https://bioimages.vanderbilt.edu/tn/baskauf/tgibi2-cofemale-devel12307.jpg,200,image/jpeg,
baskauf/12309,https://bioimages.vanderbilt.edu/tn/baskauf/tgibi2-cofemale-devel12309.jpg,200,image/jpeg,
baskauf/12316,https://bioimages.vanderbilt.edu/tn/baskauf/tquve--twbud-micro12316.jpg,200,image/jpeg,
baskauf/12318,https://bioimages.vanderbilt.edu/tn/baskauf/tqumu--wplarge12318.jpg,200,image/jpeg,
baskauf/12319,https://bioimages.vanderbilt.edu/tn/baskauf/tqumu--brlarge-tree12319.jpg,200,image/jpeg,
baskauf/12321,https://bioimages.vanderbilt.edu/tn/baskauf/tqumu--wplookup-large12321.jpg,200,image/jpeg,
baskauf/12323,https://bioimages.vanderbilt.edu/tn/baskauf/tqumu--lfseveral12323.jpg,200,image/jpeg,
baskauf/12324,https://bioimages.vanderbilt.edu/tn/baskauf/tqumu--lf12324.jpg,200,image/jpeg,
baskauf/12328,https://bioimages.vanderbilt.edu/tn/baskauf/tqumu--lfmargin12328.jpg,200,image/jpeg,
baskauf/12356,https://bioimages.vanderbilt.edu/tn/baskauf/tqubi--brlarge12356.jpg,200,image/jpeg,
baskauf/12361,https://bioimages.vanderbilt.edu/tn/baskauf/tqubi--wplookup-large12361.jpg,200,image/jpeg,
baskauf/12363,https://bioimages.vanderbilt.edu/tn/baskauf/tqubi--lfseveral12363.jpg,200,image/jpeg,
baskauf/12366,https://bioimages.vanderbilt.edu/tn/baskauf/tqubi--lf12366.jpg,200,image/jpeg,
baskauf/12368,https://bioimages.vanderbilt.edu/tn/baskauf/tqubi--lfmargin12368.jpg,200,image/jpeg,
baskauf/12376,https://bioimages.vanderbilt.edu/tn/baskauf/tqumu--lflower-micro12376.jpg,200,image/jpeg,
baskauf/12382,https://bioimages.vanderbilt.edu/tn/baskauf/tqubi--lflower-micro12382.jpg,200,image/jpeg,
baskauf/12393,https://bioimages.vanderbilt.edu/tn/baskauf/tqumu--lflower12393.jpg,200,image/jpeg,
baskauf/12396,https://bioimages.vanderbilt.edu/tn/baskauf/tqubi--lflower12396.jpg,200,image/jpeg,
baskauf/12403,https://bioimages.vanderbilt.edu/tn/baskauf/tqual--lfsun12403.jpg,200,image/jpeg,
baskauf/12405,https://bioimages.vanderbilt.edu/tn/baskauf/tqual--frdevel12405.jpg,200,image/jpeg,
baskauf/12407,https://bioimages.vanderbilt.edu/tn/baskauf/tqual--lfshade12407.jpg,200,image/jpeg,
baskauf/12409,https://bioimages.vanderbilt.edu/tn/baskauf/tqual--wplarge12409.jpg,200,image/jpeg,
baskauf/12411,https://bioimages.vanderbilt.edu/tn/baskauf/tqual--wplookup-large12411.jpg,200,image/jpeg,
baskauf/12413,https://bioimages.vanderbilt.edu/tn/baskauf/tquma2-wplarge12413.jpg,200,image/jpeg,
baskauf/12417,https://bioimages.vanderbilt.edu/tn/baskauf/tquma2-brlarge12417.jpg,200,image/jpeg,
baskauf/12420,https://bioimages.vanderbilt.edu/tn/baskauf/tquma2-wplookup12420.jpg,200,image/jpeg,
baskauf/12424,https://bioimages.vanderbilt.edu/tn/baskauf/tquve--wplarge12424.jpg,200,image/jpeg,
baskauf/12429,https://bioimages.vanderbilt.edu/tn/baskauf/tquve--brlarge-tree12429.jpg,200,image/jpeg,
baskauf/12433,https://bioimages.vanderbilt.edu/tn/baskauf/tquve--wplookup-large12433.jpg,200,image/jpeg,
baskauf/12434,https://bioimages.vanderbilt.edu/tn/baskauf/tquve--lfseveral12434.jpg,200,image/jpeg,
baskauf/12435,https://bioimages.vanderbilt.edu/tn/baskauf/tqupa2-wplarge12435.jpg,200,image/jpeg,
baskauf/12438,https://bioimages.vanderbilt.edu/tn/baskauf/tqupa2-brlarge12438.jpg,200,image/jpeg,
baskauf/12440,https://bioimages.vanderbilt.edu/tn/baskauf/tqupa2-wplookup-large12440.jpg,200,image/jpeg,
baskauf/12443,https://bioimages.vanderbilt.edu/tn/baskauf/tqupa2-lfseveral12443.jpg,200,image/jpeg,
baskauf/12447,https://bioimages.vanderbilt.edu/tn/baskauf/tqupa2-lf12447.jpg,200,image/jpeg,
baskauf/12448,https://bioimages.vanderbilt.edu/tn/baskauf/tqupa2-lflobe-variat12448.jpg,200,image/jpeg,
baskauf/12450,https://bioimages.vanderbilt.edu/tn/baskauf/tqupa2-twspur-shoots12450.jpg,200,image/jpeg,
baskauf/12453,https://bioimages.vanderbilt.edu/tn/baskauf/tfram2-wplarge12453.jpg,200,image/jpeg,
baskauf/12456,https://bioimages.vanderbilt.edu/tn/baskauf/tfram2-brlarge-tree12456.jpg,200,image/jpeg,
baskauf/12457,https://bioimages.vanderbilt.edu/tn/baskauf/tfram2-wplookup-large12457.jpg,200,image/jpeg,
baskauf/12460,https://bioimages.vanderbilt.edu/tn/baskauf/tfram2-brsmall-tree12460.jpg,200,image/jpeg,
baskauf/12462,https://bioimages.vanderbilt.edu/tn/baskauf/tfram2-lfseveral12462.jpg,200,image/jpeg,
baskauf/12465,https://bioimages.vanderbilt.edu/tn/baskauf/tfram2-lf12465.jpg,200,image/jpeg,
baskauf/12467,https://bioimages.vanderbilt.edu/tn/baskauf/tfram2-lfleaflet12467.jpg,200,image/jpeg,
baskauf/12469,https://bioimages.vanderbilt.edu/tn/baskauf/tfram2-tw12469.jpg,200,image/jpeg,
baskauf/12493,https://bioimages.vanderbilt.edu/tn/baskauf/tquma2-lfseveral12493.jpg,200,image/jpeg,
baskauf/12500,https://bioimages.vanderbilt.edu/tn/baskauf/tquma2-lf12500.jpg,200,image/jpeg,
baskauf/12501,https://bioimages.vanderbilt.edu/tn/baskauf/tfram2-lfflat12501.jpg,200,image/jpeg,
baskauf/12505,https://bioimages.vanderbilt.edu/tn/baskauf/tfram2-lfmargin-lower12505.jpg,200,image/jpeg,
baskauf/12507,https://bioimages.vanderbilt.edu/tn/baskauf/tqupa2-lflower12507.jpg,200,image/jpeg,
baskauf/12509,https://bioimages.vanderbilt.edu/tn/baskauf/tquma2-lflower12509.jpg,200,image/jpeg,
baskauf/12511,https://bioimages.vanderbilt.edu/tn/baskauf/tqual--lflower12511.jpg,200,image/jpeg,
baskauf/12516,https://bioimages.vanderbilt.edu/tn/baskauf/tqual--lfsun-shade12516.jpg,200,image/jpeg,
baskauf/12520,https://bioimages.vanderbilt.edu/tn/baskauf/tqupa2-lflower-micro12520.jpg,200,image/jpeg,
baskauf/12522,https://bioimages.vanderbilt.edu/tn/baskauf/tquma2-lflower-micro12522.jpg,200,image/jpeg,
baskauf/12528,https://bioimages.vanderbilt.edu/tn/baskauf/tqual--lflower-micro12528.jpg,200,image/jpeg,
baskauf/12538,https://bioimages.vanderbilt.edu/tn/baskauf/trhgl--flin-flower12538.jpg,200,image/jpeg,
baskauf/12560,https://bioimages.vanderbilt.edu/tn/baskauf/trhgl--flinflor12560.jpg,200,image/jpeg,
baskauf/12567,https://bioimages.vanderbilt.edu/tn/baskauf/trhgl--flclose12567.jpg,200,image/jpeg,
baskauf/12572,https://bioimages.vanderbilt.edu/tn/baskauf/trhgl--twwaxy-petio12572.jpg,200,image/jpeg,
baskauf/12578,https://bioimages.vanderbilt.edu/tn/baskauf/trhgl--lfupper-lower12578.jpg,200,image/jpeg,
baskauf/12580,https://bioimages.vanderbilt.edu/tn/baskauf/trhcol2lfseveral12580.jpg,200,image/jpeg,
baskauf/12583,https://bioimages.vanderbilt.edu/tn/baskauf/trhcol2lfupper-lower12583.jpg,200,image/jpeg,
baskauf/12585,https://bioimages.vanderbilt.edu/tn/baskauf/trhcol2twpetiole12585.jpg,200,image/jpeg,
baskauf/12625,https://bioimages.vanderbilt.edu/tn/baskauf/tqupa2-wplookup-large12625.jpg,200,image/jpeg,
baskauf/12698,https://bioimages.vanderbilt.edu/tn/baskauf/trhar4-frcloseup12698.jpg,200,image/jpeg,
baskauf/12700,https://bioimages.vanderbilt.edu/tn/baskauf/trhar4-fr12700.jpg,200,image/jpeg,
baskauf/12703,https://bioimages.vanderbilt.edu/tn/baskauf/trhar4-lf12703.jpg,200,image/jpeg,
baskauf/12755,https://bioimages.vanderbilt.edu/tn/baskauf/tfrqu--wpsmall12755.jpg,200,image/jpeg,
baskauf/12757,https://bioimages.vanderbilt.edu/tn/baskauf/tfrqu--lf12757.jpg,200,image/jpeg,
baskauf/12760,https://bioimages.vanderbilt.edu/tn/baskauf/tfrqu--twwinged12760.jpg,200,image/jpeg,
baskauf/12761,https://bioimages.vanderbilt.edu/tn/baskauf/tfrqu--twless-winged12761.jpg,200,image/jpeg,
baskauf/12763,https://bioimages.vanderbilt.edu/tn/baskauf/tfrqu--twbuds12763.jpg,200,image/jpeg,
baskauf/12764,https://bioimages.vanderbilt.edu/tn/baskauf/tfrqu--lfseveral12764.jpg,200,image/jpeg,
baskauf/12768,https://bioimages.vanderbilt.edu/tn/baskauf/tfrqu--lfmargin-low12768.jpg,200,image/jpeg,
baskauf/12800,https://bioimages.vanderbilt.edu/tn/baskauf/tfram2-wpsmall12800.jpg,200,image/jpeg,
baskauf/12801,https://bioimages.vanderbilt.edu/tn/baskauf/tfram2-brsmall-tree12801.jpg,200,image/jpeg,
baskauf/12804,https://bioimages.vanderbilt.edu/tn/baskauf/trhar4-wpsmall12804.jpg,200,image/jpeg,
baskauf/12928,https://bioimages.vanderbilt.edu/tn/baskauf/trhar4-wpshrub12928.jpg,200,image/jpeg,
baskauf/13000,https://bioimages.vanderbilt.edu/tn/baskauf/tquve--lflower-close13000.jpg,200,image/jpeg,
baskauf/13075,https://bioimages.vanderbilt.edu/tn/baskauf/tquve--lfseveral13075.jpg,200,image/jpeg,
baskauf/13089,https://bioimages.vanderbilt.edu/tn/baskauf/tquve--lfdeep-sinuses13089.jpg,200,image/jpeg,
baskauf/13093,https://bioimages.vanderbilt.edu/tn/baskauf/tquve--lfupper-lower13093.jpg,200,image/jpeg,
baskauf/13095,https://bioimages.vanderbilt.edu/tn/baskauf/tquve--lfupper-lower13095.jpg,200,image/jpeg,
baskauf/13096,https://bioimages.vanderbilt.edu/tn/baskauf/tquve--twbuds13096.jpg,200,image/jpeg,
baskauf/13104,https://bioimages.vanderbilt.edu/tn/baskauf/tquve--lflower-micro13104.jpg,200,image/jpeg,
baskauf/13107,https://bioimages.vanderbilt.edu/tn/baskauf/tquve--twbud13107.jpg,200,image/jpeg,
baskauf/13110,https://bioimages.vanderbilt.edu/tn/baskauf/tquve--tw13110.jpg,200,image/jpeg,
baskauf/13113,https://bioimages.vanderbilt.edu/tn/baskauf/tquru--lfsun13113.jpg,200,image/jpeg,
baskauf/13118,https://bioimages.vanderbilt.edu/tn/baskauf/tquru--brlarge-tree13118.jpg,200,image/jpeg,
baskauf/13122,https://bioimages.vanderbilt.edu/tn/baskauf/tquru--wplookup-lrg13122.jpg,200,image/jpeg,
baskauf/13127,https://bioimages.vanderbilt.edu/tn/baskauf/tquru--lfshade-peti13127.jpg,200,image/jpeg,
baskauf/13132,https://bioimages.vanderbilt.edu/tn/baskauf/tquru--lfsun13132.jpg,200,image/jpeg,
baskauf/13135,https://bioimages.vanderbilt.edu/tn/baskauf/tquru--twsun-peti13135.jpg,200,image/jpeg,
baskauf/13139,https://bioimages.vanderbilt.edu/tn/baskauf/tquve--lfcompare-rubra13139.jpg,200,image/jpeg,
baskauf/13142,https://bioimages.vanderbilt.edu/tn/baskauf/tquve--lfcompare-rubra13142.jpg,200,image/jpeg,
baskauf/13145,https://bioimages.vanderbilt.edu/tn/baskauf/tquru--lflower-micro13145.jpg,200,image/jpeg,
baskauf/13151,https://bioimages.vanderbilt.edu/tn/baskauf/tquru--lflower-close13151.jpg,200,image/jpeg,
baskauf/13155,https://bioimages.vanderbilt.edu/tn/baskauf/tquru--twbud-13155.jpg,200,image/jpeg,
baskauf/13159,https://bioimages.vanderbilt.edu/tn/baskauf/tacne2-lfdevel-fruit13159.jpg,200,image/jpeg,
baskauf/13160,https://bioimages.vanderbilt.edu/tn/baskauf/tacne2-brlarge-tree13160.jpg,200,image/jpeg,
baskauf/13161,https://bioimages.vanderbilt.edu/tn/baskauf/tacne2-wplookup-lrg13161.jpg,200,image/jpeg,
baskauf/13165,https://bioimages.vanderbilt.edu/tn/baskauf/taial--frin-fruit13165.jpg,200,image/jpeg,
baskauf/13169,https://bioimages.vanderbilt.edu/tn/baskauf/taial--frinfruct13169.jpg,200,image/jpeg,
baskauf/13172,https://bioimages.vanderbilt.edu/tn/baskauf/taial--frcloseup13172.jpg,200,image/jpeg,
baskauf/13183,https://bioimages.vanderbilt.edu/tn/baskauf/tquve--lf13183.jpg,200,image/jpeg,
baskauf/13184,https://bioimages.vanderbilt.edu/tn/baskauf/tquve--lfseveral13184.jpg,200,image/jpeg,
baskauf/13194,https://bioimages.vanderbilt.edu/tn/baskauf/tquve--twbuds13194.jpg,200,image/jpeg,
baskauf/13195,https://bioimages.vanderbilt.edu/tn/baskauf/tquve--twbuds13195.jpg,200,image/jpeg,
baskauf/13201,https://bioimages.vanderbilt.edu/tn/baskauf/tquve--lfupper-lower13201.jpg,200,image/jpeg,
baskauf/13202,https://bioimages.vanderbilt.edu/tn/baskauf/tquve--lflower-close13202.jpg,200,image/jpeg,
baskauf/13209,https://bioimages.vanderbilt.edu/tn/baskauf/tquve--lflower-micro13209.jpg,200,image/jpeg,
baskauf/13379,https://bioimages.vanderbilt.edu/tn/baskauf/tfrpe--wplarge13379.jpg,200,image/jpeg,
baskauf/13380,https://bioimages.vanderbilt.edu/tn/baskauf/tfrpe--lfseveral13380.jpg,200,image/jpeg,
baskauf/13383,https://bioimages.vanderbilt.edu/tn/baskauf/tfrpe--lf13383.jpg,200,image/jpeg,
baskauf/13386,https://bioimages.vanderbilt.edu/tn/baskauf/tfrpe--lffive-leaflet13386.jpg,200,image/jpeg,
baskauf/13392,https://bioimages.vanderbilt.edu/tn/baskauf/tfrpe--lfmargin-uplow13392.jpg,200,image/jpeg,
baskauf/13393,https://bioimages.vanderbilt.edu/tn/baskauf/tfrpe--frdevel13393.jpg,200,image/jpeg,
baskauf/13397,https://bioimages.vanderbilt.edu/tn/baskauf/tfrpe--frdevel-close13397.jpg,200,image/jpeg,
baskauf/13401,https://bioimages.vanderbilt.edu/tn/baskauf/tfrpe--lfleaflet13401.jpg,200,image/jpeg,
baskauf/13403,https://bioimages.vanderbilt.edu/tn/baskauf/tfrpe--lfridge-rachis13403.jpg,200,image/jpeg,
baskauf/13406,https://bioimages.vanderbilt.edu/tn/baskauf/tfrpe--brlarge13406.jpg,200,image/jpeg,
baskauf/13410,https://bioimages.vanderbilt.edu/tn/baskauf/tfrpe--wplookup13410.jpg,200,image/jpeg,
baskauf/13412,https://bioimages.vanderbilt.edu/tn/baskauf/tfrpe--brsmall13412.jpg,200,image/jpeg,
baskauf/13417,https://bioimages.vanderbilt.edu/tn/baskauf/tpist--codevel-female13417.jpg,200,image/jpeg,
baskauf/13418,https://bioimages.vanderbilt.edu/tn/baskauf/tpist--codevel-female13418.jpg,200,image/jpeg,
baskauf/13474,https://bioimages.vanderbilt.edu/tn/baskauf/tsaal5-frdevel13474.jpg,200,image/jpeg,
baskauf/13515,https://bioimages.vanderbilt.edu/tn/baskauf/trhgl--frearly-devel13515.jpg,200,image/jpeg,
baskauf/13516,https://bioimages.vanderbilt.edu/tn/baskauf/trhgl--frlate-devel13516.jpg,200,image/jpeg,
baskauf/13518,https://bioimages.vanderbilt.edu/tn/baskauf/trhgl--frdevel-close13518.jpg,200,image/jpeg,
baskauf/13534,https://bioimages.vanderbilt.edu/tn/baskauf/trhcol2wpin-flower13534.jpg,200,image/jpeg,
baskauf/13535,https://bioimages.vanderbilt.edu/tn/baskauf/trhcol2flinflor-close13535.jpg,200,image/jpeg,
baskauf/13537,https://bioimages.vanderbilt.edu/tn/baskauf/trhcol2flinflor13537.jpg,200,image/jpeg,
baskauf/13540,https://bioimages.vanderbilt.edu/tn/baskauf/trhcol2br13540.jpg,200,image/jpeg,
baskauf/13574,https://bioimages.vanderbilt.edu/tn/baskauf/tsani--wplarge13574.jpg,200,image/jpeg,
baskauf/13576,https://bioimages.vanderbilt.edu/tn/baskauf/tsani--lfstipules13576.jpg,200,image/jpeg,
baskauf/13580,https://bioimages.vanderbilt.edu/tn/baskauf/tsani--lfseveral13580.jpg,200,image/jpeg,
baskauf/13583,https://bioimages.vanderbilt.edu/tn/baskauf/tsani--lfuplow13583.jpg,200,image/jpeg,
baskauf/13585,https://bioimages.vanderbilt.edu/tn/baskauf/tsani--brlarge13585.jpg,200,image/jpeg,
baskauf/13588,https://bioimages.vanderbilt.edu/tn/baskauf/tsani--brsmall13588.jpg,200,image/jpeg,
baskauf/13589,https://bioimages.vanderbilt.edu/tn/baskauf/tsani--brmedium13589.jpg,200,image/jpeg,
baskauf/13594,https://bioimages.vanderbilt.edu/tn/baskauf/tsani--wplookup13594.jpg,200,image/jpeg,
baskauf/13650,https://bioimages.vanderbilt.edu/tn/baskauf/tcaov2-brlarge-tree13650.jpg,200,image/jpeg,
baskauf/13654,https://bioimages.vanderbilt.edu/tn/baskauf/tcaov2-wplookup-large13654.jpg,200,image/jpeg,
baskauf/13707,https://bioimages.vanderbilt.edu/tn/baskauf/tcaov2-lfseveral13707.jpg,200,image/jpeg,
baskauf/13709,https://bioimages.vanderbilt.edu/tn/baskauf/tcaov2-lf13709.jpg,200,image/jpeg,
baskauf/13712,https://bioimages.vanderbilt.edu/tn/baskauf/tcaov2-brsmall-tree13712.jpg,200,image/jpeg,
baskauf/13828,https://bioimages.vanderbilt.edu/tn/baskauf/tcala21wplarge13828.jpg,200,image/jpeg,
baskauf/13833,https://bioimages.vanderbilt.edu/tn/baskauf/tcala21lfseveral13833.jpg,200,image/jpeg,
baskauf/13836,https://bioimages.vanderbilt.edu/tn/baskauf/tcala21lfmargin-uplow13836.jpg,200,image/jpeg,
baskauf/13839,https://bioimages.vanderbilt.edu/tn/baskauf/tcala21wplookup-large13839.jpg,200,image/jpeg,
baskauf/13843,https://bioimages.vanderbilt.edu/tn/baskauf/tcala21brlarge13843.jpg,200,image/jpeg,
baskauf/13862,https://bioimages.vanderbilt.edu/tn/baskauf/tcala21lf13862.jpg,200,image/jpeg,
baskauf/13866,https://bioimages.vanderbilt.edu/tn/baskauf/tcala21twterm-bud13866.jpg,200,image/jpeg,
baskauf/13870,https://bioimages.vanderbilt.edu/tn/baskauf/tcala21tw13870.jpg,200,image/jpeg,
baskauf/13878,https://bioimages.vanderbilt.edu/tn/baskauf/tcala21lfmargin-micro13878.jpg,200,image/jpeg,
baskauf/13880,https://bioimages.vanderbilt.edu/tn/baskauf/tcala21lflower-micro13880.jpg,200,image/jpeg,
baskauf/13885,https://bioimages.vanderbilt.edu/tn/baskauf/tcala21twmicro13885.jpg,200,image/jpeg,
baskauf/13975,https://bioimages.vanderbilt.edu/tn/baskauf/tpotr5-wpseveral13975.jpg,200,image/jpeg,
baskauf/13977,https://bioimages.vanderbilt.edu/tn/baskauf/tpotr5-br13977.jpg,200,image/jpeg,
baskauf/13980,https://bioimages.vanderbilt.edu/tn/baskauf/tpotr5-wplook-up13980.jpg,200,image/jpeg,
baskauf/13981,https://bioimages.vanderbilt.edu/tn/baskauf/tpotr5-lfseveral13981.jpg,200,image/jpeg,
baskauf/14024,https://bioimages.vanderbilt.edu/tn/baskauf/tpotr5-lf14024.jpg,200,image/jpeg,
baskauf/14027,https://bioimages.vanderbilt.edu/tn/baskauf/tpotr5-lfmargin-uplow14027.jpg,200,image/jpeg,
baskauf/14029,https://bioimages.vanderbilt.edu/tn/baskauf/tpotr5-tw14029.jpg,200,image/jpeg,
baskauf/14031,https://bioimages.vanderbilt.edu/tn/baskauf/tpotr5-lfpetiole14031.jpg,200,image/jpeg,
baskauf/14034,https://bioimages.vanderbilt.edu/tn/baskauf/tpotr5-tw14034.jpg,200,image/jpeg,
baskauf/15003,https://bioimages.vanderbilt.edu/tn/baskauf/tsoam3-fr15003.jpg,200,image/jpeg,
baskauf/15006,https://bioimages.vanderbilt.edu/tn/baskauf/tsoam3-lf15006.jpg,200,image/jpeg,
baskauf/15007,https://bioimages.vanderbilt.edu/tn/baskauf/tsoam3-lfseveral15007.jpg,200,image/jpeg,
baskauf/15008,https://bioimages.vanderbilt.edu/tn/baskauf/tsoam3-frcloseup15008.jpg,200,image/jpeg,
baskauf/15009,https://bioimages.vanderbilt.edu/tn/baskauf/tsoam3-lfleaflet15009.jpg,200,image/jpeg,
baskauf/15010,https://bioimages.vanderbilt.edu/tn/baskauf/tsoam3-br15010.jpg,200,image/jpeg,
baskauf/15011,https://bioimages.vanderbilt.edu/tn/baskauf/tsoam3-tw15011.jpg,200,image/jpeg,
baskauf/15013,https://bioimages.vanderbilt.edu/tn/baskauf/tsoam3-wp15013.jpg,200,image/jpeg,
baskauf/15049,https://bioimages.vanderbilt.edu/tn/baskauf/tsoam3-wp15049.jpg,200,image/jpeg,
baskauf/15050,https://bioimages.vanderbilt.edu/tn/baskauf/tvila11lfseveral15050.jpg,200,image/jpeg,
baskauf/15051,https://bioimages.vanderbilt.edu/tn/baskauf/tvila11lfseveral15051.jpg,200,image/jpeg,
baskauf/15074,https://bioimages.vanderbilt.edu/tn/baskauf/tcaca18br15074.jpg,200,image/jpeg,
baskauf/15075,https://bioimages.vanderbilt.edu/tn/baskauf/tcaca18flmale-catkin15075.jpg,200,image/jpeg,
baskauf/15076,https://bioimages.vanderbilt.edu/tn/baskauf/tcaca18lfseveral15076.jpg,200,image/jpeg,
baskauf/15078,https://bioimages.vanderbilt.edu/tn/baskauf/tcaca18lf15078.jpg,200,image/jpeg,
baskauf/15080,https://bioimages.vanderbilt.edu/tn/baskauf/tcaca18tw15080.jpg,200,image/jpeg,
baskauf/15103,https://bioimages.vanderbilt.edu/tn/baskauf/tcofl2-fr15103.jpg,200,image/jpeg,
baskauf/15104,https://bioimages.vanderbilt.edu/tn/baskauf/tcofl2-twbuds-fruit15104.jpg,200,image/jpeg,
baskauf/15105,https://bioimages.vanderbilt.edu/tn/baskauf/tcofl2-tw15105.jpg,200,image/jpeg,
baskauf/15112,https://bioimages.vanderbilt.edu/tn/baskauf/tsaal5-fr15112.jpg,200,image/jpeg,
baskauf/15117,https://bioimages.vanderbilt.edu/tn/baskauf/tlibe3-fr15117.jpg,200,image/jpeg,
baskauf/15129,https://bioimages.vanderbilt.edu/tn/baskauf/tploc--tw15129.jpg,200,image/jpeg,
baskauf/15141,https://bioimages.vanderbilt.edu/tn/baskauf/tnysy--lffall-color15141.jpg,200,image/jpeg,
baskauf/15143,https://bioimages.vanderbilt.edu/tn/baskauf/tnysy--lfearlycolor15143.jpg,200,image/jpeg,
baskauf/15144,https://bioimages.vanderbilt.edu/tn/baskauf/tnysy--tw15144.jpg,200,image/jpeg,
baskauf/15172,https://bioimages.vanderbilt.edu/tn/baskauf/tulru--lfoblique-base15172.jpg,200,image/jpeg,
baskauf/15175,https://bioimages.vanderbilt.edu/tn/baskauf/tulru--lfmargin-uplow15175.jpg,200,image/jpeg,
baskauf/15176,https://bioimages.vanderbilt.edu/tn/baskauf/tulru--lfseveral15176.jpg,200,image/jpeg,
baskauf/15180,https://bioimages.vanderbilt.edu/tn/baskauf/tulru--tw15180.jpg,200,image/jpeg,
baskauf/15184,https://bioimages.vanderbilt.edu/tn/baskauf/taial--fr15184.jpg,200,image/jpeg,
baskauf/15185,https://bioimages.vanderbilt.edu/tn/baskauf/taial--frcloseup15185.jpg,200,image/jpeg,
baskauf/15187,https://bioimages.vanderbilt.edu/tn/baskauf/taial--frmature-close15187.jpg,200,image/jpeg,
baskauf/15190,https://bioimages.vanderbilt.edu/tn/baskauf/taial--lfgland-closeup15190.jpg,200,image/jpeg,
baskauf/15192,https://bioimages.vanderbilt.edu/tn/baskauf/taial--lfgland-close15192.jpg,200,image/jpeg,
baskauf/15196,https://bioimages.vanderbilt.edu/tn/baskauf/taial--lfgland15196.jpg,200,image/jpeg,
baskauf/15197,https://bioimages.vanderbilt.edu/tn/baskauf/tjuni--lfno-terminal15197.jpg,200,image/jpeg,
baskauf/15199,https://bioimages.vanderbilt.edu/tn/baskauf/tjuni--lf-no-gland15199.jpg,200,image/jpeg,
baskauf/15200,https://bioimages.vanderbilt.edu/tn/baskauf/tjuni--tw15200.jpg,200,image/jpeg,
baskauf/15203,https://bioimages.vanderbilt.edu/tn/baskauf/tjuni--twleaf-scar15203.jpg,200,image/jpeg,
baskauf/15205,https://bioimages.vanderbilt.edu/tn/baskauf/tjuni--twchamber-pith15205.jpg,200,image/jpeg,
baskauf/15207,https://bioimages.vanderbilt.edu/tn/baskauf/tjuni--twchamber-pith15207.jpg,200,image/jpeg,
baskauf/15211,https://bioimages.vanderbilt.edu/tn/baskauf/tacsa3-lfmargin-uplow15211.jpg,200,image/jpeg,
baskauf/15212,https://bioimages.vanderbilt.edu/tn/baskauf/tacsa3-lfmargin-uplow15212.jpg,200,image/jpeg,
baskauf/15216,https://bioimages.vanderbilt.edu/tn/baskauf/tacsa3-tw15216.jpg,200,image/jpeg,
baskauf/15225,https://bioimages.vanderbilt.edu/tn/baskauf/tpist--cofemale15225.jpg,200,image/jpeg,
baskauf/15227,https://bioimages.vanderbilt.edu/tn/baskauf/tulam--lfseveral15227.jpg,200,image/jpeg,
baskauf/15230,https://bioimages.vanderbilt.edu/tn/baskauf/tulam--lfmargin-uplow15230.jpg,200,image/jpeg,
baskauf/15235,https://bioimages.vanderbilt.edu/tn/baskauf/tulam--lfoblique-base15235.jpg,200,image/jpeg,
baskauf/15238,https://bioimages.vanderbilt.edu/tn/baskauf/tulam--lf15238.jpg,200,image/jpeg,
baskauf/15241,https://bioimages.vanderbilt.edu/tn/baskauf/tulam--tw15241.jpg,200,image/jpeg,
baskauf/15272,https://bioimages.vanderbilt.edu/tn/baskauf/tosvi--lfmargin-uplow15272.jpg,200,image/jpeg,
baskauf/15276,https://bioimages.vanderbilt.edu/tn/baskauf/tosvi--lfbase15276.jpg,200,image/jpeg,
baskauf/15280,https://bioimages.vanderbilt.edu/tn/baskauf/tosvi--tw15280.jpg,200,image/jpeg,
baskauf/15288,https://bioimages.vanderbilt.edu/tn/baskauf/tosvi--twbud15288.jpg,200,image/jpeg,
baskauf/15307,https://bioimages.vanderbilt.edu/tn/baskauf/tacne2-lf5-lflets15307.jpg,200,image/jpeg,
baskauf/15308,https://bioimages.vanderbilt.edu/tn/baskauf/tacne2-tw15308.jpg,200,image/jpeg,
baskauf/15313,https://bioimages.vanderbilt.edu/tn/baskauf/tacne2-lf3-lflets15313.jpg,200,image/jpeg,
baskauf/15316,https://bioimages.vanderbilt.edu/tn/baskauf/tacne2-lfmargin-uplow15316.jpg,200,image/jpeg,
baskauf/15320,https://bioimages.vanderbilt.edu/tn/baskauf/tacne2-brsmall15320.jpg,200,image/jpeg,
baskauf/15323,https://bioimages.vanderbilt.edu/tn/baskauf/tacsa2-lf15323.jpg,200,image/jpeg,
baskauf/15326,https://bioimages.vanderbilt.edu/tn/baskauf/tacsa2-lfmargin-uplow15326.jpg,200,image/jpeg,
baskauf/15332,https://bioimages.vanderbilt.edu/tn/baskauf/tacsa2-tw15332.jpg,200,image/jpeg,
baskauf/15335,https://bioimages.vanderbilt.edu/tn/baskauf/tpode3-wp15335.jpg,200,image/jpeg,
baskauf/15339,https://bioimages.vanderbilt.edu/tn/baskauf/tpode3-lf15339.jpg,200,image/jpeg,
baskauf/15343,https://bioimages.vanderbilt.edu/tn/baskauf/tpode3-lfmargin-uplow15343.jpg,200,image/jpeg,
baskauf/15346,https://bioimages.vanderbilt.edu/tn/baskauf/tpode3-twwinter-buds15346.jpg,200,image/jpeg,
baskauf/15347,https://bioimages.vanderbilt.edu/tn/baskauf/tpode3-tw15347.jpg,200,image/jpeg,
baskauf/15353,https://bioimages.vanderbilt.edu/tn/baskauf/trops--fr15353.jpg,200,image/jpeg,
baskauf/15356,https://bioimages.vanderbilt.edu/tn/baskauf/trops--frcloseup15356.jpg,200,image/jpeg,
baskauf/15358,https://bioimages.vanderbilt.edu/tn/baskauf/tploc--lf15358.jpg,200,image/jpeg,
baskauf/15360,https://bioimages.vanderbilt.edu/tn/baskauf/tploc--tw15360.jpg,200,image/jpeg,
baskauf/15363,https://bioimages.vanderbilt.edu/tn/baskauf/tploc--tw15363.jpg,200,image/jpeg,
baskauf/15364,https://bioimages.vanderbilt.edu/tn/baskauf/tploc--lfmargin-uplow15364.jpg,200,image/jpeg,
baskauf/15367,https://bioimages.vanderbilt.edu/tn/baskauf/tploc--wplookup15367.jpg,200,image/jpeg,
baskauf/15370,https://bioimages.vanderbilt.edu/tn/baskauf/tploc--wp15370.jpg,200,image/jpeg,
baskauf/15381,https://bioimages.vanderbilt.edu/tn/baskauf/tprse2-lfmargin-uplow15381.jpg,200,image/jpeg,
baskauf/15387,https://bioimages.vanderbilt.edu/tn/baskauf/tqual--lf15387.jpg,200,image/jpeg,
baskauf/15388,https://bioimages.vanderbilt.edu/tn/baskauf/tqual--lfmargin-uplow15388.jpg,200,image/jpeg,
baskauf/15391,https://bioimages.vanderbilt.edu/tn/baskauf/tceca4-fr15391.jpg,200,image/jpeg,
baskauf/15395,https://bioimages.vanderbilt.edu/tn/baskauf/tceca4-lfmargin-uplow15395.jpg,200,image/jpeg,
baskauf/15412,https://bioimages.vanderbilt.edu/tn/baskauf/tsaal5-lf15412.jpg,200,image/jpeg,
baskauf/15417,https://bioimages.vanderbilt.edu/tn/baskauf/tsaal5-lfmargin-uplow15417.jpg,200,image/jpeg,
baskauf/15424,https://bioimages.vanderbilt.edu/tn/baskauf/tsaal5-tw15424.jpg,200,image/jpeg,
baskauf/15444,https://bioimages.vanderbilt.edu/tn/baskauf/trhcol2wp15444.jpg,200,image/jpeg,
baskauf/15445,https://bioimages.vanderbilt.edu/tn/baskauf/trhcol2fr15445.jpg,200,image/jpeg,
baskauf/15448,https://bioimages.vanderbilt.edu/tn/baskauf/trhcol2frcloseup15448.jpg,200,image/jpeg,
baskauf/15477,https://bioimages.vanderbilt.edu/tn/baskauf/trhgl--wp15477.jpg,200,image/jpeg,
baskauf/15503,https://bioimages.vanderbilt.edu/tn/baskauf/thavi4-fr15503.jpg,200,image/jpeg,
baskauf/15504,https://bioimages.vanderbilt.edu/tn/baskauf/thavi4-lfseveral15504.jpg,200,image/jpeg,
baskauf/15521,https://bioimages.vanderbilt.edu/tn/baskauf/tgltr--brspines15521.jpg,200,image/jpeg,
baskauf/15531,https://bioimages.vanderbilt.edu/tn/baskauf/tgltr--wplookup15531.jpg,200,image/jpeg,
baskauf/15533,https://bioimages.vanderbilt.edu/tn/baskauf/tgltr--br15533.jpg,200,image/jpeg,
baskauf/15537,https://bioimages.vanderbilt.edu/tn/baskauf/tgltr--lf15537.jpg,200,image/jpeg,
baskauf/15549,https://bioimages.vanderbilt.edu/tn/baskauf/tsaal5-brmedium15549.jpg,200,image/jpeg,
baskauf/15573,https://bioimages.vanderbilt.edu/tn/baskauf/trops--lfmargin-uplow15573.jpg,200,image/jpeg,
baskauf/15576,https://bioimages.vanderbilt.edu/tn/baskauf/ttiamh-lfmargin-uplow15576.jpg,200,image/jpeg,
baskauf/15581,https://bioimages.vanderbilt.edu/tn/baskauf/ttiamh-fr15581.jpg,200,image/jpeg,
baskauf/15592,https://bioimages.vanderbilt.edu/tn/baskauf/tmaac--tw15592.jpg,200,image/jpeg,
baskauf/15597,https://bioimages.vanderbilt.edu/tn/baskauf/tmaac--twleaf-scar15597.jpg,200,image/jpeg,
baskauf/15598,https://bioimages.vanderbilt.edu/tn/baskauf/tgibi2-fr15598.jpg,200,image/jpeg,
baskauf/15604,https://bioimages.vanderbilt.edu/tn/baskauf/tgibi2-frcloseup15604.jpg,200,image/jpeg,
baskauf/15607,https://bioimages.vanderbilt.edu/tn/baskauf/tgibi2-tw15607.jpg,200,image/jpeg,
baskauf/15615,https://bioimages.vanderbilt.edu/tn/baskauf/tquma2-fr15615.jpg,200,image/jpeg,
baskauf/15620,https://bioimages.vanderbilt.edu/tn/baskauf/tquma2-tw15620.jpg,200,image/jpeg,
baskauf/15624,https://bioimages.vanderbilt.edu/tn/baskauf/tquma2-lfmargin-uplow15624.jpg,200,image/jpeg,
baskauf/15626,https://bioimages.vanderbilt.edu/tn/baskauf/ttsca--tw15626.jpg,200,image/jpeg,
baskauf/15637,https://bioimages.vanderbilt.edu/tn/baskauf/tqual--fr15637.jpg,200,image/jpeg,
baskauf/15641,https://bioimages.vanderbilt.edu/tn/baskauf/tqual--tw15641.jpg,200,image/jpeg,
baskauf/15643,https://bioimages.vanderbilt.edu/tn/baskauf/tquru--lfmargin-uplow15643.jpg,200,image/jpeg,
baskauf/15652,https://bioimages.vanderbilt.edu/tn/baskauf/tulam--tw15652.jpg,200,image/jpeg,
baskauf/15662,https://bioimages.vanderbilt.edu/tn/baskauf/tpist--wp15662.jpg,200,image/jpeg,
baskauf/15663,https://bioimages.vanderbilt.edu/tn/baskauf/tpist--lfcloseup15663.jpg,200,image/jpeg,
baskauf/15687,https://bioimages.vanderbilt.edu/tn/baskauf/tsanic4frin-fruit15687.jpg,200,image/jpeg,
baskauf/15688,https://bioimages.vanderbilt.edu/tn/baskauf/tsanic4frcloseup15688.jpg,200,image/jpeg,
baskauf/15691,https://bioimages.vanderbilt.edu/tn/baskauf/tcaca18tw15691.jpg,200,image/jpeg,
baskauf/15692,https://bioimages.vanderbilt.edu/tn/baskauf/tcaca18lfmargin-uplow15692.jpg,200,image/jpeg,
baskauf/15696,https://bioimages.vanderbilt.edu/tn/baskauf/tcaca18lfbase15696.jpg,200,image/jpeg,
baskauf/15719,https://bioimages.vanderbilt.edu/tn/baskauf/tcaca18frin-fruit15719.jpg,200,image/jpeg,
baskauf/15721,https://bioimages.vanderbilt.edu/tn/baskauf/tcaca18frcloseup15721.jpg,200,image/jpeg,
baskauf/15726,https://bioimages.vanderbilt.edu/tn/baskauf/tcaca18fr15726.jpg,200,image/jpeg,
baskauf/15728,https://bioimages.vanderbilt.edu/tn/baskauf/tcaca18br15728.jpg,200,image/jpeg,
baskauf/15729,https://bioimages.vanderbilt.edu/tn/baskauf/tlibe3-fr15729.jpg,200,image/jpeg,
baskauf/15732,https://bioimages.vanderbilt.edu/tn/baskauf/tquru--br15732.jpg,200,image/jpeg,
baskauf/15734,https://bioimages.vanderbilt.edu/tn/baskauf/tceoc2-fr15734.jpg,200,image/jpeg,
baskauf/15737,https://bioimages.vanderbilt.edu/tn/baskauf/tceoc2-br15737.jpg,200,image/jpeg,
baskauf/15742,https://bioimages.vanderbilt.edu/tn/baskauf/tceoc2-tw15742.jpg,200,image/jpeg,
baskauf/15745,https://bioimages.vanderbilt.edu/tn/baskauf/tceoc2-lf15745.jpg,200,image/jpeg,
baskauf/15748,https://bioimages.vanderbilt.edu/tn/baskauf/tceoc2-lfmargin-uplow15748.jpg,200,image/jpeg,
baskauf/15750,https://bioimages.vanderbilt.edu/tn/baskauf/tceoc2-tw15750.jpg,200,image/jpeg,
baskauf/15756,https://bioimages.vanderbilt.edu/tn/baskauf/tceoc2-frcloseup15756.jpg,200,image/jpeg,
baskauf/15823,https://bioimages.vanderbilt.edu/tn/baskauf/tqupa2-wplookup15823.jpg,200,image/jpeg,
baskauf/15827,https://bioimages.vanderbilt.edu/tn/baskauf/tqupa2-wplookup15827.jpg,200,image/jpeg,
baskauf/15861,https://bioimages.vanderbilt.edu/tn/baskauf/tcaov2-brsmall15861.jpg,200,image/jpeg,
baskauf/15864,https://bioimages.vanderbilt.edu/tn/baskauf/tcaov2-brmedium15864.jpg,200,image/jpeg,
baskauf/15867,https://bioimages.vanderbilt.edu/tn/baskauf/tsaal5-lfmitten15867.jpg,200,image/jpeg,
baskauf/15868,https://bioimages.vanderbilt.edu/tn/baskauf/tsaal5-lfvariation15868.jpg,200,image/jpeg,
baskauf/15894,https://bioimages.vanderbilt.edu/tn/baskauf/tcaov2-frnut15894.jpg,200,image/jpeg,
baskauf/15898,https://bioimages.vanderbilt.edu/tn/baskauf/tcaov2-lfmargin-uplow-q15898.jpg,200,image/jpeg,
baskauf/15912,https://bioimages.vanderbilt.edu/tn/baskauf/tulru--tw15912.jpg,200,image/jpeg,
baskauf/15925,https://bioimages.vanderbilt.edu/tn/baskauf/taegl--tw15925.jpg,200,image/jpeg,
baskauf/15935,https://bioimages.vanderbilt.edu/tn/baskauf/tjuni--frin-fruit15935.jpg,200,image/jpeg,
baskauf/15938,https://bioimages.vanderbilt.edu/tn/baskauf/tjuni--fr15938.jpg,200,image/jpeg,
baskauf/15942,https://bioimages.vanderbilt.edu/tn/baskauf/tjuni--frnut15942.jpg,200,image/jpeg,
baskauf/15946,https://bioimages.vanderbilt.edu/tn/baskauf/tjuni--lfmargin-uplow15946.jpg,200,image/jpeg,
baskauf/15948,https://bioimages.vanderbilt.edu/tn/baskauf/ttora2-frcloseup15948.jpg,200,image/jpeg,
baskauf/15951,https://bioimages.vanderbilt.edu/tn/baskauf/ttora2-frdistant15951.jpg,200,image/jpeg,
baskauf/15962,https://bioimages.vanderbilt.edu/tn/baskauf/taehi--fr15962.jpg,200,image/jpeg,
baskauf/15966,https://bioimages.vanderbilt.edu/tn/baskauf/taehi--twbud-lfscar15966.jpg,200,image/jpeg,
baskauf/15969,https://bioimages.vanderbilt.edu/tn/baskauf/taehi--lfmargin-uplow15969.jpg,200,image/jpeg,
baskauf/15984,https://bioimages.vanderbilt.edu/tn/baskauf/tgydi--wplookup-large15984.jpg,200,image/jpeg,
baskauf/15988,https://bioimages.vanderbilt.edu/tn/baskauf/tgydi--brlarge15988.jpg,200,image/jpeg,
baskauf/15991,https://bioimages.vanderbilt.edu/tn/baskauf/tqupa2-fr15991.jpg,200,image/jpeg,
baskauf/15994,https://bioimages.vanderbilt.edu/tn/baskauf/tqupa2-tw15994.jpg,200,image/jpeg,
baskauf/15999,https://bioimages.vanderbilt.edu/tn/baskauf/tquru--fr15999.jpg,200,image/jpeg,
baskauf/16016,https://bioimages.vanderbilt.edu/tn/baskauf/tquve--fr16016.jpg,200,image/jpeg,
baskauf/16021,https://bioimages.vanderbilt.edu/tn/baskauf/tquve--lfmargin-uplow16021.jpg,200,image/jpeg,
baskauf/16026,https://bioimages.vanderbilt.edu/tn/baskauf/tqubi--tw16026.jpg,200,image/jpeg,
baskauf/16046,https://bioimages.vanderbilt.edu/tn/baskauf/tacne2-twgreen16046.jpg,200,image/jpeg,
baskauf/16050,https://bioimages.vanderbilt.edu/tn/baskauf/tacne2-br16050.jpg,200,image/jpeg,
baskauf/16083,https://bioimages.vanderbilt.edu/tn/baskauf/tqumu--tw16083.jpg,200,image/jpeg,
baskauf/16094,https://bioimages.vanderbilt.edu/tn/baskauf/tqumu--fr16094.jpg,200,image/jpeg,
baskauf/16192,https://bioimages.vanderbilt.edu/tn/baskauf/tcaov2-lfmarginal-hair16192.jpg,200,image/jpeg,
baskauf/16195,https://bioimages.vanderbilt.edu/tn/baskauf/tulam--brstripe-chr16195.jpg,200,image/jpeg,
baskauf/16201,https://bioimages.vanderbilt.edu/tn/baskauf/tulru--brnostripe-chr16201.jpg,200,image/jpeg,
baskauf/16207,https://bioimages.vanderbilt.edu/tn/baskauf/tosvi--flfall-catkin16207.jpg,200,image/jpeg,
baskauf/16240,https://bioimages.vanderbilt.edu/tn/baskauf/ttiamh-twbuds16240.jpg,200,image/jpeg,
baskauf/16278,https://bioimages.vanderbilt.edu/tn/baskauf/tosvi--fr16278.jpg,200,image/jpeg,
baskauf/16299,https://bioimages.vanderbilt.edu/tn/baskauf/tqubi--fr16299.jpg,200,image/jpeg,
baskauf/16321,https://bioimages.vanderbilt.edu/tn/baskauf/tsaal5-brlarge16321.jpg,200,image/jpeg,
baskauf/16324,https://bioimages.vanderbilt.edu/tn/baskauf/tsaal5-brlarge-close16324.jpg,200,image/jpeg,
baskauf/16325,https://bioimages.vanderbilt.edu/tn/baskauf/tsaal5-wplookup-large16325.jpg,200,image/jpeg,
baskauf/16416,https://bioimages.vanderbilt.edu/tn/baskauf/tcofl2-lffall-color16416.jpg,200,image/jpeg,
baskauf/16418,https://bioimages.vanderbilt.edu/tn/baskauf/ttora2-lffall-color16418.jpg,200,image/jpeg,
baskauf/16498,https://bioimages.vanderbilt.edu/tn/baskauf/tjuci--wp16498.jpg,200,image/jpeg,
baskauf/16500,https://bioimages.vanderbilt.edu/tn/baskauf/tjuci--wptrunk16500.jpg,200,image/jpeg,
baskauf/16502,https://bioimages.vanderbilt.edu/tn/baskauf/tjuci--brlarge16502.jpg,200,image/jpeg,
baskauf/16506,https://bioimages.vanderbilt.edu/tn/baskauf/tjuci--wplookup16506.jpg,200,image/jpeg,
baskauf/16509,https://bioimages.vanderbilt.edu/tn/baskauf/tjuci--frnut16509.jpg,200,image/jpeg,
baskauf/16683,https://bioimages.vanderbilt.edu/tn/baskauf/tnysy--wpfall-color16683.jpg,200,image/jpeg,
baskauf/16684,https://bioimages.vanderbilt.edu/tn/baskauf/trhcol2wpfall-color16684.jpg,200,image/jpeg,
baskauf/16689,https://bioimages.vanderbilt.edu/tn/baskauf/ttiamh-twwinter-bud16689.jpg,200,image/jpeg,
baskauf/16710,https://bioimages.vanderbilt.edu/tn/baskauf/tnysy--twleaf-scar16710.jpg,200,image/jpeg,
baskauf/16712,https://bioimages.vanderbilt.edu/tn/baskauf/tnysy--wplookup16712.jpg,200,image/jpeg,
baskauf/16715,https://bioimages.vanderbilt.edu/tn/baskauf/tnysy--brmedium16715.jpg,200,image/jpeg,
baskauf/16720,https://bioimages.vanderbilt.edu/tn/baskauf/tfagr--lffall16720.jpg,200,image/jpeg,
baskauf/16722,https://bioimages.vanderbilt.edu/tn/baskauf/tsaal5-lffall16722.jpg,200,image/jpeg,
baskauf/16724,https://bioimages.vanderbilt.edu/tn/baskauf/trhcol2lffall16724.jpg,200,image/jpeg,
baskauf/16741,https://bioimages.vanderbilt.edu/tn/baskauf/tacsa3-lffall-yellow16741.jpg,200,image/jpeg,
baskauf/16760,https://bioimages.vanderbilt.edu/tn/baskauf/tcofl2-lffall16760.jpg,200,image/jpeg,
baskauf/16835,https://bioimages.vanderbilt.edu/tn/baskauf/tploc--frin-fruit16835.jpg,200,image/jpeg,
baskauf/16838,https://bioimages.vanderbilt.edu/tn/baskauf/tqual--lffall16838.jpg,200,image/jpeg,
baskauf/16842,https://bioimages.vanderbilt.edu/tn/baskauf/tqual--frgerminating16842.jpg,200,image/jpeg,
baskauf/17265,https://bioimages.vanderbilt.edu/tn/baskauf/tceca4-tw17265.jpg,200,image/jpeg,
baskauf/17295,https://bioimages.vanderbilt.edu/tn/baskauf/ttora2-br17295.jpg,200,image/jpeg,
baskauf/17306,https://bioimages.vanderbilt.edu/tn/baskauf/ttora2-tw17306.jpg,200,image/jpeg,
baskauf/17313,https://bioimages.vanderbilt.edu/tn/baskauf/tploc--twterminal-bud17313.jpg,200,image/jpeg,
baskauf/17316,https://bioimages.vanderbilt.edu/tn/baskauf/tploc--twleaf-scar17316.jpg,200,image/jpeg,
baskauf/17339,https://bioimages.vanderbilt.edu/tn/baskauf/trhgl--br17339.jpg,200,image/jpeg,
baskauf/17455,https://bioimages.vanderbilt.edu/tn/baskauf/tfrpe--twterminal-bud17455.jpg,200,image/jpeg,
baskauf/17457,https://bioimages.vanderbilt.edu/tn/baskauf/tfrpe--twleaf-scar17457.jpg,200,image/jpeg,
baskauf/17511,https://bioimages.vanderbilt.edu/tn/baskauf/tacsa2-flinflor17511.jpg,200,image/jpeg,
baskauf/17523,https://bioimages.vanderbilt.edu/tn/baskauf/tacsa2-fl17523.jpg,200,image/jpeg,
baskauf/17526,https://bioimages.vanderbilt.edu/tn/baskauf/tacsa2-tw17526.jpg,200,image/jpeg,
baskauf/17534,https://bioimages.vanderbilt.edu/tn/baskauf/taial--tw17534.jpg,200,image/jpeg,
baskauf/17536,https://bioimages.vanderbilt.edu/tn/baskauf/taial--twleaf-scar17536.jpg,200,image/jpeg,
baskauf/17542,https://bioimages.vanderbilt.edu/tn/baskauf/tpist--tw17542.jpg,200,image/jpeg,
baskauf/17544,https://bioimages.vanderbilt.edu/tn/baskauf/tpist--brmedium17544.jpg,200,image/jpeg,
baskauf/17546,https://bioimages.vanderbilt.edu/tn/baskauf/tpist--brsmall17546.jpg,200,image/jpeg,
baskauf/17548,https://bioimages.vanderbilt.edu/tn/baskauf/tpist--brlarge17548.jpg,200,image/jpeg,
baskauf/17553,https://bioimages.vanderbilt.edu/tn/baskauf/tcofl2-twbuds17553.jpg,200,image/jpeg,
baskauf/17559,https://bioimages.vanderbilt.edu/tn/baskauf/tcofl2-twbud17559.jpg,200,image/jpeg,
baskauf/17569,https://bioimages.vanderbilt.edu/tn/baskauf/tulam--fl17569.jpg,200,image/jpeg,
baskauf/17771,https://bioimages.vanderbilt.edu/tn/baskauf/tlibe3-fl17771.jpg,200,image/jpeg,
baskauf/17959,https://bioimages.vanderbilt.edu/tn/baskauf/tulru--fl17959.jpg,200,image/jpeg,
baskauf/18004,https://bioimages.vanderbilt.edu/tn/baskauf/tulam--frdevel18004.jpg,200,image/jpeg,
baskauf/18009,https://bioimages.vanderbilt.edu/tn/baskauf/tacsa2-fldevel-fruit18009.jpg,200,image/jpeg,
baskauf/18076,https://bioimages.vanderbilt.edu/tn/baskauf/tacsa3-wpin-flower18076.jpg,200,image/jpeg,
baskauf/18084,https://bioimages.vanderbilt.edu/tn/baskauf/tquru--flinflor18084.jpg,200,image/jpeg,
baskauf/18093,https://bioimages.vanderbilt.edu/tn/baskauf/tquru--flmale18093.jpg,200,image/jpeg,
baskauf/18096,https://bioimages.vanderbilt.edu/tn/baskauf/tquru--flfemale18096.jpg,200,image/jpeg,
baskauf/18141,https://bioimages.vanderbilt.edu/tn/baskauf/tfram2-flinflor18141.jpg,200,image/jpeg,
baskauf/18150,https://bioimages.vanderbilt.edu/tn/baskauf/tfram2-flmale18150.jpg,200,image/jpeg,
baskauf/18219,https://bioimages.vanderbilt.edu/tn/baskauf/tacru--flfemale18219.jpg,200,image/jpeg,
baskauf/18225,https://bioimages.vanderbilt.edu/tn/baskauf/tacru--fldevel-fruit18225.jpg,200,image/jpeg,
baskauf/18234,https://bioimages.vanderbilt.edu/tn/baskauf/tacne2-frdevel18234.jpg,200,image/jpeg,
baskauf/18483,https://bioimages.vanderbilt.edu/tn/baskauf/tulam--frdevel18483.jpg,200,image/jpeg,
baskauf/18746,https://bioimages.vanderbilt.edu/tn/baskauf/tosvi--flmale18746.jpg,200,image/jpeg,
baskauf/18748,https://bioimages.vanderbilt.edu/tn/baskauf/tosvi--flmale-several18748.jpg,200,image/jpeg,
baskauf/18836,https://bioimages.vanderbilt.edu/tn/baskauf/tqubi--flinflor18836.jpg,200,image/jpeg,
baskauf/18839,https://bioimages.vanderbilt.edu/tn/baskauf/tqubi--flmale18839.jpg,200,image/jpeg,
baskauf/18850,https://bioimages.vanderbilt.edu/tn/baskauf/tquma2-flinflor18850.jpg,200,image/jpeg,
baskauf/18855,https://bioimages.vanderbilt.edu/tn/baskauf/tquma2-flmale18855.jpg,200,image/jpeg,
baskauf/18859,https://bioimages.vanderbilt.edu/tn/baskauf/tquma2-flfemale18859.jpg,200,image/jpeg,
baskauf/18969,https://bioimages.vanderbilt.edu/tn/baskauf/tamar3-flfront18969.jpg,200,image/jpeg,
baskauf/18976,https://bioimages.vanderbilt.edu/tn/baskauf/tamar3-flside18976.jpg,200,image/jpeg,
baskauf/19080,https://bioimages.vanderbilt.edu/tn/baskauf/tlibe3-br19080.jpg,200,image/jpeg,
baskauf/19171,https://bioimages.vanderbilt.edu/tn/baskauf/tcaca18fl19171.jpg,200,image/jpeg,
baskauf/19182,https://bioimages.vanderbilt.edu/tn/baskauf/tcaca18flmale19182.jpg,200,image/jpeg,
baskauf/19189,https://bioimages.vanderbilt.edu/tn/baskauf/tcaca18flfemale19189.jpg,200,image/jpeg,
baskauf/19269,https://bioimages.vanderbilt.edu/tn/baskauf/tacru--frmass19269.jpg,200,image/jpeg,
baskauf/19291,https://bioimages.vanderbilt.edu/tn/baskauf/tfrpe--flinflor19291.jpg,200,image/jpeg,
baskauf/19298,https://bioimages.vanderbilt.edu/tn/baskauf/tfrpe--fl19298.jpg,200,image/jpeg,
baskauf/19311,https://bioimages.vanderbilt.edu/tn/baskauf/tqupa2-fl19311.jpg,200,image/jpeg,
baskauf/19319,https://bioimages.vanderbilt.edu/tn/baskauf/tqupa2-flmale19319.jpg,200,image/jpeg,
baskauf/19330,https://bioimages.vanderbilt.edu/tn/baskauf/tacsa2-frinfruct19330.jpg,200,image/jpeg,
baskauf/19335,https://bioimages.vanderbilt.edu/tn/baskauf/tacsa2-fr19335.jpg,200,image/jpeg,
baskauf/19346,https://bioimages.vanderbilt.edu/tn/baskauf/tgibi2-coseed19346.jpg,200,image/jpeg,
baskauf/19354,https://bioimages.vanderbilt.edu/tn/baskauf/tgibi2-cofemale-recep19354.jpg,200,image/jpeg,
baskauf/19361,https://bioimages.vanderbilt.edu/tn/baskauf/tgibi2-cofem-rec-close19361.jpg,200,image/jpeg,
baskauf/19366,https://bioimages.vanderbilt.edu/tn/baskauf/tqumu--fl19366.jpg,200,image/jpeg,
baskauf/19371,https://bioimages.vanderbilt.edu/tn/baskauf/tqumu--flmale19371.jpg,200,image/jpeg,
baskauf/19373,https://bioimages.vanderbilt.edu/tn/baskauf/tqumu--flfemale19373.jpg,200,image/jpeg,
baskauf/19392,https://bioimages.vanderbilt.edu/tn/baskauf/tploc--fl19392.jpg,200,image/jpeg,
baskauf/19402,https://bioimages.vanderbilt.edu/tn/baskauf/tploc--flfemale19402.jpg,200,image/jpeg,
baskauf/19579,https://bioimages.vanderbilt.edu/tn/baskauf/tulru--frmass19579.jpg,200,image/jpeg,
baskauf/19587,https://bioimages.vanderbilt.edu/tn/baskauf/tsaal5-flfemale19587.jpg,200,image/jpeg,
baskauf/19631,https://bioimages.vanderbilt.edu/tn/baskauf/tulam--frmature19631.jpg,200,image/jpeg,
baskauf/19643,https://bioimages.vanderbilt.edu/tn/baskauf/tquve--flmale19643.jpg,200,image/jpeg,
baskauf/19669,https://bioimages.vanderbilt.edu/tn/baskauf/tquve--fl19669.jpg,200,image/jpeg,
baskauf/19689,https://bioimages.vanderbilt.edu/tn/baskauf/tquve--flfemale19689.jpg,200,image/jpeg,
baskauf/19695,https://bioimages.vanderbilt.edu/tn/baskauf/tqual--fl19695.jpg,200,image/jpeg,
baskauf/19705,https://bioimages.vanderbilt.edu/tn/baskauf/tqual--flmale19705.jpg,200,image/jpeg,
baskauf/19712,https://bioimages.vanderbilt.edu/tn/baskauf/tqual--flfemale19712.jpg,200,image/jpeg,
baskauf/19835,https://bioimages.vanderbilt.edu/tn/baskauf/tulru--frmature19835.jpg,200,image/jpeg,
baskauf/19886,https://bioimages.vanderbilt.edu/tn/baskauf/tulru--frmature-dry19886.jpg,200,image/jpeg,
baskauf/20031,https://bioimages.vanderbilt.edu/tn/baskauf/tacru--fr20031.jpg,200,image/jpeg,
baskauf/2014-08-23-16-39-52,https://bioimages.vanderbilt.edu/tn/baskauf/t2014-08-23-16-39-52.jpg,200,image/jpeg,
baskauf/2014-08-23-16-40-08,https://bioimages.vanderbilt.edu/tn/baskauf/t2014-08-23-16-40-08.jpg,200,image/jpeg,
baskauf/2014-08-23-16-40-31,https://bioimages.vanderbilt.edu/tn/baskauf/t2014-08-23-16-40-31.jpg,200,image/jpeg,
baskauf/2014-08-23-16-40-51,https://bioimages.vanderbilt.edu/tn/baskauf/t2014-08-23-16-40-51.jpg,200,image/jpeg,
baskauf/20452,https://bioimages.vanderbilt.edu/tn/baskauf/ttora2-lfnew20452.jpg,200,image/jpeg,
baskauf/20454,https://bioimages.vanderbilt.edu/tn/baskauf/ttora2-lf20454.jpg,200,image/jpeg,
baskauf/20545,https://bioimages.vanderbilt.edu/tn/baskauf/tsttr--fl20545.jpg,200,image/jpeg,
baskauf/20551,https://bioimages.vanderbilt.edu/tn/baskauf/tsttr--wpin-flower20551.jpg,200,image/jpeg,
baskauf/20553,https://bioimages.vanderbilt.edu/tn/baskauf/tsttr--flmass20553.jpg,200,image/jpeg,
baskauf/20563,https://bioimages.vanderbilt.edu/tn/baskauf/tsttr--brmedium20563.jpg,200,image/jpeg,
baskauf/20565,https://bioimages.vanderbilt.edu/tn/baskauf/tsttr--brsmall20565.jpg,200,image/jpeg,
baskauf/20570,https://bioimages.vanderbilt.edu/tn/baskauf/tsttr--tw20570.jpg,200,image/jpeg,
baskauf/20572,https://bioimages.vanderbilt.edu/tn/baskauf/tsttr--lf20572.jpg,200,image/jpeg,
baskauf/20777,https://bioimages.vanderbilt.edu/tn/baskauf/tcala21flinflor20777.jpg,200,image/jpeg,
baskauf/20783,https://bioimages.vanderbilt.edu/tn/baskauf/tcala21flbracts20783.jpg,200,image/jpeg,
baskauf/20864,https://bioimages.vanderbilt.edu/tn/baskauf/tcala21flfemale20864.jpg,200,image/jpeg,
baskauf/20872,https://bioimages.vanderbilt.edu/tn/baskauf/tcala21flmale20872.jpg,200,image/jpeg,
baskauf/20884,https://bioimages.vanderbilt.edu/tn/baskauf/tcala21flmale-close20884.jpg,200,image/jpeg,
baskauf/20950,https://bioimages.vanderbilt.edu/tn/baskauf/tulam--frmass-on-grnd20950.jpg,200,image/jpeg,
baskauf/21454,https://bioimages.vanderbilt.edu/tn/baskauf/tsani--flinflor21454.jpg,200,image/jpeg,
baskauf/21457,https://bioimages.vanderbilt.edu/tn/baskauf/tsani--fl21457.jpg,200,image/jpeg,
baskauf/21465,https://bioimages.vanderbilt.edu/tn/baskauf/tsani--frdevel21465.jpg,200,image/jpeg,
baskauf/21592,https://bioimages.vanderbilt.edu/tn/baskauf/taegl--wplookup21592.jpg,200,image/jpeg,
baskauf/21595,https://bioimages.vanderbilt.edu/tn/baskauf/tgltr--tw21595.jpg,200,image/jpeg,
baskauf/21602,https://bioimages.vanderbilt.edu/tn/baskauf/tgltr--lf21602.jpg,200,image/jpeg,
baskauf/21605,https://bioimages.vanderbilt.edu/tn/baskauf/trops--wpin-flower21605.jpg,200,image/jpeg,
baskauf/21608,https://bioimages.vanderbilt.edu/tn/baskauf/trops--flinflor21608.jpg,200,image/jpeg,
baskauf/21611,https://bioimages.vanderbilt.edu/tn/baskauf/trops--fl21611.jpg,200,image/jpeg,
baskauf/21618,https://bioimages.vanderbilt.edu/tn/baskauf/trops--wpin-flower21618.jpg,200,image/jpeg,
baskauf/21865,https://bioimages.vanderbilt.edu/tn/baskauf/tfrqu--br21865.jpg,200,image/jpeg,
baskauf/21894,https://bioimages.vanderbilt.edu/tn/baskauf/trhar4-frdevel21894.jpg,200,image/jpeg,
baskauf/21906,https://bioimages.vanderbilt.edu/tn/baskauf/trhar4-tw21906.jpg,200,image/jpeg,
baskauf/21914,https://bioimages.vanderbilt.edu/tn/baskauf/trhar4-br21914.jpg,200,image/jpeg,
baskauf/21999,https://bioimages.vanderbilt.edu/tn/baskauf/trops--flinflor21999.jpg,200,image/jpeg,
baskauf/22004,https://bioimages.vanderbilt.edu/tn/baskauf/trops--fl22004.jpg,200,image/jpeg,
baskauf/22014,https://bioimages.vanderbilt.edu/tn/baskauf/trops--flinflor-close22014.jpg,200,image/jpeg,
baskauf/22028,https://bioimages.vanderbilt.edu/tn/baskauf/tmaac--fl22028.jpg,200,image/jpeg,
baskauf/22032,https://bioimages.vanderbilt.edu/tn/baskauf/tmaac--flclose22032.jpg,200,image/jpeg,
baskauf/22184,https://bioimages.vanderbilt.edu/tn/baskauf/tacsa3-fr22184.jpg,200,image/jpeg,
baskauf/22595,https://bioimages.vanderbilt.edu/tn/baskauf/tamar3-br22595.jpg,200,image/jpeg,
baskauf/22601,https://bioimages.vanderbilt.edu/tn/baskauf/tamar3-tw22601.jpg,200,image/jpeg,
baskauf/22607,https://bioimages.vanderbilt.edu/tn/baskauf/tamar3-frdevel22607.jpg,200,image/jpeg,
baskauf/22873,https://bioimages.vanderbilt.edu/tn/baskauf/tcaov2-lf22873.jpg,200,image/jpeg,
baskauf/22882,https://bioimages.vanderbilt.edu/tn/baskauf/tcaov2-tw22882.jpg,200,image/jpeg,
baskauf/22885,https://bioimages.vanderbilt.edu/tn/baskauf/tcaov2-flqmale22885.jpg,200,image/jpeg,
baskauf/23002,https://bioimages.vanderbilt.edu/tn/baskauf/tsani--wp23002.jpg,200,image/jpeg,
baskauf/23004,https://bioimages.vanderbilt.edu/tn/baskauf/tsani--lfseveral23004.jpg,200,image/jpeg,
baskauf/23007,https://bioimages.vanderbilt.edu/tn/baskauf/tsani--lf23007.jpg,200,image/jpeg,
baskauf/23013,https://bioimages.vanderbilt.edu/tn/baskauf/tsani--tw23013.jpg,200,image/jpeg,
baskauf/23020,https://bioimages.vanderbilt.edu/tn/baskauf/tsani--br23020.jpg,200,image/jpeg,
baskauf/23022,https://bioimages.vanderbilt.edu/tn/baskauf/tjuni--fl23022.jpg,200,image/jpeg,
baskauf/23025,https://bioimages.vanderbilt.edu/tn/baskauf/tjuni--flmale23025.jpg,200,image/jpeg,
baskauf/23997,https://bioimages.vanderbilt.edu/tn/baskauf/tsani--frmature23997.jpg,200,image/jpeg,
baskauf/24001,https://bioimages.vanderbilt.edu/tn/baskauf/tsani--frmature-close24001.jpg,200,image/jpeg,
baskauf/24227,https://bioimages.vanderbilt.edu/tn/baskauf/tgydi--frdevel24227.jpg,200,image/jpeg,
baskauf/24236,https://bioimages.vanderbilt.edu/tn/baskauf/tgydi--tw24236.jpg,200,image/jpeg,
baskauf/24245,https://bioimages.vanderbilt.edu/tn/baskauf/tgydi--br24245.jpg,200,image/jpeg,
baskauf/24248,https://bioimages.vanderbilt.edu/tn/baskauf/tgydi--lf24248.jpg,200,image/jpeg,
baskauf/24251,https://bioimages.vanderbilt.edu/tn/baskauf/tgydi--lfleaflet24251.jpg,200,image/jpeg,
baskauf/24254,https://bioimages.vanderbilt.edu/tn/baskauf/tgydi--fr24254.jpg,200,image/jpeg,
baskauf/24261,https://bioimages.vanderbilt.edu/tn/baskauf/tgydi--frseeds24261.jpg,200,image/jpeg,
baskauf/24265,https://bioimages.vanderbilt.edu/tn/baskauf/tgydi--frseed24265.jpg,200,image/jpeg,
baskauf/24270,https://bioimages.vanderbilt.edu/tn/baskauf/tgydi--wpin-fruit24270.jpg,200,image/jpeg,
baskauf/24520,https://bioimages.vanderbilt.edu/tn/baskauf/tcaca18wp24520.jpg,200,image/jpeg,
baskauf/24849,https://bioimages.vanderbilt.edu/tn/baskauf/tgydi--frseed24849.jpg,200,image/jpeg,
baskauf/25478,https://bioimages.vanderbilt.edu/tn/baskauf/tcaca18wpin-fruit25478.jpg,200,image/jpeg,
baskauf/25625,https://bioimages.vanderbilt.edu/tn/baskauf/tsanic4br25625.jpg,200,image/jpeg,
baskauf/25638,https://bioimages.vanderbilt.edu/tn/baskauf/tgydi--wp25638.jpg,200,image/jpeg,
baskauf/25640,https://bioimages.vanderbilt.edu/tn/baskauf/tfram2-frinfruct25640.jpg,200,image/jpeg,
baskauf/25646,https://bioimages.vanderbilt.edu/tn/baskauf/tfram2-fr25646.jpg,200,image/jpeg,
baskauf/26114,https://bioimages.vanderbilt.edu/tn/baskauf/tsarar3wp26114.jpg,200,image/jpeg,
baskauf/26119,https://bioimages.vanderbilt.edu/tn/baskauf/tsarar3flinflor26119.jpg,200,image/jpeg,
baskauf/26127,https://bioimages.vanderbilt.edu/tn/baskauf/tsarar3fl26127.jpg,200,image/jpeg,
baskauf/26131,https://bioimages.vanderbilt.edu/tn/baskauf/tpiru--lf26131.jpg,200,image/jpeg,
baskauf/26141,https://bioimages.vanderbilt.edu/tn/baskauf/tsarar3flbuds26141.jpg,200,image/jpeg,
baskauf/26143,https://bioimages.vanderbilt.edu/tn/baskauf/tsarar3lf26143.jpg,200,image/jpeg,
baskauf/26147,https://bioimages.vanderbilt.edu/tn/baskauf/tsarar3tw26147.jpg,200,image/jpeg,
baskauf/26149,https://bioimages.vanderbilt.edu/tn/baskauf/tsarar3lfmargin-uplow26149.jpg,200,image/jpeg,
baskauf/26153,https://bioimages.vanderbilt.edu/tn/baskauf/tsarar3wp26153.jpg,200,image/jpeg,
baskauf/26253,https://bioimages.vanderbilt.edu/tn/baskauf/tcade12brfallen-tree26253.jpg,200,image/jpeg,
baskauf/26308,https://bioimages.vanderbilt.edu/tn/baskauf/tvila11tw26308.jpg,200,image/jpeg,
baskauf/26311,https://bioimages.vanderbilt.edu/tn/baskauf/tvila11lfseveral26311.jpg,200,image/jpeg,
baskauf/26321,https://bioimages.vanderbilt.edu/tn/baskauf/tvila11frdevel-infruct26321.jpg,200,image/jpeg,
baskauf/26325,https://bioimages.vanderbilt.edu/tn/baskauf/tvila11frdevel26325.jpg,200,image/jpeg,
baskauf/26421,https://bioimages.vanderbilt.edu/tn/baskauf/tbeal2-flinflor26421.jpg,200,image/jpeg,
baskauf/26426,https://bioimages.vanderbilt.edu/tn/baskauf/tbeal2-fl26426.jpg,200,image/jpeg,
baskauf/26492,https://bioimages.vanderbilt.edu/tn/baskauf/tvila11flinflor26492.jpg,200,image/jpeg,
baskauf/26493,https://bioimages.vanderbilt.edu/tn/baskauf/tvila11flsterile26493.jpg,200,image/jpeg,
baskauf/26495,https://bioimages.vanderbilt.edu/tn/baskauf/tvila11wp26495.jpg,200,image/jpeg,
baskauf/26496,https://bioimages.vanderbilt.edu/tn/baskauf/tvila11flold-inflor26496.jpg,200,image/jpeg,
baskauf/26502,https://bioimages.vanderbilt.edu/tn/baskauf/tvila11lf26502.jpg,200,image/jpeg,
baskauf/26508,https://bioimages.vanderbilt.edu/tn/baskauf/tvila11tw26508.jpg,200,image/jpeg,
baskauf/26510,https://bioimages.vanderbilt.edu/tn/baskauf/tvila11lfmargin-uplow26510.jpg,200,image/jpeg,
baskauf/26511,https://bioimages.vanderbilt.edu/tn/baskauf/tvila11br26511.jpg,200,image/jpeg,
baskauf/26515,https://bioimages.vanderbilt.edu/tn/baskauf/tprpe2-wp26515.jpg,200,image/jpeg,
baskauf/26519,https://bioimages.vanderbilt.edu/tn/baskauf/tprpe2-lfseveral26519.jpg,200,image/jpeg,
baskauf/26526,https://bioimages.vanderbilt.edu/tn/baskauf/tprpe2-lf26526.jpg,200,image/jpeg,
baskauf/26528,https://bioimages.vanderbilt.edu/tn/baskauf/tprpe2-tw26528.jpg,200,image/jpeg,
baskauf/26531,https://bioimages.vanderbilt.edu/tn/baskauf/tprpe2-lfmargin-uplow26531.jpg,200,image/jpeg,
baskauf/26532,https://bioimages.vanderbilt.edu/tn/baskauf/tprpe2-br26532.jpg,200,image/jpeg,
baskauf/26540,https://bioimages.vanderbilt.edu/tn/baskauf/tsarar3flold-inflor26540.jpg,200,image/jpeg,
baskauf/26705,https://bioimages.vanderbilt.edu/tn/baskauf/tsanic4flinflor-side26705.jpg,200,image/jpeg,
baskauf/26707,https://bioimages.vanderbilt.edu/tn/baskauf/tsanic4flinflor-top26707.jpg,200,image/jpeg,
baskauf/26710,https://bioimages.vanderbilt.edu/tn/baskauf/tsanic4fl26710.jpg,200,image/jpeg,
baskauf/26714,https://bioimages.vanderbilt.edu/tn/baskauf/tsanic4tw26714.jpg,200,image/jpeg,
baskauf/27132,https://bioimages.vanderbilt.edu/tn/baskauf/tyufl2-fr27132.jpg,200,image/jpeg,
baskauf/27137,https://bioimages.vanderbilt.edu/tn/baskauf/tyufl2-fr27137.jpg,200,image/jpeg,
baskauf/27139,https://bioimages.vanderbilt.edu/tn/baskauf/tyufl2-br27139.jpg,200,image/jpeg,
baskauf/27143,https://bioimages.vanderbilt.edu/tn/baskauf/tyufl2-tw27143.jpg,200,image/jpeg,
baskauf/27882,https://bioimages.vanderbilt.edu/tn/baskauf/tcaco15twterm-bud27882.jpg,200,image/jpeg,
baskauf/27886,https://bioimages.vanderbilt.edu/tn/baskauf/tcaco15twax-bud27886.jpg,200,image/jpeg,
baskauf/27889,https://bioimages.vanderbilt.edu/tn/baskauf/tcaco15lf27889.jpg,200,image/jpeg,
baskauf/27896,https://bioimages.vanderbilt.edu/tn/baskauf/tcaco15brclose27896.jpg,200,image/jpeg,
baskauf/27897,https://bioimages.vanderbilt.edu/tn/baskauf/tcaco15br27897.jpg,200,image/jpeg,
baskauf/27900,https://bioimages.vanderbilt.edu/tn/baskauf/tcaco15wplookup27900.jpg,200,image/jpeg,
baskauf/27901,https://bioimages.vanderbilt.edu/tn/baskauf/tcaco15wp27901.jpg,200,image/jpeg,
baskauf/27927,https://bioimages.vanderbilt.edu/tn/baskauf/tnysy--frdevel27927.jpg,200,image/jpeg,
baskauf/27929,https://bioimages.vanderbilt.edu/tn/baskauf/tnysy--frdevel-close27929.jpg,200,image/jpeg,
baskauf/28499,https://bioimages.vanderbilt.edu/tn/baskauf/tacne2-fr28499.jpg,200,image/jpeg,
baskauf/28649,https://bioimages.vanderbilt.edu/tn/baskauf/tceoc2-flinflor28649.jpg,200,image/jpeg,
baskauf/28652,https://bioimages.vanderbilt.edu/tn/baskauf/tceoc2-fl28652.jpg,200,image/jpeg,
baskauf/28656,https://bioimages.vanderbilt.edu/tn/baskauf/tceoc2-wp28656.jpg,200,image/jpeg,
baskauf/28666,https://bioimages.vanderbilt.edu/tn/baskauf/tceoc2-flclose28666.jpg,200,image/jpeg,
baskauf/28670,https://bioimages.vanderbilt.edu/tn/baskauf/tceoc2-fl28670.jpg,200,image/jpeg,
baskauf/28672,https://bioimages.vanderbilt.edu/tn/baskauf/tceoc2-br28672.jpg,200,image/jpeg,
baskauf/28751,https://bioimages.vanderbilt.edu/tn/baskauf/tsarar3frinfruct28751.jpg,200,image/jpeg,
baskauf/28754,https://bioimages.vanderbilt.edu/tn/baskauf/tsarar3fr28754.jpg,200,image/jpeg,
baskauf/28756,https://bioimages.vanderbilt.edu/tn/baskauf/tsarar3lf28756.jpg,200,image/jpeg,
baskauf/29397,https://bioimages.vanderbilt.edu/tn/baskauf/tnysy--frinfruct29397.jpg,200,image/jpeg,
baskauf/29400,https://bioimages.vanderbilt.edu/tn/baskauf/tnysy--fr29400.jpg,200,image/jpeg,
baskauf/29613,https://bioimages.vanderbilt.edu/tn/baskauf/tcala21fr29613.jpg,200,image/jpeg,
baskauf/29666,https://bioimages.vanderbilt.edu/tn/baskauf/tploc--lf29666.jpg,200,image/jpeg,
baskauf/29683,https://bioimages.vanderbilt.edu/tn/baskauf/tfagr--lf29683.jpg,200,image/jpeg,
baskauf/29685,https://bioimages.vanderbilt.edu/tn/baskauf/tfagr--tw29685.jpg,200,image/jpeg,
baskauf/29689,https://bioimages.vanderbilt.edu/tn/baskauf/tacne2-lf5lflt29689.jpg,200,image/jpeg,
baskauf/29691,https://bioimages.vanderbilt.edu/tn/baskauf/tacne2-lf3lflt29691.jpg,200,image/jpeg,
baskauf/29699,https://bioimages.vanderbilt.edu/tn/baskauf/tjuni--twwood-xsec29699.jpg,200,image/jpeg,
baskauf/29702,https://bioimages.vanderbilt.edu/tn/baskauf/taehi--lf29702.jpg,200,image/jpeg,
baskauf/29705,https://bioimages.vanderbilt.edu/tn/baskauf/tlibe3-lf29705.jpg,200,image/jpeg,
baskauf/29725,https://bioimages.vanderbilt.edu/tn/baskauf/trops--tw29725.jpg,200,image/jpeg,
baskauf/29730,https://bioimages.vanderbilt.edu/tn/baskauf/trops--lf29730.jpg,200,image/jpeg,
baskauf/29761,https://bioimages.vanderbilt.edu/tn/baskauf/tacru--br29761.jpg,200,image/jpeg,
baskauf/29766,https://bioimages.vanderbilt.edu/tn/baskauf/trhgl--lf29766.jpg,200,image/jpeg,
baskauf/29771,https://bioimages.vanderbilt.edu/tn/baskauf/trhgl--lfmargin-uplow29771.jpg,200,image/jpeg,
baskauf/29773,https://bioimages.vanderbilt.edu/tn/baskauf/tfagr--wp29773.jpg,200,image/jpeg,
baskauf/29775,https://bioimages.vanderbilt.edu/tn/baskauf/tceca4-wp29775.jpg,200,image/jpeg,
baskauf/29777,https://bioimages.vanderbilt.edu/tn/baskauf/tceca4-tw29777.jpg,200,image/jpeg,
baskauf/29784,https://bioimages.vanderbilt.edu/tn/baskauf/tosvi--lf29784.jpg,200,image/jpeg,
baskauf/29787,https://bioimages.vanderbilt.edu/tn/baskauf/tprse2-lf29787.jpg,200,image/jpeg,
baskauf/29805,https://bioimages.vanderbilt.edu/tn/baskauf/tnysy--lf29805.jpg,200,image/jpeg,
baskauf/29811,https://bioimages.vanderbilt.edu/tn/baskauf/tcaca18lf29811.jpg,200,image/jpeg,
baskauf/29813,https://bioimages.vanderbilt.edu/tn/baskauf/tcaca18tw29813.jpg,200,image/jpeg,
baskauf/29816,https://bioimages.vanderbilt.edu/tn/baskauf/tlibe3-fr29816.jpg,200,image/jpeg,
baskauf/30096,https://bioimages.vanderbilt.edu/tn/baskauf/trhcol2lf30096.jpg,200,image/jpeg,
baskauf/30099,https://bioimages.vanderbilt.edu/tn/baskauf/trhcol2lfmargin-uplow30099.jpg,200,image/jpeg,
baskauf/30102,https://bioimages.vanderbilt.edu/tn/baskauf/tcala21fr30102.jpg,200,image/jpeg,
baskauf/30195,https://bioimages.vanderbilt.edu/tn/baskauf/tcaov2-fr30195.jpg,200,image/jpeg,
baskauf/30235,https://bioimages.vanderbilt.edu/tn/baskauf/tcaco15tw30235.jpg,200,image/jpeg,
baskauf/30240,https://bioimages.vanderbilt.edu/tn/baskauf/tcaco15fr30240.jpg,200,image/jpeg,
baskauf/30241,https://bioimages.vanderbilt.edu/tn/baskauf/tcaco15fr30241.jpg,200,image/jpeg,
baskauf/30246,https://bioimages.vanderbilt.edu/tn/baskauf/tcaco15frimmature30246.jpg,200,image/jpeg,
baskauf/30252,https://bioimages.vanderbilt.edu/tn/baskauf/tcaco15lf30252.jpg,200,image/jpeg,
baskauf/30271,https://bioimages.vanderbilt.edu/tn/baskauf/tcarya-twshag30271.jpg,200,image/jpeg,
baskauf/30278,https://bioimages.vanderbilt.edu/tn/baskauf/tcarya-frshag30278.jpg,200,image/jpeg,
baskauf/30320,https://bioimages.vanderbilt.edu/tn/baskauf/tcarya-compare-fr30320.jpg,200,image/jpeg,
baskauf/30327,https://bioimages.vanderbilt.edu/tn/baskauf/tacru--lfmargin-uplow30327.jpg,200,image/jpeg,
baskauf/30435,https://bioimages.vanderbilt.edu/tn/baskauf/tfrqu--fr30435.jpg,200,image/jpeg,
baskauf/30439,https://bioimages.vanderbilt.edu/tn/baskauf/tfrqu--frinfruct30439.jpg,200,image/jpeg,
baskauf/30723,https://bioimages.vanderbilt.edu/tn/baskauf/tcade12fr30723.jpg,200,image/jpeg,
baskauf/30724,https://bioimages.vanderbilt.edu/tn/baskauf/tcade12fr30724.jpg,200,image/jpeg,
baskauf/30752,https://bioimages.vanderbilt.edu/tn/baskauf/tcoob9-wpwinter30752.jpg,200,image/jpeg,
baskauf/30756,https://bioimages.vanderbilt.edu/tn/baskauf/tcoob9-twbud30756.jpg,200,image/jpeg,
baskauf/30758,https://bioimages.vanderbilt.edu/tn/baskauf/tcoob9-tw30758.jpg,200,image/jpeg,
baskauf/30760,https://bioimages.vanderbilt.edu/tn/baskauf/tcoob9-br30760.jpg,200,image/jpeg,
baskauf/30763,https://bioimages.vanderbilt.edu/tn/baskauf/tilve--wpwinter30763.jpg,200,image/jpeg,
baskauf/30769,https://bioimages.vanderbilt.edu/tn/baskauf/tilve--fr30769.jpg,200,image/jpeg,
baskauf/30771,https://bioimages.vanderbilt.edu/tn/baskauf/tilve--tw30771.jpg,200,image/jpeg,
baskauf/30773,https://bioimages.vanderbilt.edu/tn/baskauf/tilve--br30773.jpg,200,image/jpeg,
baskauf/30778,https://bioimages.vanderbilt.edu/tn/baskauf/tviopa2wpwinter30778.jpg,200,image/jpeg,
baskauf/30779,https://bioimages.vanderbilt.edu/tn/baskauf/tviopa2frinfruct30779.jpg,200,image/jpeg,
baskauf/30783,https://bioimages.vanderbilt.edu/tn/baskauf/tviopa2fr30783.jpg,200,image/jpeg,
baskauf/30784,https://bioimages.vanderbilt.edu/tn/baskauf/tviopa2tw30784.jpg,200,image/jpeg,
baskauf/30786,https://bioimages.vanderbilt.edu/tn/baskauf/tviopa2br30786.jpg,200,image/jpeg,
baskauf/30941,https://bioimages.vanderbilt.edu/tn/baskauf/tcoob9-twpith30941.jpg,200,image/jpeg,
baskauf/30951,https://bioimages.vanderbilt.edu/tn/baskauf/tcoses-twpith30951.jpg,200,image/jpeg,
baskauf/30958,https://bioimages.vanderbilt.edu/tn/baskauf/tcoses-tw30958.jpg,200,image/jpeg,
baskauf/30961,https://bioimages.vanderbilt.edu/tn/baskauf/tcoses-twbud30961.jpg,200,image/jpeg,
baskauf/30975,https://bioimages.vanderbilt.edu/tn/baskauf/tcoses-wpwinter30975.jpg,200,image/jpeg,
baskauf/30981,https://bioimages.vanderbilt.edu/tn/baskauf/tcoses-br30981.jpg,200,image/jpeg,
baskauf/30984,https://bioimages.vanderbilt.edu/tn/baskauf/tceoco2tw30984.jpg,200,image/jpeg,
baskauf/30988,https://bioimages.vanderbilt.edu/tn/baskauf/tceoco2brlarge30988.jpg,200,image/jpeg,
baskauf/30990,https://bioimages.vanderbilt.edu/tn/baskauf/tceoco2brmedium30990.jpg,200,image/jpeg,
baskauf/31257,https://bioimages.vanderbilt.edu/tn/baskauf/tpyca80wpin-bloom31257.jpg,200,image/jpeg,
baskauf/31282,https://bioimages.vanderbilt.edu/tn/baskauf/tpyca80flfront31282.jpg,200,image/jpeg,
baskauf/31283,https://bioimages.vanderbilt.edu/tn/baskauf/tpyca80twspur-shoot31283.jpg,200,image/jpeg,
baskauf/31285,https://bioimages.vanderbilt.edu/tn/baskauf/tpyca80tw31285.jpg,200,image/jpeg,
baskauf/31288,https://bioimages.vanderbilt.edu/tn/baskauf/tpyca80br31288.jpg,200,image/jpeg,
baskauf/31291,https://bioimages.vanderbilt.edu/tn/baskauf/tpyca80twspur-shoots31291.jpg,200,image/jpeg,
baskauf/31312,https://bioimages.vanderbilt.edu/tn/baskauf/tpyca80flsepals31312.jpg,200,image/jpeg,
baskauf/31314,https://bioimages.vanderbilt.edu/tn/baskauf/tpyca80flcalyx-tube31314.jpg,200,image/jpeg,
baskauf/31400,https://bioimages.vanderbilt.edu/tn/baskauf/tamar3-wpin-bloom31400.jpg,200,image/jpeg,
baskauf/31404,https://bioimages.vanderbilt.edu/tn/baskauf/tamar3-fldistant31404.jpg,200,image/jpeg,
baskauf/31411,https://bioimages.vanderbilt.edu/tn/baskauf/tamar3-br31411.jpg,200,image/jpeg,
baskauf/31412,https://bioimages.vanderbilt.edu/tn/baskauf/tamar3-flinflor31412.jpg,200,image/jpeg,
baskauf/31418,https://bioimages.vanderbilt.edu/tn/baskauf/tamar3-fl31418.jpg,200,image/jpeg,
baskauf/31421,https://bioimages.vanderbilt.edu/tn/baskauf/tamar3-flfront31421.jpg,200,image/jpeg,
baskauf/31425,https://bioimages.vanderbilt.edu/tn/baskauf/tamar3-flside31425.jpg,200,image/jpeg,
baskauf/31426,https://bioimages.vanderbilt.edu/tn/baskauf/tamar3-tw31426.jpg,200,image/jpeg,
baskauf/31433,https://bioimages.vanderbilt.edu/tn/baskauf/tpode3-flmale-distant31433.jpg,200,image/jpeg,
baskauf/31447,https://bioimages.vanderbilt.edu/tn/baskauf/tpode3-flmale31447.jpg,200,image/jpeg,
baskauf/31453,https://bioimages.vanderbilt.edu/tn/baskauf/tpode3-flmale-close31453.jpg,200,image/jpeg,
baskauf/31457,https://bioimages.vanderbilt.edu/tn/baskauf/tpode3-flfemale-dist31457.jpg,200,image/jpeg,
baskauf/31459,https://bioimages.vanderbilt.edu/tn/baskauf/tpode3-flfemale-close31459.jpg,200,image/jpeg,
baskauf/31462,https://bioimages.vanderbilt.edu/tn/baskauf/tpode3-flfemale31462.jpg,200,image/jpeg,
baskauf/31464,https://bioimages.vanderbilt.edu/tn/baskauf/tlibe3-fl31464.jpg,200,image/jpeg,
baskauf/31468,https://bioimages.vanderbilt.edu/tn/baskauf/tpode3-flmale-pollen31468.jpg,200,image/jpeg,
baskauf/31637,https://bioimages.vanderbilt.edu/tn/baskauf/tacne2-fldistant31637.jpg,200,image/jpeg,
baskauf/31641,https://bioimages.vanderbilt.edu/tn/baskauf/tacne2-fl31641.jpg,200,image/jpeg,
baskauf/31644,https://bioimages.vanderbilt.edu/tn/baskauf/tacne2-flinflor31644.jpg,200,image/jpeg,
baskauf/31775,https://bioimages.vanderbilt.edu/tn/baskauf/tpyca80lfdevel31775.jpg,200,image/jpeg,
baskauf/31778,https://bioimages.vanderbilt.edu/tn/baskauf/tpyca80lfmargin-micro31778.jpg,200,image/jpeg,
baskauf/31780,https://bioimages.vanderbilt.edu/tn/baskauf/tpyca80lfmargin-micro31780.jpg,200,image/jpeg,
baskauf/31911,https://bioimages.vanderbilt.edu/tn/baskauf/tpyca80flfront31911.jpg,200,image/jpeg,
baskauf/31913,https://bioimages.vanderbilt.edu/tn/baskauf/tpyca80flside31913.jpg,200,image/jpeg,
baskauf/31916,https://bioimages.vanderbilt.edu/tn/baskauf/tpyca80tw31916.jpg,200,image/jpeg,
baskauf/31917,https://bioimages.vanderbilt.edu/tn/baskauf/tpyca80twspur-shoots31917.jpg,200,image/jpeg,
baskauf/31920,https://bioimages.vanderbilt.edu/tn/baskauf/tpyca80brlarge31920.jpg,200,image/jpeg,
baskauf/31922,https://bioimages.vanderbilt.edu/tn/baskauf/tpyca80brsmall31922.jpg,200,image/jpeg,
baskauf/31926,https://bioimages.vanderbilt.edu/tn/baskauf/tpyca80lfdevel31926.jpg,200,image/jpeg,
baskauf/31980,https://bioimages.vanderbilt.edu/tn/baskauf/tpyca80lfdevel-micro31980.jpg,200,image/jpeg,
baskauf/31981,https://bioimages.vanderbilt.edu/tn/baskauf/tpyca80flcalyx-tube31981.jpg,200,image/jpeg,
baskauf/31991,https://bioimages.vanderbilt.edu/tn/baskauf/tpyca80flcalyx-lobe31991.jpg,200,image/jpeg,
baskauf/31996,https://bioimages.vanderbilt.edu/tn/baskauf/tpyca80flside31996.jpg,200,image/jpeg,
baskauf/32045,https://bioimages.vanderbilt.edu/tn/baskauf/tpyca80wpin-flower32045.jpg,200,image/jpeg,
baskauf/32123,https://bioimages.vanderbilt.edu/tn/baskauf/tamar3-lfyoung32123.jpg,200,image/jpeg,
baskauf/32173,https://bioimages.vanderbilt.edu/tn/baskauf/trhar4-fldevel32173.jpg,200,image/jpeg,
baskauf/32255,https://bioimages.vanderbilt.edu/tn/baskauf/trhar4-wpin-bloom32255.jpg,200,image/jpeg,
baskauf/32257,https://bioimages.vanderbilt.edu/tn/baskauf/trhar4-fl32257.jpg,200,image/jpeg,
baskauf/32478,https://bioimages.vanderbilt.edu/tn/baskauf/tamar3-frdevel32478.jpg,200,image/jpeg,
baskauf/32481,https://bioimages.vanderbilt.edu/tn/baskauf/tamar3-frdevel-infruct32481.jpg,200,image/jpeg,
baskauf/32482,https://bioimages.vanderbilt.edu/tn/baskauf/tamar3-lf32482.jpg,200,image/jpeg,
baskauf/32629,https://bioimages.vanderbilt.edu/tn/baskauf/tpyca80lfseveral32629.jpg,200,image/jpeg,
baskauf/32631,https://bioimages.vanderbilt.edu/tn/baskauf/tpyca80lf32631.jpg,200,image/jpeg,
baskauf/32633,https://bioimages.vanderbilt.edu/tn/baskauf/tpyca80frdevel32633.jpg,200,image/jpeg,
baskauf/32634,https://bioimages.vanderbilt.edu/tn/baskauf/tpyca80lf32634.jpg,200,image/jpeg,
baskauf/32748,https://bioimages.vanderbilt.edu/tn/baskauf/tpyca80lfmargin-micro32748.jpg,200,image/jpeg,
baskauf/32752,https://bioimages.vanderbilt.edu/tn/baskauf/tpyca80flold32752.jpg,200,image/jpeg,
baskauf/32764,https://bioimages.vanderbilt.edu/tn/baskauf/tpyca80lfmargin-micro32764.jpg,200,image/jpeg,
baskauf/32768,https://bioimages.vanderbilt.edu/tn/baskauf/tpyca80lfmargin-micro32768.jpg,200,image/jpeg,
baskauf/32770,https://bioimages.vanderbilt.edu/tn/baskauf/tpyca80lfmargin-micro32770.jpg,200,image/jpeg,
baskauf/32863,https://bioimages.vanderbilt.edu/tn/baskauf/tfrqu--lfsmall-plant32863.jpg,200,image/jpeg,
baskauf/33644,https://bioimages.vanderbilt.edu/tn/baskauf/tpyca80frdevel33644.jpg,200,image/jpeg,
baskauf/33646,https://bioimages.vanderbilt.edu/tn/baskauf/tgydi--flinflor33646.jpg,200,image/jpeg,
baskauf/33649,https://bioimages.vanderbilt.edu/tn/baskauf/tgydi--flfront33649.jpg,200,image/jpeg,
baskauf/33651,https://bioimages.vanderbilt.edu/tn/baskauf/tgydi--flside33651.jpg,200,image/jpeg,
baskauf/34159,https://bioimages.vanderbilt.edu/tn/baskauf/tamar3-frdistant34159.jpg,200,image/jpeg,
baskauf/34165,https://bioimages.vanderbilt.edu/tn/baskauf/tamar3-fr34165.jpg,200,image/jpeg,
baskauf/34172,https://bioimages.vanderbilt.edu/tn/baskauf/ttora2-fl34172.jpg,200,image/jpeg,
baskauf/34216,https://bioimages.vanderbilt.edu/tn/baskauf/tpist--comale-distant34216.jpg,200,image/jpeg,
baskauf/34219,https://bioimages.vanderbilt.edu/tn/baskauf/tpist--comale34219.jpg,200,image/jpeg,
baskauf/34222,https://bioimages.vanderbilt.edu/tn/baskauf/tpist--cofemale-recept34222.jpg,200,image/jpeg,
baskauf/35163,https://bioimages.vanderbilt.edu/tn/baskauf/tyufl2-wp35163.jpg,200,image/jpeg,
baskauf/35167,https://bioimages.vanderbilt.edu/tn/baskauf/tyufl2-flinflor35167.jpg,200,image/jpeg,
baskauf/35177,https://bioimages.vanderbilt.edu/tn/baskauf/tyufl2-flside35177.jpg,200,image/jpeg,
baskauf/35180,https://bioimages.vanderbilt.edu/tn/baskauf/tyufl2-flfront35180.jpg,200,image/jpeg,
baskauf/35181,https://bioimages.vanderbilt.edu/tn/baskauf/tyufl2-tw35181.jpg,200,image/jpeg,
baskauf/35184,https://bioimages.vanderbilt.edu/tn/baskauf/tyufl2-lf35184.jpg,200,image/jpeg,
baskauf/35191,https://bioimages.vanderbilt.edu/tn/baskauf/tqual--wp10yr-litu9yr35191.jpg,200,image/jpeg,
baskauf/35214,https://bioimages.vanderbilt.edu/tn/baskauf/tcoob9-wp35214.jpg,200,image/jpeg,
baskauf/35216,https://bioimages.vanderbilt.edu/tn/baskauf/tcoob9-flinflor35216.jpg,200,image/jpeg,
baskauf/35218,https://bioimages.vanderbilt.edu/tn/baskauf/tcoob9-flside35218.jpg,200,image/jpeg,
baskauf/35219,https://bioimages.vanderbilt.edu/tn/baskauf/tcoob9-lf35219.jpg,200,image/jpeg,
baskauf/35221,https://bioimages.vanderbilt.edu/tn/baskauf/tcoob9-tw35221.jpg,200,image/jpeg,
baskauf/35224,https://bioimages.vanderbilt.edu/tn/baskauf/tcoob9-flfront35224.jpg,200,image/jpeg,
baskauf/35249,https://bioimages.vanderbilt.edu/tn/baskauf/tcade12flinflor35249.jpg,200,image/jpeg,
baskauf/35251,https://bioimages.vanderbilt.edu/tn/baskauf/tcade12fl35251.jpg,200,image/jpeg,
baskauf/35272,https://bioimages.vanderbilt.edu/tn/baskauf/tviopa2wp35272.jpg,200,image/jpeg,
baskauf/35278,https://bioimages.vanderbilt.edu/tn/baskauf/tviopa2lf35278.jpg,200,image/jpeg,
baskauf/35282,https://bioimages.vanderbilt.edu/tn/baskauf/tviopa2lf35282.jpg,200,image/jpeg,
baskauf/35283,https://bioimages.vanderbilt.edu/tn/baskauf/tviopa2lfmargin-uplow35283.jpg,200,image/jpeg,
baskauf/35284,https://bioimages.vanderbilt.edu/tn/baskauf/tviopa2frdevel35284.jpg,200,image/jpeg,
baskauf/35290,https://bioimages.vanderbilt.edu/tn/baskauf/tprvi--wp35290.jpg,200,image/jpeg,
baskauf/35296,https://bioimages.vanderbilt.edu/tn/baskauf/tprvi--frinfruct35296.jpg,200,image/jpeg,
baskauf/35299,https://bioimages.vanderbilt.edu/tn/baskauf/tprvi--frdevel35299.jpg,200,image/jpeg,
baskauf/35302,https://bioimages.vanderbilt.edu/tn/baskauf/tprvi--lf35302.jpg,200,image/jpeg,
baskauf/35303,https://bioimages.vanderbilt.edu/tn/baskauf/tprvi--tw35303.jpg,200,image/jpeg,
baskauf/35305,https://bioimages.vanderbilt.edu/tn/baskauf/tprvi--tw35305.jpg,200,image/jpeg,
baskauf/35306,https://bioimages.vanderbilt.edu/tn/baskauf/tprvi--br35306.jpg,200,image/jpeg,
baskauf/35318,https://bioimages.vanderbilt.edu/tn/baskauf/tcoses-wp35318.jpg,200,image/jpeg,
baskauf/35319,https://bioimages.vanderbilt.edu/tn/baskauf/tcoses-lfseveral35319.jpg,200,image/jpeg,
baskauf/35324,https://bioimages.vanderbilt.edu/tn/baskauf/tcoses-lf35324.jpg,200,image/jpeg,
baskauf/35326,https://bioimages.vanderbilt.edu/tn/baskauf/tcoses-twsummer35326.jpg,200,image/jpeg,
baskauf/35364,https://bioimages.vanderbilt.edu/tn/baskauf/tilve--wpmale35364.jpg,200,image/jpeg,
baskauf/35368,https://bioimages.vanderbilt.edu/tn/baskauf/tilve--lfseveral35368.jpg,200,image/jpeg,
baskauf/35369,https://bioimages.vanderbilt.edu/tn/baskauf/tilve--lf35369.jpg,200,image/jpeg,
baskauf/35372,https://bioimages.vanderbilt.edu/tn/baskauf/tilve--twmale-buds35372.jpg,200,image/jpeg,
baskauf/35376,https://bioimages.vanderbilt.edu/tn/baskauf/tilve--twfemale-buds35376.jpg,200,image/jpeg,
baskauf/35419,https://bioimages.vanderbilt.edu/tn/baskauf/tpogr4-wp35419.jpg,200,image/jpeg,
baskauf/35422,https://bioimages.vanderbilt.edu/tn/baskauf/tpogr4-br35422.jpg,200,image/jpeg,
baskauf/35425,https://bioimages.vanderbilt.edu/tn/baskauf/tpogr4-lfseveral35425.jpg,200,image/jpeg,
baskauf/35429,https://bioimages.vanderbilt.edu/tn/baskauf/tpogr4-lf35429.jpg,200,image/jpeg,
baskauf/35432,https://bioimages.vanderbilt.edu/tn/baskauf/tpogr4-tw35432.jpg,200,image/jpeg,
baskauf/35435,https://bioimages.vanderbilt.edu/tn/baskauf/tpogr4-lfpetiole35435.jpg,200,image/jpeg,
baskauf/35439,https://bioimages.vanderbilt.edu/tn/baskauf/tceoco2wp35439.jpg,200,image/jpeg,
baskauf/35446,https://bioimages.vanderbilt.edu/tn/baskauf/tceoco2frdevel35446.jpg,200,image/jpeg,
baskauf/35448,https://bioimages.vanderbilt.edu/tn/baskauf/tceoco2lf35448.jpg,200,image/jpeg,
baskauf/35450,https://bioimages.vanderbilt.edu/tn/baskauf/tceoco2lfmargin-uplow35450.jpg,200,image/jpeg,
baskauf/35627,https://bioimages.vanderbilt.edu/tn/baskauf/tilve--flmale-several35627.jpg,200,image/jpeg,
baskauf/35633,https://bioimages.vanderbilt.edu/tn/baskauf/tilve--flmale35633.jpg,200,image/jpeg,
baskauf/35635,https://bioimages.vanderbilt.edu/tn/baskauf/tilve--flfemale35635.jpg,200,image/jpeg,
baskauf/35713,https://bioimages.vanderbilt.edu/tn/baskauf/tzaam--wp35713.jpg,200,image/jpeg,
baskauf/35716,https://bioimages.vanderbilt.edu/tn/baskauf/tzaam--lfseveral35716.jpg,200,image/jpeg,
baskauf/35720,https://bioimages.vanderbilt.edu/tn/baskauf/tzaam--lf35720.jpg,200,image/jpeg,
baskauf/35725,https://bioimages.vanderbilt.edu/tn/baskauf/tzaam--lfmargin-uplow35725.jpg,200,image/jpeg,
baskauf/35726,https://bioimages.vanderbilt.edu/tn/baskauf/tzaam--lfpetiole-upper35726.jpg,200,image/jpeg,
baskauf/35728,https://bioimages.vanderbilt.edu/tn/baskauf/tzaam--lfpetiole-lower35728.jpg,200,image/jpeg,
baskauf/35729,https://bioimages.vanderbilt.edu/tn/baskauf/tzaam--tw35729.jpg,200,image/jpeg,
baskauf/35731,https://bioimages.vanderbilt.edu/tn/baskauf/tzaam--br35731.jpg,200,image/jpeg,
baskauf/35740,https://bioimages.vanderbilt.edu/tn/baskauf/tprse2-fr35740.jpg,200,image/jpeg,
baskauf/35743,https://bioimages.vanderbilt.edu/tn/baskauf/tprse2-frclose35743.jpg,200,image/jpeg,
baskauf/35968,https://bioimages.vanderbilt.edu/tn/baskauf/tpyca80frdevel35968.jpg,200,image/jpeg,
baskauf/37287,https://bioimages.vanderbilt.edu/tn/baskauf/tbele--br37287.jpg,200,image/jpeg,
baskauf/37293,https://bioimages.vanderbilt.edu/tn/baskauf/tbele--brsmall37293.jpg,200,image/jpeg,
baskauf/37296,https://bioimages.vanderbilt.edu/tn/baskauf/tbele--tw37296.jpg,200,image/jpeg,
baskauf/37494,https://bioimages.vanderbilt.edu/tn/baskauf/tceoc2-fr37494.jpg,200,image/jpeg,
baskauf/37883,https://bioimages.vanderbilt.edu/tn/baskauf/tpyca80frdevel37883.jpg,200,image/jpeg,
baskauf/37886,https://bioimages.vanderbilt.edu/tn/baskauf/tpyca80frdevel-close37886.jpg,200,image/jpeg,
baskauf/38128,https://bioimages.vanderbilt.edu/tn/baskauf/tpiru--coseveral38128.jpg,200,image/jpeg,
baskauf/38132,https://bioimages.vanderbilt.edu/tn/baskauf/tpiru--co38132.jpg,200,image/jpeg,
baskauf/38139,https://bioimages.vanderbilt.edu/tn/baskauf/tbele--tw38139.jpg,200,image/jpeg,
baskauf/38140,https://bioimages.vanderbilt.edu/tn/baskauf/tbele--lf38140.jpg,200,image/jpeg,
baskauf/38144,https://bioimages.vanderbilt.edu/tn/baskauf/tbele--lfmargin-uplow38144.jpg,200,image/jpeg,
baskauf/38145,https://bioimages.vanderbilt.edu/tn/baskauf/tbele--lfseveral38145.jpg,200,image/jpeg,
baskauf/38148,https://bioimages.vanderbilt.edu/tn/baskauf/tbele--br38148.jpg,200,image/jpeg,
baskauf/38151,https://bioimages.vanderbilt.edu/tn/baskauf/tbele--wp38151.jpg,200,image/jpeg,
baskauf/38154,https://bioimages.vanderbilt.edu/tn/baskauf/tbele--wp38154.jpg,200,image/jpeg,
baskauf/38156,https://bioimages.vanderbilt.edu/tn/baskauf/tbele--wplookup38156.jpg,200,image/jpeg,
baskauf/38289,https://bioimages.vanderbilt.edu/tn/baskauf/tpiri--wplookup38289.jpg,200,image/jpeg,
baskauf/38294,https://bioimages.vanderbilt.edu/tn/baskauf/tpiri--wp38294.jpg,200,image/jpeg,
baskauf/38297,https://bioimages.vanderbilt.edu/tn/baskauf/tpiri--lfseveral38297.jpg,200,image/jpeg,
baskauf/38299,https://bioimages.vanderbilt.edu/tn/baskauf/tpiri--lf38299.jpg,200,image/jpeg,
baskauf/38302,https://bioimages.vanderbilt.edu/tn/baskauf/tpiri--tw38302.jpg,200,image/jpeg,
baskauf/38303,https://bioimages.vanderbilt.edu/tn/baskauf/tpiri--br38303.jpg,200,image/jpeg,
baskauf/38305,https://bioimages.vanderbilt.edu/tn/baskauf/tpiri--br38305.jpg,200,image/jpeg,
baskauf/38309,https://bioimages.vanderbilt.edu/tn/baskauf/tpiri--co38309.jpg,200,image/jpeg,
baskauf/38311,https://bioimages.vanderbilt.edu/tn/baskauf/tpiri--co38311.jpg,200,image/jpeg,
baskauf/38433,https://bioimages.vanderbilt.edu/tn/baskauf/tpyca80frmature38433.jpg,200,image/jpeg,
baskauf/38435,https://bioimages.vanderbilt.edu/tn/baskauf/tgltr--twthorns38435.jpg,200,image/jpeg,
baskauf/38436,https://bioimages.vanderbilt.edu/tn/baskauf/tgltr--twthorn38436.jpg,200,image/jpeg,
baskauf/38439,https://bioimages.vanderbilt.edu/tn/baskauf/tgltr--twthorns38439.jpg,200,image/jpeg,
baskauf/38441,https://bioimages.vanderbilt.edu/tn/baskauf/tpyca80fr38441.jpg,200,image/jpeg,
baskauf/38461,https://bioimages.vanderbilt.edu/tn/baskauf/tpyca80frseed38461.jpg,200,image/jpeg,
baskauf/38620,https://bioimages.vanderbilt.edu/tn/baskauf/tacpl--wp38620.jpg,200,image/jpeg,
baskauf/38627,https://bioimages.vanderbilt.edu/tn/baskauf/tacpl--lf38627.jpg,200,image/jpeg,
baskauf/38628,https://bioimages.vanderbilt.edu/tn/baskauf/tacpl--lfmargin-uplow38628.jpg,200,image/jpeg,
baskauf/38630,https://bioimages.vanderbilt.edu/tn/baskauf/tacpl--tw38630.jpg,200,image/jpeg,
baskauf/38631,https://bioimages.vanderbilt.edu/tn/baskauf/tacpl--tw38631.jpg,200,image/jpeg,
baskauf/38634,https://bioimages.vanderbilt.edu/tn/baskauf/tacpl--br38634.jpg,200,image/jpeg,
baskauf/38636,https://bioimages.vanderbilt.edu/tn/baskauf/tacpl--lfseveral38636.jpg,200,image/jpeg,
baskauf/38639,https://bioimages.vanderbilt.edu/tn/baskauf/tacpl--twmilky-sap38639.jpg,200,image/jpeg,
baskauf/38698,https://bioimages.vanderbilt.edu/tn/baskauf/tpyca80fr38698.jpg,200,image/jpeg,
baskauf/38700,https://bioimages.vanderbilt.edu/tn/baskauf/tpyca80frinfruct38700.jpg,200,image/jpeg,
baskauf/38731,https://bioimages.vanderbilt.edu/tn/baskauf/tpyca80frseed38731.jpg,200,image/jpeg,
baskauf/39025,https://bioimages.vanderbilt.edu/tn/baskauf/tacpl--twbud39025.jpg,200,image/jpeg,
baskauf/39069,https://bioimages.vanderbilt.edu/tn/baskauf/tacru--flfemale39069.jpg,200,image/jpeg,
baskauf/39125,https://bioimages.vanderbilt.edu/tn/baskauf/tacpl--fl39125.jpg,200,image/jpeg,
baskauf/39128,https://bioimages.vanderbilt.edu/tn/baskauf/tacpl--flinflor39128.jpg,200,image/jpeg,
baskauf/39134,https://bioimages.vanderbilt.edu/tn/baskauf/tploc--twleaf-scar39134.jpg,200,image/jpeg,
baskauf/39140,https://bioimages.vanderbilt.edu/tn/baskauf/tacsa3-twleaf-scar39140.jpg,200,image/jpeg,
baskauf/39142,https://bioimages.vanderbilt.edu/tn/baskauf/tploc--twterminal-bud39142.jpg,200,image/jpeg,
baskauf/39143,https://bioimages.vanderbilt.edu/tn/baskauf/tfagr--twterminal-bud39143.jpg,200,image/jpeg,
baskauf/39144,https://bioimages.vanderbilt.edu/tn/baskauf/tacsa3-twterm-bud39144.jpg,200,image/jpeg,
baskauf/39152,https://bioimages.vanderbilt.edu/tn/baskauf/tploc--twtwig-scar39152.jpg,200,image/jpeg,
baskauf/39154,https://bioimages.vanderbilt.edu/tn/baskauf/tjuni--twchambered39154.jpg,200,image/jpeg,
baskauf/39156,https://bioimages.vanderbilt.edu/tn/baskauf/tcaov2-twcontinuous39156.jpg,200,image/jpeg,
baskauf/39159,https://bioimages.vanderbilt.edu/tn/baskauf/taial--tw39159.jpg,200,image/jpeg,
baskauf/39161,https://bioimages.vanderbilt.edu/tn/baskauf/tacsa3-twopposite-buds39161.jpg,200,image/jpeg,
baskauf/39162,https://bioimages.vanderbilt.edu/tn/baskauf/tploc--twalternate-buds39162.jpg,200,image/jpeg,
baskauf/39164,https://bioimages.vanderbilt.edu/tn/baskauf/tjuni--twalternate-buds39164.jpg,200,image/jpeg,
baskauf/39171,https://bioimages.vanderbilt.edu/tn/baskauf/taial--twtwig-scar39171.jpg,200,image/jpeg,
baskauf/39173,https://bioimages.vanderbilt.edu/tn/baskauf/taial--twleaf-scar39173.jpg,200,image/jpeg,
baskauf/39176,https://bioimages.vanderbilt.edu/tn/baskauf/tfagr--twleaf-scar39176.jpg,200,image/jpeg,
baskauf/39181,https://bioimages.vanderbilt.edu/tn/baskauf/tacsa3-twterm-leaf-scar39181.jpg,200,image/jpeg,
baskauf/39270,https://bioimages.vanderbilt.edu/tn/baskauf/tfagr--flinflor39270.jpg,200,image/jpeg,
baskauf/39273,https://bioimages.vanderbilt.edu/tn/baskauf/tfagr--flmale39273.jpg,200,image/jpeg,
baskauf/39282,https://bioimages.vanderbilt.edu/tn/baskauf/tfagr--flfemale39282.jpg,200,image/jpeg,
baskauf/39501,https://bioimages.vanderbilt.edu/tn/baskauf/tacpl--fr39501.jpg,200,image/jpeg,
baskauf/39502,https://bioimages.vanderbilt.edu/tn/baskauf/tacpl--frinfruct39502.jpg,200,image/jpeg,
baskauf/39814,https://bioimages.vanderbilt.edu/tn/baskauf/tviopa2flinflor-top39814.jpg,200,image/jpeg,
baskauf/39818,https://bioimages.vanderbilt.edu/tn/baskauf/tviopa2flinflor-side39818.jpg,200,image/jpeg,
baskauf/39822,https://bioimages.vanderbilt.edu/tn/baskauf/tviopa2flclose39822.jpg,200,image/jpeg,
baskauf/39880,https://bioimages.vanderbilt.edu/tn/baskauf/taegl--frdevel39880.jpg,200,image/jpeg,
baskauf/43251,https://bioimages.vanderbilt.edu/tn/baskauf/tjuni--lf43251.jpg,200,image/jpeg,
baskauf/43252,https://bioimages.vanderbilt.edu/tn/baskauf/tjuni--lfmargin-uplow43252.jpg,200,image/jpeg,
baskauf/43400,https://bioimages.vanderbilt.edu/tn/baskauf/tacni5-wp43400.jpg,200,image/jpeg,
baskauf/43402,https://bioimages.vanderbilt.edu/tn/baskauf/tacni5-wplook-up43402.jpg,200,image/jpeg,
baskauf/43407,https://bioimages.vanderbilt.edu/tn/baskauf/tacni5-br43407.jpg,200,image/jpeg,
baskauf/43412,https://bioimages.vanderbilt.edu/tn/baskauf/tacni5-br43412.jpg,200,image/jpeg,
baskauf/43416,https://bioimages.vanderbilt.edu/tn/baskauf/tacni5-lfseveral43416.jpg,200,image/jpeg,
baskauf/43418,https://bioimages.vanderbilt.edu/tn/baskauf/tacni5-lfseveral43418.jpg,200,image/jpeg,
baskauf/43421,https://bioimages.vanderbilt.edu/tn/baskauf/tacni5-frdistant43421.jpg,200,image/jpeg,
baskauf/43423,https://bioimages.vanderbilt.edu/tn/baskauf/tacni5-frclose43423.jpg,200,image/jpeg,
baskauf/43426,https://bioimages.vanderbilt.edu/tn/baskauf/tacni5-lfdrooping43426.jpg,200,image/jpeg,
baskauf/43429,https://bioimages.vanderbilt.edu/tn/baskauf/tacni5-lf43429.jpg,200,image/jpeg,
baskauf/43430,https://bioimages.vanderbilt.edu/tn/baskauf/tacni5-lfmargin-uplow43430.jpg,200,image/jpeg,
baskauf/43437,https://bioimages.vanderbilt.edu/tn/baskauf/tacni5-tw43437.jpg,200,image/jpeg,
baskauf/43439,https://bioimages.vanderbilt.edu/tn/baskauf/tacni5-lf43439.jpg,200,image/jpeg,
baskauf/43539,https://bioimages.vanderbilt.edu/tn/baskauf/tthoc2-wp43539.jpg,200,image/jpeg,
baskauf/43541,https://bioimages.vanderbilt.edu/tn/baskauf/tthoc2-br43541.jpg,200,image/jpeg,
baskauf/43545,https://bioimages.vanderbilt.edu/tn/baskauf/tthoc2-lf43545.jpg,200,image/jpeg,
baskauf/43546,https://bioimages.vanderbilt.edu/tn/baskauf/tthoc2-lfclose43546.jpg,200,image/jpeg,
baskauf/43548,https://bioimages.vanderbilt.edu/tn/baskauf/tthoc2-lfclose43548.jpg,200,image/jpeg,
baskauf/43550,https://bioimages.vanderbilt.edu/tn/baskauf/tthoc2-twsmall43550.jpg,200,image/jpeg,
baskauf/43552,https://bioimages.vanderbilt.edu/tn/baskauf/tthoc2-twlarge43552.jpg,200,image/jpeg,
baskauf/43553,https://bioimages.vanderbilt.edu/tn/baskauf/tthoc2-wplookup43553.jpg,200,image/jpeg,
baskauf/43578,https://bioimages.vanderbilt.edu/tn/baskauf/tpyca80frseeds43578.jpg,200,image/jpeg,
baskauf/43789,https://bioimages.vanderbilt.edu/tn/baskauf/tcaca18frmature43789.jpg,200,image/jpeg,
baskauf/43792,https://bioimages.vanderbilt.edu/tn/baskauf/tcaca18frmature43792.jpg,200,image/jpeg,
baskauf/49244,https://bioimages.vanderbilt.edu/tn/baskauf/tbeal2-brsmall49244.jpg,200,image/jpeg,
baskauf/49247,https://bioimages.vanderbilt.edu/tn/baskauf/tbeal2-lf49247.jpg,200,image/jpeg,
baskauf/49248,https://bioimages.vanderbilt.edu/tn/baskauf/tbeal2-lfmargin-uplow49248.jpg,200,image/jpeg,
baskauf/49249,https://bioimages.vanderbilt.edu/tn/baskauf/tbeal2-lfmargin-uplow49249.jpg,200,image/jpeg,
baskauf/49250,https://bioimages.vanderbilt.edu/tn/baskauf/tbeal2-tw49250.jpg,200,image/jpeg,
baskauf/49252,https://bioimages.vanderbilt.edu/tn/baskauf/tbeal2-tw49252.jpg,200,image/jpeg,
baskauf/49290,https://bioimages.vanderbilt.edu/tn/baskauf/tsarar3flinflor49290.jpg,200,image/jpeg,
baskauf/49293,https://bioimages.vanderbilt.edu/tn/baskauf/tsarar3fl49293.jpg,200,image/jpeg,
baskauf/49296,https://bioimages.vanderbilt.edu/tn/baskauf/tsoam3-wpdevel-flowers49296.jpg,200,image/jpeg,
baskauf/49300,https://bioimages.vanderbilt.edu/tn/baskauf/tsoam3-fldevel49300.jpg,200,image/jpeg,
baskauf/49326,https://bioimages.vanderbilt.edu/tn/baskauf/tsoam3-flinflor49326.jpg,200,image/jpeg,
baskauf/49330,https://bioimages.vanderbilt.edu/tn/baskauf/tsoam3-fl49330.jpg,200,image/jpeg,
baskauf/49332,https://bioimages.vanderbilt.edu/tn/baskauf/tsoam3-fl49332.jpg,200,image/jpeg,
baskauf/49334,https://bioimages.vanderbilt.edu/tn/baskauf/tsoam3-flinflor49334.jpg,200,image/jpeg,
baskauf/49335,https://bioimages.vanderbilt.edu/tn/baskauf/tsoam3-wpin-flower49335.jpg,200,image/jpeg,
baskauf/49339,https://bioimages.vanderbilt.edu/tn/baskauf/tsoam3-flinflor49339.jpg,200,image/jpeg,
baskauf/49341,https://bioimages.vanderbilt.edu/tn/baskauf/tsoam3-fl49341.jpg,200,image/jpeg,
baskauf/49344,https://bioimages.vanderbilt.edu/tn/baskauf/tsoam3-fl49344.jpg,200,image/jpeg,
baskauf/49612,https://bioimages.vanderbilt.edu/tn/baskauf/tmavi2-frdevel49612.jpg,200,image/jpeg,
baskauf/50375,https://bioimages.vanderbilt.edu/tn/baskauf/tpigl--wp50375.jpg,200,image/jpeg,
baskauf/50377,https://bioimages.vanderbilt.edu/tn/baskauf/tpigl--lfdistant50377.jpg,200,image/jpeg,
baskauf/50380,https://bioimages.vanderbilt.edu/tn/baskauf/tpigl--lfmany50380.jpg,200,image/jpeg,
baskauf/50383,https://bioimages.vanderbilt.edu/tn/baskauf/tpigl--twyoung50383.jpg,200,image/jpeg,
baskauf/50384,https://bioimages.vanderbilt.edu/tn/baskauf/tpigl--twold50384.jpg,200,image/jpeg,
baskauf/50385,https://bioimages.vanderbilt.edu/tn/baskauf/tpigl--lf50385.jpg,200,image/jpeg,
baskauf/50392,https://bioimages.vanderbilt.edu/tn/baskauf/tpigl--br50392.jpg,200,image/jpeg,
baskauf/50395,https://bioimages.vanderbilt.edu/tn/baskauf/tpigl--co50395.jpg,200,image/jpeg,
baskauf/50460,https://bioimages.vanderbilt.edu/tn/baskauf/tlibe3-flinflor50460.jpg,200,image/jpeg,
baskauf/50462,https://bioimages.vanderbilt.edu/tn/baskauf/tlibe3-fl50462.jpg,200,image/jpeg,
baskauf/50467,https://bioimages.vanderbilt.edu/tn/baskauf/tlibe3-fldistant50467.jpg,200,image/jpeg,
baskauf/50473,https://bioimages.vanderbilt.edu/tn/baskauf/tprse2-twbud50473.jpg,200,image/jpeg,
baskauf/50474,https://bioimages.vanderbilt.edu/tn/baskauf/tprse2-tw50474.jpg,200,image/jpeg,
baskauf/50496,https://bioimages.vanderbilt.edu/tn/baskauf/tpire--wp50496.jpg,200,image/jpeg,
baskauf/50500,https://bioimages.vanderbilt.edu/tn/baskauf/tpire--br50500.jpg,200,image/jpeg,
baskauf/50503,https://bioimages.vanderbilt.edu/tn/baskauf/tpire--cofemale50503.jpg,200,image/jpeg,
baskauf/50504,https://bioimages.vanderbilt.edu/tn/baskauf/tpire--cofemale50504.jpg,200,image/jpeg,
baskauf/50507,https://bioimages.vanderbilt.edu/tn/baskauf/tpire--lfseveral50507.jpg,200,image/jpeg,
baskauf/50514,https://bioimages.vanderbilt.edu/tn/baskauf/tpire--tw50514.jpg,200,image/jpeg,
baskauf/50515,https://bioimages.vanderbilt.edu/tn/baskauf/tpire--twterm-bud50515.jpg,200,image/jpeg,
baskauf/50517,https://bioimages.vanderbilt.edu/tn/baskauf/tpire--lffasicle50517.jpg,200,image/jpeg,
baskauf/50554,https://bioimages.vanderbilt.edu/tn/baskauf/tjuci--wpwinter50554.jpg,200,image/jpeg,
baskauf/50556,https://bioimages.vanderbilt.edu/tn/baskauf/tjuci--wpwinter-lookup50556.jpg,200,image/jpeg,
baskauf/50586,https://bioimages.vanderbilt.edu/tn/baskauf/tjuvi--wpfemale-male50586.jpg,200,image/jpeg,
baskauf/50587,https://bioimages.vanderbilt.edu/tn/baskauf/tjuvi--comale-distant50587.jpg,200,image/jpeg,
baskauf/50588,https://bioimages.vanderbilt.edu/tn/baskauf/tjuvi--comale-close50588.jpg,200,image/jpeg,
baskauf/50594,https://bioimages.vanderbilt.edu/tn/baskauf/tacni5-flinflor50594.jpg,200,image/jpeg,
baskauf/50595,https://bioimages.vanderbilt.edu/tn/baskauf/tacni5-fl50595.jpg,200,image/jpeg,
baskauf/50597,https://bioimages.vanderbilt.edu/tn/baskauf/tcaca18flfemale50597.jpg,200,image/jpeg,
baskauf/50598,https://bioimages.vanderbilt.edu/tn/baskauf/tcaca18flmale50598.jpg,200,image/jpeg,
baskauf/50601,https://bioimages.vanderbilt.edu/tn/baskauf/tcaca18flinflor50601.jpg,200,image/jpeg,
baskauf/50606,https://bioimages.vanderbilt.edu/tn/baskauf/tulam--frdevel50606.jpg,200,image/jpeg,
baskauf/50629,https://bioimages.vanderbilt.edu/tn/baskauf/tosvi--flfemale50629.jpg,200,image/jpeg,
baskauf/50630,https://bioimages.vanderbilt.edu/tn/baskauf/tosvi--flinflor50630.jpg,200,image/jpeg,
baskauf/50632,https://bioimages.vanderbilt.edu/tn/baskauf/tosvi--flclose50632.jpg,200,image/jpeg,
baskauf/50685,https://bioimages.vanderbilt.edu/tn/baskauf/tacpl--flinflor50685.jpg,200,image/jpeg,
baskauf/50688,https://bioimages.vanderbilt.edu/tn/baskauf/tacpl--fl50688.jpg,200,image/jpeg,
baskauf/50707,https://bioimages.vanderbilt.edu/tn/baskauf/tjuvi--cofemale50707.jpg,200,image/jpeg,
baskauf/50709,https://bioimages.vanderbilt.edu/tn/baskauf/tjuvi--cofemale50709.jpg,200,image/jpeg,
baskauf/50711,https://bioimages.vanderbilt.edu/tn/baskauf/tacsa3-wpin-flower50711.jpg,200,image/jpeg,
baskauf/50713,https://bioimages.vanderbilt.edu/tn/baskauf/tacsa3-fldistant50713.jpg,200,image/jpeg,
baskauf/50727,https://bioimages.vanderbilt.edu/tn/baskauf/tacsa3-flfemale50727.jpg,200,image/jpeg,
baskauf/50729,https://bioimages.vanderbilt.edu/tn/baskauf/tacsa3-flboth-sexes50729.jpg,200,image/jpeg,
baskauf/50745,https://bioimages.vanderbilt.edu/tn/baskauf/tgibi2-cofemale-devel50745.jpg,200,image/jpeg,
baskauf/50749,https://bioimages.vanderbilt.edu/tn/baskauf/tacru--wpmass-in-flower50749.jpg,200,image/jpeg,
baskauf/50750,https://bioimages.vanderbilt.edu/tn/baskauf/tacru--wpin-flower50750.jpg,200,image/jpeg,
baskauf/50913,https://bioimages.vanderbilt.edu/tn/baskauf/tgydi--brlarge50913.jpg,200,image/jpeg,
baskauf/50973,https://bioimages.vanderbilt.edu/tn/baskauf/tsaal5-flfemale50973.jpg,200,image/jpeg,
baskauf/50974,https://bioimages.vanderbilt.edu/tn/baskauf/tsaal5-flfemale-side50974.jpg,200,image/jpeg,
baskauf/50977,https://bioimages.vanderbilt.edu/tn/baskauf/tsaal5-flfemale-front50977.jpg,200,image/jpeg,
baskauf/50978,https://bioimages.vanderbilt.edu/tn/baskauf/tsaal5-flfemale-inflor50978.jpg,200,image/jpeg,
baskauf/50985,https://bioimages.vanderbilt.edu/tn/baskauf/tqupa2-flfemale50985.jpg,200,image/jpeg,
baskauf/50987,https://bioimages.vanderbilt.edu/tn/baskauf/tqupa2-flmale50987.jpg,200,image/jpeg,
baskauf/50988,https://bioimages.vanderbilt.edu/tn/baskauf/tqupa2-flinflor50988.jpg,200,image/jpeg,
baskauf/50992,https://bioimages.vanderbilt.edu/tn/baskauf/tceoco2flinflor50992.jpg,200,image/jpeg,
baskauf/50993,https://bioimages.vanderbilt.edu/tn/baskauf/tceoco2fl50993.jpg,200,image/jpeg,
baskauf/50996,https://bioimages.vanderbilt.edu/tn/baskauf/tgibi2-cofemale-receptive50996.jpg,200,image/jpeg,
baskauf/50998,https://bioimages.vanderbilt.edu/tn/baskauf/tgibi2-cofemale-receptive50998.jpg,200,image/jpeg,
baskauf/51003,https://bioimages.vanderbilt.edu/tn/baskauf/tceca4-flcauliflory51003.jpg,200,image/jpeg,
baskauf/51004,https://bioimages.vanderbilt.edu/tn/baskauf/tceca4-flcauliflory51004.jpg,200,image/jpeg,
baskauf/51013,https://bioimages.vanderbilt.edu/tn/baskauf/tsaal5-flfemale-front51013.jpg,200,image/jpeg,
baskauf/51014,https://bioimages.vanderbilt.edu/tn/baskauf/tsaal5-flfemale-side51014.jpg,200,image/jpeg,
baskauf/51027,https://bioimages.vanderbilt.edu/tn/baskauf/tsaal5-wpin-flower51027.jpg,200,image/jpeg,
baskauf/51161,https://bioimages.vanderbilt.edu/tn/baskauf/tmaac--flside51161.jpg,200,image/jpeg,
baskauf/51163,https://bioimages.vanderbilt.edu/tn/baskauf/tmaac--flside51163.jpg,200,image/jpeg,
baskauf/51164,https://bioimages.vanderbilt.edu/tn/baskauf/tmaac--flmany-distant51164.jpg,200,image/jpeg,
baskauf/51169,https://bioimages.vanderbilt.edu/tn/baskauf/tfrpe--flfemale51169.jpg,200,image/jpeg,
baskauf/51172,https://bioimages.vanderbilt.edu/tn/baskauf/tfrpe--flfemale-inflor51172.jpg,200,image/jpeg,
baskauf/51174,https://bioimages.vanderbilt.edu/tn/baskauf/tfrpe--flmale-inflor51174.jpg,200,image/jpeg,
baskauf/51175,https://bioimages.vanderbilt.edu/tn/baskauf/tfrpe--flmale51175.jpg,200,image/jpeg,
baskauf/51183,https://bioimages.vanderbilt.edu/tn/baskauf/tqubi--flinflor51183.jpg,200,image/jpeg,
baskauf/51186,https://bioimages.vanderbilt.edu/tn/baskauf/tqubi--flmale51186.jpg,200,image/jpeg,
baskauf/51397,https://bioimages.vanderbilt.edu/tn/baskauf/tnysy--flfem-front51397.jpg,200,image/jpeg,
baskauf/51398,https://bioimages.vanderbilt.edu/tn/baskauf/tnysy--flfemside51398.jpg,200,image/jpeg,
baskauf/51402,https://bioimages.vanderbilt.edu/tn/baskauf/tnysy--flfem51402.jpg,200,image/jpeg,
baskauf/51406,https://bioimages.vanderbilt.edu/tn/baskauf/tnysy--flfem-inflor51406.jpg,200,image/jpeg,
baskauf/51409,https://bioimages.vanderbilt.edu/tn/baskauf/tnysy--flmale-dist51409.jpg,200,image/jpeg,
baskauf/51411,https://bioimages.vanderbilt.edu/tn/baskauf/tnysy--flmale-dist51411.jpg,200,image/jpeg,
baskauf/51414,https://bioimages.vanderbilt.edu/tn/baskauf/tnysy--flmale51414.jpg,200,image/jpeg,
baskauf/51416,https://bioimages.vanderbilt.edu/tn/baskauf/tnysy--flmale51416.jpg,200,image/jpeg,
baskauf/51418,https://bioimages.vanderbilt.edu/tn/baskauf/tnysy--flmale-inflor51418.jpg,200,image/jpeg,
baskauf/51420,https://bioimages.vanderbilt.edu/tn/baskauf/taegl--frdevel51420.jpg,200,image/jpeg,
baskauf/51572,https://bioimages.vanderbilt.edu/tn/baskauf/tcaco15fl51572.jpg,200,image/jpeg,
baskauf/51574,https://bioimages.vanderbilt.edu/tn/baskauf/tcaco15flfemale-side51574.jpg,200,image/jpeg,
baskauf/51575,https://bioimages.vanderbilt.edu/tn/baskauf/tcaco15flfemale-front51575.jpg,200,image/jpeg,
baskauf/51577,https://bioimages.vanderbilt.edu/tn/baskauf/tcaco15flmale51577.jpg,200,image/jpeg,
baskauf/51578,https://bioimages.vanderbilt.edu/tn/baskauf/tcaco15flmale-close51578.jpg,200,image/jpeg,
baskauf/51686,https://bioimages.vanderbilt.edu/tn/baskauf/tgydi--flinflor51686.jpg,200,image/jpeg,
baskauf/51688,https://bioimages.vanderbilt.edu/tn/baskauf/tgydi--fland-devel-fruit51688.jpg,200,image/jpeg,
baskauf/51691,https://bioimages.vanderbilt.edu/tn/baskauf/tgydi--flfemale-interior51691.jpg,200,image/jpeg,
baskauf/51694,https://bioimages.vanderbilt.edu/tn/baskauf/tgydi--frdevel51694.jpg,200,image/jpeg,
baskauf/51695,https://bioimages.vanderbilt.edu/tn/baskauf/tgydi--frdevel51695.jpg,200,image/jpeg,
baskauf/51704,https://bioimages.vanderbilt.edu/tn/baskauf/tgydi--flside51704.jpg,200,image/jpeg,
baskauf/51706,https://bioimages.vanderbilt.edu/tn/baskauf/tgydi--flfront51706.jpg,200,image/jpeg,
baskauf/51730,https://bioimages.vanderbilt.edu/tn/baskauf/tlomo2-flpink51730.jpg,200,image/jpeg,
baskauf/51731,https://bioimages.vanderbilt.edu/tn/baskauf/tlomo2-flinflor-pink51731.jpg,200,image/jpeg,
baskauf/51734,https://bioimages.vanderbilt.edu/tn/baskauf/tlomo2-lf51734.jpg,200,image/jpeg,
baskauf/51736,https://bioimages.vanderbilt.edu/tn/baskauf/tlomo2-tw51736.jpg,200,image/jpeg,
baskauf/51738,https://bioimages.vanderbilt.edu/tn/baskauf/tlomo2-br51738.jpg,200,image/jpeg,
baskauf/51741,https://bioimages.vanderbilt.edu/tn/baskauf/tlomo2-wppink51741.jpg,200,image/jpeg,
baskauf/51771,https://bioimages.vanderbilt.edu/tn/baskauf/tgltr--flbuds51771.jpg,200,image/jpeg,
baskauf/51793,https://bioimages.vanderbilt.edu/tn/baskauf/tlomo2-wpwhite51793.jpg,200,image/jpeg,
baskauf/51797,https://bioimages.vanderbilt.edu/tn/baskauf/tlomo2-wppink-and-white51797.jpg,200,image/jpeg,
baskauf/51799,https://bioimages.vanderbilt.edu/tn/baskauf/tlomo2-fldistant51799.jpg,200,image/jpeg,
baskauf/51804,https://bioimages.vanderbilt.edu/tn/baskauf/tlomo2-flwhite-front51804.jpg,200,image/jpeg,
baskauf/51807,https://bioimages.vanderbilt.edu/tn/baskauf/tlomo2-flwhite-side51807.jpg,200,image/jpeg,
baskauf/51808,https://bioimages.vanderbilt.edu/tn/baskauf/tlomo2-flpink51808.jpg,200,image/jpeg,
baskauf/51813,https://bioimages.vanderbilt.edu/tn/baskauf/tzaam--flfemale-front51813.jpg,200,image/jpeg,
baskauf/51814,https://bioimages.vanderbilt.edu/tn/baskauf/tzaam--flfemale-inflor51814.jpg,200,image/jpeg,
baskauf/51815,https://bioimages.vanderbilt.edu/tn/baskauf/tzaam--flfemale-side51815.jpg,200,image/jpeg,
baskauf/51816,https://bioimages.vanderbilt.edu/tn/baskauf/tzaam--twwith-flowers51816.jpg,200,image/jpeg,
baskauf/52430,https://bioimages.vanderbilt.edu/tn/baskauf/tcaco15lfmargin-uplow52430.jpg,200,image/jpeg,
baskauf/52470,https://bioimages.vanderbilt.edu/tn/baskauf/tfagr--fr52470.jpg,200,image/jpeg,
baskauf/52471,https://bioimages.vanderbilt.edu/tn/baskauf/tfagr--fr52471.jpg,200,image/jpeg,
baskauf/52472,https://bioimages.vanderbilt.edu/tn/baskauf/tqupa2-lfmargin-uplow52472.jpg,200,image/jpeg,
baskauf/52480,https://bioimages.vanderbilt.edu/tn/baskauf/tqumu--lfmargin-uplow52480.jpg,200,image/jpeg,
baskauf/52483,https://bioimages.vanderbilt.edu/tn/baskauf/tqubi--lfmargin-uplow52483.jpg,200,image/jpeg,
baskauf/52519,https://bioimages.vanderbilt.edu/tn/baskauf/taial--lfmargin-uplow52519.jpg,200,image/jpeg,
baskauf/52523,https://bioimages.vanderbilt.edu/tn/baskauf/tmaac--lfmargin-uplow52523.jpg,200,image/jpeg,
baskauf/52662,https://bioimages.vanderbilt.edu/tn/baskauf/trhar4-lfmargin-uplow52662.jpg,200,image/jpeg,
baskauf/52663,https://bioimages.vanderbilt.edu/tn/baskauf/trhar4-fr52663.jpg,200,image/jpeg,
baskauf/52744,https://bioimages.vanderbilt.edu/tn/baskauf/tlibe3-lf52744.jpg,200,image/jpeg,
baskauf/52747,https://bioimages.vanderbilt.edu/tn/baskauf/tlibe3-lfmargin-uplow52747.jpg,200,image/jpeg,
baskauf/54517,https://bioimages.vanderbilt.edu/tn/baskauf/trhcol2wpin-flower54517.jpg,200,image/jpeg,
baskauf/54519,https://bioimages.vanderbilt.edu/tn/baskauf/trhcol2flinflor-distant54519.jpg,200,image/jpeg,
baskauf/54525,https://bioimages.vanderbilt.edu/tn/baskauf/trhcol2flinflor54525.jpg,200,image/jpeg,
baskauf/54528,https://bioimages.vanderbilt.edu/tn/baskauf/trhcol2fl54528.jpg,200,image/jpeg,
baskauf/54532,https://bioimages.vanderbilt.edu/tn/baskauf/trhcol2flinflor54532.jpg,200,image/jpeg,
baskauf/54534,https://bioimages.vanderbilt.edu/tn/baskauf/tzaam--tw54534.jpg,200,image/jpeg,
baskauf/54535,https://bioimages.vanderbilt.edu/tn/baskauf/tzaam--fr54535.jpg,200,image/jpeg,
baskauf/54536,https://bioimages.vanderbilt.edu/tn/baskauf/tzaam--fr54536.jpg,200,image/jpeg,
baskauf/54538,https://bioimages.vanderbilt.edu/tn/baskauf/tzaam--fr54538.jpg,200,image/jpeg,
baskauf/54555,https://bioimages.vanderbilt.edu/tn/baskauf/tcoob9-fr54555.jpg,200,image/jpeg,
baskauf/54556,https://bioimages.vanderbilt.edu/tn/baskauf/tzaam--wpin-fruit54556.jpg,200,image/jpeg,
baskauf/54564,https://bioimages.vanderbilt.edu/tn/baskauf/tlomo2-wpin-fruit54564.jpg,200,image/jpeg,
baskauf/54565,https://bioimages.vanderbilt.edu/tn/baskauf/tlomo2-frdistant54565.jpg,200,image/jpeg,
baskauf/54568,https://bioimages.vanderbilt.edu/tn/baskauf/tlomo2-frclose54568.jpg,200,image/jpeg,
baskauf/54572,https://bioimages.vanderbilt.edu/tn/baskauf/tcoses-fraborted54572.jpg,200,image/jpeg,
baskauf/54677,https://bioimages.vanderbilt.edu/tn/baskauf/tcoob9-tw54677.jpg,200,image/jpeg,
baskauf/54680,https://bioimages.vanderbilt.edu/tn/baskauf/tcoob9-tw54680.jpg,200,image/jpeg,
baskauf/54682,https://bioimages.vanderbilt.edu/tn/baskauf/tcoob9-lf54682.jpg,200,image/jpeg,
baskauf/54683,https://bioimages.vanderbilt.edu/tn/baskauf/tcoob9-lfmargin-uplow54683.jpg,200,image/jpeg,
baskauf/54740,https://bioimages.vanderbilt.edu/tn/baskauf/tcora6-wpfencerow54740.jpg,200,image/jpeg,
baskauf/54744,https://bioimages.vanderbilt.edu/tn/baskauf/tcora6-wp54744.jpg,200,image/jpeg,
baskauf/54747,https://bioimages.vanderbilt.edu/tn/baskauf/tcora6-frdevel54747.jpg,200,image/jpeg,
baskauf/54750,https://bioimages.vanderbilt.edu/tn/baskauf/tcora6-tw54750.jpg,200,image/jpeg,
baskauf/54755,https://bioimages.vanderbilt.edu/tn/baskauf/tcora6-br54755.jpg,200,image/jpeg,
baskauf/54758,https://bioimages.vanderbilt.edu/tn/baskauf/tcora6-lf54758.jpg,200,image/jpeg,
baskauf/54760,https://bioimages.vanderbilt.edu/tn/baskauf/tcora6-lfmargin-uplow54760.jpg,200,image/jpeg,
baskauf/54764,https://bioimages.vanderbilt.edu/tn/baskauf/tcora6-frdistant54764.jpg,200,image/jpeg,
baskauf/54765,https://bioimages.vanderbilt.edu/tn/baskauf/tcora6-frinfruct54765.jpg,200,image/jpeg,
baskauf/54766,https://bioimages.vanderbilt.edu/tn/baskauf/tcora6-fr54766.jpg,200,image/jpeg,
baskauf/54767,https://bioimages.vanderbilt.edu/tn/baskauf/tcora6-fr54767.jpg,200,image/jpeg,
baskauf/54817,https://bioimages.vanderbilt.edu/tn/baskauf/tcora6-frdevel54817.jpg,200,image/jpeg,
baskauf/54819,https://bioimages.vanderbilt.edu/tn/baskauf/tcora6-twpith54819.jpg,200,image/jpeg,
baskauf/54826,https://bioimages.vanderbilt.edu/tn/baskauf/tpist--lfmicro54826.jpg,200,image/jpeg,
baskauf/54828,https://bioimages.vanderbilt.edu/tn/baskauf/tpist--lfmicro54828.jpg,200,image/jpeg,
baskauf/54834,https://bioimages.vanderbilt.edu/tn/baskauf/tpist--lfmicro54834.jpg,200,image/jpeg,
baskauf/54836,https://bioimages.vanderbilt.edu/tn/baskauf/tpist--lfmicro54836.jpg,200,image/jpeg,
baskauf/54849,https://bioimages.vanderbilt.edu/tn/baskauf/tacne2-wpmedium54849.jpg,200,image/jpeg,
baskauf/54851,https://bioimages.vanderbilt.edu/tn/baskauf/tacne2-wpmedium54851.jpg,200,image/jpeg,
baskauf/54856,https://bioimages.vanderbilt.edu/tn/baskauf/tmaac--fr54856.jpg,200,image/jpeg,
baskauf/54857,https://bioimages.vanderbilt.edu/tn/baskauf/tmaac--fr54857.jpg,200,image/jpeg,
baskauf/54874,https://bioimages.vanderbilt.edu/tn/baskauf/tacne2-lf3-leaflet54874.jpg,200,image/jpeg,
baskauf/54876,https://bioimages.vanderbilt.edu/tn/baskauf/tacne2-lfmargin-uplow54876.jpg,200,image/jpeg,
baskauf/54881,https://bioimages.vanderbilt.edu/tn/baskauf/tacne2-wplarge54881.jpg,200,image/jpeg,
baskauf/54884,https://bioimages.vanderbilt.edu/tn/baskauf/tacne2-wplarge54884.jpg,200,image/jpeg,
baskauf/54962,https://bioimages.vanderbilt.edu/tn/baskauf/tacne2-lf5-leaflets54962.jpg,200,image/jpeg,
baskauf/54969,https://bioimages.vanderbilt.edu/tn/baskauf/tacne2-lf7-leaflets54969.jpg,200,image/jpeg,
baskauf/54970,https://bioimages.vanderbilt.edu/tn/baskauf/tacne2-lf3-leaflets54970.jpg,200,image/jpeg,
baskauf/54972,https://bioimages.vanderbilt.edu/tn/baskauf/tacne2-lf4-leaflets54972.jpg,200,image/jpeg,
baskauf/55139,https://bioimages.vanderbilt.edu/tn/baskauf/tulam--twno-flower-buds-dist55139.jpg,200,image/jpeg,
baskauf/55141,https://bioimages.vanderbilt.edu/tn/baskauf/tulam--twno-flower-buds55141.jpg,200,image/jpeg,
baskauf/55228,https://bioimages.vanderbilt.edu/tn/baskauf/tmaac--frmature55228.jpg,200,image/jpeg,
baskauf/55230,https://bioimages.vanderbilt.edu/tn/baskauf/tmaac--frseed55230.jpg,200,image/jpeg,
baskauf/55474,https://bioimages.vanderbilt.edu/tn/baskauf/tmaac--br55474.jpg,200,image/jpeg,
baskauf/55475,https://bioimages.vanderbilt.edu/tn/baskauf/tmaac--br55475.jpg,200,image/jpeg,
baskauf/55479,https://bioimages.vanderbilt.edu/tn/baskauf/tmaac--lf55479.jpg,200,image/jpeg,
baskauf/55485,https://bioimages.vanderbilt.edu/tn/baskauf/tmaac--wp55485.jpg,200,image/jpeg,
baskauf/55492,https://bioimages.vanderbilt.edu/tn/baskauf/tmaac--lffall55492.jpg,200,image/jpeg,
baskauf/55494,https://bioimages.vanderbilt.edu/tn/baskauf/tmaac--lffall55494.jpg,200,image/jpeg,
baskauf/55500,https://bioimages.vanderbilt.edu/tn/baskauf/tmaac--lflower55500.jpg,200,image/jpeg,
baskauf/55738,https://bioimages.vanderbilt.edu/tn/baskauf/thavi4-wp55738.jpg,200,image/jpeg,
baskauf/55741,https://bioimages.vanderbilt.edu/tn/baskauf/thavi4-lf55741.jpg,200,image/jpeg,
baskauf/55745,https://bioimages.vanderbilt.edu/tn/baskauf/thavi4-lfmargin-uplow55745.jpg,200,image/jpeg,
baskauf/55748,https://bioimages.vanderbilt.edu/tn/baskauf/thavi4-tw55748.jpg,200,image/jpeg,
baskauf/55752,https://bioimages.vanderbilt.edu/tn/baskauf/thavi4-lfseveral55752.jpg,200,image/jpeg,
baskauf/55755,https://bioimages.vanderbilt.edu/tn/baskauf/thavi4-br55755.jpg,200,image/jpeg,
baskauf/55757,https://bioimages.vanderbilt.edu/tn/baskauf/thavi4-brsmall55757.jpg,200,image/jpeg,
baskauf/55760,https://bioimages.vanderbilt.edu/tn/baskauf/thavi4-flside55760.jpg,200,image/jpeg,
baskauf/55763,https://bioimages.vanderbilt.edu/tn/baskauf/thavi4-flfront55763.jpg,200,image/jpeg,
baskauf/55764,https://bioimages.vanderbilt.edu/tn/baskauf/thavi4-flside55764.jpg,200,image/jpeg,
baskauf/55769,https://bioimages.vanderbilt.edu/tn/baskauf/thavi4-flinflor55769.jpg,200,image/jpeg,
baskauf/55770,https://bioimages.vanderbilt.edu/tn/baskauf/thavi4-flfront55770.jpg,200,image/jpeg,
baskauf/55774,https://bioimages.vanderbilt.edu/tn/baskauf/thavi4-flside55774.jpg,200,image/jpeg,
baskauf/55799,https://bioimages.vanderbilt.edu/tn/baskauf/thavi4-lfseveral55799.jpg,200,image/jpeg,
baskauf/55800,https://bioimages.vanderbilt.edu/tn/baskauf/thavi4-lfseveral55800.jpg,200,image/jpeg,
baskauf/55869,https://bioimages.vanderbilt.edu/tn/baskauf/tjuci--twchambered-pith55869.jpg,200,image/jpeg,
baskauf/55872,https://bioimages.vanderbilt.edu/tn/baskauf/tjuci--twchambered-pith55872.jpg,200,image/jpeg,
baskauf/55876,https://bioimages.vanderbilt.edu/tn/baskauf/tjuci--twleaf-scar55876.jpg,200,image/jpeg,
baskauf/55877,https://bioimages.vanderbilt.edu/tn/baskauf/tjuci--twleaf-scar55877.jpg,200,image/jpeg,
baskauf/58501,https://bioimages.vanderbilt.edu/tn/baskauf/tilve--lfmargin-uplow58501.jpg,200,image/jpeg,
baskauf/58502,https://bioimages.vanderbilt.edu/tn/baskauf/tilve--tw58502.jpg,200,image/jpeg,
baskauf/58504,https://bioimages.vanderbilt.edu/tn/baskauf/tilve--tw58504.jpg,200,image/jpeg,
baskauf/58506,https://bioimages.vanderbilt.edu/tn/baskauf/tilve--lfmargin-uplow58506.jpg,200,image/jpeg,
baskauf/63779,https://bioimages.vanderbilt.edu/tn/baskauf/tgydi--twwinter63779.jpg,200,image/jpeg,
baskauf/63781,https://bioimages.vanderbilt.edu/tn/baskauf/tgydi--twlateral-bud63781.jpg,200,image/jpeg,
baskauf/63783,https://bioimages.vanderbilt.edu/tn/baskauf/tgydi--twterminal-bud63783.jpg,200,image/jpeg,
baskauf/65631,https://bioimages.vanderbilt.edu/tn/baskauf/tdipa9-lfseveral65631.jpg,200,image/jpeg,
baskauf/65633,https://bioimages.vanderbilt.edu/tn/baskauf/tdipa9-lf65633.jpg,200,image/jpeg,
baskauf/65634,https://bioimages.vanderbilt.edu/tn/baskauf/tdipa9-lfseveral65634.jpg,200,image/jpeg,
baskauf/65637,https://bioimages.vanderbilt.edu/tn/baskauf/tdipa9-lfseveral65637.jpg,200,image/jpeg,
baskauf/65641,https://bioimages.vanderbilt.edu/tn/baskauf/tdipa9-frdevel65641.jpg,200,image/jpeg,
baskauf/65642,https://bioimages.vanderbilt.edu/tn/baskauf/tdipa9-tw65642.jpg,200,image/jpeg,
baskauf/65644,https://bioimages.vanderbilt.edu/tn/baskauf/tdipa9-lfmargin-uplow65644.jpg,200,image/jpeg,
baskauf/65645,https://bioimages.vanderbilt.edu/tn/baskauf/tdipa9-lfmargin-uplow65645.jpg,200,image/jpeg,
baskauf/65647,https://bioimages.vanderbilt.edu/tn/baskauf/tdipa9-tw65647.jpg,200,image/jpeg,
baskauf/65649,https://bioimages.vanderbilt.edu/tn/baskauf/tdipa9-tw65649.jpg,200,image/jpeg,
baskauf/65650,https://bioimages.vanderbilt.edu/tn/baskauf/tdipa9-brmedium65650.jpg,200,image/jpeg,
baskauf/65651,https://bioimages.vanderbilt.edu/tn/baskauf/tdipa9-brmedium65651.jpg,200,image/jpeg,
baskauf/65652,https://bioimages.vanderbilt.edu/tn/baskauf/tdipa9-brmedium65652.jpg,200,image/jpeg,
baskauf/65653,https://bioimages.vanderbilt.edu/tn/baskauf/tdipa9-brsmall65653.jpg,200,image/jpeg,
baskauf/65654,https://bioimages.vanderbilt.edu/tn/baskauf/tdipa9-brsmall65654.jpg,200,image/jpeg,
baskauf/65655,https://bioimages.vanderbilt.edu/tn/baskauf/tdipa9-wp65655.jpg,200,image/jpeg,
baskauf/65657,https://bioimages.vanderbilt.edu/tn/baskauf/tdipa9-wp65657.jpg,200,image/jpeg,
baskauf/65662,https://bioimages.vanderbilt.edu/tn/baskauf/tdipa9-wp65662.jpg,200,image/jpeg,
baskauf/66134,https://bioimages.vanderbilt.edu/tn/baskauf/tgltr--flfemale-inflor66134.jpg,200,image/jpeg,
baskauf/66135,https://bioimages.vanderbilt.edu/tn/baskauf/tgltr--flfemale-front66135.jpg,200,image/jpeg,
baskauf/66137,https://bioimages.vanderbilt.edu/tn/baskauf/tgltr--flfemale-side66137.jpg,200,image/jpeg,
baskauf/66138,https://bioimages.vanderbilt.edu/tn/baskauf/tgltr--flfemale-distant66138.jpg,200,image/jpeg,
baskauf/66140,https://bioimages.vanderbilt.edu/tn/baskauf/tgltr--flfemale-distant66140.jpg,200,image/jpeg,
baskauf/66141,https://bioimages.vanderbilt.edu/tn/baskauf/tgltr--lfboth-types66141.jpg,200,image/jpeg,
baskauf/66144,https://bioimages.vanderbilt.edu/tn/baskauf/tgltr--lfpinnate66144.jpg,200,image/jpeg,
baskauf/66145,https://bioimages.vanderbilt.edu/tn/baskauf/tgltr--lfbipinnate66145.jpg,200,image/jpeg,
baskauf/66147,https://bioimages.vanderbilt.edu/tn/baskauf/tgltr--wp66147.jpg,200,image/jpeg,
baskauf/66149,https://bioimages.vanderbilt.edu/tn/baskauf/tgltr--brmediium66149.jpg,200,image/jpeg,
baskauf/66153,https://bioimages.vanderbilt.edu/tn/baskauf/tgltr--lfmargin-uplow66153.jpg,200,image/jpeg,
baskauf/66154,https://bioimages.vanderbilt.edu/tn/baskauf/tgltr--tw66154.jpg,200,image/jpeg,
baskauf/66155,https://bioimages.vanderbilt.edu/tn/baskauf/tgltr--tw66155.jpg,200,image/jpeg,
baskauf/66156,https://bioimages.vanderbilt.edu/tn/baskauf/tgltr--tw66156.jpg,200,image/jpeg,
baskauf/66157,https://bioimages.vanderbilt.edu/tn/baskauf/tgltr--tw66157.jpg,200,image/jpeg,
baskauf/66159,https://bioimages.vanderbilt.edu/tn/baskauf/tgltr--twdevel-thorns66159.jpg,200,image/jpeg,
baskauf/66161,https://bioimages.vanderbilt.edu/tn/baskauf/tgltr--twthorns66161.jpg,200,image/jpeg,
baskauf/66163,https://bioimages.vanderbilt.edu/tn/baskauf/tgltr--brsmall66163.jpg,200,image/jpeg,
baskauf/66164,https://bioimages.vanderbilt.edu/tn/baskauf/tgltr--wplookup66164.jpg,200,image/jpeg,
baskauf/66166,https://bioimages.vanderbilt.edu/tn/baskauf/tgltr--frdevel-distant66166.jpg,200,image/jpeg,
baskauf/66167,https://bioimages.vanderbilt.edu/tn/baskauf/tgltr--frdevel-infruct66167.jpg,200,image/jpeg,
baskauf/66168,https://bioimages.vanderbilt.edu/tn/baskauf/tgltr--frdevel-infruct66168.jpg,200,image/jpeg,
baskauf/66169,https://bioimages.vanderbilt.edu/tn/baskauf/tgltr--frdevel66169.jpg,200,image/jpeg,
baskauf/66170,https://bioimages.vanderbilt.edu/tn/baskauf/tgltr--frdevel66170.jpg,200,image/jpeg,
baskauf/66172,https://bioimages.vanderbilt.edu/tn/baskauf/tgltr--lfboth-types66172.jpg,200,image/jpeg,
baskauf/66173,https://bioimages.vanderbilt.edu/tn/baskauf/tgltr--twthorns66173.jpg,200,image/jpeg,
baskauf/66174,https://bioimages.vanderbilt.edu/tn/baskauf/tgltr--tw66174.jpg,200,image/jpeg,
baskauf/66175,https://bioimages.vanderbilt.edu/tn/baskauf/tgltr--lfmargin-uplow66175.jpg,200,image/jpeg,
baskauf/66176,https://bioimages.vanderbilt.edu/tn/baskauf/tgltr--lfpinnate66176.jpg,200,image/jpeg,
baskauf/66178,https://bioimages.vanderbilt.edu/tn/baskauf/tgltr--lfbipinnate66178.jpg,200,image/jpeg,
baskauf/66180,https://bioimages.vanderbilt.edu/tn/baskauf/tgltr--wp66180.jpg,200,image/jpeg,
baskauf/66181,https://bioimages.vanderbilt.edu/tn/baskauf/tgltr--brmedium66181.jpg,200,image/jpeg,
baskauf/66182,https://bioimages.vanderbilt.edu/tn/baskauf/tgltr--brmedium66182.jpg,200,image/jpeg,
baskauf/66183,https://bioimages.vanderbilt.edu/tn/baskauf/tgltr--flmale-distant66183.jpg,200,image/jpeg,
baskauf/66184,https://bioimages.vanderbilt.edu/tn/baskauf/tgltr--flmale-inflor66184.jpg,200,image/jpeg,
baskauf/66185,https://bioimages.vanderbilt.edu/tn/baskauf/tgltr--flmale-front66185.jpg,200,image/jpeg,
baskauf/66187,https://bioimages.vanderbilt.edu/tn/baskauf/tgltr--flmale-side66187.jpg,200,image/jpeg,
baskauf/66188,https://bioimages.vanderbilt.edu/tn/baskauf/tgltr--flmale-front66188.jpg,200,image/jpeg,
baskauf/66190,https://bioimages.vanderbilt.edu/tn/baskauf/tgltr--twthorn66190.jpg,200,image/jpeg,
baskauf/66191,https://bioimages.vanderbilt.edu/tn/baskauf/tgltr--flmale-distant66191.jpg,200,image/jpeg,
baskauf/66192,https://bioimages.vanderbilt.edu/tn/baskauf/tgltr--flmale66192.jpg,200,image/jpeg,
baskauf/70791,https://bioimages.vanderbilt.edu/tn/baskauf/t70791.jpg,200,image/jpeg,
baskauf/70792,https://bioimages.vanderbilt.edu/tn/baskauf/t70792.jpg,200,image/jpeg,
baskauf/70795,https://bioimages.vanderbilt.edu/tn/baskauf/t70795.jpg,200,image/jpeg,
baskauf/70799,https://bioimages.vanderbilt.edu/tn/baskauf/t70799.jpg,200,image/jpeg,
baskauf/70803,https://bioimages.vanderbilt.edu/tn/baskauf/t70803.jpg,200,image/jpeg,
baskauf/70804,https://bioimages.vanderbilt.edu/tn/baskauf/t70804.jpg,200,image/jpeg,
baskauf/70807,https://bioimages.vanderbilt.edu/tn/baskauf/t70807.jpg,200,image/jpeg,
baskauf/70808,https://bioimages.vanderbilt.edu/tn/baskauf/t70808.jpg,200,image/jpeg,
baskauf/70867,https://bioimages.vanderbilt.edu/tn/baskauf/t70867.jpg,200,image/jpeg,
baskauf/70869,https://bioimages.vanderbilt.edu/tn/baskauf/t70869.jpg,200,image/jpeg,
baskauf/70870,https://bioimages.vanderbilt.edu/tn/baskauf/t70870.jpg,200,image/jpeg,
baskauf/70872,https://bioimages.vanderbilt.edu/tn/baskauf/t70872.jpg,200,image/jpeg,
baskauf/70873,https://bioimages.vanderbilt.edu/tn/baskauf/t70873.jpg,200,image/jpeg,
baskauf/70874,https://bioimages.vanderbilt.edu/tn/baskauf/t70874.jpg,200,image/jpeg,
baskauf/70875,https://bioimages.vanderbilt.edu/tn/baskauf/t70875.jpg,200,image/jpeg,
baskauf/70876,https://bioimages.vanderbilt.edu/tn/baskauf/t70876.jpg,200,image/jpeg,
baskauf/79649,https://bioimages.vanderbilt.edu/tn/baskauf/t79649.jpg,200,image/jpeg,
baskauf/79651,https://bioimages.vanderbilt.edu/tn/baskauf/t79651.jpg,200,image/jpeg,
baskauf/79653,https://bioimages.vanderbilt.edu/tn/baskauf/t79653.jpg,200,image/jpeg,
baskauf/79657,https://bioimages.vanderbilt.edu/tn/baskauf/t79657.jpg,200,image/jpeg,
baskauf/89347,https://bioimages.vanderbilt.edu/tn/baskauf/t89347.jpg,200,image/jpeg,
baskauf/89354,https://bioimages.vanderbilt.edu/tn/baskauf/t89354.jpg,200,image/jpeg,
baskauf/89356,https://bioimages.vanderbilt.edu/tn/baskauf/t89356.jpg,200,image/jpeg,
baskauf/89363,https://bioimages.vanderbilt.edu/tn/baskauf/t89363.jpg,200,image/jpeg,
baskauf/89367,https://bioimages.vanderbilt.edu/tn/baskauf/t89367.jpg,200,image/jpeg,
baskauf/89368,https://bioimages.vanderbilt.edu/tn/baskauf/t89368.jpg,200,image/jpeg,
baskauf/89370,https://bioimages.vanderbilt.edu/tn/baskauf/t89370.jpg,200,image/jpeg,
baskauf/89373,https://bioimages.vanderbilt.edu/tn/baskauf/t89373.jpg,200,image/jpeg,
baskauf/89376,https://bioimages.vanderbilt.edu/tn/baskauf/t89376.jpg,200,image/jpeg,
baskauf/89381,https://bioimages.vanderbilt.edu/tn/baskauf/t89381.jpg,200,image/jpeg,
baskauf/89382,https://bioimages.vanderbilt.edu/tn/baskauf/t89382.jpg,200,image/jpeg,
baskauf/89384,https://bioimages.vanderbilt.edu/tn/baskauf/t89384.jpg,200,image/jpeg,
baskauf/89388,https://bioimages.vanderbilt.edu/tn/baskauf/t89388.jpg,200,image/jpeg,
baskauf/89391,https://bioimages.vanderbilt.edu/tn/baskauf/t89391.jpg,200,image/jpeg,
baskauf/89394,https://bioimages.vanderbilt.edu/tn/baskauf/t89394.jpg,200,image/jpeg,
baskauf/89397,https://bioimages.vanderbilt.edu/tn/baskauf/t89397.jpg,200,image/jpeg,
baskauf/89403,https://bioimages.vanderbilt.edu/tn/baskauf/t89403.jpg,200,image/jpeg,
baskauf/89954,https://bioimages.vanderbilt.edu/tn/baskauf/t89954.jpg,200,image/jpeg,
baskauf/89955,https://bioimages.vanderbilt.edu/tn/baskauf/t89955.jpg,200,image/jpeg,
baskauf/89960a,https://bioimages.vanderbilt.edu/tn/baskauf/t89960a.jpg,200,image/jpeg,
baskauf/89963,https://bioimages.vanderbilt.edu/tn/baskauf/t89963.jpg,200,image/jpeg,
baskauf/90661,https://bioimages.vanderbilt.edu/tn/baskauf/t90661.jpg,200,image/jpeg,
baskauf/90696,https://bioimages.vanderbilt.edu/tn/baskauf/t90696.jpg,200,image/jpeg,
baskauf/90701,https://bioimages.vanderbilt.edu/tn/baskauf/t90701.jpg,200,image/jpeg,
baskauf/90712,https://bioimages.vanderbilt.edu/tn/baskauf/t90712.jpg,200,image/jpeg,
baskauf/90714,https://bioimages.vanderbilt.edu/tn/baskauf/t90714.jpg,200,image/jpeg,
baskauf/90718,https://bioimages.vanderbilt.edu/tn/baskauf/t90718.jpg,200,image/jpeg,
baskauf/90735,https://bioimages.vanderbilt.edu/tn/baskauf/t90735.jpg,200,image/jpeg,
baskauf/90737,https://bioimages.vanderbilt.edu/tn/baskauf/t90737.jpg,200,image/jpeg,
baskauf/90750,https://bioimages.vanderbilt.edu/tn/baskauf/t90750.jpg,200,image/jpeg,
baskauf/90752,https://bioimages.vanderbilt.edu/tn/baskauf/t90752.jpg,200,image/jpeg,
baskauf/90762,https://bioimages.vanderbilt.edu/tn/baskauf/t90762.jpg,200,image/jpeg,
baskauf/90785a,https://bioimages.vanderbilt.edu/tn/baskauf/t90785a.jpg,200,image/jpeg,
baskauf/90789,https://bioimages.vanderbilt.edu/tn/baskauf/t90789.jpg,200,image/jpeg,
baskauf/90792,https://bioimages.vanderbilt.edu/tn/baskauf/t90792.jpg,200,image/jpeg,
baskauf/90797a,https://bioimages.vanderbilt.edu/tn/baskauf/t90797a.jpg,200,image/jpeg,
baskauf/90798,https://bioimages.vanderbilt.edu/tn/baskauf/t90798.jpg,200,image/jpeg,
baskauf/90799,https://bioimages.vanderbilt.edu/tn/baskauf/t90799.jpg,200,image/jpeg,
baskauf/90802,https://bioimages.vanderbilt.edu/tn/baskauf/t90802.jpg,200,image/jpeg,
baskauf/90804,https://bioimages.vanderbilt.edu/tn/baskauf/t90804.jpg,200,image/jpeg,
baskauf/90807,https://bioimages.vanderbilt.edu/tn/baskauf/t90807.jpg,200,image/jpeg,
baskauf/90809,https://bioimages.vanderbilt.edu/tn/baskauf/t90809.jpg,200,image/jpeg,
baskauf/90812,https://bioimages.vanderbilt.edu/tn/baskauf/t90812.jpg,200,image/jpeg,
baskauf/90814,https://bioimages.vanderbilt.edu/tn/baskauf/t90814.jpg,200,image/jpeg,
baskauf/90815,https://bioimages.vanderbilt.edu/tn/baskauf/t90815.jpg,200,image/jpeg,
baskauf/90817,https://bioimages.vanderbilt.edu/tn/baskauf/t90817.jpg,200,image/jpeg,
baskauf/90820,https://bioimages.vanderbilt.edu/tn/baskauf/t90820.jpg,200,image/jpeg,
baskauf/90824a,https://bioimages.vanderbilt.edu/tn/baskauf/t90824a.jpg,200,image/jpeg,
baskauf/90825,https://bioimages.vanderbilt.edu/tn/baskauf/t90825.jpg,200,image/jpeg,
baskauf/90826a,https://bioimages.vanderbilt.edu/tn/baskauf/t90826a.jpg,200,image/jpeg,
baskauf/90872,https://bioimages.vanderbilt.edu/tn/baskauf/t90872.jpg,200,image/jpeg,
baskauf/90874,https://bioimages.vanderbilt.edu/tn/baskauf/t90874.jpg,200,image/jpeg,
baskauf/90876,https://bioimages.vanderbilt.edu/tn/baskauf/t90876.jpg,200,image/jpeg,
baskauf/90884,https://bioimages.vanderbilt.edu/tn/baskauf/t90884.jpg,200,image/jpeg,
baskauf/90889,https://bioimages.vanderbilt.edu/tn/baskauf/t90889.jpg,200,image/jpeg,
baskauf/90899,https://bioimages.vanderbilt.edu/tn/baskauf/t90899.jpg,200,image/jpeg,
baskauf/90902,https://bioimages.vanderbilt.edu/tn/baskauf/t90902.jpg,200,image/jpeg,
baskauf/90905,https://bioimages.vanderbilt.edu/tn/baskauf/t90905.jpg,200,image/jpeg,
baskauf/90911,https://bioimages.vanderbilt.edu/tn/baskauf/t90911.jpg,200,image/jpeg,
baskauf/90912,https://bioimages.vanderbilt.edu/tn/baskauf/t90912.jpg,200,image/jpeg,
baskauf/90913,https://bioimages.vanderbilt.edu/tn/baskauf/t90913.jpg,200,image/jpeg,
baskauf/90917,https://bioimages.vanderbilt.edu/tn/baskauf/t90917.jpg,200,image/jpeg,
baskauf/90931,https://bioimages.vanderbilt.edu/tn/baskauf/t90931.jpg,200,image/jpeg,
baskauf/90936,https://bioimages.vanderbilt.edu/tn/baskauf/t90936.jpg,200,image/jpeg,
baskauf/90947,https://bioimages.vanderbilt.edu/tn/baskauf/t90947.jpg,200,image/jpeg,
baskauf/90950,https://bioimages.vanderbilt.edu/tn/baskauf/t90950.jpg,200,image/jpeg,
baskauf/90955,https://bioimages.vanderbilt.edu/tn/baskauf/t90955.jpg,200,image/jpeg,
baskauf/90959,https://bioimages.vanderbilt.edu/tn/baskauf/t90959.jpg,200,image/jpeg,
baskauf/90969,https://bioimages.vanderbilt.edu/tn/baskauf/t90969.jpg,200,image/jpeg,
baskauf/90972,https://bioimages.vanderbilt.edu/tn/baskauf/t90972.jpg,200,image/jpeg,
baskauf/90975,https://bioimages.vanderbilt.edu/tn/baskauf/t90975.jpg,200,image/jpeg,
baskauf/90988,https://bioimages.vanderbilt.edu/tn/baskauf/t90988.jpg,200,image/jpeg,
baskauf/91000,https://bioimages.vanderbilt.edu/tn/baskauf/t91000.jpg,200,image/jpeg,
baskauf/91004,https://bioimages.vanderbilt.edu/tn/baskauf/t91004.jpg,200,image/jpeg,
baskauf/91006,https://bioimages.vanderbilt.edu/tn/baskauf/t91006.jpg,200,image/jpeg,
baskauf/91011,https://bioimages.vanderbilt.edu/tn/baskauf/t91011.jpg,200,image/jpeg,
baskauf/91016,https://bioimages.vanderbilt.edu/tn/baskauf/t91016.jpg,200,image/jpeg,
baskauf/91056,https://bioimages.vanderbilt.edu/tn/baskauf/t91056.jpg,200,image/jpeg,
baskauf/91057,https://bioimages.vanderbilt.edu/tn/baskauf/t91057.jpg,200,image/jpeg,
baskauf/91059,https://bioimages.vanderbilt.edu/tn/baskauf/t91059.jpg,200,image/jpeg,
baskauf/91062,https://bioimages.vanderbilt.edu/tn/baskauf/t91062.jpg,200,image/jpeg,
baskauf/91064,https://bioimages.vanderbilt.edu/tn/baskauf/t91064.jpg,200,image/jpeg,
baskauf/91065,https://bioimages.vanderbilt.edu/tn/baskauf/t91065.jpg,200,image/jpeg,
baskauf/91067,https://bioimages.vanderbilt.edu/tn/baskauf/t91067.jpg,200,image/jpeg,
baskauf/91076,https://bioimages.vanderbilt.edu/tn/baskauf/t91076.jpg,200,image/jpeg,
baskauf/91081,https://bioimages.vanderbilt.edu/tn/baskauf/t91081.jpg,200,image/jpeg,
baskauf/91083,https://bioimages.vanderbilt.edu/tn/baskauf/t91083.jpg,200,image/jpeg,
baskauf/91091,https://bioimages.vanderbilt.edu/tn/baskauf/t91091.jpg,200,image/jpeg,
baskauf/91094,https://bioimages.vanderbilt.edu/tn/baskauf/t91094.jpg,200,image/jpeg,
baskauf/91096,https://bioimages.vanderbilt.edu/tn/baskauf/t91096.jpg,200,image/jpeg,
baskauf/91098,https://bioimages.vanderbilt.edu/tn/baskauf/t91098.jpg,200,image/jpeg,
baskauf/91101,https://bioimages.vanderbilt.edu/tn/baskauf/t91101.jpg,200,image/jpeg,
baskauf/91105,https://bioimages.vanderbilt.edu/tn/baskauf/t91105.jpg,200,image/jpeg,
baskauf/91107,https://bioimages.vanderbilt.edu/tn/baskauf/t91107.jpg,200,image/jpeg,
baskauf/91110,https://bioimages.vanderbilt.edu/tn/baskauf/t91110.jpg,200,image/jpeg,
baskauf/91119,https://bioimages.vanderbilt.edu/tn/baskauf/t91119.jpg,200,image/jpeg,
baskauf/91122,https://bioimages.vanderbilt.edu/tn/baskauf/t91122.jpg,200,image/jpeg,
baskauf/91123,https://bioimages.vanderbilt.edu/tn/baskauf/t91123.jpg,200,image/jpeg,
baskauf/91126,https://bioimages.vanderbilt.edu/tn/baskauf/t91126.jpg,200,image/jpeg,
baskauf/91127,https://bioimages.vanderbilt.edu/tn/baskauf/t91127.jpg,200,image/jpeg,
baskauf/91133,https://bioimages.vanderbilt.edu/tn/baskauf/t91133.jpg,200,image/jpeg,
baskauf/91134,https://bioimages.vanderbilt.edu/tn/baskauf/t91134.jpg,200,image/jpeg,
baskauf/91139,https://bioimages.vanderbilt.edu/tn/baskauf/t91139.jpg,200,image/jpeg,
baskauf/91140,https://bioimages.vanderbilt.edu/tn/baskauf/t91140.jpg,200,image/jpeg,
baskauf/91143,https://bioimages.vanderbilt.edu/tn/baskauf/t91143.jpg,200,image/jpeg,
baskauf/91144,https://bioimages.vanderbilt.edu/tn/baskauf/t91144.jpg,200,image/jpeg,
baskauf/91146,https://bioimages.vanderbilt.edu/tn/baskauf/t91146.jpg,200,image/jpeg,
baskauf/91150,https://bioimages.vanderbilt.edu/tn/baskauf/t91150.jpg,200,image/jpeg,
baskauf/91152,https://bioimages.vanderbilt.edu/tn/baskauf/t91152.jpg,200,image/jpeg,
baskauf/91154,https://bioimages.vanderbilt.edu/tn/baskauf/t91154.jpg,200,image/jpeg,
baskauf/91159,https://bioimages.vanderbilt.edu/tn/baskauf/t91159.jpg,200,image/jpeg,
baskauf/91164,https://bioimages.vanderbilt.edu/tn/baskauf/t91164.jpg,200,image/jpeg,
baskauf/91173,https://bioimages.vanderbilt.edu/tn/baskauf/t91173.jpg,200,image/jpeg,
baskauf/91174,https://bioimages.vanderbilt.edu/tn/baskauf/t91174.jpg,200,image/jpeg,
baskauf/d0127,https://bioimages.vanderbilt.edu/tn/baskauf/tfagr--wpwinterd0127.jpg,200,image/jpeg,
baskauf/d0420,https://bioimages.vanderbilt.edu/tn/baskauf/tceoco2wplarged0420.jpg,200,image/jpeg,
baskauf/d0425,https://bioimages.vanderbilt.edu/tn/baskauf/tceoco2brlarge-treed0425.jpg,200,image/jpeg,
baskauf/d0426,https://bioimages.vanderbilt.edu/tn/baskauf/tceoco2lfseverald0426.jpg,200,image/jpeg,
baskauf/d0997,https://bioimages.vanderbilt.edu/tn/baskauf/tnysy--lffalld0997.jpg,200,image/jpeg,
baskauf/d0999,https://bioimages.vanderbilt.edu/tn/baskauf/tacsa3-lffall-oranged0999.jpg,200,image/jpeg,
baskauf/d1104,https://bioimages.vanderbilt.edu/tn/baskauf/tgltr--brthornsd1104.jpg,200,image/jpeg,
baskauf/d1110,https://bioimages.vanderbilt.edu/tn/baskauf/tgltr--frd1110.jpg,200,image/jpeg,
baskauf/d1112,https://bioimages.vanderbilt.edu/tn/baskauf/tgltr--brd1112.jpg,200,image/jpeg,
bassettst/sb560,https://bioimages.vanderbilt.edu/tn/bassettst/tbepa--wp179sb560.jpg,200,image/jpeg,
bassettst/sb561,https://bioimages.vanderbilt.edu/tn/bassettst/tbepa--wp180sb561.jpg,200,image/jpeg,
bassettst/sb562,https://bioimages.vanderbilt.edu/tn/bassettst/tbepa--wp181sb562.jpg,200,image/jpeg,
bassettst/sb563,https://bioimages.vanderbilt.edu/tn/bassettst/tbepa--lf183sb563.jpg,200,image/jpeg,
bassettst/sb564,https://bioimages.vanderbilt.edu/tn/bassettst/tbepa--wplookup187sb564.jpg,200,image/jpeg,
bassettst/sb569,https://bioimages.vanderbilt.edu/tn/bassettst/tbepa--br182sb569.jpg,200,image/jpeg,
eickmeierwg/we565,https://bioimages.vanderbilt.edu/tn/eickmeierwg/tdipa9-flwe565.jpg,200,image/jpeg,
hessd/e5353,https://bioimages.vanderbilt.edu/tn/hessd/trhar4-fr940529a-19e5353.jpg,200,image/jpeg,
hessd/e5381,https://bioimages.vanderbilt.edu/tn/hessd/ttora2-fl0133e5381.jpg,200,image/jpeg,
kaufmannm/ke062,https://bioimages.vanderbilt.edu/tn/kaufmannm/tpotr5-wpfall-color-mke062.jpg,200,image/jpeg,
kaufmannm/ke063,https://bioimages.vanderbilt.edu/tn/kaufmannm/tpotr5-wpfall-color-mke063.jpg,200,image/jpeg,
kaufmannm/ke064,https://bioimages.vanderbilt.edu/tn/kaufmannm/tpotr5-wpfall-color-mke064.jpg,200,image/jpeg,
kaufmannm/ke128,https://bioimages.vanderbilt.edu/tn/kaufmannm/tpima--wp-mke128.jpg,200,image/jpeg,
kaufmannm/ke142,https://bioimages.vanderbilt.edu/tn/kaufmannm/tacsa3-wpfall-mke142.jpg,200,image/jpeg,
kaufmannm/ke178,https://bioimages.vanderbilt.edu/tn/kaufmannm/tjuco6-wp-mke178.jpg,200,image/jpeg,
kaufmannm/mk466,https://bioimages.vanderbilt.edu/tn/kaufmannm/tilve--frmk466.jpg,200,image/jpeg,
kirchoff/ac1447,https://bioimages.vanderbilt.edu/tn/kirchoff/tac1447.jpg,200,image/jpeg,
kirchoff/ac1448,https://bioimages.vanderbilt.edu/tn/kirchoff/tac1448.jpg,200,image/jpeg,
kirchoff/ac1449,https://bioimages.vanderbilt.edu/tn/kirchoff/tac1449.jpg,200,image/jpeg,
kirchoff/ac1468,https://bioimages.vanderbilt.edu/tn/kirchoff/tac1468.jpg,200,image/jpeg,
kirchoff/ac1469,https://bioimages.vanderbilt.edu/tn/kirchoff/tac1469.jpg,200,image/jpeg,
kirchoff/ac1470,https://bioimages.vanderbilt.edu/tn/kirchoff/tac1470.jpg,200,image/jpeg,
kirchoff/ac1472,https://bioimages.vanderbilt.edu/tn/kirchoff/tac1472.jpg,200,image/jpeg,
kirchoff/ac1473,https://bioimages.vanderbilt.edu/tn/kirchoff/tac1473.jpg,200,image/jpeg,
kirchoff/ac1477,https://bioimages.vanderbilt.edu/tn/kirchoff/tac1477.jpg,200,image/jpeg,
kirchoff/ac1478,https://bioimages.vanderbilt.edu/tn/kirchoff/tac1478.jpg,200,image/jpeg,
kirchoff/ac1479,https://bioimages.vanderbilt.edu/tn/kirchoff/tac1479.jpg,200,image/jpeg,
kirchoff/ac1515,https://bioimages.vanderbilt.edu/tn/kirchoff/tac1515.jpg,200,image/jpeg,
kirchoff/ac1516,https://bioimages.vanderbilt.edu/tn/kirchoff/tac1516.jpg,200,image/jpeg,
kirchoff/ac1517,https://bioimages.vanderbilt.edu/tn/kirchoff/tac1517.jpg,200,image/jpeg,
kirchoff/ac1518,https://bioimages.vanderbilt.edu/tn/kirchoff/tac1518.jpg,200,image/jpeg,
kirchoff/ac1519,https://bioimages.vanderbilt.edu/tn/kirchoff/tac1519.jpg,200,image/jpeg,
kirchoff/b5060,https://bioimages.vanderbilt.edu/tn/kirchoff/tcaca18brb5060.jpg,200,image/jpeg,
kirchoff/b5061,https://bioimages.vanderbilt.edu/tn/kirchoff/tcaca18brb5061.jpg,200,image/jpeg,
kirchoff/b5062,https://bioimages.vanderbilt.edu/tn/kirchoff/tcaca18brb5062.jpg,200,image/jpeg,
kirchoff/b5063,https://bioimages.vanderbilt.edu/tn/kirchoff/tcaca18wpin-fruitb5063.jpg,200,image/jpeg,
kirchoff/b5064,https://bioimages.vanderbilt.edu/tn/kirchoff/tcaca18frsideb5064.jpg,200,image/jpeg,
kirchoff/b5065,https://bioimages.vanderbilt.edu/tn/kirchoff/tcaca18frfrontb5065.jpg,200,image/jpeg,
kirchoff/b5066,https://bioimages.vanderbilt.edu/tn/kirchoff/tcaca18brb5066.jpg,200,image/jpeg,
kirchoff/b5067,https://bioimages.vanderbilt.edu/tn/kirchoff/tcaca18lfseveralb5067.jpg,200,image/jpeg,
kirchoff/b5068,https://bioimages.vanderbilt.edu/tn/kirchoff/tcaca18lfb5068.jpg,200,image/jpeg,
kirchoff/b5069,https://bioimages.vanderbilt.edu/tn/kirchoff/tcaca18frb5069.jpg,200,image/jpeg,
kirchoff/b5070,https://bioimages.vanderbilt.edu/tn/kirchoff/tcaca18brb5070.jpg,200,image/jpeg,
kirchoff/b5071,https://bioimages.vanderbilt.edu/tn/kirchoff/tcaca18frdistantb5071.jpg,200,image/jpeg,
kirchoff/b5085,https://bioimages.vanderbilt.edu/tn/kirchoff/tcofl2-flseveralb5085.jpg,200,image/jpeg,
kirchoff/b5086,https://bioimages.vanderbilt.edu/tn/kirchoff/tcofl2-flb5086.jpg,200,image/jpeg,
kirchoff/b5087,https://bioimages.vanderbilt.edu/tn/kirchoff/tcofl2-frb5087.jpg,200,image/jpeg,
kirchoff/b5088,https://bioimages.vanderbilt.edu/tn/kirchoff/tcofl2-frb5088.jpg,200,image/jpeg,
kirchoff/b5089,https://bioimages.vanderbilt.edu/tn/kirchoff/tcofl2-frdistb5089.jpg,200,image/jpeg,
kirchoff/b5090,https://bioimages.vanderbilt.edu/tn/kirchoff/tcofl2-wpin-fruitb5090.jpg,200,image/jpeg,
kirchoff/b5091,https://bioimages.vanderbilt.edu/tn/kirchoff/tcofl2-wpin-fruitb5091.jpg,200,image/jpeg,
kirchoff/b5092,https://bioimages.vanderbilt.edu/tn/kirchoff/tcofl2-frb5092.jpg,200,image/jpeg,
kirchoff/b5093,https://bioimages.vanderbilt.edu/tn/kirchoff/tcofl2-frb5093.jpg,200,image/jpeg,
kirchoff/b5094,https://bioimages.vanderbilt.edu/tn/kirchoff/tcofl2-frb5094.jpg,200,image/jpeg,
kirchoff/b5095,https://bioimages.vanderbilt.edu/tn/kirchoff/tcofl2-frb5095.jpg,200,image/jpeg,
kirchoff/b5132,https://bioimages.vanderbilt.edu/tn/kirchoff/tfagr--wpsmall-winterb5132.jpg,200,image/jpeg,
kirchoff/b5147,https://bioimages.vanderbilt.edu/tn/kirchoff/tsaal5-lfb5147.jpg,200,image/jpeg,
kirchoff/b5148,https://bioimages.vanderbilt.edu/tn/kirchoff/tsaal5-lfseveralb5148.jpg,200,image/jpeg,
kirchoff/b5149,https://bioimages.vanderbilt.edu/tn/kirchoff/tsaal5-lfseveralb5149.jpg,200,image/jpeg,
kirchoff/bkk2902,https://bioimages.vanderbilt.edu/tn/kirchoff/tbkk2902.jpg,200,image/jpeg,
kirchoff/bkk2903,https://bioimages.vanderbilt.edu/tn/kirchoff/tbkk2903.jpg,200,image/jpeg,
kirchoff/bkk2904,https://bioimages.vanderbilt.edu/tn/kirchoff/tbkk2904.jpg,200,image/jpeg,
kirchoff/bkk2905,https://bioimages.vanderbilt.edu/tn/kirchoff/tbkk2905.jpg,200,image/jpeg,
kirchoff/em1968,https://bioimages.vanderbilt.edu/tn/kirchoff/tem1968.jpg,200,image/jpeg,
kirchoff/em1969,https://bioimages.vanderbilt.edu/tn/kirchoff/tem1969.jpg,200,image/jpeg,
kirchoff/em1971,https://bioimages.vanderbilt.edu/tn/kirchoff/tem1971.jpg,200,image/jpeg,
kirchoff/em1975,https://bioimages.vanderbilt.edu/tn/kirchoff/tem1975.jpg,200,image/jpeg,
kirchoff/em1993,https://bioimages.vanderbilt.edu/tn/kirchoff/tem1993.jpg,200,image/jpeg,
kirchoff/em1998,https://bioimages.vanderbilt.edu/tn/kirchoff/tem1998.jpg,200,image/jpeg,
kirchoff/em2001,https://bioimages.vanderbilt.edu/tn/kirchoff/tem2001.jpg,200,image/jpeg,
kirchoff/em2002,https://bioimages.vanderbilt.edu/tn/kirchoff/tem2002.jpg,200,image/jpeg,
kirchoff/em2003,https://bioimages.vanderbilt.edu/tn/kirchoff/tem2003.jpg,200,image/jpeg,
kirchoff/em2009,https://bioimages.vanderbilt.edu/tn/kirchoff/tem2009.jpg,200,image/jpeg,
kirchoff/em2010,https://bioimages.vanderbilt.edu/tn/kirchoff/tem2010.jpg,200,image/jpeg,
kirchoff/em2014,https://bioimages.vanderbilt.edu/tn/kirchoff/tem2014.jpg,200,image/jpeg,
kirchoff/em2017,https://bioimages.vanderbilt.edu/tn/kirchoff/tem2017.jpg,200,image/jpeg,
kirchoff/em2018,https://bioimages.vanderbilt.edu/tn/kirchoff/tem2018.jpg,200,image/jpeg,
kirchoff/em2020,https://bioimages.vanderbilt.edu/tn/kirchoff/tem2020.jpg,200,image/jpeg,
kirchoff/em2021,https://bioimages.vanderbilt.edu/tn/kirchoff/tem2021.jpg,200,image/jpeg,
kirchoff/em2061,https://bioimages.vanderbilt.edu/tn/kirchoff/tem2061.jpg,200,image/jpeg,
kirchoff/em2062,https://bioimages.vanderbilt.edu/tn/kirchoff/tem2062.jpg,200,image/jpeg,
kirchoff/em2063,https://bioimages.vanderbilt.edu/tn/kirchoff/tem2063.jpg,200,image/jpeg,
kirchoff/em2067,https://bioimages.vanderbilt.edu/tn/kirchoff/tem2067.jpg,200,image/jpeg,
kirchoff/em2069,https://bioimages.vanderbilt.edu/tn/kirchoff/tem2069.jpg,200,image/jpeg,
kirchoff/em2070,https://bioimages.vanderbilt.edu/tn/kirchoff/tem2070.jpg,200,image/jpeg,
kirchoff/em2071,https://bioimages.vanderbilt.edu/tn/kirchoff/tem2071.jpg,200,image/jpeg,
kirchoff/em2072,https://bioimages.vanderbilt.edu/tn/kirchoff/tem2072.jpg,200,image/jpeg,
kirchoff/em2073,https://bioimages.vanderbilt.edu/tn/kirchoff/tem2073.jpg,200,image/jpeg,
kirchoff/em2076,https://bioimages.vanderbilt.edu/tn/kirchoff/tem2076.jpg,200,image/jpeg,
kirchoff/em2092,https://bioimages.vanderbilt.edu/tn/kirchoff/tem2092.jpg,200,image/jpeg,
kirchoff/em2093,https://bioimages.vanderbilt.edu/tn/kirchoff/tem2093.jpg,200,image/jpeg,
kirchoff/em2094,https://bioimages.vanderbilt.edu/tn/kirchoff/tem2094.jpg,200,image/jpeg,
kirchoff/em2095,https://bioimages.vanderbilt.edu/tn/kirchoff/tem2095.jpg,200,image/jpeg,
kirchoff/em2096,https://bioimages.vanderbilt.edu/tn/kirchoff/tem2096.jpg,200,image/jpeg,
kirchoff/em2097,https://bioimages.vanderbilt.edu/tn/kirchoff/tem2097.jpg,200,image/jpeg,
kirchoff/em2099,https://bioimages.vanderbilt.edu/tn/kirchoff/tem2099.jpg,200,image/jpeg,
kirchoff/em2100,https://bioimages.vanderbilt.edu/tn/kirchoff/tem2100.jpg,200,image/jpeg,
kirchoff/em2101,https://bioimages.vanderbilt.edu/tn/kirchoff/tem2101.jpg,200,image/jpeg,
kirchoff/em2102,https://bioimages.vanderbilt.edu/tn/kirchoff/tem2102.jpg,200,image/jpeg,
kirchoff/em2105,https://bioimages.vanderbilt.edu/tn/kirchoff/tem2105.jpg,200,image/jpeg,
kirchoff/em2106,https://bioimages.vanderbilt.edu/tn/kirchoff/tem2106.jpg,200,image/jpeg,
kirchoff/em2107,https://bioimages.vanderbilt.edu/tn/kirchoff/tem2107.jpg,200,image/jpeg,
kirchoff/em2108,https://bioimages.vanderbilt.edu/tn/kirchoff/tem2108.jpg,200,image/jpeg,
kirchoff/em2110,https://bioimages.vanderbilt.edu/tn/kirchoff/tem2110.jpg,200,image/jpeg,
kirchoff/em2112,https://bioimages.vanderbilt.edu/tn/kirchoff/tem2112.jpg,200,image/jpeg,
kirchoff/em2114,https://bioimages.vanderbilt.edu/tn/kirchoff/tem2114.jpg,200,image/jpeg,
kirchoff/em2115,https://bioimages.vanderbilt.edu/tn/kirchoff/tem2115.jpg,200,image/jpeg,
kirchoff/em2116,https://bioimages.vanderbilt.edu/tn/kirchoff/tem2116.jpg,200,image/jpeg,
kirchoff/em2119,https://bioimages.vanderbilt.edu/tn/kirchoff/tem2119.jpg,200,image/jpeg,
kirchoff/em2143,https://bioimages.vanderbilt.edu/tn/kirchoff/tem2143.jpg,200,image/jpeg,
kirchoff/em2144,https://bioimages.vanderbilt.edu/tn/kirchoff/tem2144.jpg,200,image/jpeg,
kirchoff/em2146,https://bioimages.vanderbilt.edu/tn/kirchoff/tem2146.jpg,200,image/jpeg,
kirchoff/em2147,https://bioimages.vanderbilt.edu/tn/kirchoff/tem2147.jpg,200,image/jpeg,
kirchoff/em2150,https://bioimages.vanderbilt.edu/tn/kirchoff/tem2150.jpg,200,image/jpeg,
kirchoff/em2152,https://bioimages.vanderbilt.edu/tn/kirchoff/tem2152.jpg,200,image/jpeg,
kirchoff/em2153,https://bioimages.vanderbilt.edu/tn/kirchoff/tem2153.jpg,200,image/jpeg,
kirchoff/em2154,https://bioimages.vanderbilt.edu/tn/kirchoff/tem2154.jpg,200,image/jpeg,
kirchoff/em2192,https://bioimages.vanderbilt.edu/tn/kirchoff/tem2192.jpg,200,image/jpeg,
kirchoff/em2194,https://bioimages.vanderbilt.edu/tn/kirchoff/tem2194.jpg,200,image/jpeg,
kirchoff/em2195,https://bioimages.vanderbilt.edu/tn/kirchoff/tem2195.jpg,200,image/jpeg,
kirchoff/em2196,https://bioimages.vanderbilt.edu/tn/kirchoff/tem2196.jpg,200,image/jpeg,
kirchoff/em2198,https://bioimages.vanderbilt.edu/tn/kirchoff/tem2198.jpg,200,image/jpeg,
kirchoff/em2200,https://bioimages.vanderbilt.edu/tn/kirchoff/tem2200.jpg,200,image/jpeg,
kirchoff/em2201,https://bioimages.vanderbilt.edu/tn/kirchoff/tem2201.jpg,200,image/jpeg,
kirchoff/em2312,https://bioimages.vanderbilt.edu/tn/kirchoff/tem2312.jpg,200,image/jpeg,
kirchoff/em2315,https://bioimages.vanderbilt.edu/tn/kirchoff/tem2315.jpg,200,image/jpeg,
kirchoff/em2316,https://bioimages.vanderbilt.edu/tn/kirchoff/tem2316.jpg,200,image/jpeg,
kirchoff/em2319,https://bioimages.vanderbilt.edu/tn/kirchoff/tem2319.jpg,200,image/jpeg,
kirchoff/em2321,https://bioimages.vanderbilt.edu/tn/kirchoff/tem2321.jpg,200,image/jpeg,
kirchoff/em2323,https://bioimages.vanderbilt.edu/tn/kirchoff/tem2323.jpg,200,image/jpeg,
kirchoff/em2324,https://bioimages.vanderbilt.edu/tn/kirchoff/tem2324.jpg,200,image/jpeg,
kirchoff/em2325,https://bioimages.vanderbilt.edu/tn/kirchoff/tem2325.jpg,200,image/jpeg,
kirchoff/em2328,https://bioimages.vanderbilt.edu/tn/kirchoff/tem2328.jpg,200,image/jpeg,
kirchoff/em2329,https://bioimages.vanderbilt.edu/tn/kirchoff/tem2329.jpg,200,image/jpeg,
kirchoff/em2330,https://bioimages.vanderbilt.edu/tn/kirchoff/tem2330.jpg,200,image/jpeg,
kirchoff/em2334,https://bioimages.vanderbilt.edu/tn/kirchoff/tem2334.jpg,200,image/jpeg,
kirchoff/em2335,https://bioimages.vanderbilt.edu/tn/kirchoff/tem2335.jpg,200,image/jpeg,
kirchoff/em2338,https://bioimages.vanderbilt.edu/tn/kirchoff/tem2338.jpg,200,image/jpeg,
kirchoff/em2339,https://bioimages.vanderbilt.edu/tn/kirchoff/tem2339.jpg,200,image/jpeg,
kirchoff/em2341,https://bioimages.vanderbilt.edu/tn/kirchoff/tem2341.jpg,200,image/jpeg,
kirchoff/em2342,https://bioimages.vanderbilt.edu/tn/kirchoff/tem2342.jpg,200,image/jpeg,
kirchoff/em2343,https://bioimages.vanderbilt.edu/tn/kirchoff/tem2343.jpg,200,image/jpeg,
kirchoff/em2344,https://bioimages.vanderbilt.edu/tn/kirchoff/tem2344.jpg,200,image/jpeg,
kirchoff/em2347,https://bioimages.vanderbilt.edu/tn/kirchoff/tem2347.jpg,200,image/jpeg,
kirchoff/em2348,https://bioimages.vanderbilt.edu/tn/kirchoff/tem2348.jpg,200,image/jpeg,
kirchoff/em2349,https://bioimages.vanderbilt.edu/tn/kirchoff/tem2349.jpg,200,image/jpeg,
kirchoff/em2350,https://bioimages.vanderbilt.edu/tn/kirchoff/tem2350.jpg,200,image/jpeg,
kirchoff/em2352,https://bioimages.vanderbilt.edu/tn/kirchoff/tem2352.jpg,200,image/jpeg,
kirchoff/em2353,https://bioimages.vanderbilt.edu/tn/kirchoff/tem2353.jpg,200,image/jpeg,
kirchoff/em2354,https://bioimages.vanderbilt.edu/tn/kirchoff/tem2354.jpg,200,image/jpeg,
kirchoff/em2355,https://bioimages.vanderbilt.edu/tn/kirchoff/tem2355.jpg,200,image/jpeg,
kirchoff/em2356,https://bioimages.vanderbilt.edu/tn/kirchoff/tem2356.jpg,200,image/jpeg,
kirchoff/em2358,https://bioimages.vanderbilt.edu/tn/kirchoff/tem2358.jpg,200,image/jpeg,
kirchoff/em2392,https://bioimages.vanderbilt.edu/tn/kirchoff/tem2392.jpg,200,image/jpeg,
kirchoff/em2393,https://bioimages.vanderbilt.edu/tn/kirchoff/tem2393.jpg,200,image/jpeg,
kirchoff/em2394,https://bioimages.vanderbilt.edu/tn/kirchoff/tem2394.jpg,200,image/jpeg,
kirchoff/em2396,https://bioimages.vanderbilt.edu/tn/kirchoff/tem2396.jpg,200,image/jpeg,
kirchoff/em2397,https://bioimages.vanderbilt.edu/tn/kirchoff/tem2397.jpg,200,image/jpeg,
kirchoff/em2399,https://bioimages.vanderbilt.edu/tn/kirchoff/tem2399.jpg,200,image/jpeg,
kirchoff/em2401,https://bioimages.vanderbilt.edu/tn/kirchoff/tem2401.jpg,200,image/jpeg,
kirchoff/em2402,https://bioimages.vanderbilt.edu/tn/kirchoff/tem2402.jpg,200,image/jpeg,
kirchoff/em2403,https://bioimages.vanderbilt.edu/tn/kirchoff/tem2403.jpg,200,image/jpeg,
kirchoff/em2404,https://bioimages.vanderbilt.edu/tn/kirchoff/tem2404.jpg,200,image/jpeg,
kirchoff/em2405,https://bioimages.vanderbilt.edu/tn/kirchoff/tem2405.jpg,200,image/jpeg,
kirchoff/em2406,https://bioimages.vanderbilt.edu/tn/kirchoff/tem2406.jpg,200,image/jpeg,
kirchoff/em2407,https://bioimages.vanderbilt.edu/tn/kirchoff/tem2407.jpg,200,image/jpeg,
kirchoff/em2408,https://bioimages.vanderbilt.edu/tn/kirchoff/tem2408.jpg,200,image/jpeg,
kirchoff/em2409,https://bioimages.vanderbilt.edu/tn/kirchoff/tem2409.jpg,200,image/jpeg,
kirchoff/em2412,https://bioimages.vanderbilt.edu/tn/kirchoff/tem2412.jpg,200,image/jpeg,
kirchoff/em2413,https://bioimages.vanderbilt.edu/tn/kirchoff/tem2413.jpg,200,image/jpeg,
kirchoff/em2414,https://bioimages.vanderbilt.edu/tn/kirchoff/tem2414.jpg,200,image/jpeg,
kirchoff/em2415,https://bioimages.vanderbilt.edu/tn/kirchoff/tem2415.jpg,200,image/jpeg,
kirchoff/em2418,https://bioimages.vanderbilt.edu/tn/kirchoff/tem2418.jpg,200,image/jpeg,
kirchoff/em2420,https://bioimages.vanderbilt.edu/tn/kirchoff/tem2420.jpg,200,image/jpeg,
kirchoff/em2421,https://bioimages.vanderbilt.edu/tn/kirchoff/tem2421.jpg,200,image/jpeg,
kirchoff/em2422,https://bioimages.vanderbilt.edu/tn/kirchoff/tem2422.jpg,200,image/jpeg,
kirchoff/em2424,https://bioimages.vanderbilt.edu/tn/kirchoff/tem2424.jpg,200,image/jpeg,
kirchoff/em2559,https://bioimages.vanderbilt.edu/tn/kirchoff/tem2559.jpg,200,image/jpeg,
kirchoff/em2561,https://bioimages.vanderbilt.edu/tn/kirchoff/tem2561.jpg,200,image/jpeg,
kirchoff/em2562,https://bioimages.vanderbilt.edu/tn/kirchoff/tem2562.jpg,200,image/jpeg,
kirchoff/em2563,https://bioimages.vanderbilt.edu/tn/kirchoff/tem2563.jpg,200,image/jpeg,
kirchoff/em2564,https://bioimages.vanderbilt.edu/tn/kirchoff/tem2564.jpg,200,image/jpeg,
kirchoff/em2566,https://bioimages.vanderbilt.edu/tn/kirchoff/tem2566.jpg,200,image/jpeg,
kirchoff/em2570,https://bioimages.vanderbilt.edu/tn/kirchoff/tem2570.jpg,200,image/jpeg,
kirchoff/em2571,https://bioimages.vanderbilt.edu/tn/kirchoff/tem2571.jpg,200,image/jpeg,
kirchoff/em2572,https://bioimages.vanderbilt.edu/tn/kirchoff/tem2572.jpg,200,image/jpeg,
kirchoff/em2573,https://bioimages.vanderbilt.edu/tn/kirchoff/tem2573.jpg,200,image/jpeg,
kirchoff/em2574,https://bioimages.vanderbilt.edu/tn/kirchoff/tem2574.jpg,200,image/jpeg,
kirchoff/em2576,https://bioimages.vanderbilt.edu/tn/kirchoff/tem2576.jpg,200,image/jpeg,
kirchoff/em2577,https://bioimages.vanderbilt.edu/tn/kirchoff/tem2577.jpg,200,image/jpeg,
kirchoff/em2579,https://bioimages.vanderbilt.edu/tn/kirchoff/tem2579.jpg,200,image/jpeg,
kirchoff/em2581,https://bioimages.vanderbilt.edu/tn/kirchoff/tem2581.jpg,200,image/jpeg,
kirchoff/em2583,https://bioimages.vanderbilt.edu/tn/kirchoff/tem2583.jpg,200,image/jpeg,
kirchoff/em2584,https://bioimages.vanderbilt.edu/tn/kirchoff/tem2584.jpg,200,image/jpeg,
kirchoff/em2585,https://bioimages.vanderbilt.edu/tn/kirchoff/tem2585.jpg,200,image/jpeg,
kirchoff/em2587,https://bioimages.vanderbilt.edu/tn/kirchoff/tem2587.jpg,200,image/jpeg,
kirchoff/em2590,https://bioimages.vanderbilt.edu/tn/kirchoff/tem2590.jpg,200,image/jpeg,
kirchoff/em2593,https://bioimages.vanderbilt.edu/tn/kirchoff/tem2593.jpg,200,image/jpeg,
kirchoff/em2596,https://bioimages.vanderbilt.edu/tn/kirchoff/tem2596.jpg,200,image/jpeg,
kirchoff/em2597,https://bioimages.vanderbilt.edu/tn/kirchoff/tem2597.jpg,200,image/jpeg,
kirchoff/em2598,https://bioimages.vanderbilt.edu/tn/kirchoff/tem2598.jpg,200,image/jpeg,
kirchoff/em2599,https://bioimages.vanderbilt.edu/tn/kirchoff/tem2599.jpg,200,image/jpeg,
kirchoff/em2600,https://bioimages.vanderbilt.edu/tn/kirchoff/tem2600.jpg,200,image/jpeg,
kirchoff/em2603,https://bioimages.vanderbilt.edu/tn/kirchoff/tem2603.jpg,200,image/jpeg,
kirchoff/em2604,https://bioimages.vanderbilt.edu/tn/kirchoff/tem2604.jpg,200,image/jpeg,
kirchoff/em2605,https://bioimages.vanderbilt.edu/tn/kirchoff/tem2605.jpg,200,image/jpeg,
kirchoff/em2607,https://bioimages.vanderbilt.edu/tn/kirchoff/tem2607.jpg,200,image/jpeg,
kirchoff/em2610,https://bioimages.vanderbilt.edu/tn/kirchoff/tem2610.jpg,200,image/jpeg,
kirchoff/em2613,https://bioimages.vanderbilt.edu/tn/kirchoff/tem2613.jpg,200,image/jpeg,
kirchoff/em2616,https://bioimages.vanderbilt.edu/tn/kirchoff/tem2616.jpg,200,image/jpeg,
kirchoff/em2618,https://bioimages.vanderbilt.edu/tn/kirchoff/tem2618.jpg,200,image/jpeg,
kirchoff/em2619,https://bioimages.vanderbilt.edu/tn/kirchoff/tem2619.jpg,200,image/jpeg,
kirchoff/em2620,https://bioimages.vanderbilt.edu/tn/kirchoff/tem2620.jpg,200,image/jpeg,
kirchoff/em2621,https://bioimages.vanderbilt.edu/tn/kirchoff/tem2621.jpg,200,image/jpeg,
kirchoff/em2623,https://bioimages.vanderbilt.edu/tn/kirchoff/tem2623.jpg,200,image/jpeg,
kirchoff/em2703,https://bioimages.vanderbilt.edu/tn/kirchoff/tem2703.jpg,200,image/jpeg,
ssmv/2-1006-01,https://bioimages.vanderbilt.edu/tn/ssmv/t2-1006-01.jpg,200,image/jpeg,
ssmv/2-1006-02,https://bioimages.vanderbilt.edu/tn/ssmv/t2-1006-02.jpg,200,image/jpeg,
ssmv/2-1006-03,https://bioimages.vanderbilt.edu/tn/ssmv/t2-1006-03.jpg,200,image/jpeg,
ssmv/2-161-01,https://bioimages.vanderbilt.edu/tn/ssmv/t2-161-01.jpg,200,image/jpeg,
ssmv/2-161-02,https://bioimages.vanderbilt.edu/tn/ssmv/t2-161-02.jpg,200,image/jpeg,
ssmv/2-161-03,https://bioimages.vanderbilt.edu/tn/ssmv/t2-161-03.jpg,200,image/jpeg,
ssmv/2-161-04,https://bioimages.vanderbilt.edu/tn/ssmv/t2-161-04.jpg,200,image/jpeg,
ssmv/2-185-01,https://bioimages.vanderbilt.edu/tn/ssmv/t2-185-01.jpg,200,image/jpeg,
ssmv/2-185-02,https://bioimages.vanderbilt.edu/tn/ssmv/t2-185-02.jpg,200,image/jpeg,
ssmv/2-185-03,https://bioimages.vanderbilt.edu/tn/ssmv/t2-185-03.jpg,200,image/jpeg,
ssmv/2-185-04,https://bioimages.vanderbilt.edu/tn/ssmv/t2-185-04.jpg,200,image/jpeg,
ssmv/2-253-01,https://bioimages.vanderbilt.edu/tn/ssmv/t2-253-01.jpg,200,image/jpeg,
ssmv/2-253-02,https://bioimages.vanderbilt.edu/tn/ssmv/t2-253-02.jpg,200,image/jpeg,
ssmv/2-253-03,https://bioimages.vanderbilt.edu/tn/ssmv/t2-253-03.jpg,200,image/jpeg,
ssmv/2-253-04,https://bioimages.vanderbilt.edu/tn/ssmv/t2-253-04.jpg,200,image/jpeg,
ssmv/2-638-01,https://bioimages.vanderbilt.edu/tn/ssmv/t2-638-01.jpg,200,image/jpeg,
ssmv/2-638-02,https://bioimages.vanderbilt.edu/tn/ssmv/t2-638-02.jpg,200,image/jpeg,
ssmv/2-638-03,https://bioimages.vanderbilt.edu/tn/ssmv/t2-638-03.jpg,200,image/jpeg,
ssmv/2-638-04,https://bioimages.vanderbilt.edu/tn/ssmv/t2-638-04.jpg,200,image/jpeg,
ssmv/2-759-01,https://bioimages.vanderbilt.edu/tn/ssmv/t2-759-01.jpg,200,image/jpeg,
ssmv/2-886-01,https://bioimages.vanderbilt.edu/tn/ssmv/t2-886-01.jpg,200,image/jpeg,
ssmv/2-886-02,https://bioimages.vanderbilt.edu/tn/ssmv/t2-886-02.jpg,200,image/jpeg,
ssmv/2-886-03,https://bioimages.vanderbilt.edu/tn/ssmv/t2-886-03.jpg,200,image/jpeg,
thomas/0014-01-01,https://bioimages.vanderbilt.edu/tn/thomas/t0014-01-01.jpg,200,image/jpeg,
thomas/0014-01-02,https://bioimages.vanderbilt.edu/tn/thomas/t0014-01-02.jpg,200,image/jpeg,
thomas/0014-01-03,https://bioimages.vanderbilt.edu/tn/thomas/t0014-01-03.jpg,200,image/jpeg,
thomas/0014-01-04,https://bioimages.vanderbilt.edu/tn/thomas/t0014-01-04.jpg,200,image/jpeg,
thomas/0014-01-05,https://bioimages.vanderbilt.edu/tn/thomas/t0014-01-05.jpg,200,image/jpeg,
thomas/0014-01-06,https://bioimages.vanderbilt.edu/tn/thomas/t0014-01-06.jpg,200,image/jpeg,
thomas/0014-01-07,https://bioimages.vanderbilt.edu/tn/thomas/t0014-01-07.jpg,200,image/jpeg,
thomas/0014-01-08,https://bioimages.vanderbilt.edu/tn/thomas/t0014-01-08.jpg,200,image/jpeg,
thomas/0014-01-09,https://bioimages.vanderbilt.edu/tn/thomas/t0014-01-09.jpg,200,image/jpeg,
thomas/0049-08-01,https://bioimages.vanderbilt.edu/tn/thomas/t0049-08-01.jpg,200,image/jpeg,
thomas/0049-08-02,https://bioimages.vanderbilt.edu/tn/thomas/t0049-08-02.jpg,200,image/jpeg,
thomas/0049-08-03,https://bioimages.vanderbilt.edu/tn/thomas/t0049-08-03.jpg,200,image/jpeg,
thomas/0049-08-04,https://bioimages.vanderbilt.edu/tn/thomas/t0049-08-04.jpg,200,image/jpeg,
thomas/0049-08-05,https://bioimages.vanderbilt.edu/tn/thomas/t0049-08-05.jpg,200,image/jpeg,
thomas/0104-01-01,https://bioimages.vanderbilt.edu/tn/thomas/t0104-01-01.jpg,200,image/jpeg,
thomas/0104-01-02,https://bioimages.vanderbilt.edu/tn/thomas/t0104-01-02.jpg,200,image/jpeg,
thomas/0104-01-03,https://bioimages.vanderbilt.edu/tn/thomas/t0104-01-03.jpg,200,image/jpeg,
thomas/0104-01-04,https://bioimages.vanderbilt.edu/tn/thomas/t0104-01-04.jpg,200,image/jpeg,
thomas/0265-01-01,https://bioimages.vanderbilt.edu/tn/thomas/t0265-01-01.jpg,200,image/jpeg,
thomas/0265-01-02,https://bioimages.vanderbilt.edu/tn/thomas/t0265-01-02.jpg,200,image/jpeg,
thomas/0265-01-03,https://bioimages.vanderbilt.edu/tn/thomas/t0265-01-03.jpg,200,image/jpeg,
thomas/0265-01-04,https://bioimages.vanderbilt.edu/tn/thomas/t0265-01-04.jpg,200,image/jpeg,
thomas/0265-01-05,https://bioimages.vanderbilt.edu/tn/thomas/t0265-01-05.jpg,200,image/jpeg,
thomas/0265-01-06,https://bioimages.vanderbilt.edu/tn/thomas/t0265-01-06.jpg,200,image/jpeg,
thomas/0301-02-01,https://bioimages.vanderbilt.edu/tn/thomas/t0301-02-01.jpg,200,image/jpeg,
thomas/0301-02-02,https://bioimages.vanderbilt.edu/tn/thomas/t0301-02-02.jpg,200,image/jpeg,
thomas/0301-02-03,https://bioimages.vanderbilt.edu/tn/thomas/t0301-02-03.jpg,200,image/jpeg,
thomas/0440-04-01,https://bioimages.vanderbilt.edu/tn/thomas/t0440-04-01.jpg,200,image/jpeg,
thomas/0440-04-02,https://bioimages.vanderbilt.edu/tn/thomas/t0440-04-02.jpg,200,image/jpeg,
thomas/0440-04-03,https://bioimages.vanderbilt.edu/tn/thomas/t0440-04-03.jpg,200,image/jpeg,
thomas/0440-04-04,https://bioimages.vanderbilt.edu/tn/thomas/t0440-04-04.jpg,200,image/jpeg,
thomas/0440-04-05,https://bioimages.vanderbilt.edu/tn/thomas/t0440-04-05.jpg,200,image/jpeg,
thomas/0440-04-06,https://bioimages.vanderbilt.edu/tn/thomas/t0440-04-06.jpg,200,image/jpeg,
thomas/0440-04-07,https://bioimages.vanderbilt.edu/tn/thomas/t0440-04-07.jpg,200,image/jpeg,
thomas/0486-01-01,https://bioimages.vanderbilt.edu/tn/thomas/t0486-01-01.jpg,200,image/jpeg,
thomas/0486-01-02,https://bioimages.vanderbilt.edu/tn/thomas/t0486-01-02.jpg,200,image/jpeg,
thomas/0486-01-03,https://bioimages.vanderbilt.edu/tn/thomas/t0486-01-03.jpg,200,image/jpeg,
thomas/0486-01-04,https://bioimages.vanderbilt.edu/tn/thomas/t0486-01-04.jpg,200,image/jpeg,
thomas/0486-01-05,https://bioimages.vanderbilt.edu/tn/thomas/t0486-01-05.jpg,200,image/jpeg,
thomas/0486-01-06,https://bioimages.vanderbilt.edu/tn/thomas/t0486-01-06.jpg,200,image/jpeg,
thomas/0486-01-07,https://bioimages.vanderbilt.edu/tn/thomas/t0486-01-07.jpg,200,image/jpeg,
thomas/0486-01-08,https://bioimages.vanderbilt.edu/tn/thomas/t0486-01-08.jpg,200,image/jpeg,
thomas/0486-01-09,https://bioimages.vanderbilt.edu/tn/thomas/t0486-01-09.jpg,200,image/jpeg,
thomas/0486-01-10,https://bioimages.vanderbilt.edu/tn/thomas/t0486-01-10.jpg,200,image/jpeg,
thomas/0486-01-11,https://bioimages.vanderbilt.edu/tn/thomas/t0486-01-11.jpg,200,image/jpeg,
thomas/0506-01-01,https://bioimages.vanderbilt.edu/tn/thomas/t0506-01-01.jpg,200,image/jpeg,
thomas/0506-01-02,https://bioimages.vanderbilt.edu/tn/thomas/t0506-01-02.jpg,200,image/jpeg,
thomas/0506-01-03,https://bioimages.vanderbilt.edu/tn/thomas/t0506-01-03.jpg,200,image/jpeg,
thomas/0506-01-04,https://bioimages.vanderbilt.edu/tn/thomas/t0506-01-04.jpg,200,image/jpeg,
thomas/0506-01-05,https://bioimages.vanderbilt.edu/tn/thomas/t0506-01-05.jpg,200,image/jpeg,
thomas/0506-01-06,https://bioimages.vanderbilt.edu/tn/thomas/t0506-01-06.jpg,200,image/jpeg,
thomas/0506-01-07,https://bioimages.vanderbilt.edu/tn/thomas/t0506-01-07.jpg,200,image/jpeg,
thomas/0506-01-08,https://bioimages.vanderbilt.edu/tn/thomas/t0506-01-08.jpg,200,image/jpeg,
thomas/0506-01-09,https://bioimages.vanderbilt.edu/tn/thomas/t0506-01-09.jpg,200,image/jpeg,
thomas/0506-01-10,https://bioimages.vanderbilt.edu/tn/thomas/t0506-01-10.jpg,200,image/jpeg,
vanderbilt/conkin-p-69-campus-from-kirkland-tower,https://bioimages.vanderbilt.edu/tn/vanderbilt/tconkin-p-69-campus-from-kirkland-tower.jpg,200,image/jpeg,
vanderbilt/mcgaw-p137-old-central-porch,https://bioimages.vanderbilt.edu/tn/vanderbilt/tmcgaw-p137-old-central-porch.jpg,200,image/jpeg,
