id,file,species,common_name,family,organ_tag,organ_category,subview,view_code,primary_label,group,individual_id,captured_at,creator,source_url,thumbnail_url,image_url,review_flags
baskauf/10897,baskauf_10897.jpg,Acer negundo,boxelder,Aceraceae,whole plant,whole tree (or vine),general,010101,whole tree (or vine) / general,whole-tree,ind-baskauf/10897,2002-05-11T10:40:38-05:00,Steven J. Baskauf,https://bioimages.vanderbilt.edu/baskauf/10897,https://bioimages.vanderbilt.edu/tn/baskauf/tacne2-wpsmall10897.jpg,https://bioimages.vanderbilt.edu/gq/baskauf/gacne2-wpsmall10897.jpg,
baskauf/54849,baskauf_54849.jpg,Acer negundo,boxelder,Aceraceae,whole plant,whole tree (or vine),general,010101,whole tree (or vine) / general,whole-tree,ind-baskauf/54847,2006-08-09T06:55:30-05:00,Steven J. Baskauf,https://bioimages.vanderbilt.edu/baskauf/54849,https://bioimages.vanderbilt.edu/tn/baskauf/tacne2-wpmedium54849.jpg,https://bioimages.vanderbilt.edu/gq/baskauf/gacne2-wpmedium54849.jpg,
baskauf/54851,baskauf_54851.jpg,Acer negundo,boxelder,Aceraceae,whole plant,whole tree (or vine),general,010101,whole tree (or vine) / general,whole-tree,ind-baskauf/54847,2006-08-09T06:56:04-05:00,Steven J. Baskauf,https://bioimages.vanderbilt.edu/baskauf/54851,https://bioimages.vanderbilt.edu/tn/baskauf/tacne2-wpmedium54851.jpg,https://bioimages.vanderbilt.edu/gq/baskauf/gacne2-wpmedium54851.jpg,
baskauf/54881,baskauf_54881.jpg,Acer negundo,boxelder,Aceraceae,whole plant,whole tree (or vine),general,010101,whole tree (or vine) / general,whole-tree,vanderbilt/12-43,2006-08-09T13:17:11-05:00,Steven J. Baskauf,https://bioimages.vanderbilt.edu/baskauf/54881,https://bioimages.vanderbilt.edu/tn/baskauf/tacne2-wplarge54881.jpg,https://bioimages.vanderbilt.edu/gq/baskauf/gacne2-wplarge54881.jpg,
baskauf/54884,baskauf_54884.jpg,Acer negundo,boxelder,Aceraceae,whole plant,whole tree (or vine),general,010101,whole tree (or vine) / general,whole-tree,vanderbilt/12-43,2006-08-09T13:19:08-05:00,Steven J. Baskauf,https://bioimages.vanderbilt.edu/baskauf/54884,https://bioimages.vanderbilt.edu/tn/baskauf/tacne2-wplarge54884.jpg,https://bioimages.vanderbilt.edu/gq/baskauf/gacne2-wplarge54884.jpg,
baskauf/91000,baskauf_91000.jpg,Acer negundo,boxelder,Aceraceae,whole plant,whole tree,general,030101,whole tree / general,whole-tree,vanderbilt/9-16,2014-09-03T16:55:06-05:00,Steven J. Baskauf,https://bioimages.vanderbilt.edu/baskauf/91000,https://bioimages.vanderbilt.edu/tn/baskauf/t91000.jpg,https://bioimages.vanderbilt.edu/gq/baskauf/g91000.jpg,
baskauf/13161,baskauf_13161.jpg,Acer negundo,boxelder,Aceraceae,whole plant,whole tree (or vine),view up trunk,010103,whole tree (or vine) / view up trunk,whole-tree,ind-baskauf/13159,2002-06-21T14:32:26-05:00,Steven J. Baskauf,https://bioimages.vanderbilt.edu/baskauf/13161,https://bioimages.vanderbilt.edu/tn/baskauf/tacne2-wplookup-lrg13161.jpg,https://bioimages.vanderbilt.edu/gq/baskauf/gacne2-wplookup-lrg13161.jpg,
baskauf/89403,baskauf_89403.jpg,Acer negundo,boxelder,Aceraceae,whole plant,whole tree (or vine),winter,010102,whole tree (or vine) / winter,whole-tree,vanderbilt/9-16,2013-12-11T14:00:08-06:00,Steven J. Baskauf,https://bioimages.vanderbilt.edu/baskauf/89403,https://bioimages.vanderbilt.edu/tn/baskauf/t89403.jpg,https://bioimages.vanderbilt.edu/gq/baskauf/g89403.jpg,
baskauf/13160,baskauf_13160.jpg,Acer negundo,boxelder,Aceraceae,bark,bark,of a large tree,010201,bark / of a large tree,bark,ind-baskauf/13159,2002-06-21T14:31:49-05:00,Steven J. Baskauf,https://bioimages.vanderbilt.edu/baskauf/13160,https://bioimages.vanderbilt.edu/tn/baskauf/tacne2-brlarge-tree13160.jpg,https://bioimages.vanderbilt.edu/gq/baskauf/gacne2-brlarge-tree13160.jpg,
baskauf/15320,baskauf_15320.jpg,Acer negundo,boxelder,Aceraceae,bark,bark,of a small tree or small branch,010203,bark / of a small tree or small branch,bark,ind-baskauf/15307,2002-09-11T08:08:38-05:00,Steven J. Baskauf,https://bioimages.vanderbilt.edu/baskauf/15320,https://bioimages.vanderbilt.edu/tn/baskauf/tacne2-brsmall15320.jpg,https://bioimages.vanderbilt.edu/gq/baskauf/gacne2-brsmall15320.jpg,
baskauf/16050,baskauf_16050.jpg,Acer negundo,boxelder,Aceraceae,bark,bark,of a small tree or small branch,010203,bark / of a small tree or small branch,bark,ind-baskauf/16046,2002-09-29T15:13:15-05:00,Steven J. Baskauf,https://bioimages.vanderbilt.edu/baskauf/16050,https://bioimages.vanderbilt.edu/tn/baskauf/tacne2-br16050.jpg,https://bioimages.vanderbilt.edu/gq/baskauf/gacne2-br16050.jpg,
baskauf/15308,baskauf_15308.jpg,Acer negundo,boxelder,Aceraceae,twig,twig,orientation of petioles,010301,twig / orientation of petioles,twig,ind-baskauf/15307,2002-09-11T08:01:48-05:00,Steven J. Baskauf,https://bioimages.vanderbilt.edu/baskauf/15308,https://bioimages.vanderbilt.edu/tn/baskauf/tacne2-tw15308.jpg,https://bioimages.vanderbilt.edu/gq/baskauf/gacne2-tw15308.jpg,
baskauf/16046,baskauf_16046.jpg,Acer negundo,boxelder,Aceraceae,twig,twig,unspecified,010300,twig / unspecified,twig,ind-baskauf/16046,2002-09-29T15:11:49-05:00,Steven J. Baskauf,https://bioimages.vanderbilt.edu/baskauf/16046,https://bioimages.vanderbilt.edu/tn/baskauf/tacne2-twgreen16046.jpg,https://bioimages.vanderbilt.edu/gq/baskauf/gacne2-twgreen16046.jpg,unspecified view
baskauf/15316,baskauf_15316.jpg,Acer negundo,boxelder,Aceraceae,leaf,leaf,margin of upper + lower surface,010402,leaf / margin of upper + lower surface,leaf,ind-baskauf/15307,2002-09-11T08:06:23-05:00,Steven J. Baskauf,https://bioimages.vanderbilt.edu/baskauf/15316,https://bioimages.vanderbilt.edu/tn/baskauf/tacne2-lfmargin-uplow15316.jpg,https://bioimages.vanderbilt.edu/gq/baskauf/gacne2-lfmargin-uplow15316.jpg,
baskauf/54876,baskauf_54876.jpg,Acer negundo,boxelder,Aceraceae,leaf,leaf,margin of upper + lower surface,010402,leaf / margin of upper + lower surface,leaf,vanderbilt/12-43,2006-08-09T13:14:25-05:00,Steven J. Baskauf,https://bioimages.vanderbilt.edu/baskauf/54876,https://bioimages.vanderbilt.edu/tn/baskauf/tacne2-lfmargin-uplow54876.jpg,https://bioimages.vanderbilt.edu/gq/baskauf/gacne2-lfmargin-uplow54876.jpg,
baskauf/15307,baskauf_15307.jpg,Acer negundo,boxelder,Aceraceae,leaf,leaf,whole upper surface,010401,leaf / whole upper surface,leaf,ind-baskauf/15307,2002-09-11T08:01:19-05:00,Steven J. Baskauf,https://bioimages.vanderbilt.edu/baskauf/15307,https://bioimages.vanderbilt.edu/tn/baskauf/tacne2-lf5-lflets15307.jpg,https://bioimages.vanderbilt.edu/gq/baskauf/gacne2-lf5-lflets15307.jpg,
baskauf/15313,baskauf_15313.jpg,Acer negundo,boxelder,Aceraceae,leaf,leaf,whole upper surface,010401,leaf / whole upper surface,leaf,ind-baskauf/15307,2002-09-11T08:04:13-05:00,Steven J. Baskauf,https://bioimages.vanderbilt.edu/baskauf/15313,https://bioimages.vanderbilt.edu/tn/baskauf/tacne2-lf3-lflets15313.jpg,https://bioimages.vanderbilt.edu/gq/baskauf/gacne2-lf3-lflets15313.jpg,
baskauf/29689,baskauf_29689.jpg,Acer negundo,boxelder,Aceraceae,leaf,leaf,whole upper surface,010401,leaf / whole upper surface,leaf,ind-baskauf/29686,2003-09-30T08:03:13-05:00,Steven J. Baskauf,https://bioimages.vanderbilt.edu/baskauf/29689,https://bioimages.vanderbilt.edu/tn/baskauf/tacne2-lf5lflt29689.jpg,https://bioimages.vanderbilt.edu/gq/baskauf/gacne2-lf5lflt29689.jpg,
baskauf/29691,baskauf_29691.jpg,Acer negundo,boxelder,Aceraceae,leaf,leaf,whole upper surface,010401,leaf / whole upper surface,leaf,ind-baskauf/29686,2003-09-30T08:04:18-05:00,Steven J. Baskauf,https://bioimages.vanderbilt.edu/baskauf/29691,https://bioimages.vanderbilt.edu/tn/baskauf/tacne2-lf3lflt29691.jpg,https://bioimages.vanderbilt.edu/gq/baskauf/gacne2-lf3lflt29691.jpg,
baskauf/54874,baskauf_54874.jpg,Acer negundo,boxelder,Aceraceae,leaf,leaf,whole upper surface,010401,leaf / whole upper surface,leaf,vanderbilt/12-43,2006-08-09T13:13:33-05:00,Steven J. Baskauf,https://bioimages.vanderbilt.edu/baskauf/54874,https://bioimages.vanderbilt.edu/tn/baskauf/tacne2-lf3-leaflet54874.jpg,https://bioimages.vanderbilt.edu/gq/baskauf/gacne2-lf3-leaflet54874.jpg,
baskauf/54962,baskauf_54962.jpg,Acer negundo,boxelder,Aceraceae,leaf,leaf,whole upper surface,010401,leaf / whole upper surface,leaf,vanderbilt/12-43,2006-08-12T06:06:50-05:00,Steven J. Baskauf,https://bioimages.vanderbilt.edu/baskauf/54962,https://bioimages.vanderbilt.edu/tn/baskauf/tacne2-lf5-leaflets54962.jpg,https://bioimages.vanderbilt.edu/gq/baskauf/gacne2-lf5-leaflets54962.jpg,
baskauf/54969,baskauf_54969.jpg,Acer negundo,boxelder,Aceraceae,leaf,leaf,whole upper surface,010401,leaf / whole upper surface,leaf,vanderbilt/12-43,2006-08-12T06:11:35-05:00,Steven J. Baskauf,https://bioimages.vanderbilt.edu/baskauf/54969,https://bioimages.vanderbilt.edu/tn/baskauf/tacne2-lf7-leaflets54969.jpg,https://bioimages.vanderbilt.edu/gq/baskauf/gacne2-lf7-leaflets54969.jpg,
baskauf/54970,baskauf_54970.jpg,Acer negundo,boxelder,Aceraceae,leaf,leaf,whole upper surface,010401,leaf / whole upper surface,leaf,vanderbilt/12-43,2006-08-12T06:13:12-05:00,Steven J. Baskauf,https://bioimages.vanderbilt.edu/baskauf/54970,https://bioimages.vanderbilt.edu/tn/baskauf/tacne2-lf3-leaflets54970.jpg,https://bioimages.vanderbilt.edu/gq/baskauf/gacne2-lf3-leaflets54970.jpg,
baskauf/54972,baskauf_54972.jpg,Acer negundo,boxelder,Aceraceae,leaf,leaf,whole upper surface,010401,leaf / whole upper surface,leaf,vanderbilt/12-43,2006-08-12T06:13:33-05:00,Steven J. Baskauf,https://bioimages.vanderbilt.edu/baskauf/54972,https://bioimages.vanderbilt.edu/tn/baskauf/tacne2-lf4-leaflets54972.jpg,https://bioimages.vanderbilt.edu/gq/baskauf/gacne2-lf4-leaflets54972.jpg,
baskauf/31641,baskauf_31641.jpg,Acer negundo,boxelder,Aceraceae,flower,inflorescence,lateral view of flower,010504,inflorescence / lateral view of flower,flower,ind-baskauf/31636,2004-03-26T09:39:50-06:00,Steven J. Baskauf,https://bioimages.vanderbilt.edu/baskauf/31641,https://bioimages.vanderbilt.edu/tn/baskauf/tacne2-fl31641.jpg,https://bioimages.vanderbilt.edu/gq/baskauf/gacne2-fl31641.jpg,
baskauf/31637,baskauf_31637.jpg,Acer negundo,boxelder,Aceraceae,flower,inflorescence,whole - unspecified,010501,inflorescence / whole - unspecified,flower,ind-baskauf/31636,2004-03-26T09:38:44-06:00,Steven J. Baskauf,https://bioimages.vanderbilt.edu/baskauf/31637,https://bioimages.vanderbilt.edu/tn/baskauf/tacne2-fldistant31637.jpg,https://bioimages.vanderbilt.edu/gq/baskauf/gacne2-fldistant31637.jpg,unspecified view
baskauf/31644,baskauf_31644.jpg,Acer negundo,boxelder,Aceraceae,flower,inflorescence,whole - unspecified,010501,inflorescence / whole - unspecified,flower,ind-baskauf/31636,2004-03-26T09:40:27-06:00,Steven J. Baskauf,https://bioimages.vanderbilt.edu/baskauf/31644,https://bioimages.vanderbilt.edu/tn/baskauf/tacne2-flinflor31644.jpg,https://bioimages.vanderbilt.edu/gq/baskauf/gacne2-flinflor31644.jpg,unspecified view
baskauf/13159,baskauf_13159.jpg,Acer negundo,boxelder,Aceraceae,fruit,fruit,as borne on the plant,010601,fruit / as borne on the plant,fruit,ind-baskauf/13159,2002-06-21T14:31:19-05:00,Steven J. Baskauf,https://bioimages.vanderbilt.edu/baskauf/13159,https://bioimages.vanderbilt.edu/tn/baskauf/tacne2-lfdevel-fruit13159.jpg,https://bioimages.vanderbilt.edu/gq/baskauf/gacne2-lfdevel-fruit13159.jpg,
baskauf/28499,baskauf_28499.jpg,Acer negundo,boxelder,Aceraceae,fruit,fruit,as borne on the plant,010601,fruit / as borne on the plant,fruit,ind-baskauf/28499,2003-07-18T14:50:16-05:00,Steven J. Baskauf,https://bioimages.vanderbilt.edu/baskauf/28499,https://bioimages.vanderbilt.edu/tn/baskauf/tacne2-fr28499.jpg,https://bioimages.vanderbilt.edu/gq/baskauf/gacne2-fr28499.jpg,
baskauf/18234,baskauf_18234.jpg,Acer negundo,boxelder,Aceraceae,fruit,fruit,immature,010604,fruit / immature,fruit,ind-baskauf/18230,2003-03-26T08:58:22-06:00,Steven J. Baskauf,https://bioimages.vanderbilt.edu/baskauf/18234,https://bioimages.vanderbilt.edu/tn/baskauf/tacne2-frdevel18234.jpg,https://bioimages.vanderbilt.edu/gq/baskauf/gacne2-frdevel18234.jpg,
baskauf/43400,baskauf_43400.jpg,Acer nigrum,black maple,Aceraceae,whole plant,whole tree (or vine),general,010101,whole tree (or vine) / general,whole-tree,vanderbilt/8-68,2005-10-13T12:36:19-05:00,Steven J. Baskauf,https://bioimages.vanderbilt.edu/baskauf/43400,https://bioimages.vanderbilt.edu/tn/baskauf/tacni5-wp43400.jpg,https://bioimages.vanderbilt.edu/gq/baskauf/gacni5-wp43400.jpg,
baskauf/43402,baskauf_43402.jpg,Acer nigrum,black maple,Aceraceae,whole plant,whole tree (or vine),view up trunk,010103,whole tree (or vine) / view up trunk,whole-tree,vanderbilt/8-68,2005-10-13T12:37:06-05:00,Steven J. Baskauf,https://bioimages.vanderbilt.edu/baskauf/43402,https://bioimages.vanderbilt.edu/tn/baskauf/tacni5-wplook-up43402.jpg,https://bioimages.vanderbilt.edu/gq/baskauf/gacni5-wplook-up43402.jpg,
baskauf/43407,baskauf_43407.jpg,Acer nigrum,black maple,Aceraceae,bark,bark,of a large tree,010201,bark / of a large tree,bark,vanderbilt/8-68,2005-10-13T12:37:58-05:00,Steven J. Baskauf,https://bioimages.vanderbilt.edu/baskauf/43407,https://bioimages.vanderbilt.edu/tn/baskauf/tacni5-br43407.jpg,https://bioimages.vanderbilt.edu/gq/baskauf/gacni5-br43407.jpg,
baskauf/43412,baskauf_43412.jpg,Acer nigrum,black maple,Aceraceae,bark,bark,of a large tree,010201,bark / of a large tree,bark,vanderbilt/8-68,2005-10-13T12:38:30-05:00,Steven J. Baskauf,https://bioimages.vanderbilt.edu/baskauf/43412,https://bioimages.vanderbilt.edu/tn/baskauf/tacni5-br43412.jpg,https://bioimages.vanderbilt.edu/gq/baskauf/gacni5-br43412.jpg,
baskauf/43437,baskauf_43437.jpg,Acer nigrum,black maple,Aceraceae,twig,twig,close-up winter terminal bud,010304,twig / close-up winter terminal bud,twig,vanderbilt/8-68,2005-10-13T12:44:13-05:00,Steven J. Baskauf,https://bioimages.vanderbilt.edu/baskauf/43437,https://bioimages.vanderbilt.edu/tn/baskauf/tacni5-tw43437.jpg,https://bioimages.vanderbilt.edu/gq/baskauf/gacni5-tw43437.jpg,
baskauf/43430,baskauf_43430.jpg,Acer nigrum,black maple,Aceraceae,leaf,leaf,margin of upper + lower surface,010402,leaf / margin of upper + lower surface,leaf,vanderbilt/8-68,2005-10-13T12:43:02-05:00,Steven J. Baskauf,https://bioimages.vanderbilt.edu/baskauf/43430,https://bioimages.vanderbilt.edu/tn/baskauf/tacni5-lfmargin-uplow43430.jpg,https://bioimages.vanderbilt.edu/gq/baskauf/gacni5-lfmargin-uplow43430.jpg,
baskauf/43416,baskauf_43416.jpg,Acer nigrum,black maple,Aceraceae,leaf,leaf,showing orientation on twig,010403,leaf / showing orientation on twig,leaf,vanderbilt/8-68,2005-10-13T12:39:21-05:00,Steven J. Baskauf,https://bioimages.vanderbilt.edu/baskauf/43416,https://bioimages.vanderbilt.edu/tn/baskauf/tacni5-lfseveral43416.jpg,https://bioimages.vanderbilt.edu/gq/baskauf/gacni5-lfseveral43416.jpg,
baskauf/43418,baskauf_43418.jpg,Acer nigrum,black maple,Aceraceae,leaf,leaf,showing orientation on twig,010403,leaf / showing orientation on twig,leaf,vanderbilt/8-68,2005-10-13T12:39:45-05:00,Steven J. Baskauf,https://bioimages.vanderbilt.edu/baskauf/43418,https://bioimages.vanderbilt.edu/tn/baskauf/tacni5-lfseveral43418.jpg,https://bioimages.vanderbilt.edu/gq/baskauf/gacni5-lfseveral43418.jpg,
baskauf/43426,baskauf_43426.jpg,Acer nigrum,black maple,Aceraceae,leaf,leaf,unspecified,010400,leaf / unspecified,leaf,vanderbilt/8-68,2005-10-13T12:41:28-05:00,Steven J. Baskauf,https://bioimages.vanderbilt.edu/baskauf/43426,https://bioimages.vanderbilt.edu/tn/baskauf/tacni5-lfdrooping43426.jpg,https://bioimages.vanderbilt.edu/gq/baskauf/gacni5-lfdrooping43426.jpg,unspecified view
baskauf/43429,baskauf_43429.jpg,Acer nigrum,black maple,Aceraceae,leaf,leaf,whole upper surface,010401,leaf / whole upper surface,leaf,vanderbilt/8-68,2005-10-13T12:42:24-05:00,Steven J. Baskauf,https://bioimages.vanderbilt.edu/baskauf/43429,https://bioimages.vanderbilt.edu/tn/baskauf/tacni5-lf43429.jpg,https://bioimages.vanderbilt.edu/gq/baskauf/gacni5-lf43429.jpg,
baskauf/43439,baskauf_43439.jpg,Acer nigrum,black maple,Aceraceae,leaf,leaf,whole upper surface,010401,leaf / whole upper surface,leaf,vanderbilt/8-68,2005-10-13T12:50:24-05:00,Steven J. Baskauf,https://bioimages.vanderbilt.edu/baskauf/43439,https://bioimages.vanderbilt.edu/tn/baskauf/tacni5-lf43439.jpg,https://bioimages.vanderbilt.edu/gq/baskauf/gacni5-lf43439.jpg,
baskauf/50595,baskauf_50595.jpg,Acer nigrum,black maple,Aceraceae,flower,inflorescence,lateral view of flower,010504,inflorescence / lateral view of flower,flower,vanderbilt/8-68,2006-03-15T07:46:11-06:00,Steven J. Baskauf,https://bioimages.vanderbilt.edu/baskauf/50595,https://bioimages.vanderbilt.edu/tn/baskauf/tacni5-fl50595.jpg,https://bioimages.vanderbilt.edu/gq/baskauf/gacni5-fl50595.jpg,
baskauf/50594,baskauf_50594.jpg,Acer nigrum,black maple,Aceraceae,flower,inflorescence,whole - unspecified,010501,inflorescence / whole - unspecified,flower,vanderbilt/8-68,2006-03-15T07:45:58-06:00,Steven J. Baskauf,https://bioimages.vanderbilt.edu/baskauf/50594,https://bioimages.vanderbilt.edu/tn/baskauf/tacni5-flinflor50594.jpg,https://bioimages.vanderbilt.edu/gq/baskauf/gacni5-flinflor50594.jpg,unspecified view
baskauf/43421,baskauf_43421.jpg,Acer nigrum,black maple,Aceraceae,fruit,fruit,as borne on the plant,010601,fruit / as borne on the plant,fruit,vanderbilt/8-68,2005-10-13T12:40:36-05:00,Steven J. Baskauf,https://bioimages.vanderbilt.edu/baskauf/43421,https://bioimages.vanderbilt.edu/tn/baskauf/tacni5-frdistant43421.jpg,https://bioimages.vanderbilt.edu/gq/baskauf/gacni5-frdistant43421.jpg,
baskauf/43423,baskauf_43423.jpg,Acer nigrum,black maple,Aceraceae,fruit,fruit,lateral or general close-up,010602,fruit / lateral or general close-up,fruit,vanderbilt/8-68,2005-10-13T12:41:02-05:00,Steven J. Baskauf,https://bioimages.vanderbilt.edu/baskauf/43423,https://bioimages.vanderbilt.edu/tn/baskauf/tacni5-frclose43423.jpg,https://bioimages.vanderbilt.edu/gq/baskauf/gacni5-frclose43423.jpg,
baskauf/38620,baskauf_38620.jpg,Acer platanoides,Norway maple,Aceraceae,whole plant,whole tree (or vine),general,010101,whole tree (or vine) / general,whole-tree,vanderbilt/23-65,2004-10-06T11:40:31-05:00,Steven J. Baskauf,https://bioimages.vanderbilt.edu/baskauf/38620,https://bioimages.vanderbilt.edu/tn/baskauf/tacpl--wp38620.jpg,https://bioimages.vanderbilt.edu/gq/baskauf/gacpl--wp38620.jpg,
baskauf/38634,baskauf_38634.jpg,Acer platanoides,Norway maple,Aceraceae,bark,bark,of a large tree,010201,bark / of a large tree,bark,vanderbilt/23-65,2004-10-06T11:43:43-05:00,Steven J. Baskauf,https://bioimages.vanderbilt.edu/baskauf/38634,https://bioimages.vanderbilt.edu/tn/baskauf/tacpl--br38634.jpg,https://bioimages.vanderbilt.edu/gq/baskauf/gacpl--br38634.jpg,
baskauf/39025,baskauf_39025.jpg,Acer platanoides,Norway maple,Aceraceae,twig,twig,close-up winter leaf scar/bud,010303,twig / close-up winter leaf scar/bud,twig,vanderbilt/23-65,2005-02-17T08:43:06-06:00,Steven J. Baskauf,https://bioimages.vanderbilt.edu/baskauf/39025,https://bioimages.vanderbilt.edu/tn/baskauf/tacpl--twbud39025.jpg,https://bioimages.vanderbilt.edu/gq/baskauf/gacpl--twbud39025.jpg,
baskauf/38630,baskauf_38630.jpg,Acer platanoides,Norway maple,Aceraceae,twig,twig,orientation of petioles,010301,twig / orientation of petioles,twig,vanderbilt/23-65,2004-10-06T11:42:38-05:00,Steven J. Baskauf,https://bioimages.vanderbilt.edu/baskauf/38630,https://bioimages.vanderbilt.edu/tn/baskauf/tacpl--tw38630.jpg,https://bioimages.vanderbilt.edu/gq/baskauf/gacpl--tw38630.jpg,
baskauf/38631,baskauf_38631.jpg,Acer platanoides,Norway maple,Aceraceae,twig,twig,orientation of petioles,010301,twig / orientation of petioles,twig,vanderbilt/23-65,2004-10-06T11:43:10-05:00,Steven J. Baskauf,https://bioimages.vanderbilt.edu/baskauf/38631,https://bioimages.vanderbilt.edu/tn/baskauf/tacpl--tw38631.jpg,https://bioimages.vanderbilt.edu/gq/baskauf/gacpl--tw38631.jpg,
baskauf/38628,baskauf_38628.jpg,Acer platanoides,Norway maple,Aceraceae,leaf,leaf,margin of upper + lower surface,010402,leaf / margin of upper + lower surface,leaf,vanderbilt/23-65,2004-10-06T11:42:17-05:00,Steven J. Baskauf,https://bioimages.vanderbilt.edu/baskauf/38628,https://bioimages.vanderbilt.edu/tn/baskauf/tacpl--lfmargin-uplow38628.jpg,https://bioimages.vanderbilt.edu/gq/baskauf/gacpl--lfmargin-uplow38628.jpg,
baskauf/38636,baskauf_38636.jpg,Acer platanoides,Norway maple,Aceraceae,leaf,leaf,showing orientation on twig,010403,leaf / showing orientation on twig,leaf,vanderbilt/23-65,2004-10-06T11:44:11-05:00,Steven J. Baskauf,https://bioimages.vanderbilt.edu/baskauf/38636,https://bioimages.vanderbilt.edu/tn/baskauf/tacpl--lfseveral38636.jpg,https://bioimages.vanderbilt.edu/gq/baskauf/gacpl--lfseveral38636.jpg,
baskauf/38639,baskauf_38639.jpg,Acer platanoides,Norway maple,Aceraceae,leaf,leaf,unspecified,010400,leaf / unspecified,leaf,vanderbilt/23-65,2004-10-06T11:46:23-05:00,Steven J. Baskauf,https://bioimages.vanderbilt.edu/baskauf/38639,https://bioimages.vanderbilt.edu/tn/baskauf/tacpl--twmilky-sap38639.jpg,https://bioimages.vanderbilt.edu/gq/baskauf/gacpl--twmilky-sap38639.jpg,unspecified view
baskauf/38627,baskauf_38627.jpg,Acer platanoides,Norway maple,Aceraceae,leaf,leaf,whole upper surface,010401,leaf / whole upper surface,leaf,vanderbilt/23-65,2004-10-06T11:41:52-05:00,Steven J. Baskauf,https://bioimages.vanderbilt.edu/baskauf/38627,https://bioimages.vanderbilt.edu/tn/baskauf/tacpl--lf38627.jpg,https://bioimages.vanderbilt.edu/gq/baskauf/gacpl--lf38627.jpg,
baskauf/50688,baskauf_50688.jpg,Acer platanoides,Norway maple,Aceraceae,flower,inflorescence,frontal view of flower,010505,inflorescence / frontal view of flower,flower,vanderbilt/23-65,2006-03-24T08:57:43-06:00,Steven J. Baskauf,https://bioimages.vanderbilt.edu/baskauf/50688,https://bioimages.vanderbilt.edu/tn/baskauf/tacpl--fl50688.jpg,https://bioimages.vanderbilt.edu/gq/baskauf/gacpl--fl50688.jpg,
baskauf/39125,baskauf_39125.jpg,Acer platanoides,Norway maple,Aceraceae,flower,inflorescence,whole - unspecified,010501,inflorescence / whole - unspecified,flower,vanderbilt/23-65,2005-04-06T10:54:08-05:00,Steven J. Baskauf,https://bioimages.vanderbilt.edu/baskauf/39125,https://bioimages.vanderbilt.edu/tn/baskauf/tacpl--fl39125.jpg,https://bioimages.vanderbilt.edu/gq/baskauf/gacpl--fl39125.jpg,unspecified view
baskauf/39128,baskauf_39128.jpg,Acer platanoides,Norway maple,Aceraceae,flower,inflorescence,whole - unspecified,010501,inflorescence / whole - unspecified,flower,vanderbilt/23-65,2005-04-06T10:55:16-05:00,Steven J. Baskauf,https://bioimages.vanderbilt.edu/baskauf/39128,https://bioimages.vanderbilt.edu/tn/baskauf/tacpl--flinflor39128.jpg,https://bioimages.vanderbilt.edu/gq/baskauf/gacpl--flinflor39128.jpg,unspecified view
baskauf/50685,baskauf_50685.jpg,Acer platanoides,Norway maple,Aceraceae,flower,inflorescence,whole - unspecified,010501,inflorescence / whole - unspecified,flower,vanderbilt/23-65,2006-03-24T08:57:23-06:00,Steven J. Baskauf,https://bioimages.vanderbilt.edu/baskauf/50685,https://bioimages.vanderbilt.edu/tn/baskauf/tacpl--flinflor50685.jpg,https://bioimages.vanderbilt.edu/gq/baskauf/gacpl--flinflor50685.jpg,unspecified view
baskauf/39502,baskauf_39502.jpg,Acer platanoides,Norway maple,Aceraceae,fruit,fruit,as borne on the plant,010601,fruit / as borne on the plant,fruit,vanderbilt/23-65,2005-04-28T07:49:00-05:00,Steven J. Baskauf,https://bioimages.vanderbilt.edu/baskauf/39502,https://bioimages.vanderbilt.edu/tn/baskauf/tacpl--frinfruct39502.jpg,https://bioimages.vanderbilt.edu/gq/baskauf/gacpl--frinfruct39502.jpg,
baskauf/39501,baskauf_39501.jpg,Acer platanoides,Norway maple,Aceraceae,fruit,fruit,lateral or general close-up,010602,fruit / lateral or general close-up,fruit,vanderbilt/23-65,2005-04-28T07:48:49-05:00,Steven J. Baskauf,https://bioimages.vanderbilt.edu/baskauf/39501,https://bioimages.vanderbilt.edu/tn/baskauf/tacpl--fr39501.jpg,https://bioimages.vanderbilt.edu/gq/baskauf/gacpl--fr39501.jpg,
baskauf/10494,baskauf_10494.jpg,Acer rubrum,red maple,Aceraceae,whole plant,whole tree (or vine),general,010101,whole tree (or vine) / general,whole-tree,ind-baskauf/10494,2002-04-10T08:03:49-05:00,Steven J. Baskauf,https://bioimages.vanderbilt.edu/baskauf/10494,https://bioimages.vanderbilt.edu/tn/baskauf/tacru--wpin-fruit10494.jpg,https://bioimages.vanderbilt.edu/gq/baskauf/gacru--wpin-fruit10494.jpg,
baskauf/11930,baskauf_11930.jpg,Acer rubrum,red maple,Aceraceae,whole plant,whole tree (or vine),general,010101,whole tree (or vine) / general,whole-tree,ind-baskauf/11916,2002-06-06T18:53:12-05:00,Steven J. Baskauf,https://bioimages.vanderbilt.edu/baskauf/11930,https://bioimages.vanderbilt.edu/tn/baskauf/tacru--wpsmall11930.jpg,https://bioimages.vanderbilt.edu/gq/baskauf/gacru--wpsmall11930.jpg,
baskauf/50749,baskauf_50749.jpg,Acer rubrum,red maple,Aceraceae,whole plant,whole tree (or vine),general,010101,whole tree (or vine) / general,whole-tree,ind-baskauf/50747,2006-03-28T17:02:34-06:00,Steven J. Baskauf,https://bioimages.vanderbilt.edu/baskauf/50749,https://bioimages.vanderbilt.edu/tn/baskauf/tacru--wpmass-in-flower50749.jpg,https://bioimages.vanderbilt.edu/gq/baskauf/gacru--wpmass-in-flower50749.jpg,
baskauf/50750,baskauf_50750.jpg,Acer rubrum,red maple,Aceraceae,whole plant,whole tree (or vine),general,010101,whole tree (or vine) / general,whole-tree,ind-baskauf/50747,2006-03-28T17:03:06-06:00,Steven J. Baskauf,https://bioimages.vanderbilt.edu/baskauf/50750,https://bioimages.vanderbilt.edu/tn/baskauf/tacru--wpin-flower50750.jpg,https://bioimages.vanderbilt.edu/gq/baskauf/gacru--wpin-flower50750.jpg,
baskauf/91011,baskauf_91011.jpg,Acer rubrum,red maple,Aceraceae,whole plant,whole tree (or vine),general,010101,whole tree (or vine) / general,whole-tree,vanderbilt/7-298,2014-09-04T08:08:13-05:00,Steven J. Baskauf,https://bioimages.vanderbilt.edu/baskauf/91011,https://bioimages.vanderbilt.edu/tn/baskauf/t91011.jpg,https://bioimages.vanderbilt.edu/gq/baskauf/g91011.jpg,
baskauf/91016,baskauf_91016.jpg,Acer rubrum,red maple,Aceraceae,whole plant,whole tree (or vine),general,010101,whole tree (or vine) / general,whole-tree,vanderbilt/7-298,2014-09-04T15:48:14-05:00,Steven J. Baskauf,https://bioimages.vanderbilt.edu/baskauf/91016,https://bioimages.vanderbilt.edu/tn/baskauf/t91016.jpg,https://bioimages.vanderbilt.edu/gq/baskauf/g91016.jpg,
baskauf/89381,baskauf_89381.jpg,Acer rubrum,red maple,Aceraceae,whole plant,whole tree (or vine),winter,010102,whole tree (or vine) / winter,whole-tree,vanderbilt/7-298,2013-12-11T13:44:28-06:00,Steven J. Baskauf,https://bioimages.vanderbilt.edu/baskauf/89381,https://bioimages.vanderbilt.edu/tn/baskauf/t89381.jpg,https://bioimages.vanderbilt.edu/gq/baskauf/g89381.jpg,
baskauf/11924,baskauf_11924.jpg,Acer rubrum,red maple,Aceraceae,bark,bark,of a medium tree or large branch,010202,bark / of a medium tree or large branch,bark,ind-baskauf/11916,2002-06-06T18:49:40-05:00,Steven J. Baskauf,https://bioimages.vanderbilt.edu/baskauf/11924,https://bioimages.vanderbilt.edu/tn/baskauf/tacru--br11924.jpg,https://bioimages.vanderbilt.edu/gq/baskauf/gacru--br11924.jpg,
baskauf/29761,baskauf_29761.jpg,Acer rubrum,red maple,Aceraceae,bark,bark,of a medium tree or large branch,010202,bark / of a medium tree or large branch,bark,ind-baskauf/29761,2003-10-02T17:32:52-05:00,Steven J. Baskauf,https://bioimages.vanderbilt.edu/baskauf/29761,https://bioimages.vanderbilt.edu/tn/baskauf/tacru--br29761.jpg,https://bioimages.vanderbilt.edu/gq/baskauf/gacru--br29761.jpg,
baskauf/11926,baskauf_11926.jpg,Acer rubrum,red maple,Aceraceae,twig,twig,orientation of petioles,010301,twig / orientation of petioles,twig,ind-baskauf/11916,2002-06-06T18:50:44-05:00,Steven J. Baskauf,https://bioimages.vanderbilt.edu/baskauf/11926,https://bioimages.vanderbilt.edu/tn/baskauf/tacru--tw11926.jpg,https://bioimages.vanderbilt.edu/gq/baskauf/gacru--tw11926.jpg,
baskauf/11927,baskauf_11927.jpg,Acer rubrum,red maple,Aceraceae,twig,twig,orientation of petioles,010301,twig / orientation of petioles,twig,ind-baskauf/11916,2002-06-06T18:51:41-05:00,Steven J. Baskauf,https://bioimages.vanderbilt.edu/baskauf/11927,https://bioimages.vanderbilt.edu/tn/baskauf/tacru--tw11927.jpg,https://bioimages.vanderbilt.edu/gq/baskauf/gacru--tw11927.jpg,
baskauf/30327,baskauf_30327.jpg,Acer rubrum,red maple,Aceraceae,leaf,leaf,margin of upper + lower surface,010402,leaf / margin of upper + lower surface,leaf,ind-baskauf/30326,2003-10-20T09:04:28-05:00,Steven J. Baskauf,https://bioimages.vanderbilt.edu/baskauf/30327,https://bioimages.vanderbilt.edu/tn/baskauf/tacru--lfmargin-uplow30327.jpg,https://bioimages.vanderbilt.edu/gq/baskauf/gacru--lfmargin-uplow30327.jpg,
baskauf/11916,baskauf_11916.jpg,Acer rubrum,red maple,Aceraceae,leaf,leaf,showing orientation on twig,010403,leaf / showing orientation on twig,leaf,ind-baskauf/11916,2002-06-06T18:46:27-05:00,Steven J. Baskauf,https://bioimages.vanderbilt.edu/baskauf/11916,https://bioimages.vanderbilt.edu/tn/baskauf/tacru--lfseveral11916.jpg,https://bioimages.vanderbilt.edu/gq/baskauf/gacru--lfseveral11916.jpg,
baskauf/11920,baskauf_11920.jpg,Acer rubrum,red maple,Aceraceae,leaf,leaf,whole upper surface,010401,leaf / whole upper surface,leaf,ind-baskauf/11916,2002-06-06T18:47:41-05:00,Steven J. Baskauf,https://bioimages.vanderbilt.edu/baskauf/11920,https://bioimages.vanderbilt.edu/tn/baskauf/tacru--lf11920.jpg,https://bioimages.vanderbilt.edu/gq/baskauf/gacru--lf11920.jpg,
baskauf/18219,baskauf_18219.jpg,Acer rubrum,red maple,Aceraceae,flower,inflorescence,lateral view of flower,010504,inflorescence / lateral view of flower,flower,ind-baskauf/18216,2003-03-25T17:47:22-06:00,Steven J. Baskauf,https://bioimages.vanderbilt.edu/baskauf/18219,https://bioimages.vanderbilt.edu/tn/baskauf/tacru--flfemale18219.jpg,https://bioimages.vanderbilt.edu/gq/baskauf/gacru--flfemale18219.jpg,
baskauf/39069,baskauf_39069.jpg,Acer rubrum,red maple,Aceraceae,flower,inflorescence,whole - female,010502,inflorescence / whole - female,flower,ind-baskauf/39067,2005-03-09T09:16:53-06:00,Steven J. Baskauf,https://bioimages.vanderbilt.edu/baskauf/39069,https://bioimages.vanderbilt.edu/tn/baskauf/tacru--flfemale39069.jpg,https://bioimages.vanderbilt.edu/gq/baskauf/gacru--flfemale39069.jpg,
baskauf/00001,baskauf_00001.jpg,Acer rubrum,red maple,Aceraceae,flower,inflorescence,whole - male,010503,inflorescence / whole - male,flower,ind-baskauf/00000,2001-03-14T07:52:30-06:00,Steven J. Baskauf,https://bioimages.vanderbilt.edu/baskauf/00001,https://bioimages.vanderbilt.edu/tn/baskauf/tacru--flclose00001.jpg,https://bioimages.vanderbilt.edu/gq/baskauf/gacru--flclose00001.jpg,
baskauf/00000,baskauf_00000.jpg,Acer rubrum,red maple,Aceraceae,flower,inflorescence,whole - unspecified,010501,inflorescence / whole - unspecified,flower,ind-baskauf/00000,2001-03-14T17:20:29-06:00,Steven J. Baskauf,https://bioimages.vanderbilt.edu/baskauf/00000,https://bioimages.vanderbilt.edu/tn/baskauf/tacru--fldistant00000.jpg,https://bioimages.vanderbilt.edu/gq/baskauf/gacru--fldistant00000.jpg,unspecified view
baskauf/10492,baskauf_10492.jpg,Acer rubrum,red maple,Aceraceae,fruit,fruit,as borne on the plant,010601,fruit / as borne on the plant,fruit,ind-baskauf/10492,2002-04-10T07:58:50-05:00,Steven J. Baskauf,https://bioimages.vanderbilt.edu/baskauf/10492,https://bioimages.vanderbilt.edu/tn/baskauf/tacru--frsamars10492.jpg,https://bioimages.vanderbilt.edu/gq/baskauf/gacru--frsamars10492.jpg,
baskauf/10495,baskauf_10495.jpg,Acer rubrum,red maple,Aceraceae,fruit,fruit,as borne on the plant,010601,fruit / as borne on the plant,fruit,ind-baskauf/10494,2002-04-10T08:06:51-05:00,Steven J. Baskauf,https://bioimages.vanderbilt.edu/baskauf/10495,https://bioimages.vanderbilt.edu/tn/baskauf/tacru--frsamaras10495.jpg,https://bioimages.vanderbilt.edu/gq/baskauf/gacru--frsamaras10495.jpg,
baskauf/10496,baskauf_10496.jpg,Acer rubrum,red maple,Aceraceae,fruit,fruit,as borne on the plant,010601,fruit / as borne on the plant,fruit,ind-baskauf/10494,2002-04-10T08:07:40-05:00,Steven J. Baskauf,https://bioimages.vanderbilt.edu/baskauf/10496,https://bioimages.vanderbilt.edu/tn/baskauf/tacru--frin-fruit10496.jpg,https://bioimages.vanderbilt.edu/gq/baskauf/gacru--frin-fruit10496.jpg,
baskauf/19269,baskauf_19269.jpg,Acer rubrum,red maple,Aceraceae,fruit,fruit,as borne on the plant,010601,fruit / as borne on the plant,fruit,ind-baskauf/19266,2003-04-02T17:03:11-06:00,Steven J. Baskauf,https://bioimages.vanderbilt.edu/baskauf/19269,https://bioimages.vanderbilt.edu/tn/baskauf/tacru--frmass19269.jpg,https://bioimages.vanderbilt.edu/gq/baskauf/gacru--frmass19269.jpg,
baskauf/18225,baskauf_18225.jpg,Acer rubrum,red maple,Aceraceae,fruit,fruit,immature,010604,fruit / immature,fruit,ind-baskauf/18216,2003-03-25T17:49:08-06:00,Steven J. Baskauf,https://bioimages.vanderbilt.edu/baskauf/18225,https://bioimages.vanderbilt.edu/tn/baskauf/tacru--fldevel-fruit18225.jpg,https://bioimages.vanderbilt.edu/gq/baskauf/gacru--fldevel-fruit18225.jpg,
baskauf/20031,baskauf_20031.jpg,Acer rubrum,red maple,Aceraceae,fruit,fruit,immature,010604,fruit / immature,fruit,ind-baskauf/20028,2003-04-11T08:42:01-05:00,Steven J. Baskauf,https://bioimages.vanderbilt.edu/baskauf/20031,https://bioimages.vanderbilt.edu/tn/baskauf/tacru--fr20031.jpg,https://bioimages.vanderbilt.edu/gq/baskauf/gacru--fr20031.jpg,
baskauf/12251,baskauf_12251.jpg,Acer saccharinum,silver maple,Aceraceae,whole plant,whole tree (or vine),general,010101,whole tree (or vine) / general,whole-tree,vanderbilt/13-12,2002-06-11T15:11:33-05:00,Steven J. Baskauf,https://bioimages.vanderbilt.edu/baskauf/12251,https://bioimages.vanderbilt.edu/tn/baskauf/tacsa2-wplarge12251.jpg,https://bioimages.vanderbilt.edu/gq/baskauf/gacsa2-wplarge12251.jpg,
baskauf/91094,baskauf_91094.jpg,Acer saccharinum,silver maple,Aceraceae,whole plant,whole tree (or vine),general,010101,whole tree (or vine) / general,whole-tree,vanderbilt/8-92,2014-09-11T08:28:12-05:00,Steven J. Baskauf,https://bioimages.vanderbilt.edu/baskauf/91094,https://bioimages.vanderbilt.edu/tn/baskauf/t91094.jpg,https://bioimages.vanderbilt.edu/gq/baskauf/g91094.jpg,
baskauf/12247,baskauf_12247.jpg,Acer saccharinum,silver maple,Aceraceae,bark,bark,of a large tree,010201,bark / of a large tree,bark,vanderbilt/13-12,2002-06-11T15:08:05-05:00,Steven J. Baskauf,https://bioimages.vanderbilt.edu/baskauf/12247,https://bioimages.vanderbilt.edu/tn/baskauf/tacsa2-br12247.jpg,https://bioimages.vanderbilt.edu/gq/baskauf/gacsa2-br12247.jpg,
baskauf/15332,baskauf_15332.jpg,Acer saccharinum,silver maple,Aceraceae,twig,twig,orientation of petioles,010301,twig / orientation of petioles,twig,vanderbilt/13-12,2002-09-11T08:52:57-05:00,Steven J. Baskauf,https://bioimages.vanderbilt.edu/baskauf/15332,https://bioimages.vanderbilt.edu/tn/baskauf/tacsa2-tw15332.jpg,https://bioimages.vanderbilt.edu/gq/baskauf/gacsa2-tw15332.jpg,
baskauf/17526,baskauf_17526.jpg,Acer saccharinum,silver maple,Aceraceae,twig,twig,winter overall,010302,twig / winter overall,twig,vanderbilt/13-12,2003-03-03T15:43:26-06:00,Steven J. Baskauf,https://bioimages.vanderbilt.edu/baskauf/17526,https://bioimages.vanderbilt.edu/tn/baskauf/tacsa2-tw17526.jpg,https://bioimages.vanderbilt.edu/gq/baskauf/gacsa2-tw17526.jpg,
baskauf/15326,baskauf_15326.jpg,Acer saccharinum,silver maple,Aceraceae,leaf,leaf,margin of upper + lower surface,010402,leaf / margin of upper + lower surface,leaf,vanderbilt/13-12,2002-09-11T08:51:51-05:00,Steven J. Baskauf,https://bioimages.vanderbilt.edu/baskauf/15326,https://bioimages.vanderbilt.edu/tn/baskauf/tacsa2-lfmargin-uplow15326.jpg,https://bioimages.vanderbilt.edu/gq/baskauf/gacsa2-lfmargin-uplow15326.jpg,
baskauf/12254,baskauf_12254.jpg,Acer saccharinum,silver maple,Aceraceae,leaf,leaf,showing orientation on twig,010403,leaf / showing orientation on twig,leaf,vanderbilt/13-12,2002-06-11T15:13:35-05:00,Steven J. Baskauf,https://bioimages.vanderbilt.edu/baskauf/12254,https://bioimages.vanderbilt.edu/tn/baskauf/tacsa2-lfseveral12254.jpg,https://bioimages.vanderbilt.edu/gq/baskauf/gacsa2-lfseveral12254.jpg,
baskauf/12255,baskauf_12255.jpg,Acer saccharinum,silver maple,Aceraceae,leaf,leaf,whole upper surface,010401,leaf / whole upper surface,leaf,vanderbilt/13-12,2002-06-11T15:15:11-05:00,Steven J. Baskauf,https://bioimages.vanderbilt.edu/baskauf/12255,https://bioimages.vanderbilt.edu/tn/baskauf/tacsa2-lf12255.jpg,https://bioimages.vanderbilt.edu/gq/baskauf/gacsa2-lf12255.jpg,
baskauf/15323,baskauf_15323.jpg,Acer saccharinum,silver maple,Aceraceae,leaf,leaf,whole upper surface,010401,leaf / whole upper surface,leaf,vanderbilt/13-12,2002-09-11T08:50:27-05:00,Steven J. Baskauf,https://bioimages.vanderbilt.edu/baskauf/15323,https://bioimages.vanderbilt.edu/tn/baskauf/tacsa2-lf15323.jpg,https://bioimages.vanderbilt.edu/gq/baskauf/gacsa2-lf15323.jpg,
baskauf/17523,baskauf_17523.jpg,Acer saccharinum,silver maple,Aceraceae,flower,inflorescence,lateral view of flower,010504,inflorescence / lateral view of flower,flower,vanderbilt/13-12,2003-03-03T15:42:45-06:00,Steven J. Baskauf,https://bioimages.vanderbilt.edu/baskauf/17523,https://bioimages.vanderbilt.edu/tn/baskauf/tacsa2-fl17523.jpg,https://bioimages.vanderbilt.edu/gq/baskauf/gacsa2-fl17523.jpg,
baskauf/17511,baskauf_17511.jpg,Acer saccharinum,silver maple,Aceraceae,flower,inflorescence,whole - unspecified,010501,inflorescence / whole - unspecified,flower,vanderbilt/13-12,2003-03-03T15:39:24-06:00,Steven J. Baskauf,https://bioimages.vanderbilt.edu/baskauf/17511,https://bioimages.vanderbilt.edu/tn/baskauf/tacsa2-flinflor17511.jpg,https://bioimages.vanderbilt.edu/gq/baskauf/gacsa2-flinflor17511.jpg,unspecified view
baskauf/18009,baskauf_18009.jpg,Acer saccharinum,silver maple,Aceraceae,fruit,fruit,immature,010604,fruit / immature,fruit,vanderbilt/13-12,2003-03-22T16:50:57-06:00,Steven J. Baskauf,https://bioimages.vanderbilt.edu/baskauf/18009,https://bioimages.vanderbilt.edu/tn/baskauf/tacsa2-fldevel-fruit18009.jpg,https://bioimages.vanderbilt.edu/gq/baskauf/gacsa2-fldevel-fruit18009.jpg,
baskauf/19330,baskauf_19330.jpg,Acer saccharinum,silver maple,Aceraceae,fruit,fruit,immature,010604,fruit / immature,fruit,vanderbilt/13-12,2003-04-03T11:24:26-06:00,Steven J. Baskauf,https://bioimages.vanderbilt.edu/baskauf/19330,https://bioimages.vanderbilt.edu/tn/baskauf/tacsa2-frinfruct19330.jpg,https://bioimages.vanderbilt.edu/gq/baskauf/gacsa2-frinfruct19330.jpg,
baskauf/19335,baskauf_19335.jpg,Acer saccharinum,silver maple,Aceraceae,fruit,fruit,immature,010604,fruit / immature,fruit,vanderbilt/13-12,2003-04-03T11:25:03-06:00,Steven J. Baskauf,https://bioimages.vanderbilt.edu/baskauf/19335,https://bioimages.vanderbilt.edu/tn/baskauf/tacsa2-fr19335.jpg,https://bioimages.vanderbilt.edu/gq/baskauf/gacsa2-fr19335.jpg,
baskauf/10374,baskauf_10374.jpg,Acer saccharum,sugar maple,Aceraceae,whole plant,whole tree (or vine),general,010101,whole tree (or vine) / general,whole-tree,ind-baskauf/10374,2002-03-25T11:23:08-06:00,Steven J. Baskauf,https://bioimages.vanderbilt.edu/baskauf/10374,https://bioimages.vanderbilt.edu/tn/baskauf/tacsa3-fldstant10374.jpg,https://bioimages.vanderbilt.edu/gq/baskauf/gacsa3-fldstant10374.jpg,
baskauf/18076,baskauf_18076.jpg,Acer saccharum,sugar maple,Aceraceae,whole plant,whole tree (or vine),general,010101,whole tree (or vine) / general,whole-tree,ind-baskauf/18076,2003-03-25T12:34:45-06:00,Steven J. Baskauf,https://bioimages.vanderbilt.edu/baskauf/18076,https://bioimages.vanderbilt.edu/tn/baskauf/tacsa3-wpin-flower18076.jpg,https://bioimages.vanderbilt.edu/gq/baskauf/gacsa3-wpin-flower18076.jpg,
baskauf/50711,baskauf_50711.jpg,Acer saccharum,sugar maple,Aceraceae,whole plant,whole tree (or vine),general,010101,whole tree (or vine) / general,whole-tree,vanderbilt/13-38,2006-03-27T08:02:12-06:00,Steven J. Baskauf,https://bioimages.vanderbilt.edu/baskauf/50711,https://bioimages.vanderbilt.edu/tn/baskauf/tacsa3-wpin-flower50711.jpg,https://bioimages.vanderbilt.edu/gq/baskauf/gacsa3-wpin-flower50711.jpg,
baskauf/91096,baskauf_91096.jpg,Acer saccharum,sugar maple,Aceraceae,whole plant,whole tree (or vine),general,010101,whole tree (or vine) / general,whole-tree,vanderbilt/8-70,2014-09-11T08:29:44-05:00,Steven J. Baskauf,https://bioimages.vanderbilt.edu/baskauf/91096,https://bioimages.vanderbilt.edu/tn/baskauf/t91096.jpg,https://bioimages.vanderbilt.edu/gq/baskauf/g91096.jpg,
baskauf/91164,baskauf_91164.jpg,Acer saccharum,sugar maple,Aceraceae,whole plant,whole tree (or vine),general,010101,whole tree (or vine) / general,whole-tree,vanderbilt/12-196,2014-09-11T17:46:25-05:00,Steven J. Baskauf,https://bioimages.vanderbilt.edu/baskauf/91164,https://bioimages.vanderbilt.edu/tn/baskauf/t91164.jpg,https://bioimages.vanderbilt.edu/gq/baskauf/g91164.jpg,
baskauf/d0999,baskauf_d0999.jpg,Acer saccharum,sugar maple,Aceraceae,whole plant,whole tree (or vine),general,010101,whole tree (or vine) / general,whole-tree,ind-baskauf/d0999,2002-11-07T08:39:06-06:00,Steven J. Baskauf,https://bioimages.vanderbilt.edu/baskauf/d0999,https://bioimages.vanderbilt.edu/tn/baskauf/tacsa3-lffall-oranged0999.jpg,https://bioimages.vanderbilt.edu/gq/baskauf/gacsa3-lffall-oranged0999.jpg,
kaufmannm/ke142,kaufmannm_ke142.jpg,Acer saccharum,sugar maple,Aceraceae,whole plant,whole tree (or vine),general,010101,whole tree (or vine) / general,whole-tree,ind-kaufmannm/ke142,1980,Maurice J. Kaufmann,https://bioimages.vanderbilt.edu/kaufmannm/ke142,https://bioimages.vanderbilt.edu/tn/kaufmannm/tacsa3-wpfall-mke142.jpg,https://bioimages.vanderbilt.edu/gq/kaufmannm/gacsa3-wpfall-mke142.jpg,
ssmv/2-886-01,ssmv_2-886-01.jpg,Acer saccharum,sugar maple,Aceraceae,whole plant,whole tree (or vine),general,010101,whole tree (or vine) / general,whole-tree,vanderbilt/3-31,2014-08-20T11:00:00-05:00,Sophia Chen,https://bioimages.vanderbilt.edu/ssmv/2-886-01,https://bioimages.vanderbilt.edu/tn/ssmv/t2-886-01.jpg,https://bioimages.vanderbilt.edu/gq/ssmv/g2-886-01.jpg,
baskauf/11657,baskauf_11657.jpg,Acer saccharum,sugar maple,Aceraceae,whole plant,whole tree (or vine),view up trunk,010103,whole tree (or vine) / view up trunk,whole-tree,ind-baskauf/11657,2002-06-01T13:40:14-04:00,Steven J. Baskauf,https://bioimages.vanderbilt.edu/baskauf/11657,https://bioimages.vanderbilt.edu/tn/baskauf/tacsa3-wplookup-giant11657.jpg,https://bioimages.vanderbilt.edu/gq/baskauf/gacsa3-wplookup-giant11657.jpg,
ssmv/2-886-03,ssmv_2-886-03.jpg,Acer saccharum,sugar maple,Aceraceae,whole plant,whole tree (or vine),view up trunk,010103,whole tree (or vine) / view up trunk,whole-tree,vanderbilt/3-31,2014-08-20T11:00:00-05:00,Sophia Chen,https://bioimages.vanderbilt.edu/ssmv/2-886-03,https://bioimages.vanderbilt.edu/tn/ssmv/t2-886-03.jpg,https://bioimages.vanderbilt.edu/gq/ssmv/g2-886-03.jpg,
baskauf/10861,baskauf_10861.jpg,Acer saccharum,sugar maple,Aceraceae,bark,bark,of a large tree,010201,bark / of a large tree,bark,ind-baskauf/10861,2002-05-07T11:55:48-05:00,Steven J. Baskauf,https://bioimages.vanderbilt.edu/baskauf/10861,https://bioimages.vanderbilt.edu/tn/baskauf/tacsa3-br10861.jpg,https://bioimages.vanderbilt.edu/gq/baskauf/gacsa3-br10861.jpg,
ssmv/2-886-02,ssmv_2-886-02.jpg,Acer saccharum,sugar maple,Aceraceae,bark,bark,of a large tree,010201,bark / of a large tree,bark,vanderbilt/3-31,2014-08-20T11:00:00-05:00,Sophia Chen,https://bioimages.vanderbilt.edu/ssmv/2-886-02,https://bioimages.vanderbilt.edu/tn/ssmv/t2-886-02.jpg,https://bioimages.vanderbilt.edu/gq/ssmv/g2-886-02.jpg,
baskauf/39161,baskauf_39161.jpg,Acer saccharum,sugar maple,Aceraceae,twig,twig,close-up winter leaf scar/bud,010303,twig / close-up winter leaf scar/bud,twig,ind-baskauf/39138,2005-04-08T13:55:23-05:00,Steven J. Baskauf,https://bioimages.vanderbilt.edu/baskauf/39161,https://bioimages.vanderbilt.edu/tn/baskauf/tacsa3-twopposite-buds39161.jpg,https://bioimages.vanderbilt.edu/gq/baskauf/gacsa3-twopposite-buds39161.jpg,
baskauf/39140,baskauf_39140.jpg,Acer saccharum,sugar maple,Aceraceae,twig,twig,close-up winter terminal bud,010304,twig / close-up winter terminal bud,twig,ind-baskauf/39138,2005-04-08T12:48:32-05:00,Steven J. Baskauf,https://bioimages.vanderbilt.edu/baskauf/39140,https://bioimages.vanderbilt.edu/tn/baskauf/tacsa3-twleaf-scar39140.jpg,https://bioimages.vanderbilt.edu/gq/baskauf/gacsa3-twleaf-scar39140.jpg,
baskauf/39144,baskauf_39144.jpg,Acer saccharum,sugar maple,Aceraceae,twig,twig,close-up winter terminal bud,010304,twig / close-up winter terminal bud,twig,ind-baskauf/39138,2005-04-08T13:14:32-05:00,Steven J. Baskauf,https://bioimages.vanderbilt.edu/baskauf/39144,https://bioimages.vanderbilt.edu/tn/baskauf/tacsa3-twterm-bud39144.jpg,https://bioimages.vanderbilt.edu/gq/baskauf/gacsa3-twterm-bud39144.jpg,
baskauf/39181,baskauf_39181.jpg,Acer saccharum,sugar maple,Aceraceae,twig,twig,close-up winter terminal bud,010304,twig / close-up winter terminal bud,twig,ind-baskauf/39138,2005-04-08T14:20:56-05:00,Steven J. Baskauf,https://bioimages.vanderbilt.edu/baskauf/39181,https://bioimages.vanderbilt.edu/tn/baskauf/tacsa3-twterm-leaf-scar39181.jpg,https://bioimages.vanderbilt.edu/gq/baskauf/gacsa3-twterm-leaf-scar39181.jpg,
baskauf/15216,baskauf_15216.jpg,Acer saccharum,sugar maple,Aceraceae,twig,twig,orientation of petioles,010301,twig / orientation of petioles,twig,ind-baskauf/15211,2002-09-09T09:35:06-05:00,Steven J. Baskauf,https://bioimages.vanderbilt.edu/baskauf/15216,https://bioimages.vanderbilt.edu/tn/baskauf/tacsa3-tw15216.jpg,https://bioimages.vanderbilt.edu/gq/baskauf/gacsa3-tw15216.jpg,
baskauf/15211,baskauf_15211.jpg,Acer saccharum,sugar maple,Aceraceae,leaf,leaf,margin of upper + lower surface,010402,leaf / margin of upper + lower surface,leaf,ind-baskauf/15211,2002-09-09T09:34:02-05:00,Steven J. Baskauf,https://bioimages.vanderbilt.edu/baskauf/15211,https://bioimages.vanderbilt.edu/tn/baskauf/tacsa3-lfmargin-uplow15211.jpg,https://bioimages.vanderbilt.edu/gq/baskauf/gacsa3-lfmargin-uplow15211.jpg,
baskauf/15212,baskauf_15212.jpg,Acer saccharum,sugar maple,Aceraceae,leaf,leaf,margin of upper + lower surface,010402,leaf / margin of upper + lower surface,leaf,ind-baskauf/15211,2002-09-09T09:34:16-05:00,Steven J. Baskauf,https://bioimages.vanderbilt.edu/baskauf/15212,https://bioimages.vanderbilt.edu/tn/baskauf/tacsa3-lfmargin-uplow15212.jpg,https://bioimages.vanderbilt.edu/gq/baskauf/gacsa3-lfmargin-uplow15212.jpg,
baskauf/11288,baskauf_11288.jpg,Acer saccharum,sugar maple,Aceraceae,leaf,leaf,showing orientation on twig,010403,leaf / showing orientation on twig,leaf,ind-baskauf/11288,2002-05-24T09:09:33-05:00,Steven J. Baskauf,https://bioimages.vanderbilt.edu/baskauf/11288,https://bioimages.vanderbilt.edu/tn/baskauf/tacsa3-lf-several11288.jpg,https://bioimages.vanderbilt.edu/gq/baskauf/gacsa3-lf-several11288.jpg,
baskauf/16741,baskauf_16741.jpg,Acer saccharum,sugar maple,Aceraceae,leaf,leaf,showing orientation on twig,010403,leaf / showing orientation on twig,leaf,ind-baskauf/16741,2002-11-07T13:48:47-06:00,Steven J. Baskauf,https://bioimages.vanderbilt.edu/baskauf/16741,https://bioimages.vanderbilt.edu/tn/baskauf/tacsa3-lffall-yellow16741.jpg,https://bioimages.vanderbilt.edu/gq/baskauf/gacsa3-lffall-yellow16741.jpg,
baskauf/11294,baskauf_11294.jpg,Acer saccharum,sugar maple,Aceraceae,leaf,leaf,whole upper surface,010401,leaf / whole upper surface,leaf,ind-baskauf/11288,2002-05-24T09:13:25-05:00,Steven J. Baskauf,https://bioimages.vanderbilt.edu/baskauf/11294,https://bioimages.vanderbilt.edu/tn/baskauf/tacsa3-lf11294.jpg,https://bioimages.vanderbilt.edu/gq/baskauf/gacsa3-lf11294.jpg,
baskauf/50727,baskauf_50727.jpg,Acer saccharum,sugar maple,Aceraceae,flower,inflorescence,lateral view of flower,010504,inflorescence / lateral view of flower,flower,ind-baskauf/50721,2006-03-28T08:25:48-06:00,Steven J. Baskauf,https://bioimages.vanderbilt.edu/baskauf/50727,https://bioimages.vanderbilt.edu/tn/baskauf/tacsa3-flfemale50727.jpg,https://bioimages.vanderbilt.edu/gq/baskauf/gacsa3-flfemale50727.jpg,
baskauf/50729,baskauf_50729.jpg,Acer saccharum,sugar maple,Aceraceae,flower,inflorescence,lateral view of flower,010504,inflorescence / lateral view of flower,flower,ind-baskauf/50721,2006-03-28T08:26:24-06:00,Steven J. Baskauf,https://bioimages.vanderbilt.edu/baskauf/50729,https://bioimages.vanderbilt.edu/tn/baskauf/tacsa3-flboth-sexes50729.jpg,https://bioimages.vanderbilt.edu/gq/baskauf/gacsa3-flboth-sexes50729.jpg,
baskauf/10376,baskauf_10376.jpg,Acer saccharum,sugar maple,Aceraceae,flower,inflorescence,whole - male,010503,inflorescence / whole - male,flower,ind-baskauf/10376,2002-03-25T11:26:17-06:00,Steven J. Baskauf,https://bioimages.vanderbilt.edu/baskauf/10376,https://bioimages.vanderbilt.edu/tn/baskauf/tacsa3-fl10376.jpg,https://bioimages.vanderbilt.edu/gq/baskauf/gacsa3-fl10376.jpg,
baskauf/10386,baskauf_10386.jpg,Acer saccharum,sugar maple,Aceraceae,flower,inflorescence,whole - male,010503,inflorescence / whole - male,flower,ind-baskauf/10386,2002-03-27T13:19:35-06:00,Steven J. Baskauf,https://bioimages.vanderbilt.edu/baskauf/10386,https://bioimages.vanderbilt.edu/tn/baskauf/tacsa3-fl10386.jpg,https://bioimages.vanderbilt.edu/gq/baskauf/gacsa3-fl10386.jpg,
baskauf/50713,baskauf_50713.jpg,Acer saccharum,sugar maple,Aceraceae,flower,inflorescence,whole - unspecified,010501,inflorescence / whole - unspecified,flower,vanderbilt/13-38,2006-03-27T08:03:06-06:00,Steven J. Baskauf,https://bioimages.vanderbilt.edu/baskauf/50713,https://bioimages.vanderbilt.edu/tn/baskauf/tacsa3-fldistant50713.jpg,https://bioimages.vanderbilt.edu/gq/baskauf/gacsa3-fldistant50713.jpg,unspecified view
baskauf/10606,baskauf_10606.jpg,Acer saccharum,sugar maple,Aceraceae,fruit,fruit,as borne on the plant,010601,fruit / as borne on the plant,fruit,vanderbilt/6-133,2002-04-18T12:52:22-05:00,Steven J. Baskauf,https://bioimages.vanderbilt.edu/baskauf/10606,https://bioimages.vanderbilt.edu/tn/baskauf/tacsa3-frimmature10606.jpg,https://bioimages.vanderbilt.edu/gq/baskauf/gacsa3-frimmature10606.jpg,
baskauf/10564,baskauf_10564.jpg,Acer saccharum,sugar maple,Aceraceae,fruit,fruit,immature,010604,fruit / immature,fruit,vanderbilt/6-133,2002-04-15T10:13:01-05:00,Steven J. Baskauf,https://bioimages.vanderbilt.edu/baskauf/10564,https://bioimages.vanderbilt.edu/tn/baskauf/tacsa3-frdevel10564.jpg,https://bioimages.vanderbilt.edu/gq/baskauf/gacsa3-frdevel10564.jpg,
baskauf/10565,baskauf_10565.jpg,Acer saccharum,sugar maple,Aceraceae,fruit,fruit,immature,010604,fruit / immature,fruit,vanderbilt/6-133,2002-04-15T10:14:51-05:00,Steven J. Baskauf,https://bioimages.vanderbilt.edu/baskauf/10565,https://bioimages.vanderbilt.edu/tn/baskauf/tacsa3-frdevel10565.jpg,https://bioimages.vanderbilt.edu/gq/baskauf/gacsa3-frdevel10565.jpg,
baskauf/10570,baskauf_10570.jpg,Acer saccharum,sugar maple,Aceraceae,fruit,fruit,immature,010604,fruit / immature,fruit,vanderbilt/6-133,2002-04-15T10:18:57-05:00,Steven J. Baskauf,https://bioimages.vanderbilt.edu/baskauf/10570,https://bioimages.vanderbilt.edu/tn/baskauf/tacsa3-frdevel10570.jpg,https://bioimages.vanderbilt.edu/gq/baskauf/gacsa3-frdevel10570.jpg,
baskauf/22184,baskauf_22184.jpg,Acer saccharum,sugar maple,Aceraceae,fruit,fruit,lateral or general close-up,010602,fruit / lateral or general close-up,fruit,ind-baskauf/22179,2003-04-28T10:48:35-05:00,Steven J. Baskauf,https://bioimages.vanderbilt.edu/baskauf/22184,https://bioimages.vanderbilt.edu/tn/baskauf/tacsa3-fr22184.jpg,https://bioimages.vanderbilt.edu/gq/baskauf/gacsa3-fr22184.jpg,
baskauf/90876,baskauf_90876.jpg,Aesculus glabra,Ohio buckeye,Hippocastanaceae,whole plant,whole tree (or vine),general,010101,whole tree (or vine) / general,whole-tree,vanderbilt/11-210,2014-09-02T12:52:17-05:00,Steven J. Baskauf,https://bioimages.vanderbilt.edu/baskauf/90876,https://bioimages.vanderbilt.edu/tn/baskauf/t90876.jpg,https://bioimages.vanderbilt.edu/gq/baskauf/g90876.jpg,
thomas/0014-01-01,thomas_0014-01-01.jpg,Aesculus glabra,Ohio buckeye,Hippocastanaceae,whole plant,whole tree (or vine),general,010101,whole tree (or vine) / general,whole-tree,thomas/0014-01,2005-04-25T12:07:44-05:00,Ron Thomas,https://bioimages.vanderbilt.edu/thomas/0014-01-01,https://bioimages.vanderbilt.edu/tn/thomas/t0014-01-01.jpg,https://bioimages.vanderbilt.edu/gq/thomas/g0014-01-01.jpg,
thomas/0014-01-06,thomas_0014-01-06.jpg,Aesculus glabra,Ohio buckeye,Hippocastanaceae,whole plant,whole tree (or vine),general,010101,whole tree (or vine) / general,whole-tree,thomas/0014-01,2005-04-25T12:08:58-05:00,Ron Thomas,https://bioimages.vanderbilt.edu/thomas/0014-01-06,https://bioimages.vanderbilt.edu/tn/thomas/t0014-01-06.jpg,https://bioimages.vanderbilt.edu/gq/thomas/g0014-01-06.jpg,
baskauf/10693,baskauf_10693.jpg,Aesculus glabra,Ohio buckeye,Hippocastanaceae,bark,bark,of a large tree,010201,bark / of a large tree,bark,vanderbilt/11-210,2002-04-22T12:13:33-05:00,Steven J. Baskauf,https://bioimages.vanderbilt.edu/baskauf/10693,https://bioimages.vanderbilt.edu/tn/baskauf/taegl--br10693.jpg,https://bioimages.vanderbilt.edu/gq/baskauf/gaegl--br10693.jpg,
thomas/0265-01-02,thomas_0265-01-02.jpg,Aesculus glabra,Ohio buckeye,Hippocastanaceae,twig,twig,close-up winter leaf scar/bud,010303,twig / close-up winter leaf scar/bud,twig,thomas/0265-01,2009-04-10T16:42:06-05:00,Ron Thomas,https://bioimages.vanderbilt.edu/thomas/0265-01-02,https://bioimages.vanderbilt.edu/tn/thomas/t0265-01-02.jpg,https://bioimages.vanderbilt.edu/gq/thomas/g0265-01-02.jpg,
baskauf/15925,baskauf_15925.jpg,Aesculus glabra,Ohio buckeye,Hippocastanaceae,twig,twig,orientation of petioles,010301,twig / orientation of petioles,twig,vanderbilt/11-210,2002-09-24T12:19:16-05:00,Steven J. Baskauf,https://bioimages.vanderbilt.edu/baskauf/15925,https://bioimages.vanderbilt.edu/tn/baskauf/taegl--tw15925.jpg,https://bioimages.vanderbilt.edu/gq/baskauf/gaegl--tw15925.jpg,
thomas/0265-01-03,thomas_0265-01-03.jpg,Aesculus glabra,Ohio buckeye,Hippocastanaceae,twig,twig,orientation of petioles,010301,twig / orientation of petioles,twig,thomas/0265-01,2009-04-10T16:41:30-05:00,Ron Thomas,https://bioimages.vanderbilt.edu/thomas/0265-01-03,https://bioimages.vanderbilt.edu/tn/thomas/t0265-01-03.jpg,https://bioimages.vanderbilt.edu/gq/thomas/g0265-01-03.jpg,
baskauf/11181,baskauf_11181.jpg,Aesculus glabra,Ohio buckeye,Hippocastanaceae,leaf,leaf,showing orientation on twig,010403,leaf / showing orientation on twig,leaf,vanderbilt/11-210,2002-05-22T09:25:23-05:00,Steven J. Baskauf,https://bioimages.vanderbilt.edu/baskauf/11181,https://bioimages.vanderbilt.edu/tn/baskauf/taegl--lfseveral11181.jpg,https://bioimages.vanderbilt.edu/gq/baskauf/gaegl--lfseveral11181.jpg,
thomas/0265-01-04,thomas_0265-01-04.jpg,Aesculus glabra,Ohio buckeye,Hippocastanaceae,leaf,leaf,showing orientation on twig,010403,leaf / showing orientation on twig,leaf,thomas/0265-01,2009-04-10T16:37:17-05:00,Ron Thomas,https://bioimages.vanderbilt.edu/thomas/0265-01-04,https://bioimages.vanderbilt.edu/tn/thomas/t0265-01-04.jpg,https://bioimages.vanderbilt.edu/gq/thomas/g0265-01-04.jpg,
baskauf/11182,baskauf_11182.jpg,Aesculus glabra,Ohio buckeye,Hippocastanaceae,leaf,leaf,whole upper surface,010401,leaf / whole upper surface,leaf,vanderbilt/11-210,2002-05-22T09:25:54-05:00,Steven J. Baskauf,https://bioimages.vanderbilt.edu/baskauf/11182,https://bioimages.vanderbilt.edu/tn/baskauf/taegl--lf11182.jpg,https://bioimages.vanderbilt.edu/gq/baskauf/gaegl--lf11182.jpg,
thomas/0014-01-03,thomas_0014-01-03.jpg,Aesculus glabra,Ohio buckeye,Hippocastanaceae,leaf,leaf,whole upper surface,010401,leaf / whole upper surface,leaf,thomas/0014-01,2005-04-25T12:08:12-05:00,Ron Thomas,https://bioimages.vanderbilt.edu/thomas/0014-01-03,https://bioimages.vanderbilt.edu/tn/thomas/t0014-01-03.jpg,https://bioimages.vanderbilt.edu/gq/thomas/g0014-01-03.jpg,
thomas/0014-01-08,thomas_0014-01-08.jpg,Aesculus glabra,Ohio buckeye,Hippocastanaceae,leaf,leaf,whole upper surface,010401,leaf / whole upper surface,leaf,thomas/0014-01,2005-04-25T12:08:12-05:00,Ron Thomas,https://bioimages.vanderbilt.edu/thomas/0014-01-08,https://bioimages.vanderbilt.edu/tn/thomas/t0014-01-08.jpg,https://bioimages.vanderbilt.edu/gq/thomas/g0014-01-08.jpg,
thomas/0265-01-01,thomas_0265-01-01.jpg,Aesculus glabra,Ohio buckeye,Hippocastanaceae,leaf,leaf,whole upper surface,010401,leaf / whole upper surface,leaf,thomas/0265-01,2009-04-10T16:42:43-05:00,Ron Thomas,https://bioimages.vanderbilt.edu/thomas/0265-01-01,https://bioimages.vanderbilt.edu/tn/thomas/t0265-01-01.jpg,https://bioimages.vanderbilt.edu/gq/thomas/g0265-01-01.jpg,
thomas/0265-01-05,thomas_0265-01-05.jpg,Aesculus glabra,Ohio buckeye,Hippocastanaceae,leaf,leaf,whole upper surface,010401,leaf / whole upper surface,leaf,thomas/0265-01,2009-04-10T16:36:31-05:00,Ron Thomas,https://bioimages.vanderbilt.edu/thomas/0265-01-05,https://bioimages.vanderbilt.edu/tn/thomas/t0265-01-05.jpg,https://bioimages.vanderbilt.edu/gq/thomas/g0265-01-05.jpg,
thomas/0014-01-07,thomas_0014-01-07.jpg,Aesculus glabra,Ohio buckeye,Hippocastanaceae,flower,inflorescence,close-up of flower interior,010507,inflorescence / close-up of flower interior,flower,thomas/0014-01,2005-04-25T12:08:01-05:00,Ron Thomas,https://bioimages.vanderbilt.edu/thomas/0014-01-07,https://bioimages.vanderbilt.edu/tn/thomas/t0014-01-07.jpg,https://bioimages.vanderbilt.edu/gq/thomas/g0014-01-07.jpg,
baskauf/10692,baskauf_10692.jpg,Aesculus glabra,Ohio buckeye,Hippocastanaceae,flower,inflorescence,lateral view of flower,010504,inflorescence / lateral view of flower,flower,vanderbilt/11-210,2002-04-22T12:12:15-05:00,Steven J. Baskauf,https://bioimages.vanderbilt.edu/baskauf/10692,https://bioimages.vanderbilt.edu/tn/baskauf/taegl--flcloseup10692.jpg,https://bioimages.vanderbilt.edu/gq/baskauf/gaegl--flcloseup10692.jpg,
thomas/0014-01-02,thomas_0014-01-02.jpg,Aesculus glabra,Ohio buckeye,Hippocastanaceae,flower,inflorescence,lateral view of flower,010504,inflorescence / lateral view of flower,flower,thomas/0014-01,2005-04-25T12:08:01-05:00,Ron Thomas,https://bioimages.vanderbilt.edu/thomas/0014-01-02,https://bioimages.vanderbilt.edu/tn/thomas/t0014-01-02.jpg,https://bioimages.vanderbilt.edu/gq/thomas/g0014-01-02.jpg,
thomas/0014-01-05,thomas_0014-01-05.jpg,Aesculus glabra,Ohio buckeye,Hippocastanaceae,flower,inflorescence,lateral view of flower,010504,inflorescence / lateral view of flower,flower,thomas/0014-01,2005-04-25T12:08:23-05:00,Ron Thomas,https://bioimages.vanderbilt.edu/thomas/0014-01-05,https://bioimages.vanderbilt.edu/tn/thomas/t0014-01-05.jpg,https://bioimages.vanderbilt.edu/gq/thomas/g0014-01-05.jpg,
thomas/0014-01-09,thomas_0014-01-09.jpg,Aesculus glabra,Ohio buckeye,Hippocastanaceae,flower,inflorescence,lateral view of flower,010504,inflorescence / lateral view of flower,flower,thomas/0014-01,2005-04-25T12:08:25-05:00,Ron Thomas,https://bioimages.vanderbilt.edu/thomas/0014-01-09,https://bioimages.vanderbilt.edu/tn/thomas/t0014-01-09.jpg,https://bioimages.vanderbilt.edu/gq/thomas/g0014-01-09.jpg,
thomas/0265-01-06,thomas_0265-01-06.jpg,Aesculus glabra,Ohio buckeye,Hippocastanaceae,flower,inflorescence,lateral view of flower,010504,inflorescence / lateral view of flower,flower,thomas/0265-01,2009-04-10T16:35:21-05:00,Ron Thomas,https://bioimages.vanderbilt.edu/thomas/0265-01-06,https://bioimages.vanderbilt.edu/tn/thomas/t0265-01-06.jpg,https://bioimages.vanderbilt.edu/gq/thomas/g0265-01-06.jpg,
baskauf/10689,baskauf_10689.jpg,Aesculus glabra,Ohio buckeye,Hippocastanaceae,flower,inflorescence,whole - unspecified,010501,inflorescence / whole - unspecified,flower,vanderbilt/11-210,2002-04-22T12:07:41-05:00,Steven J. Baskauf,https://bioimages.vanderbilt.edu/baskauf/10689,https://bioimages.vanderbilt.edu/tn/baskauf/taegl--flin-flower10689.jpg,https://bioimages.vanderbilt.edu/gq/baskauf/gaegl--flin-flower10689.jpg,unspecified view
baskauf/10690,baskauf_10690.jpg,Aesculus glabra,Ohio buckeye,Hippocastanaceae,flower,inflorescence,whole - unspecified,010501,inflorescence / whole - unspecified,flower,vanderbilt/11-210,2002-04-22T12:08:54-05:00,Steven J. Baskauf,https://bioimages.vanderbilt.edu/baskauf/10690,https://bioimages.vanderbilt.edu/tn/baskauf/taegl--flinflor10690.jpg,https://bioimages.vanderbilt.edu/gq/baskauf/gaegl--flinflor10690.jpg,unspecified view
thomas/0014-01-04,thomas_0014-01-04.jpg,Aesculus glabra,Ohio buckeye,Hippocastanaceae,flower,inflorescence,whole - unspecified,010501,inflorescence / whole - unspecified,flower,thomas/0014-01,2005-04-25T12:07:52-05:00,Ron Thomas,https://bioimages.vanderbilt.edu/thomas/0014-01-04,https://bioimages.vanderbilt.edu/tn/thomas/t0014-01-04.jpg,https://bioimages.vanderbilt.edu/gq/thomas/g0014-01-04.jpg,unspecified view
baskauf/39880,baskauf_39880.jpg,Aesculus glabra,Ohio buckeye,Hippocastanaceae,fruit,fruit,immature,010604,fruit / immature,fruit,ind-baskauf/39879,2005-05-28T08:29:56-04:00,Steven J. Baskauf,https://bioimages.vanderbilt.edu/baskauf/39880,https://bioimages.vanderbilt.edu/tn/baskauf/taegl--frdevel39880.jpg,https://bioimages.vanderbilt.edu/gq/baskauf/gaegl--frdevel39880.jpg,
baskauf/51420,baskauf_51420.jpg,Aesculus glabra,Ohio buckeye,Hippocastanaceae,fruit,fruit,immature,010604,fruit / immature,fruit,vanderbilt/11-210,2006-04-21T11:18:05-05:00,Steven J. Baskauf,https://bioimages.vanderbilt.edu/baskauf/51420,https://bioimages.vanderbilt.edu/tn/baskauf/taegl--frdevel51420.jpg,https://bioimages.vanderbilt.edu/gq/baskauf/gaegl--frdevel51420.jpg,
baskauf/11945,baskauf_11945.jpg,Aesculus hippocastanum,horse chestnut,Hippocastanaceae,whole plant,whole tree (or vine),general,010101,whole tree (or vine) / general,whole-tree,vanderbilt/6-87,2002-06-07T15:41:50-05:00,Steven J. Baskauf,https://bioimages.vanderbilt.edu/baskauf/11945,https://bioimages.vanderbilt.edu/tn/baskauf/taehi--wplarge11945.jpg,https://bioimages.vanderbilt.edu/gq/baskauf/gaehi--wplarge11945.jpg,
baskauf/11952,baskauf_11952.jpg,Aesculus hippocastanum,horse chestnut,Hippocastanaceae,bark,bark,of a large tree,010201,bark / of a large tree,bark,vanderbilt/6-87,2002-06-07T15:44:43-05:00,Steven J. Baskauf,https://bioimages.vanderbilt.edu/baskauf/11952,https://bioimages.vanderbilt.edu/tn/baskauf/taehi--br11952.jpg,https://bioimages.vanderbilt.edu/gq/baskauf/gaehi--br11952.jpg,
baskauf/15962,baskauf_15962.jpg,Aesculus hippocastanum,horse chestnut,Hippocastanaceae,twig,twig,winter overall,010302,twig / winter overall,twig,vanderbilt/6-87,2002-09-25T09:52:52-05:00,Steven J. Baskauf,https://bioimages.vanderbilt.edu/baskauf/15962,https://bioimages.vanderbilt.edu/tn/baskauf/taehi--fr15962.jpg,https://bioimages.vanderbilt.edu/gq/baskauf/gaehi--fr15962.jpg,
baskauf/15966,baskauf_15966.jpg,Aesculus hippocastanum,horse chestnut,Hippocastanaceae,twig,twig,winter overall,010302,twig / winter overall,twig,vanderbilt/6-87,2002-09-25T09:53:48-05:00,Steven J. Baskauf,https://bioimages.vanderbilt.edu/baskauf/15966,https://bioimages.vanderbilt.edu/tn/baskauf/taehi--twbud-lfscar15966.jpg,https://bioimages.vanderbilt.edu/gq/baskauf/gaehi--twbud-lfscar15966.jpg,
baskauf/15969,baskauf_15969.jpg,Aesculus hippocastanum,horse chestnut,Hippocastanaceae,leaf,leaf,margin of upper + lower surface,010402,leaf / margin of upper + lower surface,leaf,vanderbilt/6-87,2002-09-25T09:55:07-05:00,Steven J. Baskauf,https://bioimages.vanderbilt.edu/baskauf/15969,https://bioimages.vanderbilt.edu/tn/baskauf/taehi--lfmargin-uplow15969.jpg,https://bioimages.vanderbilt.edu/gq/baskauf/gaehi--lfmargin-uplow15969.jpg,
baskauf/11946,baskauf_11946.jpg,Aesculus hippocastanum,horse chestnut,Hippocastanaceae,leaf,leaf,showing orientation on twig,010403,leaf / showing orientation on twig,leaf,vanderbilt/6-87,2002-06-07T15:42:29-05:00,Steven J. Baskauf,https://bioimages.vanderbilt.edu/baskauf/11946,https://bioimages.vanderbilt.edu/tn/baskauf/taehi--lfseveral11946.jpg,https://bioimages.vanderbilt.edu/gq/baskauf/gaehi--lfseveral11946.jpg,
baskauf/29702,baskauf_29702.jpg,Aesculus hippocastanum,horse chestnut,Hippocastanaceae,leaf,leaf,whole upper surface,010401,leaf / whole upper surface,leaf,vanderbilt/6-87,2003-09-30T09:22:57-05:00,Steven J. Baskauf,https://bioimages.vanderbilt.edu/baskauf/29702,https://bioimages.vanderbilt.edu/tn/baskauf/taehi--lf29702.jpg,https://bioimages.vanderbilt.edu/gq/baskauf/gaehi--lf29702.jpg,
baskauf/10676,baskauf_10676.jpg,Aesculus hippocastanum,horse chestnut,Hippocastanaceae,flower,inflorescence,frontal view of flower,010505,inflorescence / frontal view of flower,flower,vanderbilt/6-87,2002-04-22T10:30:57-05:00,Steven J. Baskauf,https://bioimages.vanderbilt.edu/baskauf/10676,https://bioimages.vanderbilt.edu/tn/baskauf/taehi--flcloseup10676.jpg,https://bioimages.vanderbilt.edu/gq/baskauf/gaehi--flcloseup10676.jpg,
baskauf/10675,baskauf_10675.jpg,Aesculus hippocastanum,horse chestnut,Hippocastanaceae,flower,inflorescence,whole - unspecified,010501,inflorescence / whole - unspecified,flower,vanderbilt/6-87,2002-04-22T10:29:52-05:00,Steven J. Baskauf,https://bioimages.vanderbilt.edu/baskauf/10675,https://bioimages.vanderbilt.edu/tn/baskauf/taehi--flin-flower10675.jpg,https://bioimages.vanderbilt.edu/gq/baskauf/gaehi--flin-flower10675.jpg,unspecified view
baskauf/10677,baskauf_10677.jpg,Aesculus hippocastanum,horse chestnut,Hippocastanaceae,flower,inflorescence,whole - unspecified,010501,inflorescence / whole - unspecified,flower,vanderbilt/6-87,2002-04-22T10:31:21-05:00,Steven J. Baskauf,https://bioimages.vanderbilt.edu/baskauf/10677,https://bioimages.vanderbilt.edu/tn/baskauf/taehi--flinflor10677.jpg,https://bioimages.vanderbilt.edu/gq/baskauf/gaehi--flinflor10677.jpg,unspecified view
baskauf/11950,baskauf_11950.jpg,Aesculus hippocastanum,horse chestnut,Hippocastanaceae,fruit,fruit,immature,010604,fruit / immature,fruit,vanderbilt/6-87,2002-06-07T15:44:04-05:00,Steven J. Baskauf,https://bioimages.vanderbilt.edu/baskauf/11950,https://bioimages.vanderbilt.edu/tn/baskauf/taehi--frdevel11950.jpg,https://bioimages.vanderbilt.edu/gq/baskauf/gaehi--frdevel11950.jpg,
baskauf/10904,baskauf_10904.jpg,Ailanthus altissima,tree of heaven,Simaroubaceae,whole plant,whole tree (or vine),general,010101,whole tree (or vine) / general,whole-tree,ind-baskauf/10904,2002-05-11T11:02:36-05:00,Steven J. Baskauf,https://bioimages.vanderbilt.edu/baskauf/10904,https://bioimages.vanderbilt.edu/tn/baskauf/taial--wpsmall10904.jpg,https://bioimages.vanderbilt.edu/gq/baskauf/gaial--wpsmall10904.jpg,
baskauf/10978,baskauf_10978.jpg,Ailanthus altissima,tree of heaven,Simaroubaceae,whole plant,whole tree (or vine),general,010101,whole tree (or vine) / general,whole-tree,vanderbilt/12-230,2002-05-14T14:18:45-05:00,Steven J. Baskauf,https://bioimages.vanderbilt.edu/baskauf/10978,https://bioimages.vanderbilt.edu/tn/baskauf/taial--flin-flower10978.jpg,https://bioimages.vanderbilt.edu/gq/baskauf/gaial--flin-flower10978.jpg,
baskauf/10997,baskauf_10997.jpg,Ailanthus altissima,tree of heaven,Simaroubaceae,whole plant,whole tree (or vine),general,010101,whole tree (or vine) / general,whole-tree,ind-baskauf/10997,2002-05-16T08:53:15-05:00,Steven J. Baskauf,https://bioimages.vanderbilt.edu/baskauf/10997,https://bioimages.vanderbilt.edu/tn/baskauf/taial--wpmedium10997.jpg,https://bioimages.vanderbilt.edu/gq/baskauf/gaial--wpmedium10997.jpg,
baskauf/10998,baskauf_10998.jpg,Ailanthus altissima,tree of heaven,Simaroubaceae,whole plant,whole tree (or vine),general,010101,whole tree (or vine) / general,whole-tree,ind-baskauf/10997,2002-05-16T08:54:05-05:00,Steven J. Baskauf,https://bioimages.vanderbilt.edu/baskauf/10998,https://bioimages.vanderbilt.edu/tn/baskauf/taial--wpweed-in-town10998.jpg,https://bioimages.vanderbilt.edu/gq/baskauf/gaial--wpweed-in-town10998.jpg,
baskauf/11106,baskauf_11106.jpg,Ailanthus altissima,tree of heaven,Simaroubaceae,whole plant,whole tree (or vine),general,010101,whole tree (or vine) / general,whole-tree,ind-baskauf/10997,2002-05-20T12:00:36-05:00,Steven J. Baskauf,https://bioimages.vanderbilt.edu/baskauf/11106,https://bioimages.vanderbilt.edu/tn/baskauf/taial--flin-flower11106.jpg,https://bioimages.vanderbilt.edu/gq/baskauf/gaial--flin-flower11106.jpg,
baskauf/90959,baskauf_90959.jpg,Ailanthus altissima,tree of heaven,Simaroubaceae,whole plant,whole tree (or vine),general,010101,whole tree (or vine) / general,whole-tree,vanderbilt/7-87,2014-09-03T16:34:27-05:00,Steven J. Baskauf,https://bioimages.vanderbilt.edu/baskauf/90959,https://bioimages.vanderbilt.edu/tn/baskauf/t90959.jpg,https://bioimages.vanderbilt.edu/gq/baskauf/g90959.jpg,
baskauf/89373,baskauf_89373.jpg,Ailanthus altissima,tree of heaven,Simaroubaceae,whole plant,whole tree (or vine),winter,010102,whole tree (or vine) / winter,whole-tree,vanderbilt/7-87,2013-12-11T13:38:53-06:00,Steven J. Baskauf,https://bioimages.vanderbilt.edu/baskauf/89373,https://bioimages.vanderbilt.edu/tn/baskauf/t89373.jpg,https://bioimages.vanderbilt.edu/gq/baskauf/g89373.jpg,
baskauf/11109,baskauf_11109.jpg,Ailanthus altissima,tree of heaven,Simaroubaceae,bark,bark,of a medium tree or large branch,010202,bark / of a medium tree or large branch,bark,ind-baskauf/10997,2002-05-20T12:02:10-05:00,Steven J. Baskauf,https://bioimages.vanderbilt.edu/baskauf/11109,https://bioimages.vanderbilt.edu/tn/baskauf/taial--br11109.jpg,https://bioimages.vanderbilt.edu/gq/baskauf/gaial--br11109.jpg,
baskauf/17536,baskauf_17536.jpg,Ailanthus altissima,tree of heaven,Simaroubaceae,twig,twig,close-up winter leaf scar/bud,010303,twig / close-up winter leaf scar/bud,twig,ind-baskauf/10997,2003-03-04T09:48:34-06:00,Steven J. Baskauf,https://bioimages.vanderbilt.edu/baskauf/17536,https://bioimages.vanderbilt.edu/tn/baskauf/taial--twleaf-scar17536.jpg,https://bioimages.vanderbilt.edu/gq/baskauf/gaial--twleaf-scar17536.jpg,
baskauf/39159,baskauf_39159.jpg,Ailanthus altissima,tree of heaven,Simaroubaceae,twig,twig,close-up winter leaf scar/bud,010303,twig / close-up winter leaf scar/bud,twig,vanderbilt/7-87,2005-04-08T13:54:42-05:00,Steven J. Baskauf,https://bioimages.vanderbilt.edu/baskauf/39159,https://bioimages.vanderbilt.edu/tn/baskauf/taial--tw39159.jpg,https://bioimages.vanderbilt.edu/gq/baskauf/gaial--tw39159.jpg,
baskauf/39171,baskauf_39171.jpg,Ailanthus altissima,tree of heaven,Simaroubaceae,twig,twig,close-up winter terminal bud,010304,twig / close-up winter terminal bud,twig,vanderbilt/7-87,2005-04-08T14:17:20-05:00,Steven J. Baskauf,https://bioimages.vanderbilt.edu/baskauf/39171,https://bioimages.vanderbilt.edu/tn/baskauf/taial--twtwig-scar39171.jpg,https://bioimages.vanderbilt.edu/gq/baskauf/gaial--twtwig-scar39171.jpg,
baskauf/39173,baskauf_39173.jpg,Ailanthus altissima,tree of heaven,Simaroubaceae,twig,twig,close-up winter terminal bud,010304,twig / close-up winter terminal bud,twig,vanderbilt/7-87,2005-04-08T14:18:01-05:00,Steven J. Baskauf,https://bioimages.vanderbilt.edu/baskauf/39173,https://bioimages.vanderbilt.edu/tn/baskauf/taial--twleaf-scar39173.jpg,https://bioimages.vanderbilt.edu/gq/baskauf/gaial--twleaf-scar39173.jpg,
baskauf/17534,baskauf_17534.jpg,Ailanthus altissima,tree of heaven,Simaroubaceae,twig,twig,winter overall,010302,twig / winter overall,twig,ind-baskauf/10997,2003-03-04T09:48:06-06:00,Steven J. Baskauf,https://bioimages.vanderbilt.edu/baskauf/17534,https://bioimages.vanderbilt.edu/tn/baskauf/taial--tw17534.jpg,https://bioimages.vanderbilt.edu/gq/baskauf/gaial--tw17534.jpg,
baskauf/52519,baskauf_52519.jpg,Ailanthus altissima,tree of heaven,Simaroubaceae,leaf,leaf,margin of upper + lower surface,010402,leaf / margin of upper + lower surface,leaf,vanderbilt/7-87,2006-06-08T08:01:47-05:00,Steven J. Baskauf,https://bioimages.vanderbilt.edu/baskauf/52519,https://bioimages.vanderbilt.edu/tn/baskauf/taial--lfmargin-uplow52519.jpg,https://bioimages.vanderbilt.edu/gq/baskauf/gaial--lfmargin-uplow52519.jpg,
baskauf/10980,baskauf_10980.jpg,Ailanthus altissima,tree of heaven,Simaroubaceae,leaf,leaf,showing orientation on twig,010403,leaf / showing orientation on twig,leaf,vanderbilt/12-230,2002-05-14T14:22:30-05:00,Steven J. Baskauf,https://bioimages.vanderbilt.edu/baskauf/10980,https://bioimages.vanderbilt.edu/tn/baskauf/taial--flin-flower10980.jpg,https://bioimages.vanderbilt.edu/gq/baskauf/gaial--flin-flower10980.jpg,
baskauf/15190,baskauf_15190.jpg,Ailanthus altissima,tree of heaven,Simaroubaceae,leaf,leaf,unspecified,010400,leaf / unspecified,leaf,vanderbilt/7-87,2002-09-09T08:52:39-05:00,Steven J. Baskauf,https://bioimages.vanderbilt.edu/baskauf/15190,https://bioimages.vanderbilt.edu/tn/baskauf/taial--lfgland-closeup15190.jpg,https://bioimages.vanderbilt.edu/gq/baskauf/gaial--lfgland-closeup15190.jpg,unspecified view
baskauf/15192,baskauf_15192.jpg,Ailanthus altissima,tree of heaven,Simaroubaceae,leaf,leaf,unspecified,010400,leaf / unspecified,leaf,vanderbilt/7-87,2002-09-09T08:53:21-05:00,Steven J. Baskauf,https://bioimages.vanderbilt.edu/baskauf/15192,https://bioimages.vanderbilt.edu/tn/baskauf/taial--lfgland-close15192.jpg,https://bioimages.vanderbilt.edu/gq/baskauf/gaial--lfgland-close15192.jpg,unspecified view
baskauf/15196,baskauf_15196.jpg,Ailanthus altissima,tree of heaven,Simaroubaceae,leaf,leaf,unspecified,010400,leaf / unspecified,leaf,vanderbilt/7-87,2002-09-09T08:55:04-05:00,Steven J. Baskauf,https://bioimages.vanderbilt.edu/baskauf/15196,https://bioimages.vanderbilt.edu/tn/baskauf/taial--lfgland15196.jpg,https://bioimages.vanderbilt.edu/gq/baskauf/gaial--lfgland15196.jpg,unspecified view
baskauf/11107,baskauf_11107.jpg,Ailanthus altissima,tree of heaven,Simaroubaceae,leaf,leaf,whole upper surface,010401,leaf / whole upper surface,leaf,ind-baskauf/10997,2002-05-20T12:00:56-05:00,Steven J. Baskauf,https://bioimages.vanderbilt.edu/baskauf/11107,https://bioimages.vanderbilt.edu/tn/baskauf/taial--lf11107.jpg,https://bioimages.vanderbilt.edu/gq/baskauf/gaial--lf11107.jpg,
baskauf/11105,baskauf_11105.jpg,Ailanthus altissima,tree of heaven,Simaroubaceae,flower,inflorescence,frontal view of flower,010505,inflorescence / frontal view of flower,flower,ind-baskauf/10997,2002-05-20T11:59:10-05:00,Steven J. Baskauf,https://bioimages.vanderbilt.edu/baskauf/11105,https://bioimages.vanderbilt.edu/tn/baskauf/taial--fl11105.jpg,https://bioimages.vanderbilt.edu/gq/baskauf/gaial--fl11105.jpg,
baskauf/10999,baskauf_10999.jpg,Ailanthus altissima,tree of heaven,Simaroubaceae,flower,inflorescence,whole - unspecified,010501,inflorescence / whole - unspecified,flower,ind-baskauf/10997,2002-05-16T08:54:32-05:00,Steven J. Baskauf,https://bioimages.vanderbilt.edu/baskauf/10999,https://bioimages.vanderbilt.edu/tn/baskauf/taial--flinflor10999.jpg,https://bioimages.vanderbilt.edu/gq/baskauf/gaial--flinflor10999.jpg,unspecified view
baskauf/11102,baskauf_11102.jpg,Ailanthus altissima,tree of heaven,Simaroubaceae,flower,inflorescence,whole - unspecified,010501,inflorescence / whole - unspecified,flower,ind-baskauf/10997,2002-05-20T11:57:16-05:00,Steven J. Baskauf,https://bioimages.vanderbilt.edu/baskauf/11102,https://bioimages.vanderbilt.edu/tn/baskauf/taial--flinflor11102.jpg,https://bioimages.vanderbilt.edu/gq/baskauf/gaial--flinflor11102.jpg,unspecified view
baskauf/13165,baskauf_13165.jpg,Ailanthus altissima,tree of heaven,Simaroubaceae,fruit,fruit,as borne on the plant,010601,fruit / as borne on the plant,fruit,ind-baskauf/10997,2002-06-22T13:09:53-05:00,Steven J. Baskauf,https://bioimages.vanderbilt.edu/baskauf/13165,https://bioimages.vanderbilt.edu/tn/baskauf/taial--frin-fruit13165.jpg,https://bioimages.vanderbilt.edu/gq/baskauf/gaial--frin-fruit13165.jpg,
baskauf/13169,baskauf_13169.jpg,Ailanthus altissima,tree of heaven,Simaroubaceae,fruit,fruit,as borne on the plant,010601,fruit / as borne on the plant,fruit,ind-baskauf/10997,2002-06-22T13:11:15-05:00,Steven J. Baskauf,https://bioimages.vanderbilt.edu/baskauf/13169,https://bioimages.vanderbilt.edu/tn/baskauf/taial--frinfruct13169.jpg,https://bioimages.vanderbilt.edu/gq/baskauf/gaial--frinfruct13169.jpg,
baskauf/15184,baskauf_15184.jpg,Ailanthus altissima,tree of heaven,Simaroubaceae,fruit,fruit,as borne on the plant,010601,fruit / as borne on the plant,fruit,vanderbilt/7-87,2002-09-09T08:50:32-05:00,Steven J. Baskauf,https://bioimages.vanderbilt.edu/baskauf/15184,https://bioimages.vanderbilt.edu/tn/baskauf/taial--fr15184.jpg,https://bioimages.vanderbilt.edu/gq/baskauf/gaial--fr15184.jpg,
baskauf/15185,baskauf_15185.jpg,Ailanthus altissima,tree of heaven,Simaroubaceae,fruit,fruit,as borne on the plant,010601,fruit / as borne on the plant,fruit,vanderbilt/7-87,2002-09-09T08:50:56-05:00,Steven J. Baskauf,https://bioimages.vanderbilt.edu/baskauf/15185,https://bioimages.vanderbilt.edu/tn/baskauf/taial--frcloseup15185.jpg,https://bioimages.vanderbilt.edu/gq/baskauf/gaial--frcloseup15185.jpg,
baskauf/13172,baskauf_13172.jpg,Ailanthus altissima,tree of heaven,Simaroubaceae,fruit,fruit,lateral or general close-up,010602,fruit / lateral or general close-up,fruit,ind-baskauf/10997,2002-06-22T13:12:08-05:00,Steven J. Baskauf,https://bioimages.vanderbilt.edu/baskauf/13172,https://bioimages.vanderbilt.edu/tn/baskauf/taial--frcloseup13172.jpg,https://bioimages.vanderbilt.edu/gq/baskauf/gaial--frcloseup13172.jpg,
baskauf/15187,baskauf_15187.jpg,Ailanthus altissima,tree of heaven,Simaroubaceae,fruit,fruit,lateral or general close-up,010602,fruit / lateral or general close-up,fruit,vanderbilt/7-87,2002-09-09T08:51:27-05:00,Steven J. Baskauf,https://bioimages.vanderbilt.edu/baskauf/15187,https://bioimages.vanderbilt.edu/tn/baskauf/taial--frmature-close15187.jpg,https://bioimages.vanderbilt.edu/gq/baskauf/gaial--frmature-close15187.jpg,
baskauf/31400,baskauf_31400.jpg,Amelanchier arborea,common serviceberry,Rosaceae,whole plant,whole tree (or vine),winter,010102,whole tree (or vine) / winter,whole-tree,ind-baskauf/31399,2004-03-20T12:44:26-06:00,Steven J. Baskauf,https://bioimages.vanderbilt.edu/baskauf/31400,https://bioimages.vanderbilt.edu/tn/baskauf/tamar3-wpin-bloom31400.jpg,https://bioimages.vanderbilt.edu/gq/baskauf/gamar3-wpin-bloom31400.jpg,
baskauf/22595,baskauf_22595.jpg,Amelanchier arborea,common serviceberry,Rosaceae,bark,bark,of a medium tree or large branch,010202,bark / of a medium tree or large branch,bark,ind-baskauf/18967,2003-04-30T09:30:05-05:00,Steven J. Baskauf,https://bioimages.vanderbilt.edu/baskauf/22595,https://bioimages.vanderbilt.edu/tn/baskauf/tamar3-br22595.jpg,https://bioimages.vanderbilt.edu/gq/baskauf/gamar3-br22595.jpg,
baskauf/31411,baskauf_31411.jpg,Amelanchier arborea,common serviceberry,Rosaceae,bark,bark,of a medium tree or large branch,010202,bark / of a medium tree or large branch,bark,ind-baskauf/31399,2004-03-20T12:45:55-06:00,Steven J. Baskauf,https://bioimages.vanderbilt.edu/baskauf/31411,https://bioimages.vanderbilt.edu/tn/baskauf/tamar3-br31411.jpg,https://bioimages.vanderbilt.edu/gq/baskauf/gamar3-br31411.jpg,
baskauf/31426,baskauf_31426.jpg,Amelanchier arborea,common serviceberry,Rosaceae,twig,twig,close-up winter terminal bud,010304,twig / close-up winter terminal bud,twig,ind-baskauf/31399,2004-03-20T12:47:59-06:00,Steven J. Baskauf,https://bioimages.vanderbilt.edu/baskauf/31426,https://bioimages.vanderbilt.edu/tn/baskauf/tamar3-tw31426.jpg,https://bioimages.vanderbilt.edu/gq/baskauf/gamar3-tw31426.jpg,
baskauf/22601,baskauf_22601.jpg,Amelanchier arborea,common serviceberry,Rosaceae,twig,twig,winter overall,010302,twig / winter overall,twig,ind-baskauf/18967,2003-04-30T09:31:00-05:00,Steven J. Baskauf,https://bioimages.vanderbilt.edu/baskauf/22601,https://bioimages.vanderbilt.edu/tn/baskauf/tamar3-tw22601.jpg,https://bioimages.vanderbilt.edu/gq/baskauf/gamar3-tw22601.jpg,
baskauf/32123,baskauf_32123.jpg,Amelanchier arborea,common serviceberry,Rosaceae,leaf,leaf,whole upper surface,010401,leaf / whole upper surface,leaf,ind-baskauf/32120,2004-04-03T11:44:04-06:00,Steven J. Baskauf,https://bioimages.vanderbilt.edu/baskauf/32123,https://bioimages.vanderbilt.edu/tn/baskauf/tamar3-lfyoung32123.jpg,https://bioimages.vanderbilt.edu/gq/baskauf/gamar3-lfyoung32123.jpg,
baskauf/32482,baskauf_32482.jpg,Amelanchier arborea,common serviceberry,Rosaceae,leaf,leaf,whole upper surface,010401,leaf / whole upper surface,leaf,ind-baskauf/32477,2004-04-10T11:20:41-05:00,Steven J. Baskauf,https://bioimages.vanderbilt.edu/baskauf/32482,https://bioimages.vanderbilt.edu/tn/baskauf/tamar3-lf32482.jpg,https://bioimages.vanderbilt.edu/gq/baskauf/gamar3-lf32482.jpg,
baskauf/18969,baskauf_18969.jpg,Amelanchier arborea,common serviceberry,Rosaceae,flower,inflorescence,frontal view of flower,010505,inflorescence / frontal view of flower,flower,ind-baskauf/18967,2003-04-02T10:24:26-06:00,Steven J. Baskauf,https://bioimages.vanderbilt.edu/baskauf/18969,https://bioimages.vanderbilt.edu/tn/baskauf/tamar3-flfront18969.jpg,https://bioimages.vanderbilt.edu/gq/baskauf/gamar3-flfront18969.jpg,
baskauf/31418,baskauf_31418.jpg,Amelanchier arborea,common serviceberry,Rosaceae,flower,inflorescence,frontal view of flower,010505,inflorescence / frontal view of flower,flower,ind-baskauf/31399,2004-03-20T12:46:54-06:00,Steven J. Baskauf,https://bioimages.vanderbilt.edu/baskauf/31418,https://bioimages.vanderbilt.edu/tn/baskauf/tamar3-fl31418.jpg,https://bioimages.vanderbilt.edu/gq/baskauf/gamar3-fl31418.jpg,
baskauf/31421,baskauf_31421.jpg,Amelanchier arborea,common serviceberry,Rosaceae,flower,inflorescence,frontal view of flower,010505,inflorescence / frontal view of flower,flower,ind-baskauf/31399,2004-03-20T12:47:12-06:00,Steven J. Baskauf,https://bioimages.vanderbilt.edu/baskauf/31421,https://bioimages.vanderbilt.edu/tn/baskauf/tamar3-flfront31421.jpg,https://bioimages.vanderbilt.edu/gq/baskauf/gamar3-flfront31421.jpg,
baskauf/18976,baskauf_18976.jpg,Amelanchier arborea,common serviceberry,Rosaceae,flower,inflorescence,lateral view of flower,010504,inflorescence / lateral view of flower,flower,ind-baskauf/18967,2003-04-02T10:25:53-06:00,Steven J. Baskauf,https://bioimages.vanderbilt.edu/baskauf/18976,https://bioimages.vanderbilt.edu/tn/baskauf/tamar3-flside18976.jpg,https://bioimages.vanderbilt.edu/gq/baskauf/gamar3-flside18976.jpg,
baskauf/31425,baskauf_31425.jpg,Amelanchier arborea,common serviceberry,Rosaceae,flower,inflorescence,lateral view of flower,010504,inflorescence / lateral view of flower,flower,ind-baskauf/31399,2004-03-20T12:47:46-06:00,Steven J. Baskauf,https://bioimages.vanderbilt.edu/baskauf/31425,https://bioimages.vanderbilt.edu/tn/baskauf/tamar3-flside31425.jpg,https://bioimages.vanderbilt.edu/gq/baskauf/gamar3-flside31425.jpg,
baskauf/31404,baskauf_31404.jpg,Amelanchier arborea,common serviceberry,Rosaceae,flower,inflorescence,whole - unspecified,010501,inflorescence / whole - unspecified,flower,ind-baskauf/31399,2004-03-20T12:45:05-06:00,Steven J. Baskauf,https://bioimages.vanderbilt.edu/baskauf/31404,https://bioimages.vanderbilt.edu/tn/baskauf/tamar3-fldistant31404.jpg,https://bioimages.vanderbilt.edu/gq/baskauf/gamar3-fldistant31404.jpg,unspecified view
baskauf/31412,baskauf_31412.jpg,Amelanchier arborea,common serviceberry,Rosaceae,flower,inflorescence,whole - unspecified,010501,inflorescence / whole - unspecified,flower,ind-baskauf/31399,2004-03-20T12:46:20-06:00,Steven J. Baskauf,https://bioimages.vanderbilt.edu/baskauf/31412,https://bioimages.vanderbilt.edu/tn/baskauf/tamar3-flinflor31412.jpg,https://bioimages.vanderbilt.edu/gq/baskauf/gamar3-flinflor31412.jpg,unspecified view
baskauf/32481,baskauf_32481.jpg,Amelanchier arborea,common serviceberry,Rosaceae,fruit,fruit,as borne on the plant,010601,fruit / as borne on the plant,fruit,ind-baskauf/32477,2004-04-10T11:19:22-05:00,Steven J. Baskauf,https://bioimages.vanderbilt.edu/baskauf/32481,https://bioimages.vanderbilt.edu/tn/baskauf/tamar3-frdevel-infruct32481.jpg,https://bioimages.vanderbilt.edu/gq/baskauf/gamar3-frdevel-infruct32481.jpg,
baskauf/34159,baskauf_34159.jpg,Amelanchier arborea,common serviceberry,Rosaceae,fruit,fruit,as borne on the plant,010601,fruit / as borne on the plant,fruit,ind-baskauf/34156,2004-05-12T09:40:55-05:00,Steven J. Baskauf,https://bioimages.vanderbilt.edu/baskauf/34159,https://bioimages.vanderbilt.edu/tn/baskauf/tamar3-frdistant34159.jpg,https://bioimages.vanderbilt.edu/gq/baskauf/gamar3-frdistant34159.jpg,
baskauf/22607,baskauf_22607.jpg,Amelanchier arborea,common serviceberry,Rosaceae,fruit,fruit,immature,010604,fruit / immature,fruit,ind-baskauf/18967,2003-04-30T09:32:51-05:00,Steven J. Baskauf,https://bioimages.vanderbilt.edu/baskauf/22607,https://bioimages.vanderbilt.edu/tn/baskauf/tamar3-frdevel22607.jpg,https://bioimages.vanderbilt.edu/gq/baskauf/gamar3-frdevel22607.jpg,
baskauf/32478,baskauf_32478.jpg,Amelanchier arborea,common serviceberry,Rosaceae,fruit,fruit,immature,010604,fruit / immature,fruit,ind-baskauf/32477,2004-04-10T11:18:44-05:00,Steven J. Baskauf,https://bioimages.vanderbilt.edu/baskauf/32478,https://bioimages.vanderbilt.edu/tn/baskauf/tamar3-frdevel32478.jpg,https://bioimages.vanderbilt.edu/gq/baskauf/gamar3-frdevel32478.jpg,
baskauf/34165,baskauf_34165.jpg,Amelanchier arborea,common serviceberry,Rosaceae,fruit,fruit,lateral or general close-up,010602,fruit / lateral or general close-up,fruit,ind-baskauf/34156,2004-05-12T09:42:02-05:00,Steven J. Baskauf,https://bioimages.vanderbilt.edu/baskauf/34165,https://bioimages.vanderbilt.edu/tn/baskauf/tamar3-fr34165.jpg,https://bioimages.vanderbilt.edu/gq/baskauf/gamar3-fr34165.jpg,
baskauf/11515,baskauf_11515.jpg,Betula alleghaniensis,yellow birch,Betulaceae,whole plant,whole tree (or vine),general,010101,whole tree (or vine) / general,whole-tree,ind-baskauf/11510,2002-05-30T13:24:34-04:00,Steven J. Baskauf,https://bioimages.vanderbilt.edu/baskauf/11515,https://bioimages.vanderbilt.edu/tn/baskauf/tbeal2-wpmedium11515.jpg,https://bioimages.vanderbilt.edu/gq/baskauf/gbeal2-wpmedium11515.jpg,
baskauf/11449,baskauf_11449.jpg,Betula alleghaniensis,yellow birch,Betulaceae,bark,bark,of a large tree,010201,bark / of a large tree,bark,ind-baskauf/11449,2002-05-30T10:25:01-04:00,Steven J. Baskauf,https://bioimages.vanderbilt.edu/baskauf/11449,https://bioimages.vanderbilt.edu/tn/baskauf/tbeal2-brlarge11449.jpg,https://bioimages.vanderbilt.edu/gq/baskauf/gbeal2-brlarge11449.jpg,
baskauf/11516,baskauf_11516.jpg,Betula alleghaniensis,yellow birch,Betulaceae,bark,bark,of a medium tree or large branch,010202,bark / of a medium tree or large branch,bark,ind-baskauf/11510,2002-05-30T13:25:37-04:00,Steven J. Baskauf,https://bioimages.vanderbilt.edu/baskauf/11516,https://bioimages.vanderbilt.edu/tn/baskauf/tbeal2-brmedium11516.jpg,https://bioimages.vanderbilt.edu/gq/baskauf/gbeal2-brmedium11516.jpg,
baskauf/11719,baskauf_11719.jpg,Betula alleghaniensis,yellow birch,Betulaceae,bark,bark,of a small tree or small branch,010203,bark / of a small tree or small branch,bark,ind-baskauf/11719,2002-06-02T10:29:24-04:00,Steven J. Baskauf,https://bioimages.vanderbilt.edu/baskauf/11719,https://bioimages.vanderbilt.edu/tn/baskauf/tbeal2-brsmall11719.jpg,https://bioimages.vanderbilt.edu/gq/baskauf/gbeal2-brsmall11719.jpg,
baskauf/49244,baskauf_49244.jpg,Betula alleghaniensis,yellow birch,Betulaceae,bark,bark,of a small tree or small branch,010203,bark / of a small tree or small branch,bark,ind-baskauf/49238,2006-06-17T14:17:53-04:00,Steven J. Baskauf,https://bioimages.vanderbilt.edu/baskauf/49244,https://bioimages.vanderbilt.edu/tn/baskauf/tbeal2-brsmall49244.jpg,https://bioimages.vanderbilt.edu/gq/baskauf/gbeal2-brsmall49244.jpg,
baskauf/49250,baskauf_49250.jpg,Betula alleghaniensis,yellow birch,Betulaceae,twig,twig,orientation of petioles,010301,twig / orientation of petioles,twig,ind-baskauf/49238,2006-06-17T14:19:51-04:00,Steven J. Baskauf,https://bioimages.vanderbilt.edu/baskauf/49250,https://bioimages.vanderbilt.edu/tn/baskauf/tbeal2-tw49250.jpg,https://bioimages.vanderbilt.edu/gq/baskauf/gbeal2-tw49250.jpg,
baskauf/49252,baskauf_49252.jpg,Betula alleghaniensis,yellow birch,Betulaceae,twig,twig,orientation of petioles,010301,twig / orientation of petioles,twig,ind-baskauf/49238,2006-06-17T14:20:09-04:00,Steven J. Baskauf,https://bioimages.vanderbilt.edu/baskauf/49252,https://bioimages.vanderbilt.edu/tn/baskauf/tbeal2-tw49252.jpg,https://bioimages.vanderbilt.edu/gq/baskauf/gbeal2-tw49252.jpg,
baskauf/49248,baskauf_49248.jpg,Betula alleghaniensis,yellow birch,Betulaceae,leaf,leaf,margin of upper + lower surface,010402,leaf / margin of upper + lower surface,leaf,ind-baskauf/49238,2006-06-17T14:19:19-04:00,Steven J. Baskauf,https://bioimages.vanderbilt.edu/baskauf/49248,https://bioimages.vanderbilt.edu/tn/baskauf/tbeal2-lfmargin-uplow49248.jpg,https://bioimages.vanderbilt.edu/gq/baskauf/gbeal2-lfmargin-uplow49248.jpg,
baskauf/49249,baskauf_49249.jpg,Betula alleghaniensis,yellow birch,Betulaceae,leaf,leaf,margin of upper + lower surface,010402,leaf / margin of upper + lower surface,leaf,ind-baskauf/49238,2006-06-17T14:19:29-04:00,Steven J. Baskauf,https://bioimages.vanderbilt.edu/baskauf/49249,https://bioimages.vanderbilt.edu/tn/baskauf/tbeal2-lfmargin-uplow49249.jpg,https://bioimages.vanderbilt.edu/gq/baskauf/gbeal2-lfmargin-uplow49249.jpg,
baskauf/11511,baskauf_11511.jpg,Betula alleghaniensis,yellow birch,Betulaceae,leaf,leaf,showing orientation on twig,010403,leaf / showing orientation on twig,leaf,ind-baskauf/11510,2002-05-30T13:18:28-04:00,Steven J. Baskauf,https://bioimages.vanderbilt.edu/baskauf/11511,https://bioimages.vanderbilt.edu/tn/baskauf/tbeal2-tw11511.jpg,https://bioimages.vanderbilt.edu/gq/baskauf/gbeal2-tw11511.jpg,
baskauf/11510,baskauf_11510.jpg,Betula alleghaniensis,yellow birch,Betulaceae,leaf,leaf,whole upper surface,010401,leaf / whole upper surface,leaf,ind-baskauf/11510,2002-05-30T13:18:05-04:00,Steven J. Baskauf,https://bioimages.vanderbilt.edu/baskauf/11510,https://bioimages.vanderbilt.edu/tn/baskauf/tbeal2-lf11510.jpg,https://bioimages.vanderbilt.edu/gq/baskauf/gbeal2-lf11510.jpg,
baskauf/49247,baskauf_49247.jpg,Betula alleghaniensis,yellow birch,Betulaceae,leaf,leaf,whole upper surface,010401,leaf / whole upper surface,leaf,ind-baskauf/49238,2006-06-17T14:19:07-04:00,Steven J. Baskauf,https://bioimages.vanderbilt.edu/baskauf/49247,https://bioimages.vanderbilt.edu/tn/baskauf/tbeal2-lf49247.jpg,https://bioimages.vanderbilt.edu/gq/baskauf/gbeal2-lf49247.jpg,
baskauf/26426,baskauf_26426.jpg,Betula alleghaniensis,yellow birch,Betulaceae,flower,inflorescence,lateral view of flower,010504,inflorescence / lateral view of flower,flower,ind-baskauf/26417,2003-05-31T11:35:20-04:00,Steven J. Baskauf,https://bioimages.vanderbilt.edu/baskauf/26426,https://bioimages.vanderbilt.edu/tn/baskauf/tbeal2-fl26426.jpg,https://bioimages.vanderbilt.edu/gq/baskauf/gbeal2-fl26426.jpg,
baskauf/26421,baskauf_26421.jpg,Betula alleghaniensis,yellow birch,Betulaceae,flower,inflorescence,whole - male,010503,inflorescence / whole - male,flower,ind-baskauf/26417,2003-05-31T11:27:49-04:00,Steven J. Baskauf,https://bioimages.vanderbilt.edu/baskauf/26421,https://bioimages.vanderbilt.edu/tn/baskauf/tbeal2-flinflor26421.jpg,https://bioimages.vanderbilt.edu/gq/baskauf/gbeal2-flinflor26421.jpg,
baskauf/38151,baskauf_38151.jpg,Betula lenta,sweet birch,Betulaceae,whole plant,whole tree (or vine),general,010101,whole tree (or vine) / general,whole-tree,ind-baskauf/38137,2004-09-11T12:49:56-04:00,Steven J. Baskauf,https://bioimages.vanderbilt.edu/baskauf/38151,https://bioimages.vanderbilt.edu/tn/baskauf/tbele--wp38151.jpg,https://bioimages.vanderbilt.edu/gq/baskauf/gbele--wp38151.jpg,
baskauf/38154,baskauf_38154.jpg,Betula lenta,sweet birch,Betulaceae,whole plant,whole tree (or vine),general,010101,whole tree (or vine) / general,whole-tree,ind-baskauf/38137,2004-09-11T12:50:36-04:00,Steven J. Baskauf,https://bioimages.vanderbilt.edu/baskauf/38154,https://bioimages.vanderbilt.edu/tn/baskauf/tbele--wp38154.jpg,https://bioimages.vanderbilt.edu/gq/baskauf/gbele--wp38154.jpg,
baskauf/38156,baskauf_38156.jpg,Betula lenta,sweet birch,Betulaceae,whole plant,whole tree (or vine),view up trunk,010103,whole tree (or vine) / view up trunk,whole-tree,ind-baskauf/38137,2004-09-11T12:50:59-04:00,Steven J. Baskauf,https://bioimages.vanderbilt.edu/baskauf/38156,https://bioimages.vanderbilt.edu/tn/baskauf/tbele--wplookup38156.jpg,https://bioimages.vanderbilt.edu/gq/baskauf/gbele--wplookup38156.jpg,
baskauf/11698,baskauf_11698.jpg,Betula lenta,sweet birch,Betulaceae,bark,bark,of a large tree,010201,bark / of a large tree,bark,ind-baskauf/11698,2002-06-02T07:20:10-04:00,Steven J. Baskauf,https://bioimages.vanderbilt.edu/baskauf/11698,https://bioimages.vanderbilt.edu/tn/baskauf/tbele--br11698.jpg,https://bioimages.vanderbilt.edu/gq/baskauf/gbele--br11698.jpg,
baskauf/38148,baskauf_38148.jpg,Betula lenta,sweet birch,Betulaceae,bark,bark,of a large tree,010201,bark / of a large tree,bark,ind-baskauf/38137,2004-09-11T12:48:58-04:00,Steven J. Baskauf,https://bioimages.vanderbilt.edu/baskauf/38148,https://bioimages.vanderbilt.edu/tn/baskauf/tbele--br38148.jpg,https://bioimages.vanderbilt.edu/gq/baskauf/gbele--br38148.jpg,
baskauf/37287,baskauf_37287.jpg,Betula lenta,sweet birch,Betulaceae,bark,bark,of a medium tree or large branch,010202,bark / of a medium tree or large branch,bark,ind-baskauf/37284,2004-07-26T15:33:13-04:00,Steven J. Baskauf,https://bioimages.vanderbilt.edu/baskauf/37287,https://bioimages.vanderbilt.edu/tn/baskauf/tbele--br37287.jpg,https://bioimages.vanderbilt.edu/gq/baskauf/gbele--br37287.jpg,
baskauf/37293,baskauf_37293.jpg,Betula lenta,sweet birch,Betulaceae,bark,bark,of a small tree or small branch,010203,bark / of a small tree or small branch,bark,ind-baskauf/37284,2004-07-26T15:35:07-04:00,Steven J. Baskauf,https://bioimages.vanderbilt.edu/baskauf/37293,https://bioimages.vanderbilt.edu/tn/baskauf/tbele--brsmall37293.jpg,https://bioimages.vanderbilt.edu/gq/baskauf/gbele--brsmall37293.jpg,
baskauf/38139,baskauf_38139.jpg,Betula lenta,sweet birch,Betulaceae,twig,twig,orientation of petioles,010301,twig / orientation of petioles,twig,ind-baskauf/38137,2004-09-11T12:46:33-04:00,Steven J. Baskauf,https://bioimages.vanderbilt.edu/baskauf/38139,https://bioimages.vanderbilt.edu/tn/baskauf/tbele--tw38139.jpg,https://bioimages.vanderbilt.edu/gq/baskauf/gbele--tw38139.jpg,
baskauf/37296,baskauf_37296.jpg,Betula lenta,sweet birch,Betulaceae,twig,twig,winter overall,010302,twig / winter overall,twig,ind-baskauf/37284,2004-07-26T15:36:15-04:00,Steven J. Baskauf,https://bioimages.vanderbilt.edu/baskauf/37296,https://bioimages.vanderbilt.edu/tn/baskauf/tbele--tw37296.jpg,https://bioimages.vanderbilt.edu/gq/baskauf/gbele--tw37296.jpg,
baskauf/38144,baskauf_38144.jpg,Betula lenta,sweet birch,Betulaceae,leaf,leaf,margin of upper + lower surface,010402,leaf / margin of upper + lower surface,leaf,ind-baskauf/38137,2004-09-11T12:47:54-04:00,Steven J. Baskauf,https://bioimages.vanderbilt.edu/baskauf/38144,https://bioimages.vanderbilt.edu/tn/baskauf/tbele--lfmargin-uplow38144.jpg,https://bioimages.vanderbilt.edu/gq/baskauf/gbele--lfmargin-uplow38144.jpg,
baskauf/38145,baskauf_38145.jpg,Betula lenta,sweet birch,Betulaceae,leaf,leaf,showing orientation on twig,010403,leaf / showing orientation on twig,leaf,ind-baskauf/38137,2004-09-11T12:48:08-04:00,Steven J. Baskauf,https://bioimages.vanderbilt.edu/baskauf/38145,https://bioimages.vanderbilt.edu/tn/baskauf/tbele--lfseveral38145.jpg,https://bioimages.vanderbilt.edu/gq/baskauf/gbele--lfseveral38145.jpg,
baskauf/38140,baskauf_38140.jpg,Betula lenta,sweet birch,Betulaceae,leaf,leaf,whole upper surface,010401,leaf / whole upper surface,leaf,ind-baskauf/38137,2004-09-11T12:46:52-04:00,Steven J. Baskauf,https://bioimages.vanderbilt.edu/baskauf/38140,https://bioimages.vanderbilt.edu/tn/baskauf/tbele--lf38140.jpg,https://bioimages.vanderbilt.edu/gq/baskauf/gbele--lf38140.jpg,
bassettst/sb560,bassettst_sb560.jpg,Betula papyrifera,paper birch,Betulaceae,whole plant,whole tree (or vine),general,010101,whole tree (or vine) / general,whole-tree,ind-bassettst/sb560,2006-08-17T16:36:23-04:00,Scott T. Bassett,https://bioimages.vanderbilt.edu/bassettst/sb560,https://bioimages.vanderbilt.edu/tn/bassettst/tbepa--wp179sb560.jpg,https://bioimages.vanderbilt.edu/gq/bassettst/gbepa--wp179sb560.jpg,
bassettst/sb561,bassettst_sb561.jpg,Betula papyrifera,paper birch,Betulaceae,whole plant,whole tree (or vine),general,010101,whole tree (or vine) / general,whole-tree,ind-bassettst/sb560,2006-08-17T16:36:41-04:00,Scott T. Bassett,https://bioimages.vanderbilt.edu/bassettst/sb561,https://bioimages.vanderbilt.edu/tn/bassettst/tbepa--wp180sb561.jpg,https://bioimages.vanderbilt.edu/gq/bassettst/gbepa--wp180sb561.jpg,
bassettst/sb562,bassettst_sb562.jpg,Betula papyrifera,paper birch,Betulaceae,whole plant,whole tree (or vine),general,010101,whole tree (or vine) / general,whole-tree,ind-bassettst/sb560,2006-08-17T16:36:57-04:00,Scott T. Bassett,https://bioimages.vanderbilt.edu/bassettst/sb562,https://bioimages.vanderbilt.edu/tn/bassettst/tbepa--wp181sb562.jpg,https://bioimages.vanderbilt.edu/gq/bassettst/gbepa--wp181sb562.jpg,
bassettst/sb564,bassettst_sb564.jpg,Betula papyrifera,paper birch,Betulaceae,whole plant,whole tree (or vine),view up trunk,010103,whole tree (or vine) / view up trunk,whole-tree,ind-bassettst/sb560,2006-08-17T16:39:05-04:00,Scott T. Bassett,https://bioimages.vanderbilt.edu/bassettst/sb564,https://bioimages.vanderbilt.edu/tn/bassettst/tbepa--wplookup187sb564.jpg,https://bioimages.vanderbilt.edu/gq/bassettst/gbepa--wplookup187sb564.jpg,
bassettst/sb569,bassettst_sb569.jpg,Betula papyrifera,paper birch,Betulaceae,bark,bark,of a large tree,010201,bark / of a large tree,bark,ind-bassettst/sb560,2006-08-17T16:37:20-04:00,Scott T. Bassett,https://bioimages.vanderbilt.edu/bassettst/sb569,https://bioimages.vanderbilt.edu/tn/bassettst/tbepa--br182sb569.jpg,https://bioimages.vanderbilt.edu/gq/bassettst/gbepa--br182sb569.jpg,
bassettst/sb563,bassettst_sb563.jpg,Betula papyrifera,paper birch,Betulaceae,leaf,leaf,showing orientation on twig,010403,leaf / showing orientation on twig,leaf,ind-bassettst/sb560,2006-08-17T16:38:01-04:00,Scott T. Bassett,https://bioimages.vanderbilt.edu/bassettst/sb563,https://bioimages.vanderbilt.edu/tn/bassettst/tbepa--lf183sb563.jpg,https://bioimages.vanderbilt.edu/gq/bassettst/gbepa--lf183sb563.jpg,
baskauf/24520,baskauf_24520.jpg,Carpinus caroliniana,American hornbeam,Betulaceae,whole plant,whole tree (or vine),general,010101,whole tree (or vine) / general,whole-tree,ind-baskauf/24519,2003-05-15T10:40:06-05:00,Steven J. Baskauf,https://bioimages.vanderbilt.edu/baskauf/24520,https://bioimages.vanderbilt.edu/tn/baskauf/tcaca18wp24520.jpg,https://bioimages.vanderbilt.edu/gq/baskauf/gcaca18wp24520.jpg,
baskauf/91059,baskauf_91059.jpg,Carpinus caroliniana,American hornbeam,Betulaceae,whole plant,whole tree (or vine),general,010101,whole tree (or vine) / general,whole-tree,vanderbilt/6-189,2014-09-11T08:05:33-05:00,Steven J. Baskauf,https://bioimages.vanderbilt.edu/baskauf/91059,https://bioimages.vanderbilt.edu/tn/baskauf/t91059.jpg,https://bioimages.vanderbilt.edu/gq/baskauf/g91059.jpg,
kirchoff/b5063,kirchoff_b5063.jpg,Carpinus caroliniana,American hornbeam,Betulaceae,whole plant,whole tree (or vine),general,010101,whole tree (or vine) / general,whole-tree,ind-kirchoff/b5063,2005-09-30T12:49:28-04:00,Bruce K. Kirchoff,https://bioimages.vanderbilt.edu/kirchoff/b5063,https://bioimages.vanderbilt.edu/tn/kirchoff/tcaca18wpin-fruitb5063.jpg,https://bioimages.vanderbilt.edu/gq/kirchoff/gcaca18wpin-fruitb5063.jpg,
kirchoff/b5070,kirchoff_b5070.jpg,Carpinus caroliniana,American hornbeam,Betulaceae,bark,bark,of a large tree,010201,bark / of a large tree,bark,ind-kirchoff/b5063,2005-09-30T12:54:24-04:00,Bruce K. Kirchoff,https://bioimages.vanderbilt.edu/kirchoff/b5070,https://bioimages.vanderbilt.edu/tn/kirchoff/tcaca18brb5070.jpg,https://bioimages.vanderbilt.edu/gq/kirchoff/gcaca18brb5070.jpg,
kirchoff/b5060,kirchoff_b5060.jpg,Carpinus caroliniana,American hornbeam,Betulaceae,bark,bark,of a medium tree or large branch,010202,bark / of a medium tree or large branch,bark,ind-kirchoff/b5060,2004-03-27T10:09:40-05:00,Bruce K. Kirchoff,https://bioimages.vanderbilt.edu/kirchoff/b5060,https://bioimages.vanderbilt.edu/tn/kirchoff/tcaca18brb5060.jpg,https://bioimages.vanderbilt.edu/gq/kirchoff/gcaca18brb5060.jpg,
kirchoff/b5061,kirchoff_b5061.jpg,Carpinus caroliniana,American hornbeam,Betulaceae,bark,bark,of a medium tree or large branch,010202,bark / of a medium tree or large branch,bark,ind-kirchoff/b5061,2004-03-27T10:10:11-05:00,Bruce K. Kirchoff,https://bioimages.vanderbilt.edu/kirchoff/b5061,https://bioimages.vanderbilt.edu/tn/kirchoff/tcaca18brb5061.jpg,https://bioimages.vanderbilt.edu/gq/kirchoff/gcaca18brb5061.jpg,
kirchoff/b5062,kirchoff_b5062.jpg,Carpinus caroliniana,American hornbeam,Betulaceae,bark,bark,of a medium tree or large branch,010202,bark / of a medium tree or large branch,bark,ind-kirchoff/b5062,2004-03-27T10:08:52-05:00,Bruce K. Kirchoff,https://bioimages.vanderbilt.edu/kirchoff/b5062,https://bioimages.vanderbilt.edu/tn/kirchoff/tcaca18brb5062.jpg,https://bioimages.vanderbilt.edu/gq/kirchoff/gcaca18brb5062.jpg,
kirchoff/b5066,kirchoff_b5066.jpg,Carpinus caroliniana,American hornbeam,Betulaceae,bark,bark,of a medium tree or large branch,010202,bark / of a medium tree or large branch,bark,ind-kirchoff/b5063,2005-09-30T12:51:57-04:00,Bruce K. Kirchoff,https://bioimages.vanderbilt.edu/kirchoff/b5066,https://bioimages.vanderbilt.edu/tn/kirchoff/tcaca18brb5066.jpg,https://bioimages.vanderbilt.edu/gq/kirchoff/gcaca18brb5066.jpg,
baskauf/12036,baskauf_12036.jpg,Carpinus caroliniana,American hornbeam,Betulaceae,bark,bark,of a small tree or small branch,010203,bark / of a small tree or small branch,bark,ind-baskauf/12036,2002-06-08T13:11:33-05:00,Steven J. Baskauf,https://bioimages.vanderbilt.edu/baskauf/12036,https://bioimages.vanderbilt.edu/tn/baskauf/tcaca18br12036.jpg,https://bioimages.vanderbilt.edu/gq/baskauf/gcaca18br12036.jpg,
baskauf/15728,baskauf_15728.jpg,Carpinus caroliniana,American hornbeam,Betulaceae,bark,bark,of a small tree or small branch,010203,bark / of a small tree or small branch,bark,ind-baskauf/15719,2002-09-21T11:16:35-05:00,Steven J. Baskauf,https://bioimages.vanderbilt.edu/baskauf/15728,https://bioimages.vanderbilt.edu/tn/baskauf/tcaca18br15728.jpg,https://bioimages.vanderbilt.edu/gq/baskauf/gcaca18br15728.jpg,
baskauf/15080,baskauf_15080.jpg,Carpinus caroliniana,American hornbeam,Betulaceae,twig,twig,orientation of petioles,010301,twig / orientation of petioles,twig,ind-baskauf/15074,2002-09-07T13:02:48-04:00,Steven J. Baskauf,https://bioimages.vanderbilt.edu/baskauf/15080,https://bioimages.vanderbilt.edu/tn/baskauf/tcaca18tw15080.jpg,https://bioimages.vanderbilt.edu/gq/baskauf/gcaca18tw15080.jpg,
baskauf/15691,baskauf_15691.jpg,Carpinus caroliniana,American hornbeam,Betulaceae,twig,twig,orientation of petioles,010301,twig / orientation of petioles,twig,ind-baskauf/15691,2002-09-21T10:32:42-05:00,Steven J. Baskauf,https://bioimages.vanderbilt.edu/baskauf/15691,https://bioimages.vanderbilt.edu/tn/baskauf/tcaca18tw15691.jpg,https://bioimages.vanderbilt.edu/gq/baskauf/gcaca18tw15691.jpg,
baskauf/29813,baskauf_29813.jpg,Carpinus caroliniana,American hornbeam,Betulaceae,twig,twig,orientation of petioles,010301,twig / orientation of petioles,twig,ind-baskauf/29806,2003-10-04T13:43:06-05:00,Steven J. Baskauf,https://bioimages.vanderbilt.edu/baskauf/29813,https://bioimages.vanderbilt.edu/tn/baskauf/tcaca18tw29813.jpg,https://bioimages.vanderbilt.edu/gq/baskauf/gcaca18tw29813.jpg,
baskauf/15692,baskauf_15692.jpg,Carpinus caroliniana,American hornbeam,Betulaceae,leaf,leaf,margin of upper + lower surface,010402,leaf / margin of upper + lower surface,leaf,ind-baskauf/15691,2002-09-21T10:34:09-05:00,Steven J. Baskauf,https://bioimages.vanderbilt.edu/baskauf/15692,https://bioimages.vanderbilt.edu/tn/baskauf/tcaca18lfmargin-uplow15692.jpg,https://bioimages.vanderbilt.edu/gq/baskauf/gcaca18lfmargin-uplow15692.jpg,
baskauf/11030,baskauf_11030.jpg,Carpinus caroliniana,American hornbeam,Betulaceae,leaf,leaf,showing orientation on twig,010403,leaf / showing orientation on twig,leaf,ind-baskauf/11030,2002-05-16T10:23:30-05:00,Steven J. Baskauf,https://bioimages.vanderbilt.edu/baskauf/11030,https://bioimages.vanderbilt.edu/tn/baskauf/tcaca18lfseveral11030.jpg,https://bioimages.vanderbilt.edu/gq/baskauf/gcaca18lfseveral11030.jpg,
baskauf/12037,baskauf_12037.jpg,Carpinus caroliniana,American hornbeam,Betulaceae,leaf,leaf,showing orientation on twig,010403,leaf / showing orientation on twig,leaf,ind-baskauf/12036,2002-06-08T13:13:18-05:00,Steven J. Baskauf,https://bioimages.vanderbilt.edu/baskauf/12037,https://bioimages.vanderbilt.edu/tn/baskauf/tcaca18lfseveral12037.jpg,https://bioimages.vanderbilt.edu/gq/baskauf/gcaca18lfseveral12037.jpg,
baskauf/15074,baskauf_15074.jpg,Carpinus caroliniana,American hornbeam,Betulaceae,leaf,leaf,showing orientation on twig,010403,leaf / showing orientation on twig,leaf,ind-baskauf/15074,2002-09-07T12:59:36-04:00,Steven J. Baskauf,https://bioimages.vanderbilt.edu/baskauf/15074,https://bioimages.vanderbilt.edu/tn/baskauf/tcaca18br15074.jpg,https://bioimages.vanderbilt.edu/gq/baskauf/gcaca18br15074.jpg,
baskauf/15076,baskauf_15076.jpg,Carpinus caroliniana,American hornbeam,Betulaceae,leaf,leaf,showing orientation on twig,010403,leaf / showing orientation on twig,leaf,ind-baskauf/15074,2002-09-07T13:01:40-04:00,Steven J. Baskauf,https://bioimages.vanderbilt.edu/baskauf/15076,https://bioimages.vanderbilt.edu/tn/baskauf/tcaca18lfseveral15076.jpg,https://bioimages.vanderbilt.edu/gq/baskauf/gcaca18lfseveral15076.jpg,
kirchoff/b5067,kirchoff_b5067.jpg,Carpinus caroliniana,American hornbeam,Betulaceae,leaf,leaf,showing orientation on twig,010403,leaf / showing orientation on twig,leaf,ind-kirchoff/b5063,2005-09-30T12:52:08-04:00,Bruce K. Kirchoff,https://bioimages.vanderbilt.edu/kirchoff/b5067,https://bioimages.vanderbilt.edu/tn/kirchoff/tcaca18lfseveralb5067.jpg,https://bioimages.vanderbilt.edu/gq/kirchoff/gcaca18lfseveralb5067.jpg,
baskauf/15696,baskauf_15696.jpg,Carpinus caroliniana,American hornbeam,Betulaceae,leaf,leaf,unspecified,010400,leaf / unspecified,leaf,ind-baskauf/15691,2002-09-21T10:35:20-05:00,Steven J. Baskauf,https://bioimages.vanderbilt.edu/baskauf/15696,https://bioimages.vanderbilt.edu/tn/baskauf/tcaca18lfbase15696.jpg,https://bioimages.vanderbilt.edu/gq/baskauf/gcaca18lfbase15696.jpg,unspecified view
baskauf/12039,baskauf_12039.jpg,Carpinus caroliniana,American hornbeam,Betulaceae,leaf,leaf,whole upper surface,010401,leaf / whole upper surface,leaf,ind-baskauf/12036,2002-06-08T13:15:18-05:00,Steven J. Baskauf,https://bioimages.vanderbilt.edu/baskauf/12039,https://bioimages.vanderbilt.edu/tn/baskauf/tcaca18lf12039.jpg,https://bioimages.vanderbilt.edu/gq/baskauf/gcaca18lf12039.jpg,
baskauf/15078,baskauf_15078.jpg,Carpinus caroliniana,American hornbeam,Betulaceae,leaf,leaf,whole upper surface,010401,leaf / whole upper surface,leaf,ind-baskauf/15074,2002-09-07T13:02:20-04:00,Steven J. Baskauf,https://bioimages.vanderbilt.edu/baskauf/15078,https://bioimages.vanderbilt.edu/tn/baskauf/tcaca18lf15078.jpg,https://bioimages.vanderbilt.edu/gq/baskauf/gcaca18lf15078.jpg,
baskauf/29811,baskauf_29811.jpg,Carpinus caroliniana,American hornbeam,Betulaceae,leaf,leaf,whole upper surface,010401,leaf / whole upper surface,leaf,ind-baskauf/29806,2003-10-04T13:41:58-05:00,Steven J. Baskauf,https://bioimages.vanderbilt.edu/baskauf/29811,https://bioimages.vanderbilt.edu/tn/baskauf/tcaca18lf29811.jpg,https://bioimages.vanderbilt.edu/gq/baskauf/gcaca18lf29811.jpg,
kirchoff/b5068,kirchoff_b5068.jpg,Carpinus caroliniana,American hornbeam,Betulaceae,leaf,leaf,whole upper surface,010401,leaf / whole upper surface,leaf,ind-kirchoff/b5063,2005-09-30T12:53:51-04:00,Bruce K. Kirchoff,https://bioimages.vanderbilt.edu/kirchoff/b5068,https://bioimages.vanderbilt.edu/tn/kirchoff/tcaca18lfb5068.jpg,https://bioimages.vanderbilt.edu/gq/kirchoff/gcaca18lfb5068.jpg,
baskauf/19189,baskauf_19189.jpg,Carpinus caroliniana,American hornbeam,Betulaceae,flower,inflorescence,whole - female,010502,inflorescence / whole - female,flower,ind-baskauf/19166,2003-04-02T11:51:16-06:00,Steven J. Baskauf,https://bioimages.vanderbilt.edu/baskauf/19189,https://bioimages.vanderbilt.edu/tn/baskauf/tcaca18flfemale19189.jpg,https://bioimages.vanderbilt.edu/gq/baskauf/gcaca18flfemale19189.jpg,
baskauf/50597,baskauf_50597.jpg,Carpinus caroliniana,American hornbeam,Betulaceae,flower,inflorescence,whole - female,010502,inflorescence / whole - female,flower,vanderbilt/6-189,2006-03-15T08:11:06-06:00,Steven J. Baskauf,https://bioimages.vanderbilt.edu/baskauf/50597,https://bioimages.vanderbilt.edu/tn/baskauf/tcaca18flfemale50597.jpg,https://bioimages.vanderbilt.edu/gq/baskauf/gcaca18flfemale50597.jpg,
baskauf/15075,baskauf_15075.jpg,Carpinus caroliniana,American hornbeam,Betulaceae,flower,inflorescence,whole - male,010503,inflorescence / whole - male,flower,ind-baskauf/15074,2002-09-07T13:00:12-04:00,Steven J. Baskauf,https://bioimages.vanderbilt.edu/baskauf/15075,https://bioimages.vanderbilt.edu/tn/baskauf/tcaca18flmale-catkin15075.jpg,https://bioimages.vanderbilt.edu/gq/baskauf/gcaca18flmale-catkin15075.jpg,
baskauf/19182,baskauf_19182.jpg,Carpinus caroliniana,American hornbeam,Betulaceae,flower,inflorescence,whole - male,010503,inflorescence / whole - male,flower,ind-baskauf/19166,2003-04-02T11:50:19-06:00,Steven J. Baskauf,https://bioimages.vanderbilt.edu/baskauf/19182,https://bioimages.vanderbilt.edu/tn/baskauf/tcaca18flmale19182.jpg,https://bioimages.vanderbilt.edu/gq/baskauf/gcaca18flmale19182.jpg,
baskauf/50598,baskauf_50598.jpg,Carpinus caroliniana,American hornbeam,Betulaceae,flower,inflorescence,whole - male,010503,inflorescence / whole - male,flower,vanderbilt/6-189,2006-03-15T08:11:31-06:00,Steven J. Baskauf,https://bioimages.vanderbilt.edu/baskauf/50598,https://bioimages.vanderbilt.edu/tn/baskauf/tcaca18flmale50598.jpg,https://bioimages.vanderbilt.edu/gq/baskauf/gcaca18flmale50598.jpg,
baskauf/19171,baskauf_19171.jpg,Carpinus caroliniana,American hornbeam,Betulaceae,flower,inflorescence,whole - unspecified,010501,inflorescence / whole - unspecified,flower,ind-baskauf/19166,2003-04-02T11:46:20-06:00,Steven J. Baskauf,https://bioimages.vanderbilt.edu/baskauf/19171,https://bioimages.vanderbilt.edu/tn/baskauf/tcaca18fl19171.jpg,https://bioimages.vanderbilt.edu/gq/baskauf/gcaca18fl19171.jpg,unspecified view
baskauf/50601,baskauf_50601.jpg,Carpinus caroliniana,American hornbeam,Betulaceae,flower,inflorescence,whole - unspecified,010501,inflorescence / whole - unspecified,flower,vanderbilt/6-189,2006-03-15T08:12:06-06:00,Steven J. Baskauf,https://bioimages.vanderbilt.edu/baskauf/50601,https://bioimages.vanderbilt.edu/tn/baskauf/tcaca18flinflor50601.jpg,https://bioimages.vanderbilt.edu/gq/baskauf/gcaca18flinflor50601.jpg,unspecified view
baskauf/15719,baskauf_15719.jpg,Carpinus caroliniana,American hornbeam,Betulaceae,fruit,fruit,as borne on the plant,010601,fruit / as borne on the plant,fruit,ind-baskauf/15719,2002-09-21T11:06:48-05:00,Steven J. Baskauf,https://bioimages.vanderbilt.edu/baskauf/15719,https://bioimages.vanderbilt.edu/tn/baskauf/tcaca18frin-fruit15719.jpg,https://bioimages.vanderbilt.edu/gq/baskauf/gcaca18frin-fruit15719.jpg,
baskauf/25478,baskauf_25478.jpg,Carpinus caroliniana,American hornbeam,Betulaceae,fruit,fruit,as borne on the plant,010601,fruit / as borne on the plant,fruit,ind-baskauf/25478,2003-05-23T12:22:35-05:00,Steven J. Baskauf,https://bioimages.vanderbilt.edu/baskauf/25478,https://bioimages.vanderbilt.edu/tn/baskauf/tcaca18wpin-fruit25478.jpg,https://bioimages.vanderbilt.edu/gq/baskauf/gcaca18wpin-fruit25478.jpg,
kirchoff/b5071,kirchoff_b5071.jpg,Carpinus caroliniana,American hornbeam,Betulaceae,fruit,fruit,as borne on the plant,010601,fruit / as borne on the plant,fruit,ind-kirchoff/b5063,2005-09-30T12:54:42-04:00,Bruce K. Kirchoff,https://bioimages.vanderbilt.edu/kirchoff/b5071,https://bioimages.vanderbilt.edu/tn/kirchoff/tcaca18frdistantb5071.jpg,https://bioimages.vanderbilt.edu/gq/kirchoff/gcaca18frdistantb5071.jpg,
kirchoff/b5069,kirchoff_b5069.jpg,Carpinus caroliniana,American hornbeam,Betulaceae,fruit,fruit,immature,010604,fruit / immature,fruit,ind-kirchoff/b5063,2005-09-30T12:54:07-04:00,Bruce K. Kirchoff,https://bioimages.vanderbilt.edu/kirchoff/b5069,https://bioimages.vanderbilt.edu/tn/kirchoff/tcaca18frb5069.jpg,https://bioimages.vanderbilt.edu/gq/kirchoff/gcaca18frb5069.jpg,
baskauf/15721,baskauf_15721.jpg,Carpinus caroliniana,American hornbeam,Betulaceae,fruit,fruit,lateral or general close-up,010602,fruit / lateral or general close-up,fruit,ind-baskauf/15719,2002-09-21T11:12:31-05:00,Steven J. Baskauf,https://bioimages.vanderbilt.edu/baskauf/15721,https://bioimages.vanderbilt.edu/tn/baskauf/tcaca18frcloseup15721.jpg,https://bioimages.vanderbilt.edu/gq/baskauf/gcaca18frcloseup15721.jpg,
baskauf/15726,baskauf_15726.jpg,Carpinus caroliniana,American hornbeam,Betulaceae,fruit,fruit,lateral or general close-up,010602,fruit / lateral or general close-up,fruit,ind-baskauf/15719,2002-09-21T11:13:58-05:00,Steven J. Baskauf,https://bioimages.vanderbilt.edu/baskauf/15726,https://bioimages.vanderbilt.edu/tn/baskauf/tcaca18fr15726.jpg,https://bioimages.vanderbilt.edu/gq/baskauf/gcaca18fr15726.jpg,
baskauf/43789,baskauf_43789.jpg,Carpinus caroliniana,American hornbeam,Betulaceae,fruit,fruit,lateral or general close-up,010602,fruit / lateral or general close-up,fruit,vanderbilt/6-189,2005-11-17T17:16:10-06:00,Steven J. Baskauf,https://bioimages.vanderbilt.edu/baskauf/43789,https://bioimages.vanderbilt.edu/tn/baskauf/tcaca18frmature43789.jpg,https://bioimages.vanderbilt.edu/gq/baskauf/gcaca18frmature43789.jpg,
baskauf/43792,baskauf_43792.jpg,Carpinus caroliniana,American hornbeam,Betulaceae,fruit,fruit,lateral or general close-up,010602,fruit / lateral or general close-up,fruit,vanderbilt/6-189,2005-11-17T17:16:52-06:00,Steven J. Baskauf,https://bioimages.vanderbilt.edu/baskauf/43792,https://bioimages.vanderbilt.edu/tn/baskauf/tcaca18frmature43792.jpg,https://bioimages.vanderbilt.edu/gq/baskauf/gcaca18frmature43792.jpg,
kirchoff/b5064,kirchoff_b5064.jpg,Carpinus caroliniana,American hornbeam,Betulaceae,fruit,fruit,lateral or general close-up,010602,fruit / lateral or general close-up,fruit,ind-kirchoff/b5063,2005-09-30T12:50:20-04:00,Bruce K. Kirchoff,https://bioimages.vanderbilt.edu/kirchoff/b5064,https://bioimages.vanderbilt.edu/tn/kirchoff/tcaca18frsideb5064.jpg,https://bioimages.vanderbilt.edu/gq/kirchoff/gcaca18frsideb5064.jpg,
kirchoff/b5065,kirchoff_b5065.jpg,Carpinus caroliniana,American hornbeam,Betulaceae,fruit,fruit,lateral or general close-up,010602,fruit / lateral or general close-up,fruit,ind-kirchoff/b5063,2005-09-30T12:51:32-04:00,Bruce K. Kirchoff,https://bioimages.vanderbilt.edu/kirchoff/b5065,https://bioimages.vanderbilt.edu/tn/kirchoff/tcaca18frfrontb5065.jpg,https://bioimages.vanderbilt.edu/gq/kirchoff/gcaca18frfrontb5065.jpg,
baskauf/11996,baskauf_11996.jpg,Carya cordiformis,bitternut hickory,Juglandaceae,whole plant,whole tree (or vine),general,010101,whole tree (or vine) / general,whole-tree,ind-baskauf/11993,2002-06-08T12:00:44-05:00,Steven J. Baskauf,https://bioimages.vanderbilt.edu/baskauf/11996,https://bioimages.vanderbilt.edu/tn/baskauf/tcaco15wpsmall11996.jpg,https://bioimages.vanderbilt.edu/gq/baskauf/gcaco15wpsmall11996.jpg,
baskauf/27901,baskauf_27901.jpg,Carya cordiformis,bitternut hickory,Juglandaceae,whole plant,whole tree (or vine),general,010101,whole tree (or vine) / general,whole-tree,ind-baskauf/27882,2003-07-03T14:04:41-05:00,Steven J. Baskauf,https://bioimages.vanderbilt.edu/baskauf/27901,https://bioimages.vanderbilt.edu/tn/baskauf/tcaco15wp27901.jpg,https://bioimages.vanderbilt.edu/gq/baskauf/gcaco15wp27901.jpg,
baskauf/90947,baskauf_90947.jpg,Carya cordiformis,bitternut hickory,Juglandaceae,whole plant,whole tree (or vine),general,010101,whole tree (or vine) / general,whole-tree,vanderbilt/7-289,2014-09-03T16:30:11-05:00,Steven J. Baskauf,https://bioimages.vanderbilt.edu/baskauf/90947,https://bioimages.vanderbilt.edu/tn/baskauf/t90947.jpg,https://bioimages.vanderbilt.edu/gq/baskauf/g90947.jpg,
baskauf/27900,baskauf_27900.jpg,Carya cordiformis,bitternut hickory,Juglandaceae,whole plant,whole tree (or vine),view up trunk,010103,whole tree (or vine) / view up trunk,whole-tree,ind-baskauf/27882,2003-07-03T14:04:02-05:00,Steven J. Baskauf,https://bioimages.vanderbilt.edu/baskauf/27900,https://bioimages.vanderbilt.edu/tn/baskauf/tcaco15wplookup27900.jpg,https://bioimages.vanderbilt.edu/gq/baskauf/gcaco15wplookup27900.jpg,
baskauf/89367,baskauf_89367.jpg,Carya cordiformis,bitternut hickory,Juglandaceae,whole plant,whole tree (or vine),winter,010102,whole tree (or vine) / winter,whole-tree,vanderbilt/7-289,2013-12-11T13:35:24-06:00,Steven J. Baskauf,https://bioimages.vanderbilt.edu/baskauf/89367,https://bioimages.vanderbilt.edu/tn/baskauf/t89367.jpg,https://bioimages.vanderbilt.edu/gq/baskauf/g89367.jpg,
baskauf/27896,baskauf_27896.jpg,Carya cordiformis,bitternut hickory,Juglandaceae,bark,bark,of a large tree,010201,bark / of a large tree,bark,ind-baskauf/27882,2003-07-03T14:03:13-05:00,Steven J. Baskauf,https://bioimages.vanderbilt.edu/baskauf/27896,https://bioimages.vanderbilt.edu/tn/baskauf/tcaco15brclose27896.jpg,https://bioimages.vanderbilt.edu/gq/baskauf/gcaco15brclose27896.jpg,
baskauf/27897,baskauf_27897.jpg,Carya cordiformis,bitternut hickory,Juglandaceae,bark,bark,of a large tree,010201,bark / of a large tree,bark,ind-baskauf/27882,2003-07-03T14:03:39-05:00,Steven J. Baskauf,https://bioimages.vanderbilt.edu/baskauf/27897,https://bioimages.vanderbilt.edu/tn/baskauf/tcaco15br27897.jpg,https://bioimages.vanderbilt.edu/gq/baskauf/gcaco15br27897.jpg,
baskauf/11995,baskauf_11995.jpg,Carya cordiformis,bitternut hickory,Juglandaceae,twig,twig,close-up winter leaf scar/bud,010303,twig / close-up winter leaf scar/bud,twig,ind-baskauf/11993,2002-06-08T12:00:28-05:00,Steven J. Baskauf,https://bioimages.vanderbilt.edu/baskauf/11995,https://bioimages.vanderbilt.edu/tn/baskauf/tcaco15twax-bud11995.jpg,https://bioimages.vanderbilt.edu/gq/baskauf/gcaco15twax-bud11995.jpg,
baskauf/27886,baskauf_27886.jpg,Carya cordiformis,bitternut hickory,Juglandaceae,twig,twig,close-up winter leaf scar/bud,010303,twig / close-up winter leaf scar/bud,twig,ind-baskauf/27882,2003-07-03T14:01:18-05:00,Steven J. Baskauf,https://bioimages.vanderbilt.edu/baskauf/27886,https://bioimages.vanderbilt.edu/tn/baskauf/tcaco15twax-bud27886.jpg,https://bioimages.vanderbilt.edu/gq/baskauf/gcaco15twax-bud27886.jpg,
baskauf/11997,baskauf_11997.jpg,Carya cordiformis,bitternut hickory,Juglandaceae,twig,twig,close-up winter terminal bud,010304,twig / close-up winter terminal bud,twig,ind-baskauf/11993,2002-06-08T12:01:15-05:00,Steven J. Baskauf,https://bioimages.vanderbilt.edu/baskauf/11997,https://bioimages.vanderbilt.edu/tn/baskauf/tcaco15twterm-bud11997.jpg,https://bioimages.vanderbilt.edu/gq/baskauf/gcaco15twterm-bud11997.jpg,
baskauf/27882,baskauf_27882.jpg,Carya cordiformis,bitternut hickory,Juglandaceae,twig,twig,close-up winter terminal bud,010304,twig / close-up winter terminal bud,twig,ind-baskauf/27882,2003-07-03T14:00:22-05:00,Steven J. Baskauf,https://bioimages.vanderbilt.edu/baskauf/27882,https://bioimages.vanderbilt.edu/tn/baskauf/tcaco15twterm-bud27882.jpg,https://bioimages.vanderbilt.edu/gq/baskauf/gcaco15twterm-bud27882.jpg,
baskauf/30235,baskauf_30235.jpg,Carya cordiformis,bitternut hickory,Juglandaceae,twig,twig,orientation of petioles,010301,twig / orientation of petioles,twig,ind-baskauf/30230,2003-10-15T10:20:18-05:00,Steven J. Baskauf,https://bioimages.vanderbilt.edu/baskauf/30235,https://bioimages.vanderbilt.edu/tn/baskauf/tcaco15tw30235.jpg,https://bioimages.vanderbilt.edu/gq/baskauf/gcaco15tw30235.jpg,
baskauf/52430,baskauf_52430.jpg,Carya cordiformis,bitternut hickory,Juglandaceae,leaf,leaf,margin of upper + lower surface,010402,leaf / margin of upper + lower surface,leaf,vanderbilt/7-289,2006-06-07T12:50:02-05:00,Steven J. Baskauf,https://bioimages.vanderbilt.edu/baskauf/52430,https://bioimages.vanderbilt.edu/tn/baskauf/tcaco15lfmargin-uplow52430.jpg,https://bioimages.vanderbilt.edu/gq/baskauf/gcaco15lfmargin-uplow52430.jpg,
baskauf/11993,baskauf_11993.jpg,Carya cordiformis,bitternut hickory,Juglandaceae,leaf,leaf,whole upper surface,010401,leaf / whole upper surface,leaf,ind-baskauf/11993,2002-06-08T11:59:34-05:00,Steven J. Baskauf,https://bioimages.vanderbilt.edu/baskauf/11993,https://bioimages.vanderbilt.edu/tn/baskauf/tcaco15lf11993.jpg,https://bioimages.vanderbilt.edu/gq/baskauf/gcaco15lf11993.jpg,
baskauf/12060,baskauf_12060.jpg,Carya cordiformis,bitternut hickory,Juglandaceae,leaf,leaf,whole upper surface,010401,leaf / whole upper surface,leaf,ind-baskauf/12060,2002-06-08T13:28:53-05:00,Steven J. Baskauf,https://bioimages.vanderbilt.edu/baskauf/12060,https://bioimages.vanderbilt.edu/tn/baskauf/tcaco15lf12060.jpg,https://bioimages.vanderbilt.edu/gq/baskauf/gcaco15lf12060.jpg,
baskauf/27889,baskauf_27889.jpg,Carya cordiformis,bitternut hickory,Juglandaceae,leaf,leaf,whole upper surface,010401,leaf / whole upper surface,leaf,ind-baskauf/27882,2003-07-03T14:02:04-05:00,Steven J. Baskauf,https://bioimages.vanderbilt.edu/baskauf/27889,https://bioimages.vanderbilt.edu/tn/baskauf/tcaco15lf27889.jpg,https://bioimages.vanderbilt.edu/gq/baskauf/gcaco15lf27889.jpg,
baskauf/30252,baskauf_30252.jpg,Carya cordiformis,bitternut hickory,Juglandaceae,leaf,leaf,whole upper surface,010401,leaf / whole upper surface,leaf,ind-baskauf/30230,2003-10-15T11:04:08-05:00,Steven J. Baskauf,https://bioimages.vanderbilt.edu/baskauf/30252,https://bioimages.vanderbilt.edu/tn/baskauf/tcaco15lf30252.jpg,https://bioimages.vanderbilt.edu/gq/baskauf/gcaco15lf30252.jpg,
baskauf/51574,baskauf_51574.jpg,Carya cordiformis,bitternut hickory,Juglandaceae,flower,inflorescence,whole - female,010502,inflorescence / whole - female,flower,vanderbilt/7-289,2006-04-24T07:21:42-05:00,Steven J. Baskauf,https://bioimages.vanderbilt.edu/baskauf/51574,https://bioimages.vanderbilt.edu/tn/baskauf/tcaco15flfemale-side51574.jpg,https://bioimages.vanderbilt.edu/gq/baskauf/gcaco15flfemale-side51574.jpg,
baskauf/51575,baskauf_51575.jpg,Carya cordiformis,bitternut hickory,Juglandaceae,flower,inflorescence,whole - female,010502,inflorescence / whole - female,flower,vanderbilt/7-289,2006-04-24T07:21:56-05:00,Steven J. Baskauf,https://bioimages.vanderbilt.edu/baskauf/51575,https://bioimages.vanderbilt.edu/tn/baskauf/tcaco15flfemale-front51575.jpg,https://bioimages.vanderbilt.edu/gq/baskauf/gcaco15flfemale-front51575.jpg,
baskauf/51577,baskauf_51577.jpg,Carya cordiformis,bitternut hickory,Juglandaceae,flower,inflorescence,whole - male,010503,inflorescence / whole - male,flower,vanderbilt/7-289,2006-04-24T07:22:49-05:00,Steven J. Baskauf,https://bioimages.vanderbilt.edu/baskauf/51577,https://bioimages.vanderbilt.edu/tn/baskauf/tcaco15flmale51577.jpg,https://bioimages.vanderbilt.edu/gq/baskauf/gcaco15flmale51577.jpg,
baskauf/51578,baskauf_51578.jpg,Carya cordiformis,bitternut hickory,Juglandaceae,flower,inflorescence,whole - male,010503,inflorescence / whole - male,flower,vanderbilt/7-289,2006-04-24T07:23:17-05:00,Steven J. Baskauf,https://bioimages.vanderbilt.edu/baskauf/51578,https://bioimages.vanderbilt.edu/tn/baskauf/tcaco15flmale-close51578.jpg,https://bioimages.vanderbilt.edu/gq/baskauf/gcaco15flmale-close51578.jpg,
baskauf/51572,baskauf_51572.jpg,Carya cordiformis,bitternut hickory,Juglandaceae,flower,inflorescence,whole - unspecified,010501,inflorescence / whole - unspecified,flower,vanderbilt/7-289,2006-04-24T07:21:09-05:00,Steven J. Baskauf,https://bioimages.vanderbilt.edu/baskauf/51572,https://bioimages.vanderbilt.edu/tn/baskauf/tcaco15fl51572.jpg,https://bioimages.vanderbilt.edu/gq/baskauf/gcaco15fl51572.jpg,unspecified view
baskauf/30246,baskauf_30246.jpg,Carya cordiformis,bitternut hickory,Juglandaceae,fruit,fruit,immature,010604,fruit / immature,fruit,ind-baskauf/30230,2003-10-15T10:25:13-05:00,Steven J. Baskauf,https://bioimages.vanderbilt.edu/baskauf/30246,https://bioimages.vanderbilt.edu/tn/baskauf/tcaco15frimmature30246.jpg,https://bioimages.vanderbilt.edu/gq/baskauf/gcaco15frimmature30246.jpg,
baskauf/30241,baskauf_30241.jpg,Carya cordiformis,bitternut hickory,Juglandaceae,fruit,fruit,lateral or general close-up,010602,fruit / lateral or general close-up,fruit,ind-baskauf/30230,2003-10-15T10:23:41-05:00,Steven J. Baskauf,https://bioimages.vanderbilt.edu/baskauf/30241,https://bioimages.vanderbilt.edu/tn/baskauf/tcaco15fr30241.jpg,https://bioimages.vanderbilt.edu/gq/baskauf/gcaco15fr30241.jpg,
baskauf/30240,baskauf_30240.jpg,Carya cordiformis,bitternut hickory,Juglandaceae,fruit,fruit,section or open,010603,fruit / section or open,fruit,ind-baskauf/30230,2003-10-15T10:22:50-05:00,Steven J. Baskauf,https://bioimages.vanderbilt.edu/baskauf/30240,https://bioimages.vanderbilt.edu/tn/baskauf/tcaco15fr30240.jpg,https://bioimages.vanderbilt.edu/gq/baskauf/gcaco15fr30240.jpg,
baskauf/13828,baskauf_13828.jpg,Carya laciniosa,shellbark hickory,Juglandaceae,whole plant,whole tree (or vine),general,010101,whole tree (or vine) / general,whole-tree,ind-baskauf/13828,2002-07-18T13:58:20-05:00,Steven J. Baskauf,https://bioimages.vanderbilt.edu/baskauf/13828,https://bioimages.vanderbilt.edu/tn/baskauf/tcala21wplarge13828.jpg,https://bioimages.vanderbilt.edu/gq/baskauf/gcala21wplarge13828.jpg,
baskauf/13839,baskauf_13839.jpg,Carya laciniosa,shellbark hickory,Juglandaceae,whole plant,whole tree (or vine),view up trunk,010103,whole tree (or vine) / view up trunk,whole-tree,ind-baskauf/13828,2002-07-18T14:07:50-05:00,Steven J. Baskauf,https://bioimages.vanderbilt.edu/baskauf/13839,https://bioimages.vanderbilt.edu/tn/baskauf/tcala21wplookup-large13839.jpg,https://bioimages.vanderbilt.edu/gq/baskauf/gcala21wplookup-large13839.jpg,
baskauf/13843,baskauf_13843.jpg,Carya laciniosa,shellbark hickory,Juglandaceae,bark,bark,of a large tree,010201,bark / of a large tree,bark,ind-baskauf/13828,2002-07-18T14:09:23-05:00,Steven J. Baskauf,https://bioimages.vanderbilt.edu/baskauf/13843,https://bioimages.vanderbilt.edu/tn/baskauf/tcala21brlarge13843.jpg,https://bioimages.vanderbilt.edu/gq/baskauf/gcala21brlarge13843.jpg,
baskauf/13866,baskauf_13866.jpg,Carya laciniosa,shellbark hickory,Juglandaceae,twig,twig,orientation of petioles,010301,twig / orientation of petioles,twig,ind-baskauf/13828,2002-07-18T15:44:28-05:00,Steven J. Baskauf,https://bioimages.vanderbilt.edu/baskauf/13866,https://bioimages.vanderbilt.edu/tn/baskauf/tcala21twterm-bud13866.jpg,https://bioimages.vanderbilt.edu/gq/baskauf/gcala21twterm-bud13866.jpg,
baskauf/13870,baskauf_13870.jpg,Carya laciniosa,shellbark hickory,Juglandaceae,twig,twig,orientation of petioles,010301,twig / orientation of petioles,twig,ind-baskauf/13828,2002-07-18T15:45:31-05:00,Steven J. Baskauf,https://bioimages.vanderbilt.edu/baskauf/13870,https://bioimages.vanderbilt.edu/tn/baskauf/tcala21tw13870.jpg,https://bioimages.vanderbilt.edu/gq/baskauf/gcala21tw13870.jpg,
baskauf/13885,baskauf_13885.jpg,Carya laciniosa,shellbark hickory,Juglandaceae,twig,twig,unspecified,010300,twig / unspecified,twig,ind-baskauf/13828,2002-07-18T15:55:32-05:00,Steven J. Baskauf,https://bioimages.vanderbilt.edu/baskauf/13885,https://bioimages.vanderbilt.edu/tn/baskauf/tcala21twmicro13885.jpg,https://bioimages.vanderbilt.edu/gq/baskauf/gcala21twmicro13885.jpg,unspecified view
baskauf/13836,baskauf_13836.jpg,Carya laciniosa,shellbark hickory,Juglandaceae,leaf,leaf,margin of upper + lower surface,010402,leaf / margin of upper + lower surface,leaf,ind-baskauf/13828,2002-07-18T14:03:33-05:00,Steven J. Baskauf,https://bioimages.vanderbilt.edu/baskauf/13836,https://bioimages.vanderbilt.edu/tn/baskauf/tcala21lfmargin-uplow13836.jpg,https://bioimages.vanderbilt.edu/gq/baskauf/gcala21lfmargin-uplow13836.jpg,
baskauf/13878,baskauf_13878.jpg,Carya laciniosa,shellbark hickory,Juglandaceae,leaf,leaf,margin of upper + lower surface,010402,leaf / margin of upper + lower surface,leaf,ind-baskauf/13828,2002-07-18T15:53:11-05:00,Steven J. Baskauf,https://bioimages.vanderbilt.edu/baskauf/13878,https://bioimages.vanderbilt.edu/tn/baskauf/tcala21lfmargin-micro13878.jpg,https://bioimages.vanderbilt.edu/gq/baskauf/gcala21lfmargin-micro13878.jpg,
baskauf/13880,baskauf_13880.jpg,Carya laciniosa,shellbark hickory,Juglandaceae,leaf,leaf,margin of upper + lower surface,010402,leaf / margin of upper + lower surface,leaf,ind-baskauf/13828,2002-07-18T15:54:04-05:00,Steven J. Baskauf,https://bioimages.vanderbilt.edu/baskauf/13880,https://bioimages.vanderbilt.edu/tn/baskauf/tcala21lflower-micro13880.jpg,https://bioimages.vanderbilt.edu/gq/baskauf/gcala21lflower-micro13880.jpg,
baskauf/13833,baskauf_13833.jpg,Carya laciniosa,shellbark hickory,Juglandaceae,leaf,leaf,showing orientation on twig,010403,leaf / showing orientation on twig,leaf,ind-baskauf/13828,2002-07-18T14:00:32-05:00,Steven J. Baskauf,https://bioimages.vanderbilt.edu/baskauf/13833,https://bioimages.vanderbilt.edu/tn/baskauf/tcala21lfseveral13833.jpg,https://bioimages.vanderbilt.edu/gq/baskauf/gcala21lfseveral13833.jpg,
baskauf/13862,baskauf_13862.jpg,Carya laciniosa,shellbark hickory,Juglandaceae,leaf,leaf,whole upper surface,010401,leaf / whole upper surface,leaf,ind-baskauf/13828,2002-07-18T15:43:33-05:00,Steven J. Baskauf,https://bioimages.vanderbilt.edu/baskauf/13862,https://bioimages.vanderbilt.edu/tn/baskauf/tcala21lf13862.jpg,https://bioimages.vanderbilt.edu/gq/baskauf/gcala21lf13862.jpg,
baskauf/20783,baskauf_20783.jpg,Carya laciniosa,shellbark hickory,Juglandaceae,flower,inflorescence,ventral view of flower + perianth,010506,inflorescence / ventral view of flower + perianth,flower,ind-baskauf/13828,2003-04-18T09:22:55-05:00,Steven J. Baskauf,https://bioimages.vanderbilt.edu/baskauf/20783,https://bioimages.vanderbilt.edu/tn/baskauf/tcala21flbracts20783.jpg,https://bioimages.vanderbilt.edu/gq/baskauf/gcala21flbracts20783.jpg,
baskauf/20864,baskauf_20864.jpg,Carya laciniosa,shellbark hickory,Juglandaceae,flower,inflorescence,whole - female,010502,inflorescence / whole - female,flower,ind-baskauf/13828,2003-04-18T09:46:22-05:00,Steven J. Baskauf,https://bioimages.vanderbilt.edu/baskauf/20864,https://bioimages.vanderbilt.edu/tn/baskauf/tcala21flfemale20864.jpg,https://bioimages.vanderbilt.edu/gq/baskauf/gcala21flfemale20864.jpg,
baskauf/20872,baskauf_20872.jpg,Carya laciniosa,shellbark hickory,Juglandaceae,flower,inflorescence,whole - male,010503,inflorescence / whole - male,flower,ind-baskauf/13828,2003-04-18T09:47:47-05:00,Steven J. Baskauf,https://bioimages.vanderbilt.edu/baskauf/20872,https://bioimages.vanderbilt.edu/tn/baskauf/tcala21flmale20872.jpg,https://bioimages.vanderbilt.edu/gq/baskauf/gcala21flmale20872.jpg,
baskauf/20884,baskauf_20884.jpg,Carya laciniosa,shellbark hickory,Juglandaceae,flower,inflorescence,whole - male,010503,inflorescence / whole - male,flower,ind-baskauf/13828,2003-04-18T09:49:22-05:00,Steven J. Baskauf,https://bioimages.vanderbilt.edu/baskauf/20884,https://bioimages.vanderbilt.edu/tn/baskauf/tcala21flmale-close20884.jpg,https://bioimages.vanderbilt.edu/gq/baskauf/gcala21flmale-close20884.jpg,
baskauf/20777,baskauf_20777.jpg,Carya laciniosa,shellbark hickory,Juglandaceae,flower,inflorescence,whole - unspecified,010501,inflorescence / whole - unspecified,flower,ind-baskauf/13828,2003-04-18T09:19:36-05:00,Steven J. Baskauf,https://bioimages.vanderbilt.edu/baskauf/20777,https://bioimages.vanderbilt.edu/tn/baskauf/tcala21flinflor20777.jpg,https://bioimages.vanderbilt.edu/gq/baskauf/gcala21flinflor20777.jpg,unspecified view
baskauf/30271,baskauf_30271.jpg,Carya laciniosa,shellbark hickory,Juglandaceae,fruit,fruit,as borne on the plant,010601,fruit / as borne on the plant,fruit,ind-baskauf/13828,2003-10-15T23:19:37-05:00,Steven J. Baskauf,https://bioimages.vanderbilt.edu/baskauf/30271,https://bioimages.vanderbilt.edu/tn/baskauf/tcarya-twshag30271.jpg,https://bioimages.vanderbilt.edu/gq/baskauf/gcarya-twshag30271.jpg,
baskauf/29613,baskauf_29613.jpg,Carya laciniosa,shellbark hickory,Juglandaceae,fruit,fruit,lateral or general close-up,010602,fruit / lateral or general close-up,fruit,ind-baskauf/13828,2003-09-24T09:42:40-05:00,Steven J. Baskauf,https://bioimages.vanderbilt.edu/baskauf/29613,https://bioimages.vanderbilt.edu/tn/baskauf/tcala21fr29613.jpg,https://bioimages.vanderbilt.edu/gq/baskauf/gcala21fr29613.jpg,
baskauf/30102,baskauf_30102.jpg,Carya laciniosa,shellbark hickory,Juglandaceae,fruit,fruit,section or open,010603,fruit / section or open,fruit,ind-baskauf/13828,2003-10-11T07:28:35-05:00,Steven J. Baskauf,https://bioimages.vanderbilt.edu/baskauf/30102,https://bioimages.vanderbilt.edu/tn/baskauf/tcala21fr30102.jpg,https://bioimages.vanderbilt.edu/gq/baskauf/gcala21fr30102.jpg,
baskauf/30278,baskauf_30278.jpg,Carya laciniosa,shellbark hickory,Juglandaceae,fruit,fruit,section or open,010603,fruit / section or open,fruit,ind-baskauf/13828,2003-10-15T23:43:24-05:00,Steven J. Baskauf,https://bioimages.vanderbilt.edu/baskauf/30278,https://bioimages.vanderbilt.edu/tn/baskauf/tcarya-frshag30278.jpg,https://bioimages.vanderbilt.edu/gq/baskauf/gcarya-frshag30278.jpg,
baskauf/30320,baskauf_30320.jpg,Carya laciniosa,shellbark hickory,Juglandaceae,fruit,fruit,section or open,010603,fruit / section or open,fruit,ind-baskauf/13828,2003-10-20T05:23:08-05:00,Steven J. Baskauf,https://bioimages.vanderbilt.edu/baskauf/30320,https://bioimages.vanderbilt.edu/tn/baskauf/tcarya-compare-fr30320.jpg,https://bioimages.vanderbilt.edu/gq/baskauf/gcarya-compare-fr30320.jpg,
baskauf/13654,baskauf_13654.jpg,Carya ovata,shagbark hickory,Juglandaceae,whole plant,whole tree (or vine),view up trunk,010103,whole tree (or vine) / view up trunk,whole-tree,ind-baskauf/13650,2002-07-11T11:05:04-05:00,Steven J. Baskauf,https://bioimages.vanderbilt.edu/baskauf/13654,https://bioimages.vanderbilt.edu/tn/baskauf/tcaov2-wplookup-large13654.jpg,https://bioimages.vanderbilt.edu/gq/baskauf/gcaov2-wplookup-large13654.jpg,
baskauf/13650,baskauf_13650.jpg,Carya ovata,shagbark hickory,Juglandaceae,bark,bark,of a large tree,010201,bark / of a large tree,bark,ind-baskauf/13650,2002-07-11T11:04:12-05:00,Steven J. Baskauf,https://bioimages.vanderbilt.edu/baskauf/13650,https://bioimages.vanderbilt.edu/tn/baskauf/tcaov2-brlarge-tree13650.jpg,https://bioimages.vanderbilt.edu/gq/baskauf/gcaov2-brlarge-tree13650.jpg,
baskauf/15864,baskauf_15864.jpg,Carya ovata,shagbark hickory,Juglandaceae,bark,bark,of a medium tree or large branch,010202,bark / of a medium tree or large branch,bark,ind-baskauf/15864,2002-09-21T14:51:22-05:00,Steven J. Baskauf,https://bioimages.vanderbilt.edu/baskauf/15864,https://bioimages.vanderbilt.edu/tn/baskauf/tcaov2-brmedium15864.jpg,https://bioimages.vanderbilt.edu/gq/baskauf/gcaov2-brmedium15864.jpg,
baskauf/13712,baskauf_13712.jpg,Carya ovata,shagbark hickory,Juglandaceae,bark,bark,of a small tree or small branch,010203,bark / of a small tree or small branch,bark,ind-baskauf/13707,2002-07-11T11:49:56-05:00,Steven J. Baskauf,https://bioimages.vanderbilt.edu/baskauf/13712,https://bioimages.vanderbilt.edu/tn/baskauf/tcaov2-brsmall-tree13712.jpg,https://bioimages.vanderbilt.edu/gq/baskauf/gcaov2-brsmall-tree13712.jpg,
baskauf/15861,baskauf_15861.jpg,Carya ovata,shagbark hickory,Juglandaceae,bark,bark,of a small tree or small branch,010203,bark / of a small tree or small branch,bark,ind-baskauf/15861,2002-09-21T14:50:48-05:00,Steven J. Baskauf,https://bioimages.vanderbilt.edu/baskauf/15861,https://bioimages.vanderbilt.edu/tn/baskauf/tcaov2-brsmall15861.jpg,https://bioimages.vanderbilt.edu/gq/baskauf/gcaov2-brsmall15861.jpg,
baskauf/39156,baskauf_39156.jpg,Carya ovata,shagbark hickory,Juglandaceae,twig,twig,unspecified,010300,twig / unspecified,twig,ind-baskauf/39155,2005-04-08T13:52:41-05:00,Steven J. Baskauf,https://bioimages.vanderbilt.edu/baskauf/39156,https://bioimages.vanderbilt.edu/tn/baskauf/tcaov2-twcontinuous39156.jpg,https://bioimages.vanderbilt.edu/gq/baskauf/gcaov2-twcontinuous39156.jpg,unspecified view
baskauf/22882,baskauf_22882.jpg,Carya ovata,shagbark hickory,Juglandaceae,twig,twig,winter overall,010302,twig / winter overall,twig,ind-baskauf/22872,2003-04-30T12:25:06-05:00,Steven J. Baskauf,https://bioimages.vanderbilt.edu/baskauf/22882,https://bioimages.vanderbilt.edu/tn/baskauf/tcaov2-tw22882.jpg,https://bioimages.vanderbilt.edu/gq/baskauf/gcaov2-tw22882.jpg,
baskauf/15898,baskauf_15898.jpg,Carya ovata,shagbark hickory,Juglandaceae,leaf,leaf,margin of upper + lower surface,010402,leaf / margin of upper + lower surface,leaf,ind-baskauf/15898,2002-09-21T18:00:40-05:00,Steven J. Baskauf,https://bioimages.vanderbilt.edu/baskauf/15898,https://bioimages.vanderbilt.edu/tn/baskauf/tcaov2-lfmargin-uplow-q15898.jpg,https://bioimages.vanderbilt.edu/gq/baskauf/gcaov2-lfmargin-uplow-q15898.jpg,
baskauf/16192,baskauf_16192.jpg,Carya ovata,shagbark hickory,Juglandaceae,leaf,leaf,margin of upper + lower surface,010402,leaf / margin of upper + lower surface,leaf,ind-baskauf/16192,2002-10-01T12:51:21-05:00,Steven J. Baskauf,https://bioimages.vanderbilt.edu/baskauf/16192,https://bioimages.vanderbilt.edu/tn/baskauf/tcaov2-lfmarginal-hair16192.jpg,https://bioimages.vanderbilt.edu/gq/baskauf/gcaov2-lfmarginal-hair16192.jpg,
baskauf/13707,baskauf_13707.jpg,Carya ovata,shagbark hickory,Juglandaceae,leaf,leaf,showing orientation on twig,010403,leaf / showing orientation on twig,leaf,ind-baskauf/13707,2002-07-11T11:46:00-05:00,Steven J. Baskauf,https://bioimages.vanderbilt.edu/baskauf/13707,https://bioimages.vanderbilt.edu/tn/baskauf/tcaov2-lfseveral13707.jpg,https://bioimages.vanderbilt.edu/gq/baskauf/gcaov2-lfseveral13707.jpg,
baskauf/13709,baskauf_13709.jpg,Carya ovata,shagbark hickory,Juglandaceae,leaf,leaf,whole upper surface,010401,leaf / whole upper surface,leaf,ind-baskauf/13707,2002-07-11T11:48:10-05:00,Steven J. Baskauf,https://bioimages.vanderbilt.edu/baskauf/13709,https://bioimages.vanderbilt.edu/tn/baskauf/tcaov2-lf13709.jpg,https://bioimages.vanderbilt.edu/gq/baskauf/gcaov2-lf13709.jpg,
baskauf/22873,baskauf_22873.jpg,Carya ovata,shagbark hickory,Juglandaceae,leaf,leaf,whole upper surface,010401,leaf / whole upper surface,leaf,ind-baskauf/22872,2003-04-30T12:23:13-05:00,Steven J. Baskauf,https://bioimages.vanderbilt.edu/baskauf/22873,https://bioimages.vanderbilt.edu/tn/baskauf/tcaov2-lf22873.jpg,https://bioimages.vanderbilt.edu/gq/baskauf/gcaov2-lf22873.jpg,
baskauf/22885,baskauf_22885.jpg,Carya ovata,shagbark hickory,Juglandaceae,flower,inflorescence,whole - male,010503,inflorescence / whole - male,flower,ind-baskauf/22872,2003-04-30T12:26:48-05:00,Steven J. Baskauf,https://bioimages.vanderbilt.edu/baskauf/22885,https://bioimages.vanderbilt.edu/tn/baskauf/tcaov2-flqmale22885.jpg,https://bioimages.vanderbilt.edu/gq/baskauf/gcaov2-flqmale22885.jpg,
baskauf/15894,baskauf_15894.jpg,Carya ovata,shagbark hickory,Juglandaceae,fruit,fruit,lateral or general close-up,010602,fruit / lateral or general close-up,fruit,ind-baskauf/15894,2002-09-21T15:21:05-05:00,Steven J. Baskauf,https://bioimages.vanderbilt.edu/baskauf/15894,https://bioimages.vanderbilt.edu/tn/baskauf/tcaov2-frnut15894.jpg,https://bioimages.vanderbilt.edu/gq/baskauf/gcaov2-frnut15894.jpg,
baskauf/30195,baskauf_30195.jpg,Carya ovata,shagbark hickory,Juglandaceae,fruit,fruit,section or open,010603,fruit / section or open,fruit,ind-baskauf/30194,2003-10-15T09:23:35-05:00,Steven J. Baskauf,https://bioimages.vanderbilt.edu/baskauf/30195,https://bioimages.vanderbilt.edu/tn/baskauf/tcaov2-fr30195.jpg,https://bioimages.vanderbilt.edu/gq/baskauf/gcaov2-fr30195.jpg,
baskauf/11534,baskauf_11534.jpg,Castanea dentata,American chestnut,Fagaceae,bark,bark,of a large tree,010201,bark / of a large tree,bark,ind-baskauf/11534,2002-05-31T15:29:44-04:00,Steven J. Baskauf,https://bioimages.vanderbilt.edu/baskauf/11534,https://bioimages.vanderbilt.edu/tn/baskauf/tcade12wplog11534.jpg,https://bioimages.vanderbilt.edu/gq/baskauf/gcade12wplog11534.jpg,
baskauf/11535,baskauf_11535.jpg,Castanea dentata,American chestnut,Fagaceae,bark,bark,of a large tree,010201,bark / of a large tree,bark,ind-baskauf/11535,2002-05-31T15:30:24-04:00,Steven J. Baskauf,https://bioimages.vanderbilt.edu/baskauf/11535,https://bioimages.vanderbilt.edu/tn/baskauf/tcade12wpfallen11535.jpg,https://bioimages.vanderbilt.edu/gq/baskauf/gcade12wpfallen11535.jpg,
baskauf/26253,baskauf_26253.jpg,Castanea dentata,American chestnut,Fagaceae,bark,bark,of a large tree,010201,bark / of a large tree,bark,ind-baskauf/26248,2003-05-30T11:23:17-04:00,Steven J. Baskauf,https://bioimages.vanderbilt.edu/baskauf/26253,https://bioimages.vanderbilt.edu/tn/baskauf/tcade12brfallen-tree26253.jpg,https://bioimages.vanderbilt.edu/gq/baskauf/gcade12brfallen-tree26253.jpg,
baskauf/11854,baskauf_11854.jpg,Castanea dentata,American chestnut,Fagaceae,twig,twig,close-up winter leaf scar/bud,010303,twig / close-up winter leaf scar/bud,twig,ind-baskauf/11845,2002-06-06T10:47:28-05:00,Steven J. Baskauf,https://bioimages.vanderbilt.edu/baskauf/11854,https://bioimages.vanderbilt.edu/tn/baskauf/tcade12twleaf-scar11854.jpg,https://bioimages.vanderbilt.edu/gq/baskauf/gcade12twleaf-scar11854.jpg,
baskauf/11849,baskauf_11849.jpg,Castanea dentata,American chestnut,Fagaceae,twig,twig,orientation of petioles,010301,twig / orientation of petioles,twig,ind-baskauf/11845,2002-06-06T10:45:11-05:00,Steven J. Baskauf,https://bioimages.vanderbilt.edu/baskauf/11849,https://bioimages.vanderbilt.edu/tn/baskauf/tcade12tw11849.jpg,https://bioimages.vanderbilt.edu/gq/baskauf/gcade12tw11849.jpg,
baskauf/11845,baskauf_11845.jpg,Castanea dentata,American chestnut,Fagaceae,leaf,leaf,showing orientation on twig,010403,leaf / showing orientation on twig,leaf,ind-baskauf/11845,2002-06-06T10:40:06-05:00,Steven J. Baskauf,https://bioimages.vanderbilt.edu/baskauf/11845,https://bioimages.vanderbilt.edu/tn/baskauf/tcade12lfseveral11845.jpg,https://bioimages.vanderbilt.edu/gq/baskauf/gcade12lfseveral11845.jpg,
baskauf/11848,baskauf_11848.jpg,Castanea dentata,American chestnut,Fagaceae,leaf,leaf,whole upper surface,010401,leaf / whole upper surface,leaf,ind-baskauf/11845,2002-06-06T10:43:02-05:00,Steven J. Baskauf,https://bioimages.vanderbilt.edu/baskauf/11848,https://bioimages.vanderbilt.edu/tn/baskauf/tcade12lf11848.jpg,https://bioimages.vanderbilt.edu/gq/baskauf/gcade12lf11848.jpg,
baskauf/35251,baskauf_35251.jpg,Castanea dentata,American chestnut,Fagaceae,flower,inflorescence,lateral view of flower,010504,inflorescence / lateral view of flower,flower,ind-baskauf/30720,2004-06-06T13:33:51-04:00,Steven J. Baskauf,https://bioimages.vanderbilt.edu/baskauf/35251,https://bioimages.vanderbilt.edu/tn/baskauf/tcade12fl35251.jpg,https://bioimages.vanderbilt.edu/gq/baskauf/gcade12fl35251.jpg,
baskauf/35249,baskauf_35249.jpg,Castanea dentata,American chestnut,Fagaceae,flower,inflorescence,whole - unspecified,010501,inflorescence / whole - unspecified,flower,ind-baskauf/30720,2004-06-06T13:33:34-04:00,Steven J. Baskauf,https://bioimages.vanderbilt.edu/baskauf/35249,https://bioimages.vanderbilt.edu/tn/baskauf/tcade12flinflor35249.jpg,https://bioimages.vanderbilt.edu/gq/baskauf/gcade12flinflor35249.jpg,unspecified view
baskauf/30723,baskauf_30723.jpg,Castanea dentata,American chestnut,Fagaceae,fruit,fruit,section or open,010603,fruit / section or open,fruit,ind-baskauf/30720,2003-12-31T15:02:11-05:00,Steven J. Baskauf,https://bioimages.vanderbilt.edu/baskauf/30723,https://bioimages.vanderbilt.edu/tn/baskauf/tcade12fr30723.jpg,https://bioimages.vanderbilt.edu/gq/baskauf/gcade12fr30723.jpg,
baskauf/30724,baskauf_30724.jpg,Castanea dentata,American chestnut,Fagaceae,fruit,fruit,section or open,010603,fruit / section or open,fruit,ind-baskauf/30720,2003-12-31T15:02:19-05:00,Steven J. Baskauf,https://bioimages.vanderbilt.edu/baskauf/30724,https://bioimages.vanderbilt.edu/tn/baskauf/tcade12fr30724.jpg,https://bioimages.vanderbilt.edu/gq/baskauf/gcade12fr30724.jpg,
baskauf/35439,baskauf_35439.jpg,Celtis occidentalis,common hackberry,Ulmaceae,whole plant,whole tree (or vine),general,010101,whole tree (or vine) / general,whole-tree,ind-baskauf/30984,2004-06-07T14:23:46-04:00,Steven J. Baskauf,https://bioimages.vanderbilt.edu/baskauf/35439,https://bioimages.vanderbilt.edu/tn/baskauf/tceoco2wp35439.jpg,https://bioimages.vanderbilt.edu/gq/baskauf/gceoco2wp35439.jpg,
baskauf/91122,baskauf_91122.jpg,Celtis occidentalis,common hackberry,Ulmaceae,whole plant,whole tree (or vine),general,010101,whole tree (or vine) / general,whole-tree,vanderbilt/12-32,2014-09-11T17:10:36-05:00,Steven J. Baskauf,https://bioimages.vanderbilt.edu/baskauf/91122,https://bioimages.vanderbilt.edu/tn/baskauf/t91122.jpg,https://bioimages.vanderbilt.edu/gq/baskauf/g91122.jpg,
baskauf/d0420,baskauf_d0420.jpg,Celtis occidentalis,common hackberry,Ulmaceae,whole plant,whole tree (or vine),general,010101,whole tree (or vine) / general,whole-tree,ind-baskauf/30984,2002-05-04T15:25:44-04:00,Steven J. Baskauf,https://bioimages.vanderbilt.edu/baskauf/d0420,https://bioimages.vanderbilt.edu/tn/baskauf/tceoco2wplarged0420.jpg,https://bioimages.vanderbilt.edu/gq/baskauf/gceoco2wplarged0420.jpg,
ssmv/2-253-01,ssmv_2-253-01.jpg,Celtis occidentalis,common hackberry,Ulmaceae,whole plant,whole tree (or vine),general,010101,whole tree (or vine) / general,whole-tree,vanderbilt/4-216,2014-08-20T11:00:00-05:00,Safa Figal,https://bioimages.vanderbilt.edu/ssmv/2-253-01,https://bioimages.vanderbilt.edu/tn/ssmv/t2-253-01.jpg,https://bioimages.vanderbilt.edu/gq/ssmv/g2-253-01.jpg,
ssmv/2-253-02,ssmv_2-253-02.jpg,Celtis occidentalis,common hackberry,Ulmaceae,whole plant,whole tree (or vine),view up trunk,010103,whole tree (or vine) / view up trunk,whole-tree,vanderbilt/4-216,2014-08-20T11:00:00-05:00,Safa Figal,https://bioimages.vanderbilt.edu/ssmv/2-253-02,https://bioimages.vanderbilt.edu/tn/ssmv/t2-253-02.jpg,https://bioimages.vanderbilt.edu/gq/ssmv/g2-253-02.jpg,
ssmv/2-253-04,ssmv_2-253-04.jpg,Celtis occidentalis,common hackberry,Ulmaceae,whole plant,whole tree (or vine),view up trunk,010103,whole tree (or vine) / view up trunk,whole-tree,vanderbilt/4-216,2014-08-20T11:04:14-05:00,Safa Figal,https://bioimages.vanderbilt.edu/ssmv/2-253-04,https://bioimages.vanderbilt.edu/tn/ssmv/t2-253-04.jpg,https://bioimages.vanderbilt.edu/gq/ssmv/g2-253-04.jpg,
baskauf/30988,baskauf_30988.jpg,Celtis occidentalis,common hackberry,Ulmaceae,bark,bark,of a large tree,010201,bark / of a large tree,bark,ind-baskauf/30984,2004-03-07T09:19:51-05:00,Steven J. Baskauf,https://bioimages.vanderbilt.edu/baskauf/30988,https://bioimages.vanderbilt.edu/tn/baskauf/tceoco2brlarge30988.jpg,https://bioimages.vanderbilt.edu/gq/baskauf/gceoco2brlarge30988.jpg,
baskauf/d0425,baskauf_d0425.jpg,Celtis occidentalis,common hackberry,Ulmaceae,bark,bark,of a large tree,010201,bark / of a large tree,bark,ind-baskauf/30984,2002-05-04T15:35:09-04:00,Steven J. Baskauf,https://bioimages.vanderbilt.edu/baskauf/d0425,https://bioimages.vanderbilt.edu/tn/baskauf/tceoco2brlarge-treed0425.jpg,https://bioimages.vanderbilt.edu/gq/baskauf/gceoco2brlarge-treed0425.jpg,
baskauf/30990,baskauf_30990.jpg,Celtis occidentalis,common hackberry,Ulmaceae,bark,bark,of a medium tree or large branch,010202,bark / of a medium tree or large branch,bark,ind-baskauf/30984,2004-03-07T09:21:14-05:00,Steven J. Baskauf,https://bioimages.vanderbilt.edu/baskauf/30990,https://bioimages.vanderbilt.edu/tn/baskauf/tceoco2brmedium30990.jpg,https://bioimages.vanderbilt.edu/gq/baskauf/gceoco2brmedium30990.jpg,
baskauf/30984,baskauf_30984.jpg,Celtis occidentalis,common hackberry,Ulmaceae,twig,twig,winter overall,010302,twig / winter overall,twig,ind-baskauf/30984,2004-03-07T09:18:43-05:00,Steven J. Baskauf,https://bioimages.vanderbilt.edu/baskauf/30984,https://bioimages.vanderbilt.edu/tn/baskauf/tceoco2tw30984.jpg,https://bioimages.vanderbilt.edu/gq/baskauf/gceoco2tw30984.jpg,
baskauf/35450,baskauf_35450.jpg,Celtis occidentalis,common hackberry,Ulmaceae,leaf,leaf,margin of upper + lower surface,010402,leaf / margin of upper + lower surface,leaf,ind-baskauf/30984,2004-06-07T14:28:34-04:00,Steven J. Baskauf,https://bioimages.vanderbilt.edu/baskauf/35450,https://bioimages.vanderbilt.edu/tn/baskauf/tceoco2lfmargin-uplow35450.jpg,https://bioimages.vanderbilt.edu/gq/baskauf/gceoco2lfmargin-uplow35450.jpg,
baskauf/d0426,baskauf_d0426.jpg,Celtis occidentalis,common hackberry,Ulmaceae,leaf,leaf,showing orientation on twig,010403,leaf / showing orientation on twig,leaf,ind-baskauf/30984,2002-05-04T15:35:38-04:00,Steven J. Baskauf,https://bioimages.vanderbilt.edu/baskauf/d0426,https://bioimages.vanderbilt.edu/tn/baskauf/tceoco2lfseverald0426.jpg,https://bioimages.vanderbilt.edu/gq/baskauf/gceoco2lfseverald0426.jpg,
ssmv/2-253-03,ssmv_2-253-03.jpg,Celtis occidentalis,common hackberry,Ulmaceae,leaf,leaf,showing orientation on twig,010403,leaf / showing orientation on twig,leaf,vanderbilt/4-216,2014-08-20T11:03:22-05:00,Safa Figal,https://bioimages.vanderbilt.edu/ssmv/2-253-03,https://bioimages.vanderbilt.edu/tn/ssmv/t2-253-03.jpg,https://bioimages.vanderbilt.edu/gq/ssmv/g2-253-03.jpg,
baskauf/35448,baskauf_35448.jpg,Celtis occidentalis,common hackberry,Ulmaceae,leaf,leaf,whole upper surface,010401,leaf / whole upper surface,leaf,ind-baskauf/30984,2004-06-07T14:27:51-04:00,Steven J. Baskauf,https://bioimages.vanderbilt.edu/baskauf/35448,https://bioimages.vanderbilt.edu/tn/baskauf/tceoco2lf35448.jpg,https://bioimages.vanderbilt.edu/gq/baskauf/gceoco2lf35448.jpg,
baskauf/50993,baskauf_50993.jpg,Celtis occidentalis,common hackberry,Ulmaceae,flower,inflorescence,lateral view of flower,010504,inflorescence / lateral view of flower,flower,vanderbilt/12-33,2006-04-07T07:21:00-05:00,Steven J. Baskauf,https://bioimages.vanderbilt.edu/baskauf/50993,https://bioimages.vanderbilt.edu/tn/baskauf/tceoco2fl50993.jpg,https://bioimages.vanderbilt.edu/gq/baskauf/gceoco2fl50993.jpg,
baskauf/50992,baskauf_50992.jpg,Celtis occidentalis,common hackberry,Ulmaceae,flower,inflorescence,whole - unspecified,010501,inflorescence / whole - unspecified,flower,vanderbilt/12-33,2006-04-07T07:20:28-05:00,Steven J. Baskauf,https://bioimages.vanderbilt.edu/baskauf/50992,https://bioimages.vanderbilt.edu/tn/baskauf/tceoco2flinflor50992.jpg,https://bioimages.vanderbilt.edu/gq/baskauf/gceoco2flinflor50992.jpg,unspecified view
baskauf/35446,baskauf_35446.jpg,Celtis occidentalis,common hackberry,Ulmaceae,fruit,fruit,immature,010604,fruit / immature,fruit,ind-baskauf/30984,2004-06-07T14:26:58-04:00,Steven J. Baskauf,https://bioimages.vanderbilt.edu/baskauf/35446,https://bioimages.vanderbilt.edu/tn/baskauf/tceoco2frdevel35446.jpg,https://bioimages.vanderbilt.edu/gq/baskauf/gceoco2frdevel35446.jpg,
baskauf/28656,baskauf_28656.jpg,Cephalanthus occidentalis,common buttonbush,Rubiaceae,whole plant,whole tree (or vine),general,010101,whole tree (or vine) / general,whole-tree,ind-baskauf/15734,2003-07-23T16:08:30-05:00,Steven J. Baskauf,https://bioimages.vanderbilt.edu/baskauf/28656,https://bioimages.vanderbilt.edu/tn/baskauf/tceoc2-wp28656.jpg,https://bioimages.vanderbilt.edu/gq/baskauf/gceoc2-wp28656.jpg,
thomas/0440-04-04,thomas_0440-04-04.jpg,Cephalanthus occidentalis,common buttonbush,Rubiaceae,whole plant,whole tree (or vine),general,010101,whole tree (or vine) / general,whole-tree,thomas/0440-04,2010-08-19T10:22:49-05:00,Ron Thomas,https://bioimages.vanderbilt.edu/thomas/0440-04-04,https://bioimages.vanderbilt.edu/tn/thomas/t0440-04-04.jpg,https://bioimages.vanderbilt.edu/gq/thomas/g0440-04-04.jpg,
baskauf/28672,baskauf_28672.jpg,Cephalanthus occidentalis,common buttonbush,Rubiaceae,bark,bark,of a medium tree or large branch,010202,bark / of a medium tree or large branch,bark,ind-baskauf/15734,2003-07-23T16:12:10-05:00,Steven J. Baskauf,https://bioimages.vanderbilt.edu/baskauf/28672,https://bioimages.vanderbilt.edu/tn/baskauf/tceoc2-br28672.jpg,https://bioimages.vanderbilt.edu/gq/baskauf/gceoc2-br28672.jpg,
baskauf/15737,baskauf_15737.jpg,Cephalanthus occidentalis,common buttonbush,Rubiaceae,bark,bark,of a small tree or small branch,010203,bark / of a small tree or small branch,bark,ind-baskauf/15734,2002-09-21T12:05:12-05:00,Steven J. Baskauf,https://bioimages.vanderbilt.edu/baskauf/15737,https://bioimages.vanderbilt.edu/tn/baskauf/tceoc2-br15737.jpg,https://bioimages.vanderbilt.edu/gq/baskauf/gceoc2-br15737.jpg,
thomas/0440-04-02,thomas_0440-04-02.jpg,Cephalanthus occidentalis,common buttonbush,Rubiaceae,bark,bark,of a small tree or small branch,010203,bark / of a small tree or small branch,bark,thomas/0440-04,2010-08-19T10:17:05-05:00,Ron Thomas,https://bioimages.vanderbilt.edu/thomas/0440-04-02,https://bioimages.vanderbilt.edu/tn/thomas/t0440-04-02.jpg,https://bioimages.vanderbilt.edu/gq/thomas/g0440-04-02.jpg,
baskauf/15742,baskauf_15742.jpg,Cephalanthus occidentalis,common buttonbush,Rubiaceae,twig,twig,orientation of petioles,010301,twig / orientation of petioles,twig,ind-baskauf/15734,2002-09-21T12:07:19-05:00,Steven J. Baskauf,https://bioimages.vanderbilt.edu/baskauf/15742,https://bioimages.vanderbilt.edu/tn/baskauf/tceoc2-tw15742.jpg,https://bioimages.vanderbilt.edu/gq/baskauf/gceoc2-tw15742.jpg,
baskauf/15750,baskauf_15750.jpg,Cephalanthus occidentalis,common buttonbush,Rubiaceae,twig,twig,orientation of petioles,010301,twig / orientation of petioles,twig,ind-baskauf/15734,2002-09-21T12:13:58-05:00,Steven J. Baskauf,https://bioimages.vanderbilt.edu/baskauf/15750,https://bioimages.vanderbilt.edu/tn/baskauf/tceoc2-tw15750.jpg,https://bioimages.vanderbilt.edu/gq/baskauf/gceoc2-tw15750.jpg,
thomas/0440-04-01,thomas_0440-04-01.jpg,Cephalanthus occidentalis,common buttonbush,Rubiaceae,twig,twig,orientation of petioles,010301,twig / orientation of petioles,twig,thomas/0440-04,2010-08-19T10:16:54-05:00,Ron Thomas,https://bioimages.vanderbilt.edu/thomas/0440-04-01,https://bioimages.vanderbilt.edu/tn/thomas/t0440-04-01.jpg,https://bioimages.vanderbilt.edu/gq/thomas/g0440-04-01.jpg,
baskauf/15748,baskauf_15748.jpg,Cephalanthus occidentalis,common buttonbush,Rubiaceae,leaf,leaf,margin of upper + lower surface,010402,leaf / margin of upper + lower surface,leaf,ind-baskauf/15734,2002-09-21T12:13:21-05:00,Steven J. Baskauf,https://bioimages.vanderbilt.edu/baskauf/15748,https://bioimages.vanderbilt.edu/tn/baskauf/tceoc2-lfmargin-uplow15748.jpg,https://bioimages.vanderbilt.edu/gq/baskauf/gceoc2-lfmargin-uplow15748.jpg,
thomas/0440-04-05,thomas_0440-04-05.jpg,Cephalanthus occidentalis,common buttonbush,Rubiaceae,leaf,leaf,showing orientation on twig,010403,leaf / showing orientation on twig,leaf,thomas/0440-04,2010-08-19T10:21:08-05:00,Ron Thomas,https://bioimages.vanderbilt.edu/thomas/0440-04-05,https://bioimages.vanderbilt.edu/tn/thomas/t0440-04-05.jpg,https://bioimages.vanderbilt.edu/gq/thomas/g0440-04-05.jpg,
thomas/0440-04-03,thomas_0440-04-03.jpg,Cephalanthus occidentalis,common buttonbush,Rubiaceae,leaf,leaf,unspecified,010400,leaf / unspecified,leaf,thomas/0440-04,2010-08-19T10:16:07-05:00,Ron Thomas,https://bioimages.vanderbilt.edu/thomas/0440-04-03,https://bioimages.vanderbilt.edu/tn/thomas/t0440-04-03.jpg,https://bioimages.vanderbilt.edu/gq/thomas/g0440-04-03.jpg,unspecified view
baskauf/15745,baskauf_15745.jpg,Cephalanthus occidentalis,common buttonbush,Rubiaceae,leaf,leaf,whole upper surface,010401,leaf / whole upper surface,leaf,ind-baskauf/15734,2002-09-21T12:11:12-05:00,Steven J. Baskauf,https://bioimages.vanderbilt.edu/baskauf/15745,https://bioimages.vanderbilt.edu/tn/baskauf/tceoc2-lf15745.jpg,https://bioimages.vanderbilt.edu/gq/baskauf/gceoc2-lf15745.jpg,
thomas/0104-01-04,thomas_0104-01-04.jpg,Cephalanthus occidentalis,common buttonbush,Rubiaceae,leaf,leaf,whole upper surface,010401,leaf / whole upper surface,leaf,thomas/0104-01,2007-07-02T10:45:19-05:00,Ron Thomas,https://bioimages.vanderbilt.edu/thomas/0104-01-04,https://bioimages.vanderbilt.edu/tn/thomas/t0104-01-04.jpg,https://bioimages.vanderbilt.edu/gq/thomas/g0104-01-04.jpg,
thomas/0104-01-02,thomas_0104-01-02.jpg,Cephalanthus occidentalis,common buttonbush,Rubiaceae,flower,inflorescence,close-up of flower interior,010507,inflorescence / close-up of flower interior,flower,thomas/0104-01,2007-07-02T13:16:39-05:00,Ron Thomas,https://bioimages.vanderbilt.edu/thomas/0104-01-02,https://bioimages.vanderbilt.edu/tn/thomas/t0104-01-02.jpg,https://bioimages.vanderbilt.edu/gq/thomas/g0104-01-02.jpg,
thomas/0104-01-03,thomas_0104-01-03.jpg,Cephalanthus occidentalis,common buttonbush,Rubiaceae,flower,inflorescence,frontal view of flower,010505,inflorescence / frontal view of flower,flower,thomas/0104-01,2007-07-02T13:16:39-05:00,Ron Thomas,https://bioimages.vanderbilt.edu/thomas/0104-01-03,https://bioimages.vanderbilt.edu/tn/thomas/t0104-01-03.jpg,https://bioimages.vanderbilt.edu/gq/thomas/g0104-01-03.jpg,
baskauf/28652,baskauf_28652.jpg,Cephalanthus occidentalis,common buttonbush,Rubiaceae,flower,inflorescence,lateral view of flower,010504,inflorescence / lateral view of flower,flower,ind-baskauf/15734,2003-07-23T16:07:44-05:00,Steven J. Baskauf,https://bioimages.vanderbilt.edu/baskauf/28652,https://bioimages.vanderbilt.edu/tn/baskauf/tceoc2-fl28652.jpg,https://bioimages.vanderbilt.edu/gq/baskauf/gceoc2-fl28652.jpg,
baskauf/28666,baskauf_28666.jpg,Cephalanthus occidentalis,common buttonbush,Rubiaceae,flower,inflorescence,lateral view of flower,010504,inflorescence / lateral view of flower,flower,ind-baskauf/15734,2003-07-23T16:10:10-05:00,Steven J. Baskauf,https://bioimages.vanderbilt.edu/baskauf/28666,https://bioimages.vanderbilt.edu/tn/baskauf/tceoc2-flclose28666.jpg,https://bioimages.vanderbilt.edu/gq/baskauf/gceoc2-flclose28666.jpg,
thomas/0440-04-06,thomas_0440-04-06.jpg,Cephalanthus occidentalis,common buttonbush,Rubiaceae,flower,inflorescence,lateral view of flower,010504,inflorescence / lateral view of flower,flower,thomas/0440-04,2010-08-19T10:20:23-05:00,Ron Thomas,https://bioimages.vanderbilt.edu/thomas/0440-04-06,https://bioimages.vanderbilt.edu/tn/thomas/t0440-04-06.jpg,https://bioimages.vanderbilt.edu/gq/thomas/g0440-04-06.jpg,
baskauf/28649,baskauf_28649.jpg,Cephalanthus occidentalis,common buttonbush,Rubiaceae,flower,inflorescence,whole - unspecified,010501,inflorescence / whole - unspecified,flower,ind-baskauf/15734,2003-07-23T16:07:07-05:00,Steven J. Baskauf,https://bioimages.vanderbilt.edu/baskauf/28649,https://bioimages.vanderbilt.edu/tn/baskauf/tceoc2-flinflor28649.jpg,https://bioimages.vanderbilt.edu/gq/baskauf/gceoc2-flinflor28649.jpg,unspecified view
baskauf/28670,baskauf_28670.jpg,Cephalanthus occidentalis,common buttonbush,Rubiaceae,flower,inflorescence,whole - unspecified,010501,inflorescence / whole - unspecified,flower,ind-baskauf/15734,2003-07-23T16:10:52-05:00,Steven J. Baskauf,https://bioimages.vanderbilt.edu/baskauf/28670,https://bioimages.vanderbilt.edu/tn/baskauf/tceoc2-fl28670.jpg,https://bioimages.vanderbilt.edu/gq/baskauf/gceoc2-fl28670.jpg,unspecified view
thomas/0104-01-01,thomas_0104-01-01.jpg,Cephalanthus occidentalis,common buttonbush,Rubiaceae,flower,inflorescence,whole - unspecified,010501,inflorescence / whole - unspecified,flower,thomas/0104-01,2007-07-02T10:43:53-05:00,Ron Thomas,https://bioimages.vanderbilt.edu/thomas/0104-01-01,https://bioimages.vanderbilt.edu/tn/thomas/t0104-01-01.jpg,https://bioimages.vanderbilt.edu/gq/thomas/g0104-01-01.jpg,unspecified view
thomas/0440-04-07,thomas_0440-04-07.jpg,Cephalanthus occidentalis,common buttonbush,Rubiaceae,flower,inflorescence,whole - unspecified,010501,inflorescence / whole - unspecified,flower,thomas/0440-04,2010-08-19T10:19:40-05:00,Ron Thomas,https://bioimages.vanderbilt.edu/thomas/0440-04-07,https://bioimages.vanderbilt.edu/tn/thomas/t0440-04-07.jpg,https://bioimages.vanderbilt.edu/gq/thomas/g0440-04-07.jpg,unspecified view
baskauf/15734,baskauf_15734.jpg,Cephalanthus occidentalis,common buttonbush,Rubiaceae,fruit,fruit,as borne on the plant,010601,fruit / as borne on the plant,fruit,ind-baskauf/15734,2002-09-21T12:04:06-05:00,Steven J. Baskauf,https://bioimages.vanderbilt.edu/baskauf/15734,https://bioimages.vanderbilt.edu/tn/baskauf/tceoc2-fr15734.jpg,https://bioimages.vanderbilt.edu/gq/baskauf/gceoc2-fr15734.jpg,
baskauf/37494,baskauf_37494.jpg,Cephalanthus occidentalis,common buttonbush,Rubiaceae,fruit,fruit,as borne on the plant,010601,fruit / as borne on the plant,fruit,ind-baskauf/37493,2004-08-07T16:06:10-05:00,Steven J. Baskauf,https://bioimages.vanderbilt.edu/baskauf/37494,https://bioimages.vanderbilt.edu/tn/baskauf/tceoc2-fr37494.jpg,https://bioimages.vanderbilt.edu/gq/baskauf/gceoc2-fr37494.jpg,
baskauf/15756,baskauf_15756.jpg,Cephalanthus occidentalis,common buttonbush,Rubiaceae,fruit,fruit,lateral or general close-up,010602,fruit / lateral or general close-up,fruit,ind-baskauf/15734,2002-09-21T12:16:01-05:00,Steven J. Baskauf,https://bioimages.vanderbilt.edu/baskauf/15756,https://bioimages.vanderbilt.edu/tn/baskauf/tceoc2-frcloseup15756.jpg,https://bioimages.vanderbilt.edu/gq/baskauf/gceoc2-frcloseup15756.jpg,
baskauf/10491,baskauf_10491.jpg,Cercis canadensis,eastern redbud,Fabaceae,whole plant,whole tree (or vine),general,010101,whole tree (or vine) / general,whole-tree,ind-baskauf/10491,2002-04-10T07:54:43-05:00,Steven J. Baskauf,https://bioimages.vanderbilt.edu/baskauf/10491,https://bioimages.vanderbilt.edu/tn/baskauf/tceca4-wproadside10491.jpg,https://bioimages.vanderbilt.edu/gq/baskauf/gceca4-wproadside10491.jpg,
baskauf/10493,baskauf_10493.jpg,Cercis canadensis,eastern redbud,Fabaceae,whole plant,whole tree (or vine),general,010101,whole tree (or vine) / general,whole-tree,ind-baskauf/10493,2002-04-10T08:02:04-05:00,Steven J. Baskauf,https://bioimages.vanderbilt.edu/baskauf/10493,https://bioimages.vanderbilt.edu/tn/baskauf/tceca4-wproadside10493.jpg,https://bioimages.vanderbilt.edu/gq/baskauf/gceca4-wproadside10493.jpg,
baskauf/10497,baskauf_10497.jpg,Cercis canadensis,eastern redbud,Fabaceae,whole plant,whole tree (or vine),general,010101,whole tree (or vine) / general,whole-tree,ind-baskauf/10497,2002-04-10T08:11:07-05:00,Steven J. Baskauf,https://bioimages.vanderbilt.edu/baskauf/10497,https://bioimages.vanderbilt.edu/tn/baskauf/tceca4-wpdistant10497.jpg,https://bioimages.vanderbilt.edu/gq/baskauf/gceca4-wpdistant10497.jpg,
baskauf/29775,baskauf_29775.jpg,Cercis canadensis,eastern redbud,Fabaceae,whole plant,whole tree (or vine),general,010101,whole tree (or vine) / general,whole-tree,ind-baskauf/29774,2003-10-02T17:47:35-05:00,Steven J. Baskauf,https://bioimages.vanderbilt.edu/baskauf/29775,https://bioimages.vanderbilt.edu/tn/baskauf/tceca4-wp29775.jpg,https://bioimages.vanderbilt.edu/gq/baskauf/gceca4-wp29775.jpg,
baskauf/90931,baskauf_90931.jpg,Cercis canadensis,eastern redbud,Fabaceae,whole plant,whole tree (or vine),general,010101,whole tree (or vine) / general,whole-tree,vanderbilt/6-29,2014-09-03T16:20:32-05:00,Steven J. Baskauf,https://bioimages.vanderbilt.edu/baskauf/90931,https://bioimages.vanderbilt.edu/tn/baskauf/t90931.jpg,https://bioimages.vanderbilt.edu/gq/baskauf/g90931.jpg,
baskauf/91134,baskauf_91134.jpg,Cercis canadensis,eastern redbud,Fabaceae,whole plant,whole tree (or vine),general,010101,whole tree (or vine) / general,whole-tree,vanderbilt/12-82,2014-09-11T17:26:08-05:00,Steven J. Baskauf,https://bioimages.vanderbilt.edu/baskauf/91134,https://bioimages.vanderbilt.edu/tn/baskauf/t91134.jpg,https://bioimages.vanderbilt.edu/gq/baskauf/g91134.jpg,
thomas/0049-08-01,thomas_0049-08-01.jpg,Cercis canadensis,eastern redbud,Fabaceae,whole plant,whole tree (or vine),general,010101,whole tree (or vine) / general,whole-tree,thomas/0049-08,2007-03-23T08:54:31-05:00,Ron Thomas,https://bioimages.vanderbilt.edu/thomas/0049-08-01,https://bioimages.vanderbilt.edu/tn/thomas/t0049-08-01.jpg,https://bioimages.vanderbilt.edu/gq/thomas/g0049-08-01.jpg,
baskauf/89354,baskauf_89354.jpg,Cercis canadensis,eastern redbud,Fabaceae,whole plant,whole tree (or vine),winter,010102,whole tree (or vine) / winter,whole-tree,vanderbilt/6-29,2013-12-11T13:26:43-06:00,Steven J. Baskauf,https://bioimages.vanderbilt.edu/baskauf/89354,https://bioimages.vanderbilt.edu/tn/baskauf/t89354.jpg,https://bioimages.vanderbilt.edu/gq/baskauf/g89354.jpg,
baskauf/11227,baskauf_11227.jpg,Cercis canadensis,eastern redbud,Fabaceae,bark,bark,of a small tree or small branch,010203,bark / of a small tree or small branch,bark,ind-baskauf/11227,2002-05-24T08:11:49-05:00,Steven J. Baskauf,https://bioimages.vanderbilt.edu/baskauf/11227,https://bioimages.vanderbilt.edu/tn/baskauf/tceca4-br11227.jpg,https://bioimages.vanderbilt.edu/gq/baskauf/gceca4-br11227.jpg,
baskauf/29777,baskauf_29777.jpg,Cercis canadensis,eastern redbud,Fabaceae,twig,twig,orientation of petioles,010301,twig / orientation of petioles,twig,ind-baskauf/29774,2003-10-02T17:49:26-05:00,Steven J. Baskauf,https://bioimages.vanderbilt.edu/baskauf/29777,https://bioimages.vanderbilt.edu/tn/baskauf/tceca4-tw29777.jpg,https://bioimages.vanderbilt.edu/gq/baskauf/gceca4-tw29777.jpg,
baskauf/17265,baskauf_17265.jpg,Cercis canadensis,eastern redbud,Fabaceae,twig,twig,winter overall,010302,twig / winter overall,twig,ind-baskauf/10739,2003-03-03T09:43:00-06:00,Steven J. Baskauf,https://bioimages.vanderbilt.edu/baskauf/17265,https://bioimages.vanderbilt.edu/tn/baskauf/tceca4-tw17265.jpg,https://bioimages.vanderbilt.edu/gq/baskauf/gceca4-tw17265.jpg,
baskauf/15395,baskauf_15395.jpg,Cercis canadensis,eastern redbud,Fabaceae,leaf,leaf,margin of upper + lower surface,010402,leaf / margin of upper + lower surface,leaf,ind-baskauf/10739,2002-09-14T14:57:38-05:00,Steven J. Baskauf,https://bioimages.vanderbilt.edu/baskauf/15395,https://bioimages.vanderbilt.edu/tn/baskauf/tceca4-lfmargin-uplow15395.jpg,https://bioimages.vanderbilt.edu/gq/baskauf/gceca4-lfmargin-uplow15395.jpg,
baskauf/10766,baskauf_10766.jpg,Cercis canadensis,eastern redbud,Fabaceae,leaf,leaf,showing orientation on twig,010403,leaf / showing orientation on twig,leaf,ind-baskauf/10766,2002-04-29T12:29:48-05:00,Steven J. Baskauf,https://bioimages.vanderbilt.edu/baskauf/10766,https://bioimages.vanderbilt.edu/tn/baskauf/tceca4-lfseveral10766.jpg,https://bioimages.vanderbilt.edu/gq/baskauf/gceca4-lfseveral10766.jpg,
baskauf/11206,baskauf_11206.jpg,Cercis canadensis,eastern redbud,Fabaceae,leaf,leaf,showing orientation on twig,010403,leaf / showing orientation on twig,leaf,ind-baskauf/10739,2002-05-23T19:08:59-05:00,Steven J. Baskauf,https://bioimages.vanderbilt.edu/baskauf/11206,https://bioimages.vanderbilt.edu/tn/baskauf/tceca4-lfseveral11206.jpg,https://bioimages.vanderbilt.edu/gq/baskauf/gceca4-lfseveral11206.jpg,
baskauf/11208,baskauf_11208.jpg,Cercis canadensis,eastern redbud,Fabaceae,leaf,leaf,showing orientation on twig,010403,leaf / showing orientation on twig,leaf,ind-baskauf/10739,2002-05-23T19:09:32-05:00,Steven J. Baskauf,https://bioimages.vanderbilt.edu/baskauf/11208,https://bioimages.vanderbilt.edu/tn/baskauf/tceca4-lf11208.jpg,https://bioimages.vanderbilt.edu/gq/baskauf/gceca4-lf11208.jpg,
thomas/0049-08-05,thomas_0049-08-05.jpg,Cercis canadensis,eastern redbud,Fabaceae,flower,inflorescence,frontal view of flower,010505,inflorescence / frontal view of flower,flower,thomas/0049-08,2007-03-23T08:57:31-05:00,Ron Thomas,https://bioimages.vanderbilt.edu/thomas/0049-08-05,https://bioimages.vanderbilt.edu/tn/thomas/t0049-08-05.jpg,https://bioimages.vanderbilt.edu/gq/thomas/g0049-08-05.jpg,
thomas/0049-08-04,thomas_0049-08-04.jpg,Cercis canadensis,eastern redbud,Fabaceae,flower,inflorescence,lateral view of flower,010504,inflorescence / lateral view of flower,flower,thomas/0049-08,2007-03-23T08:57:06-05:00,Ron Thomas,https://bioimages.vanderbilt.edu/thomas/0049-08-04,https://bioimages.vanderbilt.edu/tn/thomas/t0049-08-04.jpg,https://bioimages.vanderbilt.edu/gq/thomas/g0049-08-04.jpg,
baskauf/10392,baskauf_10392.jpg,Cercis canadensis,eastern redbud,Fabaceae,flower,inflorescence,whole - unspecified,010501,inflorescence / whole - unspecified,flower,vanderbilt/6-186,2002-03-27T13:36:10-06:00,Steven J. Baskauf,https://bioimages.vanderbilt.edu/baskauf/10392,https://bioimages.vanderbilt.edu/tn/baskauf/tceca4-flon-branch10392.jpg,https://bioimages.vanderbilt.edu/gq/baskauf/gceca4-flon-branch10392.jpg,unspecified view
baskauf/10393,baskauf_10393.jpg,Cercis canadensis,eastern redbud,Fabaceae,flower,inflorescence,whole - unspecified,010501,inflorescence / whole - unspecified,flower,vanderbilt/6-186,2002-03-27T13:36:51-06:00,Steven J. Baskauf,https://bioimages.vanderbilt.edu/baskauf/10393,https://bioimages.vanderbilt.edu/tn/baskauf/tceca4-fl10393.jpg,https://bioimages.vanderbilt.edu/gq/baskauf/gceca4-fl10393.jpg,unspecified view
baskauf/51003,baskauf_51003.jpg,Cercis canadensis,eastern redbud,Fabaceae,flower,inflorescence,whole - unspecified,010501,inflorescence / whole - unspecified,flower,ind-baskauf/51001,2006-04-07T10:46:21-05:00,Steven J. Baskauf,https://bioimages.vanderbilt.edu/baskauf/51003,https://bioimages.vanderbilt.edu/tn/baskauf/tceca4-flcauliflory51003.jpg,https://bioimages.vanderbilt.edu/gq/baskauf/gceca4-flcauliflory51003.jpg,unspecified view
baskauf/51004,baskauf_51004.jpg,Cercis canadensis,eastern redbud,Fabaceae,flower,inflorescence,whole - unspecified,010501,inflorescence / whole - unspecified,flower,ind-baskauf/51001,2006-04-07T10:46:36-05:00,Steven J. Baskauf,https://bioimages.vanderbilt.edu/baskauf/51004,https://bioimages.vanderbilt.edu/tn/baskauf/tceca4-flcauliflory51004.jpg,https://bioimages.vanderbilt.edu/gq/baskauf/gceca4-flcauliflory51004.jpg,unspecified view
thomas/0049-08-02,thomas_0049-08-02.jpg,Cercis canadensis,eastern redbud,Fabaceae,flower,inflorescence,whole - unspecified,010501,inflorescence / whole - unspecified,flower,thomas/0049-08,2007-03-23T08:55:41-05:00,Ron Thomas,https://bioimages.vanderbilt.edu/thomas/0049-08-02,https://bioimages.vanderbilt.edu/tn/thomas/t0049-08-02.jpg,https://bioimages.vanderbilt.edu/gq/thomas/g0049-08-02.jpg,unspecified view
thomas/0049-08-03,thomas_0049-08-03.jpg,Cercis canadensis,eastern redbud,Fabaceae,flower,inflorescence,whole - unspecified,010501,inflorescence / whole - unspecified,flower,thomas/0049-08,2007-03-23T08:56:25-05:00,Ron Thomas,https://bioimages.vanderbilt.edu/thomas/0049-08-03,https://bioimages.vanderbilt.edu/tn/thomas/t0049-08-03.jpg,https://bioimages.vanderbilt.edu/gq/thomas/g0049-08-03.jpg,unspecified view
baskauf/10206,baskauf_10206.jpg,Cercis canadensis,eastern redbud,Fabaceae,fruit,fruit,as borne on the plant,010601,fruit / as borne on the plant,fruit,ind-baskauf/10207,2001-11-19T11:50:49-06:00,Steven J. Baskauf,https://bioimages.vanderbilt.edu/baskauf/10206,https://bioimages.vanderbilt.edu/tn/baskauf/tceca4-fr10206.jpg,https://bioimages.vanderbilt.edu/gq/baskauf/gceca4-fr10206.jpg,
baskauf/10207,baskauf_10207.jpg,Cercis canadensis,eastern redbud,Fabaceae,fruit,fruit,as borne on the plant,010601,fruit / as borne on the plant,fruit,ind-baskauf/10207,2001-11-19T11:51:38-06:00,Steven J. Baskauf,https://bioimages.vanderbilt.edu/baskauf/10207,https://bioimages.vanderbilt.edu/tn/baskauf/tceca4-frmature10207.jpg,https://bioimages.vanderbilt.edu/gq/baskauf/gceca4-frmature10207.jpg,
baskauf/10339,baskauf_10339.jpg,Cercis canadensis,eastern redbud,Fabaceae,fruit,fruit,as borne on the plant,010601,fruit / as borne on the plant,fruit,ind-baskauf/10207,2002-02-25T12:50:17-06:00,Steven J. Baskauf,https://bioimages.vanderbilt.edu/baskauf/10339,https://bioimages.vanderbilt.edu/tn/baskauf/tceca4-frdistant10339.jpg,https://bioimages.vanderbilt.edu/gq/baskauf/gceca4-frdistant10339.jpg,
baskauf/15391,baskauf_15391.jpg,Cercis canadensis,eastern redbud,Fabaceae,fruit,fruit,as borne on the plant,010601,fruit / as borne on the plant,fruit,ind-baskauf/10739,2002-09-14T14:55:50-05:00,Steven J. Baskauf,https://bioimages.vanderbilt.edu/baskauf/15391,https://bioimages.vanderbilt.edu/tn/baskauf/tceca4-fr15391.jpg,https://bioimages.vanderbilt.edu/gq/baskauf/gceca4-fr15391.jpg,
baskauf/10739,baskauf_10739.jpg,Cercis canadensis,eastern redbud,Fabaceae,fruit,fruit,immature,010604,fruit / immature,fruit,ind-baskauf/10739,2002-04-25T09:01:06-05:00,Steven J. Baskauf,https://bioimages.vanderbilt.edu/baskauf/10739,https://bioimages.vanderbilt.edu/tn/baskauf/tceca4-frdevel10739.jpg,https://bioimages.vanderbilt.edu/gq/baskauf/gceca4-frdevel10739.jpg,
baskauf/11211,baskauf_11211.jpg,Cercis canadensis,eastern redbud,Fabaceae,fruit,fruit,immature,010604,fruit / immature,fruit,ind-baskauf/10739,2002-05-23T19:11:17-05:00,Steven J. Baskauf,https://bioimages.vanderbilt.edu/baskauf/11211,https://bioimages.vanderbilt.edu/tn/baskauf/tceca4-frdevel11211.jpg,https://bioimages.vanderbilt.edu/gq/baskauf/gceca4-frdevel11211.jpg,
baskauf/35214,baskauf_35214.jpg,Cornus amomum,silky dogwood,Cornaceae,whole plant,whole tree (or vine),general,010101,whole tree (or vine) / general,whole-tree,ind-baskauf/35213,2004-06-06T13:02:41-04:00,Steven J. Baskauf,https://bioimages.vanderbilt.edu/baskauf/35214,https://bioimages.vanderbilt.edu/tn/baskauf/tcoob9-wp35214.jpg,https://bioimages.vanderbilt.edu/gq/baskauf/gcoob9-wp35214.jpg,
baskauf/30752,baskauf_30752.jpg,Cornus amomum,silky dogwood,Cornaceae,whole plant,whole tree (or vine),winter,010102,whole tree (or vine) / winter,whole-tree,ind-baskauf/30752,2004-01-02T13:12:33-05:00,Steven J. Baskauf,https://bioimages.vanderbilt.edu/baskauf/30752,https://bioimages.vanderbilt.edu/tn/baskauf/tcoob9-wpwinter30752.jpg,https://bioimages.vanderbilt.edu/gq/baskauf/gcoob9-wpwinter30752.jpg,
baskauf/30760,baskauf_30760.jpg,Cornus amomum,silky dogwood,Cornaceae,bark,bark,of a small tree or small branch,010203,bark / of a small tree or small branch,bark,ind-baskauf/30752,2004-01-02T13:15:06-05:00,Steven J. Baskauf,https://bioimages.vanderbilt.edu/baskauf/30760,https://bioimages.vanderbilt.edu/tn/baskauf/tcoob9-br30760.jpg,https://bioimages.vanderbilt.edu/gq/baskauf/gcoob9-br30760.jpg,
baskauf/30758,baskauf_30758.jpg,Cornus amomum,silky dogwood,Cornaceae,twig,twig,close-up winter leaf scar/bud,010303,twig / close-up winter leaf scar/bud,twig,ind-baskauf/30752,2004-01-02T13:14:19-05:00,Steven J. Baskauf,https://bioimages.vanderbilt.edu/baskauf/30758,https://bioimages.vanderbilt.edu/tn/baskauf/tcoob9-tw30758.jpg,https://bioimages.vanderbilt.edu/gq/baskauf/gcoob9-tw30758.jpg,
baskauf/35221,baskauf_35221.jpg,Cornus amomum,silky dogwood,Cornaceae,twig,twig,orientation of petioles,010301,twig / orientation of petioles,twig,ind-baskauf/35213,2004-06-06T13:03:40-04:00,Steven J. Baskauf,https://bioimages.vanderbilt.edu/baskauf/35221,https://bioimages.vanderbilt.edu/tn/baskauf/tcoob9-tw35221.jpg,https://bioimages.vanderbilt.edu/gq/baskauf/gcoob9-tw35221.jpg,
baskauf/54680,baskauf_54680.jpg,Cornus amomum,silky dogwood,Cornaceae,twig,twig,orientation of petioles,010301,twig / orientation of petioles,twig,ind-baskauf/54554,2006-07-28T17:34:42-04:00,Steven J. Baskauf,https://bioimages.vanderbilt.edu/baskauf/54680,https://bioimages.vanderbilt.edu/tn/baskauf/tcoob9-tw54680.jpg,https://bioimages.vanderbilt.edu/gq/baskauf/gcoob9-tw54680.jpg,
baskauf/30941,baskauf_30941.jpg,Cornus amomum,silky dogwood,Cornaceae,twig,twig,unspecified,010300,twig / unspecified,twig,ind-baskauf/30937,2004-03-06T22:13:41-05:00,Steven J. Baskauf,https://bioimages.vanderbilt.edu/baskauf/30941,https://bioimages.vanderbilt.edu/tn/baskauf/tcoob9-twpith30941.jpg,https://bioimages.vanderbilt.edu/gq/baskauf/gcoob9-twpith30941.jpg,unspecified view
baskauf/54677,baskauf_54677.jpg,Cornus amomum,silky dogwood,Cornaceae,twig,twig,unspecified,010300,twig / unspecified,twig,ind-baskauf/54554,2006-07-28T17:34:09-04:00,Steven J. Baskauf,https://bioimages.vanderbilt.edu/baskauf/54677,https://bioimages.vanderbilt.edu/tn/baskauf/tcoob9-tw54677.jpg,https://bioimages.vanderbilt.edu/gq/baskauf/gcoob9-tw54677.jpg,unspecified view
baskauf/30756,baskauf_30756.jpg,Cornus amomum,silky dogwood,Cornaceae,twig,twig,winter overall,010302,twig / winter overall,twig,ind-baskauf/30752,2004-01-02T13:13:58-05:00,Steven J. Baskauf,https://bioimages.vanderbilt.edu/baskauf/30756,https://bioimages.vanderbilt.edu/tn/baskauf/tcoob9-twbud30756.jpg,https://bioimages.vanderbilt.edu/gq/baskauf/gcoob9-twbud30756.jpg,
baskauf/54683,baskauf_54683.jpg,Cornus amomum,silky dogwood,Cornaceae,leaf,leaf,margin of upper + lower surface,010402,leaf / margin of upper + lower surface,leaf,ind-baskauf/54554,2006-07-28T17:36:19-04:00,Steven J. Baskauf,https://bioimages.vanderbilt.edu/baskauf/54683,https://bioimages.vanderbilt.edu/tn/baskauf/tcoob9-lfmargin-uplow54683.jpg,https://bioimages.vanderbilt.edu/gq/baskauf/gcoob9-lfmargin-uplow54683.jpg,
baskauf/35219,baskauf_35219.jpg,Cornus amomum,silky dogwood,Cornaceae,leaf,leaf,whole upper surface,010401,leaf / whole upper surface,leaf,ind-baskauf/35213,2004-06-06T13:03:22-04:00,Steven J. Baskauf,https://bioimages.vanderbilt.edu/baskauf/35219,https://bioimages.vanderbilt.edu/tn/baskauf/tcoob9-lf35219.jpg,https://bioimages.vanderbilt.edu/gq/baskauf/gcoob9-lf35219.jpg,
baskauf/54682,baskauf_54682.jpg,Cornus amomum,silky dogwood,Cornaceae,leaf,leaf,whole upper surface,010401,leaf / whole upper surface,leaf,ind-baskauf/54554,2006-07-28T17:35:59-04:00,Steven J. Baskauf,https://bioimages.vanderbilt.edu/baskauf/54682,https://bioimages.vanderbilt.edu/tn/baskauf/tcoob9-lf54682.jpg,https://bioimages.vanderbilt.edu/gq/baskauf/gcoob9-lf54682.jpg,
baskauf/35224,baskauf_35224.jpg,Cornus amomum,silky dogwood,Cornaceae,flower,inflorescence,frontal view of flower,010505,inflorescence / frontal view of flower,flower,ind-baskauf/35213,2004-06-06T13:03:52-04:00,Steven J. Baskauf,https://bioimages.vanderbilt.edu/baskauf/35224,https://bioimages.vanderbilt.edu/tn/baskauf/tcoob9-flfront35224.jpg,https://bioimages.vanderbilt.edu/gq/baskauf/gcoob9-flfront35224.jpg,
baskauf/35218,baskauf_35218.jpg,Cornus amomum,silky dogwood,Cornaceae,flower,inflorescence,lateral view of flower,010504,inflorescence / lateral view of flower,flower,ind-baskauf/35213,2004-06-06T13:03:18-04:00,Steven J. Baskauf,https://bioimages.vanderbilt.edu/baskauf/35218,https://bioimages.vanderbilt.edu/tn/baskauf/tcoob9-flside35218.jpg,https://bioimages.vanderbilt.edu/gq/baskauf/gcoob9-flside35218.jpg,
baskauf/35216,baskauf_35216.jpg,Cornus amomum,silky dogwood,Cornaceae,flower,inflorescence,whole - unspecified,010501,inflorescence / whole - unspecified,flower,ind-baskauf/35213,2004-06-06T13:03:02-04:00,Steven J. Baskauf,https://bioimages.vanderbilt.edu/baskauf/35216,https://bioimages.vanderbilt.edu/tn/baskauf/tcoob9-flinflor35216.jpg,https://bioimages.vanderbilt.edu/gq/baskauf/gcoob9-flinflor35216.jpg,unspecified view
baskauf/54555,baskauf_54555.jpg,Cornus amomum,silky dogwood,Cornaceae,fruit,fruit,lateral or general close-up,010602,fruit / lateral or general close-up,fruit,ind-baskauf/54554,2006-07-28T13:20:12-04:00,Steven J. Baskauf,https://bioimages.vanderbilt.edu/baskauf/54555,https://bioimages.vanderbilt.edu/tn/baskauf/tcoob9-fr54555.jpg,https://bioimages.vanderbilt.edu/gq/baskauf/gcoob9-fr54555.jpg,
baskauf/11612,baskauf_11612.jpg,Cornus florida,flowering dogwood,Cornaceae,whole plant,whole tree (or vine),general,010101,whole tree (or vine) / general,whole-tree,ind-baskauf/11612,2002-06-01T09:29:11-04:00,Steven J. Baskauf,https://bioimages.vanderbilt.edu/baskauf/11612,https://bioimages.vanderbilt.edu/tn/baskauf/tcofl2-wpsmall11612.jpg,https://bioimages.vanderbilt.edu/gq/baskauf/gcofl2-wpsmall11612.jpg,
baskauf/91064,baskauf_91064.jpg,Cornus florida,flowering dogwood,Cornaceae,whole plant,whole tree (or vine),general,010101,whole tree (or vine) / general,whole-tree,vanderbilt/6-167,2014-09-11T08:08:19-05:00,Steven J. Baskauf,https://bioimages.vanderbilt.edu/baskauf/91064,https://bioimages.vanderbilt.edu/tn/baskauf/t91064.jpg,https://bioimages.vanderbilt.edu/gq/baskauf/g91064.jpg,
baskauf/91159,baskauf_91159.jpg,Cornus florida,flowering dogwood,Cornaceae,whole plant,whole tree (or vine),general,010101,whole tree (or vine) / general,whole-tree,vanderbilt/12-227,2014-09-11T17:44:56-05:00,Steven J. Baskauf,https://bioimages.vanderbilt.edu/baskauf/91159,https://bioimages.vanderbilt.edu/tn/baskauf/t91159.jpg,https://bioimages.vanderbilt.edu/gq/baskauf/g91159.jpg,
kirchoff/b5090,kirchoff_b5090.jpg,Cornus florida,flowering dogwood,Cornaceae,whole plant,whole tree (or vine),general,010101,whole tree (or vine) / general,whole-tree,ind-kirchoff/b5087,2005-09-28T07:41:12-04:00,Bruce K. Kirchoff,https://bioimages.vanderbilt.edu/kirchoff/b5090,https://bioimages.vanderbilt.edu/tn/kirchoff/tcofl2-wpin-fruitb5090.jpg,https://bioimages.vanderbilt.edu/gq/kirchoff/gcofl2-wpin-fruitb5090.jpg,
kirchoff/b5091,kirchoff_b5091.jpg,Cornus florida,flowering dogwood,Cornaceae,whole plant,whole tree (or vine),general,010101,whole tree (or vine) / general,whole-tree,ind-kirchoff/b5087,2005-09-28T07:41:22-04:00,Bruce K. Kirchoff,https://bioimages.vanderbilt.edu/kirchoff/b5091,https://bioimages.vanderbilt.edu/tn/kirchoff/tcofl2-wpin-fruitb5091.jpg,https://bioimages.vanderbilt.edu/gq/kirchoff/gcofl2-wpin-fruitb5091.jpg,
baskauf/10856,baskauf_10856.jpg,Cornus florida,flowering dogwood,Cornaceae,bark,bark,of a large tree,010201,bark / of a large tree,bark,ind-baskauf/10856,2002-05-07T11:32:19-05:00,Steven J. Baskauf,https://bioimages.vanderbilt.edu/baskauf/10856,https://bioimages.vanderbilt.edu/tn/baskauf/tcofl2-brlarge10856.jpg,https://bioimages.vanderbilt.edu/gq/baskauf/gcofl2-brlarge10856.jpg,
baskauf/10471,baskauf_10471.jpg,Cornus florida,flowering dogwood,Cornaceae,bark,bark,of a medium tree or large branch,010202,bark / of a medium tree or large branch,bark,vanderbilt/6-167,2002-04-05T13:56:54-06:00,Steven J. Baskauf,https://bioimages.vanderbilt.edu/baskauf/10471,https://bioimages.vanderbilt.edu/tn/baskauf/tcofl2-brmedium10471.jpg,https://bioimages.vanderbilt.edu/gq/baskauf/gcofl2-brmedium10471.jpg,
baskauf/10377,baskauf_10377.jpg,Cornus florida,flowering dogwood,Cornaceae,twig,twig,close-up winter terminal bud,010304,twig / close-up winter terminal bud,twig,ind-baskauf/10377,2002-03-25T11:27:26-06:00,Steven J. Baskauf,https://bioimages.vanderbilt.edu/baskauf/10377,https://bioimages.vanderbilt.edu/tn/baskauf/tcofl2-flbuds10377.jpg,https://bioimages.vanderbilt.edu/gq/baskauf/gcofl2-flbuds10377.jpg,
baskauf/15104,baskauf_15104.jpg,Cornus florida,flowering dogwood,Cornaceae,twig,twig,close-up winter terminal bud,010304,twig / close-up winter terminal bud,twig,ind-baskauf/15103,2002-09-07T16:34:27-04:00,Steven J. Baskauf,https://bioimages.vanderbilt.edu/baskauf/15104,https://bioimages.vanderbilt.edu/tn/baskauf/tcofl2-twbuds-fruit15104.jpg,https://bioimages.vanderbilt.edu/gq/baskauf/gcofl2-twbuds-fruit15104.jpg,
baskauf/15105,baskauf_15105.jpg,Cornus florida,flowering dogwood,Cornaceae,twig,twig,close-up winter terminal bud,010304,twig / close-up winter terminal bud,twig,ind-baskauf/15103,2002-09-07T16:34:38-04:00,Steven J. Baskauf,https://bioimages.vanderbilt.edu/baskauf/15105,https://bioimages.vanderbilt.edu/tn/baskauf/tcofl2-tw15105.jpg,https://bioimages.vanderbilt.edu/gq/baskauf/gcofl2-tw15105.jpg,
baskauf/17559,baskauf_17559.jpg,Cornus florida,flowering dogwood,Cornaceae,twig,twig,close-up winter terminal bud,010304,twig / close-up winter terminal bud,twig,vanderbilt/6-167,2003-03-04T11:40:57-06:00,Steven J. Baskauf,https://bioimages.vanderbilt.edu/baskauf/17559,https://bioimages.vanderbilt.edu/tn/baskauf/tcofl2-twbud17559.jpg,https://bioimages.vanderbilt.edu/gq/baskauf/gcofl2-twbud17559.jpg,
baskauf/17553,baskauf_17553.jpg,Cornus florida,flowering dogwood,Cornaceae,twig,twig,winter overall,010302,twig / winter overall,twig,vanderbilt/6-167,2003-03-04T11:39:25-06:00,Steven J. Baskauf,https://bioimages.vanderbilt.edu/baskauf/17553,https://bioimages.vanderbilt.edu/tn/baskauf/tcofl2-twbuds17553.jpg,https://bioimages.vanderbilt.edu/gq/baskauf/gcofl2-twbuds17553.jpg,
baskauf/11248,baskauf_11248.jpg,Cornus florida,flowering dogwood,Cornaceae,leaf,leaf,showing orientation on twig,010403,leaf / showing orientation on twig,leaf,vanderbilt/6-167,2002-05-24T08:33:19-05:00,Steven J. Baskauf,https://bioimages.vanderbilt.edu/baskauf/11248,https://bioimages.vanderbilt.edu/tn/baskauf/tcofl2-lfseveral11248.jpg,https://bioimages.vanderbilt.edu/gq/baskauf/gcofl2-lfseveral11248.jpg,
baskauf/11613,baskauf_11613.jpg,Cornus florida,flowering dogwood,Cornaceae,leaf,leaf,showing orientation on twig,010403,leaf / showing orientation on twig,leaf,ind-baskauf/11612,2002-06-01T09:29:32-04:00,Steven J. Baskauf,https://bioimages.vanderbilt.edu/baskauf/11613,https://bioimages.vanderbilt.edu/tn/baskauf/tcofl2-lfon-branch11613.jpg,https://bioimages.vanderbilt.edu/gq/baskauf/gcofl2-lfon-branch11613.jpg,
baskauf/16416,baskauf_16416.jpg,Cornus florida,flowering dogwood,Cornaceae,leaf,leaf,showing orientation on twig,010403,leaf / showing orientation on twig,leaf,ind-baskauf/16416,2002-10-18T09:26:12-05:00,Steven J. Baskauf,https://bioimages.vanderbilt.edu/baskauf/16416,https://bioimages.vanderbilt.edu/tn/baskauf/tcofl2-lffall-color16416.jpg,https://bioimages.vanderbilt.edu/gq/baskauf/gcofl2-lffall-color16416.jpg,
baskauf/16760,baskauf_16760.jpg,Cornus florida,flowering dogwood,Cornaceae,leaf,leaf,showing orientation on twig,010403,leaf / showing orientation on twig,leaf,ind-baskauf/16760,2002-11-07T13:54:46-06:00,Steven J. Baskauf,https://bioimages.vanderbilt.edu/baskauf/16760,https://bioimages.vanderbilt.edu/tn/baskauf/tcofl2-lffall16760.jpg,https://bioimages.vanderbilt.edu/gq/baskauf/gcofl2-lffall16760.jpg,
baskauf/11243,baskauf_11243.jpg,Cornus florida,flowering dogwood,Cornaceae,leaf,leaf,whole upper surface,010401,leaf / whole upper surface,leaf,vanderbilt/6-167,2002-05-24T08:31:02-05:00,Steven J. Baskauf,https://bioimages.vanderbilt.edu/baskauf/11243,https://bioimages.vanderbilt.edu/tn/baskauf/tcofl2-lf11243.jpg,https://bioimages.vanderbilt.edu/gq/baskauf/gcofl2-lf11243.jpg,
baskauf/11614,baskauf_11614.jpg,Cornus florida,flowering dogwood,Cornaceae,leaf,leaf,whole upper surface,010401,leaf / whole upper surface,leaf,ind-baskauf/11612,2002-06-01T09:29:43-04:00,Steven J. Baskauf,https://bioimages.vanderbilt.edu/baskauf/11614,https://bioimages.vanderbilt.edu/tn/baskauf/tcofl2-lf11614.jpg,https://bioimages.vanderbilt.edu/gq/baskauf/gcofl2-lf11614.jpg,
baskauf/10469,baskauf_10469.jpg,Cornus florida,flowering dogwood,Cornaceae,flower,inflorescence,whole - unspecified,010501,inflorescence / whole - unspecified,flower,vanderbilt/6-167,2002-04-05T13:55:40-06:00,Steven J. Baskauf,https://bioimages.vanderbilt.edu/baskauf/10469,https://bioimages.vanderbilt.edu/tn/baskauf/tcofl2-flseveral10469.jpg,https://bioimages.vanderbilt.edu/gq/baskauf/gcofl2-flseveral10469.jpg,unspecified view
baskauf/10470,baskauf_10470.jpg,Cornus florida,flowering dogwood,Cornaceae,flower,inflorescence,whole - unspecified,010501,inflorescence / whole - unspecified,flower,vanderbilt/6-167,2002-04-05T13:56:18-06:00,Steven J. Baskauf,https://bioimages.vanderbilt.edu/baskauf/10470,https://bioimages.vanderbilt.edu/tn/baskauf/tcofl2-fldevel10470.jpg,https://bioimages.vanderbilt.edu/gq/baskauf/gcofl2-fldevel10470.jpg,unspecified view
baskauf/10534,baskauf_10534.jpg,Cornus florida,flowering dogwood,Cornaceae,flower,inflorescence,whole - unspecified,010501,inflorescence / whole - unspecified,flower,ind-baskauf/10534,2002-04-12T09:44:04-05:00,Steven J. Baskauf,https://bioimages.vanderbilt.edu/baskauf/10534,https://bioimages.vanderbilt.edu/tn/baskauf/tcofl2-flclose10534.jpg,https://bioimages.vanderbilt.edu/gq/baskauf/gcofl2-flclose10534.jpg,unspecified view
baskauf/10535,baskauf_10535.jpg,Cornus florida,flowering dogwood,Cornaceae,flower,inflorescence,whole - unspecified,010501,inflorescence / whole - unspecified,flower,ind-baskauf/10534,2002-04-12T09:44:27-05:00,Steven J. Baskauf,https://bioimages.vanderbilt.edu/baskauf/10535,https://bioimages.vanderbilt.edu/tn/baskauf/tcofl2-flon-branch10535.jpg,https://bioimages.vanderbilt.edu/gq/baskauf/gcofl2-flon-branch10535.jpg,unspecified view
kirchoff/b5085,kirchoff_b5085.jpg,Cornus florida,flowering dogwood,Cornaceae,flower,inflorescence,whole - unspecified,010501,inflorescence / whole - unspecified,flower,ind-kirchoff/b5085,2004-04-27T18:01:46-04:00,Bruce K. Kirchoff,https://bioimages.vanderbilt.edu/kirchoff/b5085,https://bioimages.vanderbilt.edu/tn/kirchoff/tcofl2-flseveralb5085.jpg,https://bioimages.vanderbilt.edu/gq/kirchoff/gcofl2-flseveralb5085.jpg,unspecified view
kirchoff/b5086,kirchoff_b5086.jpg,Cornus florida,flowering dogwood,Cornaceae,flower,inflorescence,whole - unspecified,010501,inflorescence / whole - unspecified,flower,ind-kirchoff/b5085,2004-04-27T18:01:56-04:00,Bruce K. Kirchoff,https://bioimages.vanderbilt.edu/kirchoff/b5086,https://bioimages.vanderbilt.edu/tn/kirchoff/tcofl2-flb5086.jpg,https://bioimages.vanderbilt.edu/gq/kirchoff/gcofl2-flb5086.jpg,unspecified view
baskauf/15103,baskauf_15103.jpg,Cornus florida,flowering dogwood,Cornaceae,fruit,fruit,as borne on the plant,010601,fruit / as borne on the plant,fruit,ind-baskauf/15103,2002-09-07T16:33:38-04:00,Steven J. Baskauf,https://bioimages.vanderbilt.edu/baskauf/15103,https://bioimages.vanderbilt.edu/tn/baskauf/tcofl2-fr15103.jpg,https://bioimages.vanderbilt.edu/gq/baskauf/gcofl2-fr15103.jpg,
kirchoff/b5087,kirchoff_b5087.jpg,Cornus florida,flowering dogwood,Cornaceae,fruit,fruit,as borne on the plant,010601,fruit / as borne on the plant,fruit,ind-kirchoff/b5087,2005-09-28T07:40:46-04:00,Bruce K. Kirchoff,https://bioimages.vanderbilt.edu/kirchoff/b5087,https://bioimages.vanderbilt.edu/tn/kirchoff/tcofl2-frb5087.jpg,https://bioimages.vanderbilt.edu/gq/kirchoff/gcofl2-frb5087.jpg,
kirchoff/b5088,kirchoff_b5088.jpg,Cornus florida,flowering dogwood,Cornaceae,fruit,fruit,as borne on the plant,010601,fruit / as borne on the plant,fruit,ind-kirchoff/b5087,2005-09-28T07:40:54-04:00,Bruce K. Kirchoff,https://bioimages.vanderbilt.edu/kirchoff/b5088,https://bioimages.vanderbilt.edu/tn/kirchoff/tcofl2-frb5088.jpg,https://bioimages.vanderbilt.edu/gq/kirchoff/gcofl2-frb5088.jpg,
kirchoff/b5089,kirchoff_b5089.jpg,Cornus florida,flowering dogwood,Cornaceae,fruit,fruit,as borne on the plant,010601,fruit / as borne on the plant,fruit,ind-kirchoff/b5087,2005-09-28T07:41:03-04:00,Bruce K. Kirchoff,https://bioimages.vanderbilt.edu/kirchoff/b5089,https://bioimages.vanderbilt.edu/tn/kirchoff/tcofl2-frdistb5089.jpg,https://bioimages.vanderbilt.edu/gq/kirchoff/gcofl2-frdistb5089.jpg,
kirchoff/b5092,kirchoff_b5092.jpg,Cornus florida,flowering dogwood,Cornaceae,fruit,fruit,as borne on the plant,010601,fruit / as borne on the plant,fruit,ind-kirchoff/b5087,2005-09-28T07:41:41-04:00,Bruce K. Kirchoff,https://bioimages.vanderbilt.edu/kirchoff/b5092,https://bioimages.vanderbilt.edu/tn/kirchoff/tcofl2-frb5092.jpg,https://bioimages.vanderbilt.edu/gq/kirchoff/gcofl2-frb5092.jpg,
kirchoff/b5094,kirchoff_b5094.jpg,Cornus florida,flowering dogwood,Cornaceae,fruit,fruit,as borne on the plant,010601,fruit / as borne on the plant,fruit,ind-kirchoff/b5087,2005-09-28T07:42:25-04:00,Bruce K. Kirchoff,https://bioimages.vanderbilt.edu/kirchoff/b5094,https://bioimages.vanderbilt.edu/tn/kirchoff/tcofl2-frb5094.jpg,https://bioimages.vanderbilt.edu/gq/kirchoff/gcofl2-frb5094.jpg,
kirchoff/b5095,kirchoff_b5095.jpg,Cornus florida,flowering dogwood,Cornaceae,fruit,fruit,as borne on the plant,010601,fruit / as borne on the plant,fruit,ind-kirchoff/b5087,2005-09-28T07:42:55-04:00,Bruce K. Kirchoff,https://bioimages.vanderbilt.edu/kirchoff/b5095,https://bioimages.vanderbilt.edu/tn/kirchoff/tcofl2-frb5095.jpg,https://bioimages.vanderbilt.edu/gq/kirchoff/gcofl2-frb5095.jpg,
baskauf/10603,baskauf_10603.jpg,Cornus florida,flowering dogwood,Cornaceae,fruit,fruit,immature,010604,fruit / immature,fruit,vanderbilt/6-167,2002-04-18T12:42:02-05:00,Steven J. Baskauf,https://bioimages.vanderbilt.edu/baskauf/10603,https://bioimages.vanderbilt.edu/tn/baskauf/tcofl2-frdevel10603.jpg,https://bioimages.vanderbilt.edu/gq/baskauf/gcofl2-frdevel10603.jpg,
kirchoff/b5093,kirchoff_b5093.jpg,Cornus florida,flowering dogwood,Cornaceae,fruit,fruit,lateral or general close-up,010602,fruit / lateral or general close-up,fruit,ind-kirchoff/b5087,2005-09-28T07:41:57-04:00,Bruce K. Kirchoff,https://bioimages.vanderbilt.edu/kirchoff/b5093,https://bioimages.vanderbilt.edu/tn/kirchoff/tcofl2-frb5093.jpg,https://bioimages.vanderbilt.edu/gq/kirchoff/gcofl2-frb5093.jpg,
baskauf/54740,baskauf_54740.jpg,Cornus racemosa,gray dogwood,Cornaceae,whole plant,whole tree (or vine),general,010101,whole tree (or vine) / general,whole-tree,ind-baskauf/54740,2006-07-30T15:11:47-04:00,Steven J. Baskauf,https://bioimages.vanderbilt.edu/baskauf/54740,https://bioimages.vanderbilt.edu/tn/baskauf/tcora6-wpfencerow54740.jpg,https://bioimages.vanderbilt.edu/gq/baskauf/gcora6-wpfencerow54740.jpg,
baskauf/54744,baskauf_54744.jpg,Cornus racemosa,gray dogwood,Cornaceae,whole plant,whole tree (or vine),general,010101,whole tree (or vine) / general,whole-tree,ind-baskauf/54740,2006-07-30T15:13:08-04:00,Steven J. Baskauf,https://bioimages.vanderbilt.edu/baskauf/54744,https://bioimages.vanderbilt.edu/tn/baskauf/tcora6-wp54744.jpg,https://bioimages.vanderbilt.edu/gq/baskauf/gcora6-wp54744.jpg,
baskauf/54755,baskauf_54755.jpg,Cornus racemosa,gray dogwood,Cornaceae,bark,bark,of a medium tree or large branch,010202,bark / of a medium tree or large branch,bark,ind-baskauf/54740,2006-07-30T15:15:57-04:00,Steven J. Baskauf,https://bioimages.vanderbilt.edu/baskauf/54755,https://bioimages.vanderbilt.edu/tn/baskauf/tcora6-br54755.jpg,https://bioimages.vanderbilt.edu/gq/baskauf/gcora6-br54755.jpg,
baskauf/54750,baskauf_54750.jpg,Cornus racemosa,gray dogwood,Cornaceae,twig,twig,orientation of petioles,010301,twig / orientation of petioles,twig,ind-baskauf/54740,2006-07-30T15:14:53-04:00,Steven J. Baskauf,https://bioimages.vanderbilt.edu/baskauf/54750,https://bioimages.vanderbilt.edu/tn/baskauf/tcora6-tw54750.jpg,https://bioimages.vanderbilt.edu/gq/baskauf/gcora6-tw54750.jpg,
baskauf/54819,baskauf_54819.jpg,Cornus racemosa,gray dogwood,Cornaceae,twig,twig,unspecified,010300,twig / unspecified,twig,ind-baskauf/54740,2006-07-31T13:03:55-04:00,Steven J. Baskauf,https://bioimages.vanderbilt.edu/baskauf/54819,https://bioimages.vanderbilt.edu/tn/baskauf/tcora6-twpith54819.jpg,https://bioimages.vanderbilt.edu/gq/baskauf/gcora6-twpith54819.jpg,unspecified view
baskauf/54760,baskauf_54760.jpg,Cornus racemosa,gray dogwood,Cornaceae,leaf,leaf,margin of upper + lower surface,010402,leaf / margin of upper + lower surface,leaf,ind-baskauf/54740,2006-07-30T15:18:39-04:00,Steven J. Baskauf,https://bioimages.vanderbilt.edu/baskauf/54760,https://bioimages.vanderbilt.edu/tn/baskauf/tcora6-lfmargin-uplow54760.jpg,https://bioimages.vanderbilt.edu/gq/baskauf/gcora6-lfmargin-uplow54760.jpg,
baskauf/54758,baskauf_54758.jpg,Cornus racemosa,gray dogwood,Cornaceae,leaf,leaf,whole upper surface,010401,leaf / whole upper surface,leaf,ind-baskauf/54740,2006-07-30T15:18:21-04:00,Steven J. Baskauf,https://bioimages.vanderbilt.edu/baskauf/54758,https://bioimages.vanderbilt.edu/tn/baskauf/tcora6-lf54758.jpg,https://bioimages.vanderbilt.edu/gq/baskauf/gcora6-lf54758.jpg,
baskauf/54764,baskauf_54764.jpg,Cornus racemosa,gray dogwood,Cornaceae,fruit,fruit,as borne on the plant,010601,fruit / as borne on the plant,fruit,ind-baskauf/54740,2006-07-30T15:23:10-04:00,Steven J. Baskauf,https://bioimages.vanderbilt.edu/baskauf/54764,https://bioimages.vanderbilt.edu/tn/baskauf/tcora6-frdistant54764.jpg,https://bioimages.vanderbilt.edu/gq/baskauf/gcora6-frdistant54764.jpg,
baskauf/54765,baskauf_54765.jpg,Cornus racemosa,gray dogwood,Cornaceae,fruit,fruit,as borne on the plant,010601,fruit / as borne on the plant,fruit,ind-baskauf/54740,2006-07-30T15:24:03-04:00,Steven J. Baskauf,https://bioimages.vanderbilt.edu/baskauf/54765,https://bioimages.vanderbilt.edu/tn/baskauf/tcora6-frinfruct54765.jpg,https://bioimages.vanderbilt.edu/gq/baskauf/gcora6-frinfruct54765.jpg,
baskauf/54747,baskauf_54747.jpg,Cornus racemosa,gray dogwood,Cornaceae,fruit,fruit,immature,010604,fruit / immature,fruit,ind-baskauf/54740,2006-07-30T15:14:08-04:00,Steven J. Baskauf,https://bioimages.vanderbilt.edu/baskauf/54747,https://bioimages.vanderbilt.edu/tn/baskauf/tcora6-frdevel54747.jpg,https://bioimages.vanderbilt.edu/gq/baskauf/gcora6-frdevel54747.jpg,
baskauf/54817,baskauf_54817.jpg,Cornus racemosa,gray dogwood,Cornaceae,fruit,fruit,immature,010604,fruit / immature,fruit,ind-baskauf/54740,2006-07-31T13:03:23-04:00,Steven J. Baskauf,https://bioimages.vanderbilt.edu/baskauf/54817,https://bioimages.vanderbilt.edu/tn/baskauf/tcora6-frdevel54817.jpg,https://bioimages.vanderbilt.edu/gq/baskauf/gcora6-frdevel54817.jpg,
baskauf/54766,baskauf_54766.jpg,Cornus racemosa,gray dogwood,Cornaceae,fruit,fruit,lateral or general close-up,010602,fruit / lateral or general close-up,fruit,ind-baskauf/54740,2006-07-30T15:24:08-04:00,Steven J. Baskauf,https://bioimages.vanderbilt.edu/baskauf/54766,https://bioimages.vanderbilt.edu/tn/baskauf/tcora6-fr54766.jpg,https://bioimages.vanderbilt.edu/gq/baskauf/gcora6-fr54766.jpg,
baskauf/54767,baskauf_54767.jpg,Cornus racemosa,gray dogwood,Cornaceae,fruit,fruit,lateral or general close-up,010602,fruit / lateral or general close-up,fruit,ind-baskauf/54740,2006-07-30T15:24:21-04:00,Steven J. Baskauf,https://bioimages.vanderbilt.edu/baskauf/54767,https://bioimages.vanderbilt.edu/tn/baskauf/tcora6-fr54767.jpg,https://bioimages.vanderbilt.edu/gq/baskauf/gcora6-fr54767.jpg,
baskauf/35318,baskauf_35318.jpg,Cornus sericea,redosier dogwood,Cornaceae,whole plant,whole tree (or vine),general,010101,whole tree (or vine) / general,whole-tree,ind-baskauf/35309,2004-06-06T14:01:03-04:00,Steven J. Baskauf,https://bioimages.vanderbilt.edu/baskauf/35318,https://bioimages.vanderbilt.edu/tn/baskauf/tcoses-wp35318.jpg,https://bioimages.vanderbilt.edu/gq/baskauf/gcoses-wp35318.jpg,
baskauf/30975,baskauf_30975.jpg,Cornus sericea,redosier dogwood,Cornaceae,whole plant,whole tree (or vine),winter,010102,whole tree (or vine) / winter,whole-tree,ind-baskauf/30951,2004-03-07T08:40:00-05:00,Steven J. Baskauf,https://bioimages.vanderbilt.edu/baskauf/30975,https://bioimages.vanderbilt.edu/tn/baskauf/tcoses-wpwinter30975.jpg,https://bioimages.vanderbilt.edu/gq/baskauf/gcoses-wpwinter30975.jpg,
baskauf/30981,baskauf_30981.jpg,Cornus sericea,redosier dogwood,Cornaceae,bark,bark,of a small tree or small branch,010203,bark / of a small tree or small branch,bark,ind-baskauf/30951,2004-03-07T08:41:34-05:00,Steven J. Baskauf,https://bioimages.vanderbilt.edu/baskauf/30981,https://bioimages.vanderbilt.edu/tn/baskauf/tcoses-br30981.jpg,https://bioimages.vanderbilt.edu/gq/baskauf/gcoses-br30981.jpg,
baskauf/30961,baskauf_30961.jpg,Cornus sericea,redosier dogwood,Cornaceae,twig,twig,close-up winter terminal bud,010304,twig / close-up winter terminal bud,twig,ind-baskauf/30951,2004-03-06T22:23:01-05:00,Steven J. Baskauf,https://bioimages.vanderbilt.edu/baskauf/30961,https://bioimages.vanderbilt.edu/tn/baskauf/tcoses-twbud30961.jpg,https://bioimages.vanderbilt.edu/gq/baskauf/gcoses-twbud30961.jpg,
baskauf/35326,baskauf_35326.jpg,Cornus sericea,redosier dogwood,Cornaceae,twig,twig,orientation of petioles,010301,twig / orientation of petioles,twig,ind-baskauf/35309,2004-06-06T14:03:35-04:00,Steven J. Baskauf,https://bioimages.vanderbilt.edu/baskauf/35326,https://bioimages.vanderbilt.edu/tn/baskauf/tcoses-twsummer35326.jpg,https://bioimages.vanderbilt.edu/gq/baskauf/gcoses-twsummer35326.jpg,
baskauf/30951,baskauf_30951.jpg,Cornus sericea,redosier dogwood,Cornaceae,twig,twig,unspecified,010300,twig / unspecified,twig,ind-baskauf/30951,2004-03-06T22:20:38-05:00,Steven J. Baskauf,https://bioimages.vanderbilt.edu/baskauf/30951,https://bioimages.vanderbilt.edu/tn/baskauf/tcoses-twpith30951.jpg,https://bioimages.vanderbilt.edu/gq/baskauf/gcoses-twpith30951.jpg,unspecified view
baskauf/30958,baskauf_30958.jpg,Cornus sericea,redosier dogwood,Cornaceae,twig,twig,winter overall,010302,twig / winter overall,twig,ind-baskauf/30951,2004-03-06T22:22:25-05:00,Steven J. Baskauf,https://bioimages.vanderbilt.edu/baskauf/30958,https://bioimages.vanderbilt.edu/tn/baskauf/tcoses-tw30958.jpg,https://bioimages.vanderbilt.edu/gq/baskauf/gcoses-tw30958.jpg,
baskauf/35319,baskauf_35319.jpg,Cornus sericea,redosier dogwood,Cornaceae,leaf,leaf,showing orientation on twig,010403,leaf / showing orientation on twig,leaf,ind-baskauf/35309,2004-06-06T14:01:29-04:00,Steven J. Baskauf,https://bioimages.vanderbilt.edu/baskauf/35319,https://bioimages.vanderbilt.edu/tn/baskauf/tcoses-lfseveral35319.jpg,https://bioimages.vanderbilt.edu/gq/baskauf/gcoses-lfseveral35319.jpg,
baskauf/35324,baskauf_35324.jpg,Cornus sericea,redosier dogwood,Cornaceae,leaf,leaf,whole upper surface,010401,leaf / whole upper surface,leaf,ind-baskauf/35309,2004-06-06T14:03:02-04:00,Steven J. Baskauf,https://bioimages.vanderbilt.edu/baskauf/35324,https://bioimages.vanderbilt.edu/tn/baskauf/tcoses-lf35324.jpg,https://bioimages.vanderbilt.edu/gq/baskauf/gcoses-lf35324.jpg,
baskauf/54572,baskauf_54572.jpg,Cornus sericea,redosier dogwood,Cornaceae,fruit,fruit,lateral or general close-up,010602,fruit / lateral or general close-up,fruit,ind-baskauf/35309,2006-07-28T13:59:12-04:00,Steven J. Baskauf,https://bioimages.vanderbilt.edu/baskauf/54572,https://bioimages.vanderbilt.edu/tn/baskauf/tcoses-fraborted54572.jpg,https://bioimages.vanderbilt.edu/gq/baskauf/gcoses-fraborted54572.jpg,
baskauf/65655,baskauf_65655.jpg,Dirca palustris,eastern leatherwood,Thymelaeaceae,whole plant,whole tree (or vine),general,010101,whole tree (or vine) / general,whole-tree,ind-baskauf/65629,2008-05-10T14:59:55-04:00,Steven J. Baskauf,https://bioimages.vanderbilt.edu/baskauf/65655,https://bioimages.vanderbilt.edu/tn/baskauf/tdipa9-wp65655.jpg,https://bioimages.vanderbilt.edu/gq/baskauf/gdipa9-wp65655.jpg,
baskauf/65657,baskauf_65657.jpg,Dirca palustris,eastern leatherwood,Thymelaeaceae,whole plant,whole tree (or vine),general,010101,whole tree (or vine) / general,whole-tree,ind-baskauf/65657,2008-05-10T15:00:14-04:00,Steven J. Baskauf,https://bioimages.vanderbilt.edu/baskauf/65657,https://bioimages.vanderbilt.edu/tn/baskauf/tdipa9-wp65657.jpg,https://bioimages.vanderbilt.edu/gq/baskauf/gdipa9-wp65657.jpg,
baskauf/65662,baskauf_65662.jpg,Dirca palustris,eastern leatherwood,Thymelaeaceae,whole plant,whole tree (or vine),general,010101,whole tree (or vine) / general,whole-tree,ind-baskauf/65662,2008-05-10T15:01:13-04:00,Steven J. Baskauf,https://bioimages.vanderbilt.edu/baskauf/65662,https://bioimages.vanderbilt.edu/tn/baskauf/tdipa9-wp65662.jpg,https://bioimages.vanderbilt.edu/gq/baskauf/gdipa9-wp65662.jpg,
baskauf/65650,baskauf_65650.jpg,Dirca palustris,eastern leatherwood,Thymelaeaceae,bark,bark,of a medium tree or large branch,010202,bark / of a medium tree or large branch,bark,ind-baskauf/65629,2008-05-10T14:58:24-04:00,Steven J. Baskauf,https://bioimages.vanderbilt.edu/baskauf/65650,https://bioimages.vanderbilt.edu/tn/baskauf/tdipa9-brmedium65650.jpg,https://bioimages.vanderbilt.edu/gq/baskauf/gdipa9-brmedium65650.jpg,
baskauf/65651,baskauf_65651.jpg,Dirca palustris,eastern leatherwood,Thymelaeaceae,bark,bark,of a medium tree or large branch,010202,bark / of a medium tree or large branch,bark,ind-baskauf/65629,2008-05-10T14:58:32-04:00,Steven J. Baskauf,https://bioimages.vanderbilt.edu/baskauf/65651,https://bioimages.vanderbilt.edu/tn/baskauf/tdipa9-brmedium65651.jpg,https://bioimages.vanderbilt.edu/gq/baskauf/gdipa9-brmedium65651.jpg,
baskauf/65652,baskauf_65652.jpg,Dirca palustris,eastern leatherwood,Thymelaeaceae,bark,bark,of a medium tree or large branch,010202,bark / of a medium tree or large branch,bark,ind-baskauf/65629,2008-05-10T14:58:47-04:00,Steven J. Baskauf,https://bioimages.vanderbilt.edu/baskauf/65652,https://bioimages.vanderbilt.edu/tn/baskauf/tdipa9-brmedium65652.jpg,https://bioimages.vanderbilt.edu/gq/baskauf/gdipa9-brmedium65652.jpg,
baskauf/65653,baskauf_65653.jpg,Dirca palustris,eastern leatherwood,Thymelaeaceae,bark,bark,of a small tree or small branch,010203,bark / of a small tree or small branch,bark,ind-baskauf/65629,2008-05-10T14:59:00-04:00,Steven J. Baskauf,https://bioimages.vanderbilt.edu/baskauf/65653,https://bioimages.vanderbilt.edu/tn/baskauf/tdipa9-brsmall65653.jpg,https://bioimages.vanderbilt.edu/gq/baskauf/gdipa9-brsmall65653.jpg,
baskauf/65654,baskauf_65654.jpg,Dirca palustris,eastern leatherwood,Thymelaeaceae,bark,bark,of a small tree or small branch,010203,bark / of a small tree or small branch,bark,ind-baskauf/65629,2008-05-10T14:59:13-04:00,Steven J. Baskauf,https://bioimages.vanderbilt.edu/baskauf/65654,https://bioimages.vanderbilt.edu/tn/baskauf/tdipa9-brsmall65654.jpg,https://bioimages.vanderbilt.edu/gq/baskauf/gdipa9-brsmall65654.jpg,
baskauf/65642,baskauf_65642.jpg,Dirca palustris,eastern leatherwood,Thymelaeaceae,twig,twig,orientation of petioles,010301,twig / orientation of petioles,twig,ind-baskauf/65629,2008-05-10T14:56:29-04:00,Steven J. Baskauf,https://bioimages.vanderbilt.edu/baskauf/65642,https://bioimages.vanderbilt.edu/tn/baskauf/tdipa9-tw65642.jpg,https://bioimages.vanderbilt.edu/gq/baskauf/gdipa9-tw65642.jpg,
baskauf/65647,baskauf_65647.jpg,Dirca palustris,eastern leatherwood,Thymelaeaceae,twig,twig,orientation of petioles,010301,twig / orientation of petioles,twig,ind-baskauf/65629,2008-05-10T14:57:29-04:00,Steven J. Baskauf,https://bioimages.vanderbilt.edu/baskauf/65647,https://bioimages.vanderbilt.edu/tn/baskauf/tdipa9-tw65647.jpg,https://bioimages.vanderbilt.edu/gq/baskauf/gdipa9-tw65647.jpg,
baskauf/65649,baskauf_65649.jpg,Dirca palustris,eastern leatherwood,Thymelaeaceae,twig,twig,orientation of petioles,010301,twig / orientation of petioles,twig,ind-baskauf/65629,2008-05-10T14:58:10-04:00,Steven J. Baskauf,https://bioimages.vanderbilt.edu/baskauf/65649,https://bioimages.vanderbilt.edu/tn/baskauf/tdipa9-tw65649.jpg,https://bioimages.vanderbilt.edu/gq/baskauf/gdipa9-tw65649.jpg,
baskauf/65644,baskauf_65644.jpg,Dirca palustris,eastern leatherwood,Thymelaeaceae,leaf,leaf,margin of upper + lower surface,010402,leaf / margin of upper + lower surface,leaf,ind-baskauf/65629,2008-05-10T14:56:55-04:00,Steven J. Baskauf,https://bioimages.vanderbilt.edu/baskauf/65644,https://bioimages.vanderbilt.edu/tn/baskauf/tdipa9-lfmargin-uplow65644.jpg,https://bioimages.vanderbilt.edu/gq/baskauf/gdipa9-lfmargin-uplow65644.jpg,
baskauf/65645,baskauf_65645.jpg,Dirca palustris,eastern leatherwood,Thymelaeaceae,leaf,leaf,margin of upper + lower surface,010402,leaf / margin of upper + lower surface,leaf,ind-baskauf/65629,2008-05-10T14:57:10-04:00,Steven J. Baskauf,https://bioimages.vanderbilt.edu/baskauf/65645,https://bioimages.vanderbilt.edu/tn/baskauf/tdipa9-lfmargin-uplow65645.jpg,https://bioimages.vanderbilt.edu/gq/baskauf/gdipa9-lfmargin-uplow65645.jpg,
baskauf/65631,baskauf_65631.jpg,Dirca palustris,eastern leatherwood,Thymelaeaceae,leaf,leaf,showing orientation on twig,010403,leaf / showing orientation on twig,leaf,ind-baskauf/65629,2008-05-10T14:53:43-04:00,Steven J. Baskauf,https://bioimages.vanderbilt.edu/baskauf/65631,https://bioimages.vanderbilt.edu/tn/baskauf/tdipa9-lfseveral65631.jpg,https://bioimages.vanderbilt.edu/gq/baskauf/gdipa9-lfseveral65631.jpg,
baskauf/65634,baskauf_65634.jpg,Dirca palustris,eastern leatherwood,Thymelaeaceae,leaf,leaf,showing orientation on twig,010403,leaf / showing orientation on twig,leaf,ind-baskauf/65629,2008-05-10T14:55:07-04:00,Steven J. Baskauf,https://bioimages.vanderbilt.edu/baskauf/65634,https://bioimages.vanderbilt.edu/tn/baskauf/tdipa9-lfseveral65634.jpg,https://bioimages.vanderbilt.edu/gq/baskauf/gdipa9-lfseveral65634.jpg,
baskauf/65637,baskauf_65637.jpg,Dirca palustris,eastern leatherwood,Thymelaeaceae,leaf,leaf,showing orientation on twig,010403,leaf / showing orientation on twig,leaf,ind-baskauf/65629,2008-05-10T14:55:27-04:00,Steven J. Baskauf,https://bioimages.vanderbilt.edu/baskauf/65637,https://bioimages.vanderbilt.edu/tn/baskauf/tdipa9-lfseveral65637.jpg,https://bioimages.vanderbilt.edu/gq/baskauf/gdipa9-lfseveral65637.jpg,
baskauf/65633,baskauf_65633.jpg,Dirca palustris,eastern leatherwood,Thymelaeaceae,leaf,leaf,whole upper surface,010401,leaf / whole upper surface,leaf,ind-baskauf/65629,2008-05-10T14:54:38-04:00,Steven J. Baskauf,https://bioimages.vanderbilt.edu/baskauf/65633,https://bioimages.vanderbilt.edu/tn/baskauf/tdipa9-lf65633.jpg,https://bioimages.vanderbilt.edu/gq/baskauf/gdipa9-lf65633.jpg,
eickmeierwg/we565,eickmeierwg_we565.jpg,Dirca palustris,eastern leatherwood,Thymelaeaceae,flower,inflorescence,whole - unspecified,010501,inflorescence / whole - unspecified,flower,ind-eickmeierwg/we565,2008-04-02T10:50:32-05:00,William G. Eickmeier,https://bioimages.vanderbilt.edu/eickmeierwg/we565,https://bioimages.vanderbilt.edu/tn/eickmeierwg/tdipa9-flwe565.jpg,https://bioimages.vanderbilt.edu/gq/eickmeierwg/gdipa9-flwe565.jpg,unspecified view
baskauf/65641,baskauf_65641.jpg,Dirca palustris,eastern leatherwood,Thymelaeaceae,fruit,fruit,immature,010604,fruit / immature,fruit,ind-baskauf/65629,2008-05-10T14:56:17-04:00,Steven J. Baskauf,https://bioimages.vanderbilt.edu/baskauf/65641,https://bioimages.vanderbilt.edu/tn/baskauf/tdipa9-frdevel65641.jpg,https://bioimages.vanderbilt.edu/gq/baskauf/gdipa9-frdevel65641.jpg,
baskauf/29773,baskauf_29773.jpg,Fagus grandifolia,American beech,Fagaceae,whole plant,whole tree (or vine),general,010101,whole tree (or vine) / general,whole-tree,ind-baskauf/10432,2003-10-02T17:46:49-05:00,Steven J. Baskauf,https://bioimages.vanderbilt.edu/baskauf/29773,https://bioimages.vanderbilt.edu/tn/baskauf/tfagr--wp29773.jpg,https://bioimages.vanderbilt.edu/gq/baskauf/gfagr--wp29773.jpg,
baskauf/91057,baskauf_91057.jpg,Fagus grandifolia,American beech,Fagaceae,whole plant,whole tree (or vine),general,010101,whole tree (or vine) / general,whole-tree,vanderbilt/6-208,2014-09-11T08:04:03-05:00,Steven J. Baskauf,https://bioimages.vanderbilt.edu/baskauf/91057,https://bioimages.vanderbilt.edu/tn/baskauf/t91057.jpg,https://bioimages.vanderbilt.edu/gq/baskauf/g91057.jpg,
baskauf/91143,baskauf_91143.jpg,Fagus grandifolia,American beech,Fagaceae,whole plant,whole tree (or vine),general,010101,whole tree (or vine) / general,whole-tree,vanderbilt/12-187,2014-09-11T17:35:00-05:00,Steven J. Baskauf,https://bioimages.vanderbilt.edu/baskauf/91143,https://bioimages.vanderbilt.edu/tn/baskauf/t91143.jpg,https://bioimages.vanderbilt.edu/gq/baskauf/g91143.jpg,
kirchoff/ac1515,kirchoff_ac1515.jpg,Fagus grandifolia,American beech,Fagaceae,whole plant,whole tree (or vine),general,010101,whole tree (or vine) / general,whole-tree,ind-kirchoff/mason09,2010-09-01T04:00:37-04:00,Emily C. Mason,https://bioimages.vanderbilt.edu/kirchoff/ac1515,https://bioimages.vanderbilt.edu/tn/kirchoff/tac1515.jpg,https://bioimages.vanderbilt.edu/gq/kirchoff/gac1515.jpg,
baskauf/d0127,baskauf_d0127.jpg,Fagus grandifolia,American beech,Fagaceae,whole plant,whole tree (or vine),winter,010102,whole tree (or vine) / winter,whole-tree,ind-baskauf/d0127,2002-02-09T16:43:23-06:00,Steven J. Baskauf,https://bioimages.vanderbilt.edu/baskauf/d0127,https://bioimages.vanderbilt.edu/tn/baskauf/tfagr--wpwinterd0127.jpg,https://bioimages.vanderbilt.edu/gq/baskauf/gfagr--wpwinterd0127.jpg,
kirchoff/b5132,kirchoff_b5132.jpg,Fagus grandifolia,American beech,Fagaceae,whole plant,whole tree (or vine),winter,010102,whole tree (or vine) / winter,whole-tree,ind-kirchoff/b5132,2004-03-27T10:15:26-05:00,Bruce K. Kirchoff,https://bioimages.vanderbilt.edu/kirchoff/b5132,https://bioimages.vanderbilt.edu/tn/kirchoff/tfagr--wpsmall-winterb5132.jpg,https://bioimages.vanderbilt.edu/gq/kirchoff/gfagr--wpsmall-winterb5132.jpg,
baskauf/10432,baskauf_10432.jpg,Fagus grandifolia,American beech,Fagaceae,bark,bark,of a large tree,010201,bark / of a large tree,bark,ind-baskauf/10432,2002-03-31T18:11:04-06:00,Steven J. Baskauf,https://bioimages.vanderbilt.edu/baskauf/10432,https://bioimages.vanderbilt.edu/tn/baskauf/tfagr--br10432.jpg,https://bioimages.vanderbilt.edu/gq/baskauf/gfagr--br10432.jpg,
kirchoff/ac1516,kirchoff_ac1516.jpg,Fagus grandifolia,American beech,Fagaceae,bark,bark,of a large tree,010201,bark / of a large tree,bark,ind-kirchoff/mason09,2010-09-01T04:01:15-04:00,Emily C. Mason,https://bioimages.vanderbilt.edu/kirchoff/ac1516,https://bioimages.vanderbilt.edu/tn/kirchoff/tac1516.jpg,https://bioimages.vanderbilt.edu/gq/kirchoff/gac1516.jpg,
kirchoff/ac1517,kirchoff_ac1517.jpg,Fagus grandifolia,American beech,Fagaceae,bark,bark,of a large tree,010201,bark / of a large tree,bark,ind-kirchoff/mason09,2010-09-01T04:01:27-04:00,Emily C. Mason,https://bioimages.vanderbilt.edu/kirchoff/ac1517,https://bioimages.vanderbilt.edu/tn/kirchoff/tac1517.jpg,https://bioimages.vanderbilt.edu/gq/kirchoff/gac1517.jpg,
kirchoff/em2192,kirchoff_em2192.jpg,Fagus grandifolia,American beech,Fagaceae,bark,bark,of a large tree,010201,bark / of a large tree,bark,ind-kirchoff/mason09,2010-09-30T15:05:37-04:00,Emily C. Mason,https://bioimages.vanderbilt.edu/kirchoff/em2192,https://bioimages.vanderbilt.edu/tn/kirchoff/tem2192.jpg,https://bioimages.vanderbilt.edu/gq/kirchoff/gem2192.jpg,
baskauf/10431,baskauf_10431.jpg,Fagus grandifolia,American beech,Fagaceae,twig,twig,close-up winter terminal bud,010304,twig / close-up winter terminal bud,twig,ind-baskauf/10430,2002-03-31T18:10:42-06:00,Steven J. Baskauf,https://bioimages.vanderbilt.edu/baskauf/10431,https://bioimages.vanderbilt.edu/tn/baskauf/tfagr--twleaf-bud10431.jpg,https://bioimages.vanderbilt.edu/gq/baskauf/gfagr--twleaf-bud10431.jpg,
baskauf/39143,baskauf_39143.jpg,Fagus grandifolia,American beech,Fagaceae,twig,twig,close-up winter terminal bud,010304,twig / close-up winter terminal bud,twig,ind-baskauf/39143,2005-04-08T13:13:15-05:00,Steven J. Baskauf,https://bioimages.vanderbilt.edu/baskauf/39143,https://bioimages.vanderbilt.edu/tn/baskauf/tfagr--twterminal-bud39143.jpg,https://bioimages.vanderbilt.edu/gq/baskauf/gfagr--twterminal-bud39143.jpg,
baskauf/39176,baskauf_39176.jpg,Fagus grandifolia,American beech,Fagaceae,twig,twig,close-up winter terminal bud,010304,twig / close-up winter terminal bud,twig,ind-baskauf/39143,2005-04-08T14:19:01-05:00,Steven J. Baskauf,https://bioimages.vanderbilt.edu/baskauf/39176,https://bioimages.vanderbilt.edu/tn/baskauf/tfagr--twleaf-scar39176.jpg,https://bioimages.vanderbilt.edu/gq/baskauf/gfagr--twleaf-scar39176.jpg,
baskauf/29685,baskauf_29685.jpg,Fagus grandifolia,American beech,Fagaceae,twig,twig,orientation of petioles,010301,twig / orientation of petioles,twig,ind-baskauf/10432,2003-09-30T07:52:30-05:00,Steven J. Baskauf,https://bioimages.vanderbilt.edu/baskauf/29685,https://bioimages.vanderbilt.edu/tn/baskauf/tfagr--tw29685.jpg,https://bioimages.vanderbilt.edu/gq/baskauf/gfagr--tw29685.jpg,
kirchoff/ac1519,kirchoff_ac1519.jpg,Fagus grandifolia,American beech,Fagaceae,twig,twig,orientation of petioles,010301,twig / orientation of petioles,twig,ind-kirchoff/mason09,2010-09-01T04:02:46-04:00,Emily C. Mason,https://bioimages.vanderbilt.edu/kirchoff/ac1519,https://bioimages.vanderbilt.edu/tn/kirchoff/tac1519.jpg,https://bioimages.vanderbilt.edu/gq/kirchoff/gac1519.jpg,
kirchoff/em1993,kirchoff_em1993.jpg,Fagus grandifolia,American beech,Fagaceae,twig,twig,orientation of petioles,010301,twig / orientation of petioles,twig,ind-kirchoff/mason09,2010-09-23T13:10:53-04:00,Emily C. Mason,https://bioimages.vanderbilt.edu/kirchoff/em1993,https://bioimages.vanderbilt.edu/tn/kirchoff/tem1993.jpg,https://bioimages.vanderbilt.edu/gq/kirchoff/gem1993.jpg,
kirchoff/em1998,kirchoff_em1998.jpg,Fagus grandifolia,American beech,Fagaceae,twig,twig,orientation of petioles,010301,twig / orientation of petioles,twig,ind-kirchoff/mason09,2010-09-23T13:20:27-04:00,Emily C. Mason,https://bioimages.vanderbilt.edu/kirchoff/em1998,https://bioimages.vanderbilt.edu/tn/kirchoff/tem1998.jpg,https://bioimages.vanderbilt.edu/gq/kirchoff/gem1998.jpg,
baskauf/10430,baskauf_10430.jpg,Fagus grandifolia,American beech,Fagaceae,twig,twig,winter overall,010302,twig / winter overall,twig,ind-baskauf/10430,2002-03-31T18:09:55-06:00,Steven J. Baskauf,https://bioimages.vanderbilt.edu/baskauf/10430,https://bioimages.vanderbilt.edu/tn/baskauf/tfagr--tw10430.jpg,https://bioimages.vanderbilt.edu/gq/baskauf/gfagr--tw10430.jpg,
kirchoff/em2002,kirchoff_em2002.jpg,Fagus grandifolia,American beech,Fagaceae,leaf,leaf,margin of upper + lower surface,010402,leaf / margin of upper + lower surface,leaf,ind-kirchoff/mason09,2010-09-23T13:24:47-04:00,Emily C. Mason,https://bioimages.vanderbilt.edu/kirchoff/em2002,https://bioimages.vanderbilt.edu/tn/kirchoff/tem2002.jpg,https://bioimages.vanderbilt.edu/gq/kirchoff/gem2002.jpg,
kirchoff/em2198,kirchoff_em2198.jpg,Fagus grandifolia,American beech,Fagaceae,leaf,leaf,margin of upper + lower surface,010402,leaf / margin of upper + lower surface,leaf,ind-kirchoff/mason09,2010-09-30T15:08:02-04:00,Emily C. Mason,https://bioimages.vanderbilt.edu/kirchoff/em2198,https://bioimages.vanderbilt.edu/tn/kirchoff/tem2198.jpg,https://bioimages.vanderbilt.edu/gq/kirchoff/gem2198.jpg,
baskauf/10757,baskauf_10757.jpg,Fagus grandifolia,American beech,Fagaceae,leaf,leaf,showing orientation on twig,010403,leaf / showing orientation on twig,leaf,vanderbilt/12-187,2002-04-29T12:07:46-05:00,Steven J. Baskauf,https://bioimages.vanderbilt.edu/baskauf/10757,https://bioimages.vanderbilt.edu/tn/baskauf/tfagr--lfseveral10757.jpg,https://bioimages.vanderbilt.edu/gq/baskauf/gfagr--lfseveral10757.jpg,
baskauf/16720,baskauf_16720.jpg,Fagus grandifolia,American beech,Fagaceae,leaf,leaf,showing orientation on twig,010403,leaf / showing orientation on twig,leaf,ind-baskauf/16720,2002-11-02T11:12:34-06:00,Steven J. Baskauf,https://bioimages.vanderbilt.edu/baskauf/16720,https://bioimages.vanderbilt.edu/tn/baskauf/tfagr--lffall16720.jpg,https://bioimages.vanderbilt.edu/gq/baskauf/gfagr--lffall16720.jpg,
baskauf/29683,baskauf_29683.jpg,Fagus grandifolia,American beech,Fagaceae,leaf,leaf,whole upper surface,010401,leaf / whole upper surface,leaf,ind-baskauf/10432,2003-09-30T07:51:49-05:00,Steven J. Baskauf,https://bioimages.vanderbilt.edu/baskauf/29683,https://bioimages.vanderbilt.edu/tn/baskauf/tfagr--lf29683.jpg,https://bioimages.vanderbilt.edu/gq/baskauf/gfagr--lf29683.jpg,
kirchoff/em2001,kirchoff_em2001.jpg,Fagus grandifolia,American beech,Fagaceae,leaf,leaf,whole upper surface,010401,leaf / whole upper surface,leaf,ind-kirchoff/mason09,2010-09-23T13:23:43-04:00,Emily C. Mason,https://bioimages.vanderbilt.edu/kirchoff/em2001,https://bioimages.vanderbilt.edu/tn/kirchoff/tem2001.jpg,https://bioimages.vanderbilt.edu/gq/kirchoff/gem2001.jpg,
kirchoff/em2003,kirchoff_em2003.jpg,Fagus grandifolia,American beech,Fagaceae,leaf,leaf,whole upper surface,010401,leaf / whole upper surface,leaf,ind-kirchoff/mason09,2010-09-23T13:24:53-04:00,Emily C. Mason,https://bioimages.vanderbilt.edu/kirchoff/em2003,https://bioimages.vanderbilt.edu/tn/kirchoff/tem2003.jpg,https://bioimages.vanderbilt.edu/gq/kirchoff/gem2003.jpg,
kirchoff/em2062,kirchoff_em2062.jpg,Fagus grandifolia,American beech,Fagaceae,leaf,leaf,whole upper surface,010401,leaf / whole upper surface,leaf,ind-kirchoff/mason09,2010-09-25T10:05:33-04:00,Emily C. Mason,https://bioimages.vanderbilt.edu/kirchoff/em2062,https://bioimages.vanderbilt.edu/tn/kirchoff/tem2062.jpg,https://bioimages.vanderbilt.edu/gq/kirchoff/gem2062.jpg,
kirchoff/em2063,kirchoff_em2063.jpg,Fagus grandifolia,American beech,Fagaceae,leaf,leaf,whole upper surface,010401,leaf / whole upper surface,leaf,ind-kirchoff/mason09,2010-09-25T10:05:39-04:00,Emily C. Mason,https://bioimages.vanderbilt.edu/kirchoff/em2063,https://bioimages.vanderbilt.edu/tn/kirchoff/tem2063.jpg,https://bioimages.vanderbilt.edu/gq/kirchoff/gem2063.jpg,
kirchoff/em2194,kirchoff_em2194.jpg,Fagus grandifolia,American beech,Fagaceae,leaf,leaf,whole upper surface,010401,leaf / whole upper surface,leaf,ind-kirchoff/mason09,2010-09-30T15:07:10-04:00,Emily C. Mason,https://bioimages.vanderbilt.edu/kirchoff/em2194,https://bioimages.vanderbilt.edu/tn/kirchoff/tem2194.jpg,https://bioimages.vanderbilt.edu/gq/kirchoff/gem2194.jpg,
kirchoff/em2195,kirchoff_em2195.jpg,Fagus grandifolia,American beech,Fagaceae,leaf,leaf,whole upper surface,010401,leaf / whole upper surface,leaf,ind-kirchoff/mason09,2010-09-30T15:07:18-04:00,Emily C. Mason,https://bioimages.vanderbilt.edu/kirchoff/em2195,https://bioimages.vanderbilt.edu/tn/kirchoff/tem2195.jpg,https://bioimages.vanderbilt.edu/gq/kirchoff/gem2195.jpg,
kirchoff/em2196,kirchoff_em2196.jpg,Fagus grandifolia,American beech,Fagaceae,leaf,leaf,whole upper surface,010401,leaf / whole upper surface,leaf,ind-kirchoff/mason09,2010-09-30T15:07:32-04:00,Emily C. Mason,https://bioimages.vanderbilt.edu/kirchoff/em2196,https://bioimages.vanderbilt.edu/tn/kirchoff/tem2196.jpg,https://bioimages.vanderbilt.edu/gq/kirchoff/gem2196.jpg,
baskauf/39282,baskauf_39282.jpg,Fagus grandifolia,American beech,Fagaceae,flower,inflorescence,whole - female,010502,inflorescence / whole - female,flower,ind-baskauf/39269,2005-04-14T07:44:35-05:00,Steven J. Baskauf,https://bioimages.vanderbilt.edu/baskauf/39282,https://bioimages.vanderbilt.edu/tn/baskauf/tfagr--flfemale39282.jpg,https://bioimages.vanderbilt.edu/gq/baskauf/gfagr--flfemale39282.jpg,
baskauf/10503,baskauf_10503.jpg,Fagus grandifolia,American beech,Fagaceae,flower,inflorescence,whole - male,010503,inflorescence / whole - male,flower,vanderbilt/12-187,2002-04-10T10:44:22-05:00,Steven J. Baskauf,https://bioimages.vanderbilt.edu/baskauf/10503,https://bioimages.vanderbilt.edu/tn/baskauf/tfagr--flmature10503.jpg,https://bioimages.vanderbilt.edu/gq/baskauf/gfagr--flmature10503.jpg,
baskauf/10504,baskauf_10504.jpg,Fagus grandifolia,American beech,Fagaceae,flower,inflorescence,whole - male,010503,inflorescence / whole - male,flower,vanderbilt/12-187,2002-04-10T10:45:12-05:00,Steven J. Baskauf,https://bioimages.vanderbilt.edu/baskauf/10504,https://bioimages.vanderbilt.edu/tn/baskauf/tfagr--flmature-male10504.jpg,https://bioimages.vanderbilt.edu/gq/baskauf/gfagr--flmature-male10504.jpg,
baskauf/10506,baskauf_10506.jpg,Fagus grandifolia,American beech,Fagaceae,flower,inflorescence,whole - male,010503,inflorescence / whole - male,flower,vanderbilt/12-187,2002-04-10T16:21:30-05:00,Steven J. Baskauf,https://bioimages.vanderbilt.edu/baskauf/10506,https://bioimages.vanderbilt.edu/tn/baskauf/tfagr--flmature-male10506.jpg,https://bioimages.vanderbilt.edu/gq/baskauf/gfagr--flmature-male10506.jpg,
baskauf/39273,baskauf_39273.jpg,Fagus grandifolia,American beech,Fagaceae,flower,inflorescence,whole - male,010503,inflorescence / whole - male,flower,ind-baskauf/39269,2005-04-14T07:41:48-05:00,Steven J. Baskauf,https://bioimages.vanderbilt.edu/baskauf/39273,https://bioimages.vanderbilt.edu/tn/baskauf/tfagr--flmale39273.jpg,https://bioimages.vanderbilt.edu/gq/baskauf/gfagr--flmale39273.jpg,
baskauf/10457,baskauf_10457.jpg,Fagus grandifolia,American beech,Fagaceae,flower,inflorescence,whole - unspecified,010501,inflorescence / whole - unspecified,flower,vanderbilt/12-187,2002-04-03T12:13:13-06:00,Steven J. Baskauf,https://bioimages.vanderbilt.edu/baskauf/10457,https://bioimages.vanderbilt.edu/tn/baskauf/tfagr--flbuds10457.jpg,https://bioimages.vanderbilt.edu/gq/baskauf/gfagr--flbuds10457.jpg,unspecified view
baskauf/10459,baskauf_10459.jpg,Fagus grandifolia,American beech,Fagaceae,flower,inflorescence,whole - unspecified,010501,inflorescence / whole - unspecified,flower,vanderbilt/12-187,2002-04-03T12:13:43-06:00,Steven J. Baskauf,https://bioimages.vanderbilt.edu/baskauf/10459,https://bioimages.vanderbilt.edu/tn/baskauf/tfagr--flbuds10459.jpg,https://bioimages.vanderbilt.edu/gq/baskauf/gfagr--flbuds10459.jpg,unspecified view
baskauf/10460,baskauf_10460.jpg,Fagus grandifolia,American beech,Fagaceae,flower,inflorescence,whole - unspecified,010501,inflorescence / whole - unspecified,flower,vanderbilt/12-187,2002-04-03T12:14:00-06:00,Steven J. Baskauf,https://bioimages.vanderbilt.edu/baskauf/10460,https://bioimages.vanderbilt.edu/tn/baskauf/tfagr--flbuds10460.jpg,https://bioimages.vanderbilt.edu/gq/baskauf/gfagr--flbuds10460.jpg,unspecified view
baskauf/10474,baskauf_10474.jpg,Fagus grandifolia,American beech,Fagaceae,flower,inflorescence,whole - unspecified,010501,inflorescence / whole - unspecified,flower,vanderbilt/12-187,2002-04-05T14:00:54-06:00,Steven J. Baskauf,https://bioimages.vanderbilt.edu/baskauf/10474,https://bioimages.vanderbilt.edu/tn/baskauf/tfagr--lfbuds-opening10474.jpg,https://bioimages.vanderbilt.edu/gq/baskauf/gfagr--lfbuds-opening10474.jpg,unspecified view
baskauf/39270,baskauf_39270.jpg,Fagus grandifolia,American beech,Fagaceae,flower,inflorescence,whole - unspecified,010501,inflorescence / whole - unspecified,flower,ind-baskauf/39269,2005-04-14T07:41:16-05:00,Steven J. Baskauf,https://bioimages.vanderbilt.edu/baskauf/39270,https://bioimages.vanderbilt.edu/tn/baskauf/tfagr--flinflor39270.jpg,https://bioimages.vanderbilt.edu/gq/baskauf/gfagr--flinflor39270.jpg,unspecified view
kirchoff/ac1518,kirchoff_ac1518.jpg,Fagus grandifolia,American beech,Fagaceae,fruit,fruit,as borne on the plant,010601,fruit / as borne on the plant,fruit,ind-kirchoff/mason09,2010-09-01T04:02:21-04:00,Emily C. Mason,https://bioimages.vanderbilt.edu/kirchoff/ac1518,https://bioimages.vanderbilt.edu/tn/kirchoff/tac1518.jpg,https://bioimages.vanderbilt.edu/gq/kirchoff/gac1518.jpg,
baskauf/10602,baskauf_10602.jpg,Fagus grandifolia,American beech,Fagaceae,fruit,fruit,immature,010604,fruit / immature,fruit,vanderbilt/12-187,2002-04-18T08:47:13-05:00,Steven J. Baskauf,https://bioimages.vanderbilt.edu/baskauf/10602,https://bioimages.vanderbilt.edu/tn/baskauf/tfagr--frdevel10602.jpg,https://bioimages.vanderbilt.edu/gq/baskauf/gfagr--frdevel10602.jpg,
baskauf/52470,baskauf_52470.jpg,Fagus grandifolia,American beech,Fagaceae,fruit,fruit,lateral or general close-up,010602,fruit / lateral or general close-up,fruit,vanderbilt/12-187,2006-06-07T13:30:04-05:00,Steven J. Baskauf,https://bioimages.vanderbilt.edu/baskauf/52470,https://bioimages.vanderbilt.edu/tn/baskauf/tfagr--fr52470.jpg,https://bioimages.vanderbilt.edu/gq/baskauf/gfagr--fr52470.jpg,
baskauf/52471,baskauf_52471.jpg,Fagus grandifolia,American beech,Fagaceae,fruit,fruit,lateral or general close-up,010602,fruit / lateral or general close-up,fruit,vanderbilt/12-187,2006-06-07T13:30:39-05:00,Steven J. Baskauf,https://bioimages.vanderbilt.edu/baskauf/52471,https://bioimages.vanderbilt.edu/tn/baskauf/tfagr--fr52471.jpg,https://bioimages.vanderbilt.edu/gq/baskauf/gfagr--fr52471.jpg,
kirchoff/em2061,kirchoff_em2061.jpg,Fagus grandifolia,American beech,Fagaceae,fruit,fruit,lateral or general close-up,010602,fruit / lateral or general close-up,fruit,ind-kirchoff/mason09,2010-09-25T10:04:57-04:00,Emily C. Mason,https://bioimages.vanderbilt.edu/kirchoff/em2061,https://bioimages.vanderbilt.edu/tn/kirchoff/tem2061.jpg,https://bioimages.vanderbilt.edu/gq/kirchoff/gem2061.jpg,
baskauf/10550,baskauf_10550.jpg,Fagus grandifolia,American beech,Fagaceae,fruit,fruit,section or open,010603,fruit / section or open,fruit,ind-baskauf/10432,2002-04-14T17:42:57-05:00,Steven J. Baskauf,https://bioimages.vanderbilt.edu/baskauf/10550,https://bioimages.vanderbilt.edu/tn/baskauf/tfagr--fr10550.jpg,https://bioimages.vanderbilt.edu/gq/baskauf/gfagr--fr10550.jpg,
baskauf/12453,baskauf_12453.jpg,Fraxinus americana,white ash,Oleaceae,whole plant,whole tree (or vine),general,010101,whole tree (or vine) / general,whole-tree,vanderbilt/2-146,2002-06-14T11:12:14-05:00,Steven J. Baskauf,https://bioimages.vanderbilt.edu/baskauf/12453,https://bioimages.vanderbilt.edu/tn/baskauf/tfram2-wplarge12453.jpg,https://bioimages.vanderbilt.edu/gq/baskauf/gfram2-wplarge12453.jpg,
baskauf/12800,baskauf_12800.jpg,Fraxinus americana,white ash,Oleaceae,whole plant,whole tree (or vine),general,010101,whole tree (or vine) / general,whole-tree,ind-baskauf/12800,2002-06-18T10:52:15-05:00,Steven J. Baskauf,https://bioimages.vanderbilt.edu/baskauf/12800,https://bioimages.vanderbilt.edu/tn/baskauf/tfram2-wpsmall12800.jpg,https://bioimages.vanderbilt.edu/gq/baskauf/gfram2-wpsmall12800.jpg,
baskauf/90824a,baskauf_90824a.jpg,Fraxinus americana,white ash,Oleaceae,whole plant,whole tree (or vine),general,010101,whole tree (or vine) / general,whole-tree,vanderbilt/1-183,2014-08-27T10:53:43-05:00,Steven J. Baskauf,https://bioimages.vanderbilt.edu/baskauf/90824a,https://bioimages.vanderbilt.edu/tn/baskauf/t90824a.jpg,https://bioimages.vanderbilt.edu/gq/baskauf/g90824a.jpg,
baskauf/90825,baskauf_90825.jpg,Fraxinus americana,white ash,Oleaceae,whole plant,whole tree (or vine),general,010101,whole tree (or vine) / general,whole-tree,vanderbilt/1-183,2014-08-27T10:53:57-05:00,Steven J. Baskauf,https://bioimages.vanderbilt.edu/baskauf/90825,https://bioimages.vanderbilt.edu/tn/baskauf/t90825.jpg,https://bioimages.vanderbilt.edu/gq/baskauf/g90825.jpg,
baskauf/90826a,baskauf_90826a.jpg,Fraxinus americana,white ash,Oleaceae,whole plant,whole tree (or vine),general,010101,whole tree (or vine) / general,whole-tree,vanderbilt/1-183,2014-08-27T10:54:25-05:00,Steven J. Baskauf,https://bioimages.vanderbilt.edu/baskauf/90826a,https://bioimages.vanderbilt.edu/tn/baskauf/t90826a.jpg,https://bioimages.vanderbilt.edu/gq/baskauf/g90826a.jpg,
baskauf/90899,baskauf_90899.jpg,Fraxinus americana,white ash,Oleaceae,whole plant,whole tree (or vine),general,010101,whole tree (or vine) / general,whole-tree,vanderbilt/6-71,2014-09-03T08:07:21-05:00,Steven J. Baskauf,https://bioimages.vanderbilt.edu/baskauf/90899,https://bioimages.vanderbilt.edu/tn/baskauf/t90899.jpg,https://bioimages.vanderbilt.edu/gq/baskauf/g90899.jpg,
baskauf/90905,baskauf_90905.jpg,Fraxinus americana,white ash,Oleaceae,whole plant,whole tree (or vine),general,010101,whole tree (or vine) / general,whole-tree,vanderbilt/1-183,2014-09-03T10:37:41-05:00,Steven J. Baskauf,https://bioimages.vanderbilt.edu/baskauf/90905,https://bioimages.vanderbilt.edu/tn/baskauf/t90905.jpg,https://bioimages.vanderbilt.edu/gq/baskauf/g90905.jpg,
baskauf/91083,baskauf_91083.jpg,Fraxinus americana,white ash,Oleaceae,whole plant,whole tree (or vine),general,010101,whole tree (or vine) / general,whole-tree,vanderbilt/2-83,2014-09-11T08:19:51-05:00,Steven J. Baskauf,https://bioimages.vanderbilt.edu/baskauf/91083,https://bioimages.vanderbilt.edu/tn/baskauf/t91083.jpg,https://bioimages.vanderbilt.edu/gq/baskauf/g91083.jpg,
baskauf/91150,baskauf_91150.jpg,Fraxinus americana,white ash,Oleaceae,whole plant,whole tree (or vine),general,010101,whole tree (or vine) / general,whole-tree,vanderbilt/12-167,2014-09-11T17:39:29-05:00,Steven J. Baskauf,https://bioimages.vanderbilt.edu/baskauf/91150,https://bioimages.vanderbilt.edu/tn/baskauf/t91150.jpg,https://bioimages.vanderbilt.edu/gq/baskauf/g91150.jpg,
ssmv/2-1006-01,ssmv_2-1006-01.jpg,Fraxinus americana,white ash,Oleaceae,whole plant,whole tree (or vine),general,010101,whole tree (or vine) / general,whole-tree,vanderbilt/2-95,2014-08-20T11:11:38-05:00,,https://bioimages.vanderbilt.edu/ssmv/2-1006-01,https://bioimages.vanderbilt.edu/tn/ssmv/t2-1006-01.jpg,https://bioimages.vanderbilt.edu/gq/ssmv/g2-1006-01.jpg,missing creator
ssmv/2-1006-02,ssmv_2-1006-02.jpg,Fraxinus americana,white ash,Oleaceae,whole plant,whole tree (or vine),general,010101,whole tree (or vine) / general,whole-tree,vanderbilt/2-95,2014-08-20T11:12:38-05:00,,https://bioimages.vanderbilt.edu/ssmv/2-1006-02,https://bioimages.vanderbilt.edu/tn/ssmv/t2-1006-02.jpg,https://bioimages.vanderbilt.edu/gq/ssmv/g2-1006-02.jpg,missing creator
ssmv/2-1006-03,ssmv_2-1006-03.jpg,Fraxinus americana,white ash,Oleaceae,whole plant,whole tree (or vine),general,010101,whole tree (or vine) / general,whole-tree,vanderbilt/2-95,2014-08-20T11:14:11-05:00,,https://bioimages.vanderbilt.edu/ssmv/2-1006-03,https://bioimages.vanderbilt.edu/tn/ssmv/t2-1006-03.jpg,https://bioimages.vanderbilt.edu/gq/ssmv/g2-1006-03.jpg,missing creator
ssmv/2-638-02,ssmv_2-638-02.jpg,Fraxinus americana,white ash,Oleaceae,whole plant,whole tree (or vine),general,010101,whole tree (or vine) / general,whole-tree,vanderbilt/3-108,2014-08-20T11:09:55-05:00,Vamsi Subraveti,https://bioimages.vanderbilt.edu/ssmv/2-638-02,https://bioimages.vanderbilt.edu/tn/ssmv/t2-638-02.jpg,https://bioimages.vanderbilt.edu/gq/ssmv/g2-638-02.jpg,
ssmv/2-638-04,ssmv_2-638-04.jpg,Fraxinus americana,white ash,Oleaceae,whole plant,whole tree (or vine),general,010101,whole tree (or vine) / general,whole-tree,vanderbilt/3-108,2014-08-20T11:00:00-05:00,Vamsi Subraveti,https://bioimages.vanderbilt.edu/ssmv/2-638-04,https://bioimages.vanderbilt.edu/tn/ssmv/t2-638-04.jpg,https://bioimages.vanderbilt.edu/gq/ssmv/g2-638-04.jpg,
baskauf/12457,baskauf_12457.jpg,Fraxinus americana,white ash,Oleaceae,whole plant,whole tree (or vine),view up trunk,010103,whole tree (or vine) / view up trunk,whole-tree,vanderbilt/2-146,2002-06-14T11:16:17-05:00,Steven J. Baskauf,https://bioimages.vanderbilt.edu/baskauf/12457,https://bioimages.vanderbilt.edu/tn/baskauf/tfram2-wplookup-large12457.jpg,https://bioimages.vanderbilt.edu/gq/baskauf/gfram2-wplookup-large12457.jpg,
baskauf/89347,baskauf_89347.jpg,Fraxinus americana,white ash,Oleaceae,whole plant,whole tree (or vine),winter,010102,whole tree (or vine) / winter,whole-tree,vanderbilt/6-71,2013-12-11T13:21:49-06:00,Steven J. Baskauf,https://bioimages.vanderbilt.edu/baskauf/89347,https://bioimages.vanderbilt.edu/tn/baskauf/t89347.jpg,https://bioimages.vanderbilt.edu/gq/baskauf/g89347.jpg,
baskauf/12456,baskauf_12456.jpg,Fraxinus americana,white ash,Oleaceae,bark,bark,of a large tree,010201,bark / of a large tree,bark,vanderbilt/2-146,2002-06-14T11:15:48-05:00,Steven J. Baskauf,https://bioimages.vanderbilt.edu/baskauf/12456,https://bioimages.vanderbilt.edu/tn/baskauf/tfram2-brlarge-tree12456.jpg,https://bioimages.vanderbilt.edu/gq/baskauf/gfram2-brlarge-tree12456.jpg,
ssmv/2-638-01,ssmv_2-638-01.jpg,Fraxinus americana,white ash,Oleaceae,bark,bark,of a large tree,010201,bark / of a large tree,bark,vanderbilt/3-108,2014-08-20T11:05:11-05:00,Vamsi Subraveti,https://bioimages.vanderbilt.edu/ssmv/2-638-01,https://bioimages.vanderbilt.edu/tn/ssmv/t2-638-01.jpg,https://bioimages.vanderbilt.edu/gq/ssmv/g2-638-01.jpg,
baskauf/12460,baskauf_12460.jpg,Fraxinus americana,white ash,Oleaceae,bark,bark,of a small tree or small branch,010203,bark / of a small tree or small branch,bark,vanderbilt/2-146,2002-06-14T11:17:48-05:00,Steven J. Baskauf,https://bioimages.vanderbilt.edu/baskauf/12460,https://bioimages.vanderbilt.edu/tn/baskauf/tfram2-brsmall-tree12460.jpg,https://bioimages.vanderbilt.edu/gq/baskauf/gfram2-brsmall-tree12460.jpg,
baskauf/12801,baskauf_12801.jpg,Fraxinus americana,white ash,Oleaceae,bark,bark,of a small tree or small branch,010203,bark / of a small tree or small branch,bark,ind-baskauf/12800,2002-06-18T10:54:34-05:00,Steven J. Baskauf,https://bioimages.vanderbilt.edu/baskauf/12801,https://bioimages.vanderbilt.edu/tn/baskauf/tfram2-brsmall-tree12801.jpg,https://bioimages.vanderbilt.edu/gq/baskauf/gfram2-brsmall-tree12801.jpg,
baskauf/12469,baskauf_12469.jpg,Fraxinus americana,white ash,Oleaceae,twig,twig,close-up winter leaf scar/bud,010303,twig / close-up winter leaf scar/bud,twig,vanderbilt/2-146,2002-06-14T11:26:53-05:00,Steven J. Baskauf,https://bioimages.vanderbilt.edu/baskauf/12469,https://bioimages.vanderbilt.edu/tn/baskauf/tfram2-tw12469.jpg,https://bioimages.vanderbilt.edu/gq/baskauf/gfram2-tw12469.jpg,
baskauf/12505,baskauf_12505.jpg,Fraxinus americana,white ash,Oleaceae,leaf,leaf,margin of upper + lower surface,010402,leaf / margin of upper + lower surface,leaf,vanderbilt/2-146,2002-06-14T12:02:28-05:00,Steven J. Baskauf,https://bioimages.vanderbilt.edu/baskauf/12505,https://bioimages.vanderbilt.edu/tn/baskauf/tfram2-lfmargin-lower12505.jpg,https://bioimages.vanderbilt.edu/gq/baskauf/gfram2-lfmargin-lower12505.jpg,
baskauf/12462,baskauf_12462.jpg,Fraxinus americana,white ash,Oleaceae,leaf,leaf,showing orientation on twig,010403,leaf / showing orientation on twig,leaf,vanderbilt/2-146,2002-06-14T11:19:44-05:00,Steven J. Baskauf,https://bioimages.vanderbilt.edu/baskauf/12462,https://bioimages.vanderbilt.edu/tn/baskauf/tfram2-lfseveral12462.jpg,https://bioimages.vanderbilt.edu/gq/baskauf/gfram2-lfseveral12462.jpg,
baskauf/12467,baskauf_12467.jpg,Fraxinus americana,white ash,Oleaceae,leaf,leaf,unspecified,010400,leaf / unspecified,leaf,vanderbilt/2-146,2002-06-14T11:24:19-05:00,Steven J. Baskauf,https://bioimages.vanderbilt.edu/baskauf/12467,https://bioimages.vanderbilt.edu/tn/baskauf/tfram2-lfleaflet12467.jpg,https://bioimages.vanderbilt.edu/gq/baskauf/gfram2-lfleaflet12467.jpg,unspecified view
baskauf/12465,baskauf_12465.jpg,Fraxinus americana,white ash,Oleaceae,leaf,leaf,whole upper surface,010401,leaf / whole upper surface,leaf,vanderbilt/2-146,2002-06-14T11:22:42-05:00,Steven J. Baskauf,https://bioimages.vanderbilt.edu/baskauf/12465,https://bioimages.vanderbilt.edu/tn/baskauf/tfram2-lf12465.jpg,https://bioimages.vanderbilt.edu/gq/baskauf/gfram2-lf12465.jpg,
baskauf/12501,baskauf_12501.jpg,Fraxinus americana,white ash,Oleaceae,leaf,leaf,whole upper surface,010401,leaf / whole upper surface,leaf,vanderbilt/2-146,2002-06-14T12:00:17-05:00,Steven J. Baskauf,https://bioimages.vanderbilt.edu/baskauf/12501,https://bioimages.vanderbilt.edu/tn/baskauf/tfram2-lfflat12501.jpg,https://bioimages.vanderbilt.edu/gq/baskauf/gfram2-lfflat12501.jpg,
ssmv/2-638-03,ssmv_2-638-03.jpg,Fraxinus americana,white ash,Oleaceae,leaf,leaf,whole upper surface,010401,leaf / whole upper surface,leaf,vanderbilt/3-108,2014-08-20T11:11:04-05:00,Vamsi Subraveti,https://bioimages.vanderbilt.edu/ssmv/2-638-03,https://bioimages.vanderbilt.edu/tn/ssmv/t2-638-03.jpg,https://bioimages.vanderbilt.edu/gq/ssmv/g2-638-03.jpg,
baskauf/18150,baskauf_18150.jpg,Fraxinus americana,white ash,Oleaceae,flower,inflorescence,whole - male,020403,inflorescence / whole - male,flower,vanderbilt/2-146,2003-03-25T13:31:37-06:00,Steven J. Baskauf,https://bioimages.vanderbilt.edu/baskauf/18150,https://bioimages.vanderbilt.edu/tn/baskauf/tfram2-flmale18150.jpg,https://bioimages.vanderbilt.edu/gq/baskauf/gfram2-flmale18150.jpg,
baskauf/18141,baskauf_18141.jpg,Fraxinus americana,white ash,Oleaceae,flower,inflorescence,whole - unspecified,020401,inflorescence / whole - unspecified,flower,vanderbilt/2-146,2003-03-25T13:26:00-06:00,Steven J. Baskauf,https://bioimages.vanderbilt.edu/baskauf/18141,https://bioimages.vanderbilt.edu/tn/baskauf/tfram2-flinflor18141.jpg,https://bioimages.vanderbilt.edu/gq/baskauf/gfram2-flinflor18141.jpg,unspecified view
baskauf/25640,baskauf_25640.jpg,Fraxinus americana,white ash,Oleaceae,fruit,fruit,as borne on the plant,010601,fruit / as borne on the plant,fruit,ind-baskauf/25640,2003-05-25T17:20:18-05:00,Steven J. Baskauf,https://bioimages.vanderbilt.edu/baskauf/25640,https://bioimages.vanderbilt.edu/tn/baskauf/tfram2-frinfruct25640.jpg,https://bioimages.vanderbilt.edu/gq/baskauf/gfram2-frinfruct25640.jpg,
baskauf/25646,baskauf_25646.jpg,Fraxinus americana,white ash,Oleaceae,fruit,fruit,lateral or general close-up,010602,fruit / lateral or general close-up,fruit,ind-baskauf/25640,2003-05-25T17:36:30-05:00,Steven J. Baskauf,https://bioimages.vanderbilt.edu/baskauf/25646,https://bioimages.vanderbilt.edu/tn/baskauf/tfram2-fr25646.jpg,https://bioimages.vanderbilt.edu/gq/baskauf/gfram2-fr25646.jpg,
baskauf/91173,baskauf_91173.jpg,Fraxinus americana,white ash,Oleaceae,unspecified,unspecified,unspecified,010000,unspecified / unspecified,other,vanderbilt/1-183,2014-09-12T07:50:05-05:00,Steven J. Baskauf,https://bioimages.vanderbilt.edu/baskauf/91173,https://bioimages.vanderbilt.edu/tn/baskauf/t91173.jpg,https://bioimages.vanderbilt.edu/gq/baskauf/g91173.jpg,unspecified view; other organ group
baskauf/13379,baskauf_13379.jpg,Fraxinus pennsylvanica,green ash,Oleaceae,whole plant,whole tree (or vine),general,010101,whole tree (or vine) / general,whole-tree,vanderbilt/5-64,2002-06-27T14:51:11-05:00,Steven J. Baskauf,https://bioimages.vanderbilt.edu/baskauf/13379,https://bioimages.vanderbilt.edu/tn/baskauf/tfrpe--wplarge13379.jpg,https://bioimages.vanderbilt.edu/gq/baskauf/gfrpe--wplarge13379.jpg,
baskauf/90785a,baskauf_90785a.jpg,Fraxinus pennsylvanica,green ash,Oleaceae,whole plant,whole tree (or vine),general,010101,whole tree (or vine) / general,whole-tree,vanderbilt/9-89,2014-08-27T10:31:30-05:00,Steven J. Baskauf,https://bioimages.vanderbilt.edu/baskauf/90785a,https://bioimages.vanderbilt.edu/tn/baskauf/t90785a.jpg,https://bioimages.vanderbilt.edu/gq/baskauf/g90785a.jpg,
baskauf/90797a,baskauf_90797a.jpg,Fraxinus pennsylvanica,green ash,Oleaceae,whole plant,whole tree (or vine),general,010101,whole tree (or vine) / general,whole-tree,vanderbilt/9-88,2014-08-27T10:35:55-05:00,Steven J. Baskauf,https://bioimages.vanderbilt.edu/baskauf/90797a,https://bioimages.vanderbilt.edu/tn/baskauf/t90797a.jpg,https://bioimages.vanderbilt.edu/gq/baskauf/g90797a.jpg,
baskauf/90798,baskauf_90798.jpg,Fraxinus pennsylvanica,green ash,Oleaceae,whole plant,whole tree (or vine),general,010101,whole tree (or vine) / general,whole-tree,vanderbilt/9-88,2014-08-27T10:36:29-05:00,Steven J. Baskauf,https://bioimages.vanderbilt.edu/baskauf/90798,https://bioimages.vanderbilt.edu/tn/baskauf/t90798.jpg,https://bioimages.vanderbilt.edu/gq/baskauf/g90798.jpg,
baskauf/90799,baskauf_90799.jpg,Fraxinus pennsylvanica,green ash,Oleaceae,whole plant,whole tree (or vine),general,010101,whole tree (or vine) / general,whole-tree,vanderbilt/9-89,2014-08-27T10:37:07-05:00,Steven J. Baskauf,https://bioimages.vanderbilt.edu/baskauf/90799,https://bioimages.vanderbilt.edu/tn/baskauf/t90799.jpg,https://bioimages.vanderbilt.edu/gq/baskauf/g90799.jpg,
baskauf/91091,baskauf_91091.jpg,Fraxinus pennsylvanica,green ash,Oleaceae,whole plant,whole tree (or vine),general,010101,whole tree (or vine) / general,whole-tree,vanderbilt/5-64,2014-09-11T08:24:32-05:00,Steven J. Baskauf,https://bioimages.vanderbilt.edu/baskauf/91091,https://bioimages.vanderbilt.edu/tn/baskauf/t91091.jpg,https://bioimages.vanderbilt.edu/gq/baskauf/g91091.jpg,
baskauf/91152,baskauf_91152.jpg,Fraxinus pennsylvanica,green ash,Oleaceae,whole plant,whole tree (or vine),general,010101,whole tree (or vine) / general,whole-tree,vanderbilt/12-209,2014-09-11T17:41:28-05:00,Steven J. Baskauf,https://bioimages.vanderbilt.edu/baskauf/91152,https://bioimages.vanderbilt.edu/tn/baskauf/t91152.jpg,https://bioimages.vanderbilt.edu/gq/baskauf/g91152.jpg,
baskauf/13410,baskauf_13410.jpg,Fraxinus pennsylvanica,green ash,Oleaceae,whole plant,whole tree (or vine),view up trunk,010103,whole tree (or vine) / view up trunk,whole-tree,vanderbilt/5-64,2002-06-27T15:09:36-05:00,Steven J. Baskauf,https://bioimages.vanderbilt.edu/baskauf/13410,https://bioimages.vanderbilt.edu/tn/baskauf/tfrpe--wplookup13410.jpg,https://bioimages.vanderbilt.edu/gq/baskauf/gfrpe--wplookup13410.jpg,
baskauf/90789,baskauf_90789.jpg,Fraxinus pennsylvanica,green ash,Oleaceae,whole plant,whole tree (or vine),view up trunk,010103,whole tree (or vine) / view up trunk,whole-tree,vanderbilt/9-89,2014-08-27T10:32:13-05:00,Steven J. Baskauf,https://bioimages.vanderbilt.edu/baskauf/90789,https://bioimages.vanderbilt.edu/tn/baskauf/t90789.jpg,https://bioimages.vanderbilt.edu/gq/baskauf/g90789.jpg,
baskauf/90792,baskauf_90792.jpg,Fraxinus pennsylvanica,green ash,Oleaceae,whole plant,whole tree (or vine),view up trunk,010103,whole tree (or vine) / view up trunk,whole-tree,vanderbilt/9-88,2014-08-27T10:35:18-05:00,Steven J. Baskauf,https://bioimages.vanderbilt.edu/baskauf/90792,https://bioimages.vanderbilt.edu/tn/baskauf/t90792.jpg,https://bioimages.vanderbilt.edu/gq/baskauf/g90792.jpg,
baskauf/13406,baskauf_13406.jpg,Fraxinus pennsylvanica,green ash,Oleaceae,bark,bark,of a large tree,010201,bark / of a large tree,bark,vanderbilt/5-64,2002-06-27T15:08:57-05:00,Steven J. Baskauf,https://bioimages.vanderbilt.edu/baskauf/13406,https://bioimages.vanderbilt.edu/tn/baskauf/tfrpe--brlarge13406.jpg,https://bioimages.vanderbilt.edu/gq/baskauf/gfrpe--brlarge13406.jpg,
baskauf/13412,baskauf_13412.jpg,Fraxinus pennsylvanica,green ash,Oleaceae,bark,bark,of a small tree or small branch,010203,bark / of a small tree or small branch,bark,vanderbilt/5-64,2002-06-27T15:11:32-05:00,Steven J. Baskauf,https://bioimages.vanderbilt.edu/baskauf/13412,https://bioimages.vanderbilt.edu/tn/baskauf/tfrpe--brsmall13412.jpg,https://bioimages.vanderbilt.edu/gq/baskauf/gfrpe--brsmall13412.jpg,
baskauf/17457,baskauf_17457.jpg,Fraxinus pennsylvanica,green ash,Oleaceae,twig,twig,close-up winter leaf scar/bud,010303,twig / close-up winter leaf scar/bud,twig,ind-baskauf/17451,2003-03-03T14:55:15-06:00,Steven J. Baskauf,https://bioimages.vanderbilt.edu/baskauf/17457,https://bioimages.vanderbilt.edu/tn/baskauf/tfrpe--twleaf-scar17457.jpg,https://bioimages.vanderbilt.edu/gq/baskauf/gfrpe--twleaf-scar17457.jpg,
baskauf/17455,baskauf_17455.jpg,Fraxinus pennsylvanica,green ash,Oleaceae,twig,twig,winter overall,010302,twig / winter overall,twig,ind-baskauf/17451,2003-03-03T14:54:48-06:00,Steven J. Baskauf,https://bioimages.vanderbilt.edu/baskauf/17455,https://bioimages.vanderbilt.edu/tn/baskauf/tfrpe--twterminal-bud17455.jpg,https://bioimages.vanderbilt.edu/gq/baskauf/gfrpe--twterminal-bud17455.jpg,
baskauf/13392,baskauf_13392.jpg,Fraxinus pennsylvanica,green ash,Oleaceae,leaf,leaf,margin of upper + lower surface,010402,leaf / margin of upper + lower surface,leaf,vanderbilt/5-64,2002-06-27T14:59:28-05:00,Steven J. Baskauf,https://bioimages.vanderbilt.edu/baskauf/13392,https://bioimages.vanderbilt.edu/tn/baskauf/tfrpe--lfmargin-uplow13392.jpg,https://bioimages.vanderbilt.edu/gq/baskauf/gfrpe--lfmargin-uplow13392.jpg,
baskauf/13401,baskauf_13401.jpg,Fraxinus pennsylvanica,green ash,Oleaceae,leaf,leaf,margin of upper + lower surface,010402,leaf / margin of upper + lower surface,leaf,vanderbilt/5-64,2002-06-27T15:05:34-05:00,Steven J. Baskauf,https://bioimages.vanderbilt.edu/baskauf/13401,https://bioimages.vanderbilt.edu/tn/baskauf/tfrpe--lfleaflet13401.jpg,https://bioimages.vanderbilt.edu/gq/baskauf/gfrpe--lfleaflet13401.jpg,
baskauf/13380,baskauf_13380.jpg,Fraxinus pennsylvanica,green ash,Oleaceae,leaf,leaf,showing orientation on twig,010403,leaf / showing orientation on twig,leaf,vanderbilt/5-64,2002-06-27T14:52:01-05:00,Steven J. Baskauf,https://bioimages.vanderbilt.edu/baskauf/13380,https://bioimages.vanderbilt.edu/tn/baskauf/tfrpe--lfseveral13380.jpg,https://bioimages.vanderbilt.edu/gq/baskauf/gfrpe--lfseveral13380.jpg,
baskauf/13403,baskauf_13403.jpg,Fraxinus pennsylvanica,green ash,Oleaceae,leaf,leaf,unspecified,010400,leaf / unspecified,leaf,vanderbilt/5-64,2002-06-27T15:08:04-05:00,Steven J. Baskauf,https://bioimages.vanderbilt.edu/baskauf/13403,https://bioimages.vanderbilt.edu/tn/baskauf/tfrpe--lfridge-rachis13403.jpg,https://bioimages.vanderbilt.edu/gq/baskauf/gfrpe--lfridge-rachis13403.jpg,unspecified view
baskauf/13383,baskauf_13383.jpg,Fraxinus pennsylvanica,green ash,Oleaceae,leaf,leaf,whole upper surface,010401,leaf / whole upper surface,leaf,vanderbilt/5-64,2002-06-27T14:55:57-05:00,Steven J. Baskauf,https://bioimages.vanderbilt.edu/baskauf/13383,https://bioimages.vanderbilt.edu/tn/baskauf/tfrpe--lf13383.jpg,https://bioimages.vanderbilt.edu/gq/baskauf/gfrpe--lf13383.jpg,
baskauf/13386,baskauf_13386.jpg,Fraxinus pennsylvanica,green ash,Oleaceae,leaf,leaf,whole upper surface,010401,leaf / whole upper surface,leaf,vanderbilt/5-64,2002-06-27T14:56:37-05:00,Steven J. Baskauf,https://bioimages.vanderbilt.edu/baskauf/13386,https://bioimages.vanderbilt.edu/tn/baskauf/tfrpe--lffive-leaflet13386.jpg,https://bioimages.vanderbilt.edu/gq/baskauf/gfrpe--lffive-leaflet13386.jpg,
baskauf/51169,baskauf_51169.jpg,Fraxinus pennsylvanica,green ash,Oleaceae,flower,inflorescence,lateral view of flower,010504,inflorescence / lateral view of flower,flower,vanderbilt/12-209,2006-04-14T06:54:33-05:00,Steven J. Baskauf,https://bioimages.vanderbilt.edu/baskauf/51169,https://bioimages.vanderbilt.edu/tn/baskauf/tfrpe--flfemale51169.jpg,https://bioimages.vanderbilt.edu/gq/baskauf/gfrpe--flfemale51169.jpg,
baskauf/51175,baskauf_51175.jpg,Fraxinus pennsylvanica,green ash,Oleaceae,flower,inflorescence,lateral view of flower,010504,inflorescence / lateral view of flower,flower,vanderbilt/12-209,2006-04-14T06:57:06-05:00,Steven J. Baskauf,https://bioimages.vanderbilt.edu/baskauf/51175,https://bioimages.vanderbilt.edu/tn/baskauf/tfrpe--flmale51175.jpg,https://bioimages.vanderbilt.edu/gq/baskauf/gfrpe--flmale51175.jpg,
baskauf/51172,baskauf_51172.jpg,Fraxinus pennsylvanica,green ash,Oleaceae,flower,inflorescence,whole - female,010502,inflorescence / whole - female,flower,vanderbilt/12-209,2006-04-14T06:55:23-05:00,Steven J. Baskauf,https://bioimages.vanderbilt.edu/baskauf/51172,https://bioimages.vanderbilt.edu/tn/baskauf/tfrpe--flfemale-inflor51172.jpg,https://bioimages.vanderbilt.edu/gq/baskauf/gfrpe--flfemale-inflor51172.jpg,
baskauf/19298,baskauf_19298.jpg,Fraxinus pennsylvanica,green ash,Oleaceae,flower,inflorescence,whole - male,010503,inflorescence / whole - male,flower,vanderbilt/5-64,2003-04-02T17:11:32-06:00,Steven J. Baskauf,https://bioimages.vanderbilt.edu/baskauf/19298,https://bioimages.vanderbilt.edu/tn/baskauf/tfrpe--fl19298.jpg,https://bioimages.vanderbilt.edu/gq/baskauf/gfrpe--fl19298.jpg,
baskauf/51174,baskauf_51174.jpg,Fraxinus pennsylvanica,green ash,Oleaceae,flower,inflorescence,whole - male,010503,inflorescence / whole - male,flower,vanderbilt/12-209,2006-04-14T06:56:44-05:00,Steven J. Baskauf,https://bioimages.vanderbilt.edu/baskauf/51174,https://bioimages.vanderbilt.edu/tn/baskauf/tfrpe--flmale-inflor51174.jpg,https://bioimages.vanderbilt.edu/gq/baskauf/gfrpe--flmale-inflor51174.jpg,
baskauf/19291,baskauf_19291.jpg,Fraxinus pennsylvanica,green ash,Oleaceae,flower,inflorescence,whole - unspecified,010501,inflorescence / whole - unspecified,flower,vanderbilt/5-64,2003-04-02T17:10:18-06:00,Steven J. Baskauf,https://bioimages.vanderbilt.edu/baskauf/19291,https://bioimages.vanderbilt.edu/tn/baskauf/tfrpe--flinflor19291.jpg,https://bioimages.vanderbilt.edu/gq/baskauf/gfrpe--flinflor19291.jpg,unspecified view
baskauf/13393,baskauf_13393.jpg,Fraxinus pennsylvanica,green ash,Oleaceae,fruit,fruit,as borne on the plant,010601,fruit / as borne on the plant,fruit,vanderbilt/5-64,2002-06-27T15:00:05-05:00,Steven J. Baskauf,https://bioimages.vanderbilt.edu/baskauf/13393,https://bioimages.vanderbilt.edu/tn/baskauf/tfrpe--frdevel13393.jpg,https://bioimages.vanderbilt.edu/gq/baskauf/gfrpe--frdevel13393.jpg,
baskauf/13397,baskauf_13397.jpg,Fraxinus pennsylvanica,green ash,Oleaceae,fruit,fruit,immature,010604,fruit / immature,fruit,vanderbilt/5-64,2002-06-27T15:02:00-05:00,Steven J. Baskauf,https://bioimages.vanderbilt.edu/baskauf/13397,https://bioimages.vanderbilt.edu/tn/baskauf/tfrpe--frdevel-close13397.jpg,https://bioimages.vanderbilt.edu/gq/baskauf/gfrpe--frdevel-close13397.jpg,
baskauf/12755,baskauf_12755.jpg,Fraxinus quadrangulata,blue ash,Oleaceae,whole plant,whole tree (or vine),general,010101,whole tree (or vine) / general,whole-tree,ind-baskauf/12755,2002-06-18T10:22:32-05:00,Steven J. Baskauf,https://bioimages.vanderbilt.edu/baskauf/12755,https://bioimages.vanderbilt.edu/tn/baskauf/tfrqu--wpsmall12755.jpg,https://bioimages.vanderbilt.edu/gq/baskauf/gfrqu--wpsmall12755.jpg,
baskauf/2014-08-23-16-39-52,baskauf_2014-08-23-16-39-52.jpg,Fraxinus quadrangulata,blue ash,Oleaceae,whole plant,whole tree (or vine),general,010101,whole tree (or vine) / general,whole-tree,ind-baskauf/2014-08-23,2014-08-23T16:39:52-05:00,Steven J. Baskauf,https://bioimages.vanderbilt.edu/baskauf/2014-08-23-16-39-52,https://bioimages.vanderbilt.edu/tn/baskauf/t2014-08-23-16-39-52.jpg,https://bioimages.vanderbilt.edu/gq/baskauf/g2014-08-23-16-39-52.jpg,
baskauf/32863,baskauf_32863.jpg,Fraxinus quadrangulata,blue ash,Oleaceae,whole plant,whole tree (or vine),general,010101,whole tree (or vine) / general,whole-tree,ind-baskauf/32863,2004-04-20T13:59:15-05:00,Steven J. Baskauf,https://bioimages.vanderbilt.edu/baskauf/32863,https://bioimages.vanderbilt.edu/tn/baskauf/tfrqu--lfsmall-plant32863.jpg,https://bioimages.vanderbilt.edu/gq/baskauf/gfrqu--lfsmall-plant32863.jpg,
baskauf/21865,baskauf_21865.jpg,Fraxinus quadrangulata,blue ash,Oleaceae,bark,bark,of a medium tree or large branch,010202,bark / of a medium tree or large branch,bark,ind-baskauf/21860,2003-04-23T11:08:17-05:00,Steven J. Baskauf,https://bioimages.vanderbilt.edu/baskauf/21865,https://bioimages.vanderbilt.edu/tn/baskauf/tfrqu--br21865.jpg,https://bioimages.vanderbilt.edu/gq/baskauf/gfrqu--br21865.jpg,
baskauf/12763,baskauf_12763.jpg,Fraxinus quadrangulata,blue ash,Oleaceae,twig,twig,close-up winter terminal bud,010304,twig / close-up winter terminal bud,twig,ind-baskauf/12755,2002-06-18T10:26:09-05:00,Steven J. Baskauf,https://bioimages.vanderbilt.edu/baskauf/12763,https://bioimages.vanderbilt.edu/tn/baskauf/tfrqu--twbuds12763.jpg,https://bioimages.vanderbilt.edu/gq/baskauf/gfrqu--twbuds12763.jpg,
baskauf/12760,baskauf_12760.jpg,Fraxinus quadrangulata,blue ash,Oleaceae,twig,twig,winter overall,010302,twig / winter overall,twig,ind-baskauf/12755,2002-06-18T10:24:35-05:00,Steven J. Baskauf,https://bioimages.vanderbilt.edu/baskauf/12760,https://bioimages.vanderbilt.edu/tn/baskauf/tfrqu--twwinged12760.jpg,https://bioimages.vanderbilt.edu/gq/baskauf/gfrqu--twwinged12760.jpg,
baskauf/12761,baskauf_12761.jpg,Fraxinus quadrangulata,blue ash,Oleaceae,twig,twig,winter overall,010302,twig / winter overall,twig,ind-baskauf/12755,2002-06-18T10:25:10-05:00,Steven J. Baskauf,https://bioimages.vanderbilt.edu/baskauf/12761,https://bioimages.vanderbilt.edu/tn/baskauf/tfrqu--twless-winged12761.jpg,https://bioimages.vanderbilt.edu/gq/baskauf/gfrqu--twless-winged12761.jpg,
baskauf/12768,baskauf_12768.jpg,Fraxinus quadrangulata,blue ash,Oleaceae,leaf,leaf,margin of upper + lower surface,010402,leaf / margin of upper + lower surface,leaf,ind-baskauf/12755,2002-06-18T10:31:14-05:00,Steven J. Baskauf,https://bioimages.vanderbilt.edu/baskauf/12768,https://bioimages.vanderbilt.edu/tn/baskauf/tfrqu--lfmargin-low12768.jpg,https://bioimages.vanderbilt.edu/gq/baskauf/gfrqu--lfmargin-low12768.jpg,
baskauf/12764,baskauf_12764.jpg,Fraxinus quadrangulata,blue ash,Oleaceae,leaf,leaf,showing orientation on twig,010403,leaf / showing orientation on twig,leaf,ind-baskauf/12755,2002-06-18T10:27:41-05:00,Steven J. Baskauf,https://bioimages.vanderbilt.edu/baskauf/12764,https://bioimages.vanderbilt.edu/tn/baskauf/tfrqu--lfseveral12764.jpg,https://bioimages.vanderbilt.edu/gq/baskauf/gfrqu--lfseveral12764.jpg,
baskauf/2014-08-23-16-40-08,baskauf_2014-08-23-16-40-08.jpg,Fraxinus quadrangulata,blue ash,Oleaceae,leaf,leaf,showing orientation on twig,010403,leaf / showing orientation on twig,leaf,ind-baskauf/2014-08-23,2014-08-23T16:40:08-05:00,Steven J. Baskauf,https://bioimages.vanderbilt.edu/baskauf/2014-08-23-16-40-08,https://bioimages.vanderbilt.edu/tn/baskauf/t2014-08-23-16-40-08.jpg,https://bioimages.vanderbilt.edu/gq/baskauf/g2014-08-23-16-40-08.jpg,
baskauf/2014-08-23-16-40-31,baskauf_2014-08-23-16-40-31.jpg,Fraxinus quadrangulata,blue ash,Oleaceae,leaf,leaf,showing orientation on twig,010403,leaf / showing orientation on twig,leaf,ind-baskauf/2014-08-23,2014-08-23T16:40:31-05:00,Steven J. Baskauf,https://bioimages.vanderbilt.edu/baskauf/2014-08-23-16-40-31,https://bioimages.vanderbilt.edu/tn/baskauf/t2014-08-23-16-40-31.jpg,https://bioimages.vanderbilt.edu/gq/baskauf/g2014-08-23-16-40-31.jpg,
baskauf/12757,baskauf_12757.jpg,Fraxinus quadrangulata,blue ash,Oleaceae,leaf,leaf,whole upper surface,010401,leaf / whole upper surface,leaf,ind-baskauf/12755,2002-06-18T10:23:25-05:00,Steven J. Baskauf,https://bioimages.vanderbilt.edu/baskauf/12757,https://bioimages.vanderbilt.edu/tn/baskauf/tfrqu--lf12757.jpg,https://bioimages.vanderbilt.edu/gq/baskauf/gfrqu--lf12757.jpg,
baskauf/2014-08-23-16-40-51,baskauf_2014-08-23-16-40-51.jpg,Fraxinus quadrangulata,blue ash,Oleaceae,leaf,leaf,whole upper surface,010401,leaf / whole upper surface,leaf,ind-baskauf/2014-08-23,2014-08-23T16:40:51-05:00,Steven J. Baskauf,https://bioimages.vanderbilt.edu/baskauf/2014-08-23-16-40-51,https://bioimages.vanderbilt.edu/tn/baskauf/t2014-08-23-16-40-51.jpg,https://bioimages.vanderbilt.edu/gq/baskauf/g2014-08-23-16-40-51.jpg,
baskauf/30439,baskauf_30439.jpg,Fraxinus quadrangulata,blue ash,Oleaceae,fruit,fruit,as borne on the plant,010601,fruit / as borne on the plant,fruit,ind-baskauf/30435,2003-10-29T11:02:35-06:00,Steven J. Baskauf,https://bioimages.vanderbilt.edu/baskauf/30439,https://bioimages.vanderbilt.edu/tn/baskauf/tfrqu--frinfruct30439.jpg,https://bioimages.vanderbilt.edu/gq/baskauf/gfrqu--frinfruct30439.jpg,
baskauf/30435,baskauf_30435.jpg,Fraxinus quadrangulata,blue ash,Oleaceae,fruit,fruit,lateral or general close-up,010602,fruit / lateral or general close-up,fruit,ind-baskauf/30435,2003-10-29T11:01:55-06:00,Steven J. Baskauf,https://bioimages.vanderbilt.edu/baskauf/30435,https://bioimages.vanderbilt.edu/tn/baskauf/tfrqu--fr30435.jpg,https://bioimages.vanderbilt.edu/gq/baskauf/gfrqu--fr30435.jpg,
baskauf/11301,baskauf_11301.jpg,Ginkgo biloba,maidenhair tree,Ginkgoaceae,whole plant,whole tree,general,030101,whole tree / general,whole-tree,vanderbilt/2-101,2002-05-24T09:21:09-05:00,Steven J. Baskauf,https://bioimages.vanderbilt.edu/baskauf/11301,https://bioimages.vanderbilt.edu/tn/baskauf/tgibi2-wplarge11301.jpg,https://bioimages.vanderbilt.edu/gq/baskauf/ggibi2-wplarge11301.jpg,
baskauf/91076,baskauf_91076.jpg,Ginkgo biloba,maidenhair tree,Ginkgoaceae,whole plant,whole tree,general,030101,whole tree / general,whole-tree,vanderbilt/4-214,2014-09-11T08:14:07-05:00,Steven J. Baskauf,https://bioimages.vanderbilt.edu/baskauf/91076,https://bioimages.vanderbilt.edu/tn/baskauf/t91076.jpg,https://bioimages.vanderbilt.edu/gq/baskauf/g91076.jpg,
baskauf/91126,baskauf_91126.jpg,Ginkgo biloba,maidenhair tree,Ginkgoaceae,whole plant,whole tree,general,030101,whole tree / general,whole-tree,vanderbilt/12-126,2014-09-11T17:18:50-05:00,Steven J. Baskauf,https://bioimages.vanderbilt.edu/baskauf/91126,https://bioimages.vanderbilt.edu/tn/baskauf/t91126.jpg,https://bioimages.vanderbilt.edu/gq/baskauf/g91126.jpg,
ssmv/2-185-01,ssmv_2-185-01.jpg,Ginkgo biloba,maidenhair tree,Ginkgoaceae,whole plant,whole tree,general,030101,whole tree / general,whole-tree,vanderbilt/2-101,2014-08-20T11:14:37-05:00,Helena Makendengue,https://bioimages.vanderbilt.edu/ssmv/2-185-01,https://bioimages.vanderbilt.edu/tn/ssmv/t2-185-01.jpg,https://bioimages.vanderbilt.edu/gq/ssmv/g2-185-01.jpg,
baskauf/11958,baskauf_11958.jpg,Ginkgo biloba,maidenhair tree,Ginkgoaceae,bark,bark,of a large tree,030201,bark / of a large tree,bark,ind-baskauf/11958,2002-06-07T15:58:59-05:00,Steven J. Baskauf,https://bioimages.vanderbilt.edu/baskauf/11958,https://bioimages.vanderbilt.edu/tn/baskauf/tgibi2-brlarge11958.jpg,https://bioimages.vanderbilt.edu/gq/baskauf/ggibi2-brlarge11958.jpg,
ssmv/2-185-02,ssmv_2-185-02.jpg,Ginkgo biloba,maidenhair tree,Ginkgoaceae,bark,bark,of a large tree,030201,bark / of a large tree,bark,vanderbilt/2-101,2014-08-20T11:13:03-05:00,Helena Makendengue,https://bioimages.vanderbilt.edu/ssmv/2-185-02,https://bioimages.vanderbilt.edu/tn/ssmv/t2-185-02.jpg,https://bioimages.vanderbilt.edu/gq/ssmv/g2-185-02.jpg,
baskauf/11960,baskauf_11960.jpg,Ginkgo biloba,maidenhair tree,Ginkgoaceae,bark,bark,of a medium tree or large branch,030202,bark / of a medium tree or large branch,bark,ind-baskauf/11958,2002-06-07T15:59:43-05:00,Steven J. Baskauf,https://bioimages.vanderbilt.edu/baskauf/11960,https://bioimages.vanderbilt.edu/tn/baskauf/tgibi2-brsmall11960.jpg,https://bioimages.vanderbilt.edu/gq/baskauf/ggibi2-brsmall11960.jpg,
baskauf/10502,baskauf_10502.jpg,Ginkgo biloba,maidenhair tree,Ginkgoaceae,twig,twig,showing attachment of needles,030302,twig / showing attachment of needles,twig,vanderbilt/12-126,2002-04-10T10:39:30-05:00,Steven J. Baskauf,https://bioimages.vanderbilt.edu/baskauf/10502,https://bioimages.vanderbilt.edu/tn/baskauf/tgibi2-lfdevel10502.jpg,https://bioimages.vanderbilt.edu/gq/baskauf/ggibi2-lfdevel10502.jpg,
baskauf/10557,baskauf_10557.jpg,Ginkgo biloba,maidenhair tree,Ginkgoaceae,twig,twig,showing attachment of needles,030302,twig / showing attachment of needles,twig,vanderbilt/12-126,2002-04-15T09:04:48-05:00,Steven J. Baskauf,https://bioimages.vanderbilt.edu/baskauf/10557,https://bioimages.vanderbilt.edu/tn/baskauf/tgibi2-twdevel-lf10557.jpg,https://bioimages.vanderbilt.edu/gq/baskauf/ggibi2-twdevel-lf10557.jpg,
baskauf/15607,baskauf_15607.jpg,Ginkgo biloba,maidenhair tree,Ginkgoaceae,twig,twig,showing attachment of needles,030302,twig / showing attachment of needles,twig,vanderbilt/12-63,2002-09-17T08:57:38-05:00,Steven J. Baskauf,https://bioimages.vanderbilt.edu/baskauf/15607,https://bioimages.vanderbilt.edu/tn/baskauf/tgibi2-tw15607.jpg,https://bioimages.vanderbilt.edu/gq/baskauf/ggibi2-tw15607.jpg,
baskauf/11176,baskauf_11176.jpg,Ginkgo biloba,maidenhair tree,Ginkgoaceae,needle,leaf,entire needle,030401,leaf / entire needle,leaf,ind-baskauf/11174,2002-05-22T09:12:57-05:00,Steven J. Baskauf,https://bioimages.vanderbilt.edu/baskauf/11176,https://bioimages.vanderbilt.edu/tn/baskauf/tgibi2-lf11176.jpg,https://bioimages.vanderbilt.edu/gq/baskauf/ggibi2-lf11176.jpg,
ssmv/2-185-03,ssmv_2-185-03.jpg,Ginkgo biloba,maidenhair tree,Ginkgoaceae,needle,leaf,entire needle,030401,leaf / entire needle,leaf,vanderbilt/2-101,2014-08-20T11:13:41-05:00,Helena Makendengue,https://bioimages.vanderbilt.edu/ssmv/2-185-03,https://bioimages.vanderbilt.edu/tn/ssmv/t2-185-03.jpg,https://bioimages.vanderbilt.edu/gq/ssmv/g2-185-03.jpg,
baskauf/10556,baskauf_10556.jpg,Ginkgo biloba,maidenhair tree,Ginkgoaceae,needle,leaf,showing orientation on twig,030402,leaf / showing orientation on twig,leaf,vanderbilt/12-126,2002-04-15T09:02:47-05:00,Steven J. Baskauf,https://bioimages.vanderbilt.edu/baskauf/10556,https://bioimages.vanderbilt.edu/tn/baskauf/tgibi2-lfpetiole-close10556.jpg,https://bioimages.vanderbilt.edu/gq/baskauf/ggibi2-lfpetiole-close10556.jpg,
baskauf/11174,baskauf_11174.jpg,Ginkgo biloba,maidenhair tree,Ginkgoaceae,needle,leaf,showing orientation on twig,030402,leaf / showing orientation on twig,leaf,ind-baskauf/11174,2002-05-22T09:10:53-05:00,Steven J. Baskauf,https://bioimages.vanderbilt.edu/baskauf/11174,https://bioimages.vanderbilt.edu/tn/baskauf/tgibi2-lfseveral11174.jpg,https://bioimages.vanderbilt.edu/gq/baskauf/ggibi2-lfseveral11174.jpg,
baskauf/11304,baskauf_11304.jpg,Ginkgo biloba,maidenhair tree,Ginkgoaceae,needle,leaf,showing orientation on twig,030402,leaf / showing orientation on twig,leaf,vanderbilt/2-101,2002-05-24T09:22:07-05:00,Steven J. Baskauf,https://bioimages.vanderbilt.edu/baskauf/11304,https://bioimages.vanderbilt.edu/tn/baskauf/tgibi2-lfseveral11304.jpg,https://bioimages.vanderbilt.edu/gq/baskauf/ggibi2-lfseveral11304.jpg,
ssmv/2-185-04,ssmv_2-185-04.jpg,Ginkgo biloba,maidenhair tree,Ginkgoaceae,needle,leaf,showing orientation on twig,030402,leaf / showing orientation on twig,leaf,vanderbilt/2-101,2014-08-20T11:13:49-05:00,Helena Makendengue,https://bioimages.vanderbilt.edu/ssmv/2-185-04,https://bioimages.vanderbilt.edu/tn/ssmv/t2-185-04.jpg,https://bioimages.vanderbilt.edu/gq/ssmv/g2-185-04.jpg,
baskauf/12307,baskauf_12307.jpg,Ginkgo biloba,maidenhair tree,Ginkgoaceae,cone,cone,female - closed,030503,cone / female - closed,cone,vanderbilt/12-63,2002-06-13T13:14:14-05:00,Steven J. Baskauf,https://bioimages.vanderbilt.edu/baskauf/12307,https://bioimages.vanderbilt.edu/tn/baskauf/tgibi2-cofemale-devel12307.jpg,https://bioimages.vanderbilt.edu/gq/baskauf/ggibi2-cofemale-devel12307.jpg,
baskauf/12309,baskauf_12309.jpg,Ginkgo biloba,maidenhair tree,Ginkgoaceae,cone,cone,female - closed,030503,cone / female - closed,cone,vanderbilt/12-63,2002-06-13T13:16:25-05:00,Steven J. Baskauf,https://bioimages.vanderbilt.edu/baskauf/12309,https://bioimages.vanderbilt.edu/tn/baskauf/tgibi2-cofemale-devel12309.jpg,https://bioimages.vanderbilt.edu/gq/baskauf/ggibi2-cofemale-devel12309.jpg,
baskauf/15598,baskauf_15598.jpg,Ginkgo biloba,maidenhair tree,Ginkgoaceae,cone,cone,female - closed,030503,cone / female - closed,cone,vanderbilt/12-63,2002-09-17T08:54:33-05:00,Steven J. Baskauf,https://bioimages.vanderbilt.edu/baskauf/15598,https://bioimages.vanderbilt.edu/tn/baskauf/tgibi2-fr15598.jpg,https://bioimages.vanderbilt.edu/gq/baskauf/ggibi2-fr15598.jpg,
baskauf/15604,baskauf_15604.jpg,Ginkgo biloba,maidenhair tree,Ginkgoaceae,cone,cone,female - mature open,030502,cone / female - mature open,cone,vanderbilt/12-63,2002-09-17T08:56:38-05:00,Steven J. Baskauf,https://bioimages.vanderbilt.edu/baskauf/15604,https://bioimages.vanderbilt.edu/tn/baskauf/tgibi2-frcloseup15604.jpg,https://bioimages.vanderbilt.edu/gq/baskauf/ggibi2-frcloseup15604.jpg,
baskauf/19346,baskauf_19346.jpg,Ginkgo biloba,maidenhair tree,Ginkgoaceae,cone,cone,female - mature open,030502,cone / female - mature open,cone,vanderbilt/12-63,2003-04-03T11:27:17-06:00,Steven J. Baskauf,https://bioimages.vanderbilt.edu/baskauf/19346,https://bioimages.vanderbilt.edu/tn/baskauf/tgibi2-coseed19346.jpg,https://bioimages.vanderbilt.edu/gq/baskauf/ggibi2-coseed19346.jpg,
baskauf/19354,baskauf_19354.jpg,Ginkgo biloba,maidenhair tree,Ginkgoaceae,cone,cone,female - receptive,030504,cone / female - receptive,cone,vanderbilt/12-63,2003-04-03T13:14:35-06:00,Steven J. Baskauf,https://bioimages.vanderbilt.edu/baskauf/19354,https://bioimages.vanderbilt.edu/tn/baskauf/tgibi2-cofemale-recep19354.jpg,https://bioimages.vanderbilt.edu/gq/baskauf/ggibi2-cofemale-recep19354.jpg,
baskauf/19361,baskauf_19361.jpg,Ginkgo biloba,maidenhair tree,Ginkgoaceae,cone,cone,female - receptive,030504,cone / female - receptive,cone,vanderbilt/12-63,2003-04-03T13:16:12-06:00,Steven J. Baskauf,https://bioimages.vanderbilt.edu/baskauf/19361,https://bioimages.vanderbilt.edu/tn/baskauf/tgibi2-cofem-rec-close19361.jpg,https://bioimages.vanderbilt.edu/gq/baskauf/ggibi2-cofem-rec-close19361.jpg,
baskauf/50745,baskauf_50745.jpg,Ginkgo biloba,maidenhair tree,Ginkgoaceae,cone,cone,female - receptive,030504,cone / female - receptive,cone,vanderbilt/4-214,2006-03-28T09:08:37-06:00,Steven J. Baskauf,https://bioimages.vanderbilt.edu/baskauf/50745,https://bioimages.vanderbilt.edu/tn/baskauf/tgibi2-cofemale-devel50745.jpg,https://bioimages.vanderbilt.edu/gq/baskauf/ggibi2-cofemale-devel50745.jpg,
baskauf/50996,baskauf_50996.jpg,Ginkgo biloba,maidenhair tree,Ginkgoaceae,cone,cone,female - receptive,030504,cone / female - receptive,cone,vanderbilt/4-214,2006-04-07T07:57:11-05:00,Steven J. Baskauf,https://bioimages.vanderbilt.edu/baskauf/50996,https://bioimages.vanderbilt.edu/tn/baskauf/tgibi2-cofemale-receptive50996.jpg,https://bioimages.vanderbilt.edu/gq/baskauf/ggibi2-cofemale-receptive50996.jpg,
baskauf/50998,baskauf_50998.jpg,Ginkgo biloba,maidenhair tree,Ginkgoaceae,cone,cone,female - receptive,030504,cone / female - receptive,cone,vanderbilt/4-214,2006-04-07T07:57:51-05:00,Steven J. Baskauf,https://bioimages.vanderbilt.edu/baskauf/50998,https://bioimages.vanderbilt.edu/tn/baskauf/tgibi2-cofemale-receptive50998.jpg,https://bioimages.vanderbilt.edu/gq/baskauf/ggibi2-cofemale-receptive50998.jpg,
baskauf/10554,baskauf_10554.jpg,Ginkgo biloba,maidenhair tree,Ginkgoaceae,cone,cone,male,030501,cone / male,cone,vanderbilt/12-126,2002-04-15T08:54:22-05:00,Steven J. Baskauf,https://bioimages.vanderbilt.edu/baskauf/10554,https://bioimages.vanderbilt.edu/tn/baskauf/tgibi2-comale10554.jpg,https://bioimages.vanderbilt.edu/gq/baskauf/ggibi2-comale10554.jpg,
baskauf/66147,baskauf_66147.jpg,Gleditsia triacanthos,honeylocust,Fabaceae,whole plant,whole tree (or vine),general,010101,whole tree (or vine) / general,whole-tree,ind-baskauf/66133,2008-06-06T06:51:29-04:00,Steven J. Baskauf,https://bioimages.vanderbilt.edu/baskauf/66147,https://bioimages.vanderbilt.edu/tn/baskauf/tgltr--wp66147.jpg,https://bioimages.vanderbilt.edu/gq/baskauf/ggltr--wp66147.jpg,
baskauf/66180,baskauf_66180.jpg,Gleditsia triacanthos,honeylocust,Fabaceae,whole plant,whole tree (or vine),general,010101,whole tree (or vine) / general,whole-tree,ind-baskauf/66180,2008-06-06T07:09:18-04:00,Steven J. Baskauf,https://bioimages.vanderbilt.edu/baskauf/66180,https://bioimages.vanderbilt.edu/tn/baskauf/tgltr--wp66180.jpg,https://bioimages.vanderbilt.edu/gq/baskauf/ggltr--wp66180.jpg,
baskauf/15531,baskauf_15531.jpg,Gleditsia triacanthos,honeylocust,Fabaceae,whole plant,whole tree (or vine),view up trunk,010103,whole tree (or vine) / view up trunk,whole-tree,ind-baskauf/15521,2002-09-15T15:46:11-05:00,Steven J. Baskauf,https://bioimages.vanderbilt.edu/baskauf/15531,https://bioimages.vanderbilt.edu/tn/baskauf/tgltr--wplookup15531.jpg,https://bioimages.vanderbilt.edu/gq/baskauf/ggltr--wplookup15531.jpg,
baskauf/21592,baskauf_21592.jpg,Gleditsia triacanthos,honeylocust,Fabaceae,whole plant,whole tree (or vine),view up trunk,010103,whole tree (or vine) / view up trunk,whole-tree,ind-baskauf/21594,2003-04-22T15:38:55-05:00,Steven J. Baskauf,https://bioimages.vanderbilt.edu/baskauf/21592,https://bioimages.vanderbilt.edu/tn/baskauf/taegl--wplookup21592.jpg,https://bioimages.vanderbilt.edu/gq/baskauf/gaegl--wplookup21592.jpg,
baskauf/66164,baskauf_66164.jpg,Gleditsia triacanthos,honeylocust,Fabaceae,whole plant,whole tree (or vine),view up trunk,010103,whole tree (or vine) / view up trunk,whole-tree,ind-baskauf/66164,2008-06-06T07:01:18-04:00,Steven J. Baskauf,https://bioimages.vanderbilt.edu/baskauf/66164,https://bioimages.vanderbilt.edu/tn/baskauf/tgltr--wplookup66164.jpg,https://bioimages.vanderbilt.edu/gq/baskauf/ggltr--wplookup66164.jpg,
baskauf/15521,baskauf_15521.jpg,Gleditsia triacanthos,honeylocust,Fabaceae,bark,bark,of a large tree,010201,bark / of a large tree,bark,ind-baskauf/15521,2002-09-15T15:44:48-05:00,Steven J. Baskauf,https://bioimages.vanderbilt.edu/baskauf/15521,https://bioimages.vanderbilt.edu/tn/baskauf/tgltr--brspines15521.jpg,https://bioimages.vanderbilt.edu/gq/baskauf/ggltr--brspines15521.jpg,
baskauf/15533,baskauf_15533.jpg,Gleditsia triacanthos,honeylocust,Fabaceae,bark,bark,of a large tree,010201,bark / of a large tree,bark,ind-baskauf/15521,2002-09-15T15:46:31-05:00,Steven J. Baskauf,https://bioimages.vanderbilt.edu/baskauf/15533,https://bioimages.vanderbilt.edu/tn/baskauf/tgltr--br15533.jpg,https://bioimages.vanderbilt.edu/gq/baskauf/ggltr--br15533.jpg,
baskauf/d1104,baskauf_d1104.jpg,Gleditsia triacanthos,honeylocust,Fabaceae,bark,bark,of a large tree,010201,bark / of a large tree,bark,ind-baskauf/d1104,2002-12-23T12:51:09-06:00,Steven J. Baskauf,https://bioimages.vanderbilt.edu/baskauf/d1104,https://bioimages.vanderbilt.edu/tn/baskauf/tgltr--brthornsd1104.jpg,https://bioimages.vanderbilt.edu/gq/baskauf/ggltr--brthornsd1104.jpg,
baskauf/d1112,baskauf_d1112.jpg,Gleditsia triacanthos,honeylocust,Fabaceae,bark,bark,of a large tree,010201,bark / of a large tree,bark,ind-baskauf/d1104,2002-12-23T13:40:05-06:00,Steven J. Baskauf,https://bioimages.vanderbilt.edu/baskauf/d1112,https://bioimages.vanderbilt.edu/tn/baskauf/tgltr--brd1112.jpg,https://bioimages.vanderbilt.edu/gq/baskauf/ggltr--brd1112.jpg,
baskauf/66149,baskauf_66149.jpg,Gleditsia triacanthos,honeylocust,Fabaceae,bark,bark,of a medium tree or large branch,010202,bark / of a medium tree or large branch,bark,ind-baskauf/66133,2008-06-06T06:52:09-04:00,Steven J. Baskauf,https://bioimages.vanderbilt.edu/baskauf/66149,https://bioimages.vanderbilt.edu/tn/baskauf/tgltr--brmediium66149.jpg,https://bioimages.vanderbilt.edu/gq/baskauf/ggltr--brmediium66149.jpg,
baskauf/66181,baskauf_66181.jpg,Gleditsia triacanthos,honeylocust,Fabaceae,bark,bark,of a medium tree or large branch,010202,bark / of a medium tree or large branch,bark,ind-baskauf/66180,2008-06-06T07:11:13-04:00,Steven J. Baskauf,https://bioimages.vanderbilt.edu/baskauf/66181,https://bioimages.vanderbilt.edu/tn/baskauf/tgltr--brmedium66181.jpg,https://bioimages.vanderbilt.edu/gq/baskauf/ggltr--brmedium66181.jpg,
baskauf/66182,baskauf_66182.jpg,Gleditsia triacanthos,honeylocust,Fabaceae,bark,bark,of a medium tree or large branch,010202,bark / of a medium tree or large branch,bark,ind-baskauf/66180,2008-06-06T07:11:21-04:00,Steven J. Baskauf,https://bioimages.vanderbilt.edu/baskauf/66182,https://bioimages.vanderbilt.edu/tn/baskauf/tgltr--brmedium66182.jpg,https://bioimages.vanderbilt.edu/gq/baskauf/ggltr--brmedium66182.jpg,
baskauf/66163,baskauf_66163.jpg,Gleditsia triacanthos,honeylocust,Fabaceae,bark,bark,of a small tree or small branch,010203,bark / of a small tree or small branch,bark,ind-baskauf/66133,2008-06-06T07:00:31-04:00,Steven J. Baskauf,https://bioimages.vanderbilt.edu/baskauf/66163,https://bioimages.vanderbilt.edu/tn/baskauf/tgltr--brsmall66163.jpg,https://bioimages.vanderbilt.edu/gq/baskauf/ggltr--brsmall66163.jpg,
baskauf/21595,baskauf_21595.jpg,Gleditsia triacanthos,honeylocust,Fabaceae,twig,twig,orientation of petioles,010301,twig / orientation of petioles,twig,ind-baskauf/21594,2003-04-23T09:07:02-05:00,Steven J. Baskauf,https://bioimages.vanderbilt.edu/baskauf/21595,https://bioimages.vanderbilt.edu/tn/baskauf/tgltr--tw21595.jpg,https://bioimages.vanderbilt.edu/gq/baskauf/ggltr--tw21595.jpg,
baskauf/38435,baskauf_38435.jpg,Gleditsia triacanthos,honeylocust,Fabaceae,twig,twig,orientation of petioles,010301,twig / orientation of petioles,twig,ind-baskauf/38435,2004-09-22T12:09:01-05:00,Steven J. Baskauf,https://bioimages.vanderbilt.edu/baskauf/38435,https://bioimages.vanderbilt.edu/tn/baskauf/tgltr--twthorns38435.jpg,https://bioimages.vanderbilt.edu/gq/baskauf/ggltr--twthorns38435.jpg,
baskauf/38436,baskauf_38436.jpg,Gleditsia triacanthos,honeylocust,Fabaceae,twig,twig,orientation of petioles,010301,twig / orientation of petioles,twig,ind-baskauf/38435,2004-09-22T12:09:10-05:00,Steven J. Baskauf,https://bioimages.vanderbilt.edu/baskauf/38436,https://bioimages.vanderbilt.edu/tn/baskauf/tgltr--twthorn38436.jpg,https://bioimages.vanderbilt.edu/gq/baskauf/ggltr--twthorn38436.jpg,
baskauf/38439,baskauf_38439.jpg,Gleditsia triacanthos,honeylocust,Fabaceae,twig,twig,orientation of petioles,010301,twig / orientation of petioles,twig,ind-baskauf/38435,2004-09-22T12:09:45-05:00,Steven J. Baskauf,https://bioimages.vanderbilt.edu/baskauf/38439,https://bioimages.vanderbilt.edu/tn/baskauf/tgltr--twthorns38439.jpg,https://bioimages.vanderbilt.edu/gq/baskauf/ggltr--twthorns38439.jpg,
baskauf/66154,baskauf_66154.jpg,Gleditsia triacanthos,honeylocust,Fabaceae,twig,twig,orientation of petioles,010301,twig / orientation of petioles,twig,ind-baskauf/66133,2008-06-06T06:56:57-04:00,Steven J. Baskauf,https://bioimages.vanderbilt.edu/baskauf/66154,https://bioimages.vanderbilt.edu/tn/baskauf/tgltr--tw66154.jpg,https://bioimages.vanderbilt.edu/gq/baskauf/ggltr--tw66154.jpg,
baskauf/66155,baskauf_66155.jpg,Gleditsia triacanthos,honeylocust,Fabaceae,twig,twig,orientation of petioles,010301,twig / orientation of petioles,twig,ind-baskauf/66133,2008-06-06T06:57:25-04:00,Steven J. Baskauf,https://bioimages.vanderbilt.edu/baskauf/66155,https://bioimages.vanderbilt.edu/tn/baskauf/tgltr--tw66155.jpg,https://bioimages.vanderbilt.edu/gq/baskauf/ggltr--tw66155.jpg,
baskauf/66156,baskauf_66156.jpg,Gleditsia triacanthos,honeylocust,Fabaceae,twig,twig,orientation of petioles,010301,twig / orientation of petioles,twig,ind-baskauf/66133,2008-06-06T06:57:40-04:00,Steven J. Baskauf,https://bioimages.vanderbilt.edu/baskauf/66156,https://bioimages.vanderbilt.edu/tn/baskauf/tgltr--tw66156.jpg,https://bioimages.vanderbilt.edu/gq/baskauf/ggltr--tw66156.jpg,
baskauf/66157,baskauf_66157.jpg,Gleditsia triacanthos,honeylocust,Fabaceae,twig,twig,orientation of petioles,010301,twig / orientation of petioles,twig,ind-baskauf/66133,2008-06-06T06:58:04-04:00,Steven J. Baskauf,https://bioimages.vanderbilt.edu/baskauf/66157,https://bioimages.vanderbilt.edu/tn/baskauf/tgltr--tw66157.jpg,https://bioimages.vanderbilt.edu/gq/baskauf/ggltr--tw66157.jpg,
baskauf/66159,baskauf_66159.jpg,Gleditsia triacanthos,honeylocust,Fabaceae,twig,twig,orientation of petioles,010301,twig / orientation of petioles,twig,ind-baskauf/66133,2008-06-06T06:58:37-04:00,Steven J. Baskauf,https://bioimages.vanderbilt.edu/baskauf/66159,https://bioimages.vanderbilt.edu/tn/baskauf/tgltr--twdevel-thorns66159.jpg,https://bioimages.vanderbilt.edu/gq/baskauf/ggltr--twdevel-thorns66159.jpg,
baskauf/66161,baskauf_66161.jpg,Gleditsia triacanthos,honeylocust,Fabaceae,twig,twig,orientation of petioles,010301,twig / orientation of petioles,twig,ind-baskauf/66133,2008-06-06T06:59:35-04:00,Steven J. Baskauf,https://bioimages.vanderbilt.edu/baskauf/66161,https://bioimages.vanderbilt.edu/tn/baskauf/tgltr--twthorns66161.jpg,https://bioimages.vanderbilt.edu/gq/baskauf/ggltr--twthorns66161.jpg,
baskauf/66173,baskauf_66173.jpg,Gleditsia triacanthos,honeylocust,Fabaceae,twig,twig,orientation of petioles,010301,twig / orientation of petioles,twig,ind-baskauf/66164,2008-06-06T07:05:32-04:00,Steven J. Baskauf,https://bioimages.vanderbilt.edu/baskauf/66173,https://bioimages.vanderbilt.edu/tn/baskauf/tgltr--twthorns66173.jpg,https://bioimages.vanderbilt.edu/gq/baskauf/ggltr--twthorns66173.jpg,
baskauf/66174,baskauf_66174.jpg,Gleditsia triacanthos,honeylocust,Fabaceae,twig,twig,orientation of petioles,010301,twig / orientation of petioles,twig,ind-baskauf/66164,2008-06-06T07:05:59-04:00,Steven J. Baskauf,https://bioimages.vanderbilt.edu/baskauf/66174,https://bioimages.vanderbilt.edu/tn/baskauf/tgltr--tw66174.jpg,https://bioimages.vanderbilt.edu/gq/baskauf/ggltr--tw66174.jpg,
baskauf/66190,baskauf_66190.jpg,Gleditsia triacanthos,honeylocust,Fabaceae,twig,twig,orientation of petioles,010301,twig / orientation of petioles,twig,ind-baskauf/66180,2008-06-06T07:17:55-04:00,Steven J. Baskauf,https://bioimages.vanderbilt.edu/baskauf/66190,https://bioimages.vanderbilt.edu/tn/baskauf/tgltr--twthorn66190.jpg,https://bioimages.vanderbilt.edu/gq/baskauf/ggltr--twthorn66190.jpg,
baskauf/66153,baskauf_66153.jpg,Gleditsia triacanthos,honeylocust,Fabaceae,leaf,leaf,margin of upper + lower surface,010402,leaf / margin of upper + lower surface,leaf,ind-baskauf/66133,2008-06-06T06:55:57-04:00,Steven J. Baskauf,https://bioimages.vanderbilt.edu/baskauf/66153,https://bioimages.vanderbilt.edu/tn/baskauf/tgltr--lfmargin-uplow66153.jpg,https://bioimages.vanderbilt.edu/gq/baskauf/ggltr--lfmargin-uplow66153.jpg,
baskauf/66175,baskauf_66175.jpg,Gleditsia triacanthos,honeylocust,Fabaceae,leaf,leaf,margin of upper + lower surface,010402,leaf / margin of upper + lower surface,leaf,ind-baskauf/66164,2008-06-06T07:06:50-04:00,Steven J. Baskauf,https://bioimages.vanderbilt.edu/baskauf/66175,https://bioimages.vanderbilt.edu/tn/baskauf/tgltr--lfmargin-uplow66175.jpg,https://bioimages.vanderbilt.edu/gq/baskauf/ggltr--lfmargin-uplow66175.jpg,
baskauf/15537,baskauf_15537.jpg,Gleditsia triacanthos,honeylocust,Fabaceae,leaf,leaf,showing orientation on twig,010403,leaf / showing orientation on twig,leaf,ind-baskauf/15521,2002-09-15T15:47:17-05:00,Steven J. Baskauf,https://bioimages.vanderbilt.edu/baskauf/15537,https://bioimages.vanderbilt.edu/tn/baskauf/tgltr--lf15537.jpg,https://bioimages.vanderbilt.edu/gq/baskauf/ggltr--lf15537.jpg,
baskauf/21602,baskauf_21602.jpg,Gleditsia triacanthos,honeylocust,Fabaceae,leaf,leaf,showing orientation on twig,010403,leaf / showing orientation on twig,leaf,ind-baskauf/21594,2003-04-23T09:09:00-05:00,Steven J. Baskauf,https://bioimages.vanderbilt.edu/baskauf/21602,https://bioimages.vanderbilt.edu/tn/baskauf/tgltr--lf21602.jpg,https://bioimages.vanderbilt.edu/gq/baskauf/ggltr--lf21602.jpg,
baskauf/66141,baskauf_66141.jpg,Gleditsia triacanthos,honeylocust,Fabaceae,leaf,leaf,whole upper surface,010401,leaf / whole upper surface,leaf,ind-baskauf/66133,2008-06-06T06:45:13-04:00,Steven J. Baskauf,https://bioimages.vanderbilt.edu/baskauf/66141,https://bioimages.vanderbilt.edu/tn/baskauf/tgltr--lfboth-types66141.jpg,https://bioimages.vanderbilt.edu/gq/baskauf/ggltr--lfboth-types66141.jpg,
baskauf/66144,baskauf_66144.jpg,Gleditsia triacanthos,honeylocust,Fabaceae,leaf,leaf,whole upper surface,010401,leaf / whole upper surface,leaf,ind-baskauf/66133,2008-06-06T06:46:39-04:00,Steven J. Baskauf,https://bioimages.vanderbilt.edu/baskauf/66144,https://bioimages.vanderbilt.edu/tn/baskauf/tgltr--lfpinnate66144.jpg,https://bioimages.vanderbilt.edu/gq/baskauf/ggltr--lfpinnate66144.jpg,
baskauf/66145,baskauf_66145.jpg,Gleditsia triacanthos,honeylocust,Fabaceae,leaf,leaf,whole upper surface,010401,leaf / whole upper surface,leaf,ind-baskauf/66133,2008-06-06T06:49:54-04:00,Steven J. Baskauf,https://bioimages.vanderbilt.edu/baskauf/66145,https://bioimages.vanderbilt.edu/tn/baskauf/tgltr--lfbipinnate66145.jpg,https://bioimages.vanderbilt.edu/gq/baskauf/ggltr--lfbipinnate66145.jpg,
baskauf/66172,baskauf_66172.jpg,Gleditsia triacanthos,honeylocust,Fabaceae,leaf,leaf,whole upper surface,010401,leaf / whole upper surface,leaf,ind-baskauf/66164,2008-06-06T07:05:04-04:00,Steven J. Baskauf,https://bioimages.vanderbilt.edu/baskauf/66172,https://bioimages.vanderbilt.edu/tn/baskauf/tgltr--lfboth-types66172.jpg,https://bioimages.vanderbilt.edu/gq/baskauf/ggltr--lfboth-types66172.jpg,
baskauf/66176,baskauf_66176.jpg,Gleditsia triacanthos,honeylocust,Fabaceae,leaf,leaf,whole upper surface,010401,leaf / whole upper surface,leaf,ind-baskauf/66164,2008-06-06T07:07:28-04:00,Steven J. Baskauf,https://bioimages.vanderbilt.edu/baskauf/66176,https://bioimages.vanderbilt.edu/tn/baskauf/tgltr--lfpinnate66176.jpg,https://bioimages.vanderbilt.edu/gq/baskauf/ggltr--lfpinnate66176.jpg,
baskauf/66178,baskauf_66178.jpg,Gleditsia triacanthos,honeylocust,Fabaceae,leaf,leaf,whole upper surface,010401,leaf / whole upper surface,leaf,ind-baskauf/66164,2008-06-06T07:07:53-04:00,Steven J. Baskauf,https://bioimages.vanderbilt.edu/baskauf/66178,https://bioimages.vanderbilt.edu/tn/baskauf/tgltr--lfbipinnate66178.jpg,https://bioimages.vanderbilt.edu/gq/baskauf/ggltr--lfbipinnate66178.jpg,
baskauf/66135,baskauf_66135.jpg,Gleditsia triacanthos,honeylocust,Fabaceae,flower,inflorescence,frontal view of flower,010505,inflorescence / frontal view of flower,flower,ind-baskauf/66133,2008-06-06T06:40:48-04:00,Steven J. Baskauf,https://bioimages.vanderbilt.edu/baskauf/66135,https://bioimages.vanderbilt.edu/tn/baskauf/tgltr--flfemale-front66135.jpg,https://bioimages.vanderbilt.edu/gq/baskauf/ggltr--flfemale-front66135.jpg,
baskauf/66185,baskauf_66185.jpg,Gleditsia triacanthos,honeylocust,Fabaceae,flower,inflorescence,frontal view of flower,010505,inflorescence / frontal view of flower,flower,ind-baskauf/66180,2008-06-06T07:16:11-04:00,Steven J. Baskauf,https://bioimages.vanderbilt.edu/baskauf/66185,https://bioimages.vanderbilt.edu/tn/baskauf/tgltr--flmale-front66185.jpg,https://bioimages.vanderbilt.edu/gq/baskauf/ggltr--flmale-front66185.jpg,
baskauf/66188,baskauf_66188.jpg,Gleditsia triacanthos,honeylocust,Fabaceae,flower,inflorescence,frontal view of flower,010505,inflorescence / frontal view of flower,flower,ind-baskauf/66180,2008-06-06T07:16:54-04:00,Steven J. Baskauf,https://bioimages.vanderbilt.edu/baskauf/66188,https://bioimages.vanderbilt.edu/tn/baskauf/tgltr--flmale-front66188.jpg,https://bioimages.vanderbilt.edu/gq/baskauf/ggltr--flmale-front66188.jpg,
baskauf/66137,baskauf_66137.jpg,Gleditsia triacanthos,honeylocust,Fabaceae,flower,inflorescence,lateral view of flower,010504,inflorescence / lateral view of flower,flower,ind-baskauf/66133,2008-06-06T06:41:19-04:00,Steven J. Baskauf,https://bioimages.vanderbilt.edu/baskauf/66137,https://bioimages.vanderbilt.edu/tn/baskauf/tgltr--flfemale-side66137.jpg,https://bioimages.vanderbilt.edu/gq/baskauf/ggltr--flfemale-side66137.jpg,
baskauf/66187,baskauf_66187.jpg,Gleditsia triacanthos,honeylocust,Fabaceae,flower,inflorescence,lateral view of flower,010504,inflorescence / lateral view of flower,flower,ind-baskauf/66180,2008-06-06T07:16:41-04:00,Steven J. Baskauf,https://bioimages.vanderbilt.edu/baskauf/66187,https://bioimages.vanderbilt.edu/tn/baskauf/tgltr--flmale-side66187.jpg,https://bioimages.vanderbilt.edu/gq/baskauf/ggltr--flmale-side66187.jpg,
baskauf/51771,baskauf_51771.jpg,Gleditsia triacanthos,honeylocust,Fabaceae,flower,inflorescence,unspecified,010500,inflorescence / unspecified,flower,ind-baskauf/51771,2006-05-06T09:45:51-04:00,Steven J. Baskauf,https://bioimages.vanderbilt.edu/baskauf/51771,https://bioimages.vanderbilt.edu/tn/baskauf/tgltr--flbuds51771.jpg,https://bioimages.vanderbilt.edu/gq/baskauf/ggltr--flbuds51771.jpg,unspecified view
baskauf/66134,baskauf_66134.jpg,Gleditsia triacanthos,honeylocust,Fabaceae,flower,inflorescence,whole - female,010502,inflorescence / whole - female,flower,ind-baskauf/66133,2008-06-06T06:40:20-04:00,Steven J. Baskauf,https://bioimages.vanderbilt.edu/baskauf/66134,https://bioimages.vanderbilt.edu/tn/baskauf/tgltr--flfemale-inflor66134.jpg,https://bioimages.vanderbilt.edu/gq/baskauf/ggltr--flfemale-inflor66134.jpg,
baskauf/66138,baskauf_66138.jpg,Gleditsia triacanthos,honeylocust,Fabaceae,flower,inflorescence,whole - female,010502,inflorescence / whole - female,flower,ind-baskauf/66133,2008-06-06T06:44:25-04:00,Steven J. Baskauf,https://bioimages.vanderbilt.edu/baskauf/66138,https://bioimages.vanderbilt.edu/tn/baskauf/tgltr--flfemale-distant66138.jpg,https://bioimages.vanderbilt.edu/gq/baskauf/ggltr--flfemale-distant66138.jpg,
baskauf/66140,baskauf_66140.jpg,Gleditsia triacanthos,honeylocust,Fabaceae,flower,inflorescence,whole - female,010502,inflorescence / whole - female,flower,ind-baskauf/66133,2008-06-06T06:44:53-04:00,Steven J. Baskauf,https://bioimages.vanderbilt.edu/baskauf/66140,https://bioimages.vanderbilt.edu/tn/baskauf/tgltr--flfemale-distant66140.jpg,https://bioimages.vanderbilt.edu/gq/baskauf/ggltr--flfemale-distant66140.jpg,
baskauf/66183,baskauf_66183.jpg,Gleditsia triacanthos,honeylocust,Fabaceae,flower,inflorescence,whole - male,010503,inflorescence / whole - male,flower,ind-baskauf/66180,2008-06-06T07:15:48-04:00,Steven J. Baskauf,https://bioimages.vanderbilt.edu/baskauf/66183,https://bioimages.vanderbilt.edu/tn/baskauf/tgltr--flmale-distant66183.jpg,https://bioimages.vanderbilt.edu/gq/baskauf/ggltr--flmale-distant66183.jpg,
baskauf/66184,baskauf_66184.jpg,Gleditsia triacanthos,honeylocust,Fabaceae,flower,inflorescence,whole - male,010503,inflorescence / whole - male,flower,ind-baskauf/66180,2008-06-06T07:16:01-04:00,Steven J. Baskauf,https://bioimages.vanderbilt.edu/baskauf/66184,https://bioimages.vanderbilt.edu/tn/baskauf/tgltr--flmale-inflor66184.jpg,https://bioimages.vanderbilt.edu/gq/baskauf/ggltr--flmale-inflor66184.jpg,
baskauf/66191,baskauf_66191.jpg,Gleditsia triacanthos,honeylocust,Fabaceae,flower,inflorescence,whole - male,010503,inflorescence / whole - male,flower,ind-baskauf/66180,2008-06-06T07:18:40-04:00,Steven J. Baskauf,https://bioimages.vanderbilt.edu/baskauf/66191,https://bioimages.vanderbilt.edu/tn/baskauf/tgltr--flmale-distant66191.jpg,https://bioimages.vanderbilt.edu/gq/baskauf/ggltr--flmale-distant66191.jpg,
baskauf/66192,baskauf_66192.jpg,Gleditsia triacanthos,honeylocust,Fabaceae,flower,inflorescence,whole - male,010503,inflorescence / whole - male,flower,ind-baskauf/66180,2008-06-06T07:18:55-04:00,Steven J. Baskauf,https://bioimages.vanderbilt.edu/baskauf/66192,https://bioimages.vanderbilt.edu/tn/baskauf/tgltr--flmale66192.jpg,https://bioimages.vanderbilt.edu/gq/baskauf/ggltr--flmale66192.jpg,
baskauf/66166,baskauf_66166.jpg,Gleditsia triacanthos,honeylocust,Fabaceae,fruit,fruit,immature,010604,fruit / immature,fruit,ind-baskauf/66164,2008-06-06T07:03:12-04:00,Steven J. Baskauf,https://bioimages.vanderbilt.edu/baskauf/66166,https://bioimages.vanderbilt.edu/tn/baskauf/tgltr--frdevel-distant66166.jpg,https://bioimages.vanderbilt.edu/gq/baskauf/ggltr--frdevel-distant66166.jpg,
baskauf/66167,baskauf_66167.jpg,Gleditsia triacanthos,honeylocust,Fabaceae,fruit,fruit,immature,010604,fruit / immature,fruit,ind-baskauf/66164,2008-06-06T07:03:38-04:00,Steven J. Baskauf,https://bioimages.vanderbilt.edu/baskauf/66167,https://bioimages.vanderbilt.edu/tn/baskauf/tgltr--frdevel-infruct66167.jpg,https://bioimages.vanderbilt.edu/gq/baskauf/ggltr--frdevel-infruct66167.jpg,
baskauf/66168,baskauf_66168.jpg,Gleditsia triacanthos,honeylocust,Fabaceae,fruit,fruit,immature,010604,fruit / immature,fruit,ind-baskauf/66164,2008-06-06T07:03:54-04:00,Steven J. Baskauf,https://bioimages.vanderbilt.edu/baskauf/66168,https://bioimages.vanderbilt.edu/tn/baskauf/tgltr--frdevel-infruct66168.jpg,https://bioimages.vanderbilt.edu/gq/baskauf/ggltr--frdevel-infruct66168.jpg,
baskauf/66169,baskauf_66169.jpg,Gleditsia triacanthos,honeylocust,Fabaceae,fruit,fruit,immature,010604,fruit / immature,fruit,ind-baskauf/66164,2008-06-06T07:04:05-04:00,Steven J. Baskauf,https://bioimages.vanderbilt.edu/baskauf/66169,https://bioimages.vanderbilt.edu/tn/baskauf/tgltr--frdevel66169.jpg,https://bioimages.vanderbilt.edu/gq/baskauf/ggltr--frdevel66169.jpg,
baskauf/66170,baskauf_66170.jpg,Gleditsia triacanthos,honeylocust,Fabaceae,fruit,fruit,immature,010604,fruit / immature,fruit,ind-baskauf/66164,2008-06-06T07:04:12-04:00,Steven J. Baskauf,https://bioimages.vanderbilt.edu/baskauf/66170,https://bioimages.vanderbilt.edu/tn/baskauf/tgltr--frdevel66170.jpg,https://bioimages.vanderbilt.edu/gq/baskauf/ggltr--frdevel66170.jpg,
baskauf/d1110,baskauf_d1110.jpg,Gleditsia triacanthos,honeylocust,Fabaceae,fruit,fruit,lateral or general close-up,010602,fruit / lateral or general close-up,fruit,ind-baskauf/d1104,2002-12-23T12:53:53-06:00,Steven J. Baskauf,https://bioimages.vanderbilt.edu/baskauf/d1110,https://bioimages.vanderbilt.edu/tn/baskauf/tgltr--frd1110.jpg,https://bioimages.vanderbilt.edu/gq/baskauf/ggltr--frd1110.jpg,
baskauf/11894,baskauf_11894.jpg,Gymnocladus dioicus,Kentucky coffeetree,Fabaceae,whole plant,whole tree (or vine),general,010101,whole tree (or vine) / general,whole-tree,ind-baskauf/11894,2002-06-06T11:24:52-05:00,Steven J. Baskauf,https://bioimages.vanderbilt.edu/baskauf/11894,https://bioimages.vanderbilt.edu/tn/baskauf/tgydi--wpsmall11894.jpg,https://bioimages.vanderbilt.edu/gq/baskauf/ggydi--wpsmall11894.jpg,
baskauf/25638,baskauf_25638.jpg,Gymnocladus dioicus,Kentucky coffeetree,Fabaceae,whole plant,whole tree (or vine),general,010101,whole tree (or vine) / general,whole-tree,ind-baskauf/24227,2003-05-25T17:18:01-05:00,Steven J. Baskauf,https://bioimages.vanderbilt.edu/baskauf/25638,https://bioimages.vanderbilt.edu/tn/baskauf/tgydi--wp25638.jpg,https://bioimages.vanderbilt.edu/gq/baskauf/ggydi--wp25638.jpg,
baskauf/91144,baskauf_91144.jpg,Gymnocladus dioicus,Kentucky coffeetree,Fabaceae,whole plant,whole tree (or vine),general,010101,whole tree (or vine) / general,whole-tree,vanderbilt/12-177,2014-09-11T17:36:52-05:00,Steven J. Baskauf,https://bioimages.vanderbilt.edu/baskauf/91144,https://bioimages.vanderbilt.edu/tn/baskauf/t91144.jpg,https://bioimages.vanderbilt.edu/gq/baskauf/g91144.jpg,
baskauf/15984,baskauf_15984.jpg,Gymnocladus dioicus,Kentucky coffeetree,Fabaceae,whole plant,whole tree (or vine),view up trunk,010103,whole tree (or vine) / view up trunk,whole-tree,vanderbilt/12-177,2002-09-27T11:48:04-05:00,Steven J. Baskauf,https://bioimages.vanderbilt.edu/baskauf/15984,https://bioimages.vanderbilt.edu/tn/baskauf/tgydi--wplookup-large15984.jpg,https://bioimages.vanderbilt.edu/gq/baskauf/ggydi--wplookup-large15984.jpg,
baskauf/15988,baskauf_15988.jpg,Gymnocladus dioicus,Kentucky coffeetree,Fabaceae,bark,bark,of a large tree,010201,bark / of a large tree,bark,vanderbilt/12-177,2002-09-27T11:48:51-05:00,Steven J. Baskauf,https://bioimages.vanderbilt.edu/baskauf/15988,https://bioimages.vanderbilt.edu/tn/baskauf/tgydi--brlarge15988.jpg,https://bioimages.vanderbilt.edu/gq/baskauf/ggydi--brlarge15988.jpg,
baskauf/24245,baskauf_24245.jpg,Gymnocladus dioicus,Kentucky coffeetree,Fabaceae,bark,bark,of a large tree,010201,bark / of a large tree,bark,ind-baskauf/24227,2003-05-13T11:52:17-05:00,Steven J. Baskauf,https://bioimages.vanderbilt.edu/baskauf/24245,https://bioimages.vanderbilt.edu/tn/baskauf/tgydi--br24245.jpg,https://bioimages.vanderbilt.edu/gq/baskauf/ggydi--br24245.jpg,
baskauf/50913,baskauf_50913.jpg,Gymnocladus dioicus,Kentucky coffeetree,Fabaceae,bark,bark,of a large tree,010201,bark / of a large tree,bark,ind-baskauf/50912,2006-04-04T09:34:40-05:00,Steven J. Baskauf,https://bioimages.vanderbilt.edu/baskauf/50913,https://bioimages.vanderbilt.edu/tn/baskauf/tgydi--brlarge50913.jpg,https://bioimages.vanderbilt.edu/gq/baskauf/ggydi--brlarge50913.jpg,
baskauf/11902,baskauf_11902.jpg,Gymnocladus dioicus,Kentucky coffeetree,Fabaceae,bark,bark,of a small tree or small branch,010203,bark / of a small tree or small branch,bark,ind-baskauf/11894,2002-06-06T11:27:26-05:00,Steven J. Baskauf,https://bioimages.vanderbilt.edu/baskauf/11902,https://bioimages.vanderbilt.edu/tn/baskauf/tgydi--brsmall11902.jpg,https://bioimages.vanderbilt.edu/gq/baskauf/ggydi--brsmall11902.jpg,
baskauf/63781,baskauf_63781.jpg,Gymnocladus dioicus,Kentucky coffeetree,Fabaceae,twig,twig,close-up winter leaf scar/bud,010303,twig / close-up winter leaf scar/bud,twig,ind-baskauf/24227,2008-02-13T06:51:58-06:00,Steven J. Baskauf,https://bioimages.vanderbilt.edu/baskauf/63781,https://bioimages.vanderbilt.edu/tn/baskauf/tgydi--twlateral-bud63781.jpg,https://bioimages.vanderbilt.edu/gq/baskauf/ggydi--twlateral-bud63781.jpg,
baskauf/63783,baskauf_63783.jpg,Gymnocladus dioicus,Kentucky coffeetree,Fabaceae,twig,twig,close-up winter terminal bud,010304,twig / close-up winter terminal bud,twig,ind-baskauf/24227,2008-02-13T06:52:32-06:00,Steven J. Baskauf,https://bioimages.vanderbilt.edu/baskauf/63783,https://bioimages.vanderbilt.edu/tn/baskauf/tgydi--twterminal-bud63783.jpg,https://bioimages.vanderbilt.edu/gq/baskauf/ggydi--twterminal-bud63783.jpg,
baskauf/11905,baskauf_11905.jpg,Gymnocladus dioicus,Kentucky coffeetree,Fabaceae,twig,twig,orientation of petioles,010301,twig / orientation of petioles,twig,ind-baskauf/11894,2002-06-06T11:28:08-05:00,Steven J. Baskauf,https://bioimages.vanderbilt.edu/baskauf/11905,https://bioimages.vanderbilt.edu/tn/baskauf/tgydi--tw11905.jpg,https://bioimages.vanderbilt.edu/gq/baskauf/ggydi--tw11905.jpg,
baskauf/24236,baskauf_24236.jpg,Gymnocladus dioicus,Kentucky coffeetree,Fabaceae,twig,twig,orientation of petioles,010301,twig / orientation of petioles,twig,ind-baskauf/24227,2003-05-13T11:50:48-05:00,Steven J. Baskauf,https://bioimages.vanderbilt.edu/baskauf/24236,https://bioimages.vanderbilt.edu/tn/baskauf/tgydi--tw24236.jpg,https://bioimages.vanderbilt.edu/gq/baskauf/ggydi--tw24236.jpg,
baskauf/63779,baskauf_63779.jpg,Gymnocladus dioicus,Kentucky coffeetree,Fabaceae,twig,twig,winter overall,010302,twig / winter overall,twig,ind-baskauf/24227,2008-02-13T06:51:22-06:00,Steven J. Baskauf,https://bioimages.vanderbilt.edu/baskauf/63779,https://bioimages.vanderbilt.edu/tn/baskauf/tgydi--twwinter63779.jpg,https://bioimages.vanderbilt.edu/gq/baskauf/ggydi--twwinter63779.jpg,
baskauf/24251,baskauf_24251.jpg,Gymnocladus dioicus,Kentucky coffeetree,Fabaceae,leaf,leaf,margin of upper + lower surface,010402,leaf / margin of upper + lower surface,leaf,ind-baskauf/24227,2003-05-13T11:54:41-05:00,Steven J. Baskauf,https://bioimages.vanderbilt.edu/baskauf/24251,https://bioimages.vanderbilt.edu/tn/baskauf/tgydi--lfleaflet24251.jpg,https://bioimages.vanderbilt.edu/gq/baskauf/ggydi--lfleaflet24251.jpg,
baskauf/11899,baskauf_11899.jpg,Gymnocladus dioicus,Kentucky coffeetree,Fabaceae,leaf,leaf,unspecified,010400,leaf / unspecified,leaf,ind-baskauf/11894,2002-06-06T11:26:28-05:00,Steven J. Baskauf,https://bioimages.vanderbilt.edu/baskauf/11899,https://bioimages.vanderbilt.edu/tn/baskauf/tgydi--lffrom-below11899.jpg,https://bioimages.vanderbilt.edu/gq/baskauf/ggydi--lffrom-below11899.jpg,unspecified view
baskauf/11896,baskauf_11896.jpg,Gymnocladus dioicus,Kentucky coffeetree,Fabaceae,leaf,leaf,whole upper surface,010401,leaf / whole upper surface,leaf,ind-baskauf/11894,2002-06-06T11:25:34-05:00,Steven J. Baskauf,https://bioimages.vanderbilt.edu/baskauf/11896,https://bioimages.vanderbilt.edu/tn/baskauf/tgydi--lf11896.jpg,https://bioimages.vanderbilt.edu/gq/baskauf/ggydi--lf11896.jpg,
baskauf/24248,baskauf_24248.jpg,Gymnocladus dioicus,Kentucky coffeetree,Fabaceae,leaf,leaf,whole upper surface,010401,leaf / whole upper surface,leaf,ind-baskauf/24227,2003-05-13T11:53:47-05:00,Steven J. Baskauf,https://bioimages.vanderbilt.edu/baskauf/24248,https://bioimages.vanderbilt.edu/tn/baskauf/tgydi--lf24248.jpg,https://bioimages.vanderbilt.edu/gq/baskauf/ggydi--lf24248.jpg,
baskauf/51691,baskauf_51691.jpg,Gymnocladus dioicus,Kentucky coffeetree,Fabaceae,flower,inflorescence,close-up of flower interior,010507,inflorescence / close-up of flower interior,flower,ind-baskauf/24227,2006-05-02T21:46:37-05:00,Steven J. Baskauf,https://bioimages.vanderbilt.edu/baskauf/51691,https://bioimages.vanderbilt.edu/tn/baskauf/tgydi--flfemale-interior51691.jpg,https://bioimages.vanderbilt.edu/gq/baskauf/ggydi--flfemale-interior51691.jpg,
baskauf/33649,baskauf_33649.jpg,Gymnocladus dioicus,Kentucky coffeetree,Fabaceae,flower,inflorescence,frontal view of flower,010505,inflorescence / frontal view of flower,flower,ind-baskauf/24227,2004-05-04T17:45:20-05:00,Steven J. Baskauf,https://bioimages.vanderbilt.edu/baskauf/33649,https://bioimages.vanderbilt.edu/tn/baskauf/tgydi--flfront33649.jpg,https://bioimages.vanderbilt.edu/gq/baskauf/ggydi--flfront33649.jpg,
baskauf/51706,baskauf_51706.jpg,Gymnocladus dioicus,Kentucky coffeetree,Fabaceae,flower,inflorescence,frontal view of flower,010505,inflorescence / frontal view of flower,flower,ind-baskauf/24227,2006-05-03T16:40:31-05:00,Steven J. Baskauf,https://bioimages.vanderbilt.edu/baskauf/51706,https://bioimages.vanderbilt.edu/tn/baskauf/tgydi--flfront51706.jpg,https://bioimages.vanderbilt.edu/gq/baskauf/ggydi--flfront51706.jpg,
baskauf/33651,baskauf_33651.jpg,Gymnocladus dioicus,Kentucky coffeetree,Fabaceae,flower,inflorescence,lateral view of flower,010504,inflorescence / lateral view of flower,flower,ind-baskauf/24227,2004-05-04T17:45:48-05:00,Steven J. Baskauf,https://bioimages.vanderbilt.edu/baskauf/33651,https://bioimages.vanderbilt.edu/tn/baskauf/tgydi--flside33651.jpg,https://bioimages.vanderbilt.edu/gq/baskauf/ggydi--flside33651.jpg,
baskauf/51704,baskauf_51704.jpg,Gymnocladus dioicus,Kentucky coffeetree,Fabaceae,flower,inflorescence,lateral view of flower,010504,inflorescence / lateral view of flower,flower,ind-baskauf/24227,2006-05-03T16:40:04-05:00,Steven J. Baskauf,https://bioimages.vanderbilt.edu/baskauf/51704,https://bioimages.vanderbilt.edu/tn/baskauf/tgydi--flside51704.jpg,https://bioimages.vanderbilt.edu/gq/baskauf/ggydi--flside51704.jpg,
baskauf/33646,baskauf_33646.jpg,Gymnocladus dioicus,Kentucky coffeetree,Fabaceae,flower,inflorescence,whole - unspecified,010501,inflorescence / whole - unspecified,flower,ind-baskauf/24227,2004-05-04T17:44:43-05:00,Steven J. Baskauf,https://bioimages.vanderbilt.edu/baskauf/33646,https://bioimages.vanderbilt.edu/tn/baskauf/tgydi--flinflor33646.jpg,https://bioimages.vanderbilt.edu/gq/baskauf/ggydi--flinflor33646.jpg,unspecified view
baskauf/51686,baskauf_51686.jpg,Gymnocladus dioicus,Kentucky coffeetree,Fabaceae,flower,inflorescence,whole - unspecified,010501,inflorescence / whole - unspecified,flower,ind-baskauf/24227,2006-05-02T19:00:18-05:00,Steven J. Baskauf,https://bioimages.vanderbilt.edu/baskauf/51686,https://bioimages.vanderbilt.edu/tn/baskauf/tgydi--flinflor51686.jpg,https://bioimages.vanderbilt.edu/gq/baskauf/ggydi--flinflor51686.jpg,unspecified view
baskauf/24227,baskauf_24227.jpg,Gymnocladus dioicus,Kentucky coffeetree,Fabaceae,fruit,fruit,as borne on the plant,010601,fruit / as borne on the plant,fruit,ind-baskauf/24227,2003-05-13T11:47:44-05:00,Steven J. Baskauf,https://bioimages.vanderbilt.edu/baskauf/24227,https://bioimages.vanderbilt.edu/tn/baskauf/tgydi--frdevel24227.jpg,https://bioimages.vanderbilt.edu/gq/baskauf/ggydi--frdevel24227.jpg,
baskauf/24270,baskauf_24270.jpg,Gymnocladus dioicus,Kentucky coffeetree,Fabaceae,fruit,fruit,as borne on the plant,010601,fruit / as borne on the plant,fruit,ind-baskauf/24227,2003-05-13T12:00:39-05:00,Steven J. Baskauf,https://bioimages.vanderbilt.edu/baskauf/24270,https://bioimages.vanderbilt.edu/tn/baskauf/tgydi--wpin-fruit24270.jpg,https://bioimages.vanderbilt.edu/gq/baskauf/ggydi--wpin-fruit24270.jpg,
baskauf/51688,baskauf_51688.jpg,Gymnocladus dioicus,Kentucky coffeetree,Fabaceae,fruit,fruit,immature,010604,fruit / immature,fruit,ind-baskauf/24227,2006-05-02T19:00:50-05:00,Steven J. Baskauf,https://bioimages.vanderbilt.edu/baskauf/51688,https://bioimages.vanderbilt.edu/tn/baskauf/tgydi--fland-devel-fruit51688.jpg,https://bioimages.vanderbilt.edu/gq/baskauf/ggydi--fland-devel-fruit51688.jpg,
baskauf/51694,baskauf_51694.jpg,Gymnocladus dioicus,Kentucky coffeetree,Fabaceae,fruit,fruit,immature,010604,fruit / immature,fruit,ind-baskauf/24227,2006-05-02T21:49:47-05:00,Steven J. Baskauf,https://bioimages.vanderbilt.edu/baskauf/51694,https://bioimages.vanderbilt.edu/tn/baskauf/tgydi--frdevel51694.jpg,https://bioimages.vanderbilt.edu/gq/baskauf/ggydi--frdevel51694.jpg,
baskauf/51695,baskauf_51695.jpg,Gymnocladus dioicus,Kentucky coffeetree,Fabaceae,fruit,fruit,immature,010604,fruit / immature,fruit,ind-baskauf/24227,2006-05-02T21:50:02-05:00,Steven J. Baskauf,https://bioimages.vanderbilt.edu/baskauf/51695,https://bioimages.vanderbilt.edu/tn/baskauf/tgydi--frdevel51695.jpg,https://bioimages.vanderbilt.edu/gq/baskauf/ggydi--frdevel51695.jpg,
baskauf/24254,baskauf_24254.jpg,Gymnocladus dioicus,Kentucky coffeetree,Fabaceae,fruit,fruit,lateral or general close-up,010602,fruit / lateral or general close-up,fruit,ind-baskauf/24227,2003-05-13T11:56:07-05:00,Steven J. Baskauf,https://bioimages.vanderbilt.edu/baskauf/24254,https://bioimages.vanderbilt.edu/tn/baskauf/tgydi--fr24254.jpg,https://bioimages.vanderbilt.edu/gq/baskauf/ggydi--fr24254.jpg,
baskauf/24261,baskauf_24261.jpg,Gymnocladus dioicus,Kentucky coffeetree,Fabaceae,fruit,fruit,section or open,010603,fruit / section or open,fruit,ind-baskauf/24227,2003-05-13T11:57:35-05:00,Steven J. Baskauf,https://bioimages.vanderbilt.edu/baskauf/24261,https://bioimages.vanderbilt.edu/tn/baskauf/tgydi--frseeds24261.jpg,https://bioimages.vanderbilt.edu/gq/baskauf/ggydi--frseeds24261.jpg,
baskauf/24265,baskauf_24265.jpg,Gymnocladus dioicus,Kentucky coffeetree,Fabaceae,seed,seed,general view,010701,seed / general view,seed,ind-baskauf/24227,2003-05-13T11:58:37-05:00,Steven J. Baskauf,https://bioimages.vanderbilt.edu/baskauf/24265,https://bioimages.vanderbilt.edu/tn/baskauf/tgydi--frseed24265.jpg,https://bioimages.vanderbilt.edu/gq/baskauf/ggydi--frseed24265.jpg,
baskauf/24849,baskauf_24849.jpg,Gymnocladus dioicus,Kentucky coffeetree,Fabaceae,seed,seed,general view,010701,seed / general view,seed,ind-baskauf/24227,2003-05-19T09:27:28-05:00,Steven J. Baskauf,https://bioimages.vanderbilt.edu/baskauf/24849,https://bioimages.vanderbilt.edu/tn/baskauf/tgydi--frseed24849.jpg,https://bioimages.vanderbilt.edu/gq/baskauf/ggydi--frseed24849.jpg,
baskauf/55738,baskauf_55738.jpg,Hamamelis virginiana,American witchhazel,Hamamelidaceae,whole plant,whole tree (or vine),general,010101,whole tree (or vine) / general,whole-tree,vanderbilt/6-163,2006-10-10T11:40:03-05:00,Steven J. Baskauf,https://bioimages.vanderbilt.edu/baskauf/55738,https://bioimages.vanderbilt.edu/tn/baskauf/thavi4-wp55738.jpg,https://bioimages.vanderbilt.edu/gq/baskauf/ghavi4-wp55738.jpg,
baskauf/55755,baskauf_55755.jpg,Hamamelis virginiana,American witchhazel,Hamamelidaceae,bark,bark,of a medium tree or large branch,010202,bark / of a medium tree or large branch,bark,vanderbilt/6-163,2006-10-10T11:45:26-05:00,Steven J. Baskauf,https://bioimages.vanderbilt.edu/baskauf/55755,https://bioimages.vanderbilt.edu/tn/baskauf/thavi4-br55755.jpg,https://bioimages.vanderbilt.edu/gq/baskauf/ghavi4-br55755.jpg,
baskauf/55757,baskauf_55757.jpg,Hamamelis virginiana,American witchhazel,Hamamelidaceae,bark,bark,of a small tree or small branch,010203,bark / of a small tree or small branch,bark,vanderbilt/6-163,2006-10-10T11:46:09-05:00,Steven J. Baskauf,https://bioimages.vanderbilt.edu/baskauf/55757,https://bioimages.vanderbilt.edu/tn/baskauf/thavi4-brsmall55757.jpg,https://bioimages.vanderbilt.edu/gq/baskauf/ghavi4-brsmall55757.jpg,
baskauf/55748,baskauf_55748.jpg,Hamamelis virginiana,American witchhazel,Hamamelidaceae,twig,twig,orientation of petioles,010301,twig / orientation of petioles,twig,vanderbilt/6-163,2006-10-10T11:43:26-05:00,Steven J. Baskauf,https://bioimages.vanderbilt.edu/baskauf/55748,https://bioimages.vanderbilt.edu/tn/baskauf/thavi4-tw55748.jpg,https://bioimages.vanderbilt.edu/gq/baskauf/ghavi4-tw55748.jpg,
baskauf/55745,baskauf_55745.jpg,Hamamelis virginiana,American witchhazel,Hamamelidaceae,leaf,leaf,margin of upper + lower surface,010402,leaf / margin of upper + lower surface,leaf,vanderbilt/6-163,2006-10-10T11:42:23-05:00,Steven J. Baskauf,https://bioimages.vanderbilt.edu/baskauf/55745,https://bioimages.vanderbilt.edu/tn/baskauf/thavi4-lfmargin-uplow55745.jpg,https://bioimages.vanderbilt.edu/gq/baskauf/ghavi4-lfmargin-uplow55745.jpg,
baskauf/15504,baskauf_15504.jpg,Hamamelis virginiana,American witchhazel,Hamamelidaceae,leaf,leaf,showing orientation on twig,010403,leaf / showing orientation on twig,leaf,ind-baskauf/15503,2002-09-15T15:00:22-05:00,Steven J. Baskauf,https://bioimages.vanderbilt.edu/baskauf/15504,https://bioimages.vanderbilt.edu/tn/baskauf/thavi4-lfseveral15504.jpg,https://bioimages.vanderbilt.edu/gq/baskauf/ghavi4-lfseveral15504.jpg,
baskauf/55752,baskauf_55752.jpg,Hamamelis virginiana,American witchhazel,Hamamelidaceae,leaf,leaf,showing orientation on twig,010403,leaf / showing orientation on twig,leaf,vanderbilt/6-163,2006-10-10T11:44:20-05:00,Steven J. Baskauf,https://bioimages.vanderbilt.edu/baskauf/55752,https://bioimages.vanderbilt.edu/tn/baskauf/thavi4-lfseveral55752.jpg,https://bioimages.vanderbilt.edu/gq/baskauf/ghavi4-lfseveral55752.jpg,
baskauf/55799,baskauf_55799.jpg,Hamamelis virginiana,American witchhazel,Hamamelidaceae,leaf,leaf,showing orientation on twig,010403,leaf / showing orientation on twig,leaf,vanderbilt/6-163,2006-10-12T11:12:43-05:00,Steven J. Baskauf,https://bioimages.vanderbilt.edu/baskauf/55799,https://bioimages.vanderbilt.edu/tn/baskauf/thavi4-lfseveral55799.jpg,https://bioimages.vanderbilt.edu/gq/baskauf/ghavi4-lfseveral55799.jpg,
baskauf/55800,baskauf_55800.jpg,Hamamelis virginiana,American witchhazel,Hamamelidaceae,leaf,leaf,showing orientation on twig,010403,leaf / showing orientation on twig,leaf,vanderbilt/6-163,2006-10-12T11:13:09-05:00,Steven J. Baskauf,https://bioimages.vanderbilt.edu/baskauf/55800,https://bioimages.vanderbilt.edu/tn/baskauf/thavi4-lfseveral55800.jpg,https://bioimages.vanderbilt.edu/gq/baskauf/ghavi4-lfseveral55800.jpg,
baskauf/55741,baskauf_55741.jpg,Hamamelis virginiana,American witchhazel,Hamamelidaceae,leaf,leaf,whole upper surface,010401,leaf / whole upper surface,leaf,vanderbilt/6-163,2006-10-10T11:41:26-05:00,Steven J. Baskauf,https://bioimages.vanderbilt.edu/baskauf/55741,https://bioimages.vanderbilt.edu/tn/baskauf/thavi4-lf55741.jpg,https://bioimages.vanderbilt.edu/gq/baskauf/ghavi4-lf55741.jpg,
baskauf/55763,baskauf_55763.jpg,Hamamelis virginiana,American witchhazel,Hamamelidaceae,flower,inflorescence,frontal view of flower,010505,inflorescence / frontal view of flower,flower,vanderbilt/6-163,2006-10-10T11:47:52-05:00,Steven J. Baskauf,https://bioimages.vanderbilt.edu/baskauf/55763,https://bioimages.vanderbilt.edu/tn/baskauf/thavi4-flfront55763.jpg,https://bioimages.vanderbilt.edu/gq/baskauf/ghavi4-flfront55763.jpg,
baskauf/55770,baskauf_55770.jpg,Hamamelis virginiana,American witchhazel,Hamamelidaceae,flower,inflorescence,frontal view of flower,010505,inflorescence / frontal view of flower,flower,vanderbilt/6-163,2006-10-10T11:49:31-05:00,Steven J. Baskauf,https://bioimages.vanderbilt.edu/baskauf/55770,https://bioimages.vanderbilt.edu/tn/baskauf/thavi4-flfront55770.jpg,https://bioimages.vanderbilt.edu/gq/baskauf/ghavi4-flfront55770.jpg,
baskauf/55760,baskauf_55760.jpg,Hamamelis virginiana,American witchhazel,Hamamelidaceae,flower,inflorescence,lateral view of flower,010504,inflorescence / lateral view of flower,flower,vanderbilt/6-163,2006-10-10T11:47:06-05:00,Steven J. Baskauf,https://bioimages.vanderbilt.edu/baskauf/55760,https://bioimages.vanderbilt.edu/tn/baskauf/thavi4-flside55760.jpg,https://bioimages.vanderbilt.edu/gq/baskauf/ghavi4-flside55760.jpg,
baskauf/55764,baskauf_55764.jpg,Hamamelis virginiana,American witchhazel,Hamamelidaceae,flower,inflorescence,lateral view of flower,010504,inflorescence / lateral view of flower,flower,vanderbilt/6-163,2006-10-10T11:48:02-05:00,Steven J. Baskauf,https://bioimages.vanderbilt.edu/baskauf/55764,https://bioimages.vanderbilt.edu/tn/baskauf/thavi4-flside55764.jpg,https://bioimages.vanderbilt.edu/gq/baskauf/ghavi4-flside55764.jpg,
baskauf/55774,baskauf_55774.jpg,Hamamelis virginiana,American witchhazel,Hamamelidaceae,flower,inflorescence,lateral view of flower,010504,inflorescence / lateral view of flower,flower,vanderbilt/6-163,2006-10-10T11:50:04-05:00,Steven J. Baskauf,https://bioimages.vanderbilt.edu/baskauf/55774,https://bioimages.vanderbilt.edu/tn/baskauf/thavi4-flside55774.jpg,https://bioimages.vanderbilt.edu/gq/baskauf/ghavi4-flside55774.jpg,
baskauf/55769,baskauf_55769.jpg,Hamamelis virginiana,American witchhazel,Hamamelidaceae,flower,inflorescence,whole - unspecified,010501,inflorescence / whole - unspecified,flower,vanderbilt/6-163,2006-10-10T11:49:15-05:00,Steven J. Baskauf,https://bioimages.vanderbilt.edu/baskauf/55769,https://bioimages.vanderbilt.edu/tn/baskauf/thavi4-flinflor55769.jpg,https://bioimages.vanderbilt.edu/gq/baskauf/ghavi4-flinflor55769.jpg,unspecified view
baskauf/15503,baskauf_15503.jpg,Hamamelis virginiana,American witchhazel,Hamamelidaceae,fruit,fruit,lateral or general close-up,010602,fruit / lateral or general close-up,fruit,ind-baskauf/15503,2002-09-15T15:00:04-05:00,Steven J. Baskauf,https://bioimages.vanderbilt.edu/baskauf/15503,https://bioimages.vanderbilt.edu/tn/baskauf/thavi4-fr15503.jpg,https://bioimages.vanderbilt.edu/gq/baskauf/ghavi4-fr15503.jpg,
baskauf/35364,baskauf_35364.jpg,Ilex verticillata,common winterberry,Aquifoliaceae,whole plant,whole tree (or vine),general,010101,whole tree (or vine) / general,whole-tree,ind-baskauf/35363,2004-06-07T09:36:30-04:00,Steven J. Baskauf,https://bioimages.vanderbilt.edu/baskauf/35364,https://bioimages.vanderbilt.edu/tn/baskauf/tilve--wpmale35364.jpg,https://bioimages.vanderbilt.edu/gq/baskauf/gilve--wpmale35364.jpg,
baskauf/30763,baskauf_30763.jpg,Ilex verticillata,common winterberry,Aquifoliaceae,whole plant,whole tree (or vine),winter,010102,whole tree (or vine) / winter,whole-tree,ind-baskauf/30762,2004-01-02T14:36:18-05:00,Steven J. Baskauf,https://bioimages.vanderbilt.edu/baskauf/30763,https://bioimages.vanderbilt.edu/tn/baskauf/tilve--wpwinter30763.jpg,https://bioimages.vanderbilt.edu/gq/baskauf/gilve--wpwinter30763.jpg,
baskauf/30773,baskauf_30773.jpg,Ilex verticillata,common winterberry,Aquifoliaceae,bark,bark,of a small tree or small branch,010203,bark / of a small tree or small branch,bark,ind-baskauf/30762,2004-01-02T14:38:52-05:00,Steven J. Baskauf,https://bioimages.vanderbilt.edu/baskauf/30773,https://bioimages.vanderbilt.edu/tn/baskauf/tilve--br30773.jpg,https://bioimages.vanderbilt.edu/gq/baskauf/gilve--br30773.jpg,
baskauf/35372,baskauf_35372.jpg,Ilex verticillata,common winterberry,Aquifoliaceae,twig,twig,orientation of petioles,010301,twig / orientation of petioles,twig,ind-baskauf/35363,2004-06-07T09:38:42-04:00,Steven J. Baskauf,https://bioimages.vanderbilt.edu/baskauf/35372,https://bioimages.vanderbilt.edu/tn/baskauf/tilve--twmale-buds35372.jpg,https://bioimages.vanderbilt.edu/gq/baskauf/gilve--twmale-buds35372.jpg,
baskauf/35376,baskauf_35376.jpg,Ilex verticillata,common winterberry,Aquifoliaceae,twig,twig,orientation of petioles,010301,twig / orientation of petioles,twig,ind-baskauf/35374,2004-06-07T09:39:19-04:00,Steven J. Baskauf,https://bioimages.vanderbilt.edu/baskauf/35376,https://bioimages.vanderbilt.edu/tn/baskauf/tilve--twfemale-buds35376.jpg,https://bioimages.vanderbilt.edu/gq/baskauf/gilve--twfemale-buds35376.jpg,
baskauf/58502,baskauf_58502.jpg,Ilex verticillata,common winterberry,Aquifoliaceae,twig,twig,orientation of petioles,010301,twig / orientation of petioles,twig,ind-baskauf/58500,2007-05-31T15:00:17-04:00,Steven J. Baskauf,https://bioimages.vanderbilt.edu/baskauf/58502,https://bioimages.vanderbilt.edu/tn/baskauf/tilve--tw58502.jpg,https://bioimages.vanderbilt.edu/gq/baskauf/gilve--tw58502.jpg,
baskauf/58504,baskauf_58504.jpg,Ilex verticillata,common winterberry,Aquifoliaceae,twig,twig,orientation of petioles,010301,twig / orientation of petioles,twig,ind-baskauf/58500,2007-05-31T15:00:41-04:00,Steven J. Baskauf,https://bioimages.vanderbilt.edu/baskauf/58504,https://bioimages.vanderbilt.edu/tn/baskauf/tilve--tw58504.jpg,https://bioimages.vanderbilt.edu/gq/baskauf/gilve--tw58504.jpg,
baskauf/30771,baskauf_30771.jpg,Ilex verticillata,common winterberry,Aquifoliaceae,twig,twig,winter overall,010302,twig / winter overall,twig,ind-baskauf/30762,2004-01-02T14:38:27-05:00,Steven J. Baskauf,https://bioimages.vanderbilt.edu/baskauf/30771,https://bioimages.vanderbilt.edu/tn/baskauf/tilve--tw30771.jpg,https://bioimages.vanderbilt.edu/gq/baskauf/gilve--tw30771.jpg,
baskauf/58501,baskauf_58501.jpg,Ilex verticillata,common winterberry,Aquifoliaceae,leaf,leaf,margin of upper + lower surface,010402,leaf / margin of upper + lower surface,leaf,ind-baskauf/58500,2007-05-31T14:59:50-04:00,Steven J. Baskauf,https://bioimages.vanderbilt.edu/baskauf/58501,https://bioimages.vanderbilt.edu/tn/baskauf/tilve--lfmargin-uplow58501.jpg,https://bioimages.vanderbilt.edu/gq/baskauf/gilve--lfmargin-uplow58501.jpg,
baskauf/58506,baskauf_58506.jpg,Ilex verticillata,common winterberry,Aquifoliaceae,leaf,leaf,margin of upper + lower surface,010402,leaf / margin of upper + lower surface,leaf,ind-baskauf/58500,2007-05-31T15:01:00-04:00,Steven J. Baskauf,https://bioimages.vanderbilt.edu/baskauf/58506,https://bioimages.vanderbilt.edu/tn/baskauf/tilve--lfmargin-uplow58506.jpg,https://bioimages.vanderbilt.edu/gq/baskauf/gilve--lfmargin-uplow58506.jpg,
baskauf/35368,baskauf_35368.jpg,Ilex verticillata,common winterberry,Aquifoliaceae,leaf,leaf,showing orientation on twig,010403,leaf / showing orientation on twig,leaf,ind-baskauf/35363,2004-06-07T09:37:15-04:00,Steven J. Baskauf,https://bioimages.vanderbilt.edu/baskauf/35368,https://bioimages.vanderbilt.edu/tn/baskauf/tilve--lfseveral35368.jpg,https://bioimages.vanderbilt.edu/gq/baskauf/gilve--lfseveral35368.jpg,
baskauf/35369,baskauf_35369.jpg,Ilex verticillata,common winterberry,Aquifoliaceae,leaf,leaf,whole upper surface,010401,leaf / whole upper surface,leaf,ind-baskauf/35363,2004-06-07T09:38:03-04:00,Steven J. Baskauf,https://bioimages.vanderbilt.edu/baskauf/35369,https://bioimages.vanderbilt.edu/tn/baskauf/tilve--lf35369.jpg,https://bioimages.vanderbilt.edu/gq/baskauf/gilve--lf35369.jpg,
baskauf/35633,baskauf_35633.jpg,Ilex verticillata,common winterberry,Aquifoliaceae,flower,inflorescence,frontal view of flower,010505,inflorescence / frontal view of flower,flower,ind-baskauf/35627,2004-06-16T18:47:54-04:00,Steven J. Baskauf,https://bioimages.vanderbilt.edu/baskauf/35633,https://bioimages.vanderbilt.edu/tn/baskauf/tilve--flmale35633.jpg,https://bioimages.vanderbilt.edu/gq/baskauf/gilve--flmale35633.jpg,
baskauf/35635,baskauf_35635.jpg,Ilex verticillata,common winterberry,Aquifoliaceae,flower,inflorescence,frontal view of flower,010505,inflorescence / frontal view of flower,flower,ind-baskauf/35634,2004-06-16T18:48:38-04:00,Steven J. Baskauf,https://bioimages.vanderbilt.edu/baskauf/35635,https://bioimages.vanderbilt.edu/tn/baskauf/tilve--flfemale35635.jpg,https://bioimages.vanderbilt.edu/gq/baskauf/gilve--flfemale35635.jpg,
baskauf/35627,baskauf_35627.jpg,Ilex verticillata,common winterberry,Aquifoliaceae,flower,inflorescence,whole - male,010503,inflorescence / whole - male,flower,ind-baskauf/35627,2004-06-16T18:46:37-04:00,Steven J. Baskauf,https://bioimages.vanderbilt.edu/baskauf/35627,https://bioimages.vanderbilt.edu/tn/baskauf/tilve--flmale-several35627.jpg,https://bioimages.vanderbilt.edu/gq/baskauf/gilve--flmale-several35627.jpg,
kaufmannm/mk466,kaufmannm_mk466.jpg,Ilex verticillata,common winterberry,Aquifoliaceae,fruit,fruit,as borne on the plant,010601,fruit / as borne on the plant,fruit,ind-kaufmannm/mk466,1995,Maurice J. Kaufmann,https://bioimages.vanderbilt.edu/kaufmannm/mk466,https://bioimages.vanderbilt.edu/tn/kaufmannm/tilve--frmk466.jpg,https://bioimages.vanderbilt.edu/gq/kaufmannm/gilve--frmk466.jpg,
baskauf/30769,baskauf_30769.jpg,Ilex verticillata,common winterberry,Aquifoliaceae,fruit,fruit,lateral or general close-up,010602,fruit / lateral or general close-up,fruit,ind-baskauf/30762,2004-01-02T14:37:28-05:00,Steven J. Baskauf,https://bioimages.vanderbilt.edu/baskauf/30769,https://bioimages.vanderbilt.edu/tn/baskauf/tilve--fr30769.jpg,https://bioimages.vanderbilt.edu/gq/baskauf/gilve--fr30769.jpg,
baskauf/16500,baskauf_16500.jpg,Juglans cinerea,butternut,Juglandaceae,whole plant,whole tree (or vine),general,010101,whole tree (or vine) / general,whole-tree,ind-baskauf/70791,2002-10-18T10:32:31-05:00,Steven J. Baskauf,https://bioimages.vanderbilt.edu/baskauf/16500,https://bioimages.vanderbilt.edu/tn/baskauf/tjuci--wptrunk16500.jpg,https://bioimages.vanderbilt.edu/gq/baskauf/gjuci--wptrunk16500.jpg,
baskauf/70791,baskauf_70791.jpg,Juglans cinerea,butternut,Juglandaceae,whole plant,whole tree (or vine),general,010101,whole tree (or vine) / general,whole-tree,ind-baskauf/70791,2008-10-05T14:57:05-05:00,Steven J. Baskauf,https://bioimages.vanderbilt.edu/baskauf/70791,https://bioimages.vanderbilt.edu/tn/baskauf/t70791.jpg,https://bioimages.vanderbilt.edu/gq/baskauf/g70791.jpg,
baskauf/11815,baskauf_11815.jpg,Juglans cinerea,butternut,Juglandaceae,whole plant,whole tree (or vine),view up trunk,010103,whole tree (or vine) / view up trunk,whole-tree,ind-baskauf/11812,2002-06-06T10:04:22-05:00,Steven J. Baskauf,https://bioimages.vanderbilt.edu/baskauf/11815,https://bioimages.vanderbilt.edu/tn/baskauf/tjuci--wplookup-med11815.jpg,https://bioimages.vanderbilt.edu/gq/baskauf/gjuci--wplookup-med11815.jpg,
baskauf/16498,baskauf_16498.jpg,Juglans cinerea,butternut,Juglandaceae,whole plant,whole tree (or vine),view up trunk,010103,whole tree (or vine) / view up trunk,whole-tree,ind-baskauf/70791,2002-10-18T10:31:45-05:00,Steven J. Baskauf,https://bioimages.vanderbilt.edu/baskauf/16498,https://bioimages.vanderbilt.edu/tn/baskauf/tjuci--wp16498.jpg,https://bioimages.vanderbilt.edu/gq/baskauf/gjuci--wp16498.jpg,
baskauf/16506,baskauf_16506.jpg,Juglans cinerea,butternut,Juglandaceae,whole plant,whole tree (or vine),view up trunk,010103,whole tree (or vine) / view up trunk,whole-tree,ind-baskauf/16502,2002-10-18T10:47:26-05:00,Steven J. Baskauf,https://bioimages.vanderbilt.edu/baskauf/16506,https://bioimages.vanderbilt.edu/tn/baskauf/tjuci--wplookup16506.jpg,https://bioimages.vanderbilt.edu/gq/baskauf/gjuci--wplookup16506.jpg,
baskauf/50556,baskauf_50556.jpg,Juglans cinerea,butternut,Juglandaceae,whole plant,whole tree (or vine),view up trunk,010103,whole tree (or vine) / view up trunk,whole-tree,ind-baskauf/16502,2006-03-10T23:55:51-06:00,Steven J. Baskauf,https://bioimages.vanderbilt.edu/baskauf/50556,https://bioimages.vanderbilt.edu/tn/baskauf/tjuci--wpwinter-lookup50556.jpg,https://bioimages.vanderbilt.edu/gq/baskauf/gjuci--wpwinter-lookup50556.jpg,
baskauf/50554,baskauf_50554.jpg,Juglans cinerea,butternut,Juglandaceae,whole plant,whole tree (or vine),winter,010102,whole tree (or vine) / winter,whole-tree,ind-baskauf/70791,2006-03-10T23:46:27-06:00,Steven J. Baskauf,https://bioimages.vanderbilt.edu/baskauf/50554,https://bioimages.vanderbilt.edu/tn/baskauf/tjuci--wpwinter50554.jpg,https://bioimages.vanderbilt.edu/gq/baskauf/gjuci--wpwinter50554.jpg,
baskauf/16502,baskauf_16502.jpg,Juglans cinerea,butternut,Juglandaceae,bark,bark,of a large tree,010201,bark / of a large tree,bark,ind-baskauf/16502,2002-10-18T10:46:57-05:00,Steven J. Baskauf,https://bioimages.vanderbilt.edu/baskauf/16502,https://bioimages.vanderbilt.edu/tn/baskauf/tjuci--brlarge16502.jpg,https://bioimages.vanderbilt.edu/gq/baskauf/gjuci--brlarge16502.jpg,
baskauf/11812,baskauf_11812.jpg,Juglans cinerea,butternut,Juglandaceae,bark,bark,of a medium tree or large branch,010202,bark / of a medium tree or large branch,bark,ind-baskauf/11812,2002-06-06T10:03:13-05:00,Steven J. Baskauf,https://bioimages.vanderbilt.edu/baskauf/11812,https://bioimages.vanderbilt.edu/tn/baskauf/tjuci--brmed-close11812.jpg,https://bioimages.vanderbilt.edu/gq/baskauf/gjuci--brmed-close11812.jpg,
baskauf/11813,baskauf_11813.jpg,Juglans cinerea,butternut,Juglandaceae,bark,bark,of a medium tree or large branch,010202,bark / of a medium tree or large branch,bark,ind-baskauf/11812,2002-06-06T10:03:42-05:00,Steven J. Baskauf,https://bioimages.vanderbilt.edu/baskauf/11813,https://bioimages.vanderbilt.edu/tn/baskauf/tjuci--brmedium11813.jpg,https://bioimages.vanderbilt.edu/gq/baskauf/gjuci--brmedium11813.jpg,
baskauf/11843,baskauf_11843.jpg,Juglans cinerea,butternut,Juglandaceae,twig,twig,close-up winter leaf scar/bud,010303,twig / close-up winter leaf scar/bud,twig,ind-baskauf/11839,2002-06-06T10:38:11-05:00,Steven J. Baskauf,https://bioimages.vanderbilt.edu/baskauf/11843,https://bioimages.vanderbilt.edu/tn/baskauf/tjuci--twleaf-scar11843.jpg,https://bioimages.vanderbilt.edu/gq/baskauf/gjuci--twleaf-scar11843.jpg,
baskauf/55876,baskauf_55876.jpg,Juglans cinerea,butternut,Juglandaceae,twig,twig,close-up winter leaf scar/bud,010303,twig / close-up winter leaf scar/bud,twig,ind-baskauf/70791,2006-10-18T04:29:24-05:00,Steven J. Baskauf,https://bioimages.vanderbilt.edu/baskauf/55876,https://bioimages.vanderbilt.edu/tn/baskauf/tjuci--twleaf-scar55876.jpg,https://bioimages.vanderbilt.edu/gq/baskauf/gjuci--twleaf-scar55876.jpg,
baskauf/55877,baskauf_55877.jpg,Juglans cinerea,butternut,Juglandaceae,twig,twig,close-up winter leaf scar/bud,010303,twig / close-up winter leaf scar/bud,twig,ind-baskauf/70791,2006-10-18T04:29:42-05:00,Steven J. Baskauf,https://bioimages.vanderbilt.edu/baskauf/55877,https://bioimages.vanderbilt.edu/tn/baskauf/tjuci--twleaf-scar55877.jpg,https://bioimages.vanderbilt.edu/gq/baskauf/gjuci--twleaf-scar55877.jpg,
baskauf/11840,baskauf_11840.jpg,Juglans cinerea,butternut,Juglandaceae,twig,twig,orientation of petioles,010301,twig / orientation of petioles,twig,ind-baskauf/11839,2002-06-06T10:36:52-05:00,Steven J. Baskauf,https://bioimages.vanderbilt.edu/baskauf/11840,https://bioimages.vanderbilt.edu/tn/baskauf/tjuci--tw11840.jpg,https://bioimages.vanderbilt.edu/gq/baskauf/gjuci--tw11840.jpg,
baskauf/55869,baskauf_55869.jpg,Juglans cinerea,butternut,Juglandaceae,twig,twig,unspecified,010300,twig / unspecified,twig,ind-baskauf/70791,2006-10-18T04:27:43-05:00,Steven J. Baskauf,https://bioimages.vanderbilt.edu/baskauf/55869,https://bioimages.vanderbilt.edu/tn/baskauf/tjuci--twchambered-pith55869.jpg,https://bioimages.vanderbilt.edu/gq/baskauf/gjuci--twchambered-pith55869.jpg,unspecified view
baskauf/55872,baskauf_55872.jpg,Juglans cinerea,butternut,Juglandaceae,twig,twig,unspecified,010300,twig / unspecified,twig,ind-baskauf/70791,2006-10-18T04:28:37-05:00,Steven J. Baskauf,https://bioimages.vanderbilt.edu/baskauf/55872,https://bioimages.vanderbilt.edu/tn/baskauf/tjuci--twchambered-pith55872.jpg,https://bioimages.vanderbilt.edu/gq/baskauf/gjuci--twchambered-pith55872.jpg,unspecified view
baskauf/11839,baskauf_11839.jpg,Juglans cinerea,butternut,Juglandaceae,leaf,leaf,whole upper surface,010401,leaf / whole upper surface,leaf,ind-baskauf/11839,2002-06-06T10:36:27-05:00,Steven J. Baskauf,https://bioimages.vanderbilt.edu/baskauf/11839,https://bioimages.vanderbilt.edu/tn/baskauf/tjuci--lf11839.jpg,https://bioimages.vanderbilt.edu/gq/baskauf/gjuci--lf11839.jpg,
baskauf/70795,baskauf_70795.jpg,Juglans cinerea,butternut,Juglandaceae,fruit,fruit,lateral or general close-up,010602,fruit / lateral or general close-up,fruit,ind-baskauf/70791,2008-10-05T15:00:30-05:00,Steven J. Baskauf,https://bioimages.vanderbilt.edu/baskauf/70795,https://bioimages.vanderbilt.edu/tn/baskauf/t70795.jpg,https://bioimages.vanderbilt.edu/gq/baskauf/g70795.jpg,
baskauf/70799,baskauf_70799.jpg,Juglans cinerea,butternut,Juglandaceae,fruit,fruit,lateral or general close-up,010602,fruit / lateral or general close-up,fruit,ind-baskauf/70791,2008-10-05T15:01:16-05:00,Steven J. Baskauf,https://bioimages.vanderbilt.edu/baskauf/70799,https://bioimages.vanderbilt.edu/tn/baskauf/t70799.jpg,https://bioimages.vanderbilt.edu/gq/baskauf/g70799.jpg,
baskauf/70807,baskauf_70807.jpg,Juglans cinerea,butternut,Juglandaceae,fruit,fruit,lateral or general close-up,010602,fruit / lateral or general close-up,fruit,ind-baskauf/70791,2008-10-05T15:04:17-05:00,Steven J. Baskauf,https://bioimages.vanderbilt.edu/baskauf/70807,https://bioimages.vanderbilt.edu/tn/baskauf/t70807.jpg,https://bioimages.vanderbilt.edu/gq/baskauf/g70807.jpg,
baskauf/70808,baskauf_70808.jpg,Juglans cinerea,butternut,Juglandaceae,fruit,fruit,lateral or general close-up,010602,fruit / lateral or general close-up,fruit,ind-baskauf/70791,2008-10-05T15:04:21-05:00,Steven J. Baskauf,https://bioimages.vanderbilt.edu/baskauf/70808,https://bioimages.vanderbilt.edu/tn/baskauf/t70808.jpg,https://bioimages.vanderbilt.edu/gq/baskauf/g70808.jpg,
baskauf/70867,baskauf_70867.jpg,Juglans cinerea,butternut,Juglandaceae,fruit,fruit,lateral or general close-up,010602,fruit / lateral or general close-up,fruit,ind-baskauf/70791,2008-10-17T05:33:55-05:00,Steven J. Baskauf,https://bioimages.vanderbilt.edu/baskauf/70867,https://bioimages.vanderbilt.edu/tn/baskauf/t70867.jpg,https://bioimages.vanderbilt.edu/gq/baskauf/g70867.jpg,
baskauf/70803,baskauf_70803.jpg,Juglans cinerea,butternut,Juglandaceae,fruit,fruit,section or open,010603,fruit / section or open,fruit,ind-baskauf/70791,2008-10-05T15:03:34-05:00,Steven J. Baskauf,https://bioimages.vanderbilt.edu/baskauf/70803,https://bioimages.vanderbilt.edu/tn/baskauf/t70803.jpg,https://bioimages.vanderbilt.edu/gq/baskauf/g70803.jpg,
baskauf/70804,baskauf_70804.jpg,Juglans cinerea,butternut,Juglandaceae,fruit,fruit,section or open,010603,fruit / section or open,fruit,ind-baskauf/70791,2008-10-05T15:03:48-05:00,Steven J. Baskauf,https://bioimages.vanderbilt.edu/baskauf/70804,https://bioimages.vanderbilt.edu/tn/baskauf/t70804.jpg,https://bioimages.vanderbilt.edu/gq/baskauf/g70804.jpg,
baskauf/70869,baskauf_70869.jpg,Juglans cinerea,butternut,Juglandaceae,fruit,fruit,section or open,010603,fruit / section or open,fruit,ind-baskauf/70791,2008-10-17T05:38:58-05:00,Steven J. Baskauf,https://bioimages.vanderbilt.edu/baskauf/70869,https://bioimages.vanderbilt.edu/tn/baskauf/t70869.jpg,https://bioimages.vanderbilt.edu/gq/baskauf/g70869.jpg,
baskauf/70870,baskauf_70870.jpg,Juglans cinerea,butternut,Juglandaceae,fruit,fruit,section or open,010603,fruit / section or open,fruit,ind-baskauf/70791,2008-10-17T05:39:12-05:00,Steven J. Baskauf,https://bioimages.vanderbilt.edu/baskauf/70870,https://bioimages.vanderbilt.edu/tn/baskauf/t70870.jpg,https://bioimages.vanderbilt.edu/gq/baskauf/g70870.jpg,
baskauf/70792,baskauf_70792.jpg,Juglans cinerea,butternut,Juglandaceae,fruit,fruit,unspecified,010600,fruit / unspecified,fruit,ind-baskauf/70791,2008-10-05T14:58:41-05:00,Steven J. Baskauf,https://bioimages.vanderbilt.edu/baskauf/70792,https://bioimages.vanderbilt.edu/tn/baskauf/t70792.jpg,https://bioimages.vanderbilt.edu/gq/baskauf/g70792.jpg,unspecified view
baskauf/16509,baskauf_16509.jpg,Juglans cinerea,butternut,Juglandaceae,seed,seed,general view,010701,seed / general view,seed,ind-baskauf/16502,2002-10-18T10:50:37-05:00,Steven J. Baskauf,https://bioimages.vanderbilt.edu/baskauf/16509,https://bioimages.vanderbilt.edu/tn/baskauf/tjuci--frnut16509.jpg,https://bioimages.vanderbilt.edu/gq/baskauf/gjuci--frnut16509.jpg,
baskauf/70872,baskauf_70872.jpg,Juglans cinerea,butternut,Juglandaceae,seed,seed,general view,010701,seed / general view,seed,ind-baskauf/70791,2008-10-17T07:04:18-05:00,Steven J. Baskauf,https://bioimages.vanderbilt.edu/baskauf/70872,https://bioimages.vanderbilt.edu/tn/baskauf/t70872.jpg,https://bioimages.vanderbilt.edu/gq/baskauf/g70872.jpg,
baskauf/70873,baskauf_70873.jpg,Juglans cinerea,butternut,Juglandaceae,seed,seed,general view,010701,seed / general view,seed,ind-baskauf/70791,2008-10-17T07:04:34-05:00,Steven J. Baskauf,https://bioimages.vanderbilt.edu/baskauf/70873,https://bioimages.vanderbilt.edu/tn/baskauf/t70873.jpg,https://bioimages.vanderbilt.edu/gq/baskauf/g70873.jpg,
baskauf/70874,baskauf_70874.jpg,Juglans cinerea,butternut,Juglandaceae,seed,seed,general view,010701,seed / general view,seed,ind-baskauf/70791,2008-10-17T07:04:53-05:00,Steven J. Baskauf,https://bioimages.vanderbilt.edu/baskauf/70874,https://bioimages.vanderbilt.edu/tn/baskauf/t70874.jpg,https://bioimages.vanderbilt.edu/gq/baskauf/g70874.jpg,
baskauf/70875,baskauf_70875.jpg,Juglans cinerea,butternut,Juglandaceae,seed,seed,general view,010701,seed / general view,seed,ind-baskauf/70791,2008-10-17T07:05:38-05:00,Steven J. Baskauf,https://bioimages.vanderbilt.edu/baskauf/70875,https://bioimages.vanderbilt.edu/tn/baskauf/t70875.jpg,https://bioimages.vanderbilt.edu/gq/baskauf/g70875.jpg,
baskauf/70876,baskauf_70876.jpg,Juglans cinerea,butternut,Juglandaceae,seed,seed,general view,010701,seed / general view,seed,ind-baskauf/70791,2008-10-17T07:05:46-05:00,Steven J. Baskauf,https://bioimages.vanderbilt.edu/baskauf/70876,https://bioimages.vanderbilt.edu/tn/baskauf/t70876.jpg,https://bioimages.vanderbilt.edu/gq/baskauf/g70876.jpg,
baskauf/11111,baskauf_11111.jpg,Juglans nigra,black walnut,Juglandaceae,whole plant,whole tree (or vine),general,010101,whole tree (or vine) / general,whole-tree,ind-baskauf/11111,2002-05-20T15:58:21-05:00,Steven J. Baskauf,https://bioimages.vanderbilt.edu/baskauf/11111,https://bioimages.vanderbilt.edu/tn/baskauf/tjuni--wplarge11111.jpg,https://bioimages.vanderbilt.edu/gq/baskauf/gjuni--wplarge11111.jpg,
baskauf/90750,baskauf_90750.jpg,Juglans nigra,black walnut,Juglandaceae,whole plant,whole tree (or vine),general,010101,whole tree (or vine) / general,whole-tree,vanderbilt/11-221,2014-08-27T08:38:00-05:00,Steven J. Baskauf,https://bioimages.vanderbilt.edu/baskauf/90750,https://bioimages.vanderbilt.edu/tn/baskauf/t90750.jpg,https://bioimages.vanderbilt.edu/gq/baskauf/g90750.jpg,
baskauf/90752,baskauf_90752.jpg,Juglans nigra,black walnut,Juglandaceae,whole plant,whole tree (or vine),general,010101,whole tree (or vine) / general,whole-tree,vanderbilt/11-221,2014-08-27T08:38:31-05:00,Steven J. Baskauf,https://bioimages.vanderbilt.edu/baskauf/90752,https://bioimages.vanderbilt.edu/tn/baskauf/t90752.jpg,https://bioimages.vanderbilt.edu/gq/baskauf/g90752.jpg,
baskauf/90936,baskauf_90936.jpg,Juglans nigra,black walnut,Juglandaceae,whole plant,whole tree (or vine),general,010101,whole tree (or vine) / general,whole-tree,vanderbilt/6-85,2014-09-03T16:22:54-05:00,Steven J. Baskauf,https://bioimages.vanderbilt.edu/baskauf/90936,https://bioimages.vanderbilt.edu/tn/baskauf/t90936.jpg,https://bioimages.vanderbilt.edu/gq/baskauf/g90936.jpg,
baskauf/90955,baskauf_90955.jpg,Juglans nigra,black walnut,Juglandaceae,whole plant,whole tree (or vine),general,010101,whole tree (or vine) / general,whole-tree,vanderbilt/7-88,2014-09-03T16:33:02-05:00,Steven J. Baskauf,https://bioimages.vanderbilt.edu/baskauf/90955,https://bioimages.vanderbilt.edu/tn/baskauf/t90955.jpg,https://bioimages.vanderbilt.edu/gq/baskauf/g90955.jpg,
baskauf/91101,baskauf_91101.jpg,Juglans nigra,black walnut,Juglandaceae,whole plant,whole tree (or vine),general,010101,whole tree (or vine) / general,whole-tree,vanderbilt/15-120,2014-09-11T16:55:11-05:00,Steven J. Baskauf,https://bioimages.vanderbilt.edu/baskauf/91101,https://bioimages.vanderbilt.edu/tn/baskauf/t91101.jpg,https://bioimages.vanderbilt.edu/gq/baskauf/g91101.jpg,
baskauf/91127,baskauf_91127.jpg,Juglans nigra,black walnut,Juglandaceae,whole plant,whole tree (or vine),general,010101,whole tree (or vine) / general,whole-tree,vanderbilt/12-123,2014-09-11T17:19:27-05:00,Steven J. Baskauf,https://bioimages.vanderbilt.edu/baskauf/91127,https://bioimages.vanderbilt.edu/tn/baskauf/t91127.jpg,https://bioimages.vanderbilt.edu/gq/baskauf/g91127.jpg,
baskauf/11335,baskauf_11335.jpg,Juglans nigra,black walnut,Juglandaceae,whole plant,whole tree (or vine),view up trunk,010103,whole tree (or vine) / view up trunk,whole-tree,ind-baskauf/11335,2002-05-25T16:12:38-05:00,Steven J. Baskauf,https://bioimages.vanderbilt.edu/baskauf/11335,https://bioimages.vanderbilt.edu/tn/baskauf/tjuni--wpin-woods11335.jpg,https://bioimages.vanderbilt.edu/gq/baskauf/gjuni--wpin-woods11335.jpg,
baskauf/89356,baskauf_89356.jpg,Juglans nigra,black walnut,Juglandaceae,whole plant,whole tree (or vine),winter,010102,whole tree (or vine) / winter,whole-tree,vanderbilt/6-85,2013-12-11T13:28:48-06:00,Steven J. Baskauf,https://bioimages.vanderbilt.edu/baskauf/89356,https://bioimages.vanderbilt.edu/tn/baskauf/t89356.jpg,https://bioimages.vanderbilt.edu/gq/baskauf/g89356.jpg,
baskauf/89370,baskauf_89370.jpg,Juglans nigra,black walnut,Juglandaceae,whole plant,whole tree (or vine),winter,010102,whole tree (or vine) / winter,whole-tree,vanderbilt/7-88,2013-12-11T13:37:56-06:00,Steven J. Baskauf,https://bioimages.vanderbilt.edu/baskauf/89370,https://bioimages.vanderbilt.edu/tn/baskauf/t89370.jpg,https://bioimages.vanderbilt.edu/gq/baskauf/g89370.jpg,
baskauf/10685,baskauf_10685.jpg,Juglans nigra,black walnut,Juglandaceae,bark,bark,of a large tree,010201,bark / of a large tree,bark,vanderbilt/11-402,2002-04-22T12:00:36-05:00,Steven J. Baskauf,https://bioimages.vanderbilt.edu/baskauf/10685,https://bioimages.vanderbilt.edu/tn/baskauf/tjuni--brlarge-tree10685.jpg,https://bioimages.vanderbilt.edu/gq/baskauf/gjuni--brlarge-tree10685.jpg,
baskauf/15203,baskauf_15203.jpg,Juglans nigra,black walnut,Juglandaceae,twig,twig,close-up winter leaf scar/bud,010303,twig / close-up winter leaf scar/bud,twig,vanderbilt/7-88,2002-09-09T09:02:38-05:00,Steven J. Baskauf,https://bioimages.vanderbilt.edu/baskauf/15203,https://bioimages.vanderbilt.edu/tn/baskauf/tjuni--twleaf-scar15203.jpg,https://bioimages.vanderbilt.edu/gq/baskauf/gjuni--twleaf-scar15203.jpg,
baskauf/39164,baskauf_39164.jpg,Juglans nigra,black walnut,Juglandaceae,twig,twig,close-up winter leaf scar/bud,010303,twig / close-up winter leaf scar/bud,twig,vanderbilt/7-88,2005-04-08T13:56:13-05:00,Steven J. Baskauf,https://bioimages.vanderbilt.edu/baskauf/39164,https://bioimages.vanderbilt.edu/tn/baskauf/tjuni--twalternate-buds39164.jpg,https://bioimages.vanderbilt.edu/gq/baskauf/gjuni--twalternate-buds39164.jpg,
baskauf/15200,baskauf_15200.jpg,Juglans nigra,black walnut,Juglandaceae,twig,twig,orientation of petioles,010301,twig / orientation of petioles,twig,vanderbilt/7-88,2002-09-09T09:01:58-05:00,Steven J. Baskauf,https://bioimages.vanderbilt.edu/baskauf/15200,https://bioimages.vanderbilt.edu/tn/baskauf/tjuni--tw15200.jpg,https://bioimages.vanderbilt.edu/gq/baskauf/gjuni--tw15200.jpg,
baskauf/15205,baskauf_15205.jpg,Juglans nigra,black walnut,Juglandaceae,twig,twig,unspecified,010300,twig / unspecified,twig,vanderbilt/7-88,2002-09-09T09:04:56-05:00,Steven J. Baskauf,https://bioimages.vanderbilt.edu/baskauf/15205,https://bioimages.vanderbilt.edu/tn/baskauf/tjuni--twchamber-pith15205.jpg,https://bioimages.vanderbilt.edu/gq/baskauf/gjuni--twchamber-pith15205.jpg,unspecified view
baskauf/15207,baskauf_15207.jpg,Juglans nigra,black walnut,Juglandaceae,twig,twig,unspecified,010300,twig / unspecified,twig,vanderbilt/7-88,2002-09-09T09:05:16-05:00,Steven J. Baskauf,https://bioimages.vanderbilt.edu/baskauf/15207,https://bioimages.vanderbilt.edu/tn/baskauf/tjuni--twchamber-pith15207.jpg,https://bioimages.vanderbilt.edu/gq/baskauf/gjuni--twchamber-pith15207.jpg,unspecified view
baskauf/29699,baskauf_29699.jpg,Juglans nigra,black walnut,Juglandaceae,twig,twig,unspecified,010300,twig / unspecified,twig,vanderbilt/6-85,2003-09-30T09:18:32-05:00,Steven J. Baskauf,https://bioimages.vanderbilt.edu/baskauf/29699,https://bioimages.vanderbilt.edu/tn/baskauf/tjuni--twwood-xsec29699.jpg,https://bioimages.vanderbilt.edu/gq/baskauf/gjuni--twwood-xsec29699.jpg,unspecified view
baskauf/39154,baskauf_39154.jpg,Juglans nigra,black walnut,Juglandaceae,twig,twig,unspecified,010300,twig / unspecified,twig,vanderbilt/7-88,2005-04-08T13:52:03-05:00,Steven J. Baskauf,https://bioimages.vanderbilt.edu/baskauf/39154,https://bioimages.vanderbilt.edu/tn/baskauf/tjuni--twchambered39154.jpg,https://bioimages.vanderbilt.edu/gq/baskauf/gjuni--twchambered39154.jpg,unspecified view
baskauf/15946,baskauf_15946.jpg,Juglans nigra,black walnut,Juglandaceae,leaf,leaf,margin of upper + lower surface,010402,leaf / margin of upper + lower surface,leaf,vanderbilt/11-402,2002-09-24T12:41:04-05:00,Steven J. Baskauf,https://bioimages.vanderbilt.edu/baskauf/15946,https://bioimages.vanderbilt.edu/tn/baskauf/tjuni--lfmargin-uplow15946.jpg,https://bioimages.vanderbilt.edu/gq/baskauf/gjuni--lfmargin-uplow15946.jpg,
baskauf/43252,baskauf_43252.jpg,Juglans nigra,black walnut,Juglandaceae,leaf,leaf,margin of upper + lower surface,010402,leaf / margin of upper + lower surface,leaf,vanderbilt/7-88,2005-09-08T07:58:04-05:00,Steven J. Baskauf,https://bioimages.vanderbilt.edu/baskauf/43252,https://bioimages.vanderbilt.edu/tn/baskauf/tjuni--lfmargin-uplow43252.jpg,https://bioimages.vanderbilt.edu/gq/baskauf/gjuni--lfmargin-uplow43252.jpg,
baskauf/11188,baskauf_11188.jpg,Juglans nigra,black walnut,Juglandaceae,leaf,leaf,showing orientation on twig,010403,leaf / showing orientation on twig,leaf,vanderbilt/11-402,2002-05-22T16:07:40-05:00,Steven J. Baskauf,https://bioimages.vanderbilt.edu/baskauf/11188,https://bioimages.vanderbilt.edu/tn/baskauf/tjuni--lfseveral11188.jpg,https://bioimages.vanderbilt.edu/gq/baskauf/gjuni--lfseveral11188.jpg,
baskauf/15197,baskauf_15197.jpg,Juglans nigra,black walnut,Juglandaceae,leaf,leaf,unspecified,010400,leaf / unspecified,leaf,vanderbilt/7-88,2002-09-09T09:01:15-05:00,Steven J. Baskauf,https://bioimages.vanderbilt.edu/baskauf/15197,https://bioimages.vanderbilt.edu/tn/baskauf/tjuni--lfno-terminal15197.jpg,https://bioimages.vanderbilt.edu/gq/baskauf/gjuni--lfno-terminal15197.jpg,unspecified view
baskauf/15199,baskauf_15199.jpg,Juglans nigra,black walnut,Juglandaceae,leaf,leaf,unspecified,010400,leaf / unspecified,leaf,vanderbilt/7-88,2002-09-09T09:01:44-05:00,Steven J. Baskauf,https://bioimages.vanderbilt.edu/baskauf/15199,https://bioimages.vanderbilt.edu/tn/baskauf/tjuni--lf-no-gland15199.jpg,https://bioimages.vanderbilt.edu/gq/baskauf/gjuni--lf-no-gland15199.jpg,unspecified view
baskauf/11187,baskauf_11187.jpg,Juglans nigra,black walnut,Juglandaceae,leaf,leaf,whole upper surface,010401,leaf / whole upper surface,leaf,vanderbilt/11-402,2002-05-22T09:44:19-05:00,Steven J. Baskauf,https://bioimages.vanderbilt.edu/baskauf/11187,https://bioimages.vanderbilt.edu/tn/baskauf/tjuni--lf11187.jpg,https://bioimages.vanderbilt.edu/gq/baskauf/gjuni--lf11187.jpg,
baskauf/43251,baskauf_43251.jpg,Juglans nigra,black walnut,Juglandaceae,leaf,leaf,whole upper surface,010401,leaf / whole upper surface,leaf,vanderbilt/7-88,2005-09-08T07:57:03-05:00,Steven J. Baskauf,https://bioimages.vanderbilt.edu/baskauf/43251,https://bioimages.vanderbilt.edu/tn/baskauf/tjuni--lf43251.jpg,https://bioimages.vanderbilt.edu/gq/baskauf/gjuni--lf43251.jpg,
baskauf/10673,baskauf_10673.jpg,Juglans nigra,black walnut,Juglandaceae,flower,inflorescence,whole - male,010503,inflorescence / whole - male,flower,vanderbilt/6-85,2002-04-22T10:27:05-05:00,Steven J. Baskauf,https://bioimages.vanderbilt.edu/baskauf/10673,https://bioimages.vanderbilt.edu/tn/baskauf/tjuni--flmale-catkins10673.jpg,https://bioimages.vanderbilt.edu/gq/baskauf/gjuni--flmale-catkins10673.jpg,
baskauf/10683,baskauf_10683.jpg,Juglans nigra,black walnut,Juglandaceae,flower,inflorescence,whole - male,010503,inflorescence / whole - male,flower,vanderbilt/11-402,2002-04-22T11:59:26-05:00,Steven J. Baskauf,https://bioimages.vanderbilt.edu/baskauf/10683,https://bioimages.vanderbilt.edu/tn/baskauf/tjuni--flfemale10683.jpg,https://bioimages.vanderbilt.edu/gq/baskauf/gjuni--flfemale10683.jpg,
baskauf/23025,baskauf_23025.jpg,Juglans nigra,black walnut,Juglandaceae,flower,inflorescence,whole - male,010503,inflorescence / whole - male,flower,ind-baskauf/23021,2003-05-01T12:46:09-05:00,Steven J. Baskauf,https://bioimages.vanderbilt.edu/baskauf/23025,https://bioimages.vanderbilt.edu/tn/baskauf/tjuni--flmale23025.jpg,https://bioimages.vanderbilt.edu/gq/baskauf/gjuni--flmale23025.jpg,
baskauf/10674,baskauf_10674.jpg,Juglans nigra,black walnut,Juglandaceae,flower,inflorescence,whole - unspecified,010501,inflorescence / whole - unspecified,flower,vanderbilt/6-85,2002-04-22T10:27:52-05:00,Steven J. Baskauf,https://bioimages.vanderbilt.edu/baskauf/10674,https://bioimages.vanderbilt.edu/tn/baskauf/tjuni--flin-flower10674.jpg,https://bioimages.vanderbilt.edu/gq/baskauf/gjuni--flin-flower10674.jpg,unspecified view
baskauf/10688,baskauf_10688.jpg,Juglans nigra,black walnut,Juglandaceae,flower,inflorescence,whole - unspecified,010501,inflorescence / whole - unspecified,flower,vanderbilt/11-402,2002-04-22T12:05:44-05:00,Steven J. Baskauf,https://bioimages.vanderbilt.edu/baskauf/10688,https://bioimages.vanderbilt.edu/tn/baskauf/tjuni--flmale-female10688.jpg,https://bioimages.vanderbilt.edu/gq/baskauf/gjuni--flmale-female10688.jpg,unspecified view
baskauf/23022,baskauf_23022.jpg,Juglans nigra,black walnut,Juglandaceae,flower,inflorescence,whole - unspecified,010501,inflorescence / whole - unspecified,flower,ind-baskauf/23021,2003-05-01T12:45:29-05:00,Steven J. Baskauf,https://bioimages.vanderbilt.edu/baskauf/23022,https://bioimages.vanderbilt.edu/tn/baskauf/tjuni--fl23022.jpg,https://bioimages.vanderbilt.edu/gq/baskauf/gjuni--fl23022.jpg,unspecified view
baskauf/15935,baskauf_15935.jpg,Juglans nigra,black walnut,Juglandaceae,fruit,fruit,as borne on the plant,010601,fruit / as borne on the plant,fruit,vanderbilt/11-402,2002-09-24T12:33:52-05:00,Steven J. Baskauf,https://bioimages.vanderbilt.edu/baskauf/15935,https://bioimages.vanderbilt.edu/tn/baskauf/tjuni--frin-fruit15935.jpg,https://bioimages.vanderbilt.edu/gq/baskauf/gjuni--frin-fruit15935.jpg,
baskauf/11973,baskauf_11973.jpg,Juglans nigra,black walnut,Juglandaceae,fruit,fruit,immature,010604,fruit / immature,fruit,ind-baskauf/11973,2002-06-08T11:23:20-05:00,Steven J. Baskauf,https://bioimages.vanderbilt.edu/baskauf/11973,https://bioimages.vanderbilt.edu/tn/baskauf/tjuni--frdevel11973.jpg,https://bioimages.vanderbilt.edu/gq/baskauf/gjuni--frdevel11973.jpg,
baskauf/15938,baskauf_15938.jpg,Juglans nigra,black walnut,Juglandaceae,fruit,fruit,lateral or general close-up,010602,fruit / lateral or general close-up,fruit,vanderbilt/11-402,2002-09-24T12:37:15-05:00,Steven J. Baskauf,https://bioimages.vanderbilt.edu/baskauf/15938,https://bioimages.vanderbilt.edu/tn/baskauf/tjuni--fr15938.jpg,https://bioimages.vanderbilt.edu/gq/baskauf/gjuni--fr15938.jpg,
baskauf/15942,baskauf_15942.jpg,Juglans nigra,black walnut,Juglandaceae,seed,seed,general view,010701,seed / general view,seed,vanderbilt/11-402,2002-09-24T12:39:12-05:00,Steven J. Baskauf,https://bioimages.vanderbilt.edu/baskauf/15942,https://bioimages.vanderbilt.edu/tn/baskauf/tjuni--frnut15942.jpg,https://bioimages.vanderbilt.edu/gq/baskauf/gjuni--frnut15942.jpg,
kaufmannm/ke178,kaufmannm_ke178.jpg,Juniperus communis,common juniper,Cupressaceae,whole plant,whole tree,general,030101,whole tree / general,whole-tree,ind-kaufmannm/ke178,1976,Maurice J. Kaufmann,https://bioimages.vanderbilt.edu/kaufmannm/ke178,https://bioimages.vanderbilt.edu/tn/kaufmannm/tjuco6-wp-mke178.jpg,https://bioimages.vanderbilt.edu/gq/kaufmannm/gjuco6-wp-mke178.jpg,
baskauf/10332,baskauf_10332.jpg,Juniperus virginiana,eastern redcedar,Cupressaceae,whole plant,whole tree,general,030101,whole tree / general,whole-tree,ind-baskauf/10332,2002-02-23T13:24:49-06:00,Steven J. Baskauf,https://bioimages.vanderbilt.edu/baskauf/10332,https://bioimages.vanderbilt.edu/tn/baskauf/tjuvi--wpin-rock10332.jpg,https://bioimages.vanderbilt.edu/gq/baskauf/gjuvi--wpin-rock10332.jpg,
baskauf/10333,baskauf_10333.jpg,Juniperus virginiana,eastern redcedar,Cupressaceae,whole plant,whole tree,general,030101,whole tree / general,whole-tree,ind-baskauf/10333,2002-02-23T13:26:20-06:00,Steven J. Baskauf,https://bioimages.vanderbilt.edu/baskauf/10333,https://bioimages.vanderbilt.edu/tn/baskauf/tjuvi--wpshallow-soil10333.jpg,https://bioimages.vanderbilt.edu/gq/baskauf/gjuvi--wpshallow-soil10333.jpg,
baskauf/11522,baskauf_11522.jpg,Juniperus virginiana,eastern redcedar,Cupressaceae,whole plant,whole tree,general,030101,whole tree / general,whole-tree,ind-baskauf/11522,2002-05-31T08:14:21-04:00,Steven J. Baskauf,https://bioimages.vanderbilt.edu/baskauf/11522,https://bioimages.vanderbilt.edu/tn/baskauf/tjuvi--wplarge11522.jpg,https://bioimages.vanderbilt.edu/gq/baskauf/gjuvi--wplarge11522.jpg,
baskauf/50586,baskauf_50586.jpg,Juniperus virginiana,eastern redcedar,Cupressaceae,whole plant,whole tree,general,030101,whole tree / general,whole-tree,ind-baskauf/50583,2006-03-12T13:57:36-06:00,Steven J. Baskauf,https://bioimages.vanderbilt.edu/baskauf/50586,https://bioimages.vanderbilt.edu/tn/baskauf/tjuvi--wpfemale-male50586.jpg,https://bioimages.vanderbilt.edu/gq/baskauf/gjuvi--wpfemale-male50586.jpg,
baskauf/89384,baskauf_89384.jpg,Juniperus virginiana,eastern redcedar,Cupressaceae,whole plant,whole tree (or vine),winter,010102,whole tree (or vine) / winter,whole-tree,vanderbilt/7-307,2013-12-11T13:46:16-06:00,Steven J. Baskauf,https://bioimages.vanderbilt.edu/baskauf/89384,https://bioimages.vanderbilt.edu/tn/baskauf/t89384.jpg,https://bioimages.vanderbilt.edu/gq/baskauf/g89384.jpg,
baskauf/11100,baskauf_11100.jpg,Juniperus virginiana,eastern redcedar,Cupressaceae,bark,bark,of a large tree,030201,bark / of a large tree,bark,ind-baskauf/11100,2002-05-16T09:03:33-05:00,Steven J. Baskauf,https://bioimages.vanderbilt.edu/baskauf/11100,https://bioimages.vanderbilt.edu/tn/baskauf/tjuvi--br11100.jpg,https://bioimages.vanderbilt.edu/gq/baskauf/gjuvi--br11100.jpg,
baskauf/11524,baskauf_11524.jpg,Juniperus virginiana,eastern redcedar,Cupressaceae,bark,bark,of a large tree,030201,bark / of a large tree,bark,ind-baskauf/11522,2002-05-31T08:21:15-04:00,Steven J. Baskauf,https://bioimages.vanderbilt.edu/baskauf/11524,https://bioimages.vanderbilt.edu/tn/baskauf/tjuvi--brlarge-tree11524.jpg,https://bioimages.vanderbilt.edu/gq/baskauf/gjuvi--brlarge-tree11524.jpg,
baskauf/11166,baskauf_11166.jpg,Juniperus virginiana,eastern redcedar,Cupressaceae,twig,twig,showing attachment of needles,030302,twig / showing attachment of needles,twig,ind-baskauf/11166,2002-05-21T18:35:35-05:00,Steven J. Baskauf,https://bioimages.vanderbilt.edu/baskauf/11166,https://bioimages.vanderbilt.edu/tn/baskauf/tjuvi--tw11166.jpg,https://bioimages.vanderbilt.edu/gq/baskauf/gjuvi--tw11166.jpg,
baskauf/11202,baskauf_11202.jpg,Juniperus virginiana,eastern redcedar,Cupressaceae,needle,leaf,showing orientation on twig,030402,leaf / showing orientation on twig,leaf,ind-baskauf/11202,2002-05-23T19:07:15-05:00,Steven J. Baskauf,https://bioimages.vanderbilt.edu/baskauf/11202,https://bioimages.vanderbilt.edu/tn/baskauf/tjuvi--lf11202.jpg,https://bioimages.vanderbilt.edu/gq/baskauf/gjuvi--lf11202.jpg,
baskauf/10791,baskauf_10791.jpg,Juniperus virginiana,eastern redcedar,Cupressaceae,cone,cone,female - closed,030503,cone / female - closed,cone,ind-baskauf/10791,2002-04-29T17:55:22-05:00,Steven J. Baskauf,https://bioimages.vanderbilt.edu/baskauf/10791,https://bioimages.vanderbilt.edu/tn/baskauf/tjuvi--cofemale10791.jpg,https://bioimages.vanderbilt.edu/gq/baskauf/gjuvi--cofemale10791.jpg,
baskauf/10793,baskauf_10793.jpg,Juniperus virginiana,eastern redcedar,Cupressaceae,cone,cone,female - closed,030503,cone / female - closed,cone,ind-baskauf/10791,2002-04-29T17:56:31-05:00,Steven J. Baskauf,https://bioimages.vanderbilt.edu/baskauf/10793,https://bioimages.vanderbilt.edu/tn/baskauf/tjuvi--cofemale10793.jpg,https://bioimages.vanderbilt.edu/gq/baskauf/gjuvi--cofemale10793.jpg,
baskauf/10794,baskauf_10794.jpg,Juniperus virginiana,eastern redcedar,Cupressaceae,cone,cone,female - closed,030503,cone / female - closed,cone,ind-baskauf/10791,2002-04-29T17:56:51-05:00,Steven J. Baskauf,https://bioimages.vanderbilt.edu/baskauf/10794,https://bioimages.vanderbilt.edu/tn/baskauf/tjuvi--cofemale10794.jpg,https://bioimages.vanderbilt.edu/gq/baskauf/gjuvi--cofemale10794.jpg,
baskauf/50707,baskauf_50707.jpg,Juniperus virginiana,eastern redcedar,Cupressaceae,cone,cone,female - closed,030503,cone / female - closed,cone,ind-baskauf/50704,2006-03-26T13:33:28-06:00,Steven J. Baskauf,https://bioimages.vanderbilt.edu/baskauf/50707,https://bioimages.vanderbilt.edu/tn/baskauf/tjuvi--cofemale50707.jpg,https://bioimages.vanderbilt.edu/gq/baskauf/gjuvi--cofemale50707.jpg,
baskauf/50709,baskauf_50709.jpg,Juniperus virginiana,eastern redcedar,Cupressaceae,cone,cone,female - closed,030503,cone / female - closed,cone,ind-baskauf/50704,2006-03-26T13:33:52-06:00,Steven J. Baskauf,https://bioimages.vanderbilt.edu/baskauf/50709,https://bioimages.vanderbilt.edu/tn/baskauf/tjuvi--cofemale50709.jpg,https://bioimages.vanderbilt.edu/gq/baskauf/gjuvi--cofemale50709.jpg,
baskauf/50587,baskauf_50587.jpg,Juniperus virginiana,eastern redcedar,Cupressaceae,cone,cone,male,030501,cone / male,cone,ind-baskauf/50583,2006-03-12T13:58:29-06:00,Steven J. Baskauf,https://bioimages.vanderbilt.edu/baskauf/50587,https://bioimages.vanderbilt.edu/tn/baskauf/tjuvi--comale-distant50587.jpg,https://bioimages.vanderbilt.edu/gq/baskauf/gjuvi--comale-distant50587.jpg,
baskauf/50588,baskauf_50588.jpg,Juniperus virginiana,eastern redcedar,Cupressaceae,cone,cone,male,030501,cone / male,cone,ind-baskauf/50583,2006-03-12T13:58:41-06:00,Steven J. Baskauf,https://bioimages.vanderbilt.edu/baskauf/50588,https://bioimages.vanderbilt.edu/tn/baskauf/tjuvi--comale-close50588.jpg,https://bioimages.vanderbilt.edu/gq/baskauf/gjuvi--comale-close50588.jpg,
baskauf/11086,baskauf_11086.jpg,Lindera benzoin,northern spicebush,Lauraceae,whole plant,whole tree (or vine),general,010101,whole tree (or vine) / general,whole-tree,ind-baskauf/11086,2002-05-16T11:55:43-05:00,Steven J. Baskauf,https://bioimages.vanderbilt.edu/baskauf/11086,https://bioimages.vanderbilt.edu/tn/baskauf/tlibe3-wpsmall11086.jpg,https://bioimages.vanderbilt.edu/gq/baskauf/glibe3-wpsmall11086.jpg,
baskauf/11691,baskauf_11691.jpg,Lindera benzoin,northern spicebush,Lauraceae,whole plant,whole tree (or vine),general,010101,whole tree (or vine) / general,whole-tree,ind-baskauf/11691,2002-06-02T07:08:29-04:00,Steven J. Baskauf,https://bioimages.vanderbilt.edu/baskauf/11691,https://bioimages.vanderbilt.edu/tn/baskauf/tlibe3-wpsmall11691.jpg,https://bioimages.vanderbilt.edu/gq/baskauf/glibe3-wpsmall11691.jpg,
baskauf/50467,baskauf_50467.jpg,Lindera benzoin,northern spicebush,Lauraceae,whole plant,whole tree (or vine),general,010101,whole tree (or vine) / general,whole-tree,ind-baskauf/50458,2006-03-08T02:30:48-06:00,Steven J. Baskauf,https://bioimages.vanderbilt.edu/baskauf/50467,https://bioimages.vanderbilt.edu/tn/baskauf/tlibe3-fldistant50467.jpg,https://bioimages.vanderbilt.edu/gq/baskauf/glibe3-fldistant50467.jpg,
baskauf/19080,baskauf_19080.jpg,Lindera benzoin,northern spicebush,Lauraceae,bark,bark,of a small tree or small branch,010203,bark / of a small tree or small branch,bark,ind-baskauf/19080,2003-04-02T11:16:27-06:00,Steven J. Baskauf,https://bioimages.vanderbilt.edu/baskauf/19080,https://bioimages.vanderbilt.edu/tn/baskauf/tlibe3-br19080.jpg,https://bioimages.vanderbilt.edu/gq/baskauf/glibe3-br19080.jpg,
baskauf/11696,baskauf_11696.jpg,Lindera benzoin,northern spicebush,Lauraceae,twig,twig,close-up winter leaf scar/bud,010303,twig / close-up winter leaf scar/bud,twig,ind-baskauf/11691,2002-06-02T07:17:15-04:00,Steven J. Baskauf,https://bioimages.vanderbilt.edu/baskauf/11696,https://bioimages.vanderbilt.edu/tn/baskauf/tlibe3-tw11696.jpg,https://bioimages.vanderbilt.edu/gq/baskauf/glibe3-tw11696.jpg,
baskauf/52747,baskauf_52747.jpg,Lindera benzoin,northern spicebush,Lauraceae,leaf,leaf,margin of upper + lower surface,010402,leaf / margin of upper + lower surface,leaf,ind-baskauf/52741,2006-06-12T08:43:09-05:00,Steven J. Baskauf,https://bioimages.vanderbilt.edu/baskauf/52747,https://bioimages.vanderbilt.edu/tn/baskauf/tlibe3-lfmargin-uplow52747.jpg,https://bioimages.vanderbilt.edu/gq/baskauf/glibe3-lfmargin-uplow52747.jpg,
baskauf/11019,baskauf_11019.jpg,Lindera benzoin,northern spicebush,Lauraceae,leaf,leaf,showing orientation on twig,010403,leaf / showing orientation on twig,leaf,ind-baskauf/11019,2002-05-16T09:53:36-05:00,Steven J. Baskauf,https://bioimages.vanderbilt.edu/baskauf/11019,https://bioimages.vanderbilt.edu/tn/baskauf/tlibe3-lfseveral11019.jpg,https://bioimages.vanderbilt.edu/gq/baskauf/glibe3-lfseveral11019.jpg,
baskauf/11699,baskauf_11699.jpg,Lindera benzoin,northern spicebush,Lauraceae,leaf,leaf,showing orientation on twig,010403,leaf / showing orientation on twig,leaf,ind-baskauf/11691,2002-06-02T07:24:17-04:00,Steven J. Baskauf,https://bioimages.vanderbilt.edu/baskauf/11699,https://bioimages.vanderbilt.edu/tn/baskauf/tlibe3-lfseveral11699.jpg,https://bioimages.vanderbilt.edu/gq/baskauf/glibe3-lfseveral11699.jpg,
baskauf/11695,baskauf_11695.jpg,Lindera benzoin,northern spicebush,Lauraceae,leaf,leaf,whole upper surface,010401,leaf / whole upper surface,leaf,ind-baskauf/11691,2002-06-02T07:14:37-04:00,Steven J. Baskauf,https://bioimages.vanderbilt.edu/baskauf/11695,https://bioimages.vanderbilt.edu/tn/baskauf/tlibe3-lf11695.jpg,https://bioimages.vanderbilt.edu/gq/baskauf/glibe3-lf11695.jpg,
baskauf/29705,baskauf_29705.jpg,Lindera benzoin,northern spicebush,Lauraceae,leaf,leaf,whole upper surface,010401,leaf / whole upper surface,leaf,ind-baskauf/29705,2003-10-01T09:49:00-05:00,Steven J. Baskauf,https://bioimages.vanderbilt.edu/baskauf/29705,https://bioimages.vanderbilt.edu/tn/baskauf/tlibe3-lf29705.jpg,https://bioimages.vanderbilt.edu/gq/baskauf/glibe3-lf29705.jpg,
baskauf/52744,baskauf_52744.jpg,Lindera benzoin,northern spicebush,Lauraceae,leaf,leaf,whole upper surface,010401,leaf / whole upper surface,leaf,ind-baskauf/52741,2006-06-12T08:42:09-05:00,Steven J. Baskauf,https://bioimages.vanderbilt.edu/baskauf/52744,https://bioimages.vanderbilt.edu/tn/baskauf/tlibe3-lf52744.jpg,https://bioimages.vanderbilt.edu/gq/baskauf/glibe3-lf52744.jpg,
baskauf/31464,baskauf_31464.jpg,Lindera benzoin,northern spicebush,Lauraceae,flower,inflorescence,lateral view of flower,010504,inflorescence / lateral view of flower,flower,ind-baskauf/31464,2004-03-22T09:46:58-06:00,Steven J. Baskauf,https://bioimages.vanderbilt.edu/baskauf/31464,https://bioimages.vanderbilt.edu/tn/baskauf/tlibe3-fl31464.jpg,https://bioimages.vanderbilt.edu/gq/baskauf/glibe3-fl31464.jpg,
baskauf/50462,baskauf_50462.jpg,Lindera benzoin,northern spicebush,Lauraceae,flower,inflorescence,lateral view of flower,010504,inflorescence / lateral view of flower,flower,ind-baskauf/50458,2006-03-08T02:29:29-06:00,Steven J. Baskauf,https://bioimages.vanderbilt.edu/baskauf/50462,https://bioimages.vanderbilt.edu/tn/baskauf/tlibe3-fl50462.jpg,https://bioimages.vanderbilt.edu/gq/baskauf/glibe3-fl50462.jpg,
baskauf/17771,baskauf_17771.jpg,Lindera benzoin,northern spicebush,Lauraceae,flower,inflorescence,whole - unspecified,010501,inflorescence / whole - unspecified,flower,ind-baskauf/17766,2003-03-21T10:22:11-06:00,Steven J. Baskauf,https://bioimages.vanderbilt.edu/baskauf/17771,https://bioimages.vanderbilt.edu/tn/baskauf/tlibe3-fl17771.jpg,https://bioimages.vanderbilt.edu/gq/baskauf/glibe3-fl17771.jpg,unspecified view
baskauf/50460,baskauf_50460.jpg,Lindera benzoin,northern spicebush,Lauraceae,flower,inflorescence,whole - unspecified,010501,inflorescence / whole - unspecified,flower,ind-baskauf/50458,2006-03-08T02:28:55-06:00,Steven J. Baskauf,https://bioimages.vanderbilt.edu/baskauf/50460,https://bioimages.vanderbilt.edu/tn/baskauf/tlibe3-flinflor50460.jpg,https://bioimages.vanderbilt.edu/gq/baskauf/glibe3-flinflor50460.jpg,unspecified view
baskauf/15729,baskauf_15729.jpg,Lindera benzoin,northern spicebush,Lauraceae,fruit,fruit,as borne on the plant,010601,fruit / as borne on the plant,fruit,ind-baskauf/15729,2002-09-21T11:30:47-05:00,Steven J. Baskauf,https://bioimages.vanderbilt.edu/baskauf/15729,https://bioimages.vanderbilt.edu/tn/baskauf/tlibe3-fr15729.jpg,https://bioimages.vanderbilt.edu/gq/baskauf/glibe3-fr15729.jpg,
baskauf/15117,baskauf_15117.jpg,Lindera benzoin,northern spicebush,Lauraceae,fruit,fruit,lateral or general close-up,010602,fruit / lateral or general close-up,fruit,ind-baskauf/15117,2002-09-07T16:41:27-04:00,Steven J. Baskauf,https://bioimages.vanderbilt.edu/baskauf/15117,https://bioimages.vanderbilt.edu/tn/baskauf/tlibe3-fr15117.jpg,https://bioimages.vanderbilt.edu/gq/baskauf/glibe3-fr15117.jpg,
baskauf/29816,baskauf_29816.jpg,Lindera benzoin,northern spicebush,Lauraceae,fruit,fruit,lateral or general close-up,010602,fruit / lateral or general close-up,fruit,ind-baskauf/29815,2003-10-04T13:58:04-05:00,Steven J. Baskauf,https://bioimages.vanderbilt.edu/baskauf/29816,https://bioimages.vanderbilt.edu/tn/baskauf/tlibe3-fr29816.jpg,https://bioimages.vanderbilt.edu/gq/baskauf/glibe3-fr29816.jpg,
baskauf/51741,baskauf_51741.jpg,Lonicera morrowii,Morrow's honeysuckle,Caprifoliaceae,whole plant,whole tree (or vine),general,010101,whole tree (or vine) / general,whole-tree,ind-baskauf/51729,2006-05-06T08:58:35-04:00,Steven J. Baskauf,https://bioimages.vanderbilt.edu/baskauf/51741,https://bioimages.vanderbilt.edu/tn/baskauf/tlomo2-wppink51741.jpg,https://bioimages.vanderbilt.edu/gq/baskauf/glomo2-wppink51741.jpg,
baskauf/51793,baskauf_51793.jpg,Lonicera morrowii,Morrow's honeysuckle,Caprifoliaceae,whole plant,whole tree (or vine),general,010101,whole tree (or vine) / general,whole-tree,ind-baskauf/51793,2006-05-07T08:49:48-04:00,Steven J. Baskauf,https://bioimages.vanderbilt.edu/baskauf/51793,https://bioimages.vanderbilt.edu/tn/baskauf/tlomo2-wpwhite51793.jpg,https://bioimages.vanderbilt.edu/gq/baskauf/glomo2-wpwhite51793.jpg,
baskauf/51797,baskauf_51797.jpg,Lonicera morrowii,Morrow's honeysuckle,Caprifoliaceae,whole plant,whole tree (or vine),general,010101,whole tree (or vine) / general,whole-tree,ind-baskauf/51793,2006-05-07T08:50:24-04:00,Steven J. Baskauf,https://bioimages.vanderbilt.edu/baskauf/51797,https://bioimages.vanderbilt.edu/tn/baskauf/tlomo2-wppink-and-white51797.jpg,https://bioimages.vanderbilt.edu/gq/baskauf/glomo2-wppink-and-white51797.jpg,
baskauf/54564,baskauf_54564.jpg,Lonicera morrowii,Morrow's honeysuckle,Caprifoliaceae,whole plant,whole tree (or vine),general,010101,whole tree (or vine) / general,whole-tree,ind-baskauf/54562,2006-07-28T13:54:12-04:00,Steven J. Baskauf,https://bioimages.vanderbilt.edu/baskauf/54564,https://bioimages.vanderbilt.edu/tn/baskauf/tlomo2-wpin-fruit54564.jpg,https://bioimages.vanderbilt.edu/gq/baskauf/glomo2-wpin-fruit54564.jpg,
baskauf/51738,baskauf_51738.jpg,Lonicera morrowii,Morrow's honeysuckle,Caprifoliaceae,bark,bark,of a small tree or small branch,010203,bark / of a small tree or small branch,bark,ind-baskauf/51729,2006-05-06T08:58:11-04:00,Steven J. Baskauf,https://bioimages.vanderbilt.edu/baskauf/51738,https://bioimages.vanderbilt.edu/tn/baskauf/tlomo2-br51738.jpg,https://bioimages.vanderbilt.edu/gq/baskauf/glomo2-br51738.jpg,
baskauf/51736,baskauf_51736.jpg,Lonicera morrowii,Morrow's honeysuckle,Caprifoliaceae,twig,twig,orientation of petioles,010301,twig / orientation of petioles,twig,ind-baskauf/51729,2006-05-06T08:57:49-04:00,Steven J. Baskauf,https://bioimages.vanderbilt.edu/baskauf/51736,https://bioimages.vanderbilt.edu/tn/baskauf/tlomo2-tw51736.jpg,https://bioimages.vanderbilt.edu/gq/baskauf/glomo2-tw51736.jpg,
baskauf/51734,baskauf_51734.jpg,Lonicera morrowii,Morrow's honeysuckle,Caprifoliaceae,leaf,leaf,whole upper surface,010401,leaf / whole upper surface,leaf,ind-baskauf/51729,2006-05-06T08:57:32-04:00,Steven J. Baskauf,https://bioimages.vanderbilt.edu/baskauf/51734,https://bioimages.vanderbilt.edu/tn/baskauf/tlomo2-lf51734.jpg,https://bioimages.vanderbilt.edu/gq/baskauf/glomo2-lf51734.jpg,
baskauf/51730,baskauf_51730.jpg,Lonicera morrowii,Morrow's honeysuckle,Caprifoliaceae,flower,inflorescence,frontal view of flower,010505,inflorescence / frontal view of flower,flower,ind-baskauf/51729,2006-05-06T08:55:17-04:00,Steven J. Baskauf,https://bioimages.vanderbilt.edu/baskauf/51730,https://bioimages.vanderbilt.edu/tn/baskauf/tlomo2-flpink51730.jpg,https://bioimages.vanderbilt.edu/gq/baskauf/glomo2-flpink51730.jpg,
baskauf/51804,baskauf_51804.jpg,Lonicera morrowii,Morrow's honeysuckle,Caprifoliaceae,flower,inflorescence,frontal view of flower,010505,inflorescence / frontal view of flower,flower,ind-baskauf/51793,2006-05-07T08:52:07-04:00,Steven J. Baskauf,https://bioimages.vanderbilt.edu/baskauf/51804,https://bioimages.vanderbilt.edu/tn/baskauf/tlomo2-flwhite-front51804.jpg,https://bioimages.vanderbilt.edu/gq/baskauf/glomo2-flwhite-front51804.jpg,
baskauf/51807,baskauf_51807.jpg,Lonicera morrowii,Morrow's honeysuckle,Caprifoliaceae,flower,inflorescence,lateral view of flower,010504,inflorescence / lateral view of flower,flower,ind-baskauf/51793,2006-05-07T08:52:44-04:00,Steven J. Baskauf,https://bioimages.vanderbilt.edu/baskauf/51807,https://bioimages.vanderbilt.edu/tn/baskauf/tlomo2-flwhite-side51807.jpg,https://bioimages.vanderbilt.edu/gq/baskauf/glomo2-flwhite-side51807.jpg,
baskauf/51808,baskauf_51808.jpg,Lonicera morrowii,Morrow's honeysuckle,Caprifoliaceae,flower,inflorescence,lateral view of flower,010504,inflorescence / lateral view of flower,flower,ind-baskauf/51793,2006-05-07T08:53:03-04:00,Steven J. Baskauf,https://bioimages.vanderbilt.edu/baskauf/51808,https://bioimages.vanderbilt.edu/tn/baskauf/tlomo2-flpink51808.jpg,https://bioimages.vanderbilt.edu/gq/baskauf/glomo2-flpink51808.jpg,
baskauf/51731,baskauf_51731.jpg,Lonicera morrowii,Morrow's honeysuckle,Caprifoliaceae,flower,inflorescence,whole - unspecified,010501,inflorescence / whole - unspecified,flower,ind-baskauf/51729,2006-05-06T08:55:31-04:00,Steven J. Baskauf,https://bioimages.vanderbilt.edu/baskauf/51731,https://bioimages.vanderbilt.edu/tn/baskauf/tlomo2-flinflor-pink51731.jpg,https://bioimages.vanderbilt.edu/gq/baskauf/glomo2-flinflor-pink51731.jpg,unspecified view
baskauf/51799,baskauf_51799.jpg,Lonicera morrowii,Morrow's honeysuckle,Caprifoliaceae,flower,inflorescence,whole - unspecified,010501,inflorescence / whole - unspecified,flower,ind-baskauf/51793,2006-05-07T08:50:58-04:00,Steven J. Baskauf,https://bioimages.vanderbilt.edu/baskauf/51799,https://bioimages.vanderbilt.edu/tn/baskauf/tlomo2-fldistant51799.jpg,https://bioimages.vanderbilt.edu/gq/baskauf/glomo2-fldistant51799.jpg,unspecified view
baskauf/54565,baskauf_54565.jpg,Lonicera morrowii,Morrow's honeysuckle,Caprifoliaceae,fruit,fruit,as borne on the plant,010601,fruit / as borne on the plant,fruit,ind-baskauf/54562,2006-07-28T13:54:41-04:00,Steven J. Baskauf,https://bioimages.vanderbilt.edu/baskauf/54565,https://bioimages.vanderbilt.edu/tn/baskauf/tlomo2-frdistant54565.jpg,https://bioimages.vanderbilt.edu/gq/baskauf/glomo2-frdistant54565.jpg,
baskauf/54568,baskauf_54568.jpg,Lonicera morrowii,Morrow's honeysuckle,Caprifoliaceae,fruit,fruit,lateral or general close-up,010602,fruit / lateral or general close-up,fruit,ind-baskauf/54562,2006-07-28T13:55:29-04:00,Steven J. Baskauf,https://bioimages.vanderbilt.edu/baskauf/54568,https://bioimages.vanderbilt.edu/tn/baskauf/tlomo2-frclose54568.jpg,https://bioimages.vanderbilt.edu/gq/baskauf/glomo2-frclose54568.jpg,
baskauf/12258,baskauf_12258.jpg,Magnolia acuminata,cucumber-tree,Magnoliaceae,whole plant,whole tree (or vine),general,010101,whole tree (or vine) / general,whole-tree,vanderbilt/12-206,2002-06-11T15:18:11-05:00,Steven J. Baskauf,https://bioimages.vanderbilt.edu/baskauf/12258,https://bioimages.vanderbilt.edu/tn/baskauf/tmaac--wplarge12258.jpg,https://bioimages.vanderbilt.edu/gq/baskauf/gmaac--wplarge12258.jpg,
baskauf/55485,baskauf_55485.jpg,Magnolia acuminata,cucumber-tree,Magnoliaceae,whole plant,whole tree (or vine),general,010101,whole tree (or vine) / general,whole-tree,vanderbilt/12-206,2006-09-05T06:54:19-05:00,Steven J. Baskauf,https://bioimages.vanderbilt.edu/baskauf/55485,https://bioimages.vanderbilt.edu/tn/baskauf/tmaac--wp55485.jpg,https://bioimages.vanderbilt.edu/gq/baskauf/gmaac--wp55485.jpg,
baskauf/91174,baskauf_91174.jpg,Magnolia acuminata,cucumber-tree,Magnoliaceae,whole plant,whole tree (or vine),general,010101,whole tree (or vine) / general,whole-tree,vanderbilt/1-185,2014-09-15T07:58:41-05:00,Steven J. Baskauf,https://bioimages.vanderbilt.edu/baskauf/91174,https://bioimages.vanderbilt.edu/tn/baskauf/t91174.jpg,https://bioimages.vanderbilt.edu/gq/baskauf/g91174.jpg,
baskauf/10977,baskauf_10977.jpg,Magnolia acuminata,cucumber-tree,Magnoliaceae,bark,bark,of a large tree,010201,bark / of a large tree,bark,vanderbilt/12-206,2002-05-14T14:17:10-05:00,Steven J. Baskauf,https://bioimages.vanderbilt.edu/baskauf/10977,https://bioimages.vanderbilt.edu/tn/baskauf/tmaac--br10977.jpg,https://bioimages.vanderbilt.edu/gq/baskauf/gmaac--br10977.jpg,
baskauf/55474,baskauf_55474.jpg,Magnolia acuminata,cucumber-tree,Magnoliaceae,bark,bark,of a large tree,010201,bark / of a large tree,bark,vanderbilt/12-206,2006-09-05T06:49:31-05:00,Steven J. Baskauf,https://bioimages.vanderbilt.edu/baskauf/55474,https://bioimages.vanderbilt.edu/tn/baskauf/tmaac--br55474.jpg,https://bioimages.vanderbilt.edu/gq/baskauf/gmaac--br55474.jpg,
baskauf/55475,baskauf_55475.jpg,Magnolia acuminata,cucumber-tree,Magnoliaceae,bark,bark,of a large tree,010201,bark / of a large tree,bark,vanderbilt/12-206,2006-09-05T06:49:54-05:00,Steven J. Baskauf,https://bioimages.vanderbilt.edu/baskauf/55475,https://bioimages.vanderbilt.edu/tn/baskauf/tmaac--br55475.jpg,https://bioimages.vanderbilt.edu/gq/baskauf/gmaac--br55475.jpg,
baskauf/15592,baskauf_15592.jpg,Magnolia acuminata,cucumber-tree,Magnoliaceae,twig,twig,orientation of petioles,010301,twig / orientation of petioles,twig,vanderbilt/12-206,2002-09-17T08:41:56-05:00,Steven J. Baskauf,https://bioimages.vanderbilt.edu/baskauf/15592,https://bioimages.vanderbilt.edu/tn/baskauf/tmaac--tw15592.jpg,https://bioimages.vanderbilt.edu/gq/baskauf/gmaac--tw15592.jpg,
baskauf/15597,baskauf_15597.jpg,Magnolia acuminata,cucumber-tree,Magnoliaceae,twig,twig,winter overall,010302,twig / winter overall,twig,vanderbilt/12-206,2002-09-17T08:43:57-05:00,Steven J. Baskauf,https://bioimages.vanderbilt.edu/baskauf/15597,https://bioimages.vanderbilt.edu/tn/baskauf/tmaac--twleaf-scar15597.jpg,https://bioimages.vanderbilt.edu/gq/baskauf/gmaac--twleaf-scar15597.jpg,
baskauf/52523,baskauf_52523.jpg,Magnolia acuminata,cucumber-tree,Magnoliaceae,leaf,leaf,margin of upper + lower surface,010402,leaf / margin of upper + lower surface,leaf,vanderbilt/12-206,2006-06-08T08:26:06-05:00,Steven J. Baskauf,https://bioimages.vanderbilt.edu/baskauf/52523,https://bioimages.vanderbilt.edu/tn/baskauf/tmaac--lfmargin-uplow52523.jpg,https://bioimages.vanderbilt.edu/gq/baskauf/gmaac--lfmargin-uplow52523.jpg,
baskauf/55500,baskauf_55500.jpg,Magnolia acuminata,cucumber-tree,Magnoliaceae,leaf,leaf,unspecified,010400,leaf / unspecified,leaf,vanderbilt/12-206,2006-09-05T07:02:08-05:00,Steven J. Baskauf,https://bioimages.vanderbilt.edu/baskauf/55500,https://bioimages.vanderbilt.edu/tn/baskauf/tmaac--lflower55500.jpg,https://bioimages.vanderbilt.edu/gq/baskauf/gmaac--lflower55500.jpg,unspecified view
baskauf/10975,baskauf_10975.jpg,Magnolia acuminata,cucumber-tree,Magnoliaceae,leaf,leaf,whole upper surface,010401,leaf / whole upper surface,leaf,vanderbilt/12-206,2002-05-14T14:16:04-05:00,Steven J. Baskauf,https://bioimages.vanderbilt.edu/baskauf/10975,https://bioimages.vanderbilt.edu/tn/baskauf/tmaac--lf10975.jpg,https://bioimages.vanderbilt.edu/gq/baskauf/gmaac--lf10975.jpg,
baskauf/55479,baskauf_55479.jpg,Magnolia acuminata,cucumber-tree,Magnoliaceae,leaf,leaf,whole upper surface,010401,leaf / whole upper surface,leaf,vanderbilt/12-206,2006-09-05T06:51:12-05:00,Steven J. Baskauf,https://bioimages.vanderbilt.edu/baskauf/55479,https://bioimages.vanderbilt.edu/tn/baskauf/tmaac--lf55479.jpg,https://bioimages.vanderbilt.edu/gq/baskauf/gmaac--lf55479.jpg,
baskauf/55492,baskauf_55492.jpg,Magnolia acuminata,cucumber-tree,Magnoliaceae,leaf,leaf,whole upper surface,010401,leaf / whole upper surface,leaf,vanderbilt/12-206,2006-09-05T06:58:34-05:00,Steven J. Baskauf,https://bioimages.vanderbilt.edu/baskauf/55492,https://bioimages.vanderbilt.edu/tn/baskauf/tmaac--lffall55492.jpg,https://bioimages.vanderbilt.edu/gq/baskauf/gmaac--lffall55492.jpg,
baskauf/55494,baskauf_55494.jpg,Magnolia acuminata,cucumber-tree,Magnoliaceae,leaf,leaf,whole upper surface,010401,leaf / whole upper surface,leaf,vanderbilt/12-206,2006-09-05T06:59:00-05:00,Steven J. Baskauf,https://bioimages.vanderbilt.edu/baskauf/55494,https://bioimages.vanderbilt.edu/tn/baskauf/tmaac--lffall55494.jpg,https://bioimages.vanderbilt.edu/gq/baskauf/gmaac--lffall55494.jpg,
baskauf/22032,baskauf_22032.jpg,Magnolia acuminata,cucumber-tree,Magnoliaceae,flower,inflorescence,close-up of flower interior,010507,inflorescence / close-up of flower interior,flower,vanderbilt/12-206,2003-04-23T13:24:44-05:00,Steven J. Baskauf,https://bioimages.vanderbilt.edu/baskauf/22032,https://bioimages.vanderbilt.edu/tn/baskauf/tmaac--flclose22032.jpg,https://bioimages.vanderbilt.edu/gq/baskauf/gmaac--flclose22032.jpg,
baskauf/22028,baskauf_22028.jpg,Magnolia acuminata,cucumber-tree,Magnoliaceae,flower,inflorescence,lateral view of flower,010504,inflorescence / lateral view of flower,flower,vanderbilt/12-206,2003-04-23T13:23:00-05:00,Steven J. Baskauf,https://bioimages.vanderbilt.edu/baskauf/22028,https://bioimages.vanderbilt.edu/tn/baskauf/tmaac--fl22028.jpg,https://bioimages.vanderbilt.edu/gq/baskauf/gmaac--fl22028.jpg,
baskauf/51161,baskauf_51161.jpg,Magnolia acuminata,cucumber-tree,Magnoliaceae,flower,inflorescence,lateral view of flower,010504,inflorescence / lateral view of flower,flower,vanderbilt/12-206,2006-04-14T06:47:38-05:00,Steven J. Baskauf,https://bioimages.vanderbilt.edu/baskauf/51161,https://bioimages.vanderbilt.edu/tn/baskauf/tmaac--flside51161.jpg,https://bioimages.vanderbilt.edu/gq/baskauf/gmaac--flside51161.jpg,
baskauf/51163,baskauf_51163.jpg,Magnolia acuminata,cucumber-tree,Magnoliaceae,flower,inflorescence,lateral view of flower,010504,inflorescence / lateral view of flower,flower,vanderbilt/12-206,2006-04-14T06:47:57-05:00,Steven J. Baskauf,https://bioimages.vanderbilt.edu/baskauf/51163,https://bioimages.vanderbilt.edu/tn/baskauf/tmaac--flside51163.jpg,https://bioimages.vanderbilt.edu/gq/baskauf/gmaac--flside51163.jpg,
baskauf/51164,baskauf_51164.jpg,Magnolia acuminata,cucumber-tree,Magnoliaceae,flower,inflorescence,whole - unspecified,010501,inflorescence / whole - unspecified,flower,vanderbilt/12-206,2006-04-14T06:48:21-05:00,Steven J. Baskauf,https://bioimages.vanderbilt.edu/baskauf/51164,https://bioimages.vanderbilt.edu/tn/baskauf/tmaac--flmany-distant51164.jpg,https://bioimages.vanderbilt.edu/gq/baskauf/gmaac--flmany-distant51164.jpg,unspecified view
baskauf/10966,baskauf_10966.jpg,Magnolia acuminata,cucumber-tree,Magnoliaceae,fruit,fruit,as borne on the plant,010601,fruit / as borne on the plant,fruit,vanderbilt/12-206,2002-05-14T14:01:22-05:00,Steven J. Baskauf,https://bioimages.vanderbilt.edu/baskauf/10966,https://bioimages.vanderbilt.edu/tn/baskauf/tmaac--fr10966.jpg,https://bioimages.vanderbilt.edu/gq/baskauf/gmaac--fr10966.jpg,
baskauf/10972,baskauf_10972.jpg,Magnolia acuminata,cucumber-tree,Magnoliaceae,fruit,fruit,immature,010604,fruit / immature,fruit,vanderbilt/12-206,2002-05-14T14:12:24-05:00,Steven J. Baskauf,https://bioimages.vanderbilt.edu/baskauf/10972,https://bioimages.vanderbilt.edu/tn/baskauf/tmaac--frdevel10972.jpg,https://bioimages.vanderbilt.edu/gq/baskauf/gmaac--frdevel10972.jpg,
baskauf/49612,baskauf_49612.jpg,Magnolia acuminata,cucumber-tree,Magnoliaceae,fruit,fruit,immature,010604,fruit / immature,fruit,vanderbilt/12-206,2006-06-22T08:57:41-05:00,Steven J. Baskauf,https://bioimages.vanderbilt.edu/baskauf/49612,https://bioimages.vanderbilt.edu/tn/baskauf/tmavi2-frdevel49612.jpg,https://bioimages.vanderbilt.edu/gq/baskauf/gmavi2-frdevel49612.jpg,
baskauf/54856,baskauf_54856.jpg,Magnolia acuminata,cucumber-tree,Magnoliaceae,fruit,fruit,lateral or general close-up,010602,fruit / lateral or general close-up,fruit,vanderbilt/12-206,2006-08-09T08:07:07-05:00,Steven J. Baskauf,https://bioimages.vanderbilt.edu/baskauf/54856,https://bioimages.vanderbilt.edu/tn/baskauf/tmaac--fr54856.jpg,https://bioimages.vanderbilt.edu/gq/baskauf/gmaac--fr54856.jpg,
baskauf/54857,baskauf_54857.jpg,Magnolia acuminata,cucumber-tree,Magnoliaceae,fruit,fruit,lateral or general close-up,010602,fruit / lateral or general close-up,fruit,vanderbilt/12-206,2006-08-09T08:07:21-05:00,Steven J. Baskauf,https://bioimages.vanderbilt.edu/baskauf/54857,https://bioimages.vanderbilt.edu/tn/baskauf/tmaac--fr54857.jpg,https://bioimages.vanderbilt.edu/gq/baskauf/gmaac--fr54857.jpg,
baskauf/55228,baskauf_55228.jpg,Magnolia acuminata,cucumber-tree,Magnoliaceae,fruit,fruit,lateral or general close-up,010602,fruit / lateral or general close-up,fruit,vanderbilt/12-206,2006-08-28T06:47:33-05:00,Steven J. Baskauf,https://bioimages.vanderbilt.edu/baskauf/55228,https://bioimages.vanderbilt.edu/tn/baskauf/tmaac--frmature55228.jpg,https://bioimages.vanderbilt.edu/gq/baskauf/gmaac--frmature55228.jpg,
baskauf/55230,baskauf_55230.jpg,Magnolia acuminata,cucumber-tree,Magnoliaceae,fruit,fruit,section or open,010603,fruit / section or open,fruit,vanderbilt/12-206,2006-08-28T06:47:52-05:00,Steven J. Baskauf,https://bioimages.vanderbilt.edu/baskauf/55230,https://bioimages.vanderbilt.edu/tn/baskauf/tmaac--frseed55230.jpg,https://bioimages.vanderbilt.edu/gq/baskauf/gmaac--frseed55230.jpg,
baskauf/10213,baskauf_10213.jpg,Nyssa sylvatica,blackgum,Cornaceae,whole plant,whole tree (or vine),general,010101,whole tree (or vine) / general,whole-tree,vanderbilt/12-188,2002-06-11T09:21:15-05:00,Steven J. Baskauf,https://bioimages.vanderbilt.edu/baskauf/10213,https://bioimages.vanderbilt.edu/tn/baskauf/tnysy--wplarge10213.jpg,https://bioimages.vanderbilt.edu/gq/baskauf/gnysy--wplarge10213.jpg,
baskauf/16683,baskauf_16683.jpg,Nyssa sylvatica,blackgum,Cornaceae,whole plant,whole tree (or vine),general,010101,whole tree (or vine) / general,whole-tree,ind-baskauf/16683,2002-10-30T08:51:47-06:00,Steven J. Baskauf,https://bioimages.vanderbilt.edu/baskauf/16683,https://bioimages.vanderbilt.edu/tn/baskauf/tnysy--wpfall-color16683.jpg,https://bioimages.vanderbilt.edu/gq/baskauf/gnysy--wpfall-color16683.jpg,
baskauf/91065,baskauf_91065.jpg,Nyssa sylvatica,blackgum,Cornaceae,whole plant,whole tree (or vine),general,010101,whole tree (or vine) / general,whole-tree,vanderbilt/6-239,2014-09-11T08:08:56-05:00,Steven J. Baskauf,https://bioimages.vanderbilt.edu/baskauf/91065,https://bioimages.vanderbilt.edu/tn/baskauf/t91065.jpg,https://bioimages.vanderbilt.edu/gq/baskauf/g91065.jpg,
baskauf/91067,baskauf_91067.jpg,Nyssa sylvatica,blackgum,Cornaceae,whole plant,whole tree (or vine),general,010101,whole tree (or vine) / general,whole-tree,vanderbilt/6-238,2014-09-11T08:09:41-05:00,Steven J. Baskauf,https://bioimages.vanderbilt.edu/baskauf/91067,https://bioimages.vanderbilt.edu/tn/baskauf/t91067.jpg,https://bioimages.vanderbilt.edu/gq/baskauf/g91067.jpg,
baskauf/16712,baskauf_16712.jpg,Nyssa sylvatica,blackgum,Cornaceae,whole plant,whole tree (or vine),view up trunk,010103,whole tree (or vine) / view up trunk,whole-tree,ind-baskauf/16712,2002-11-02T11:07:21-06:00,Steven J. Baskauf,https://bioimages.vanderbilt.edu/baskauf/16712,https://bioimages.vanderbilt.edu/tn/baskauf/tnysy--wplookup16712.jpg,https://bioimages.vanderbilt.edu/gq/baskauf/gnysy--wplookup16712.jpg,
baskauf/10987,baskauf_10987.jpg,Nyssa sylvatica,blackgum,Cornaceae,bark,bark,of a medium tree or large branch,010202,bark / of a medium tree or large branch,bark,vanderbilt/12-188,2002-05-14T14:32:29-05:00,Steven J. Baskauf,https://bioimages.vanderbilt.edu/baskauf/10987,https://bioimages.vanderbilt.edu/tn/baskauf/tnysy--brlarge10987.jpg,https://bioimages.vanderbilt.edu/gq/baskauf/gnysy--brlarge10987.jpg,
baskauf/16715,baskauf_16715.jpg,Nyssa sylvatica,blackgum,Cornaceae,bark,bark,of a medium tree or large branch,010202,bark / of a medium tree or large branch,bark,ind-baskauf/16712,2002-11-02T11:08:28-06:00,Steven J. Baskauf,https://bioimages.vanderbilt.edu/baskauf/16715,https://bioimages.vanderbilt.edu/tn/baskauf/tnysy--brmedium16715.jpg,https://bioimages.vanderbilt.edu/gq/baskauf/gnysy--brmedium16715.jpg,
baskauf/10427,baskauf_10427.jpg,Nyssa sylvatica,blackgum,Cornaceae,twig,twig,close-up winter leaf scar/bud,010303,twig / close-up winter leaf scar/bud,twig,ind-baskauf/10427,2002-03-29T12:14:15-06:00,Steven J. Baskauf,https://bioimages.vanderbilt.edu/baskauf/10427,https://bioimages.vanderbilt.edu/tn/baskauf/tnysy--twleaf-scar10427.jpg,https://bioimages.vanderbilt.edu/gq/baskauf/gnysy--twleaf-scar10427.jpg,
baskauf/16710,baskauf_16710.jpg,Nyssa sylvatica,blackgum,Cornaceae,twig,twig,close-up winter leaf scar/bud,010303,twig / close-up winter leaf scar/bud,twig,ind-baskauf/16683,2002-10-31T16:58:01-06:00,Steven J. Baskauf,https://bioimages.vanderbilt.edu/baskauf/16710,https://bioimages.vanderbilt.edu/tn/baskauf/tnysy--twleaf-scar16710.jpg,https://bioimages.vanderbilt.edu/gq/baskauf/gnysy--twleaf-scar16710.jpg,
baskauf/15144,baskauf_15144.jpg,Nyssa sylvatica,blackgum,Cornaceae,twig,twig,orientation of petioles,010301,twig / orientation of petioles,twig,ind-baskauf/15141,2002-09-08T16:46:30-05:00,Steven J. Baskauf,https://bioimages.vanderbilt.edu/baskauf/15144,https://bioimages.vanderbilt.edu/tn/baskauf/tnysy--tw15144.jpg,https://bioimages.vanderbilt.edu/gq/baskauf/gnysy--tw15144.jpg,
baskauf/10218,baskauf_10218.jpg,Nyssa sylvatica,blackgum,Cornaceae,leaf,leaf,showing orientation on twig,010403,leaf / showing orientation on twig,leaf,vanderbilt/12-188,2002-06-11T09:26:32-05:00,Steven J. Baskauf,https://bioimages.vanderbilt.edu/baskauf/10218,https://bioimages.vanderbilt.edu/tn/baskauf/tnysy--lfseveral10218.jpg,https://bioimages.vanderbilt.edu/gq/baskauf/gnysy--lfseveral10218.jpg,
baskauf/15141,baskauf_15141.jpg,Nyssa sylvatica,blackgum,Cornaceae,leaf,leaf,showing orientation on twig,010403,leaf / showing orientation on twig,leaf,ind-baskauf/15141,2002-09-08T16:44:49-05:00,Steven J. Baskauf,https://bioimages.vanderbilt.edu/baskauf/15141,https://bioimages.vanderbilt.edu/tn/baskauf/tnysy--lffall-color15141.jpg,https://bioimages.vanderbilt.edu/gq/baskauf/gnysy--lffall-color15141.jpg,
baskauf/15143,baskauf_15143.jpg,Nyssa sylvatica,blackgum,Cornaceae,leaf,leaf,showing orientation on twig,010403,leaf / showing orientation on twig,leaf,ind-baskauf/15141,2002-09-08T16:45:23-05:00,Steven J. Baskauf,https://bioimages.vanderbilt.edu/baskauf/15143,https://bioimages.vanderbilt.edu/tn/baskauf/tnysy--lfearlycolor15143.jpg,https://bioimages.vanderbilt.edu/gq/baskauf/gnysy--lfearlycolor15143.jpg,
baskauf/d0997,baskauf_d0997.jpg,Nyssa sylvatica,blackgum,Cornaceae,leaf,leaf,showing orientation on twig,010403,leaf / showing orientation on twig,leaf,ind-baskauf/d0997,2002-11-07T08:04:19-06:00,Steven J. Baskauf,https://bioimages.vanderbilt.edu/baskauf/d0997,https://bioimages.vanderbilt.edu/tn/baskauf/tnysy--lffalld0997.jpg,https://bioimages.vanderbilt.edu/gq/baskauf/gnysy--lffalld0997.jpg,
baskauf/10221,baskauf_10221.jpg,Nyssa sylvatica,blackgum,Cornaceae,leaf,leaf,whole upper surface,010401,leaf / whole upper surface,leaf,vanderbilt/12-188,2002-06-11T09:28:47-05:00,Steven J. Baskauf,https://bioimages.vanderbilt.edu/baskauf/10221,https://bioimages.vanderbilt.edu/tn/baskauf/tnysy--lf10221.jpg,https://bioimages.vanderbilt.edu/gq/baskauf/gnysy--lf10221.jpg,
baskauf/29805,baskauf_29805.jpg,Nyssa sylvatica,blackgum,Cornaceae,leaf,leaf,whole upper surface,010401,leaf / whole upper surface,leaf,vanderbilt/12-188,2003-10-03T12:48:22-05:00,Steven J. Baskauf,https://bioimages.vanderbilt.edu/baskauf/29805,https://bioimages.vanderbilt.edu/tn/baskauf/tnysy--lf29805.jpg,https://bioimages.vanderbilt.edu/gq/baskauf/gnysy--lf29805.jpg,
baskauf/51397,baskauf_51397.jpg,Nyssa sylvatica,blackgum,Cornaceae,flower,inflorescence,frontal view of flower,010505,inflorescence / frontal view of flower,flower,vanderbilt/6-239,2006-04-21T11:01:54-05:00,Steven J. Baskauf,https://bioimages.vanderbilt.edu/baskauf/51397,https://bioimages.vanderbilt.edu/tn/baskauf/tnysy--flfem-front51397.jpg,https://bioimages.vanderbilt.edu/gq/baskauf/gnysy--flfem-front51397.jpg,
baskauf/51414,baskauf_51414.jpg,Nyssa sylvatica,blackgum,Cornaceae,flower,inflorescence,frontal view of flower,010505,inflorescence / frontal view of flower,flower,vanderbilt/6-238,2006-04-21T11:06:56-05:00,Steven J. Baskauf,https://bioimages.vanderbilt.edu/baskauf/51414,https://bioimages.vanderbilt.edu/tn/baskauf/tnysy--flmale51414.jpg,https://bioimages.vanderbilt.edu/gq/baskauf/gnysy--flmale51414.jpg,
baskauf/51416,baskauf_51416.jpg,Nyssa sylvatica,blackgum,Cornaceae,flower,inflorescence,frontal view of flower,010505,inflorescence / frontal view of flower,flower,vanderbilt/6-238,2006-04-21T11:07:27-05:00,Steven J. Baskauf,https://bioimages.vanderbilt.edu/baskauf/51416,https://bioimages.vanderbilt.edu/tn/baskauf/tnysy--flmale51416.jpg,https://bioimages.vanderbilt.edu/gq/baskauf/gnysy--flmale51416.jpg,
baskauf/51398,baskauf_51398.jpg,Nyssa sylvatica,blackgum,Cornaceae,flower,inflorescence,lateral view of flower,010504,inflorescence / lateral view of flower,flower,vanderbilt/6-239,2006-04-21T11:02:12-05:00,Steven J. Baskauf,https://bioimages.vanderbilt.edu/baskauf/51398,https://bioimages.vanderbilt.edu/tn/baskauf/tnysy--flfemside51398.jpg,https://bioimages.vanderbilt.edu/gq/baskauf/gnysy--flfemside51398.jpg,
baskauf/51402,baskauf_51402.jpg,Nyssa sylvatica,blackgum,Cornaceae,flower,inflorescence,lateral view of flower,010504,inflorescence / lateral view of flower,flower,vanderbilt/6-239,2006-04-21T11:03:36-05:00,Steven J. Baskauf,https://bioimages.vanderbilt.edu/baskauf/51402,https://bioimages.vanderbilt.edu/tn/baskauf/tnysy--flfem51402.jpg,https://bioimages.vanderbilt.edu/gq/baskauf/gnysy--flfem51402.jpg,
baskauf/51406,baskauf_51406.jpg,Nyssa sylvatica,blackgum,Cornaceae,flower,inflorescence,whole - female,010502,inflorescence / whole - female,flower,vanderbilt/6-239,2006-04-21T11:05:21-05:00,Steven J. Baskauf,https://bioimages.vanderbilt.edu/baskauf/51406,https://bioimages.vanderbilt.edu/tn/baskauf/tnysy--flfem-inflor51406.jpg,https://bioimages.vanderbilt.edu/gq/baskauf/gnysy--flfem-inflor51406.jpg,
baskauf/10981,baskauf_10981.jpg,Nyssa sylvatica,blackgum,Cornaceae,flower,inflorescence,whole - male,010503,inflorescence / whole - male,flower,vanderbilt/12-188,2002-05-14T14:26:18-05:00,Steven J. Baskauf,https://bioimages.vanderbilt.edu/baskauf/10981,https://bioimages.vanderbilt.edu/tn/baskauf/tnysy--flin-flower10981.jpg,https://bioimages.vanderbilt.edu/gq/baskauf/gnysy--flin-flower10981.jpg,
baskauf/10988,baskauf_10988.jpg,Nyssa sylvatica,blackgum,Cornaceae,flower,inflorescence,whole - male,010503,inflorescence / whole - male,flower,vanderbilt/12-188,2002-05-14T16:31:06-05:00,Steven J. Baskauf,https://bioimages.vanderbilt.edu/baskauf/10988,https://bioimages.vanderbilt.edu/tn/baskauf/tnysy--flinflor10988.jpg,https://bioimages.vanderbilt.edu/gq/baskauf/gnysy--flinflor10988.jpg,
baskauf/51409,baskauf_51409.jpg,Nyssa sylvatica,blackgum,Cornaceae,flower,inflorescence,whole - male,010503,inflorescence / whole - male,flower,vanderbilt/6-238,2006-04-21T11:06:00-05:00,Steven J. Baskauf,https://bioimages.vanderbilt.edu/baskauf/51409,https://bioimages.vanderbilt.edu/tn/baskauf/tnysy--flmale-dist51409.jpg,https://bioimages.vanderbilt.edu/gq/baskauf/gnysy--flmale-dist51409.jpg,
baskauf/51411,baskauf_51411.jpg,Nyssa sylvatica,blackgum,Cornaceae,flower,inflorescence,whole - male,010503,inflorescence / whole - male,flower,vanderbilt/6-238,2006-04-21T11:06:16-05:00,Steven J. Baskauf,https://bioimages.vanderbilt.edu/baskauf/51411,https://bioimages.vanderbilt.edu/tn/baskauf/tnysy--flmale-dist51411.jpg,https://bioimages.vanderbilt.edu/gq/baskauf/gnysy--flmale-dist51411.jpg,
baskauf/51418,baskauf_51418.jpg,Nyssa sylvatica,blackgum,Cornaceae,flower,inflorescence,whole - male,010503,inflorescence / whole - male,flower,vanderbilt/6-238,2006-04-21T11:07:57-05:00,Steven J. Baskauf,https://bioimages.vanderbilt.edu/baskauf/51418,https://bioimages.vanderbilt.edu/tn/baskauf/tnysy--flmale-inflor51418.jpg,https://bioimages.vanderbilt.edu/gq/baskauf/gnysy--flmale-inflor51418.jpg,
baskauf/10574,baskauf_10574.jpg,Nyssa sylvatica,blackgum,Cornaceae,flower,inflorescence,whole - unspecified,010501,inflorescence / whole - unspecified,flower,vanderbilt/6-236,2002-04-15T12:34:45-05:00,Steven J. Baskauf,https://bioimages.vanderbilt.edu/baskauf/10574,https://bioimages.vanderbilt.edu/tn/baskauf/tnysy--flbud10574.jpg,https://bioimages.vanderbilt.edu/gq/baskauf/gnysy--flbud10574.jpg,unspecified view
baskauf/29397,baskauf_29397.jpg,Nyssa sylvatica,blackgum,Cornaceae,fruit,fruit,as borne on the plant,010601,fruit / as borne on the plant,fruit,ind-baskauf/29396,2003-09-06T13:48:43-05:00,Steven J. Baskauf,https://bioimages.vanderbilt.edu/baskauf/29397,https://bioimages.vanderbilt.edu/tn/baskauf/tnysy--frinfruct29397.jpg,https://bioimages.vanderbilt.edu/gq/baskauf/gnysy--frinfruct29397.jpg,
baskauf/27927,baskauf_27927.jpg,Nyssa sylvatica,blackgum,Cornaceae,fruit,fruit,immature,010604,fruit / immature,fruit,ind-baskauf/27926,2003-07-05T14:02:14-05:00,Steven J. Baskauf,https://bioimages.vanderbilt.edu/baskauf/27927,https://bioimages.vanderbilt.edu/tn/baskauf/tnysy--frdevel27927.jpg,https://bioimages.vanderbilt.edu/gq/baskauf/gnysy--frdevel27927.jpg,
baskauf/27929,baskauf_27929.jpg,Nyssa sylvatica,blackgum,Cornaceae,fruit,fruit,immature,010604,fruit / immature,fruit,ind-baskauf/27926,2003-07-05T14:02:32-05:00,Steven J. Baskauf,https://bioimages.vanderbilt.edu/baskauf/27929,https://bioimages.vanderbilt.edu/tn/baskauf/tnysy--frdevel-close27929.jpg,https://bioimages.vanderbilt.edu/gq/baskauf/gnysy--frdevel-close27929.jpg,
baskauf/29400,baskauf_29400.jpg,Nyssa sylvatica,blackgum,Cornaceae,fruit,fruit,lateral or general close-up,010602,fruit / lateral or general close-up,fruit,ind-baskauf/29396,2003-09-06T13:49:36-05:00,Steven J. Baskauf,https://bioimages.vanderbilt.edu/baskauf/29400,https://bioimages.vanderbilt.edu/tn/baskauf/tnysy--fr29400.jpg,https://bioimages.vanderbilt.edu/gq/baskauf/gnysy--fr29400.jpg,
baskauf/12131,baskauf_12131.jpg,Ostrya virginiana,hophornbeam,Betulaceae,whole plant,whole tree (or vine),general,010101,whole tree (or vine) / general,whole-tree,ind-baskauf/12128,2002-06-08T15:04:18-05:00,Steven J. Baskauf,https://bioimages.vanderbilt.edu/baskauf/12131,https://bioimages.vanderbilt.edu/tn/baskauf/tosvi--wpsmall12131.jpg,https://bioimages.vanderbilt.edu/gq/baskauf/gosvi--wpsmall12131.jpg,
baskauf/91006,baskauf_91006.jpg,Ostrya virginiana,hophornbeam,Betulaceae,whole plant,whole tree (or vine),general,010101,whole tree (or vine) / general,whole-tree,vanderbilt/7-201,2014-09-04T08:02:24-05:00,Steven J. Baskauf,https://bioimages.vanderbilt.edu/baskauf/91006,https://bioimages.vanderbilt.edu/tn/baskauf/t91006.jpg,https://bioimages.vanderbilt.edu/gq/baskauf/g91006.jpg,
baskauf/89391,baskauf_89391.jpg,Ostrya virginiana,hophornbeam,Betulaceae,whole plant,whole tree (or vine),winter,010102,whole tree (or vine) / winter,whole-tree,vanderbilt/7-201,2013-12-11T13:51:30-06:00,Steven J. Baskauf,https://bioimages.vanderbilt.edu/baskauf/89391,https://bioimages.vanderbilt.edu/tn/baskauf/t89391.jpg,https://bioimages.vanderbilt.edu/gq/baskauf/g89391.jpg,
baskauf/12021,baskauf_12021.jpg,Ostrya virginiana,hophornbeam,Betulaceae,bark,bark,of a small tree or small branch,010203,bark / of a small tree or small branch,bark,ind-baskauf/12021,2002-06-08T12:26:49-05:00,Steven J. Baskauf,https://bioimages.vanderbilt.edu/baskauf/12021,https://bioimages.vanderbilt.edu/tn/baskauf/tosvi--brmedium12021.jpg,https://bioimages.vanderbilt.edu/gq/baskauf/gosvi--brmedium12021.jpg,
baskauf/15280,baskauf_15280.jpg,Ostrya virginiana,hophornbeam,Betulaceae,twig,twig,orientation of petioles,010301,twig / orientation of petioles,twig,ind-baskauf/15272,2002-09-10T08:49:12-05:00,Steven J. Baskauf,https://bioimages.vanderbilt.edu/baskauf/15280,https://bioimages.vanderbilt.edu/tn/baskauf/tosvi--tw15280.jpg,https://bioimages.vanderbilt.edu/gq/baskauf/gosvi--tw15280.jpg,
baskauf/15288,baskauf_15288.jpg,Ostrya virginiana,hophornbeam,Betulaceae,twig,twig,unspecified,010300,twig / unspecified,twig,ind-baskauf/15272,2002-09-10T09:36:59-05:00,Steven J. Baskauf,https://bioimages.vanderbilt.edu/baskauf/15288,https://bioimages.vanderbilt.edu/tn/baskauf/tosvi--twbud15288.jpg,https://bioimages.vanderbilt.edu/gq/baskauf/gosvi--twbud15288.jpg,unspecified view
baskauf/15272,baskauf_15272.jpg,Ostrya virginiana,hophornbeam,Betulaceae,leaf,leaf,margin of upper + lower surface,010402,leaf / margin of upper + lower surface,leaf,ind-baskauf/15272,2002-09-10T08:45:44-05:00,Steven J. Baskauf,https://bioimages.vanderbilt.edu/baskauf/15272,https://bioimages.vanderbilt.edu/tn/baskauf/tosvi--lfmargin-uplow15272.jpg,https://bioimages.vanderbilt.edu/gq/baskauf/gosvi--lfmargin-uplow15272.jpg,
baskauf/12129,baskauf_12129.jpg,Ostrya virginiana,hophornbeam,Betulaceae,leaf,leaf,showing orientation on twig,010403,leaf / showing orientation on twig,leaf,ind-baskauf/12128,2002-06-08T15:03:28-05:00,Steven J. Baskauf,https://bioimages.vanderbilt.edu/baskauf/12129,https://bioimages.vanderbilt.edu/tn/baskauf/tosvi--lfseveral12129.jpg,https://bioimages.vanderbilt.edu/gq/baskauf/gosvi--lfseveral12129.jpg,
baskauf/15276,baskauf_15276.jpg,Ostrya virginiana,hophornbeam,Betulaceae,leaf,leaf,unspecified,010400,leaf / unspecified,leaf,ind-baskauf/15272,2002-09-10T08:48:12-05:00,Steven J. Baskauf,https://bioimages.vanderbilt.edu/baskauf/15276,https://bioimages.vanderbilt.edu/tn/baskauf/tosvi--lfbase15276.jpg,https://bioimages.vanderbilt.edu/gq/baskauf/gosvi--lfbase15276.jpg,unspecified view
baskauf/12128,baskauf_12128.jpg,Ostrya virginiana,hophornbeam,Betulaceae,leaf,leaf,whole upper surface,010401,leaf / whole upper surface,leaf,ind-baskauf/12128,2002-06-08T15:02:33-05:00,Steven J. Baskauf,https://bioimages.vanderbilt.edu/baskauf/12128,https://bioimages.vanderbilt.edu/tn/baskauf/tosvi--lf12128.jpg,https://bioimages.vanderbilt.edu/gq/baskauf/gosvi--lf12128.jpg,
baskauf/29784,baskauf_29784.jpg,Ostrya virginiana,hophornbeam,Betulaceae,leaf,leaf,whole upper surface,010401,leaf / whole upper surface,leaf,ind-baskauf/15272,2003-10-02T17:57:32-05:00,Steven J. Baskauf,https://bioimages.vanderbilt.edu/baskauf/29784,https://bioimages.vanderbilt.edu/tn/baskauf/tosvi--lf29784.jpg,https://bioimages.vanderbilt.edu/gq/baskauf/gosvi--lf29784.jpg,
baskauf/50629,baskauf_50629.jpg,Ostrya virginiana,hophornbeam,Betulaceae,flower,inflorescence,whole - female,010502,inflorescence / whole - female,flower,vanderbilt/7-201,2006-03-21T10:33:28-06:00,Steven J. Baskauf,https://bioimages.vanderbilt.edu/baskauf/50629,https://bioimages.vanderbilt.edu/tn/baskauf/tosvi--flfemale50629.jpg,https://bioimages.vanderbilt.edu/gq/baskauf/gosvi--flfemale50629.jpg,
baskauf/50632,baskauf_50632.jpg,Ostrya virginiana,hophornbeam,Betulaceae,flower,inflorescence,whole - female,010502,inflorescence / whole - female,flower,vanderbilt/7-201,2006-03-21T10:34:00-06:00,Steven J. Baskauf,https://bioimages.vanderbilt.edu/baskauf/50632,https://bioimages.vanderbilt.edu/tn/baskauf/tosvi--flclose50632.jpg,https://bioimages.vanderbilt.edu/gq/baskauf/gosvi--flclose50632.jpg,
baskauf/16207,baskauf_16207.jpg,Ostrya virginiana,hophornbeam,Betulaceae,flower,inflorescence,whole - male,010503,inflorescence / whole - male,flower,ind-baskauf/15272,2002-10-01T17:22:12-05:00,Steven J. Baskauf,https://bioimages.vanderbilt.edu/baskauf/16207,https://bioimages.vanderbilt.edu/tn/baskauf/tosvi--flfall-catkin16207.jpg,https://bioimages.vanderbilt.edu/gq/baskauf/gosvi--flfall-catkin16207.jpg,
baskauf/18746,baskauf_18746.jpg,Ostrya virginiana,hophornbeam,Betulaceae,flower,inflorescence,whole - male,010503,inflorescence / whole - male,flower,ind-baskauf/15272,2003-03-30T09:08:36-06:00,Steven J. Baskauf,https://bioimages.vanderbilt.edu/baskauf/18746,https://bioimages.vanderbilt.edu/tn/baskauf/tosvi--flmale18746.jpg,https://bioimages.vanderbilt.edu/gq/baskauf/gosvi--flmale18746.jpg,
baskauf/18748,baskauf_18748.jpg,Ostrya virginiana,hophornbeam,Betulaceae,flower,inflorescence,whole - male,010503,inflorescence / whole - male,flower,ind-baskauf/15272,2003-03-30T09:10:16-06:00,Steven J. Baskauf,https://bioimages.vanderbilt.edu/baskauf/18748,https://bioimages.vanderbilt.edu/tn/baskauf/tosvi--flmale-several18748.jpg,https://bioimages.vanderbilt.edu/gq/baskauf/gosvi--flmale-several18748.jpg,
baskauf/50630,baskauf_50630.jpg,Ostrya virginiana,hophornbeam,Betulaceae,flower,inflorescence,whole - male,010503,inflorescence / whole - male,flower,vanderbilt/7-201,2006-03-21T10:33:45-06:00,Steven J. Baskauf,https://bioimages.vanderbilt.edu/baskauf/50630,https://bioimages.vanderbilt.edu/tn/baskauf/tosvi--flinflor50630.jpg,https://bioimages.vanderbilt.edu/gq/baskauf/gosvi--flinflor50630.jpg,
baskauf/16278,baskauf_16278.jpg,Ostrya virginiana,hophornbeam,Betulaceae,fruit,fruit,lateral or general close-up,010602,fruit / lateral or general close-up,fruit,ind-baskauf/15272,2002-10-05T11:20:20-05:00,Steven J. Baskauf,https://bioimages.vanderbilt.edu/baskauf/16278,https://bioimages.vanderbilt.edu/tn/baskauf/tosvi--fr16278.jpg,https://bioimages.vanderbilt.edu/gq/baskauf/gosvi--fr16278.jpg,
baskauf/50375,baskauf_50375.jpg,Picea glauca,white spruce,Pinaceae,whole plant,whole tree,general,030101,whole tree / general,whole-tree,ind-baskauf/50373,2006-03-04T19:53:44-05:00,Steven J. Baskauf,https://bioimages.vanderbilt.edu/baskauf/50375,https://bioimages.vanderbilt.edu/tn/baskauf/tpigl--wp50375.jpg,https://bioimages.vanderbilt.edu/gq/baskauf/gpigl--wp50375.jpg,
baskauf/50392,baskauf_50392.jpg,Picea glauca,white spruce,Pinaceae,bark,bark,of a medium tree or large branch,030202,bark / of a medium tree or large branch,bark,ind-baskauf/50373,2006-03-04T20:02:29-05:00,Steven J. Baskauf,https://bioimages.vanderbilt.edu/baskauf/50392,https://bioimages.vanderbilt.edu/tn/baskauf/tpigl--br50392.jpg,https://bioimages.vanderbilt.edu/gq/baskauf/gpigl--br50392.jpg,
baskauf/50384,baskauf_50384.jpg,Picea glauca,white spruce,Pinaceae,twig,twig,after fallen needles,030301,twig / after fallen needles,twig,ind-baskauf/50373,2006-03-04T19:58:14-05:00,Steven J. Baskauf,https://bioimages.vanderbilt.edu/baskauf/50384,https://bioimages.vanderbilt.edu/tn/baskauf/tpigl--twold50384.jpg,https://bioimages.vanderbilt.edu/gq/baskauf/gpigl--twold50384.jpg,
baskauf/50383,baskauf_50383.jpg,Picea glauca,white spruce,Pinaceae,twig,twig,showing attachment of needles,030302,twig / showing attachment of needles,twig,ind-baskauf/50373,2006-03-04T19:57:36-05:00,Steven J. Baskauf,https://bioimages.vanderbilt.edu/baskauf/50383,https://bioimages.vanderbilt.edu/tn/baskauf/tpigl--twyoung50383.jpg,https://bioimages.vanderbilt.edu/gq/baskauf/gpigl--twyoung50383.jpg,
baskauf/50385,baskauf_50385.jpg,Picea glauca,white spruce,Pinaceae,needle,leaf,entire needle,030401,leaf / entire needle,leaf,ind-baskauf/50373,2006-03-04T19:59:53-05:00,Steven J. Baskauf,https://bioimages.vanderbilt.edu/baskauf/50385,https://bioimages.vanderbilt.edu/tn/baskauf/tpigl--lf50385.jpg,https://bioimages.vanderbilt.edu/gq/baskauf/gpigl--lf50385.jpg,
baskauf/50377,baskauf_50377.jpg,Picea glauca,white spruce,Pinaceae,needle,leaf,showing orientation on twig,030402,leaf / showing orientation on twig,leaf,ind-baskauf/50373,2006-03-04T19:54:27-05:00,Steven J. Baskauf,https://bioimages.vanderbilt.edu/baskauf/50377,https://bioimages.vanderbilt.edu/tn/baskauf/tpigl--lfdistant50377.jpg,https://bioimages.vanderbilt.edu/gq/baskauf/gpigl--lfdistant50377.jpg,
baskauf/50380,baskauf_50380.jpg,Picea glauca,white spruce,Pinaceae,needle,leaf,showing orientation on twig,030402,leaf / showing orientation on twig,leaf,ind-baskauf/50373,2006-03-04T19:56:11-05:00,Steven J. Baskauf,https://bioimages.vanderbilt.edu/baskauf/50380,https://bioimages.vanderbilt.edu/tn/baskauf/tpigl--lfmany50380.jpg,https://bioimages.vanderbilt.edu/gq/baskauf/gpigl--lfmany50380.jpg,
baskauf/50395,baskauf_50395.jpg,Picea glauca,white spruce,Pinaceae,cone,cone,female - mature open,030502,cone / female - mature open,cone,ind-baskauf/50373,2006-03-04T20:05:52-05:00,Steven J. Baskauf,https://bioimages.vanderbilt.edu/baskauf/50395,https://bioimages.vanderbilt.edu/tn/baskauf/tpigl--co50395.jpg,https://bioimages.vanderbilt.edu/gq/baskauf/gpigl--co50395.jpg,
kaufmannm/ke128,kaufmannm_ke128.jpg,Picea mariana,black spruce,Pinaceae,whole plant,whole tree,general,030101,whole tree / general,whole-tree,ind-kaufmannm/ke128,1971,Maurice J. Kaufmann,https://bioimages.vanderbilt.edu/kaufmannm/ke128,https://bioimages.vanderbilt.edu/tn/kaufmannm/tpima--wp-mke128.jpg,https://bioimages.vanderbilt.edu/gq/kaufmannm/gpima--wp-mke128.jpg,
baskauf/11427,baskauf_11427.jpg,Picea rubens,red spruce,Pinaceae,whole plant,whole tree,general,030101,whole tree / general,whole-tree,ind-baskauf/11427,2002-05-29T12:43:59-04:00,Steven J. Baskauf,https://bioimages.vanderbilt.edu/baskauf/11427,https://bioimages.vanderbilt.edu/tn/baskauf/tpiru--wplarge11427.jpg,https://bioimages.vanderbilt.edu/gq/baskauf/gpiru--wplarge11427.jpg,
baskauf/11435,baskauf_11435.jpg,Picea rubens,red spruce,Pinaceae,bark,bark,of a large tree,030201,bark / of a large tree,bark,ind-baskauf/11427,2002-05-29T12:47:02-04:00,Steven J. Baskauf,https://bioimages.vanderbilt.edu/baskauf/11435,https://bioimages.vanderbilt.edu/tn/baskauf/tpiru--br11435.jpg,https://bioimages.vanderbilt.edu/gq/baskauf/gpiru--br11435.jpg,
baskauf/11432,baskauf_11432.jpg,Picea rubens,red spruce,Pinaceae,twig,twig,showing attachment of needles,030302,twig / showing attachment of needles,twig,ind-baskauf/11427,2002-05-29T12:45:49-04:00,Steven J. Baskauf,https://bioimages.vanderbilt.edu/baskauf/11432,https://bioimages.vanderbilt.edu/tn/baskauf/tpiru--tw11432.jpg,https://bioimages.vanderbilt.edu/gq/baskauf/gpiru--tw11432.jpg,
baskauf/11434,baskauf_11434.jpg,Picea rubens,red spruce,Pinaceae,needle,leaf,entire needle,030401,leaf / entire needle,leaf,ind-baskauf/11427,2002-05-29T12:46:21-04:00,Steven J. Baskauf,https://bioimages.vanderbilt.edu/baskauf/11434,https://bioimages.vanderbilt.edu/tn/baskauf/tpiru--lfclose11434.jpg,https://bioimages.vanderbilt.edu/gq/baskauf/gpiru--lfclose11434.jpg,
baskauf/11430,baskauf_11430.jpg,Picea rubens,red spruce,Pinaceae,needle,leaf,showing orientation on twig,030402,leaf / showing orientation on twig,leaf,ind-baskauf/11427,2002-05-29T12:45:13-04:00,Steven J. Baskauf,https://bioimages.vanderbilt.edu/baskauf/11430,https://bioimages.vanderbilt.edu/tn/baskauf/tpiru--lfseveral11430.jpg,https://bioimages.vanderbilt.edu/gq/baskauf/gpiru--lfseveral11430.jpg,
baskauf/26131,baskauf_26131.jpg,Picea rubens,red spruce,Pinaceae,needle,leaf,showing orientation on twig,030402,leaf / showing orientation on twig,leaf,ind-baskauf/26128,2003-05-29T12:10:04-04:00,Steven J. Baskauf,https://bioimages.vanderbilt.edu/baskauf/26131,https://bioimages.vanderbilt.edu/tn/baskauf/tpiru--lf26131.jpg,https://bioimages.vanderbilt.edu/gq/baskauf/gpiru--lf26131.jpg,
baskauf/38128,baskauf_38128.jpg,Picea rubens,red spruce,Pinaceae,cone,cone,female - closed,030503,cone / female - closed,cone,ind-baskauf/38128,2004-09-11T10:15:35-04:00,Steven J. Baskauf,https://bioimages.vanderbilt.edu/baskauf/38128,https://bioimages.vanderbilt.edu/tn/baskauf/tpiru--coseveral38128.jpg,https://bioimages.vanderbilt.edu/gq/baskauf/gpiru--coseveral38128.jpg,
baskauf/38132,baskauf_38132.jpg,Picea rubens,red spruce,Pinaceae,cone,cone,female - closed,030503,cone / female - closed,cone,ind-baskauf/38128,2004-09-11T10:16:29-04:00,Steven J. Baskauf,https://bioimages.vanderbilt.edu/baskauf/38132,https://bioimages.vanderbilt.edu/tn/baskauf/tpiru--co38132.jpg,https://bioimages.vanderbilt.edu/gq/baskauf/gpiru--co38132.jpg,
baskauf/50496,baskauf_50496.jpg,Pinus resinosa,red pine,Pinaceae,whole plant,whole tree,general,030101,whole tree / general,whole-tree,vanderbilt/9-106,2006-03-08T22:12:24-06:00,Steven J. Baskauf,https://bioimages.vanderbilt.edu/baskauf/50496,https://bioimages.vanderbilt.edu/tn/baskauf/tpire--wp50496.jpg,https://bioimages.vanderbilt.edu/gq/baskauf/gpire--wp50496.jpg,
baskauf/50500,baskauf_50500.jpg,Pinus resinosa,red pine,Pinaceae,bark,bark,of a large tree,030201,bark / of a large tree,bark,vanderbilt/9-106,2006-03-08T22:13:29-06:00,Steven J. Baskauf,https://bioimages.vanderbilt.edu/baskauf/50500,https://bioimages.vanderbilt.edu/tn/baskauf/tpire--br50500.jpg,https://bioimages.vanderbilt.edu/gq/baskauf/gpire--br50500.jpg,
baskauf/50514,baskauf_50514.jpg,Pinus resinosa,red pine,Pinaceae,twig,twig,showing attachment of needles,030302,twig / showing attachment of needles,twig,vanderbilt/9-106,2006-03-08T22:17:36-06:00,Steven J. Baskauf,https://bioimages.vanderbilt.edu/baskauf/50514,https://bioimages.vanderbilt.edu/tn/baskauf/tpire--tw50514.jpg,https://bioimages.vanderbilt.edu/gq/baskauf/gpire--tw50514.jpg,
baskauf/50515,baskauf_50515.jpg,Pinus resinosa,red pine,Pinaceae,twig,twig,unspecified,030300,twig / unspecified,twig,vanderbilt/9-106,2006-03-08T22:18:25-06:00,Steven J. Baskauf,https://bioimages.vanderbilt.edu/baskauf/50515,https://bioimages.vanderbilt.edu/tn/baskauf/tpire--twterm-bud50515.jpg,https://bioimages.vanderbilt.edu/gq/baskauf/gpire--twterm-bud50515.jpg,unspecified view
baskauf/50507,baskauf_50507.jpg,Pinus resinosa,red pine,Pinaceae,needle,leaf,entire needle,030401,leaf / entire needle,leaf,vanderbilt/9-106,2006-03-08T22:16:01-06:00,Steven J. Baskauf,https://bioimages.vanderbilt.edu/baskauf/50507,https://bioimages.vanderbilt.edu/tn/baskauf/tpire--lfseveral50507.jpg,https://bioimages.vanderbilt.edu/gq/baskauf/gpire--lfseveral50507.jpg,
baskauf/50517,baskauf_50517.jpg,Pinus resinosa,red pine,Pinaceae,needle,leaf,entire needle,030401,leaf / entire needle,leaf,vanderbilt/9-106,2006-03-08T22:19:02-06:00,Steven J. Baskauf,https://bioimages.vanderbilt.edu/baskauf/50517,https://bioimages.vanderbilt.edu/tn/baskauf/tpire--lffasicle50517.jpg,https://bioimages.vanderbilt.edu/gq/baskauf/gpire--lffasicle50517.jpg,
baskauf/50503,baskauf_50503.jpg,Pinus resinosa,red pine,Pinaceae,cone,cone,female - mature open,030502,cone / female - mature open,cone,vanderbilt/9-106,2006-03-08T22:14:48-06:00,Steven J. Baskauf,https://bioimages.vanderbilt.edu/baskauf/50503,https://bioimages.vanderbilt.edu/tn/baskauf/tpire--cofemale50503.jpg,https://bioimages.vanderbilt.edu/gq/baskauf/gpire--cofemale50503.jpg,
baskauf/50504,baskauf_50504.jpg,Pinus resinosa,red pine,Pinaceae,cone,cone,female - mature open,030502,cone / female - mature open,cone,vanderbilt/9-106,2006-03-08T22:15:12-06:00,Steven J. Baskauf,https://bioimages.vanderbilt.edu/baskauf/50504,https://bioimages.vanderbilt.edu/tn/baskauf/tpire--cofemale50504.jpg,https://bioimages.vanderbilt.edu/gq/baskauf/gpire--cofemale50504.jpg,
baskauf/38294,baskauf_38294.jpg,Pinus rigida,pitch pine,Pinaceae,whole plant,whole tree,general,030101,whole tree / general,whole-tree,ind-baskauf/38289,2004-09-12T13:17:19-04:00,Steven J. Baskauf,https://bioimages.vanderbilt.edu/baskauf/38294,https://bioimages.vanderbilt.edu/tn/baskauf/tpiri--wp38294.jpg,https://bioimages.vanderbilt.edu/gq/baskauf/gpiri--wp38294.jpg,
baskauf/38289,baskauf_38289.jpg,Pinus rigida,pitch pine,Pinaceae,whole plant,whole tree,view up trunk,030102,whole tree / view up trunk,whole-tree,ind-baskauf/38289,2004-09-12T13:16:25-04:00,Steven J. Baskauf,https://bioimages.vanderbilt.edu/baskauf/38289,https://bioimages.vanderbilt.edu/tn/baskauf/tpiri--wplookup38289.jpg,https://bioimages.vanderbilt.edu/gq/baskauf/gpiri--wplookup38289.jpg,
baskauf/38303,baskauf_38303.jpg,Pinus rigida,pitch pine,Pinaceae,bark,bark,of a medium tree or large branch,030202,bark / of a medium tree or large branch,bark,ind-baskauf/38289,2004-09-12T13:20:30-04:00,Steven J. Baskauf,https://bioimages.vanderbilt.edu/baskauf/38303,https://bioimages.vanderbilt.edu/tn/baskauf/tpiri--br38303.jpg,https://bioimages.vanderbilt.edu/gq/baskauf/gpiri--br38303.jpg,
baskauf/38305,baskauf_38305.jpg,Pinus rigida,pitch pine,Pinaceae,bark,bark,of a medium tree or large branch,030202,bark / of a medium tree or large branch,bark,ind-baskauf/38289,2004-09-12T13:20:54-04:00,Steven J. Baskauf,https://bioimages.vanderbilt.edu/baskauf/38305,https://bioimages.vanderbilt.edu/tn/baskauf/tpiri--br38305.jpg,https://bioimages.vanderbilt.edu/gq/baskauf/gpiri--br38305.jpg,
baskauf/38302,baskauf_38302.jpg,Pinus rigida,pitch pine,Pinaceae,twig,twig,showing attachment of needles,030302,twig / showing attachment of needles,twig,ind-baskauf/38289,2004-09-12T13:20:16-04:00,Steven J. Baskauf,https://bioimages.vanderbilt.edu/baskauf/38302,https://bioimages.vanderbilt.edu/tn/baskauf/tpiri--tw38302.jpg,https://bioimages.vanderbilt.edu/gq/baskauf/gpiri--tw38302.jpg,
baskauf/38299,baskauf_38299.jpg,Pinus rigida,pitch pine,Pinaceae,needle,leaf,entire needle,030401,leaf / entire needle,leaf,ind-baskauf/38289,2004-09-12T13:19:28-04:00,Steven J. Baskauf,https://bioimages.vanderbilt.edu/baskauf/38299,https://bioimages.vanderbilt.edu/tn/baskauf/tpiri--lf38299.jpg,https://bioimages.vanderbilt.edu/gq/baskauf/gpiri--lf38299.jpg,
baskauf/38297,baskauf_38297.jpg,Pinus rigida,pitch pine,Pinaceae,needle,leaf,showing orientation on twig,030402,leaf / showing orientation on twig,leaf,ind-baskauf/38289,2004-09-12T13:18:04-04:00,Steven J. Baskauf,https://bioimages.vanderbilt.edu/baskauf/38297,https://bioimages.vanderbilt.edu/tn/baskauf/tpiri--lfseveral38297.jpg,https://bioimages.vanderbilt.edu/gq/baskauf/gpiri--lfseveral38297.jpg,
baskauf/38309,baskauf_38309.jpg,Pinus rigida,pitch pine,Pinaceae,cone,cone,female - mature open,030502,cone / female - mature open,cone,ind-baskauf/38289,2004-09-12T13:22:49-04:00,Steven J. Baskauf,https://bioimages.vanderbilt.edu/baskauf/38309,https://bioimages.vanderbilt.edu/tn/baskauf/tpiri--co38309.jpg,https://bioimages.vanderbilt.edu/gq/baskauf/gpiri--co38309.jpg,
baskauf/38311,baskauf_38311.jpg,Pinus rigida,pitch pine,Pinaceae,cone,cone,female - mature open,030502,cone / female - mature open,cone,ind-baskauf/38289,2004-09-12T13:23:07-04:00,Steven J. Baskauf,https://bioimages.vanderbilt.edu/baskauf/38311,https://bioimages.vanderbilt.edu/tn/baskauf/tpiri--co38311.jpg,https://bioimages.vanderbilt.edu/gq/baskauf/gpiri--co38311.jpg,
baskauf/15662,baskauf_15662.jpg,Pinus strobus,eastern white pine,Pinaceae,whole plant,whole tree,general,030101,whole tree / general,whole-tree,ind-baskauf/10225,2002-09-17T17:25:56-05:00,Steven J. Baskauf,https://bioimages.vanderbilt.edu/baskauf/15662,https://bioimages.vanderbilt.edu/tn/baskauf/tpist--wp15662.jpg,https://bioimages.vanderbilt.edu/gq/baskauf/gpist--wp15662.jpg,
baskauf/90988,baskauf_90988.jpg,Pinus strobus,eastern white pine,Pinaceae,whole plant,whole tree,general,030101,whole tree / general,whole-tree,vanderbilt/10-83,2014-09-03T16:47:42-05:00,Steven J. Baskauf,https://bioimages.vanderbilt.edu/baskauf/90988,https://bioimages.vanderbilt.edu/tn/baskauf/t90988.jpg,https://bioimages.vanderbilt.edu/gq/baskauf/g90988.jpg,
baskauf/89397,baskauf_89397.jpg,Pinus strobus,eastern white pine,Pinaceae,whole plant,whole tree (or vine),winter,010102,whole tree (or vine) / winter,whole-tree,vanderbilt/10-83,2013-12-11T13:53:54-06:00,Steven J. Baskauf,https://bioimages.vanderbilt.edu/baskauf/89397,https://bioimages.vanderbilt.edu/tn/baskauf/t89397.jpg,https://bioimages.vanderbilt.edu/gq/baskauf/g89397.jpg,
baskauf/11094,baskauf_11094.jpg,Pinus strobus,eastern white pine,Pinaceae,bark,bark,of a medium tree or large branch,030202,bark / of a medium tree or large branch,bark,ind-baskauf/10225,2002-05-16T18:45:25-05:00,Steven J. Baskauf,https://bioimages.vanderbilt.edu/baskauf/11094,https://bioimages.vanderbilt.edu/tn/baskauf/tpist--br11094.jpg,https://bioimages.vanderbilt.edu/gq/baskauf/gpist--br11094.jpg,
baskauf/17544,baskauf_17544.jpg,Pinus strobus,eastern white pine,Pinaceae,bark,bark,of a medium tree or large branch,030202,bark / of a medium tree or large branch,bark,vanderbilt/6-15,2003-03-04T11:33:48-06:00,Steven J. Baskauf,https://bioimages.vanderbilt.edu/baskauf/17544,https://bioimages.vanderbilt.edu/tn/baskauf/tpist--brmedium17544.jpg,https://bioimages.vanderbilt.edu/gq/baskauf/gpist--brmedium17544.jpg,
baskauf/17548,baskauf_17548.jpg,Pinus strobus,eastern white pine,Pinaceae,bark,bark,of a medium tree or large branch,030202,bark / of a medium tree or large branch,bark,ind-baskauf/17548,2003-03-04T11:35:22-06:00,Steven J. Baskauf,https://bioimages.vanderbilt.edu/baskauf/17548,https://bioimages.vanderbilt.edu/tn/baskauf/tpist--brlarge17548.jpg,https://bioimages.vanderbilt.edu/gq/baskauf/gpist--brlarge17548.jpg,
baskauf/17546,baskauf_17546.jpg,Pinus strobus,eastern white pine,Pinaceae,bark,bark,of a small tree or small branch,030203,bark / of a small tree or small branch,bark,vanderbilt/6-15,2003-03-04T11:34:38-06:00,Steven J. Baskauf,https://bioimages.vanderbilt.edu/baskauf/17546,https://bioimages.vanderbilt.edu/tn/baskauf/tpist--brsmall17546.jpg,https://bioimages.vanderbilt.edu/gq/baskauf/gpist--brsmall17546.jpg,
baskauf/17542,baskauf_17542.jpg,Pinus strobus,eastern white pine,Pinaceae,twig,twig,showing attachment of needles,030302,twig / showing attachment of needles,twig,vanderbilt/6-15,2003-03-04T11:33:18-06:00,Steven J. Baskauf,https://bioimages.vanderbilt.edu/baskauf/17542,https://bioimages.vanderbilt.edu/tn/baskauf/tpist--tw17542.jpg,https://bioimages.vanderbilt.edu/gq/baskauf/gpist--tw17542.jpg,
baskauf/11093,baskauf_11093.jpg,Pinus strobus,eastern white pine,Pinaceae,needle,leaf,entire needle,030401,leaf / entire needle,leaf,ind-baskauf/10225,2002-05-16T18:44:38-05:00,Steven J. Baskauf,https://bioimages.vanderbilt.edu/baskauf/11093,https://bioimages.vanderbilt.edu/tn/baskauf/tpist--lffascicles11093.jpg,https://bioimages.vanderbilt.edu/gq/baskauf/gpist--lffascicles11093.jpg,
baskauf/15663,baskauf_15663.jpg,Pinus strobus,eastern white pine,Pinaceae,needle,leaf,entire needle,030401,leaf / entire needle,leaf,ind-baskauf/10225,2002-09-17T17:26:34-05:00,Steven J. Baskauf,https://bioimages.vanderbilt.edu/baskauf/15663,https://bioimages.vanderbilt.edu/tn/baskauf/tpist--lfcloseup15663.jpg,https://bioimages.vanderbilt.edu/gq/baskauf/gpist--lfcloseup15663.jpg,
baskauf/54826,baskauf_54826.jpg,Pinus strobus,eastern white pine,Pinaceae,needle,leaf,unspecified,030400,leaf / unspecified,leaf,ind-baskauf/54837,2006-08-08T13:33:38-04:00,Steven J. Baskauf,https://bioimages.vanderbilt.edu/baskauf/54826,https://bioimages.vanderbilt.edu/tn/baskauf/tpist--lfmicro54826.jpg,https://bioimages.vanderbilt.edu/gq/baskauf/gpist--lfmicro54826.jpg,unspecified view
baskauf/54828,baskauf_54828.jpg,Pinus strobus,eastern white pine,Pinaceae,needle,leaf,unspecified,030400,leaf / unspecified,leaf,ind-baskauf/54837,2006-08-08T13:35:29-04:00,Steven J. Baskauf,https://bioimages.vanderbilt.edu/baskauf/54828,https://bioimages.vanderbilt.edu/tn/baskauf/tpist--lfmicro54828.jpg,https://bioimages.vanderbilt.edu/gq/baskauf/gpist--lfmicro54828.jpg,unspecified view
baskauf/54834,baskauf_54834.jpg,Pinus strobus,eastern white pine,Pinaceae,needle,leaf,unspecified,030400,leaf / unspecified,leaf,ind-baskauf/54837,2006-08-08T13:39:39-04:00,Steven J. Baskauf,https://bioimages.vanderbilt.edu/baskauf/54834,https://bioimages.vanderbilt.edu/tn/baskauf/tpist--lfmicro54834.jpg,https://bioimages.vanderbilt.edu/gq/baskauf/gpist--lfmicro54834.jpg,unspecified view
baskauf/54836,baskauf_54836.jpg,Pinus strobus,eastern white pine,Pinaceae,needle,leaf,unspecified,030400,leaf / unspecified,leaf,ind-baskauf/54837,2006-08-08T13:41:51-04:00,Steven J. Baskauf,https://bioimages.vanderbilt.edu/baskauf/54836,https://bioimages.vanderbilt.edu/tn/baskauf/tpist--lfmicro54836.jpg,https://bioimages.vanderbilt.edu/gq/baskauf/gpist--lfmicro54836.jpg,unspecified view
baskauf/13417,baskauf_13417.jpg,Pinus strobus,eastern white pine,Pinaceae,cone,cone,female - closed,030503,cone / female - closed,cone,vanderbilt/1-125,2002-06-28T11:07:31-05:00,Steven J. Baskauf,https://bioimages.vanderbilt.edu/baskauf/13417,https://bioimages.vanderbilt.edu/tn/baskauf/tpist--codevel-female13417.jpg,https://bioimages.vanderbilt.edu/gq/baskauf/gpist--codevel-female13417.jpg,
baskauf/13418,baskauf_13418.jpg,Pinus strobus,eastern white pine,Pinaceae,cone,cone,female - closed,030503,cone / female - closed,cone,vanderbilt/1-125,2002-06-28T11:08:49-05:00,Steven J. Baskauf,https://bioimages.vanderbilt.edu/baskauf/13418,https://bioimages.vanderbilt.edu/tn/baskauf/tpist--codevel-female13418.jpg,https://bioimages.vanderbilt.edu/gq/baskauf/gpist--codevel-female13418.jpg,
baskauf/10225,baskauf_10225.jpg,Pinus strobus,eastern white pine,Pinaceae,cone,cone,female - mature open,030502,cone / female - mature open,cone,ind-baskauf/10225,2001-11-19T12:44:20-06:00,Steven J. Baskauf,https://bioimages.vanderbilt.edu/baskauf/10225,https://bioimages.vanderbilt.edu/tn/baskauf/tpist--cofemale-dist10225.jpg,https://bioimages.vanderbilt.edu/gq/baskauf/gpist--cofemale-dist10225.jpg,
baskauf/15225,baskauf_15225.jpg,Pinus strobus,eastern white pine,Pinaceae,cone,cone,female - mature open,030502,cone / female - mature open,cone,ind-baskauf/15225,2002-09-09T09:41:52-05:00,Steven J. Baskauf,https://bioimages.vanderbilt.edu/baskauf/15225,https://bioimages.vanderbilt.edu/tn/baskauf/tpist--cofemale15225.jpg,https://bioimages.vanderbilt.edu/gq/baskauf/gpist--cofemale15225.jpg,
baskauf/34222,baskauf_34222.jpg,Pinus strobus,eastern white pine,Pinaceae,cone,cone,female - receptive,030504,cone / female - receptive,cone,ind-baskauf/34215,2004-05-13T07:44:50-05:00,Steven J. Baskauf,https://bioimages.vanderbilt.edu/baskauf/34222,https://bioimages.vanderbilt.edu/tn/baskauf/tpist--cofemale-recept34222.jpg,https://bioimages.vanderbilt.edu/gq/baskauf/gpist--cofemale-recept34222.jpg,
baskauf/11091,baskauf_11091.jpg,Pinus strobus,eastern white pine,Pinaceae,cone,cone,male,030501,cone / male,cone,ind-baskauf/10225,2002-05-16T18:42:45-05:00,Steven J. Baskauf,https://bioimages.vanderbilt.edu/baskauf/11091,https://bioimages.vanderbilt.edu/tn/baskauf/tpist--comale11091.jpg,https://bioimages.vanderbilt.edu/gq/baskauf/gpist--comale11091.jpg,
baskauf/34216,baskauf_34216.jpg,Pinus strobus,eastern white pine,Pinaceae,cone,cone,male,030501,cone / male,cone,ind-baskauf/34215,2004-05-13T07:42:32-05:00,Steven J. Baskauf,https://bioimages.vanderbilt.edu/baskauf/34216,https://bioimages.vanderbilt.edu/tn/baskauf/tpist--comale-distant34216.jpg,https://bioimages.vanderbilt.edu/gq/baskauf/gpist--comale-distant34216.jpg,
baskauf/34219,baskauf_34219.jpg,Pinus strobus,eastern white pine,Pinaceae,cone,cone,male,030501,cone / male,cone,ind-baskauf/34215,2004-05-13T07:43:43-05:00,Steven J. Baskauf,https://bioimages.vanderbilt.edu/baskauf/34219,https://bioimages.vanderbilt.edu/tn/baskauf/tpist--comale34219.jpg,https://bioimages.vanderbilt.edu/gq/baskauf/gpist--comale34219.jpg,
baskauf/15370,baskauf_15370.jpg,Platanus occidentalis,American sycamore,Platanaceae,whole plant,whole tree (or vine),general,010101,whole tree (or vine) / general,whole-tree,ind-baskauf/15358,2002-09-14T14:26:57-05:00,Steven J. Baskauf,https://bioimages.vanderbilt.edu/baskauf/15370,https://bioimages.vanderbilt.edu/tn/baskauf/tploc--wp15370.jpg,https://bioimages.vanderbilt.edu/gq/baskauf/gploc--wp15370.jpg,
baskauf/90872,baskauf_90872.jpg,Platanus occidentalis,American sycamore,Platanaceae,whole plant,whole tree (or vine),general,010101,whole tree (or vine) / general,whole-tree,vanderbilt/11-283,2014-09-02T12:48:25-05:00,Steven J. Baskauf,https://bioimages.vanderbilt.edu/baskauf/90872,https://bioimages.vanderbilt.edu/tn/baskauf/t90872.jpg,https://bioimages.vanderbilt.edu/gq/baskauf/g90872.jpg,
baskauf/90874,baskauf_90874.jpg,Platanus occidentalis,American sycamore,Platanaceae,whole plant,whole tree (or vine),general,010101,whole tree (or vine) / general,whole-tree,vanderbilt/11-283,2014-09-02T12:49:25-05:00,Steven J. Baskauf,https://bioimages.vanderbilt.edu/baskauf/90874,https://bioimages.vanderbilt.edu/tn/baskauf/t90874.jpg,https://bioimages.vanderbilt.edu/gq/baskauf/g90874.jpg,
baskauf/90911,baskauf_90911.jpg,Platanus occidentalis,American sycamore,Platanaceae,whole plant,whole tree (or vine),general,010101,whole tree (or vine) / general,whole-tree,vanderbilt/7-205,2014-09-03T10:43:20-05:00,Steven J. Baskauf,https://bioimages.vanderbilt.edu/baskauf/90911,https://bioimages.vanderbilt.edu/tn/baskauf/t90911.jpg,https://bioimages.vanderbilt.edu/gq/baskauf/g90911.jpg,
baskauf/91123,baskauf_91123.jpg,Platanus occidentalis,American sycamore,Platanaceae,whole plant,whole tree (or vine),general,010101,whole tree (or vine) / general,whole-tree,vanderbilt/12-90,2014-09-11T17:11:14-05:00,Steven J. Baskauf,https://bioimages.vanderbilt.edu/baskauf/91123,https://bioimages.vanderbilt.edu/tn/baskauf/t91123.jpg,https://bioimages.vanderbilt.edu/gq/baskauf/g91123.jpg,
baskauf/15367,baskauf_15367.jpg,Platanus occidentalis,American sycamore,Platanaceae,whole plant,whole tree (or vine),view up trunk,010103,whole tree (or vine) / view up trunk,whole-tree,ind-baskauf/15358,2002-09-14T14:26:07-05:00,Steven J. Baskauf,https://bioimages.vanderbilt.edu/baskauf/15367,https://bioimages.vanderbilt.edu/tn/baskauf/tploc--wplookup15367.jpg,https://bioimages.vanderbilt.edu/gq/baskauf/gploc--wplookup15367.jpg,
baskauf/89954,baskauf_89954.jpg,Platanus occidentalis,American sycamore,Platanaceae,whole plant,whole tree (or vine),view up trunk,010103,whole tree (or vine) / view up trunk,whole-tree,vanderbilt/11-283,2014-03-13T11:57:08-05:00,Steven J. Baskauf,https://bioimages.vanderbilt.edu/baskauf/89954,https://bioimages.vanderbilt.edu/tn/baskauf/t89954.jpg,https://bioimages.vanderbilt.edu/gq/baskauf/g89954.jpg,
baskauf/10336,baskauf_10336.jpg,Platanus occidentalis,American sycamore,Platanaceae,whole plant,whole tree (or vine),winter,010102,whole tree (or vine) / winter,whole-tree,ind-baskauf/10336,2002-02-23T17:45:10-06:00,Steven J. Baskauf,https://bioimages.vanderbilt.edu/baskauf/10336,https://bioimages.vanderbilt.edu/tn/baskauf/tploc--wplarge-winter10336.jpg,https://bioimages.vanderbilt.edu/gq/baskauf/gploc--wplarge-winter10336.jpg,
baskauf/10338,baskauf_10338.jpg,Platanus occidentalis,American sycamore,Platanaceae,whole plant,whole tree (or vine),winter,010102,whole tree (or vine) / winter,whole-tree,ind-baskauf/10338,2002-02-25T08:51:44-06:00,Steven J. Baskauf,https://bioimages.vanderbilt.edu/baskauf/10338,https://bioimages.vanderbilt.edu/tn/baskauf/tploc--wpmedium10338.jpg,https://bioimages.vanderbilt.edu/gq/baskauf/gploc--wpmedium10338.jpg,
baskauf/89394,baskauf_89394.jpg,Platanus occidentalis,American sycamore,Platanaceae,whole plant,whole tree (or vine),winter,010102,whole tree (or vine) / winter,whole-tree,vanderbilt/7-205,2013-12-11T13:52:48-06:00,Steven J. Baskauf,https://bioimages.vanderbilt.edu/baskauf/89394,https://bioimages.vanderbilt.edu/tn/baskauf/t89394.jpg,https://bioimages.vanderbilt.edu/gq/baskauf/g89394.jpg,
baskauf/89960a,baskauf_89960a.jpg,Platanus occidentalis,American sycamore,Platanaceae,whole plant,whole tree (or vine),winter,010102,whole tree (or vine) / winter,whole-tree,vanderbilt/11-283,2014-03-13T11:59:07-05:00,Steven J. Baskauf,https://bioimages.vanderbilt.edu/baskauf/89960a,https://bioimages.vanderbilt.edu/tn/baskauf/t89960a.jpg,https://bioimages.vanderbilt.edu/gq/baskauf/g89960a.jpg,
baskauf/89963,baskauf_89963.jpg,Platanus occidentalis,American sycamore,Platanaceae,whole plant,whole tree (or vine),winter,010102,whole tree (or vine) / winter,whole-tree,vanderbilt/11-283,2014-03-13T12:00:26-05:00,Steven J. Baskauf,https://bioimages.vanderbilt.edu/baskauf/89963,https://bioimages.vanderbilt.edu/tn/baskauf/t89963.jpg,https://bioimages.vanderbilt.edu/gq/baskauf/g89963.jpg,
baskauf/10462,baskauf_10462.jpg,Platanus occidentalis,American sycamore,Platanaceae,bark,bark,of a large tree,010201,bark / of a large tree,bark,ind-baskauf/10462,2002-04-03T12:22:46-06:00,Steven J. Baskauf,https://bioimages.vanderbilt.edu/baskauf/10462,https://bioimages.vanderbilt.edu/tn/baskauf/tploc--br10462.jpg,https://bioimages.vanderbilt.edu/gq/baskauf/gploc--br10462.jpg,
baskauf/89955,baskauf_89955.jpg,Platanus occidentalis,American sycamore,Platanaceae,bark,bark,of a large tree,010201,bark / of a large tree,bark,vanderbilt/11-283,2014-03-13T11:57:38-05:00,Steven J. Baskauf,https://bioimages.vanderbilt.edu/baskauf/89955,https://bioimages.vanderbilt.edu/tn/baskauf/t89955.jpg,https://bioimages.vanderbilt.edu/gq/baskauf/g89955.jpg,
baskauf/39162,baskauf_39162.jpg,Platanus occidentalis,American sycamore,Platanaceae,twig,twig,close-up winter leaf scar/bud,010303,twig / close-up winter leaf scar/bud,twig,ind-baskauf/39130,2005-04-08T13:55:39-05:00,Steven J. Baskauf,https://bioimages.vanderbilt.edu/baskauf/39162,https://bioimages.vanderbilt.edu/tn/baskauf/tploc--twalternate-buds39162.jpg,https://bioimages.vanderbilt.edu/gq/baskauf/gploc--twalternate-buds39162.jpg,
baskauf/39134,baskauf_39134.jpg,Platanus occidentalis,American sycamore,Platanaceae,twig,twig,close-up winter terminal bud,010304,twig / close-up winter terminal bud,twig,ind-baskauf/39130,2005-04-08T12:42:13-05:00,Steven J. Baskauf,https://bioimages.vanderbilt.edu/baskauf/39134,https://bioimages.vanderbilt.edu/tn/baskauf/tploc--twleaf-scar39134.jpg,https://bioimages.vanderbilt.edu/gq/baskauf/gploc--twleaf-scar39134.jpg,
baskauf/39142,baskauf_39142.jpg,Platanus occidentalis,American sycamore,Platanaceae,twig,twig,close-up winter terminal bud,010304,twig / close-up winter terminal bud,twig,ind-baskauf/39130,2005-04-08T13:12:48-05:00,Steven J. Baskauf,https://bioimages.vanderbilt.edu/baskauf/39142,https://bioimages.vanderbilt.edu/tn/baskauf/tploc--twterminal-bud39142.jpg,https://bioimages.vanderbilt.edu/gq/baskauf/gploc--twterminal-bud39142.jpg,
baskauf/39152,baskauf_39152.jpg,Platanus occidentalis,American sycamore,Platanaceae,twig,twig,close-up winter terminal bud,010304,twig / close-up winter terminal bud,twig,ind-baskauf/39130,2005-04-08T13:51:19-05:00,Steven J. Baskauf,https://bioimages.vanderbilt.edu/baskauf/39152,https://bioimages.vanderbilt.edu/tn/baskauf/tploc--twtwig-scar39152.jpg,https://bioimages.vanderbilt.edu/gq/baskauf/gploc--twtwig-scar39152.jpg,
baskauf/15129,baskauf_15129.jpg,Platanus occidentalis,American sycamore,Platanaceae,twig,twig,orientation of petioles,010301,twig / orientation of petioles,twig,ind-baskauf/15129,2002-09-08T16:39:34-05:00,Steven J. Baskauf,https://bioimages.vanderbilt.edu/baskauf/15129,https://bioimages.vanderbilt.edu/tn/baskauf/tploc--tw15129.jpg,https://bioimages.vanderbilt.edu/gq/baskauf/gploc--tw15129.jpg,
baskauf/15360,baskauf_15360.jpg,Platanus occidentalis,American sycamore,Platanaceae,twig,twig,orientation of petioles,010301,twig / orientation of petioles,twig,ind-baskauf/15358,2002-09-14T14:21:31-05:00,Steven J. Baskauf,https://bioimages.vanderbilt.edu/baskauf/15360,https://bioimages.vanderbilt.edu/tn/baskauf/tploc--tw15360.jpg,https://bioimages.vanderbilt.edu/gq/baskauf/gploc--tw15360.jpg,
baskauf/15363,baskauf_15363.jpg,Platanus occidentalis,American sycamore,Platanaceae,twig,twig,orientation of petioles,010301,twig / orientation of petioles,twig,ind-baskauf/15358,2002-09-14T14:22:49-05:00,Steven J. Baskauf,https://bioimages.vanderbilt.edu/baskauf/15363,https://bioimages.vanderbilt.edu/tn/baskauf/tploc--tw15363.jpg,https://bioimages.vanderbilt.edu/gq/baskauf/gploc--tw15363.jpg,
baskauf/17313,baskauf_17313.jpg,Platanus occidentalis,American sycamore,Platanaceae,twig,twig,winter overall,010302,twig / winter overall,twig,ind-baskauf/15129,2003-03-03T10:13:59-06:00,Steven J. Baskauf,https://bioimages.vanderbilt.edu/baskauf/17313,https://bioimages.vanderbilt.edu/tn/baskauf/tploc--twterminal-bud17313.jpg,https://bioimages.vanderbilt.edu/gq/baskauf/gploc--twterminal-bud17313.jpg,
baskauf/17316,baskauf_17316.jpg,Platanus occidentalis,American sycamore,Platanaceae,twig,twig,winter overall,010302,twig / winter overall,twig,ind-baskauf/15129,2003-03-03T10:15:11-06:00,Steven J. Baskauf,https://bioimages.vanderbilt.edu/baskauf/17316,https://bioimages.vanderbilt.edu/tn/baskauf/tploc--twleaf-scar17316.jpg,https://bioimages.vanderbilt.edu/gq/baskauf/gploc--twleaf-scar17316.jpg,
baskauf/15364,baskauf_15364.jpg,Platanus occidentalis,American sycamore,Platanaceae,leaf,leaf,margin of upper + lower surface,010402,leaf / margin of upper + lower surface,leaf,ind-baskauf/15358,2002-09-14T14:24:00-05:00,Steven J. Baskauf,https://bioimages.vanderbilt.edu/baskauf/15364,https://bioimages.vanderbilt.edu/tn/baskauf/tploc--lfmargin-uplow15364.jpg,https://bioimages.vanderbilt.edu/gq/baskauf/gploc--lfmargin-uplow15364.jpg,
baskauf/11124,baskauf_11124.jpg,Platanus occidentalis,American sycamore,Platanaceae,leaf,leaf,whole upper surface,010401,leaf / whole upper surface,leaf,vanderbilt/12-90,2002-05-21T08:37:01-05:00,Steven J. Baskauf,https://bioimages.vanderbilt.edu/baskauf/11124,https://bioimages.vanderbilt.edu/tn/baskauf/tploc--lf11124.jpg,https://bioimages.vanderbilt.edu/gq/baskauf/gploc--lf11124.jpg,
baskauf/15358,baskauf_15358.jpg,Platanus occidentalis,American sycamore,Platanaceae,leaf,leaf,whole upper surface,010401,leaf / whole upper surface,leaf,ind-baskauf/15358,2002-09-14T14:20:38-05:00,Steven J. Baskauf,https://bioimages.vanderbilt.edu/baskauf/15358,https://bioimages.vanderbilt.edu/tn/baskauf/tploc--lf15358.jpg,https://bioimages.vanderbilt.edu/gq/baskauf/gploc--lf15358.jpg,
baskauf/29666,baskauf_29666.jpg,Platanus occidentalis,American sycamore,Platanaceae,leaf,leaf,whole upper surface,010401,leaf / whole upper surface,leaf,vanderbilt/7-205,2003-09-29T09:02:20-05:00,Steven J. Baskauf,https://bioimages.vanderbilt.edu/baskauf/29666,https://bioimages.vanderbilt.edu/tn/baskauf/tploc--lf29666.jpg,https://bioimages.vanderbilt.edu/gq/baskauf/gploc--lf29666.jpg,
baskauf/19402,baskauf_19402.jpg,Platanus occidentalis,American sycamore,Platanaceae,flower,inflorescence,lateral view of flower,010504,inflorescence / lateral view of flower,flower,vanderbilt/12-90,2003-04-03T13:38:19-06:00,Steven J. Baskauf,https://bioimages.vanderbilt.edu/baskauf/19402,https://bioimages.vanderbilt.edu/tn/baskauf/tploc--flfemale19402.jpg,https://bioimages.vanderbilt.edu/gq/baskauf/gploc--flfemale19402.jpg,
baskauf/11125,baskauf_11125.jpg,Platanus occidentalis,American sycamore,Platanaceae,flower,inflorescence,whole - female,010502,inflorescence / whole - female,flower,vanderbilt/12-90,2002-05-21T08:38:20-05:00,Steven J. Baskauf,https://bioimages.vanderbilt.edu/baskauf/11125,https://bioimages.vanderbilt.edu/tn/baskauf/tploc--flfemale-inflor11125.jpg,https://bioimages.vanderbilt.edu/gq/baskauf/gploc--flfemale-inflor11125.jpg,
baskauf/11127,baskauf_11127.jpg,Platanus occidentalis,American sycamore,Platanaceae,flower,inflorescence,whole - female,010502,inflorescence / whole - female,flower,vanderbilt/12-90,2002-05-21T08:39:04-05:00,Steven J. Baskauf,https://bioimages.vanderbilt.edu/baskauf/11127,https://bioimages.vanderbilt.edu/tn/baskauf/tploc--flinflor-close11127.jpg,https://bioimages.vanderbilt.edu/gq/baskauf/gploc--flinflor-close11127.jpg,
baskauf/19392,baskauf_19392.jpg,Platanus occidentalis,American sycamore,Platanaceae,flower,inflorescence,whole - unspecified,010501,inflorescence / whole - unspecified,flower,vanderbilt/12-90,2003-04-03T13:36:21-06:00,Steven J. Baskauf,https://bioimages.vanderbilt.edu/baskauf/19392,https://bioimages.vanderbilt.edu/tn/baskauf/tploc--fl19392.jpg,https://bioimages.vanderbilt.edu/gq/baskauf/gploc--fl19392.jpg,unspecified view
baskauf/10464,baskauf_10464.jpg,Platanus occidentalis,American sycamore,Platanaceae,fruit,fruit,as borne on the plant,010601,fruit / as borne on the plant,fruit,ind-baskauf/10462,2002-04-03T12:24:58-06:00,Steven J. Baskauf,https://bioimages.vanderbilt.edu/baskauf/10464,https://bioimages.vanderbilt.edu/tn/baskauf/tploc--frdistant10464.jpg,https://bioimages.vanderbilt.edu/gq/baskauf/gploc--frdistant10464.jpg,
baskauf/16835,baskauf_16835.jpg,Platanus occidentalis,American sycamore,Platanaceae,fruit,fruit,as borne on the plant,010601,fruit / as borne on the plant,fruit,ind-baskauf/16835,2002-11-10T15:22:09-06:00,Steven J. Baskauf,https://bioimages.vanderbilt.edu/baskauf/16835,https://bioimages.vanderbilt.edu/tn/baskauf/tploc--frin-fruit16835.jpg,https://bioimages.vanderbilt.edu/gq/baskauf/gploc--frin-fruit16835.jpg,
baskauf/10463,baskauf_10463.jpg,Platanus occidentalis,American sycamore,Platanaceae,fruit,fruit,section or open,010603,fruit / section or open,fruit,ind-baskauf/10462,2002-04-03T12:24:17-06:00,Steven J. Baskauf,https://bioimages.vanderbilt.edu/baskauf/10463,https://bioimages.vanderbilt.edu/tn/baskauf/tploc--frmature10463.jpg,https://bioimages.vanderbilt.edu/gq/baskauf/gploc--frmature10463.jpg,
baskauf/15335,baskauf_15335.jpg,Populus deltoides,eastern cottonwood,Salicaceae,whole plant,whole tree (or vine),general,010101,whole tree (or vine) / general,whole-tree,ind-baskauf/15335,2002-09-13T08:09:58-05:00,Steven J. Baskauf,https://bioimages.vanderbilt.edu/baskauf/15335,https://bioimages.vanderbilt.edu/tn/baskauf/tpode3-wp15335.jpg,https://bioimages.vanderbilt.edu/gq/baskauf/gpode3-wp15335.jpg,
baskauf/90802,baskauf_90802.jpg,Populus deltoides,eastern cottonwood,Salicaceae,whole plant,whole tree (or vine),general,010101,whole tree (or vine) / general,whole-tree,vanderbilt/8-103,2014-08-27T10:41:11-05:00,Steven J. Baskauf,https://bioimages.vanderbilt.edu/baskauf/90802,https://bioimages.vanderbilt.edu/tn/baskauf/t90802.jpg,https://bioimages.vanderbilt.edu/gq/baskauf/g90802.jpg,
baskauf/90804,baskauf_90804.jpg,Populus deltoides,eastern cottonwood,Salicaceae,whole plant,whole tree (or vine),view up trunk,010103,whole tree (or vine) / view up trunk,whole-tree,vanderbilt/8-103,2014-08-27T10:42:07-05:00,Steven J. Baskauf,https://bioimages.vanderbilt.edu/baskauf/90804,https://bioimages.vanderbilt.edu/tn/baskauf/t90804.jpg,https://bioimages.vanderbilt.edu/gq/baskauf/g90804.jpg,
baskauf/11066,baskauf_11066.jpg,Populus deltoides,eastern cottonwood,Salicaceae,bark,bark,of a large tree,010201,bark / of a large tree,bark,ind-baskauf/11064,2002-05-16T11:21:51-05:00,Steven J. Baskauf,https://bioimages.vanderbilt.edu/baskauf/11066,https://bioimages.vanderbilt.edu/tn/baskauf/tpode3-brlarge11066.jpg,https://bioimages.vanderbilt.edu/gq/baskauf/gpode3-brlarge11066.jpg,
baskauf/15347,baskauf_15347.jpg,Populus deltoides,eastern cottonwood,Salicaceae,twig,twig,close-up winter leaf scar/bud,010303,twig / close-up winter leaf scar/bud,twig,ind-baskauf/15335,2002-09-13T08:51:15-05:00,Steven J. Baskauf,https://bioimages.vanderbilt.edu/baskauf/15347,https://bioimages.vanderbilt.edu/tn/baskauf/tpode3-tw15347.jpg,https://bioimages.vanderbilt.edu/gq/baskauf/gpode3-tw15347.jpg,
baskauf/15346,baskauf_15346.jpg,Populus deltoides,eastern cottonwood,Salicaceae,twig,twig,orientation of petioles,010301,twig / orientation of petioles,twig,ind-baskauf/15335,2002-09-13T08:50:26-05:00,Steven J. Baskauf,https://bioimages.vanderbilt.edu/baskauf/15346,https://bioimages.vanderbilt.edu/tn/baskauf/tpode3-twwinter-buds15346.jpg,https://bioimages.vanderbilt.edu/gq/baskauf/gpode3-twwinter-buds15346.jpg,
baskauf/15343,baskauf_15343.jpg,Populus deltoides,eastern cottonwood,Salicaceae,leaf,leaf,margin of upper + lower surface,010402,leaf / margin of upper + lower surface,leaf,ind-baskauf/15335,2002-09-13T08:49:13-05:00,Steven J. Baskauf,https://bioimages.vanderbilt.edu/baskauf/15343,https://bioimages.vanderbilt.edu/tn/baskauf/tpode3-lfmargin-uplow15343.jpg,https://bioimages.vanderbilt.edu/gq/baskauf/gpode3-lfmargin-uplow15343.jpg,
baskauf/11070,baskauf_11070.jpg,Populus deltoides,eastern cottonwood,Salicaceae,leaf,leaf,whole upper surface,010401,leaf / whole upper surface,leaf,ind-baskauf/11064,2002-05-16T11:28:17-05:00,Steven J. Baskauf,https://bioimages.vanderbilt.edu/baskauf/11070,https://bioimages.vanderbilt.edu/tn/baskauf/tpode3-lf11070.jpg,https://bioimages.vanderbilt.edu/gq/baskauf/gpode3-lf11070.jpg,
baskauf/15339,baskauf_15339.jpg,Populus deltoides,eastern cottonwood,Salicaceae,leaf,leaf,whole upper surface,010401,leaf / whole upper surface,leaf,ind-baskauf/15335,2002-09-13T08:48:17-05:00,Steven J. Baskauf,https://bioimages.vanderbilt.edu/baskauf/15339,https://bioimages.vanderbilt.edu/tn/baskauf/tpode3-lf15339.jpg,https://bioimages.vanderbilt.edu/gq/baskauf/gpode3-lf15339.jpg,
baskauf/31457,baskauf_31457.jpg,Populus deltoides,eastern cottonwood,Salicaceae,flower,inflorescence,whole - female,010502,inflorescence / whole - female,flower,ind-baskauf/31457,2004-03-22T09:41:00-06:00,Steven J. Baskauf,https://bioimages.vanderbilt.edu/baskauf/31457,https://bioimages.vanderbilt.edu/tn/baskauf/tpode3-flfemale-dist31457.jpg,https://bioimages.vanderbilt.edu/gq/baskauf/gpode3-flfemale-dist31457.jpg,
baskauf/31459,baskauf_31459.jpg,Populus deltoides,eastern cottonwood,Salicaceae,flower,inflorescence,whole - female,010502,inflorescence / whole - female,flower,ind-baskauf/31457,2004-03-22T09:41:51-06:00,Steven J. Baskauf,https://bioimages.vanderbilt.edu/baskauf/31459,https://bioimages.vanderbilt.edu/tn/baskauf/tpode3-flfemale-close31459.jpg,https://bioimages.vanderbilt.edu/gq/baskauf/gpode3-flfemale-close31459.jpg,
baskauf/31462,baskauf_31462.jpg,Populus deltoides,eastern cottonwood,Salicaceae,flower,inflorescence,whole - female,010502,inflorescence / whole - female,flower,ind-baskauf/31457,2004-03-22T09:42:19-06:00,Steven J. Baskauf,https://bioimages.vanderbilt.edu/baskauf/31462,https://bioimages.vanderbilt.edu/tn/baskauf/tpode3-flfemale31462.jpg,https://bioimages.vanderbilt.edu/gq/baskauf/gpode3-flfemale31462.jpg,
baskauf/31433,baskauf_31433.jpg,Populus deltoides,eastern cottonwood,Salicaceae,flower,inflorescence,whole - male,010503,inflorescence / whole - male,flower,ind-baskauf/31433,2004-03-21T14:34:50-06:00,Steven J. Baskauf,https://bioimages.vanderbilt.edu/baskauf/31433,https://bioimages.vanderbilt.edu/tn/baskauf/tpode3-flmale-distant31433.jpg,https://bioimages.vanderbilt.edu/gq/baskauf/gpode3-flmale-distant31433.jpg,
baskauf/31447,baskauf_31447.jpg,Populus deltoides,eastern cottonwood,Salicaceae,flower,inflorescence,whole - male,010503,inflorescence / whole - male,flower,ind-baskauf/31433,2004-03-21T14:54:35-06:00,Steven J. Baskauf,https://bioimages.vanderbilt.edu/baskauf/31447,https://bioimages.vanderbilt.edu/tn/baskauf/tpode3-flmale31447.jpg,https://bioimages.vanderbilt.edu/gq/baskauf/gpode3-flmale31447.jpg,
baskauf/31453,baskauf_31453.jpg,Populus deltoides,eastern cottonwood,Salicaceae,flower,inflorescence,whole - male,010503,inflorescence / whole - male,flower,ind-baskauf/31433,2004-03-21T15:01:08-06:00,Steven J. Baskauf,https://bioimages.vanderbilt.edu/baskauf/31453,https://bioimages.vanderbilt.edu/tn/baskauf/tpode3-flmale-close31453.jpg,https://bioimages.vanderbilt.edu/gq/baskauf/gpode3-flmale-close31453.jpg,
baskauf/31468,baskauf_31468.jpg,Populus deltoides,eastern cottonwood,Salicaceae,flower,inflorescence,whole - male,010503,inflorescence / whole - male,flower,ind-baskauf/31433,2004-03-23T19:07:24-06:00,Steven J. Baskauf,https://bioimages.vanderbilt.edu/baskauf/31468,https://bioimages.vanderbilt.edu/tn/baskauf/tpode3-flmale-pollen31468.jpg,https://bioimages.vanderbilt.edu/gq/baskauf/gpode3-flmale-pollen31468.jpg,
baskauf/11054,baskauf_11054.jpg,Populus deltoides,eastern cottonwood,Salicaceae,fruit,fruit,as borne on the plant,010601,fruit / as borne on the plant,fruit,ind-baskauf/11053,2002-05-16T11:08:29-05:00,Steven J. Baskauf,https://bioimages.vanderbilt.edu/baskauf/11054,https://bioimages.vanderbilt.edu/tn/baskauf/tpode3-frin-fruit11054.jpg,https://bioimages.vanderbilt.edu/gq/baskauf/gpode3-frin-fruit11054.jpg,
baskauf/11064,baskauf_11064.jpg,Populus deltoides,eastern cottonwood,Salicaceae,fruit,fruit,as borne on the plant,010601,fruit / as borne on the plant,fruit,ind-baskauf/11064,2002-05-16T11:20:15-05:00,Steven J. Baskauf,https://bioimages.vanderbilt.edu/baskauf/11064,https://bioimages.vanderbilt.edu/tn/baskauf/tpode3-frin-fruit11064.jpg,https://bioimages.vanderbilt.edu/gq/baskauf/gpode3-frin-fruit11064.jpg,
baskauf/11053,baskauf_11053.jpg,Populus deltoides,eastern cottonwood,Salicaceae,fruit,fruit,section or open,010603,fruit / section or open,fruit,ind-baskauf/11053,2002-05-16T11:05:58-05:00,Steven J. Baskauf,https://bioimages.vanderbilt.edu/baskauf/11053,https://bioimages.vanderbilt.edu/tn/baskauf/tpode3-fr11053.jpg,https://bioimages.vanderbilt.edu/gq/baskauf/gpode3-fr11053.jpg,
baskauf/35419,baskauf_35419.jpg,Populus grandidentata,bigtooth aspen,Salicaceae,whole plant,whole tree (or vine),general,010101,whole tree (or vine) / general,whole-tree,ind-baskauf/35417,2004-06-07T10:41:36-04:00,Steven J. Baskauf,https://bioimages.vanderbilt.edu/baskauf/35419,https://bioimages.vanderbilt.edu/tn/baskauf/tpogr4-wp35419.jpg,https://bioimages.vanderbilt.edu/gq/baskauf/gpogr4-wp35419.jpg,
baskauf/35422,baskauf_35422.jpg,Populus grandidentata,bigtooth aspen,Salicaceae,bark,bark,of a large tree,010201,bark / of a large tree,bark,ind-baskauf/35417,2004-06-07T10:42:36-04:00,Steven J. Baskauf,https://bioimages.vanderbilt.edu/baskauf/35422,https://bioimages.vanderbilt.edu/tn/baskauf/tpogr4-br35422.jpg,https://bioimages.vanderbilt.edu/gq/baskauf/gpogr4-br35422.jpg,
baskauf/35432,baskauf_35432.jpg,Populus grandidentata,bigtooth aspen,Salicaceae,twig,twig,orientation of petioles,010301,twig / orientation of petioles,twig,ind-baskauf/35417,2004-06-07T10:44:44-04:00,Steven J. Baskauf,https://bioimages.vanderbilt.edu/baskauf/35432,https://bioimages.vanderbilt.edu/tn/baskauf/tpogr4-tw35432.jpg,https://bioimages.vanderbilt.edu/gq/baskauf/gpogr4-tw35432.jpg,
baskauf/35425,baskauf_35425.jpg,Populus grandidentata,bigtooth aspen,Salicaceae,leaf,leaf,showing orientation on twig,010403,leaf / showing orientation on twig,leaf,ind-baskauf/35417,2004-06-07T10:43:25-04:00,Steven J. Baskauf,https://bioimages.vanderbilt.edu/baskauf/35425,https://bioimages.vanderbilt.edu/tn/baskauf/tpogr4-lfseveral35425.jpg,https://bioimages.vanderbilt.edu/gq/baskauf/gpogr4-lfseveral35425.jpg,
baskauf/35435,baskauf_35435.jpg,Populus grandidentata,bigtooth aspen,Salicaceae,leaf,leaf,unspecified,010400,leaf / unspecified,leaf,ind-baskauf/35417,2004-06-07T10:45:07-04:00,Steven J. Baskauf,https://bioimages.vanderbilt.edu/baskauf/35435,https://bioimages.vanderbilt.edu/tn/baskauf/tpogr4-lfpetiole35435.jpg,https://bioimages.vanderbilt.edu/gq/baskauf/gpogr4-lfpetiole35435.jpg,unspecified view
baskauf/35429,baskauf_35429.jpg,Populus grandidentata,bigtooth aspen,Salicaceae,leaf,leaf,whole upper surface,010401,leaf / whole upper surface,leaf,ind-baskauf/35417,2004-06-07T10:44:09-04:00,Steven J. Baskauf,https://bioimages.vanderbilt.edu/baskauf/35429,https://bioimages.vanderbilt.edu/tn/baskauf/tpogr4-lf35429.jpg,https://bioimages.vanderbilt.edu/gq/baskauf/gpogr4-lf35429.jpg,
baskauf/13975,baskauf_13975.jpg,Populus tremuloides,quaking aspen,Salicaceae,whole plant,whole tree (or vine),general,010101,whole tree (or vine) / general,whole-tree,ind-baskauf/13975,2002-07-30T07:32:51-07:00,Steven J. Baskauf,https://bioimages.vanderbilt.edu/baskauf/13975,https://bioimages.vanderbilt.edu/tn/baskauf/tpotr5-wpseveral13975.jpg,https://bioimages.vanderbilt.edu/gq/baskauf/gpotr5-wpseveral13975.jpg,
kaufmannm/ke062,kaufmannm_ke062.jpg,Populus tremuloides,quaking aspen,Salicaceae,whole plant,whole tree (or vine),general,010101,whole tree (or vine) / general,whole-tree,ind-kaufmannm/ke062,1972,Maurice J. Kaufmann,https://bioimages.vanderbilt.edu/kaufmannm/ke062,https://bioimages.vanderbilt.edu/tn/kaufmannm/tpotr5-wpfall-color-mke062.jpg,https://bioimages.vanderbilt.edu/gq/kaufmannm/gpotr5-wpfall-color-mke062.jpg,
kaufmannm/ke063,kaufmannm_ke063.jpg,Populus tremuloides,quaking aspen,Salicaceae,whole plant,whole tree (or vine),general,010101,whole tree (or vine) / general,whole-tree,ind-kaufmannm/ke063,1972,Maurice J. Kaufmann,https://bioimages.vanderbilt.edu/kaufmannm/ke063,https://bioimages.vanderbilt.edu/tn/kaufmannm/tpotr5-wpfall-color-mke063.jpg,https://bioimages.vanderbilt.edu/gq/kaufmannm/gpotr5-wpfall-color-mke063.jpg,
kaufmannm/ke064,kaufmannm_ke064.jpg,Populus tremuloides,quaking aspen,Salicaceae,whole plant,whole tree (or vine),general,010101,whole tree (or vine) / general,whole-tree,ind-kaufmannm/ke064,1972,Maurice J. Kaufmann,https://bioimages.vanderbilt.edu/kaufmannm/ke064,https://bioimages.vanderbilt.edu/tn/kaufmannm/tpotr5-wpfall-color-mke064.jpg,https://bioimages.vanderbilt.edu/gq/kaufmannm/gpotr5-wpfall-color-mke064.jpg,
baskauf/13980,baskauf_13980.jpg,Populus tremuloides,quaking aspen,Salicaceae,whole plant,whole tree (or vine),view up trunk,010103,whole tree (or vine) / view up trunk,whole-tree,ind-baskauf/13977,2002-07-30T07:35:21-07:00,Steven J. Baskauf,https://bioimages.vanderbilt.edu/baskauf/13980,https://bioimages.vanderbilt.edu/tn/baskauf/tpotr5-wplook-up13980.jpg,https://bioimages.vanderbilt.edu/gq/baskauf/gpotr5-wplook-up13980.jpg,
baskauf/13977,baskauf_13977.jpg,Populus tremuloides,quaking aspen,Salicaceae,bark,bark,of a medium tree or large branch,010202,bark / of a medium tree or large branch,bark,ind-baskauf/13977,2002-07-30T07:33:38-07:00,Steven J. Baskauf,https://bioimages.vanderbilt.edu/baskauf/13977,https://bioimages.vanderbilt.edu/tn/baskauf/tpotr5-br13977.jpg,https://bioimages.vanderbilt.edu/gq/baskauf/gpotr5-br13977.jpg,
baskauf/14029,baskauf_14029.jpg,Populus tremuloides,quaking aspen,Salicaceae,twig,twig,orientation of petioles,010301,twig / orientation of petioles,twig,ind-baskauf/14024,2002-07-30T10:26:52-07:00,Steven J. Baskauf,https://bioimages.vanderbilt.edu/baskauf/14029,https://bioimages.vanderbilt.edu/tn/baskauf/tpotr5-tw14029.jpg,https://bioimages.vanderbilt.edu/gq/baskauf/gpotr5-tw14029.jpg,
baskauf/14034,baskauf_14034.jpg,Populus tremuloides,quaking aspen,Salicaceae,twig,twig,orientation of petioles,010301,twig / orientation of petioles,twig,ind-baskauf/14024,2002-07-30T10:30:37-07:00,Steven J. Baskauf,https://bioimages.vanderbilt.edu/baskauf/14034,https://bioimages.vanderbilt.edu/tn/baskauf/tpotr5-tw14034.jpg,https://bioimages.vanderbilt.edu/gq/baskauf/gpotr5-tw14034.jpg,
baskauf/14027,baskauf_14027.jpg,Populus tremuloides,quaking aspen,Salicaceae,leaf,leaf,margin of upper + lower surface,010402,leaf / margin of upper + lower surface,leaf,ind-baskauf/14024,2002-07-30T10:25:38-07:00,Steven J. Baskauf,https://bioimages.vanderbilt.edu/baskauf/14027,https://bioimages.vanderbilt.edu/tn/baskauf/tpotr5-lfmargin-uplow14027.jpg,https://bioimages.vanderbilt.edu/gq/baskauf/gpotr5-lfmargin-uplow14027.jpg,
baskauf/13981,baskauf_13981.jpg,Populus tremuloides,quaking aspen,Salicaceae,leaf,leaf,showing orientation on twig,010403,leaf / showing orientation on twig,leaf,ind-baskauf/13977,2002-07-30T07:35:50-07:00,Steven J. Baskauf,https://bioimages.vanderbilt.edu/baskauf/13981,https://bioimages.vanderbilt.edu/tn/baskauf/tpotr5-lfseveral13981.jpg,https://bioimages.vanderbilt.edu/gq/baskauf/gpotr5-lfseveral13981.jpg,
baskauf/14024,baskauf_14024.jpg,Populus tremuloides,quaking aspen,Salicaceae,leaf,leaf,whole upper surface,010401,leaf / whole upper surface,leaf,ind-baskauf/14024,2002-07-30T10:24:40-07:00,Steven J. Baskauf,https://bioimages.vanderbilt.edu/baskauf/14024,https://bioimages.vanderbilt.edu/tn/baskauf/tpotr5-lf14024.jpg,https://bioimages.vanderbilt.edu/gq/baskauf/gpotr5-lf14024.jpg,
baskauf/14031,baskauf_14031.jpg,Populus tremuloides,quaking aspen,Salicaceae,leaf,leaf,whole upper surface,010401,leaf / whole upper surface,leaf,ind-baskauf/14024,2002-07-30T10:29:40-07:00,Steven J. Baskauf,https://bioimages.vanderbilt.edu/baskauf/14031,https://bioimages.vanderbilt.edu/tn/baskauf/tpotr5-lfpetiole14031.jpg,https://bioimages.vanderbilt.edu/gq/baskauf/gpotr5-lfpetiole14031.jpg,
baskauf/26515,baskauf_26515.jpg,Prunus pensylvanica,pin cherry,Rosaceae,whole plant,whole tree (or vine),general,010101,whole tree (or vine) / general,whole-tree,ind-baskauf/26515,2003-05-31T15:36:22-04:00,Steven J. Baskauf,https://bioimages.vanderbilt.edu/baskauf/26515,https://bioimages.vanderbilt.edu/tn/baskauf/tprpe2-wp26515.jpg,https://bioimages.vanderbilt.edu/gq/baskauf/gprpe2-wp26515.jpg,
baskauf/26532,baskauf_26532.jpg,Prunus pensylvanica,pin cherry,Rosaceae,bark,bark,of a medium tree or large branch,010202,bark / of a medium tree or large branch,bark,ind-baskauf/26515,2003-05-31T15:43:03-04:00,Steven J. Baskauf,https://bioimages.vanderbilt.edu/baskauf/26532,https://bioimages.vanderbilt.edu/tn/baskauf/tprpe2-br26532.jpg,https://bioimages.vanderbilt.edu/gq/baskauf/gprpe2-br26532.jpg,
baskauf/26528,baskauf_26528.jpg,Prunus pensylvanica,pin cherry,Rosaceae,twig,twig,orientation of petioles,010301,twig / orientation of petioles,twig,ind-baskauf/26515,2003-05-31T15:41:10-04:00,Steven J. Baskauf,https://bioimages.vanderbilt.edu/baskauf/26528,https://bioimages.vanderbilt.edu/tn/baskauf/tprpe2-tw26528.jpg,https://bioimages.vanderbilt.edu/gq/baskauf/gprpe2-tw26528.jpg,
baskauf/26531,baskauf_26531.jpg,Prunus pensylvanica,pin cherry,Rosaceae,leaf,leaf,margin of upper + lower surface,010402,leaf / margin of upper + lower surface,leaf,ind-baskauf/26515,2003-05-31T15:42:45-04:00,Steven J. Baskauf,https://bioimages.vanderbilt.edu/baskauf/26531,https://bioimages.vanderbilt.edu/tn/baskauf/tprpe2-lfmargin-uplow26531.jpg,https://bioimages.vanderbilt.edu/gq/baskauf/gprpe2-lfmargin-uplow26531.jpg,
baskauf/26519,baskauf_26519.jpg,Prunus pensylvanica,pin cherry,Rosaceae,leaf,leaf,showing orientation on twig,010403,leaf / showing orientation on twig,leaf,ind-baskauf/26515,2003-05-31T15:37:21-04:00,Steven J. Baskauf,https://bioimages.vanderbilt.edu/baskauf/26519,https://bioimages.vanderbilt.edu/tn/baskauf/tprpe2-lfseveral26519.jpg,https://bioimages.vanderbilt.edu/gq/baskauf/gprpe2-lfseveral26519.jpg,
baskauf/26526,baskauf_26526.jpg,Prunus pensylvanica,pin cherry,Rosaceae,leaf,leaf,whole upper surface,010401,leaf / whole upper surface,leaf,ind-baskauf/26515,2003-05-31T15:40:31-04:00,Steven J. Baskauf,https://bioimages.vanderbilt.edu/baskauf/26526,https://bioimages.vanderbilt.edu/tn/baskauf/tprpe2-lf26526.jpg,https://bioimages.vanderbilt.edu/gq/baskauf/gprpe2-lf26526.jpg,
baskauf/10643,baskauf_10643.jpg,Prunus serotina,black cherry,Rosaceae,whole plant,whole tree (or vine),view up trunk,010103,whole tree (or vine) / view up trunk,whole-tree,ind-baskauf/10643,2002-04-21T09:10:55-05:00,Steven J. Baskauf,https://bioimages.vanderbilt.edu/baskauf/10643,https://bioimages.vanderbilt.edu/tn/baskauf/tprse2-flin-flower10643.jpg,https://bioimages.vanderbilt.edu/gq/baskauf/gprse2-flin-flower10643.jpg,
baskauf/12043,baskauf_12043.jpg,Prunus serotina,black cherry,Rosaceae,whole plant,whole tree (or vine),view up trunk,010103,whole tree (or vine) / view up trunk,whole-tree,ind-baskauf/12041,2002-06-08T13:19:04-05:00,Steven J. Baskauf,https://bioimages.vanderbilt.edu/baskauf/12043,https://bioimages.vanderbilt.edu/tn/baskauf/tprse2-wplookup-large12043.jpg,https://bioimages.vanderbilt.edu/gq/baskauf/gprse2-wplookup-large12043.jpg,
baskauf/11331,baskauf_11331.jpg,Prunus serotina,black cherry,Rosaceae,bark,bark,of a large tree,010201,bark / of a large tree,bark,ind-baskauf/11331,2002-05-25T16:09:49-05:00,Steven J. Baskauf,https://bioimages.vanderbilt.edu/baskauf/11331,https://bioimages.vanderbilt.edu/tn/baskauf/tprse2-brlarge11331.jpg,https://bioimages.vanderbilt.edu/gq/baskauf/gprse2-brlarge11331.jpg,
baskauf/12041,baskauf_12041.jpg,Prunus serotina,black cherry,Rosaceae,bark,bark,of a large tree,010201,bark / of a large tree,bark,ind-baskauf/12041,2002-06-08T13:18:09-05:00,Steven J. Baskauf,https://bioimages.vanderbilt.edu/baskauf/12041,https://bioimages.vanderbilt.edu/tn/baskauf/tprse2-brlarge-tree12041.jpg,https://bioimages.vanderbilt.edu/gq/baskauf/gprse2-brlarge-tree12041.jpg,
baskauf/12045,baskauf_12045.jpg,Prunus serotina,black cherry,Rosaceae,bark,bark,of a large tree,010201,bark / of a large tree,bark,ind-baskauf/12041,2002-06-08T13:20:12-05:00,Steven J. Baskauf,https://bioimages.vanderbilt.edu/baskauf/12045,https://bioimages.vanderbilt.edu/tn/baskauf/tprse2-brlarge-close12045.jpg,https://bioimages.vanderbilt.edu/gq/baskauf/gprse2-brlarge-close12045.jpg,
baskauf/11213,baskauf_11213.jpg,Prunus serotina,black cherry,Rosaceae,bark,bark,of a small tree or small branch,010203,bark / of a small tree or small branch,bark,ind-baskauf/10643,2002-05-23T19:15:10-05:00,Steven J. Baskauf,https://bioimages.vanderbilt.edu/baskauf/11213,https://bioimages.vanderbilt.edu/tn/baskauf/tprse2-tw11213.jpg,https://bioimages.vanderbilt.edu/gq/baskauf/gprse2-tw11213.jpg,
baskauf/11327,baskauf_11327.jpg,Prunus serotina,black cherry,Rosaceae,bark,bark,of a small tree or small branch,010203,bark / of a small tree or small branch,bark,ind-baskauf/11327,2002-05-25T16:08:21-05:00,Steven J. Baskauf,https://bioimages.vanderbilt.edu/baskauf/11327,https://bioimages.vanderbilt.edu/tn/baskauf/tprse2-brsmall11327.jpg,https://bioimages.vanderbilt.edu/gq/baskauf/gprse2-brsmall11327.jpg,
baskauf/50473,baskauf_50473.jpg,Prunus serotina,black cherry,Rosaceae,twig,twig,winter overall,010302,twig / winter overall,twig,ind-baskauf/10643,2006-03-08T04:41:20-06:00,Steven J. Baskauf,https://bioimages.vanderbilt.edu/baskauf/50473,https://bioimages.vanderbilt.edu/tn/baskauf/tprse2-twbud50473.jpg,https://bioimages.vanderbilt.edu/gq/baskauf/gprse2-twbud50473.jpg,
baskauf/50474,baskauf_50474.jpg,Prunus serotina,black cherry,Rosaceae,twig,twig,winter overall,010302,twig / winter overall,twig,ind-baskauf/10643,2006-03-08T04:41:42-06:00,Steven J. Baskauf,https://bioimages.vanderbilt.edu/baskauf/50474,https://bioimages.vanderbilt.edu/tn/baskauf/tprse2-tw50474.jpg,https://bioimages.vanderbilt.edu/gq/baskauf/gprse2-tw50474.jpg,
baskauf/15381,baskauf_15381.jpg,Prunus serotina,black cherry,Rosaceae,leaf,leaf,margin of upper + lower surface,010402,leaf / margin of upper + lower surface,leaf,ind-baskauf/10643,2002-09-14T14:48:14-05:00,Steven J. Baskauf,https://bioimages.vanderbilt.edu/baskauf/15381,https://bioimages.vanderbilt.edu/tn/baskauf/tprse2-lfmargin-uplow15381.jpg,https://bioimages.vanderbilt.edu/gq/baskauf/gprse2-lfmargin-uplow15381.jpg,
baskauf/11961,baskauf_11961.jpg,Prunus serotina,black cherry,Rosaceae,leaf,leaf,showing orientation on twig,010403,leaf / showing orientation on twig,leaf,ind-baskauf/11961,2002-06-08T11:16:38-05:00,Steven J. Baskauf,https://bioimages.vanderbilt.edu/baskauf/11961,https://bioimages.vanderbilt.edu/tn/baskauf/tprse2-lfseveral11961.jpg,https://bioimages.vanderbilt.edu/gq/baskauf/gprse2-lfseveral11961.jpg,
baskauf/11962,baskauf_11962.jpg,Prunus serotina,black cherry,Rosaceae,leaf,leaf,whole upper surface,010401,leaf / whole upper surface,leaf,ind-baskauf/11961,2002-06-08T11:16:54-05:00,Steven J. Baskauf,https://bioimages.vanderbilt.edu/baskauf/11962,https://bioimages.vanderbilt.edu/tn/baskauf/tprse2-lf11962.jpg,https://bioimages.vanderbilt.edu/gq/baskauf/gprse2-lf11962.jpg,
baskauf/29787,baskauf_29787.jpg,Prunus serotina,black cherry,Rosaceae,leaf,leaf,whole upper surface,010401,leaf / whole upper surface,leaf,ind-baskauf/10643,2003-10-02T18:00:26-05:00,Steven J. Baskauf,https://bioimages.vanderbilt.edu/baskauf/29787,https://bioimages.vanderbilt.edu/tn/baskauf/tprse2-lf29787.jpg,https://bioimages.vanderbilt.edu/gq/baskauf/gprse2-lf29787.jpg,
baskauf/10652,baskauf_10652.jpg,Prunus serotina,black cherry,Rosaceae,flower,inflorescence,frontal view of flower,010505,inflorescence / frontal view of flower,flower,ind-baskauf/10643,2002-04-21T15:41:15-05:00,Steven J. Baskauf,https://bioimages.vanderbilt.edu/baskauf/10652,https://bioimages.vanderbilt.edu/tn/baskauf/tprse2-flinflor-close10652.jpg,https://bioimages.vanderbilt.edu/gq/baskauf/gprse2-flinflor-close10652.jpg,
baskauf/10651,baskauf_10651.jpg,Prunus serotina,black cherry,Rosaceae,flower,inflorescence,whole - unspecified,010501,inflorescence / whole - unspecified,flower,ind-baskauf/10643,2002-04-21T15:40:14-05:00,Steven J. Baskauf,https://bioimages.vanderbilt.edu/baskauf/10651,https://bioimages.vanderbilt.edu/tn/baskauf/tprse2-flinflor-dist10651.jpg,https://bioimages.vanderbilt.edu/gq/baskauf/gprse2-flinflor-dist10651.jpg,unspecified view
baskauf/11964,baskauf_11964.jpg,Prunus serotina,black cherry,Rosaceae,fruit,fruit,as borne on the plant,010601,fruit / as borne on the plant,fruit,ind-baskauf/11961,2002-06-08T11:19:43-05:00,Steven J. Baskauf,https://bioimages.vanderbilt.edu/baskauf/11964,https://bioimages.vanderbilt.edu/tn/baskauf/tprse2-frdevel-dist11964.jpg,https://bioimages.vanderbilt.edu/gq/baskauf/gprse2-frdevel-dist11964.jpg,
baskauf/35740,baskauf_35740.jpg,Prunus serotina,black cherry,Rosaceae,fruit,fruit,as borne on the plant,010601,fruit / as borne on the plant,fruit,ind-baskauf/10643,2004-06-19T19:44:17-05:00,Steven J. Baskauf,https://bioimages.vanderbilt.edu/baskauf/35740,https://bioimages.vanderbilt.edu/tn/baskauf/tprse2-fr35740.jpg,https://bioimages.vanderbilt.edu/gq/baskauf/gprse2-fr35740.jpg,
baskauf/11966,baskauf_11966.jpg,Prunus serotina,black cherry,Rosaceae,fruit,fruit,immature,010604,fruit / immature,fruit,ind-baskauf/11961,2002-06-08T11:20:31-05:00,Steven J. Baskauf,https://bioimages.vanderbilt.edu/baskauf/11966,https://bioimages.vanderbilt.edu/tn/baskauf/tprse2-frdevel11966.jpg,https://bioimages.vanderbilt.edu/gq/baskauf/gprse2-frdevel11966.jpg,
baskauf/35743,baskauf_35743.jpg,Prunus serotina,black cherry,Rosaceae,fruit,fruit,lateral or general close-up,010602,fruit / lateral or general close-up,fruit,ind-baskauf/10643,2004-06-19T19:45:39-05:00,Steven J. Baskauf,https://bioimages.vanderbilt.edu/baskauf/35743,https://bioimages.vanderbilt.edu/tn/baskauf/tprse2-frclose35743.jpg,https://bioimages.vanderbilt.edu/gq/baskauf/gprse2-frclose35743.jpg,
baskauf/35290,baskauf_35290.jpg,Prunus virginiana,chokecherry,Rosaceae,whole plant,whole tree (or vine),general,010101,whole tree (or vine) / general,whole-tree,ind-baskauf/35287,2004-06-06T13:50:39-04:00,Steven J. Baskauf,https://bioimages.vanderbilt.edu/baskauf/35290,https://bioimages.vanderbilt.edu/tn/baskauf/tprvi--wp35290.jpg,https://bioimages.vanderbilt.edu/gq/baskauf/gprvi--wp35290.jpg,
baskauf/35306,baskauf_35306.jpg,Prunus virginiana,chokecherry,Rosaceae,bark,bark,of a small tree or small branch,010203,bark / of a small tree or small branch,bark,ind-baskauf/35287,2004-06-06T13:55:20-04:00,Steven J. Baskauf,https://bioimages.vanderbilt.edu/baskauf/35306,https://bioimages.vanderbilt.edu/tn/baskauf/tprvi--br35306.jpg,https://bioimages.vanderbilt.edu/gq/baskauf/gprvi--br35306.jpg,
baskauf/35303,baskauf_35303.jpg,Prunus virginiana,chokecherry,Rosaceae,twig,twig,orientation of petioles,010301,twig / orientation of petioles,twig,ind-baskauf/35287,2004-06-06T13:54:22-04:00,Steven J. Baskauf,https://bioimages.vanderbilt.edu/baskauf/35303,https://bioimages.vanderbilt.edu/tn/baskauf/tprvi--tw35303.jpg,https://bioimages.vanderbilt.edu/gq/baskauf/gprvi--tw35303.jpg,
baskauf/35305,baskauf_35305.jpg,Prunus virginiana,chokecherry,Rosaceae,twig,twig,orientation of petioles,010301,twig / orientation of petioles,twig,ind-baskauf/35287,2004-06-06T13:54:40-04:00,Steven J. Baskauf,https://bioimages.vanderbilt.edu/baskauf/35305,https://bioimages.vanderbilt.edu/tn/baskauf/tprvi--tw35305.jpg,https://bioimages.vanderbilt.edu/gq/baskauf/gprvi--tw35305.jpg,
baskauf/35302,baskauf_35302.jpg,Prunus virginiana,chokecherry,Rosaceae,leaf,leaf,whole upper surface,010401,leaf / whole upper surface,leaf,ind-baskauf/35287,2004-06-06T13:54:14-04:00,Steven J. Baskauf,https://bioimages.vanderbilt.edu/baskauf/35302,https://bioimages.vanderbilt.edu/tn/baskauf/tprvi--lf35302.jpg,https://bioimages.vanderbilt.edu/gq/baskauf/gprvi--lf35302.jpg,
baskauf/35296,baskauf_35296.jpg,Prunus virginiana,chokecherry,Rosaceae,fruit,fruit,as borne on the plant,010601,fruit / as borne on the plant,fruit,ind-baskauf/35287,2004-06-06T13:51:33-04:00,Steven J. Baskauf,https://bioimages.vanderbilt.edu/baskauf/35296,https://bioimages.vanderbilt.edu/tn/baskauf/tprvi--frinfruct35296.jpg,https://bioimages.vanderbilt.edu/gq/baskauf/gprvi--frinfruct35296.jpg,
baskauf/35299,baskauf_35299.jpg,Prunus virginiana,chokecherry,Rosaceae,fruit,fruit,immature,010604,fruit / immature,fruit,ind-baskauf/35287,2004-06-06T13:52:05-04:00,Steven J. Baskauf,https://bioimages.vanderbilt.edu/baskauf/35299,https://bioimages.vanderbilt.edu/tn/baskauf/tprvi--frdevel35299.jpg,https://bioimages.vanderbilt.edu/gq/baskauf/gprvi--frdevel35299.jpg,
baskauf/32045,baskauf_32045.jpg,Pyrus calleryana,Callery pear,Rosaceae,whole plant,whole tree (or vine),general,010101,whole tree (or vine) / general,whole-tree,ind-baskauf/31910,2004-04-02T08:54:31-06:00,Steven J. Baskauf,https://bioimages.vanderbilt.edu/baskauf/32045,https://bioimages.vanderbilt.edu/tn/baskauf/tpyca80wpin-flower32045.jpg,https://bioimages.vanderbilt.edu/gq/baskauf/gpyca80wpin-flower32045.jpg,
baskauf/31257,baskauf_31257.jpg,Pyrus calleryana,Callery pear,Rosaceae,whole plant,whole tree (or vine),winter,010102,whole tree (or vine) / winter,whole-tree,ind-baskauf/31257,2004-03-18T09:11:03-06:00,Steven J. Baskauf,https://bioimages.vanderbilt.edu/baskauf/31257,https://bioimages.vanderbilt.edu/tn/baskauf/tpyca80wpin-bloom31257.jpg,https://bioimages.vanderbilt.edu/gq/baskauf/gpyca80wpin-bloom31257.jpg,
baskauf/31920,baskauf_31920.jpg,Pyrus calleryana,Callery pear,Rosaceae,bark,bark,of a large tree,010201,bark / of a large tree,bark,ind-baskauf/31910,2004-04-01T09:04:01-06:00,Steven J. Baskauf,https://bioimages.vanderbilt.edu/baskauf/31920,https://bioimages.vanderbilt.edu/tn/baskauf/tpyca80brlarge31920.jpg,https://bioimages.vanderbilt.edu/gq/baskauf/gpyca80brlarge31920.jpg,
baskauf/31288,baskauf_31288.jpg,Pyrus calleryana,Callery pear,Rosaceae,bark,bark,of a medium tree or large branch,010202,bark / of a medium tree or large branch,bark,ind-baskauf/31257,2004-03-18T09:15:55-06:00,Steven J. Baskauf,https://bioimages.vanderbilt.edu/baskauf/31288,https://bioimages.vanderbilt.edu/tn/baskauf/tpyca80br31288.jpg,https://bioimages.vanderbilt.edu/gq/baskauf/gpyca80br31288.jpg,
baskauf/31922,baskauf_31922.jpg,Pyrus calleryana,Callery pear,Rosaceae,bark,bark,of a small tree or small branch,010203,bark / of a small tree or small branch,bark,ind-baskauf/31910,2004-04-01T09:04:46-06:00,Steven J. Baskauf,https://bioimages.vanderbilt.edu/baskauf/31922,https://bioimages.vanderbilt.edu/tn/baskauf/tpyca80brsmall31922.jpg,https://bioimages.vanderbilt.edu/gq/baskauf/gpyca80brsmall31922.jpg,
baskauf/31916,baskauf_31916.jpg,Pyrus calleryana,Callery pear,Rosaceae,twig,twig,orientation of petioles,010301,twig / orientation of petioles,twig,ind-baskauf/31910,2004-04-01T09:03:13-06:00,Steven J. Baskauf,https://bioimages.vanderbilt.edu/baskauf/31916,https://bioimages.vanderbilt.edu/tn/baskauf/tpyca80tw31916.jpg,https://bioimages.vanderbilt.edu/gq/baskauf/gpyca80tw31916.jpg,
baskauf/31917,baskauf_31917.jpg,Pyrus calleryana,Callery pear,Rosaceae,twig,twig,orientation of petioles,010301,twig / orientation of petioles,twig,ind-baskauf/31910,2004-04-01T09:03:20-06:00,Steven J. Baskauf,https://bioimages.vanderbilt.edu/baskauf/31917,https://bioimages.vanderbilt.edu/tn/baskauf/tpyca80twspur-shoots31917.jpg,https://bioimages.vanderbilt.edu/gq/baskauf/gpyca80twspur-shoots31917.jpg,
baskauf/31283,baskauf_31283.jpg,Pyrus calleryana,Callery pear,Rosaceae,twig,twig,winter overall,010302,twig / winter overall,twig,ind-baskauf/31257,2004-03-18T09:14:51-06:00,Steven J. Baskauf,https://bioimages.vanderbilt.edu/baskauf/31283,https://bioimages.vanderbilt.edu/tn/baskauf/tpyca80twspur-shoot31283.jpg,https://bioimages.vanderbilt.edu/gq/baskauf/gpyca80twspur-shoot31283.jpg,
baskauf/31285,baskauf_31285.jpg,Pyrus calleryana,Callery pear,Rosaceae,twig,twig,winter overall,010302,twig / winter overall,twig,ind-baskauf/31257,2004-03-18T09:15:16-06:00,Steven J. Baskauf,https://bioimages.vanderbilt.edu/baskauf/31285,https://bioimages.vanderbilt.edu/tn/baskauf/tpyca80tw31285.jpg,https://bioimages.vanderbilt.edu/gq/baskauf/gpyca80tw31285.jpg,
baskauf/31291,baskauf_31291.jpg,Pyrus calleryana,Callery pear,Rosaceae,twig,twig,winter overall,010302,twig / winter overall,twig,ind-baskauf/31257,2004-03-18T09:16:29-06:00,Steven J. Baskauf,https://bioimages.vanderbilt.edu/baskauf/31291,https://bioimages.vanderbilt.edu/tn/baskauf/tpyca80twspur-shoots31291.jpg,https://bioimages.vanderbilt.edu/gq/baskauf/gpyca80twspur-shoots31291.jpg,
baskauf/31778,baskauf_31778.jpg,Pyrus calleryana,Callery pear,Rosaceae,leaf,leaf,margin of upper + lower surface,010402,leaf / margin of upper + lower surface,leaf,ind-baskauf/31257,2004-03-30T10:46:24-06:00,Steven J. Baskauf,https://bioimages.vanderbilt.edu/baskauf/31778,https://bioimages.vanderbilt.edu/tn/baskauf/tpyca80lfmargin-micro31778.jpg,https://bioimages.vanderbilt.edu/gq/baskauf/gpyca80lfmargin-micro31778.jpg,
baskauf/31780,baskauf_31780.jpg,Pyrus calleryana,Callery pear,Rosaceae,leaf,leaf,margin of upper + lower surface,010402,leaf / margin of upper + lower surface,leaf,ind-baskauf/31257,2004-03-30T10:47:48-06:00,Steven J. Baskauf,https://bioimages.vanderbilt.edu/baskauf/31780,https://bioimages.vanderbilt.edu/tn/baskauf/tpyca80lfmargin-micro31780.jpg,https://bioimages.vanderbilt.edu/gq/baskauf/gpyca80lfmargin-micro31780.jpg,
baskauf/31980,baskauf_31980.jpg,Pyrus calleryana,Callery pear,Rosaceae,leaf,leaf,margin of upper + lower surface,010402,leaf / margin of upper + lower surface,leaf,ind-baskauf/31910,2004-04-01T13:47:23-06:00,Steven J. Baskauf,https://bioimages.vanderbilt.edu/baskauf/31980,https://bioimages.vanderbilt.edu/tn/baskauf/tpyca80lfdevel-micro31980.jpg,https://bioimages.vanderbilt.edu/gq/baskauf/gpyca80lfdevel-micro31980.jpg,
baskauf/32748,baskauf_32748.jpg,Pyrus calleryana,Callery pear,Rosaceae,leaf,leaf,margin of upper + lower surface,010402,leaf / margin of upper + lower surface,leaf,ind-baskauf/31910,2004-04-16T12:41:04-05:00,Steven J. Baskauf,https://bioimages.vanderbilt.edu/baskauf/32748,https://bioimages.vanderbilt.edu/tn/baskauf/tpyca80lfmargin-micro32748.jpg,https://bioimages.vanderbilt.edu/gq/baskauf/gpyca80lfmargin-micro32748.jpg,
baskauf/32764,baskauf_32764.jpg,Pyrus calleryana,Callery pear,Rosaceae,leaf,leaf,margin of upper + lower surface,010402,leaf / margin of upper + lower surface,leaf,ind-baskauf/31910,2004-04-16T12:47:32-05:00,Steven J. Baskauf,https://bioimages.vanderbilt.edu/baskauf/32764,https://bioimages.vanderbilt.edu/tn/baskauf/tpyca80lfmargin-micro32764.jpg,https://bioimages.vanderbilt.edu/gq/baskauf/gpyca80lfmargin-micro32764.jpg,
baskauf/32768,baskauf_32768.jpg,Pyrus calleryana,Callery pear,Rosaceae,leaf,leaf,margin of upper + lower surface,010402,leaf / margin of upper + lower surface,leaf,ind-baskauf/32766,2004-04-16T12:49:55-05:00,Steven J. Baskauf,https://bioimages.vanderbilt.edu/baskauf/32768,https://bioimages.vanderbilt.edu/tn/baskauf/tpyca80lfmargin-micro32768.jpg,https://bioimages.vanderbilt.edu/gq/baskauf/gpyca80lfmargin-micro32768.jpg,
baskauf/32770,baskauf_32770.jpg,Pyrus calleryana,Callery pear,Rosaceae,leaf,leaf,margin of upper + lower surface,010402,leaf / margin of upper + lower surface,leaf,ind-baskauf/32766,2004-04-16T12:52:17-05:00,Steven J. Baskauf,https://bioimages.vanderbilt.edu/baskauf/32770,https://bioimages.vanderbilt.edu/tn/baskauf/tpyca80lfmargin-micro32770.jpg,https://bioimages.vanderbilt.edu/gq/baskauf/gpyca80lfmargin-micro32770.jpg,
baskauf/32629,baskauf_32629.jpg,Pyrus calleryana,Callery pear,Rosaceae,leaf,leaf,showing orientation on twig,010403,leaf / showing orientation on twig,leaf,ind-baskauf/31910,2004-04-15T08:01:10-05:00,Steven J. Baskauf,https://bioimages.vanderbilt.edu/baskauf/32629,https://bioimages.vanderbilt.edu/tn/baskauf/tpyca80lfseveral32629.jpg,https://bioimages.vanderbilt.edu/gq/baskauf/gpyca80lfseveral32629.jpg,
baskauf/31775,baskauf_31775.jpg,Pyrus calleryana,Callery pear,Rosaceae,leaf,leaf,whole upper surface,010401,leaf / whole upper surface,leaf,ind-baskauf/31257,2004-03-30T09:07:55-06:00,Steven J. Baskauf,https://bioimages.vanderbilt.edu/baskauf/31775,https://bioimages.vanderbilt.edu/tn/baskauf/tpyca80lfdevel31775.jpg,https://bioimages.vanderbilt.edu/gq/baskauf/gpyca80lfdevel31775.jpg,
baskauf/31926,baskauf_31926.jpg,Pyrus calleryana,Callery pear,Rosaceae,leaf,leaf,whole upper surface,010401,leaf / whole upper surface,leaf,ind-baskauf/31910,2004-04-01T09:05:54-06:00,Steven J. Baskauf,https://bioimages.vanderbilt.edu/baskauf/31926,https://bioimages.vanderbilt.edu/tn/baskauf/tpyca80lfdevel31926.jpg,https://bioimages.vanderbilt.edu/gq/baskauf/gpyca80lfdevel31926.jpg,
baskauf/32631,baskauf_32631.jpg,Pyrus calleryana,Callery pear,Rosaceae,leaf,leaf,whole upper surface,010401,leaf / whole upper surface,leaf,ind-baskauf/31910,2004-04-15T08:02:07-05:00,Steven J. Baskauf,https://bioimages.vanderbilt.edu/baskauf/32631,https://bioimages.vanderbilt.edu/tn/baskauf/tpyca80lf32631.jpg,https://bioimages.vanderbilt.edu/gq/baskauf/gpyca80lf32631.jpg,
baskauf/32634,baskauf_32634.jpg,Pyrus calleryana,Callery pear,Rosaceae,leaf,leaf,whole upper surface,010401,leaf / whole upper surface,leaf,ind-baskauf/31257,2004-04-15T08:16:29-05:00,Steven J. Baskauf,https://bioimages.vanderbilt.edu/baskauf/32634,https://bioimages.vanderbilt.edu/tn/baskauf/tpyca80lf32634.jpg,https://bioimages.vanderbilt.edu/gq/baskauf/gpyca80lf32634.jpg,
baskauf/31282,baskauf_31282.jpg,Pyrus calleryana,Callery pear,Rosaceae,flower,inflorescence,frontal view of flower,010505,inflorescence / frontal view of flower,flower,ind-baskauf/31257,2004-03-18T09:14:27-06:00,Steven J. Baskauf,https://bioimages.vanderbilt.edu/baskauf/31282,https://bioimages.vanderbilt.edu/tn/baskauf/tpyca80flfront31282.jpg,https://bioimages.vanderbilt.edu/gq/baskauf/gpyca80flfront31282.jpg,
baskauf/31911,baskauf_31911.jpg,Pyrus calleryana,Callery pear,Rosaceae,flower,inflorescence,frontal view of flower,010505,inflorescence / frontal view of flower,flower,ind-baskauf/31910,2004-04-01T09:02:23-06:00,Steven J. Baskauf,https://bioimages.vanderbilt.edu/baskauf/31911,https://bioimages.vanderbilt.edu/tn/baskauf/tpyca80flfront31911.jpg,https://bioimages.vanderbilt.edu/gq/baskauf/gpyca80flfront31911.jpg,
baskauf/31913,baskauf_31913.jpg,Pyrus calleryana,Callery pear,Rosaceae,flower,inflorescence,lateral view of flower,010504,inflorescence / lateral view of flower,flower,ind-baskauf/31910,2004-04-01T09:02:47-06:00,Steven J. Baskauf,https://bioimages.vanderbilt.edu/baskauf/31913,https://bioimages.vanderbilt.edu/tn/baskauf/tpyca80flside31913.jpg,https://bioimages.vanderbilt.edu/gq/baskauf/gpyca80flside31913.jpg,
baskauf/31996,baskauf_31996.jpg,Pyrus calleryana,Callery pear,Rosaceae,flower,inflorescence,lateral view of flower,010504,inflorescence / lateral view of flower,flower,ind-baskauf/31910,2004-04-01T13:58:20-06:00,Steven J. Baskauf,https://bioimages.vanderbilt.edu/baskauf/31996,https://bioimages.vanderbilt.edu/tn/baskauf/tpyca80flside31996.jpg,https://bioimages.vanderbilt.edu/gq/baskauf/gpyca80flside31996.jpg,
baskauf/31312,baskauf_31312.jpg,Pyrus calleryana,Callery pear,Rosaceae,flower,inflorescence,ventral view of flower + perianth,010506,inflorescence / ventral view of flower + perianth,flower,ind-baskauf/31257,2004-03-18T16:12:19-06:00,Steven J. Baskauf,https://bioimages.vanderbilt.edu/baskauf/31312,https://bioimages.vanderbilt.edu/tn/baskauf/tpyca80flsepals31312.jpg,https://bioimages.vanderbilt.edu/gq/baskauf/gpyca80flsepals31312.jpg,
baskauf/31314,baskauf_31314.jpg,Pyrus calleryana,Callery pear,Rosaceae,flower,inflorescence,ventral view of flower + perianth,010506,inflorescence / ventral view of flower + perianth,flower,ind-baskauf/31257,2004-03-18T16:13:25-06:00,Steven J. Baskauf,https://bioimages.vanderbilt.edu/baskauf/31314,https://bioimages.vanderbilt.edu/tn/baskauf/tpyca80flcalyx-tube31314.jpg,https://bioimages.vanderbilt.edu/gq/baskauf/gpyca80flcalyx-tube31314.jpg,
baskauf/31981,baskauf_31981.jpg,Pyrus calleryana,Callery pear,Rosaceae,flower,inflorescence,ventral view of flower + perianth,010506,inflorescence / ventral view of flower + perianth,flower,ind-baskauf/31910,2004-04-01T13:49:45-06:00,Steven J. Baskauf,https://bioimages.vanderbilt.edu/baskauf/31981,https://bioimages.vanderbilt.edu/tn/baskauf/tpyca80flcalyx-tube31981.jpg,https://bioimages.vanderbilt.edu/gq/baskauf/gpyca80flcalyx-tube31981.jpg,
baskauf/31991,baskauf_31991.jpg,Pyrus calleryana,Callery pear,Rosaceae,flower,inflorescence,ventral view of flower + perianth,010506,inflorescence / ventral view of flower + perianth,flower,ind-baskauf/31910,2004-04-01T13:55:19-06:00,Steven J. Baskauf,https://bioimages.vanderbilt.edu/baskauf/31991,https://bioimages.vanderbilt.edu/tn/baskauf/tpyca80flcalyx-lobe31991.jpg,https://bioimages.vanderbilt.edu/gq/baskauf/gpyca80flcalyx-lobe31991.jpg,
baskauf/32752,baskauf_32752.jpg,Pyrus calleryana,Callery pear,Rosaceae,flower,inflorescence,ventral view of flower + perianth,010506,inflorescence / ventral view of flower + perianth,flower,ind-baskauf/31910,2004-04-16T12:42:20-05:00,Steven J. Baskauf,https://bioimages.vanderbilt.edu/baskauf/32752,https://bioimages.vanderbilt.edu/tn/baskauf/tpyca80flold32752.jpg,https://bioimages.vanderbilt.edu/gq/baskauf/gpyca80flold32752.jpg,
baskauf/38700,baskauf_38700.jpg,Pyrus calleryana,Callery pear,Rosaceae,fruit,fruit,as borne on the plant,010601,fruit / as borne on the plant,fruit,ind-baskauf/31257,2004-10-30T12:45:43-05:00,Steven J. Baskauf,https://bioimages.vanderbilt.edu/baskauf/38700,https://bioimages.vanderbilt.edu/tn/baskauf/tpyca80frinfruct38700.jpg,https://bioimages.vanderbilt.edu/gq/baskauf/gpyca80frinfruct38700.jpg,
baskauf/32633,baskauf_32633.jpg,Pyrus calleryana,Callery pear,Rosaceae,fruit,fruit,immature,010604,fruit / immature,fruit,ind-baskauf/31257,2004-04-15T08:16:01-05:00,Steven J. Baskauf,https://bioimages.vanderbilt.edu/baskauf/32633,https://bioimages.vanderbilt.edu/tn/baskauf/tpyca80frdevel32633.jpg,https://bioimages.vanderbilt.edu/gq/baskauf/gpyca80frdevel32633.jpg,
baskauf/33644,baskauf_33644.jpg,Pyrus calleryana,Callery pear,Rosaceae,fruit,fruit,immature,010604,fruit / immature,fruit,ind-baskauf/31910,2004-05-04T08:46:34-05:00,Steven J. Baskauf,https://bioimages.vanderbilt.edu/baskauf/33644,https://bioimages.vanderbilt.edu/tn/baskauf/tpyca80frdevel33644.jpg,https://bioimages.vanderbilt.edu/gq/baskauf/gpyca80frdevel33644.jpg,
baskauf/37883,baskauf_37883.jpg,Pyrus calleryana,Callery pear,Rosaceae,fruit,fruit,immature,010604,fruit / immature,fruit,ind-baskauf/31257,2004-08-21T14:52:26-05:00,Steven J. Baskauf,https://bioimages.vanderbilt.edu/baskauf/37883,https://bioimages.vanderbilt.edu/tn/baskauf/tpyca80frdevel37883.jpg,https://bioimages.vanderbilt.edu/gq/baskauf/gpyca80frdevel37883.jpg,
baskauf/37886,baskauf_37886.jpg,Pyrus calleryana,Callery pear,Rosaceae,fruit,fruit,immature,010604,fruit / immature,fruit,ind-baskauf/31257,2004-08-21T14:53:12-05:00,Steven J. Baskauf,https://bioimages.vanderbilt.edu/baskauf/37886,https://bioimages.vanderbilt.edu/tn/baskauf/tpyca80frdevel-close37886.jpg,https://bioimages.vanderbilt.edu/gq/baskauf/gpyca80frdevel-close37886.jpg,
baskauf/38441,baskauf_38441.jpg,Pyrus calleryana,Callery pear,Rosaceae,fruit,fruit,immature,010604,fruit / immature,fruit,ind-baskauf/31257,2004-09-22T12:11:40-05:00,Steven J. Baskauf,https://bioimages.vanderbilt.edu/baskauf/38441,https://bioimages.vanderbilt.edu/tn/baskauf/tpyca80fr38441.jpg,https://bioimages.vanderbilt.edu/gq/baskauf/gpyca80fr38441.jpg,
baskauf/35968,baskauf_35968.jpg,Pyrus calleryana,Callery pear,Rosaceae,fruit,fruit,lateral or general close-up,010602,fruit / lateral or general close-up,fruit,ind-baskauf/31910,2004-07-09T08:51:46-05:00,Steven J. Baskauf,https://bioimages.vanderbilt.edu/baskauf/35968,https://bioimages.vanderbilt.edu/tn/baskauf/tpyca80frdevel35968.jpg,https://bioimages.vanderbilt.edu/gq/baskauf/gpyca80frdevel35968.jpg,
baskauf/38433,baskauf_38433.jpg,Pyrus calleryana,Callery pear,Rosaceae,fruit,fruit,lateral or general close-up,010602,fruit / lateral or general close-up,fruit,ind-baskauf/31910,2004-09-22T11:54:41-05:00,Steven J. Baskauf,https://bioimages.vanderbilt.edu/baskauf/38433,https://bioimages.vanderbilt.edu/tn/baskauf/tpyca80frmature38433.jpg,https://bioimages.vanderbilt.edu/gq/baskauf/gpyca80frmature38433.jpg,
baskauf/38698,baskauf_38698.jpg,Pyrus calleryana,Callery pear,Rosaceae,fruit,fruit,lateral or general close-up,010602,fruit / lateral or general close-up,fruit,ind-baskauf/31257,2004-10-30T12:45:10-05:00,Steven J. Baskauf,https://bioimages.vanderbilt.edu/baskauf/38698,https://bioimages.vanderbilt.edu/tn/baskauf/tpyca80fr38698.jpg,https://bioimages.vanderbilt.edu/gq/baskauf/gpyca80fr38698.jpg,
baskauf/38731,baskauf_38731.jpg,Pyrus calleryana,Callery pear,Rosaceae,fruit,fruit,section or open,010603,fruit / section or open,fruit,ind-baskauf/31257,2004-11-01T09:04:13-06:00,Steven J. Baskauf,https://bioimages.vanderbilt.edu/baskauf/38731,https://bioimages.vanderbilt.edu/tn/baskauf/tpyca80frseed38731.jpg,https://bioimages.vanderbilt.edu/gq/baskauf/gpyca80frseed38731.jpg,
baskauf/38461,baskauf_38461.jpg,Pyrus calleryana,Callery pear,Rosaceae,seed,seed,general view,010701,seed / general view,seed,ind-baskauf/31910,2004-09-22T15:36:50-05:00,Steven J. Baskauf,https://bioimages.vanderbilt.edu/baskauf/38461,https://bioimages.vanderbilt.edu/tn/baskauf/tpyca80frseed38461.jpg,https://bioimages.vanderbilt.edu/gq/baskauf/gpyca80frseed38461.jpg,
baskauf/43578,baskauf_43578.jpg,Pyrus calleryana,Callery pear,Rosaceae,seed,seed,general view,010701,seed / general view,seed,ind-baskauf/31910,2005-10-24T08:54:00-05:00,Steven J. Baskauf,https://bioimages.vanderbilt.edu/baskauf/43578,https://bioimages.vanderbilt.edu/tn/baskauf/tpyca80frseeds43578.jpg,https://bioimages.vanderbilt.edu/gq/baskauf/gpyca80frseeds43578.jpg,
baskauf/10992,baskauf_10992.jpg,Quercus alba,white oak,Fagaceae,whole plant,whole tree (or vine),general,010101,whole tree (or vine) / general,whole-tree,ind-baskauf/10992,2002-05-15T18:37:43-05:00,Steven J. Baskauf,https://bioimages.vanderbilt.edu/baskauf/10992,https://bioimages.vanderbilt.edu/tn/baskauf/tqual--wplarge10992.jpg,https://bioimages.vanderbilt.edu/gq/baskauf/gqual--wplarge10992.jpg,
baskauf/12409,baskauf_12409.jpg,Quercus alba,white oak,Fagaceae,whole plant,whole tree (or vine),general,010101,whole tree (or vine) / general,whole-tree,vanderbilt/7-324,2002-06-14T10:08:35-05:00,Steven J. Baskauf,https://bioimages.vanderbilt.edu/baskauf/12409,https://bioimages.vanderbilt.edu/tn/baskauf/tqual--wplarge12409.jpg,https://bioimages.vanderbilt.edu/gq/baskauf/gqual--wplarge12409.jpg,
baskauf/35191,baskauf_35191.jpg,Quercus alba,white oak,Fagaceae,whole plant,whole tree (or vine),general,010101,whole tree (or vine) / general,whole-tree,ind-baskauf/35191,2004-06-04T16:38:20-05:00,Steven J. Baskauf,https://bioimages.vanderbilt.edu/baskauf/35191,https://bioimages.vanderbilt.edu/tn/baskauf/tqual--wp10yr-litu9yr35191.jpg,https://bioimages.vanderbilt.edu/gq/baskauf/gqual--wp10yr-litu9yr35191.jpg,
baskauf/90712,baskauf_90712.jpg,Quercus alba,white oak,Fagaceae,whole plant,whole tree (or vine),general,010101,whole tree (or vine) / general,whole-tree,vanderbilt/15-134,2014-08-27T08:03:42-05:00,Steven J. Baskauf,https://bioimages.vanderbilt.edu/baskauf/90712,https://bioimages.vanderbilt.edu/tn/baskauf/t90712.jpg,https://bioimages.vanderbilt.edu/gq/baskauf/g90712.jpg,
baskauf/90714,baskauf_90714.jpg,Quercus alba,white oak,Fagaceae,whole plant,whole tree (or vine),general,010101,whole tree (or vine) / general,whole-tree,vanderbilt/15-134,2014-08-27T08:04:16-05:00,Steven J. Baskauf,https://bioimages.vanderbilt.edu/baskauf/90714,https://bioimages.vanderbilt.edu/tn/baskauf/t90714.jpg,https://bioimages.vanderbilt.edu/gq/baskauf/g90714.jpg,
baskauf/91139,baskauf_91139.jpg,Quercus alba,white oak,Fagaceae,whole plant,whole tree (or vine),general,010101,whole tree (or vine) / general,whole-tree,vanderbilt/15-139,2014-09-11T17:31:04-05:00,Steven J. Baskauf,https://bioimages.vanderbilt.edu/baskauf/91139,https://bioimages.vanderbilt.edu/tn/baskauf/t91139.jpg,https://bioimages.vanderbilt.edu/gq/baskauf/g91139.jpg,
baskauf/91140,baskauf_91140.jpg,Quercus alba,white oak,Fagaceae,whole plant,whole tree (or vine),general,010101,whole tree (or vine) / general,whole-tree,vanderbilt/15-139,2014-09-11T17:31:40-05:00,Steven J. Baskauf,https://bioimages.vanderbilt.edu/baskauf/91140,https://bioimages.vanderbilt.edu/tn/baskauf/t91140.jpg,https://bioimages.vanderbilt.edu/gq/baskauf/g91140.jpg,
kirchoff/ac1447,kirchoff_ac1447.jpg,Quercus alba,white oak,Fagaceae,whole plant,whole tree (or vine),general,010101,whole tree (or vine) / general,whole-tree,ind-kirchoff/mason03,2010-09-01T02:53:06-04:00,Ashley Coble,https://bioimages.vanderbilt.edu/kirchoff/ac1447,https://bioimages.vanderbilt.edu/tn/kirchoff/tac1447.jpg,https://bioimages.vanderbilt.edu/gq/kirchoff/gac1447.jpg,
kirchoff/em2703,kirchoff_em2703.jpg,Quercus alba,white oak,Fagaceae,whole plant,whole tree (or vine),general,010101,whole tree (or vine) / general,whole-tree,ind-kirchoff/mason02,2010-10-29T13:36:28-04:00,Emily C. Mason,https://bioimages.vanderbilt.edu/kirchoff/em2703,https://bioimages.vanderbilt.edu/tn/kirchoff/tem2703.jpg,https://bioimages.vanderbilt.edu/gq/kirchoff/gem2703.jpg,
ssmv/2-161-04,ssmv_2-161-04.jpg,Quercus alba,white oak,Fagaceae,whole plant,whole tree (or vine),general,010101,whole tree (or vine) / general,whole-tree,vanderbilt/1-178,2014-08-20T11:08:05-05:00,Zach Taylor,https://bioimages.vanderbilt.edu/ssmv/2-161-04,https://bioimages.vanderbilt.edu/tn/ssmv/t2-161-04.jpg,https://bioimages.vanderbilt.edu/gq/ssmv/g2-161-04.jpg,
ssmv/2-759-01,ssmv_2-759-01.jpg,Quercus alba,white oak,Fagaceae,whole plant,whole tree (or vine),general,010101,whole tree (or vine) / general,whole-tree,vanderbilt/2-76,2014-08-20T11:13:43-05:00,Anna Reside,https://bioimages.vanderbilt.edu/ssmv/2-759-01,https://bioimages.vanderbilt.edu/tn/ssmv/t2-759-01.jpg,https://bioimages.vanderbilt.edu/gq/ssmv/g2-759-01.jpg,
baskauf/12411,baskauf_12411.jpg,Quercus alba,white oak,Fagaceae,whole plant,whole tree (or vine),view up trunk,010103,whole tree (or vine) / view up trunk,whole-tree,vanderbilt/6-152,2002-06-14T10:09:37-05:00,Steven J. Baskauf,https://bioimages.vanderbilt.edu/baskauf/12411,https://bioimages.vanderbilt.edu/tn/baskauf/tqual--wplookup-large12411.jpg,https://bioimages.vanderbilt.edu/gq/baskauf/gqual--wplookup-large12411.jpg,
ssmv/2-161-02,ssmv_2-161-02.jpg,Quercus alba,white oak,Fagaceae,whole plant,whole tree (or vine),view up trunk,010103,whole tree (or vine) / view up trunk,whole-tree,vanderbilt/1-178,2014-08-20T11:05:22-05:00,Zach Taylor,https://bioimages.vanderbilt.edu/ssmv/2-161-02,https://bioimages.vanderbilt.edu/tn/ssmv/t2-161-02.jpg,https://bioimages.vanderbilt.edu/gq/ssmv/g2-161-02.jpg,
baskauf/11251,baskauf_11251.jpg,Quercus alba,white oak,Fagaceae,bark,bark,of a large tree,010201,bark / of a large tree,bark,vanderbilt/6-152,2002-05-24T08:37:53-05:00,Steven J. Baskauf,https://bioimages.vanderbilt.edu/baskauf/11251,https://bioimages.vanderbilt.edu/tn/baskauf/tqual--br11251.jpg,https://bioimages.vanderbilt.edu/gq/baskauf/gqual--br11251.jpg,
kirchoff/ac1448,kirchoff_ac1448.jpg,Quercus alba,white oak,Fagaceae,bark,bark,of a large tree,010201,bark / of a large tree,bark,ind-kirchoff/mason03,2010-09-01T02:53:38-04:00,Ashley Coble,https://bioimages.vanderbilt.edu/kirchoff/ac1448,https://bioimages.vanderbilt.edu/tn/kirchoff/tac1448.jpg,https://bioimages.vanderbilt.edu/gq/kirchoff/gac1448.jpg,
kirchoff/ac1449,kirchoff_ac1449.jpg,Quercus alba,white oak,Fagaceae,bark,bark,of a large tree,010201,bark / of a large tree,bark,ind-kirchoff/mason03,2010-09-01T02:53:51-04:00,Ashley Coble,https://bioimages.vanderbilt.edu/kirchoff/ac1449,https://bioimages.vanderbilt.edu/tn/kirchoff/tac1449.jpg,https://bioimages.vanderbilt.edu/gq/kirchoff/gac1449.jpg,
kirchoff/em2092,kirchoff_em2092.jpg,Quercus alba,white oak,Fagaceae,bark,bark,of a large tree,010201,bark / of a large tree,bark,ind-kirchoff/mason03,2010-09-30,Emily C. Mason,https://bioimages.vanderbilt.edu/kirchoff/em2092,https://bioimages.vanderbilt.edu/tn/kirchoff/tem2092.jpg,https://bioimages.vanderbilt.edu/gq/kirchoff/gem2092.jpg,
kirchoff/em2093,kirchoff_em2093.jpg,Quercus alba,white oak,Fagaceae,bark,bark,of a large tree,010201,bark / of a large tree,bark,ind-kirchoff/mason03,2010-09-30T13:52:49-04:00,Emily C. Mason,https://bioimages.vanderbilt.edu/kirchoff/em2093,https://bioimages.vanderbilt.edu/tn/kirchoff/tem2093.jpg,https://bioimages.vanderbilt.edu/gq/kirchoff/gem2093.jpg,
kirchoff/em2106,kirchoff_em2106.jpg,Quercus alba,white oak,Fagaceae,bark,bark,of a large tree,010201,bark / of a large tree,bark,ind-kirchoff/mason02,2010-09-30T14:05:04-04:00,Emily C. Mason,https://bioimages.vanderbilt.edu/kirchoff/em2106,https://bioimages.vanderbilt.edu/tn/kirchoff/tem2106.jpg,https://bioimages.vanderbilt.edu/gq/kirchoff/gem2106.jpg,
kirchoff/em2107,kirchoff_em2107.jpg,Quercus alba,white oak,Fagaceae,bark,bark,of a large tree,010201,bark / of a large tree,bark,ind-kirchoff/mason02,2010-09-30T14:05:16-04:00,Emily C. Mason,https://bioimages.vanderbilt.edu/kirchoff/em2107,https://bioimages.vanderbilt.edu/tn/kirchoff/tem2107.jpg,https://bioimages.vanderbilt.edu/gq/kirchoff/gem2107.jpg,
ssmv/2-161-01,ssmv_2-161-01.jpg,Quercus alba,white oak,Fagaceae,bark,bark,of a large tree,010201,bark / of a large tree,bark,vanderbilt/1-178,2014-08-20T11:03:28-05:00,Zach Taylor,https://bioimages.vanderbilt.edu/ssmv/2-161-01,https://bioimages.vanderbilt.edu/tn/ssmv/t2-161-01.jpg,https://bioimages.vanderbilt.edu/gq/ssmv/g2-161-01.jpg,
baskauf/15641,baskauf_15641.jpg,Quercus alba,white oak,Fagaceae,twig,twig,orientation of petioles,010301,twig / orientation of petioles,twig,vanderbilt/6-152,2002-09-17T12:21:23-05:00,Steven J. Baskauf,https://bioimages.vanderbilt.edu/baskauf/15641,https://bioimages.vanderbilt.edu/tn/baskauf/tqual--tw15641.jpg,https://bioimages.vanderbilt.edu/gq/baskauf/gqual--tw15641.jpg,
kirchoff/em2095,kirchoff_em2095.jpg,Quercus alba,white oak,Fagaceae,twig,twig,orientation of petioles,010301,twig / orientation of petioles,twig,ind-kirchoff/mason03,2010-09-30T13:54:34-04:00,Emily C. Mason,https://bioimages.vanderbilt.edu/kirchoff/em2095,https://bioimages.vanderbilt.edu/tn/kirchoff/tem2095.jpg,https://bioimages.vanderbilt.edu/gq/kirchoff/gem2095.jpg,
kirchoff/em2096,kirchoff_em2096.jpg,Quercus alba,white oak,Fagaceae,twig,twig,orientation of petioles,010301,twig / orientation of petioles,twig,ind-kirchoff/mason03,2010-09-30T13:55:23-04:00,Emily C. Mason,https://bioimages.vanderbilt.edu/kirchoff/em2096,https://bioimages.vanderbilt.edu/tn/kirchoff/tem2096.jpg,https://bioimages.vanderbilt.edu/gq/kirchoff/gem2096.jpg,
kirchoff/em2112,kirchoff_em2112.jpg,Quercus alba,white oak,Fagaceae,twig,twig,orientation of petioles,010301,twig / orientation of petioles,twig,ind-kirchoff/mason02,2010-09-30T14:08:58-04:00,Emily C. Mason,https://bioimages.vanderbilt.edu/kirchoff/em2112,https://bioimages.vanderbilt.edu/tn/kirchoff/tem2112.jpg,https://bioimages.vanderbilt.edu/gq/kirchoff/gem2112.jpg,
kirchoff/em2108,kirchoff_em2108.jpg,Quercus alba,white oak,Fagaceae,twig,twig,unspecified,010300,twig / unspecified,twig,ind-kirchoff/mason02,2010-09-30T14:07:29-04:00,Emily C. Mason,https://bioimages.vanderbilt.edu/kirchoff/em2108,https://bioimages.vanderbilt.edu/tn/kirchoff/tem2108.jpg,https://bioimages.vanderbilt.edu/gq/kirchoff/gem2108.jpg,unspecified view
kirchoff/em2097,kirchoff_em2097.jpg,Quercus alba,white oak,Fagaceae,twig,twig,winter overall,010302,twig / winter overall,twig,ind-kirchoff/mason03,2010-09-30T13:56:14-04:00,Emily C. Mason,https://bioimages.vanderbilt.edu/kirchoff/em2097,https://bioimages.vanderbilt.edu/tn/kirchoff/tem2097.jpg,https://bioimages.vanderbilt.edu/gq/kirchoff/gem2097.jpg,
baskauf/15388,baskauf_15388.jpg,Quercus alba,white oak,Fagaceae,leaf,leaf,margin of upper + lower surface,010402,leaf / margin of upper + lower surface,leaf,ind-baskauf/15387,2002-09-14T14:53:03-05:00,Steven J. Baskauf,https://bioimages.vanderbilt.edu/baskauf/15388,https://bioimages.vanderbilt.edu/tn/baskauf/tqual--lfmargin-uplow15388.jpg,https://bioimages.vanderbilt.edu/gq/baskauf/gqual--lfmargin-uplow15388.jpg,
kirchoff/em2102,kirchoff_em2102.jpg,Quercus alba,white oak,Fagaceae,leaf,leaf,margin of upper + lower surface,010402,leaf / margin of upper + lower surface,leaf,ind-kirchoff/mason03,2010-09-30T14:00:11-04:00,Emily C. Mason,https://bioimages.vanderbilt.edu/kirchoff/em2102,https://bioimages.vanderbilt.edu/tn/kirchoff/tem2102.jpg,https://bioimages.vanderbilt.edu/gq/kirchoff/gem2102.jpg,
kirchoff/em2119,kirchoff_em2119.jpg,Quercus alba,white oak,Fagaceae,leaf,leaf,margin of upper + lower surface,010402,leaf / margin of upper + lower surface,leaf,ind-kirchoff/mason02,2010-09-30T14:11:11-04:00,Emily C. Mason,https://bioimages.vanderbilt.edu/kirchoff/em2119,https://bioimages.vanderbilt.edu/tn/kirchoff/tem2119.jpg,https://bioimages.vanderbilt.edu/gq/kirchoff/gem2119.jpg,
baskauf/10993,baskauf_10993.jpg,Quercus alba,white oak,Fagaceae,leaf,leaf,showing orientation on twig,010403,leaf / showing orientation on twig,leaf,ind-baskauf/10993,2002-05-15T18:38:59-05:00,Steven J. Baskauf,https://bioimages.vanderbilt.edu/baskauf/10993,https://bioimages.vanderbilt.edu/tn/baskauf/tqual--lfseveral10993.jpg,https://bioimages.vanderbilt.edu/gq/baskauf/gqual--lfseveral10993.jpg,
baskauf/12403,baskauf_12403.jpg,Quercus alba,white oak,Fagaceae,leaf,leaf,showing orientation on twig,010403,leaf / showing orientation on twig,leaf,vanderbilt/7-324,2002-06-14T10:01:49-05:00,Steven J. Baskauf,https://bioimages.vanderbilt.edu/baskauf/12403,https://bioimages.vanderbilt.edu/tn/baskauf/tqual--lfsun12403.jpg,https://bioimages.vanderbilt.edu/gq/baskauf/gqual--lfsun12403.jpg,
baskauf/12407,baskauf_12407.jpg,Quercus alba,white oak,Fagaceae,leaf,leaf,showing orientation on twig,010403,leaf / showing orientation on twig,leaf,vanderbilt/7-324,2002-06-14T10:05:41-05:00,Steven J. Baskauf,https://bioimages.vanderbilt.edu/baskauf/12407,https://bioimages.vanderbilt.edu/tn/baskauf/tqual--lfshade12407.jpg,https://bioimages.vanderbilt.edu/gq/baskauf/gqual--lfshade12407.jpg,
baskauf/16838,baskauf_16838.jpg,Quercus alba,white oak,Fagaceae,leaf,leaf,showing orientation on twig,010403,leaf / showing orientation on twig,leaf,ind-baskauf/16838,2002-11-10T15:25:18-06:00,Steven J. Baskauf,https://bioimages.vanderbilt.edu/baskauf/16838,https://bioimages.vanderbilt.edu/tn/baskauf/tqual--lffall16838.jpg,https://bioimages.vanderbilt.edu/gq/baskauf/gqual--lffall16838.jpg,
kirchoff/em2094,kirchoff_em2094.jpg,Quercus alba,white oak,Fagaceae,leaf,leaf,showing orientation on twig,010403,leaf / showing orientation on twig,leaf,ind-kirchoff/mason03,2010-09-30T13:53:40-04:00,Emily C. Mason,https://bioimages.vanderbilt.edu/kirchoff/em2094,https://bioimages.vanderbilt.edu/tn/kirchoff/tem2094.jpg,https://bioimages.vanderbilt.edu/gq/kirchoff/gem2094.jpg,
kirchoff/em2110,kirchoff_em2110.jpg,Quercus alba,white oak,Fagaceae,leaf,leaf,showing orientation on twig,010403,leaf / showing orientation on twig,leaf,ind-kirchoff/mason02,2010-09-30T14:08:00-04:00,Emily C. Mason,https://bioimages.vanderbilt.edu/kirchoff/em2110,https://bioimages.vanderbilt.edu/tn/kirchoff/tem2110.jpg,https://bioimages.vanderbilt.edu/gq/kirchoff/gem2110.jpg,
ssmv/2-161-03,ssmv_2-161-03.jpg,Quercus alba,white oak,Fagaceae,leaf,leaf,showing orientation on twig,010403,leaf / showing orientation on twig,leaf,vanderbilt/1-178,2014-08-20T11:07:08-05:00,Zach Taylor,https://bioimages.vanderbilt.edu/ssmv/2-161-03,https://bioimages.vanderbilt.edu/tn/ssmv/t2-161-03.jpg,https://bioimages.vanderbilt.edu/gq/ssmv/g2-161-03.jpg,
baskauf/12511,baskauf_12511.jpg,Quercus alba,white oak,Fagaceae,leaf,leaf,unspecified,010400,leaf / unspecified,leaf,vanderbilt/7-324,2002-06-14T12:05:29-05:00,Steven J. Baskauf,https://bioimages.vanderbilt.edu/baskauf/12511,https://bioimages.vanderbilt.edu/tn/baskauf/tqual--lflower12511.jpg,https://bioimages.vanderbilt.edu/gq/baskauf/gqual--lflower12511.jpg,unspecified view
baskauf/12516,baskauf_12516.jpg,Quercus alba,white oak,Fagaceae,leaf,leaf,unspecified,010400,leaf / unspecified,leaf,vanderbilt/7-324,2002-06-14T12:07:55-05:00,Steven J. Baskauf,https://bioimages.vanderbilt.edu/baskauf/12516,https://bioimages.vanderbilt.edu/tn/baskauf/tqual--lfsun-shade12516.jpg,https://bioimages.vanderbilt.edu/gq/baskauf/gqual--lfsun-shade12516.jpg,unspecified view
baskauf/12528,baskauf_12528.jpg,Quercus alba,white oak,Fagaceae,leaf,leaf,unspecified,010400,leaf / unspecified,leaf,vanderbilt/7-324,2002-06-14T12:14:28-05:00,Steven J. Baskauf,https://bioimages.vanderbilt.edu/baskauf/12528,https://bioimages.vanderbilt.edu/tn/baskauf/tqual--lflower-micro12528.jpg,https://bioimages.vanderbilt.edu/gq/baskauf/gqual--lflower-micro12528.jpg,unspecified view
baskauf/15387,baskauf_15387.jpg,Quercus alba,white oak,Fagaceae,leaf,leaf,whole upper surface,010401,leaf / whole upper surface,leaf,ind-baskauf/15387,2002-09-14T14:52:39-05:00,Steven J. Baskauf,https://bioimages.vanderbilt.edu/baskauf/15387,https://bioimages.vanderbilt.edu/tn/baskauf/tqual--lf15387.jpg,https://bioimages.vanderbilt.edu/gq/baskauf/gqual--lf15387.jpg,
kirchoff/em2099,kirchoff_em2099.jpg,Quercus alba,white oak,Fagaceae,leaf,leaf,whole upper surface,010401,leaf / whole upper surface,leaf,ind-kirchoff/mason03,2010-09-30T13:59:31-04:00,Emily C. Mason,https://bioimages.vanderbilt.edu/kirchoff/em2099,https://bioimages.vanderbilt.edu/tn/kirchoff/tem2099.jpg,https://bioimages.vanderbilt.edu/gq/kirchoff/gem2099.jpg,
kirchoff/em2100,kirchoff_em2100.jpg,Quercus alba,white oak,Fagaceae,leaf,leaf,whole upper surface,010401,leaf / whole upper surface,leaf,ind-kirchoff/mason03,2010-09-30T13:59:40-04:00,Emily C. Mason,https://bioimages.vanderbilt.edu/kirchoff/em2100,https://bioimages.vanderbilt.edu/tn/kirchoff/tem2100.jpg,https://bioimages.vanderbilt.edu/gq/kirchoff/gem2100.jpg,
kirchoff/em2101,kirchoff_em2101.jpg,Quercus alba,white oak,Fagaceae,leaf,leaf,whole upper surface,010401,leaf / whole upper surface,leaf,ind-kirchoff/mason03,2010-09-30T13:59:47-04:00,Emily C. Mason,https://bioimages.vanderbilt.edu/kirchoff/em2101,https://bioimages.vanderbilt.edu/tn/kirchoff/tem2101.jpg,https://bioimages.vanderbilt.edu/gq/kirchoff/gem2101.jpg,
kirchoff/em2114,kirchoff_em2114.jpg,Quercus alba,white oak,Fagaceae,leaf,leaf,whole upper surface,010401,leaf / whole upper surface,leaf,ind-kirchoff/mason02,2010-09-30T14:09:58-04:00,Emily C. Mason,https://bioimages.vanderbilt.edu/kirchoff/em2114,https://bioimages.vanderbilt.edu/tn/kirchoff/tem2114.jpg,https://bioimages.vanderbilt.edu/gq/kirchoff/gem2114.jpg,
kirchoff/em2115,kirchoff_em2115.jpg,Quercus alba,white oak,Fagaceae,leaf,leaf,whole upper surface,010401,leaf / whole upper surface,leaf,ind-kirchoff/mason02,2010-09-30T14:10:06-04:00,Emily C. Mason,https://bioimages.vanderbilt.edu/kirchoff/em2115,https://bioimages.vanderbilt.edu/tn/kirchoff/tem2115.jpg,https://bioimages.vanderbilt.edu/gq/kirchoff/gem2115.jpg,
kirchoff/em2116,kirchoff_em2116.jpg,Quercus alba,white oak,Fagaceae,leaf,leaf,whole upper surface,010401,leaf / whole upper surface,leaf,ind-kirchoff/mason02,2010-09-30T14:10:14-04:00,Emily C. Mason,https://bioimages.vanderbilt.edu/kirchoff/em2116,https://bioimages.vanderbilt.edu/tn/kirchoff/tem2116.jpg,https://bioimages.vanderbilt.edu/gq/kirchoff/gem2116.jpg,
baskauf/19712,baskauf_19712.jpg,Quercus alba,white oak,Fagaceae,flower,inflorescence,whole - female,010502,inflorescence / whole - female,flower,ind-baskauf/19695,2003-04-07T15:34:34-05:00,Steven J. Baskauf,https://bioimages.vanderbilt.edu/baskauf/19712,https://bioimages.vanderbilt.edu/tn/baskauf/tqual--flfemale19712.jpg,https://bioimages.vanderbilt.edu/gq/baskauf/gqual--flfemale19712.jpg,
baskauf/19705,baskauf_19705.jpg,Quercus alba,white oak,Fagaceae,flower,inflorescence,whole - male,010503,inflorescence / whole - male,flower,ind-baskauf/19695,2003-04-07T15:33:12-05:00,Steven J. Baskauf,https://bioimages.vanderbilt.edu/baskauf/19705,https://bioimages.vanderbilt.edu/tn/baskauf/tqual--flmale19705.jpg,https://bioimages.vanderbilt.edu/gq/baskauf/gqual--flmale19705.jpg,
baskauf/19695,baskauf_19695.jpg,Quercus alba,white oak,Fagaceae,flower,inflorescence,whole - unspecified,010501,inflorescence / whole - unspecified,flower,ind-baskauf/19695,2003-04-07T15:31:41-05:00,Steven J. Baskauf,https://bioimages.vanderbilt.edu/baskauf/19695,https://bioimages.vanderbilt.edu/tn/baskauf/tqual--fl19695.jpg,https://bioimages.vanderbilt.edu/gq/baskauf/gqual--fl19695.jpg,unspecified view
baskauf/15637,baskauf_15637.jpg,Quercus alba,white oak,Fagaceae,fruit,fruit,as borne on the plant,010601,fruit / as borne on the plant,fruit,vanderbilt/6-152,2002-09-17T12:20:20-05:00,Steven J. Baskauf,https://bioimages.vanderbilt.edu/baskauf/15637,https://bioimages.vanderbilt.edu/tn/baskauf/tqual--fr15637.jpg,https://bioimages.vanderbilt.edu/gq/baskauf/gqual--fr15637.jpg,
baskauf/12405,baskauf_12405.jpg,Quercus alba,white oak,Fagaceae,fruit,fruit,immature,010604,fruit / immature,fruit,vanderbilt/7-324,2002-06-14T10:03:48-05:00,Steven J. Baskauf,https://bioimages.vanderbilt.edu/baskauf/12405,https://bioimages.vanderbilt.edu/tn/baskauf/tqual--frdevel12405.jpg,https://bioimages.vanderbilt.edu/gq/baskauf/gqual--frdevel12405.jpg,
baskauf/16842,baskauf_16842.jpg,Quercus alba,white oak,Fagaceae,seed,seed,unspecified,010700,seed / unspecified,seed,ind-baskauf/16838,2002-11-10T15:26:25-06:00,Steven J. Baskauf,https://bioimages.vanderbilt.edu/baskauf/16842,https://bioimages.vanderbilt.edu/tn/baskauf/tqual--frgerminating16842.jpg,https://bioimages.vanderbilt.edu/gq/baskauf/gqual--frgerminating16842.jpg,unspecified view
kirchoff/em2105,kirchoff_em2105.jpg,Quercus alba,white oak,Fagaceae,unspecified,unspecified,unspecified,010000,unspecified / unspecified,other,ind-kirchoff/mason03,2010-09-30T14:03:25-04:00,Emily C. Mason,https://bioimages.vanderbilt.edu/kirchoff/em2105,https://bioimages.vanderbilt.edu/tn/kirchoff/tem2105.jpg,https://bioimages.vanderbilt.edu/gq/kirchoff/gem2105.jpg,unspecified view; other organ group
baskauf/91110,baskauf_91110.jpg,Quercus bicolor,swamp white oak,Fagaceae,whole plant,whole tree (or vine),general,010101,whole tree (or vine) / general,whole-tree,vanderbilt/12-11,2014-09-11T17:04:12-05:00,Steven J. Baskauf,https://bioimages.vanderbilt.edu/baskauf/91110,https://bioimages.vanderbilt.edu/tn/baskauf/t91110.jpg,https://bioimages.vanderbilt.edu/gq/baskauf/g91110.jpg,
kirchoff/ac1468,kirchoff_ac1468.jpg,Quercus bicolor,swamp white oak,Fagaceae,whole plant,whole tree (or vine),general,010101,whole tree (or vine) / general,whole-tree,uncg/5,2010-09-01T03:25:34-04:00,Ashley Coble,https://bioimages.vanderbilt.edu/kirchoff/ac1468,https://bioimages.vanderbilt.edu/tn/kirchoff/tac1468.jpg,https://bioimages.vanderbilt.edu/gq/kirchoff/gac1468.jpg,
baskauf/12361,baskauf_12361.jpg,Quercus bicolor,swamp white oak,Fagaceae,whole plant,whole tree (or vine),view up trunk,010103,whole tree (or vine) / view up trunk,whole-tree,vanderbilt/6-173,2002-06-13T14:38:51-05:00,Steven J. Baskauf,https://bioimages.vanderbilt.edu/baskauf/12361,https://bioimages.vanderbilt.edu/tn/baskauf/tqubi--wplookup-large12361.jpg,https://bioimages.vanderbilt.edu/gq/baskauf/gqubi--wplookup-large12361.jpg,
baskauf/12356,baskauf_12356.jpg,Quercus bicolor,swamp white oak,Fagaceae,bark,bark,of a large tree,010201,bark / of a large tree,bark,vanderbilt/6-173,2002-06-13T14:37:13-05:00,Steven J. Baskauf,https://bioimages.vanderbilt.edu/baskauf/12356,https://bioimages.vanderbilt.edu/tn/baskauf/tqubi--brlarge12356.jpg,https://bioimages.vanderbilt.edu/gq/baskauf/gqubi--brlarge12356.jpg,
kirchoff/ac1469,kirchoff_ac1469.jpg,Quercus bicolor,swamp white oak,Fagaceae,bark,bark,of a large tree,010201,bark / of a large tree,bark,uncg/5,2010-09-01T03:25:52-04:00,Ashley Coble,https://bioimages.vanderbilt.edu/kirchoff/ac1469,https://bioimages.vanderbilt.edu/tn/kirchoff/tac1469.jpg,https://bioimages.vanderbilt.edu/gq/kirchoff/gac1469.jpg,
kirchoff/ac1470,kirchoff_ac1470.jpg,Quercus bicolor,swamp white oak,Fagaceae,bark,bark,of a large tree,010201,bark / of a large tree,bark,uncg/5,2010-09-01T03:25:59-04:00,Ashley Coble,https://bioimages.vanderbilt.edu/kirchoff/ac1470,https://bioimages.vanderbilt.edu/tn/kirchoff/tac1470.jpg,https://bioimages.vanderbilt.edu/gq/kirchoff/gac1470.jpg,
kirchoff/em2143,kirchoff_em2143.jpg,Quercus bicolor,swamp white oak,Fagaceae,bark,bark,of a large tree,010201,bark / of a large tree,bark,uncg/5,2010-09-30T14:35:51-04:00,Emily C. Mason,https://bioimages.vanderbilt.edu/kirchoff/em2143,https://bioimages.vanderbilt.edu/tn/kirchoff/tem2143.jpg,https://bioimages.vanderbilt.edu/gq/kirchoff/gem2143.jpg,
kirchoff/em2144,kirchoff_em2144.jpg,Quercus bicolor,swamp white oak,Fagaceae,bark,bark,of a large tree,010201,bark / of a large tree,bark,uncg/5,2010-09-30T14:36:00-04:00,Emily C. Mason,https://bioimages.vanderbilt.edu/kirchoff/em2144,https://bioimages.vanderbilt.edu/tn/kirchoff/tem2144.jpg,https://bioimages.vanderbilt.edu/gq/kirchoff/gem2144.jpg,
baskauf/16026,baskauf_16026.jpg,Quercus bicolor,swamp white oak,Fagaceae,twig,twig,orientation of petioles,010301,twig / orientation of petioles,twig,vanderbilt/6-243,2002-09-27T16:04:39-05:00,Steven J. Baskauf,https://bioimages.vanderbilt.edu/baskauf/16026,https://bioimages.vanderbilt.edu/tn/baskauf/tqubi--tw16026.jpg,https://bioimages.vanderbilt.edu/gq/baskauf/gqubi--tw16026.jpg,
kirchoff/em2150,kirchoff_em2150.jpg,Quercus bicolor,swamp white oak,Fagaceae,twig,twig,orientation of petioles,010301,twig / orientation of petioles,twig,uncg/5,2010-09-30T14:38:41-04:00,Emily C. Mason,https://bioimages.vanderbilt.edu/kirchoff/em2150,https://bioimages.vanderbilt.edu/tn/kirchoff/tem2150.jpg,https://bioimages.vanderbilt.edu/gq/kirchoff/gem2150.jpg,
baskauf/12368,baskauf_12368.jpg,Quercus bicolor,swamp white oak,Fagaceae,leaf,leaf,margin of upper + lower surface,010402,leaf / margin of upper + lower surface,leaf,vanderbilt/6-173,2002-06-13T14:45:27-05:00,Steven J. Baskauf,https://bioimages.vanderbilt.edu/baskauf/12368,https://bioimages.vanderbilt.edu/tn/baskauf/tqubi--lfmargin12368.jpg,https://bioimages.vanderbilt.edu/gq/baskauf/gqubi--lfmargin12368.jpg,
baskauf/52483,baskauf_52483.jpg,Quercus bicolor,swamp white oak,Fagaceae,leaf,leaf,margin of upper + lower surface,010402,leaf / margin of upper + lower surface,leaf,vanderbilt/12-11,2006-06-07T13:41:37-05:00,Steven J. Baskauf,https://bioimages.vanderbilt.edu/baskauf/52483,https://bioimages.vanderbilt.edu/tn/baskauf/tqubi--lfmargin-uplow52483.jpg,https://bioimages.vanderbilt.edu/gq/baskauf/gqubi--lfmargin-uplow52483.jpg,
kirchoff/ac1478,kirchoff_ac1478.jpg,Quercus bicolor,swamp white oak,Fagaceae,leaf,leaf,margin of upper + lower surface,010402,leaf / margin of upper + lower surface,leaf,uncg/5,2010-09-01T03:33:11-04:00,Ashley Coble,https://bioimages.vanderbilt.edu/kirchoff/ac1478,https://bioimages.vanderbilt.edu/tn/kirchoff/tac1478.jpg,https://bioimages.vanderbilt.edu/gq/kirchoff/gac1478.jpg,
kirchoff/ac1479,kirchoff_ac1479.jpg,Quercus bicolor,swamp white oak,Fagaceae,leaf,leaf,margin of upper + lower surface,010402,leaf / margin of upper + lower surface,leaf,uncg/5,2010-09-01T03:33:33-04:00,Ashley Coble,https://bioimages.vanderbilt.edu/kirchoff/ac1479,https://bioimages.vanderbilt.edu/tn/kirchoff/tac1479.jpg,https://bioimages.vanderbilt.edu/gq/kirchoff/gac1479.jpg,
baskauf/12363,baskauf_12363.jpg,Quercus bicolor,swamp white oak,Fagaceae,leaf,leaf,showing orientation on twig,010403,leaf / showing orientation on twig,leaf,vanderbilt/6-173,2002-06-13T14:41:51-05:00,Steven J. Baskauf,https://bioimages.vanderbilt.edu/baskauf/12363,https://bioimages.vanderbilt.edu/tn/baskauf/tqubi--lfseveral12363.jpg,https://bioimages.vanderbilt.edu/gq/baskauf/gqubi--lfseveral12363.jpg,
kirchoff/ac1472,kirchoff_ac1472.jpg,Quercus bicolor,swamp white oak,Fagaceae,leaf,leaf,showing orientation on twig,010403,leaf / showing orientation on twig,leaf,uncg/5,2010-09-01T03:27:28-04:00,Ashley Coble,https://bioimages.vanderbilt.edu/kirchoff/ac1472,https://bioimages.vanderbilt.edu/tn/kirchoff/tac1472.jpg,https://bioimages.vanderbilt.edu/gq/kirchoff/gac1472.jpg,
kirchoff/ac1473,kirchoff_ac1473.jpg,Quercus bicolor,swamp white oak,Fagaceae,leaf,leaf,showing orientation on twig,010403,leaf / showing orientation on twig,leaf,uncg/5,2010-09-01T03:28:11-04:00,Ashley Coble,https://bioimages.vanderbilt.edu/kirchoff/ac1473,https://bioimages.vanderbilt.edu/tn/kirchoff/tac1473.jpg,https://bioimages.vanderbilt.edu/gq/kirchoff/gac1473.jpg,
kirchoff/em2146,kirchoff_em2146.jpg,Quercus bicolor,swamp white oak,Fagaceae,leaf,leaf,showing orientation on twig,010403,leaf / showing orientation on twig,leaf,uncg/5,2010-09-30T14:36:34-04:00,Emily C. Mason,https://bioimages.vanderbilt.edu/kirchoff/em2146,https://bioimages.vanderbilt.edu/tn/kirchoff/tem2146.jpg,https://bioimages.vanderbilt.edu/gq/kirchoff/gem2146.jpg,
kirchoff/em2147,kirchoff_em2147.jpg,Quercus bicolor,swamp white oak,Fagaceae,leaf,leaf,showing orientation on twig,010403,leaf / showing orientation on twig,leaf,uncg/5,2010-09-30T14:38:14-04:00,Emily C. Mason,https://bioimages.vanderbilt.edu/kirchoff/em2147,https://bioimages.vanderbilt.edu/tn/kirchoff/tem2147.jpg,https://bioimages.vanderbilt.edu/gq/kirchoff/gem2147.jpg,
baskauf/12382,baskauf_12382.jpg,Quercus bicolor,swamp white oak,Fagaceae,leaf,leaf,unspecified,010400,leaf / unspecified,leaf,vanderbilt/6-173,2002-06-13T15:09:08-05:00,Steven J. Baskauf,https://bioimages.vanderbilt.edu/baskauf/12382,https://bioimages.vanderbilt.edu/tn/baskauf/tqubi--lflower-micro12382.jpg,https://bioimages.vanderbilt.edu/gq/baskauf/gqubi--lflower-micro12382.jpg,unspecified view
baskauf/12396,baskauf_12396.jpg,Quercus bicolor,swamp white oak,Fagaceae,leaf,leaf,unspecified,010400,leaf / unspecified,leaf,vanderbilt/6-173,2002-06-13T15:21:24-05:00,Steven J. Baskauf,https://bioimages.vanderbilt.edu/baskauf/12396,https://bioimages.vanderbilt.edu/tn/baskauf/tqubi--lflower12396.jpg,https://bioimages.vanderbilt.edu/gq/baskauf/gqubi--lflower12396.jpg,unspecified view
baskauf/12366,baskauf_12366.jpg,Quercus bicolor,swamp white oak,Fagaceae,leaf,leaf,whole upper surface,010401,leaf / whole upper surface,leaf,vanderbilt/6-173,2002-06-13T14:44:32-05:00,Steven J. Baskauf,https://bioimages.vanderbilt.edu/baskauf/12366,https://bioimages.vanderbilt.edu/tn/baskauf/tqubi--lf12366.jpg,https://bioimages.vanderbilt.edu/gq/baskauf/gqubi--lf12366.jpg,
kirchoff/ac1477,kirchoff_ac1477.jpg,Quercus bicolor,swamp white oak,Fagaceae,leaf,leaf,whole upper surface,010401,leaf / whole upper surface,leaf,uncg/5,2010-09-01T03:32:43-04:00,Ashley Coble,https://bioimages.vanderbilt.edu/kirchoff/ac1477,https://bioimages.vanderbilt.edu/tn/kirchoff/tac1477.jpg,https://bioimages.vanderbilt.edu/gq/kirchoff/gac1477.jpg,
kirchoff/em2152,kirchoff_em2152.jpg,Quercus bicolor,swamp white oak,Fagaceae,leaf,leaf,whole upper surface,010401,leaf / whole upper surface,leaf,uncg/5,2010-09-30T14:39:34-04:00,Emily C. Mason,https://bioimages.vanderbilt.edu/kirchoff/em2152,https://bioimages.vanderbilt.edu/tn/kirchoff/tem2152.jpg,https://bioimages.vanderbilt.edu/gq/kirchoff/gem2152.jpg,
kirchoff/em2153,kirchoff_em2153.jpg,Quercus bicolor,swamp white oak,Fagaceae,leaf,leaf,whole upper surface,010401,leaf / whole upper surface,leaf,uncg/5,2010-09-30T14:40:18-04:00,Emily C. Mason,https://bioimages.vanderbilt.edu/kirchoff/em2153,https://bioimages.vanderbilt.edu/tn/kirchoff/tem2153.jpg,https://bioimages.vanderbilt.edu/gq/kirchoff/gem2153.jpg,
kirchoff/em2154,kirchoff_em2154.jpg,Quercus bicolor,swamp white oak,Fagaceae,leaf,leaf,whole upper surface,010401,leaf / whole upper surface,leaf,uncg/5,2010-09-30T14:40:22-04:00,Emily C. Mason,https://bioimages.vanderbilt.edu/kirchoff/em2154,https://bioimages.vanderbilt.edu/tn/kirchoff/tem2154.jpg,https://bioimages.vanderbilt.edu/gq/kirchoff/gem2154.jpg,
baskauf/18839,baskauf_18839.jpg,Quercus bicolor,swamp white oak,Fagaceae,flower,inflorescence,whole - male,010503,inflorescence / whole - male,flower,ind-baskauf/18833,2003-03-31T09:43:11-06:00,Steven J. Baskauf,https://bioimages.vanderbilt.edu/baskauf/18839,https://bioimages.vanderbilt.edu/tn/baskauf/tqubi--flmale18839.jpg,https://bioimages.vanderbilt.edu/gq/baskauf/gqubi--flmale18839.jpg,
baskauf/51186,baskauf_51186.jpg,Quercus bicolor,swamp white oak,Fagaceae,flower,inflorescence,whole - male,010503,inflorescence / whole - male,flower,vanderbilt/12-11,2006-04-14T07:16:44-05:00,Steven J. Baskauf,https://bioimages.vanderbilt.edu/baskauf/51186,https://bioimages.vanderbilt.edu/tn/baskauf/tqubi--flmale51186.jpg,https://bioimages.vanderbilt.edu/gq/baskauf/gqubi--flmale51186.jpg,
baskauf/18836,baskauf_18836.jpg,Quercus bicolor,swamp white oak,Fagaceae,flower,inflorescence,whole - unspecified,010501,inflorescence / whole - unspecified,flower,ind-baskauf/18833,2003-03-31T09:42:30-06:00,Steven J. Baskauf,https://bioimages.vanderbilt.edu/baskauf/18836,https://bioimages.vanderbilt.edu/tn/baskauf/tqubi--flinflor18836.jpg,https://bioimages.vanderbilt.edu/gq/baskauf/gqubi--flinflor18836.jpg,unspecified view
baskauf/51183,baskauf_51183.jpg,Quercus bicolor,swamp white oak,Fagaceae,flower,inflorescence,whole - unspecified,010501,inflorescence / whole - unspecified,flower,vanderbilt/12-11,2006-04-14T07:16:13-05:00,Steven J. Baskauf,https://bioimages.vanderbilt.edu/baskauf/51183,https://bioimages.vanderbilt.edu/tn/baskauf/tqubi--flinflor51183.jpg,https://bioimages.vanderbilt.edu/gq/baskauf/gqubi--flinflor51183.jpg,unspecified view
baskauf/16299,baskauf_16299.jpg,Quercus bicolor,swamp white oak,Fagaceae,fruit,fruit,lateral or general close-up,010602,fruit / lateral or general close-up,fruit,ind-baskauf/16299,2002-10-05T11:28:34-05:00,Steven J. Baskauf,https://bioimages.vanderbilt.edu/baskauf/16299,https://bioimages.vanderbilt.edu/tn/baskauf/tqubi--fr16299.jpg,https://bioimages.vanderbilt.edu/gq/baskauf/gqubi--fr16299.jpg,
baskauf/12413,baskauf_12413.jpg,Quercus macrocarpa,bur oak,Fagaceae,whole plant,whole tree (or vine),general,010101,whole tree (or vine) / general,whole-tree,vanderbilt/7-314,2002-06-14T10:12:17-05:00,Steven J. Baskauf,https://bioimages.vanderbilt.edu/baskauf/12413,https://bioimages.vanderbilt.edu/tn/baskauf/tquma2-wplarge12413.jpg,https://bioimages.vanderbilt.edu/gq/baskauf/gquma2-wplarge12413.jpg,
baskauf/79649,baskauf_79649.jpg,Quercus macrocarpa,bur oak,Fagaceae,whole plant,whole tree (or vine),general,010101,whole tree (or vine) / general,whole-tree,vanderbilt/7-314,2010-07-29T09:41:57-05:00,Steven J. Baskauf,https://bioimages.vanderbilt.edu/baskauf/79649,https://bioimages.vanderbilt.edu/tn/baskauf/t79649.jpg,https://bioimages.vanderbilt.edu/gq/baskauf/g79649.jpg,
baskauf/90661,baskauf_90661.jpg,Quercus macrocarpa,bur oak,Fagaceae,whole plant,whole tree (or vine),general,010101,whole tree (or vine) / general,whole-tree,vanderbilt/6-135,2014-08-26T15:27:53-05:00,Steven J. Baskauf,https://bioimages.vanderbilt.edu/baskauf/90661,https://bioimages.vanderbilt.edu/tn/baskauf/t90661.jpg,https://bioimages.vanderbilt.edu/gq/baskauf/g90661.jpg,
baskauf/91098,baskauf_91098.jpg,Quercus macrocarpa,bur oak,Fagaceae,whole plant,whole tree (or vine),general,010101,whole tree (or vine) / general,whole-tree,vanderbilt/6-153,2014-09-11T08:34:43-05:00,Steven J. Baskauf,https://bioimages.vanderbilt.edu/baskauf/91098,https://bioimages.vanderbilt.edu/tn/baskauf/t91098.jpg,https://bioimages.vanderbilt.edu/gq/baskauf/g91098.jpg,
baskauf/91119,baskauf_91119.jpg,Quercus macrocarpa,bur oak,Fagaceae,whole plant,whole tree (or vine),general,010101,whole tree (or vine) / general,whole-tree,vanderbilt/12-29,2014-09-11T17:08:47-05:00,Steven J. Baskauf,https://bioimages.vanderbilt.edu/baskauf/91119,https://bioimages.vanderbilt.edu/tn/baskauf/t91119.jpg,https://bioimages.vanderbilt.edu/gq/baskauf/g91119.jpg,
vanderbilt/conkin-p-69-campus-from-kirkland-tower,vanderbilt_conkin-p-69-campus-from-kirkland-tower.jpg,Quercus macrocarpa,bur oak,Fagaceae,whole plant,whole tree (or vine),general,010101,whole tree (or vine) / general,whole-tree,vanderbilt/h001,1900,anonymous,https://bioimages.vanderbilt.edu/vanderbilt/conkin-p-69-campus-from-kirkland-tower,https://bioimages.vanderbilt.edu/tn/vanderbilt/tconkin-p-69-campus-from-kirkland-tower.jpg,https://bioimages.vanderbilt.edu/gq/vanderbilt/gconkin-p-69-campus-from-kirkland-tower.jpg,
baskauf/12420,baskauf_12420.jpg,Quercus macrocarpa,bur oak,Fagaceae,whole plant,whole tree (or vine),view up trunk,010103,whole tree (or vine) / view up trunk,whole-tree,vanderbilt/7-314,2002-06-14T10:29:41-05:00,Steven J. Baskauf,https://bioimages.vanderbilt.edu/baskauf/12420,https://bioimages.vanderbilt.edu/tn/baskauf/tquma2-wplookup12420.jpg,https://bioimages.vanderbilt.edu/gq/baskauf/gquma2-wplookup12420.jpg,
baskauf/79651,baskauf_79651.jpg,Quercus macrocarpa,bur oak,Fagaceae,whole plant,whole tree (or vine),view up trunk,010103,whole tree (or vine) / view up trunk,whole-tree,vanderbilt/7-314,2010-07-29T09:43:10-05:00,Steven J. Baskauf,https://bioimages.vanderbilt.edu/baskauf/79651,https://bioimages.vanderbilt.edu/tn/baskauf/t79651.jpg,https://bioimages.vanderbilt.edu/gq/baskauf/g79651.jpg,
baskauf/12417,baskauf_12417.jpg,Quercus macrocarpa,bur oak,Fagaceae,bark,bark,of a large tree,010201,bark / of a large tree,bark,vanderbilt/7-314,2002-06-14T10:17:19-05:00,Steven J. Baskauf,https://bioimages.vanderbilt.edu/baskauf/12417,https://bioimages.vanderbilt.edu/tn/baskauf/tquma2-brlarge12417.jpg,https://bioimages.vanderbilt.edu/gq/baskauf/gquma2-brlarge12417.jpg,
baskauf/79653,baskauf_79653.jpg,Quercus macrocarpa,bur oak,Fagaceae,bark,bark,of a large tree,010201,bark / of a large tree,bark,vanderbilt/7-314,2010-07-29T09:44:10-05:00,Steven J. Baskauf,https://bioimages.vanderbilt.edu/baskauf/79653,https://bioimages.vanderbilt.edu/tn/baskauf/t79653.jpg,https://bioimages.vanderbilt.edu/gq/baskauf/g79653.jpg,
vanderbilt/mcgaw-p137-old-central-porch,vanderbilt_mcgaw-p137-old-central-porch.jpg,Quercus macrocarpa,bur oak,Fagaceae,bark,bark,of a large tree,010201,bark / of a large tree,bark,vanderbilt/h001,1885,anonymous,https://bioimages.vanderbilt.edu/vanderbilt/mcgaw-p137-old-central-porch,https://bioimages.vanderbilt.edu/tn/vanderbilt/tmcgaw-p137-old-central-porch.jpg,https://bioimages.vanderbilt.edu/gq/vanderbilt/gmcgaw-p137-old-central-porch.jpg,
baskauf/15620,baskauf_15620.jpg,Quercus macrocarpa,bur oak,Fagaceae,twig,twig,orientation of petioles,010301,twig / orientation of petioles,twig,vanderbilt/6-135,2002-09-17T12:09:08-05:00,Steven J. Baskauf,https://bioimages.vanderbilt.edu/baskauf/15620,https://bioimages.vanderbilt.edu/tn/baskauf/tquma2-tw15620.jpg,https://bioimages.vanderbilt.edu/gq/baskauf/gquma2-tw15620.jpg,
baskauf/15624,baskauf_15624.jpg,Quercus macrocarpa,bur oak,Fagaceae,leaf,leaf,margin of upper + lower surface,010402,leaf / margin of upper + lower surface,leaf,vanderbilt/6-135,2002-09-17T12:10:57-05:00,Steven J. Baskauf,https://bioimages.vanderbilt.edu/baskauf/15624,https://bioimages.vanderbilt.edu/tn/baskauf/tquma2-lfmargin-uplow15624.jpg,https://bioimages.vanderbilt.edu/gq/baskauf/gquma2-lfmargin-uplow15624.jpg,
baskauf/12493,baskauf_12493.jpg,Quercus macrocarpa,bur oak,Fagaceae,leaf,leaf,showing orientation on twig,010403,leaf / showing orientation on twig,leaf,vanderbilt/7-314,2002-06-14T11:52:20-05:00,Steven J. Baskauf,https://bioimages.vanderbilt.edu/baskauf/12493,https://bioimages.vanderbilt.edu/tn/baskauf/tquma2-lfseveral12493.jpg,https://bioimages.vanderbilt.edu/gq/baskauf/gquma2-lfseveral12493.jpg,
baskauf/12509,baskauf_12509.jpg,Quercus macrocarpa,bur oak,Fagaceae,leaf,leaf,unspecified,010400,leaf / unspecified,leaf,vanderbilt/7-314,2002-06-14T12:04:39-05:00,Steven J. Baskauf,https://bioimages.vanderbilt.edu/baskauf/12509,https://bioimages.vanderbilt.edu/tn/baskauf/tquma2-lflower12509.jpg,https://bioimages.vanderbilt.edu/gq/baskauf/gquma2-lflower12509.jpg,unspecified view
baskauf/12522,baskauf_12522.jpg,Quercus macrocarpa,bur oak,Fagaceae,leaf,leaf,unspecified,010400,leaf / unspecified,leaf,vanderbilt/7-314,2002-06-14T12:12:52-05:00,Steven J. Baskauf,https://bioimages.vanderbilt.edu/baskauf/12522,https://bioimages.vanderbilt.edu/tn/baskauf/tquma2-lflower-micro12522.jpg,https://bioimages.vanderbilt.edu/gq/baskauf/gquma2-lflower-micro12522.jpg,unspecified view
baskauf/12500,baskauf_12500.jpg,Quercus macrocarpa,bur oak,Fagaceae,leaf,leaf,whole upper surface,010401,leaf / whole upper surface,leaf,vanderbilt/7-314,2002-06-14T11:55:47-05:00,Steven J. Baskauf,https://bioimages.vanderbilt.edu/baskauf/12500,https://bioimages.vanderbilt.edu/tn/baskauf/tquma2-lf12500.jpg,https://bioimages.vanderbilt.edu/gq/baskauf/gquma2-lf12500.jpg,
baskauf/79657,baskauf_79657.jpg,Quercus macrocarpa,bur oak,Fagaceae,leaf,leaf,whole upper surface,010401,leaf / whole upper surface,leaf,vanderbilt/7-314,2010-07-29T09:47:05-05:00,Steven J. Baskauf,https://bioimages.vanderbilt.edu/baskauf/79657,https://bioimages.vanderbilt.edu/tn/baskauf/t79657.jpg,https://bioimages.vanderbilt.edu/gq/baskauf/g79657.jpg,
baskauf/18859,baskauf_18859.jpg,Quercus macrocarpa,bur oak,Fagaceae,flower,inflorescence,whole - female,010502,inflorescence / whole - female,flower,ind-baskauf/18850,2003-03-31T09:56:48-06:00,Steven J. Baskauf,https://bioimages.vanderbilt.edu/baskauf/18859,https://bioimages.vanderbilt.edu/tn/baskauf/tquma2-flfemale18859.jpg,https://bioimages.vanderbilt.edu/gq/baskauf/gquma2-flfemale18859.jpg,
baskauf/18855,baskauf_18855.jpg,Quercus macrocarpa,bur oak,Fagaceae,flower,inflorescence,whole - male,010503,inflorescence / whole - male,flower,ind-baskauf/18850,2003-03-31T09:55:08-06:00,Steven J. Baskauf,https://bioimages.vanderbilt.edu/baskauf/18855,https://bioimages.vanderbilt.edu/tn/baskauf/tquma2-flmale18855.jpg,https://bioimages.vanderbilt.edu/gq/baskauf/gquma2-flmale18855.jpg,
baskauf/18850,baskauf_18850.jpg,Quercus macrocarpa,bur oak,Fagaceae,flower,inflorescence,whole - unspecified,010501,inflorescence / whole - unspecified,flower,ind-baskauf/18850,2003-03-31T09:53:57-06:00,Steven J. Baskauf,https://bioimages.vanderbilt.edu/baskauf/18850,https://bioimages.vanderbilt.edu/tn/baskauf/tquma2-flinflor18850.jpg,https://bioimages.vanderbilt.edu/gq/baskauf/gquma2-flinflor18850.jpg,unspecified view
baskauf/15615,baskauf_15615.jpg,Quercus macrocarpa,bur oak,Fagaceae,fruit,fruit,as borne on the plant,010601,fruit / as borne on the plant,fruit,vanderbilt/6-135,2002-09-17T12:07:16-05:00,Steven J. Baskauf,https://bioimages.vanderbilt.edu/baskauf/15615,https://bioimages.vanderbilt.edu/tn/baskauf/tquma2-fr15615.jpg,https://bioimages.vanderbilt.edu/gq/baskauf/gquma2-fr15615.jpg,
baskauf/12318,baskauf_12318.jpg,Quercus muehlenbergii,chinkapin oak,Fagaceae,whole plant,whole tree (or vine),general,010101,whole tree (or vine) / general,whole-tree,vanderbilt/15-154,2002-06-13T13:29:12-05:00,Steven J. Baskauf,https://bioimages.vanderbilt.edu/baskauf/12318,https://bioimages.vanderbilt.edu/tn/baskauf/tqumu--wplarge12318.jpg,https://bioimages.vanderbilt.edu/gq/baskauf/gqumu--wplarge12318.jpg,
baskauf/90718,baskauf_90718.jpg,Quercus muehlenbergii,chinkapin oak,Fagaceae,whole plant,whole tree (or vine),general,010101,whole tree (or vine) / general,whole-tree,vanderbilt/15-154,2014-08-27T08:08:30-05:00,Steven J. Baskauf,https://bioimages.vanderbilt.edu/baskauf/90718,https://bioimages.vanderbilt.edu/tn/baskauf/t90718.jpg,https://bioimages.vanderbilt.edu/gq/baskauf/g90718.jpg,
baskauf/90950,baskauf_90950.jpg,Quercus muehlenbergii,chinkapin oak,Fagaceae,whole plant,whole tree (or vine),general,010101,whole tree (or vine) / general,whole-tree,vanderbilt/7-282,2014-09-03T16:31:36-05:00,Steven J. Baskauf,https://bioimages.vanderbilt.edu/baskauf/90950,https://bioimages.vanderbilt.edu/tn/baskauf/t90950.jpg,https://bioimages.vanderbilt.edu/gq/baskauf/g90950.jpg,
baskauf/91004,baskauf_91004.jpg,Quercus muehlenbergii,chinkapin oak,Fagaceae,whole plant,whole tree (or vine),general,010101,whole tree (or vine) / general,whole-tree,vanderbilt/7-282,2014-09-03T17:00:10-05:00,Steven J. Baskauf,https://bioimages.vanderbilt.edu/baskauf/91004,https://bioimages.vanderbilt.edu/tn/baskauf/t91004.jpg,https://bioimages.vanderbilt.edu/gq/baskauf/g91004.jpg,
baskauf/12055,baskauf_12055.jpg,Quercus muehlenbergii,chinkapin oak,Fagaceae,whole plant,whole tree (or vine),view up trunk,010103,whole tree (or vine) / view up trunk,whole-tree,ind-baskauf/12050,2002-06-08T13:26:09-05:00,Steven J. Baskauf,https://bioimages.vanderbilt.edu/baskauf/12055,https://bioimages.vanderbilt.edu/tn/baskauf/tqumu--wpmed-in-forest12055.jpg,https://bioimages.vanderbilt.edu/gq/baskauf/gqumu--wpmed-in-forest12055.jpg,
baskauf/12321,baskauf_12321.jpg,Quercus muehlenbergii,chinkapin oak,Fagaceae,whole plant,whole tree (or vine),view up trunk,010103,whole tree (or vine) / view up trunk,whole-tree,vanderbilt/15-154,2002-06-13T13:31:31-05:00,Steven J. Baskauf,https://bioimages.vanderbilt.edu/baskauf/12321,https://bioimages.vanderbilt.edu/tn/baskauf/tqumu--wplookup-large12321.jpg,https://bioimages.vanderbilt.edu/gq/baskauf/gqumu--wplookup-large12321.jpg,
baskauf/89368,baskauf_89368.jpg,Quercus muehlenbergii,chinkapin oak,Fagaceae,whole plant,whole tree (or vine),winter,010102,whole tree (or vine) / winter,whole-tree,vanderbilt/7-282,2013-12-11T13:36:47-06:00,Steven J. Baskauf,https://bioimages.vanderbilt.edu/baskauf/89368,https://bioimages.vanderbilt.edu/tn/baskauf/t89368.jpg,https://bioimages.vanderbilt.edu/gq/baskauf/g89368.jpg,
baskauf/12319,baskauf_12319.jpg,Quercus muehlenbergii,chinkapin oak,Fagaceae,bark,bark,of a large tree,010201,bark / of a large tree,bark,vanderbilt/15-154,2002-06-13T13:30:34-05:00,Steven J. Baskauf,https://bioimages.vanderbilt.edu/baskauf/12319,https://bioimages.vanderbilt.edu/tn/baskauf/tqumu--brlarge-tree12319.jpg,https://bioimages.vanderbilt.edu/gq/baskauf/gqumu--brlarge-tree12319.jpg,
baskauf/12050,baskauf_12050.jpg,Quercus muehlenbergii,chinkapin oak,Fagaceae,bark,bark,of a medium tree or large branch,010202,bark / of a medium tree or large branch,bark,ind-baskauf/12050,2002-06-08T13:23:13-05:00,Steven J. Baskauf,https://bioimages.vanderbilt.edu/baskauf/12050,https://bioimages.vanderbilt.edu/tn/baskauf/tqumu--brmed12050.jpg,https://bioimages.vanderbilt.edu/gq/baskauf/gqumu--brmed12050.jpg,
baskauf/16083,baskauf_16083.jpg,Quercus muehlenbergii,chinkapin oak,Fagaceae,twig,twig,orientation of petioles,010301,twig / orientation of petioles,twig,vanderbilt/15-154,2002-09-30T12:23:58-05:00,Steven J. Baskauf,https://bioimages.vanderbilt.edu/baskauf/16083,https://bioimages.vanderbilt.edu/tn/baskauf/tqumu--tw16083.jpg,https://bioimages.vanderbilt.edu/gq/baskauf/gqumu--tw16083.jpg,
baskauf/12328,baskauf_12328.jpg,Quercus muehlenbergii,chinkapin oak,Fagaceae,leaf,leaf,margin of upper + lower surface,010402,leaf / margin of upper + lower surface,leaf,vanderbilt/15-154,2002-06-13T13:40:06-05:00,Steven J. Baskauf,https://bioimages.vanderbilt.edu/baskauf/12328,https://bioimages.vanderbilt.edu/tn/baskauf/tqumu--lfmargin12328.jpg,https://bioimages.vanderbilt.edu/gq/baskauf/gqumu--lfmargin12328.jpg,
baskauf/52480,baskauf_52480.jpg,Quercus muehlenbergii,chinkapin oak,Fagaceae,leaf,leaf,margin of upper + lower surface,010402,leaf / margin of upper + lower surface,leaf,vanderbilt/15-154,2006-06-07T13:38:15-05:00,Steven J. Baskauf,https://bioimages.vanderbilt.edu/baskauf/52480,https://bioimages.vanderbilt.edu/tn/baskauf/tqumu--lfmargin-uplow52480.jpg,https://bioimages.vanderbilt.edu/gq/baskauf/gqumu--lfmargin-uplow52480.jpg,
baskauf/12323,baskauf_12323.jpg,Quercus muehlenbergii,chinkapin oak,Fagaceae,leaf,leaf,showing orientation on twig,010403,leaf / showing orientation on twig,leaf,vanderbilt/15-154,2002-06-13T13:34:10-05:00,Steven J. Baskauf,https://bioimages.vanderbilt.edu/baskauf/12323,https://bioimages.vanderbilt.edu/tn/baskauf/tqumu--lfseveral12323.jpg,https://bioimages.vanderbilt.edu/gq/baskauf/gqumu--lfseveral12323.jpg,
baskauf/12376,baskauf_12376.jpg,Quercus muehlenbergii,chinkapin oak,Fagaceae,leaf,leaf,unspecified,010400,leaf / unspecified,leaf,vanderbilt/15-154,2002-06-13T15:04:03-05:00,Steven J. Baskauf,https://bioimages.vanderbilt.edu/baskauf/12376,https://bioimages.vanderbilt.edu/tn/baskauf/tqumu--lflower-micro12376.jpg,https://bioimages.vanderbilt.edu/gq/baskauf/gqumu--lflower-micro12376.jpg,unspecified view
baskauf/12393,baskauf_12393.jpg,Quercus muehlenbergii,chinkapin oak,Fagaceae,leaf,leaf,unspecified,010400,leaf / unspecified,leaf,vanderbilt/15-154,2002-06-13T15:19:40-05:00,Steven J. Baskauf,https://bioimages.vanderbilt.edu/baskauf/12393,https://bioimages.vanderbilt.edu/tn/baskauf/tqumu--lflower12393.jpg,https://bioimages.vanderbilt.edu/gq/baskauf/gqumu--lflower12393.jpg,unspecified view
baskauf/12324,baskauf_12324.jpg,Quercus muehlenbergii,chinkapin oak,Fagaceae,leaf,leaf,whole upper surface,010401,leaf / whole upper surface,leaf,vanderbilt/15-154,2002-06-13T13:36:25-05:00,Steven J. Baskauf,https://bioimages.vanderbilt.edu/baskauf/12324,https://bioimages.vanderbilt.edu/tn/baskauf/tqumu--lf12324.jpg,https://bioimages.vanderbilt.edu/gq/baskauf/gqumu--lf12324.jpg,
baskauf/19373,baskauf_19373.jpg,Quercus muehlenbergii,chinkapin oak,Fagaceae,flower,inflorescence,whole - female,010502,inflorescence / whole - female,flower,vanderbilt/15-154,2003-04-03T13:25:16-06:00,Steven J. Baskauf,https://bioimages.vanderbilt.edu/baskauf/19373,https://bioimages.vanderbilt.edu/tn/baskauf/tqumu--flfemale19373.jpg,https://bioimages.vanderbilt.edu/gq/baskauf/gqumu--flfemale19373.jpg,
baskauf/19371,baskauf_19371.jpg,Quercus muehlenbergii,chinkapin oak,Fagaceae,flower,inflorescence,whole - male,010503,inflorescence / whole - male,flower,vanderbilt/15-154,2003-04-03T13:23:57-06:00,Steven J. Baskauf,https://bioimages.vanderbilt.edu/baskauf/19371,https://bioimages.vanderbilt.edu/tn/baskauf/tqumu--flmale19371.jpg,https://bioimages.vanderbilt.edu/gq/baskauf/gqumu--flmale19371.jpg,
baskauf/19366,baskauf_19366.jpg,Quercus muehlenbergii,chinkapin oak,Fagaceae,flower,inflorescence,whole - unspecified,010501,inflorescence / whole - unspecified,flower,vanderbilt/15-154,2003-04-03T13:22:26-06:00,Steven J. Baskauf,https://bioimages.vanderbilt.edu/baskauf/19366,https://bioimages.vanderbilt.edu/tn/baskauf/tqumu--fl19366.jpg,https://bioimages.vanderbilt.edu/gq/baskauf/gqumu--fl19366.jpg,unspecified view
baskauf/16094,baskauf_16094.jpg,Quercus muehlenbergii,chinkapin oak,Fagaceae,fruit,fruit,lateral or general close-up,010602,fruit / lateral or general close-up,fruit,vanderbilt/15-154,2002-09-30T12:42:22-05:00,Steven J. Baskauf,https://bioimages.vanderbilt.edu/baskauf/16094,https://bioimages.vanderbilt.edu/tn/baskauf/tqumu--fr16094.jpg,https://bioimages.vanderbilt.edu/gq/baskauf/gqumu--fr16094.jpg,
baskauf/12435,baskauf_12435.jpg,Quercus palustris,pin oak,Fagaceae,whole plant,whole tree (or vine),general,010101,whole tree (or vine) / general,whole-tree,vanderbilt/3-62,2002-06-14T10:53:14-05:00,Steven J. Baskauf,https://bioimages.vanderbilt.edu/baskauf/12435,https://bioimages.vanderbilt.edu/tn/baskauf/tqupa2-wplarge12435.jpg,https://bioimages.vanderbilt.edu/gq/baskauf/gqupa2-wplarge12435.jpg,
baskauf/90701,baskauf_90701.jpg,Quercus palustris,pin oak,Fagaceae,whole plant,whole tree (or vine),general,010101,whole tree (or vine) / general,whole-tree,vanderbilt/12-215,2014-08-27T07:53:31-05:00,Steven J. Baskauf,https://bioimages.vanderbilt.edu/baskauf/90701,https://bioimages.vanderbilt.edu/tn/baskauf/t90701.jpg,https://bioimages.vanderbilt.edu/gq/baskauf/g90701.jpg,
baskauf/91133,baskauf_91133.jpg,Quercus palustris,pin oak,Fagaceae,whole plant,whole tree (or vine),general,010101,whole tree (or vine) / general,whole-tree,vanderbilt/12-76,2014-09-11T17:23:44-05:00,Steven J. Baskauf,https://bioimages.vanderbilt.edu/baskauf/91133,https://bioimages.vanderbilt.edu/tn/baskauf/t91133.jpg,https://bioimages.vanderbilt.edu/gq/baskauf/g91133.jpg,
kirchoff/em1968,kirchoff_em1968.jpg,Quercus palustris,pin oak,Fagaceae,whole plant,whole tree (or vine),general,010101,whole tree (or vine) / general,whole-tree,uncg/84,2010-09-21T11:35:39-04:00,Emily C. Mason,https://bioimages.vanderbilt.edu/kirchoff/em1968,https://bioimages.vanderbilt.edu/tn/kirchoff/tem1968.jpg,https://bioimages.vanderbilt.edu/gq/kirchoff/gem1968.jpg,
kirchoff/em2312,kirchoff_em2312.jpg,Quercus palustris,pin oak,Fagaceae,whole plant,whole tree (or vine),general,010101,whole tree (or vine) / general,whole-tree,ind-kirchoff/mason18,2010-10-12T12:24:06-04:00,Emily C. Mason,https://bioimages.vanderbilt.edu/kirchoff/em2312,https://bioimages.vanderbilt.edu/tn/kirchoff/tem2312.jpg,https://bioimages.vanderbilt.edu/gq/kirchoff/gem2312.jpg,
kirchoff/em2338,kirchoff_em2338.jpg,Quercus palustris,pin oak,Fagaceae,whole plant,whole tree (or vine),general,010101,whole tree (or vine) / general,whole-tree,ind-kirchoff/mason19,2010-10-12T12:41:28-04:00,Emily C. Mason,https://bioimages.vanderbilt.edu/kirchoff/em2338,https://bioimages.vanderbilt.edu/tn/kirchoff/tem2338.jpg,https://bioimages.vanderbilt.edu/gq/kirchoff/gem2338.jpg,
kirchoff/em2559,kirchoff_em2559.jpg,Quercus palustris,pin oak,Fagaceae,whole plant,whole tree (or vine),general,010101,whole tree (or vine) / general,whole-tree,ind-kirchoff/mason24,2010-10-23T10:17:42-04:00,Emily C. Mason,https://bioimages.vanderbilt.edu/kirchoff/em2559,https://bioimages.vanderbilt.edu/tn/kirchoff/tem2559.jpg,https://bioimages.vanderbilt.edu/gq/kirchoff/gem2559.jpg,
kirchoff/em2581,kirchoff_em2581.jpg,Quercus palustris,pin oak,Fagaceae,whole plant,whole tree (or vine),general,010101,whole tree (or vine) / general,whole-tree,ind-kirchoff/mason25,2010-10-23T10:38:44-04:00,Emily C. Mason,https://bioimages.vanderbilt.edu/kirchoff/em2581,https://bioimages.vanderbilt.edu/tn/kirchoff/tem2581.jpg,https://bioimages.vanderbilt.edu/gq/kirchoff/gem2581.jpg,
kirchoff/em2583,kirchoff_em2583.jpg,Quercus palustris,pin oak,Fagaceae,whole plant,whole tree (or vine),general,010101,whole tree (or vine) / general,whole-tree,ind-kirchoff/mason25,2010-10-23T10:39:16-04:00,Emily C. Mason,https://bioimages.vanderbilt.edu/kirchoff/em2583,https://bioimages.vanderbilt.edu/tn/kirchoff/tem2583.jpg,https://bioimages.vanderbilt.edu/gq/kirchoff/gem2583.jpg,
kirchoff/em2604,kirchoff_em2604.jpg,Quercus palustris,pin oak,Fagaceae,whole plant,whole tree (or vine),general,010101,whole tree (or vine) / general,whole-tree,ind-kirchoff/mason26,2010-10-23T10:56:57-04:00,Emily C. Mason,https://bioimages.vanderbilt.edu/kirchoff/em2604,https://bioimages.vanderbilt.edu/tn/kirchoff/tem2604.jpg,https://bioimages.vanderbilt.edu/gq/kirchoff/gem2604.jpg,
kirchoff/em2605,kirchoff_em2605.jpg,Quercus palustris,pin oak,Fagaceae,whole plant,whole tree (or vine),general,010101,whole tree (or vine) / general,whole-tree,ind-kirchoff/mason26,2010-10-23T10:57:10-04:00,Emily C. Mason,https://bioimages.vanderbilt.edu/kirchoff/em2605,https://bioimages.vanderbilt.edu/tn/kirchoff/tem2605.jpg,https://bioimages.vanderbilt.edu/gq/kirchoff/gem2605.jpg,
baskauf/12440,baskauf_12440.jpg,Quercus palustris,pin oak,Fagaceae,whole plant,whole tree (or vine),view up trunk,010103,whole tree (or vine) / view up trunk,whole-tree,vanderbilt/3-62,2002-06-14T10:55:22-05:00,Steven J. Baskauf,https://bioimages.vanderbilt.edu/baskauf/12440,https://bioimages.vanderbilt.edu/tn/baskauf/tqupa2-wplookup-large12440.jpg,https://bioimages.vanderbilt.edu/gq/baskauf/gqupa2-wplookup-large12440.jpg,
baskauf/12625,baskauf_12625.jpg,Quercus palustris,pin oak,Fagaceae,whole plant,whole tree (or vine),view up trunk,010103,whole tree (or vine) / view up trunk,whole-tree,vanderbilt/12-76,2002-06-17T09:08:49-05:00,Steven J. Baskauf,https://bioimages.vanderbilt.edu/baskauf/12625,https://bioimages.vanderbilt.edu/tn/baskauf/tqupa2-wplookup-large12625.jpg,https://bioimages.vanderbilt.edu/gq/baskauf/gqupa2-wplookup-large12625.jpg,
baskauf/15823,baskauf_15823.jpg,Quercus palustris,pin oak,Fagaceae,whole plant,whole tree (or vine),view up trunk,010103,whole tree (or vine) / view up trunk,whole-tree,ind-baskauf/15823,2002-09-21T13:03:22-05:00,Steven J. Baskauf,https://bioimages.vanderbilt.edu/baskauf/15823,https://bioimages.vanderbilt.edu/tn/baskauf/tqupa2-wplookup15823.jpg,https://bioimages.vanderbilt.edu/gq/baskauf/gqupa2-wplookup15823.jpg,
baskauf/15827,baskauf_15827.jpg,Quercus palustris,pin oak,Fagaceae,whole plant,whole tree (or vine),view up trunk,010103,whole tree (or vine) / view up trunk,whole-tree,ind-baskauf/15827,2002-09-21T13:04:29-05:00,Steven J. Baskauf,https://bioimages.vanderbilt.edu/baskauf/15827,https://bioimages.vanderbilt.edu/tn/baskauf/tqupa2-wplookup15827.jpg,https://bioimages.vanderbilt.edu/gq/baskauf/gqupa2-wplookup15827.jpg,
kirchoff/em2561,kirchoff_em2561.jpg,Quercus palustris,pin oak,Fagaceae,whole plant,whole tree (or vine),view up trunk,010103,whole tree (or vine) / view up trunk,whole-tree,ind-kirchoff/mason24,2010-10-23T10:18:34-04:00,Emily C. Mason,https://bioimages.vanderbilt.edu/kirchoff/em2561,https://bioimages.vanderbilt.edu/tn/kirchoff/tem2561.jpg,https://bioimages.vanderbilt.edu/gq/kirchoff/gem2561.jpg,
kirchoff/em2562,kirchoff_em2562.jpg,Quercus palustris,pin oak,Fagaceae,whole plant,whole tree (or vine),view up trunk,010103,whole tree (or vine) / view up trunk,whole-tree,ind-kirchoff/mason24,2010-10-23T10:18:46-04:00,Emily C. Mason,https://bioimages.vanderbilt.edu/kirchoff/em2562,https://bioimages.vanderbilt.edu/tn/kirchoff/tem2562.jpg,https://bioimages.vanderbilt.edu/gq/kirchoff/gem2562.jpg,
baskauf/10858,baskauf_10858.jpg,Quercus palustris,pin oak,Fagaceae,bark,bark,of a large tree,010201,bark / of a large tree,bark,vanderbilt/7-163,2002-05-07T11:37:36-05:00,Steven J. Baskauf,https://bioimages.vanderbilt.edu/baskauf/10858,https://bioimages.vanderbilt.edu/tn/baskauf/tqupa2-br10858.jpg,https://bioimages.vanderbilt.edu/gq/baskauf/gqupa2-br10858.jpg,
baskauf/12438,baskauf_12438.jpg,Quercus palustris,pin oak,Fagaceae,bark,bark,of a large tree,010201,bark / of a large tree,bark,vanderbilt/3-62,2002-06-14T10:54:43-05:00,Steven J. Baskauf,https://bioimages.vanderbilt.edu/baskauf/12438,https://bioimages.vanderbilt.edu/tn/baskauf/tqupa2-brlarge12438.jpg,https://bioimages.vanderbilt.edu/gq/baskauf/gqupa2-brlarge12438.jpg,
kirchoff/em1969,kirchoff_em1969.jpg,Quercus palustris,pin oak,Fagaceae,bark,bark,of a large tree,010201,bark / of a large tree,bark,uncg/84,2010-09-21T11:36:55-04:00,Emily C. Mason,https://bioimages.vanderbilt.edu/kirchoff/em1969,https://bioimages.vanderbilt.edu/tn/kirchoff/tem1969.jpg,https://bioimages.vanderbilt.edu/gq/kirchoff/gem1969.jpg,
kirchoff/em2200,kirchoff_em2200.jpg,Quercus palustris,pin oak,Fagaceae,bark,bark,of a large tree,010201,bark / of a large tree,bark,uncg/84,2010-09-30T15:12:03-04:00,Emily C. Mason,https://bioimages.vanderbilt.edu/kirchoff/em2200,https://bioimages.vanderbilt.edu/tn/kirchoff/tem2200.jpg,https://bioimages.vanderbilt.edu/gq/kirchoff/gem2200.jpg,
kirchoff/em2315,kirchoff_em2315.jpg,Quercus palustris,pin oak,Fagaceae,bark,bark,of a large tree,010201,bark / of a large tree,bark,ind-kirchoff/mason18,2010-10-12T12:25:56-04:00,Emily C. Mason,https://bioimages.vanderbilt.edu/kirchoff/em2315,https://bioimages.vanderbilt.edu/tn/kirchoff/tem2315.jpg,https://bioimages.vanderbilt.edu/gq/kirchoff/gem2315.jpg,
kirchoff/em2339,kirchoff_em2339.jpg,Quercus palustris,pin oak,Fagaceae,bark,bark,of a large tree,010201,bark / of a large tree,bark,ind-kirchoff/mason19,2010-10-12T12:42:04-04:00,Emily C. Mason,https://bioimages.vanderbilt.edu/kirchoff/em2339,https://bioimages.vanderbilt.edu/tn/kirchoff/tem2339.jpg,https://bioimages.vanderbilt.edu/gq/kirchoff/gem2339.jpg,
kirchoff/em2563,kirchoff_em2563.jpg,Quercus palustris,pin oak,Fagaceae,bark,bark,of a large tree,010201,bark / of a large tree,bark,ind-kirchoff/mason24,2010-10-23T10:19:07-04:00,Emily C. Mason,https://bioimages.vanderbilt.edu/kirchoff/em2563,https://bioimages.vanderbilt.edu/tn/kirchoff/tem2563.jpg,https://bioimages.vanderbilt.edu/gq/kirchoff/gem2563.jpg,
kirchoff/em2564,kirchoff_em2564.jpg,Quercus palustris,pin oak,Fagaceae,bark,bark,of a large tree,010201,bark / of a large tree,bark,ind-kirchoff/mason24,2010-10-23T10:19:16-04:00,Emily C. Mason,https://bioimages.vanderbilt.edu/kirchoff/em2564,https://bioimages.vanderbilt.edu/tn/kirchoff/tem2564.jpg,https://bioimages.vanderbilt.edu/gq/kirchoff/gem2564.jpg,
kirchoff/em2584,kirchoff_em2584.jpg,Quercus palustris,pin oak,Fagaceae,bark,bark,of a large tree,010201,bark / of a large tree,bark,ind-kirchoff/mason25,2010-10-23T10:39:44-04:00,Emily C. Mason,https://bioimages.vanderbilt.edu/kirchoff/em2584,https://bioimages.vanderbilt.edu/tn/kirchoff/tem2584.jpg,https://bioimages.vanderbilt.edu/gq/kirchoff/gem2584.jpg,
kirchoff/em2585,kirchoff_em2585.jpg,Quercus palustris,pin oak,Fagaceae,bark,bark,of a large tree,010201,bark / of a large tree,bark,ind-kirchoff/mason25,2010-10-23T10:39:51-04:00,Emily C. Mason,https://bioimages.vanderbilt.edu/kirchoff/em2585,https://bioimages.vanderbilt.edu/tn/kirchoff/tem2585.jpg,https://bioimages.vanderbilt.edu/gq/kirchoff/gem2585.jpg,
kirchoff/em2607,kirchoff_em2607.jpg,Quercus palustris,pin oak,Fagaceae,bark,bark,of a large tree,010201,bark / of a large tree,bark,ind-kirchoff/mason26,2010-10-23T10:57:47-04:00,Emily C. Mason,https://bioimages.vanderbilt.edu/kirchoff/em2607,https://bioimages.vanderbilt.edu/tn/kirchoff/tem2607.jpg,https://bioimages.vanderbilt.edu/gq/kirchoff/gem2607.jpg,
baskauf/12450,baskauf_12450.jpg,Quercus palustris,pin oak,Fagaceae,twig,twig,orientation of petioles,010301,twig / orientation of petioles,twig,vanderbilt/3-62,2002-06-14T11:02:52-05:00,Steven J. Baskauf,https://bioimages.vanderbilt.edu/baskauf/12450,https://bioimages.vanderbilt.edu/tn/baskauf/tqupa2-twspur-shoots12450.jpg,https://bioimages.vanderbilt.edu/gq/baskauf/gqupa2-twspur-shoots12450.jpg,
baskauf/15994,baskauf_15994.jpg,Quercus palustris,pin oak,Fagaceae,twig,twig,orientation of petioles,010301,twig / orientation of petioles,twig,vanderbilt/12-76,2002-09-27T11:55:34-05:00,Steven J. Baskauf,https://bioimages.vanderbilt.edu/baskauf/15994,https://bioimages.vanderbilt.edu/tn/baskauf/tqupa2-tw15994.jpg,https://bioimages.vanderbilt.edu/gq/baskauf/gqupa2-tw15994.jpg,
kirchoff/em1971,kirchoff_em1971.jpg,Quercus palustris,pin oak,Fagaceae,twig,twig,orientation of petioles,010301,twig / orientation of petioles,twig,uncg/84,2010-09-21T11:40:02-04:00,Emily C. Mason,https://bioimages.vanderbilt.edu/kirchoff/em1971,https://bioimages.vanderbilt.edu/tn/kirchoff/tem1971.jpg,https://bioimages.vanderbilt.edu/gq/kirchoff/gem1971.jpg,
kirchoff/em2009,kirchoff_em2009.jpg,Quercus palustris,pin oak,Fagaceae,twig,twig,orientation of petioles,010301,twig / orientation of petioles,twig,uncg/84,2010-09-23T13:35:35-04:00,Emily C. Mason,https://bioimages.vanderbilt.edu/kirchoff/em2009,https://bioimages.vanderbilt.edu/tn/kirchoff/tem2009.jpg,https://bioimages.vanderbilt.edu/gq/kirchoff/gem2009.jpg,
kirchoff/em2319,kirchoff_em2319.jpg,Quercus palustris,pin oak,Fagaceae,twig,twig,orientation of petioles,010301,twig / orientation of petioles,twig,ind-kirchoff/mason18,2010-10-12T12:29:08-04:00,Emily C. Mason,https://bioimages.vanderbilt.edu/kirchoff/em2319,https://bioimages.vanderbilt.edu/tn/kirchoff/tem2319.jpg,https://bioimages.vanderbilt.edu/gq/kirchoff/gem2319.jpg,
kirchoff/em2321,kirchoff_em2321.jpg,Quercus palustris,pin oak,Fagaceae,twig,twig,orientation of petioles,010301,twig / orientation of petioles,twig,ind-kirchoff/mason18,2010-10-12T12:30:57-04:00,Emily C. Mason,https://bioimages.vanderbilt.edu/kirchoff/em2321,https://bioimages.vanderbilt.edu/tn/kirchoff/tem2321.jpg,https://bioimages.vanderbilt.edu/gq/kirchoff/gem2321.jpg,
kirchoff/em2344,kirchoff_em2344.jpg,Quercus palustris,pin oak,Fagaceae,twig,twig,orientation of petioles,010301,twig / orientation of petioles,twig,ind-kirchoff/mason19,2010-10-12T12:48:03-04:00,Emily C. Mason,https://bioimages.vanderbilt.edu/kirchoff/em2344,https://bioimages.vanderbilt.edu/tn/kirchoff/tem2344.jpg,https://bioimages.vanderbilt.edu/gq/kirchoff/gem2344.jpg,
kirchoff/em2570,kirchoff_em2570.jpg,Quercus palustris,pin oak,Fagaceae,twig,twig,orientation of petioles,010301,twig / orientation of petioles,twig,ind-kirchoff/mason24,2010-10-23T10:22:30-04:00,Emily C. Mason,https://bioimages.vanderbilt.edu/kirchoff/em2570,https://bioimages.vanderbilt.edu/tn/kirchoff/tem2570.jpg,https://bioimages.vanderbilt.edu/gq/kirchoff/gem2570.jpg,
kirchoff/em2590,kirchoff_em2590.jpg,Quercus palustris,pin oak,Fagaceae,twig,twig,orientation of petioles,010301,twig / orientation of petioles,twig,ind-kirchoff/mason25,2010-10-23T10:43:10-04:00,Emily C. Mason,https://bioimages.vanderbilt.edu/kirchoff/em2590,https://bioimages.vanderbilt.edu/tn/kirchoff/tem2590.jpg,https://bioimages.vanderbilt.edu/gq/kirchoff/gem2590.jpg,
kirchoff/em2613,kirchoff_em2613.jpg,Quercus palustris,pin oak,Fagaceae,twig,twig,orientation of petioles,010301,twig / orientation of petioles,twig,ind-kirchoff/mason26,2010-10-23T11:01:06-04:00,Emily C. Mason,https://bioimages.vanderbilt.edu/kirchoff/em2613,https://bioimages.vanderbilt.edu/tn/kirchoff/tem2613.jpg,https://bioimages.vanderbilt.edu/gq/kirchoff/gem2613.jpg,
kirchoff/em2201,kirchoff_em2201.jpg,Quercus palustris,pin oak,Fagaceae,twig,twig,winter overall,010302,twig / winter overall,twig,uncg/84,2010-09-30T15:12:56-04:00,Emily C. Mason,https://bioimages.vanderbilt.edu/kirchoff/em2201,https://bioimages.vanderbilt.edu/tn/kirchoff/tem2201.jpg,https://bioimages.vanderbilt.edu/gq/kirchoff/gem2201.jpg,
baskauf/52472,baskauf_52472.jpg,Quercus palustris,pin oak,Fagaceae,leaf,leaf,margin of upper + lower surface,010402,leaf / margin of upper + lower surface,leaf,vanderbilt/12-76,2006-06-07T13:32:03-05:00,Steven J. Baskauf,https://bioimages.vanderbilt.edu/baskauf/52472,https://bioimages.vanderbilt.edu/tn/baskauf/tqupa2-lfmargin-uplow52472.jpg,https://bioimages.vanderbilt.edu/gq/baskauf/gqupa2-lfmargin-uplow52472.jpg,
kirchoff/em2014,kirchoff_em2014.jpg,Quercus palustris,pin oak,Fagaceae,leaf,leaf,margin of upper + lower surface,010402,leaf / margin of upper + lower surface,leaf,uncg/84,2010-09-23T13:38:36-04:00,Emily C. Mason,https://bioimages.vanderbilt.edu/kirchoff/em2014,https://bioimages.vanderbilt.edu/tn/kirchoff/tem2014.jpg,https://bioimages.vanderbilt.edu/gq/kirchoff/gem2014.jpg,
kirchoff/em2018,kirchoff_em2018.jpg,Quercus palustris,pin oak,Fagaceae,leaf,leaf,margin of upper + lower surface,010402,leaf / margin of upper + lower surface,leaf,uncg/84,2010-09-23T13:41:19-04:00,Emily C. Mason,https://bioimages.vanderbilt.edu/kirchoff/em2018,https://bioimages.vanderbilt.edu/tn/kirchoff/tem2018.jpg,https://bioimages.vanderbilt.edu/gq/kirchoff/gem2018.jpg,
kirchoff/em2021,kirchoff_em2021.jpg,Quercus palustris,pin oak,Fagaceae,leaf,leaf,margin of upper + lower surface,010402,leaf / margin of upper + lower surface,leaf,uncg/84,2010-09-23T13:43:28-04:00,Emily C. Mason,https://bioimages.vanderbilt.edu/kirchoff/em2021,https://bioimages.vanderbilt.edu/tn/kirchoff/tem2021.jpg,https://bioimages.vanderbilt.edu/gq/kirchoff/gem2021.jpg,
kirchoff/em2076,kirchoff_em2076.jpg,Quercus palustris,pin oak,Fagaceae,leaf,leaf,margin of upper + lower surface,010402,leaf / margin of upper + lower surface,leaf,uncg/84,2010-09-25T10:15:07-04:00,Emily C. Mason,https://bioimages.vanderbilt.edu/kirchoff/em2076,https://bioimages.vanderbilt.edu/tn/kirchoff/tem2076.jpg,https://bioimages.vanderbilt.edu/gq/kirchoff/gem2076.jpg,
kirchoff/em2334,kirchoff_em2334.jpg,Quercus palustris,pin oak,Fagaceae,leaf,leaf,margin of upper + lower surface,010402,leaf / margin of upper + lower surface,leaf,ind-kirchoff/mason18,2010-10-12T12:37:22-04:00,Emily C. Mason,https://bioimages.vanderbilt.edu/kirchoff/em2334,https://bioimages.vanderbilt.edu/tn/kirchoff/tem2334.jpg,https://bioimages.vanderbilt.edu/gq/kirchoff/gem2334.jpg,
kirchoff/em2335,kirchoff_em2335.jpg,Quercus palustris,pin oak,Fagaceae,leaf,leaf,margin of upper + lower surface,010402,leaf / margin of upper + lower surface,leaf,ind-kirchoff/mason18,2010-10-12T12:38:09-04:00,Emily C. Mason,https://bioimages.vanderbilt.edu/kirchoff/em2335,https://bioimages.vanderbilt.edu/tn/kirchoff/tem2335.jpg,https://bioimages.vanderbilt.edu/gq/kirchoff/gem2335.jpg,
kirchoff/em2356,kirchoff_em2356.jpg,Quercus palustris,pin oak,Fagaceae,leaf,leaf,margin of upper + lower surface,010402,leaf / margin of upper + lower surface,leaf,ind-kirchoff/mason19,2010-10-12T12:53:23-04:00,Emily C. Mason,https://bioimages.vanderbilt.edu/kirchoff/em2356,https://bioimages.vanderbilt.edu/tn/kirchoff/tem2356.jpg,https://bioimages.vanderbilt.edu/gq/kirchoff/gem2356.jpg,
kirchoff/em2358,kirchoff_em2358.jpg,Quercus palustris,pin oak,Fagaceae,leaf,leaf,margin of upper + lower surface,010402,leaf / margin of upper + lower surface,leaf,ind-kirchoff/mason19,2010-10-12T12:54:10-04:00,Emily C. Mason,https://bioimages.vanderbilt.edu/kirchoff/em2358,https://bioimages.vanderbilt.edu/tn/kirchoff/tem2358.jpg,https://bioimages.vanderbilt.edu/gq/kirchoff/gem2358.jpg,
kirchoff/em2576,kirchoff_em2576.jpg,Quercus palustris,pin oak,Fagaceae,leaf,leaf,margin of upper + lower surface,010402,leaf / margin of upper + lower surface,leaf,ind-kirchoff/mason24,2010-10-23T10:24:56-04:00,Emily C. Mason,https://bioimages.vanderbilt.edu/kirchoff/em2576,https://bioimages.vanderbilt.edu/tn/kirchoff/tem2576.jpg,https://bioimages.vanderbilt.edu/gq/kirchoff/gem2576.jpg,
kirchoff/em2603,kirchoff_em2603.jpg,Quercus palustris,pin oak,Fagaceae,leaf,leaf,margin of upper + lower surface,010402,leaf / margin of upper + lower surface,leaf,ind-kirchoff/mason25,2010-10-23T10:47:29-04:00,Emily C. Mason,https://bioimages.vanderbilt.edu/kirchoff/em2603,https://bioimages.vanderbilt.edu/tn/kirchoff/tem2603.jpg,https://bioimages.vanderbilt.edu/gq/kirchoff/gem2603.jpg,
kirchoff/em2621,kirchoff_em2621.jpg,Quercus palustris,pin oak,Fagaceae,leaf,leaf,margin of upper + lower surface,010402,leaf / margin of upper + lower surface,leaf,ind-kirchoff/mason26,2010-10-23T11:03:46-04:00,Emily C. Mason,https://bioimages.vanderbilt.edu/kirchoff/em2621,https://bioimages.vanderbilt.edu/tn/kirchoff/tem2621.jpg,https://bioimages.vanderbilt.edu/gq/kirchoff/gem2621.jpg,
kirchoff/em2623,kirchoff_em2623.jpg,Quercus palustris,pin oak,Fagaceae,leaf,leaf,margin of upper + lower surface,010402,leaf / margin of upper + lower surface,leaf,ind-kirchoff/mason26,2010-10-23T11:04:22-04:00,Emily C. Mason,https://bioimages.vanderbilt.edu/kirchoff/em2623,https://bioimages.vanderbilt.edu/tn/kirchoff/tem2623.jpg,https://bioimages.vanderbilt.edu/gq/kirchoff/gem2623.jpg,
baskauf/12443,baskauf_12443.jpg,Quercus palustris,pin oak,Fagaceae,leaf,leaf,showing orientation on twig,010403,leaf / showing orientation on twig,leaf,vanderbilt/3-62,2002-06-14T10:57:15-05:00,Steven J. Baskauf,https://bioimages.vanderbilt.edu/baskauf/12443,https://bioimages.vanderbilt.edu/tn/baskauf/tqupa2-lfseveral12443.jpg,https://bioimages.vanderbilt.edu/gq/baskauf/gqupa2-lfseveral12443.jpg,
baskauf/12448,baskauf_12448.jpg,Quercus palustris,pin oak,Fagaceae,leaf,leaf,showing orientation on twig,010403,leaf / showing orientation on twig,leaf,vanderbilt/3-62,2002-06-14T11:01:30-05:00,Steven J. Baskauf,https://bioimages.vanderbilt.edu/baskauf/12448,https://bioimages.vanderbilt.edu/tn/baskauf/tqupa2-lflobe-variat12448.jpg,https://bioimages.vanderbilt.edu/gq/baskauf/gqupa2-lflobe-variat12448.jpg,
kirchoff/em1975,kirchoff_em1975.jpg,Quercus palustris,pin oak,Fagaceae,leaf,leaf,showing orientation on twig,010403,leaf / showing orientation on twig,leaf,uncg/84,2010-09-21T11:41:40-04:00,Emily C. Mason,https://bioimages.vanderbilt.edu/kirchoff/em1975,https://bioimages.vanderbilt.edu/tn/kirchoff/tem1975.jpg,https://bioimages.vanderbilt.edu/gq/kirchoff/gem1975.jpg,
kirchoff/em2316,kirchoff_em2316.jpg,Quercus palustris,pin oak,Fagaceae,leaf,leaf,showing orientation on twig,010403,leaf / showing orientation on twig,leaf,ind-kirchoff/mason18,2010-10-12T12:28:09-04:00,Emily C. Mason,https://bioimages.vanderbilt.edu/kirchoff/em2316,https://bioimages.vanderbilt.edu/tn/kirchoff/tem2316.jpg,https://bioimages.vanderbilt.edu/gq/kirchoff/gem2316.jpg,
kirchoff/em2341,kirchoff_em2341.jpg,Quercus palustris,pin oak,Fagaceae,leaf,leaf,showing orientation on twig,010403,leaf / showing orientation on twig,leaf,ind-kirchoff/mason19,2010-10-12T12:45:23-04:00,Emily C. Mason,https://bioimages.vanderbilt.edu/kirchoff/em2341,https://bioimages.vanderbilt.edu/tn/kirchoff/tem2341.jpg,https://bioimages.vanderbilt.edu/gq/kirchoff/gem2341.jpg,
kirchoff/em2342,kirchoff_em2342.jpg,Quercus palustris,pin oak,Fagaceae,leaf,leaf,showing orientation on twig,010403,leaf / showing orientation on twig,leaf,ind-kirchoff/mason19,2010-10-12T12:45:33-04:00,Emily C. Mason,https://bioimages.vanderbilt.edu/kirchoff/em2342,https://bioimages.vanderbilt.edu/tn/kirchoff/tem2342.jpg,https://bioimages.vanderbilt.edu/gq/kirchoff/gem2342.jpg,
kirchoff/em2343,kirchoff_em2343.jpg,Quercus palustris,pin oak,Fagaceae,leaf,leaf,showing orientation on twig,010403,leaf / showing orientation on twig,leaf,ind-kirchoff/mason19,2010-10-12T12:45:44-04:00,Emily C. Mason,https://bioimages.vanderbilt.edu/kirchoff/em2343,https://bioimages.vanderbilt.edu/tn/kirchoff/tem2343.jpg,https://bioimages.vanderbilt.edu/gq/kirchoff/gem2343.jpg,
kirchoff/em2566,kirchoff_em2566.jpg,Quercus palustris,pin oak,Fagaceae,leaf,leaf,showing orientation on twig,010403,leaf / showing orientation on twig,leaf,ind-kirchoff/mason24,2010-10-23T10:20:43-04:00,Emily C. Mason,https://bioimages.vanderbilt.edu/kirchoff/em2566,https://bioimages.vanderbilt.edu/tn/kirchoff/tem2566.jpg,https://bioimages.vanderbilt.edu/gq/kirchoff/gem2566.jpg,
kirchoff/em2587,kirchoff_em2587.jpg,Quercus palustris,pin oak,Fagaceae,leaf,leaf,showing orientation on twig,010403,leaf / showing orientation on twig,leaf,ind-kirchoff/mason25,2010-10-23T10:42:32-04:00,Emily C. Mason,https://bioimages.vanderbilt.edu/kirchoff/em2587,https://bioimages.vanderbilt.edu/tn/kirchoff/tem2587.jpg,https://bioimages.vanderbilt.edu/gq/kirchoff/gem2587.jpg,
kirchoff/em2610,kirchoff_em2610.jpg,Quercus palustris,pin oak,Fagaceae,leaf,leaf,showing orientation on twig,010403,leaf / showing orientation on twig,leaf,ind-kirchoff/mason26,2010-10-23T10:59:29-04:00,Emily C. Mason,https://bioimages.vanderbilt.edu/kirchoff/em2610,https://bioimages.vanderbilt.edu/tn/kirchoff/tem2610.jpg,https://bioimages.vanderbilt.edu/gq/kirchoff/gem2610.jpg,
baskauf/12507,baskauf_12507.jpg,Quercus palustris,pin oak,Fagaceae,leaf,leaf,unspecified,010400,leaf / unspecified,leaf,vanderbilt/3-62,2002-06-14T12:03:39-05:00,Steven J. Baskauf,https://bioimages.vanderbilt.edu/baskauf/12507,https://bioimages.vanderbilt.edu/tn/baskauf/tqupa2-lflower12507.jpg,https://bioimages.vanderbilt.edu/gq/baskauf/gqupa2-lflower12507.jpg,unspecified view
baskauf/12520,baskauf_12520.jpg,Quercus palustris,pin oak,Fagaceae,leaf,leaf,unspecified,010400,leaf / unspecified,leaf,vanderbilt/3-62,2002-06-14T12:11:49-05:00,Steven J. Baskauf,https://bioimages.vanderbilt.edu/baskauf/12520,https://bioimages.vanderbilt.edu/tn/baskauf/tqupa2-lflower-micro12520.jpg,https://bioimages.vanderbilt.edu/gq/baskauf/gqupa2-lflower-micro12520.jpg,unspecified view
baskauf/12447,baskauf_12447.jpg,Quercus palustris,pin oak,Fagaceae,leaf,leaf,whole upper surface,010401,leaf / whole upper surface,leaf,vanderbilt/3-62,2002-06-14T11:00:28-05:00,Steven J. Baskauf,https://bioimages.vanderbilt.edu/baskauf/12447,https://bioimages.vanderbilt.edu/tn/baskauf/tqupa2-lf12447.jpg,https://bioimages.vanderbilt.edu/gq/baskauf/gqupa2-lf12447.jpg,
kirchoff/em2010,kirchoff_em2010.jpg,Quercus palustris,pin oak,Fagaceae,leaf,leaf,whole upper surface,010401,leaf / whole upper surface,leaf,uncg/84,2010-09-23T13:36:30-04:00,Emily C. Mason,https://bioimages.vanderbilt.edu/kirchoff/em2010,https://bioimages.vanderbilt.edu/tn/kirchoff/tem2010.jpg,https://bioimages.vanderbilt.edu/gq/kirchoff/gem2010.jpg,
kirchoff/em2017,kirchoff_em2017.jpg,Quercus palustris,pin oak,Fagaceae,leaf,leaf,whole upper surface,010401,leaf / whole upper surface,leaf,uncg/84,2010-09-23T13:41:06-04:00,Emily C. Mason,https://bioimages.vanderbilt.edu/kirchoff/em2017,https://bioimages.vanderbilt.edu/tn/kirchoff/tem2017.jpg,https://bioimages.vanderbilt.edu/gq/kirchoff/gem2017.jpg,
kirchoff/em2020,kirchoff_em2020.jpg,Quercus palustris,pin oak,Fagaceae,leaf,leaf,whole upper surface,010401,leaf / whole upper surface,leaf,uncg/84,2010-09-23T13:42:55-04:00,Emily C. Mason,https://bioimages.vanderbilt.edu/kirchoff/em2020,https://bioimages.vanderbilt.edu/tn/kirchoff/tem2020.jpg,https://bioimages.vanderbilt.edu/gq/kirchoff/gem2020.jpg,
kirchoff/em2069,kirchoff_em2069.jpg,Quercus palustris,pin oak,Fagaceae,leaf,leaf,whole upper surface,010401,leaf / whole upper surface,leaf,uncg/84,2010-09-25T10:12:49-04:00,Emily C. Mason,https://bioimages.vanderbilt.edu/kirchoff/em2069,https://bioimages.vanderbilt.edu/tn/kirchoff/tem2069.jpg,https://bioimages.vanderbilt.edu/gq/kirchoff/gem2069.jpg,
kirchoff/em2070,kirchoff_em2070.jpg,Quercus palustris,pin oak,Fagaceae,leaf,leaf,whole upper surface,010401,leaf / whole upper surface,leaf,uncg/84,2010-09-25T10:13:00-04:00,Emily C. Mason,https://bioimages.vanderbilt.edu/kirchoff/em2070,https://bioimages.vanderbilt.edu/tn/kirchoff/tem2070.jpg,https://bioimages.vanderbilt.edu/gq/kirchoff/gem2070.jpg,
kirchoff/em2071,kirchoff_em2071.jpg,Quercus palustris,pin oak,Fagaceae,leaf,leaf,whole upper surface,010401,leaf / whole upper surface,leaf,uncg/84,2010-09-25T10:13:09-04:00,Emily C. Mason,https://bioimages.vanderbilt.edu/kirchoff/em2071,https://bioimages.vanderbilt.edu/tn/kirchoff/tem2071.jpg,https://bioimages.vanderbilt.edu/gq/kirchoff/gem2071.jpg,
kirchoff/em2072,kirchoff_em2072.jpg,Quercus palustris,pin oak,Fagaceae,leaf,leaf,whole upper surface,010401,leaf / whole upper surface,leaf,uncg/84,2010-09-25T10:13:23-04:00,Emily C. Mason,https://bioimages.vanderbilt.edu/kirchoff/em2072,https://bioimages.vanderbilt.edu/tn/kirchoff/tem2072.jpg,https://bioimages.vanderbilt.edu/gq/kirchoff/gem2072.jpg,
kirchoff/em2073,kirchoff_em2073.jpg,Quercus palustris,pin oak,Fagaceae,leaf,leaf,whole upper surface,010401,leaf / whole upper surface,leaf,uncg/84,2010-09-25T10:13:32-04:00,Emily C. Mason,https://bioimages.vanderbilt.edu/kirchoff/em2073,https://bioimages.vanderbilt.edu/tn/kirchoff/tem2073.jpg,https://bioimages.vanderbilt.edu/gq/kirchoff/gem2073.jpg,
kirchoff/em2328,kirchoff_em2328.jpg,Quercus palustris,pin oak,Fagaceae,leaf,leaf,whole upper surface,010401,leaf / whole upper surface,leaf,ind-kirchoff/mason18,2010-10-12T12:34:02-04:00,Emily C. Mason,https://bioimages.vanderbilt.edu/kirchoff/em2328,https://bioimages.vanderbilt.edu/tn/kirchoff/tem2328.jpg,https://bioimages.vanderbilt.edu/gq/kirchoff/gem2328.jpg,
kirchoff/em2329,kirchoff_em2329.jpg,Quercus palustris,pin oak,Fagaceae,leaf,leaf,whole upper surface,010401,leaf / whole upper surface,leaf,ind-kirchoff/mason18,2010-10-12T12:34:14-04:00,Emily C. Mason,https://bioimages.vanderbilt.edu/kirchoff/em2329,https://bioimages.vanderbilt.edu/tn/kirchoff/tem2329.jpg,https://bioimages.vanderbilt.edu/gq/kirchoff/gem2329.jpg,
kirchoff/em2330,kirchoff_em2330.jpg,Quercus palustris,pin oak,Fagaceae,leaf,leaf,whole upper surface,010401,leaf / whole upper surface,leaf,ind-kirchoff/mason18,2010-10-12T12:34:32-04:00,Emily C. Mason,https://bioimages.vanderbilt.edu/kirchoff/em2330,https://bioimages.vanderbilt.edu/tn/kirchoff/tem2330.jpg,https://bioimages.vanderbilt.edu/gq/kirchoff/gem2330.jpg,
kirchoff/em2352,kirchoff_em2352.jpg,Quercus palustris,pin oak,Fagaceae,leaf,leaf,whole upper surface,010401,leaf / whole upper surface,leaf,ind-kirchoff/mason19,2010-10-12T12:51:57-04:00,Emily C. Mason,https://bioimages.vanderbilt.edu/kirchoff/em2352,https://bioimages.vanderbilt.edu/tn/kirchoff/tem2352.jpg,https://bioimages.vanderbilt.edu/gq/kirchoff/gem2352.jpg,
kirchoff/em2353,kirchoff_em2353.jpg,Quercus palustris,pin oak,Fagaceae,leaf,leaf,whole upper surface,010401,leaf / whole upper surface,leaf,ind-kirchoff/mason19,2010-10-12T12:52:11-04:00,Emily C. Mason,https://bioimages.vanderbilt.edu/kirchoff/em2353,https://bioimages.vanderbilt.edu/tn/kirchoff/tem2353.jpg,https://bioimages.vanderbilt.edu/gq/kirchoff/gem2353.jpg,
kirchoff/em2354,kirchoff_em2354.jpg,Quercus palustris,pin oak,Fagaceae,leaf,leaf,whole upper surface,010401,leaf / whole upper surface,leaf,ind-kirchoff/mason19,2010-10-12T12:52:49-04:00,Emily C. Mason,https://bioimages.vanderbilt.edu/kirchoff/em2354,https://bioimages.vanderbilt.edu/tn/kirchoff/tem2354.jpg,https://bioimages.vanderbilt.edu/gq/kirchoff/gem2354.jpg,
kirchoff/em2355,kirchoff_em2355.jpg,Quercus palustris,pin oak,Fagaceae,leaf,leaf,whole upper surface,010401,leaf / whole upper surface,leaf,ind-kirchoff/mason19,2010-10-12T12:53:02-04:00,Emily C. Mason,https://bioimages.vanderbilt.edu/kirchoff/em2355,https://bioimages.vanderbilt.edu/tn/kirchoff/tem2355.jpg,https://bioimages.vanderbilt.edu/gq/kirchoff/gem2355.jpg,
kirchoff/em2571,kirchoff_em2571.jpg,Quercus palustris,pin oak,Fagaceae,leaf,leaf,whole upper surface,010401,leaf / whole upper surface,leaf,ind-kirchoff/mason24,2010-10-23T10:23:27-04:00,Emily C. Mason,https://bioimages.vanderbilt.edu/kirchoff/em2571,https://bioimages.vanderbilt.edu/tn/kirchoff/tem2571.jpg,https://bioimages.vanderbilt.edu/gq/kirchoff/gem2571.jpg,
kirchoff/em2572,kirchoff_em2572.jpg,Quercus palustris,pin oak,Fagaceae,leaf,leaf,whole upper surface,010401,leaf / whole upper surface,leaf,ind-kirchoff/mason24,2010-10-23T10:23:36-04:00,Emily C. Mason,https://bioimages.vanderbilt.edu/kirchoff/em2572,https://bioimages.vanderbilt.edu/tn/kirchoff/tem2572.jpg,https://bioimages.vanderbilt.edu/gq/kirchoff/gem2572.jpg,
kirchoff/em2573,kirchoff_em2573.jpg,Quercus palustris,pin oak,Fagaceae,leaf,leaf,whole upper surface,010401,leaf / whole upper surface,leaf,ind-kirchoff/mason24,2010-10-23T10:23:44-04:00,Emily C. Mason,https://bioimages.vanderbilt.edu/kirchoff/em2573,https://bioimages.vanderbilt.edu/tn/kirchoff/tem2573.jpg,https://bioimages.vanderbilt.edu/gq/kirchoff/gem2573.jpg,
kirchoff/em2574,kirchoff_em2574.jpg,Quercus palustris,pin oak,Fagaceae,leaf,leaf,whole upper surface,010401,leaf / whole upper surface,leaf,ind-kirchoff/mason24,2010-10-23T10:23:56-04:00,Emily C. Mason,https://bioimages.vanderbilt.edu/kirchoff/em2574,https://bioimages.vanderbilt.edu/tn/kirchoff/tem2574.jpg,https://bioimages.vanderbilt.edu/gq/kirchoff/gem2574.jpg,
kirchoff/em2597,kirchoff_em2597.jpg,Quercus palustris,pin oak,Fagaceae,leaf,leaf,whole upper surface,010401,leaf / whole upper surface,leaf,ind-kirchoff/mason25,2010-10-23T10:45:47-04:00,Emily C. Mason,https://bioimages.vanderbilt.edu/kirchoff/em2597,https://bioimages.vanderbilt.edu/tn/kirchoff/tem2597.jpg,https://bioimages.vanderbilt.edu/gq/kirchoff/gem2597.jpg,
kirchoff/em2598,kirchoff_em2598.jpg,Quercus palustris,pin oak,Fagaceae,leaf,leaf,whole upper surface,010401,leaf / whole upper surface,leaf,ind-kirchoff/mason25,2010-10-23T10:45:57-04:00,Emily C. Mason,https://bioimages.vanderbilt.edu/kirchoff/em2598,https://bioimages.vanderbilt.edu/tn/kirchoff/tem2598.jpg,https://bioimages.vanderbilt.edu/gq/kirchoff/gem2598.jpg,
kirchoff/em2599,kirchoff_em2599.jpg,Quercus palustris,pin oak,Fagaceae,leaf,leaf,whole upper surface,010401,leaf / whole upper surface,leaf,ind-kirchoff/mason25,2010-10-23T10:46:15-04:00,Emily C. Mason,https://bioimages.vanderbilt.edu/kirchoff/em2599,https://bioimages.vanderbilt.edu/tn/kirchoff/tem2599.jpg,https://bioimages.vanderbilt.edu/gq/kirchoff/gem2599.jpg,
kirchoff/em2600,kirchoff_em2600.jpg,Quercus palustris,pin oak,Fagaceae,leaf,leaf,whole upper surface,010401,leaf / whole upper surface,leaf,ind-kirchoff/mason25,2010-10-23T10:46:24-04:00,Emily C. Mason,https://bioimages.vanderbilt.edu/kirchoff/em2600,https://bioimages.vanderbilt.edu/tn/kirchoff/tem2600.jpg,https://bioimages.vanderbilt.edu/gq/kirchoff/gem2600.jpg,
kirchoff/em2618,kirchoff_em2618.jpg,Quercus palustris,pin oak,Fagaceae,leaf,leaf,whole upper surface,010401,leaf / whole upper surface,leaf,ind-kirchoff/mason26,2010-10-23T11:02:52-04:00,Emily C. Mason,https://bioimages.vanderbilt.edu/kirchoff/em2618,https://bioimages.vanderbilt.edu/tn/kirchoff/tem2618.jpg,https://bioimages.vanderbilt.edu/gq/kirchoff/gem2618.jpg,
kirchoff/em2619,kirchoff_em2619.jpg,Quercus palustris,pin oak,Fagaceae,leaf,leaf,whole upper surface,010401,leaf / whole upper surface,leaf,ind-kirchoff/mason26,2010-10-23T11:03:01-04:00,Emily C. Mason,https://bioimages.vanderbilt.edu/kirchoff/em2619,https://bioimages.vanderbilt.edu/tn/kirchoff/tem2619.jpg,https://bioimages.vanderbilt.edu/gq/kirchoff/gem2619.jpg,
kirchoff/em2620,kirchoff_em2620.jpg,Quercus palustris,pin oak,Fagaceae,leaf,leaf,whole upper surface,010401,leaf / whole upper surface,leaf,ind-kirchoff/mason26,2010-10-23T11:03:10-04:00,Emily C. Mason,https://bioimages.vanderbilt.edu/kirchoff/em2620,https://bioimages.vanderbilt.edu/tn/kirchoff/tem2620.jpg,https://bioimages.vanderbilt.edu/gq/kirchoff/gem2620.jpg,
baskauf/50985,baskauf_50985.jpg,Quercus palustris,pin oak,Fagaceae,flower,inflorescence,whole - female,010502,inflorescence / whole - female,flower,vanderbilt/12-76,2006-04-07T07:01:33-05:00,Steven J. Baskauf,https://bioimages.vanderbilt.edu/baskauf/50985,https://bioimages.vanderbilt.edu/tn/baskauf/tqupa2-flfemale50985.jpg,https://bioimages.vanderbilt.edu/gq/baskauf/gqupa2-flfemale50985.jpg,
baskauf/19319,baskauf_19319.jpg,Quercus palustris,pin oak,Fagaceae,flower,inflorescence,whole - male,010503,inflorescence / whole - male,flower,ind-baskauf/19299,2003-04-03T11:20:27-06:00,Steven J. Baskauf,https://bioimages.vanderbilt.edu/baskauf/19319,https://bioimages.vanderbilt.edu/tn/baskauf/tqupa2-flmale19319.jpg,https://bioimages.vanderbilt.edu/gq/baskauf/gqupa2-flmale19319.jpg,
baskauf/50987,baskauf_50987.jpg,Quercus palustris,pin oak,Fagaceae,flower,inflorescence,whole - male,010503,inflorescence / whole - male,flower,vanderbilt/12-76,2006-04-07T07:01:46-05:00,Steven J. Baskauf,https://bioimages.vanderbilt.edu/baskauf/50987,https://bioimages.vanderbilt.edu/tn/baskauf/tqupa2-flmale50987.jpg,https://bioimages.vanderbilt.edu/gq/baskauf/gqupa2-flmale50987.jpg,
baskauf/19311,baskauf_19311.jpg,Quercus palustris,pin oak,Fagaceae,flower,inflorescence,whole - unspecified,010501,inflorescence / whole - unspecified,flower,ind-baskauf/19299,2003-04-03T11:18:28-06:00,Steven J. Baskauf,https://bioimages.vanderbilt.edu/baskauf/19311,https://bioimages.vanderbilt.edu/tn/baskauf/tqupa2-fl19311.jpg,https://bioimages.vanderbilt.edu/gq/baskauf/gqupa2-fl19311.jpg,unspecified view
baskauf/50988,baskauf_50988.jpg,Quercus palustris,pin oak,Fagaceae,flower,inflorescence,whole - unspecified,010501,inflorescence / whole - unspecified,flower,vanderbilt/12-76,2006-04-07T07:01:55-05:00,Steven J. Baskauf,https://bioimages.vanderbilt.edu/baskauf/50988,https://bioimages.vanderbilt.edu/tn/baskauf/tqupa2-flinflor50988.jpg,https://bioimages.vanderbilt.edu/gq/baskauf/gqupa2-flinflor50988.jpg,unspecified view
kirchoff/bkk2902,kirchoff_bkk2902.jpg,Quercus palustris,pin oak,Fagaceae,fruit,fruit,as borne on the plant,010601,fruit / as borne on the plant,fruit,uncg/84,2010-09-25T14:35:40-04:00,Bruce K. Kirchoff,https://bioimages.vanderbilt.edu/kirchoff/bkk2902,https://bioimages.vanderbilt.edu/tn/kirchoff/tbkk2902.jpg,https://bioimages.vanderbilt.edu/gq/kirchoff/gbkk2902.jpg,
kirchoff/em2323,kirchoff_em2323.jpg,Quercus palustris,pin oak,Fagaceae,fruit,fruit,as borne on the plant,010601,fruit / as borne on the plant,fruit,ind-kirchoff/mason18,2010-10-12T12:32:01-04:00,Emily C. Mason,https://bioimages.vanderbilt.edu/kirchoff/em2323,https://bioimages.vanderbilt.edu/tn/kirchoff/tem2323.jpg,https://bioimages.vanderbilt.edu/gq/kirchoff/gem2323.jpg,
kirchoff/em2347,kirchoff_em2347.jpg,Quercus palustris,pin oak,Fagaceae,fruit,fruit,as borne on the plant,010601,fruit / as borne on the plant,fruit,ind-kirchoff/mason19,2010-10-12T12:49:39-04:00,Emily C. Mason,https://bioimages.vanderbilt.edu/kirchoff/em2347,https://bioimages.vanderbilt.edu/tn/kirchoff/tem2347.jpg,https://bioimages.vanderbilt.edu/gq/kirchoff/gem2347.jpg,
kirchoff/em2349,kirchoff_em2349.jpg,Quercus palustris,pin oak,Fagaceae,fruit,fruit,as borne on the plant,010601,fruit / as borne on the plant,fruit,ind-kirchoff/mason19,2010-10-12T12:50:30-04:00,Emily C. Mason,https://bioimages.vanderbilt.edu/kirchoff/em2349,https://bioimages.vanderbilt.edu/tn/kirchoff/tem2349.jpg,https://bioimages.vanderbilt.edu/gq/kirchoff/gem2349.jpg,
baskauf/15991,baskauf_15991.jpg,Quercus palustris,pin oak,Fagaceae,fruit,fruit,lateral or general close-up,010602,fruit / lateral or general close-up,fruit,vanderbilt/12-76,2002-09-27T11:54:39-05:00,Steven J. Baskauf,https://bioimages.vanderbilt.edu/baskauf/15991,https://bioimages.vanderbilt.edu/tn/baskauf/tqupa2-fr15991.jpg,https://bioimages.vanderbilt.edu/gq/baskauf/gqupa2-fr15991.jpg,
kirchoff/bkk2903,kirchoff_bkk2903.jpg,Quercus palustris,pin oak,Fagaceae,fruit,fruit,lateral or general close-up,010602,fruit / lateral or general close-up,fruit,uncg/84,2010-09-25T14:36:32-04:00,Bruce K. Kirchoff,https://bioimages.vanderbilt.edu/kirchoff/bkk2903,https://bioimages.vanderbilt.edu/tn/kirchoff/tbkk2903.jpg,https://bioimages.vanderbilt.edu/gq/kirchoff/gbkk2903.jpg,
kirchoff/bkk2904,kirchoff_bkk2904.jpg,Quercus palustris,pin oak,Fagaceae,fruit,fruit,lateral or general close-up,010602,fruit / lateral or general close-up,fruit,uncg/84,2010-09-25T14:37:06-04:00,Bruce K. Kirchoff,https://bioimages.vanderbilt.edu/kirchoff/bkk2904,https://bioimages.vanderbilt.edu/tn/kirchoff/tbkk2904.jpg,https://bioimages.vanderbilt.edu/gq/kirchoff/gbkk2904.jpg,
kirchoff/bkk2905,kirchoff_bkk2905.jpg,Quercus palustris,pin oak,Fagaceae,fruit,fruit,lateral or general close-up,010602,fruit / lateral or general close-up,fruit,uncg/84,2010-09-25T14:38:21-04:00,Bruce K. Kirchoff,https://bioimages.vanderbilt.edu/kirchoff/bkk2905,https://bioimages.vanderbilt.edu/tn/kirchoff/tbkk2905.jpg,https://bioimages.vanderbilt.edu/gq/kirchoff/gbkk2905.jpg,
kirchoff/em2067,kirchoff_em2067.jpg,Quercus palustris,pin oak,Fagaceae,fruit,fruit,lateral or general close-up,010602,fruit / lateral or general close-up,fruit,uncg/84,2010-09-25T10:10:51-04:00,Emily C. Mason,https://bioimages.vanderbilt.edu/kirchoff/em2067,https://bioimages.vanderbilt.edu/tn/kirchoff/tem2067.jpg,https://bioimages.vanderbilt.edu/gq/kirchoff/gem2067.jpg,
kirchoff/em2324,kirchoff_em2324.jpg,Quercus palustris,pin oak,Fagaceae,fruit,fruit,lateral or general close-up,010602,fruit / lateral or general close-up,fruit,ind-kirchoff/mason18,2010-10-12T12:32:10-04:00,Emily C. Mason,https://bioimages.vanderbilt.edu/kirchoff/em2324,https://bioimages.vanderbilt.edu/tn/kirchoff/tem2324.jpg,https://bioimages.vanderbilt.edu/gq/kirchoff/gem2324.jpg,
kirchoff/em2325,kirchoff_em2325.jpg,Quercus palustris,pin oak,Fagaceae,fruit,fruit,lateral or general close-up,010602,fruit / lateral or general close-up,fruit,ind-kirchoff/mason18,2010-10-12T12:32:48-04:00,Emily C. Mason,https://bioimages.vanderbilt.edu/kirchoff/em2325,https://bioimages.vanderbilt.edu/tn/kirchoff/tem2325.jpg,https://bioimages.vanderbilt.edu/gq/kirchoff/gem2325.jpg,
kirchoff/em2348,kirchoff_em2348.jpg,Quercus palustris,pin oak,Fagaceae,fruit,fruit,lateral or general close-up,010602,fruit / lateral or general close-up,fruit,ind-kirchoff/mason19,2010-10-12T12:49:50-04:00,Emily C. Mason,https://bioimages.vanderbilt.edu/kirchoff/em2348,https://bioimages.vanderbilt.edu/tn/kirchoff/tem2348.jpg,https://bioimages.vanderbilt.edu/gq/kirchoff/gem2348.jpg,
kirchoff/em2350,kirchoff_em2350.jpg,Quercus palustris,pin oak,Fagaceae,fruit,fruit,lateral or general close-up,010602,fruit / lateral or general close-up,fruit,ind-kirchoff/mason19,2010-10-12T12:50:51-04:00,Emily C. Mason,https://bioimages.vanderbilt.edu/kirchoff/em2350,https://bioimages.vanderbilt.edu/tn/kirchoff/tem2350.jpg,https://bioimages.vanderbilt.edu/gq/kirchoff/gem2350.jpg,
kirchoff/em2577,kirchoff_em2577.jpg,Quercus palustris,pin oak,Fagaceae,fruit,fruit,lateral or general close-up,010602,fruit / lateral or general close-up,fruit,ind-kirchoff/mason24,2010-10-23T10:25:16-04:00,Emily C. Mason,https://bioimages.vanderbilt.edu/kirchoff/em2577,https://bioimages.vanderbilt.edu/tn/kirchoff/tem2577.jpg,https://bioimages.vanderbilt.edu/gq/kirchoff/gem2577.jpg,
kirchoff/em2579,kirchoff_em2579.jpg,Quercus palustris,pin oak,Fagaceae,fruit,fruit,lateral or general close-up,010602,fruit / lateral or general close-up,fruit,ind-kirchoff/mason24,2010-10-23T10:25:38-04:00,Emily C. Mason,https://bioimages.vanderbilt.edu/kirchoff/em2579,https://bioimages.vanderbilt.edu/tn/kirchoff/tem2579.jpg,https://bioimages.vanderbilt.edu/gq/kirchoff/gem2579.jpg,
kirchoff/em2593,kirchoff_em2593.jpg,Quercus palustris,pin oak,Fagaceae,fruit,fruit,lateral or general close-up,010602,fruit / lateral or general close-up,fruit,ind-kirchoff/mason25,2010-10-23T10:44:07-04:00,Emily C. Mason,https://bioimages.vanderbilt.edu/kirchoff/em2593,https://bioimages.vanderbilt.edu/tn/kirchoff/tem2593.jpg,https://bioimages.vanderbilt.edu/gq/kirchoff/gem2593.jpg,
kirchoff/em2596,kirchoff_em2596.jpg,Quercus palustris,pin oak,Fagaceae,fruit,fruit,lateral or general close-up,010602,fruit / lateral or general close-up,fruit,ind-kirchoff/mason25,2010-10-23T10:45:07-04:00,Emily C. Mason,https://bioimages.vanderbilt.edu/kirchoff/em2596,https://bioimages.vanderbilt.edu/tn/kirchoff/tem2596.jpg,https://bioimages.vanderbilt.edu/gq/kirchoff/gem2596.jpg,
kirchoff/em2616,kirchoff_em2616.jpg,Quercus palustris,pin oak,Fagaceae,fruit,fruit,lateral or general close-up,010602,fruit / lateral or general close-up,fruit,ind-kirchoff/mason26,2010-10-23T11:02:14-04:00,Emily C. Mason,https://bioimages.vanderbilt.edu/kirchoff/em2616,https://bioimages.vanderbilt.edu/tn/kirchoff/tem2616.jpg,https://bioimages.vanderbilt.edu/gq/kirchoff/gem2616.jpg,
baskauf/90696,baskauf_90696.jpg,Quercus rubra,northern red oak,Fagaceae,whole plant,whole tree (or vine),general,010101,whole tree (or vine) / general,whole-tree,ind-baskauf/90696,2014-08-27T07:49:41-05:00,Steven J. Baskauf,https://bioimages.vanderbilt.edu/baskauf/90696,https://bioimages.vanderbilt.edu/tn/baskauf/t90696.jpg,https://bioimages.vanderbilt.edu/gq/baskauf/g90696.jpg,
baskauf/90735,baskauf_90735.jpg,Quercus rubra,northern red oak,Fagaceae,whole plant,whole tree (or vine),general,010101,whole tree (or vine) / general,whole-tree,vanderbilt/12-112,2014-08-27T08:22:54-05:00,Steven J. Baskauf,https://bioimages.vanderbilt.edu/baskauf/90735,https://bioimages.vanderbilt.edu/tn/baskauf/t90735.jpg,https://bioimages.vanderbilt.edu/gq/baskauf/g90735.jpg,
baskauf/90815,baskauf_90815.jpg,Quercus rubra,northern red oak,Fagaceae,whole plant,whole tree (or vine),general,010101,whole tree (or vine) / general,whole-tree,vanderbilt/5-76,2014-08-27T10:49:06-05:00,Steven J. Baskauf,https://bioimages.vanderbilt.edu/baskauf/90815,https://bioimages.vanderbilt.edu/tn/baskauf/t90815.jpg,https://bioimages.vanderbilt.edu/gq/baskauf/g90815.jpg,
baskauf/90817,baskauf_90817.jpg,Quercus rubra,northern red oak,Fagaceae,whole plant,whole tree (or vine),general,010101,whole tree (or vine) / general,whole-tree,vanderbilt/5-76,2014-08-27T10:49:30-05:00,Steven J. Baskauf,https://bioimages.vanderbilt.edu/baskauf/90817,https://bioimages.vanderbilt.edu/tn/baskauf/t90817.jpg,https://bioimages.vanderbilt.edu/gq/baskauf/g90817.jpg,
baskauf/90884,baskauf_90884.jpg,Quercus rubra,northern red oak,Fagaceae,whole plant,whole tree (or vine),general,010101,whole tree (or vine) / general,whole-tree,vanderbilt/15-227,2014-09-02T13:00:23-05:00,Steven J. Baskauf,https://bioimages.vanderbilt.edu/baskauf/90884,https://bioimages.vanderbilt.edu/tn/baskauf/t90884.jpg,https://bioimages.vanderbilt.edu/gq/baskauf/g90884.jpg,
baskauf/90889,baskauf_90889.jpg,Quercus rubra,northern red oak,Fagaceae,whole plant,whole tree (or vine),general,010101,whole tree (or vine) / general,whole-tree,vanderbilt/15-227,2014-09-03T07:59:45-05:00,Steven J. Baskauf,https://bioimages.vanderbilt.edu/baskauf/90889,https://bioimages.vanderbilt.edu/tn/baskauf/t90889.jpg,https://bioimages.vanderbilt.edu/gq/baskauf/g90889.jpg,
baskauf/90969,baskauf_90969.jpg,Quercus rubra,northern red oak,Fagaceae,whole plant,whole tree (or vine),general,010101,whole tree (or vine) / general,whole-tree,vanderbilt/7-306,2014-09-03T16:38:16-05:00,Steven J. Baskauf,https://bioimages.vanderbilt.edu/baskauf/90969,https://bioimages.vanderbilt.edu/tn/baskauf/t90969.jpg,https://bioimages.vanderbilt.edu/gq/baskauf/g90969.jpg,
baskauf/90972,baskauf_90972.jpg,Quercus rubra,northern red oak,Fagaceae,whole plant,whole tree (or vine),general,010101,whole tree (or vine) / general,whole-tree,vanderbilt/7-306,2014-09-03T16:38:53-05:00,Steven J. Baskauf,https://bioimages.vanderbilt.edu/baskauf/90972,https://bioimages.vanderbilt.edu/tn/baskauf/t90972.jpg,https://bioimages.vanderbilt.edu/gq/baskauf/g90972.jpg,
baskauf/91105,baskauf_91105.jpg,Quercus rubra,northern red oak,Fagaceae,whole plant,whole tree (or vine),general,010101,whole tree (or vine) / general,whole-tree,vanderbilt/12-6,2014-09-11T17:01:54-05:00,Steven J. Baskauf,https://bioimages.vanderbilt.edu/baskauf/91105,https://bioimages.vanderbilt.edu/tn/baskauf/t91105.jpg,https://bioimages.vanderbilt.edu/gq/baskauf/g91105.jpg,
kirchoff/em2392,kirchoff_em2392.jpg,Quercus rubra,northern red oak,Fagaceae,whole plant,whole tree (or vine),general,010101,whole tree (or vine) / general,whole-tree,ind-kirchoff/mason17,2010-10-12T13:23:18-04:00,Emily C. Mason,https://bioimages.vanderbilt.edu/kirchoff/em2392,https://bioimages.vanderbilt.edu/tn/kirchoff/tem2392.jpg,https://bioimages.vanderbilt.edu/gq/kirchoff/gem2392.jpg,
kirchoff/em2412,kirchoff_em2412.jpg,Quercus rubra,northern red oak,Fagaceae,whole plant,whole tree (or vine),general,010101,whole tree (or vine) / general,whole-tree,ind-kirchoff/mason21,2010-10-13T14:16:31-04:00,Emily C. Mason,https://bioimages.vanderbilt.edu/kirchoff/em2412,https://bioimages.vanderbilt.edu/tn/kirchoff/tem2412.jpg,https://bioimages.vanderbilt.edu/gq/kirchoff/gem2412.jpg,
baskauf/13122,baskauf_13122.jpg,Quercus rubra,northern red oak,Fagaceae,whole plant,whole tree (or vine),view up trunk,010103,whole tree (or vine) / view up trunk,whole-tree,vanderbilt/15-227,2002-06-20T13:27:44-05:00,Steven J. Baskauf,https://bioimages.vanderbilt.edu/baskauf/13122,https://bioimages.vanderbilt.edu/tn/baskauf/tquru--wplookup-lrg13122.jpg,https://bioimages.vanderbilt.edu/gq/baskauf/gquru--wplookup-lrg13122.jpg,
baskauf/90737,baskauf_90737.jpg,Quercus rubra,northern red oak,Fagaceae,whole plant,whole tree (or vine),view up trunk,010103,whole tree (or vine) / view up trunk,whole-tree,vanderbilt/12-112,2014-08-27T08:23:20-05:00,Steven J. Baskauf,https://bioimages.vanderbilt.edu/baskauf/90737,https://bioimages.vanderbilt.edu/tn/baskauf/t90737.jpg,https://bioimages.vanderbilt.edu/gq/baskauf/g90737.jpg,
baskauf/90820,baskauf_90820.jpg,Quercus rubra,northern red oak,Fagaceae,whole plant,whole tree (or vine),view up trunk,010103,whole tree (or vine) / view up trunk,whole-tree,vanderbilt/5-76,2014-08-27T10:50:22-05:00,Steven J. Baskauf,https://bioimages.vanderbilt.edu/baskauf/90820,https://bioimages.vanderbilt.edu/tn/baskauf/t90820.jpg,https://bioimages.vanderbilt.edu/gq/baskauf/g90820.jpg,
baskauf/89376,baskauf_89376.jpg,Quercus rubra,northern red oak,Fagaceae,whole plant,whole tree (or vine),winter,010102,whole tree (or vine) / winter,whole-tree,vanderbilt/7-306,2013-12-11T13:40:14-06:00,Steven J. Baskauf,https://bioimages.vanderbilt.edu/baskauf/89376,https://bioimages.vanderbilt.edu/tn/baskauf/t89376.jpg,https://bioimages.vanderbilt.edu/gq/baskauf/g89376.jpg,
baskauf/10499,baskauf_10499.jpg,Quercus rubra,northern red oak,Fagaceae,bark,bark,of a large tree,010201,bark / of a large tree,bark,vanderbilt/15-227,2002-04-10T10:34:56-05:00,Steven J. Baskauf,https://bioimages.vanderbilt.edu/baskauf/10499,https://bioimages.vanderbilt.edu/tn/baskauf/tquru--br10499.jpg,https://bioimages.vanderbilt.edu/gq/baskauf/gquru--br10499.jpg,
baskauf/13118,baskauf_13118.jpg,Quercus rubra,northern red oak,Fagaceae,bark,bark,of a large tree,010201,bark / of a large tree,bark,vanderbilt/15-227,2002-06-20T13:26:45-05:00,Steven J. Baskauf,https://bioimages.vanderbilt.edu/baskauf/13118,https://bioimages.vanderbilt.edu/tn/baskauf/tquru--brlarge-tree13118.jpg,https://bioimages.vanderbilt.edu/gq/baskauf/gquru--brlarge-tree13118.jpg,
baskauf/15732,baskauf_15732.jpg,Quercus rubra,northern red oak,Fagaceae,bark,bark,of a large tree,010201,bark / of a large tree,bark,ind-baskauf/15732,2002-09-21T11:58:38-05:00,Steven J. Baskauf,https://bioimages.vanderbilt.edu/baskauf/15732,https://bioimages.vanderbilt.edu/tn/baskauf/tquru--br15732.jpg,https://bioimages.vanderbilt.edu/gq/baskauf/gquru--br15732.jpg,
kirchoff/em2393,kirchoff_em2393.jpg,Quercus rubra,northern red oak,Fagaceae,bark,bark,of a large tree,010201,bark / of a large tree,bark,ind-kirchoff/mason17,2010-10-12T13:23:52-04:00,Emily C. Mason,https://bioimages.vanderbilt.edu/kirchoff/em2393,https://bioimages.vanderbilt.edu/tn/kirchoff/tem2393.jpg,https://bioimages.vanderbilt.edu/gq/kirchoff/gem2393.jpg,
kirchoff/em2394,kirchoff_em2394.jpg,Quercus rubra,northern red oak,Fagaceae,bark,bark,of a large tree,010201,bark / of a large tree,bark,ind-kirchoff/mason17,2010-10-12T13:23:59-04:00,Emily C. Mason,https://bioimages.vanderbilt.edu/kirchoff/em2394,https://bioimages.vanderbilt.edu/tn/kirchoff/tem2394.jpg,https://bioimages.vanderbilt.edu/gq/kirchoff/gem2394.jpg,
kirchoff/em2413,kirchoff_em2413.jpg,Quercus rubra,northern red oak,Fagaceae,bark,bark,of a large tree,010201,bark / of a large tree,bark,ind-kirchoff/mason21,2010-10-13T14:17:18-04:00,Emily C. Mason,https://bioimages.vanderbilt.edu/kirchoff/em2413,https://bioimages.vanderbilt.edu/tn/kirchoff/tem2413.jpg,https://bioimages.vanderbilt.edu/gq/kirchoff/gem2413.jpg,
baskauf/13155,baskauf_13155.jpg,Quercus rubra,northern red oak,Fagaceae,twig,twig,close-up winter leaf scar/bud,010303,twig / close-up winter leaf scar/bud,twig,vanderbilt/15-227,2002-06-20T14:07:39-05:00,Steven J. Baskauf,https://bioimages.vanderbilt.edu/baskauf/13155,https://bioimages.vanderbilt.edu/tn/baskauf/tquru--twbud-13155.jpg,https://bioimages.vanderbilt.edu/gq/baskauf/gquru--twbud-13155.jpg,
baskauf/13135,baskauf_13135.jpg,Quercus rubra,northern red oak,Fagaceae,twig,twig,orientation of petioles,010301,twig / orientation of petioles,twig,vanderbilt/15-227,2002-06-20T13:35:23-05:00,Steven J. Baskauf,https://bioimages.vanderbilt.edu/baskauf/13135,https://bioimages.vanderbilt.edu/tn/baskauf/tquru--twsun-peti13135.jpg,https://bioimages.vanderbilt.edu/gq/baskauf/gquru--twsun-peti13135.jpg,
kirchoff/em2397,kirchoff_em2397.jpg,Quercus rubra,northern red oak,Fagaceae,twig,twig,orientation of petioles,010301,twig / orientation of petioles,twig,ind-kirchoff/mason17,2010-10-12T13:27:37-04:00,Emily C. Mason,https://bioimages.vanderbilt.edu/kirchoff/em2397,https://bioimages.vanderbilt.edu/tn/kirchoff/tem2397.jpg,https://bioimages.vanderbilt.edu/gq/kirchoff/gem2397.jpg,
kirchoff/em2399,kirchoff_em2399.jpg,Quercus rubra,northern red oak,Fagaceae,twig,twig,orientation of petioles,010301,twig / orientation of petioles,twig,ind-kirchoff/mason17,2010-10-12T13:28:18-04:00,Emily C. Mason,https://bioimages.vanderbilt.edu/kirchoff/em2399,https://bioimages.vanderbilt.edu/tn/kirchoff/tem2399.jpg,https://bioimages.vanderbilt.edu/gq/kirchoff/gem2399.jpg,
kirchoff/em2401,kirchoff_em2401.jpg,Quercus rubra,northern red oak,Fagaceae,twig,twig,orientation of petioles,010301,twig / orientation of petioles,twig,ind-kirchoff/mason17,2010-10-12T13:28:40-04:00,Emily C. Mason,https://bioimages.vanderbilt.edu/kirchoff/em2401,https://bioimages.vanderbilt.edu/tn/kirchoff/tem2401.jpg,https://bioimages.vanderbilt.edu/gq/kirchoff/gem2401.jpg,
kirchoff/em2402,kirchoff_em2402.jpg,Quercus rubra,northern red oak,Fagaceae,twig,twig,orientation of petioles,010301,twig / orientation of petioles,twig,ind-kirchoff/mason17,2010-10-12T13:29:16-04:00,Emily C. Mason,https://bioimages.vanderbilt.edu/kirchoff/em2402,https://bioimages.vanderbilt.edu/tn/kirchoff/tem2402.jpg,https://bioimages.vanderbilt.edu/gq/kirchoff/gem2402.jpg,
kirchoff/em2418,kirchoff_em2418.jpg,Quercus rubra,northern red oak,Fagaceae,twig,twig,orientation of petioles,010301,twig / orientation of petioles,twig,ind-kirchoff/mason21,2010-10-13T14:22:10-04:00,Emily C. Mason,https://bioimages.vanderbilt.edu/kirchoff/em2418,https://bioimages.vanderbilt.edu/tn/kirchoff/tem2418.jpg,https://bioimages.vanderbilt.edu/gq/kirchoff/gem2418.jpg,
baskauf/15643,baskauf_15643.jpg,Quercus rubra,northern red oak,Fagaceae,leaf,leaf,margin of upper + lower surface,010402,leaf / margin of upper + lower surface,leaf,vanderbilt/7-306,2002-09-17T12:28:43-05:00,Steven J. Baskauf,https://bioimages.vanderbilt.edu/baskauf/15643,https://bioimages.vanderbilt.edu/tn/baskauf/tquru--lfmargin-uplow15643.jpg,https://bioimages.vanderbilt.edu/gq/baskauf/gquru--lfmargin-uplow15643.jpg,
kirchoff/em2408,kirchoff_em2408.jpg,Quercus rubra,northern red oak,Fagaceae,leaf,leaf,margin of upper + lower surface,010402,leaf / margin of upper + lower surface,leaf,ind-kirchoff/mason17,2010-10-12T13:31:34-04:00,Emily C. Mason,https://bioimages.vanderbilt.edu/kirchoff/em2408,https://bioimages.vanderbilt.edu/tn/kirchoff/tem2408.jpg,https://bioimages.vanderbilt.edu/gq/kirchoff/gem2408.jpg,
kirchoff/em2409,kirchoff_em2409.jpg,Quercus rubra,northern red oak,Fagaceae,leaf,leaf,margin of upper + lower surface,010402,leaf / margin of upper + lower surface,leaf,ind-kirchoff/mason17,2010-10-12T13:32:02-04:00,Emily C. Mason,https://bioimages.vanderbilt.edu/kirchoff/em2409,https://bioimages.vanderbilt.edu/tn/kirchoff/tem2409.jpg,https://bioimages.vanderbilt.edu/gq/kirchoff/gem2409.jpg,
kirchoff/em2424,kirchoff_em2424.jpg,Quercus rubra,northern red oak,Fagaceae,leaf,leaf,margin of upper + lower surface,010402,leaf / margin of upper + lower surface,leaf,ind-kirchoff/mason21,2010-10-13T14:24:07-04:00,Emily C. Mason,https://bioimages.vanderbilt.edu/kirchoff/em2424,https://bioimages.vanderbilt.edu/tn/kirchoff/tem2424.jpg,https://bioimages.vanderbilt.edu/gq/kirchoff/gem2424.jpg,
baskauf/13113,baskauf_13113.jpg,Quercus rubra,northern red oak,Fagaceae,leaf,leaf,showing orientation on twig,010403,leaf / showing orientation on twig,leaf,vanderbilt/15-227,2002-06-20T13:23:36-05:00,Steven J. Baskauf,https://bioimages.vanderbilt.edu/baskauf/13113,https://bioimages.vanderbilt.edu/tn/baskauf/tquru--lfsun13113.jpg,https://bioimages.vanderbilt.edu/gq/baskauf/gquru--lfsun13113.jpg,
baskauf/13127,baskauf_13127.jpg,Quercus rubra,northern red oak,Fagaceae,leaf,leaf,showing orientation on twig,010403,leaf / showing orientation on twig,leaf,vanderbilt/15-227,2002-06-20T13:29:37-05:00,Steven J. Baskauf,https://bioimages.vanderbilt.edu/baskauf/13127,https://bioimages.vanderbilt.edu/tn/baskauf/tquru--lfshade-peti13127.jpg,https://bioimages.vanderbilt.edu/gq/baskauf/gquru--lfshade-peti13127.jpg,
kirchoff/em2396,kirchoff_em2396.jpg,Quercus rubra,northern red oak,Fagaceae,leaf,leaf,showing orientation on twig,010403,leaf / showing orientation on twig,leaf,ind-kirchoff/mason17,2010-10-12T13:27:12-04:00,Emily C. Mason,https://bioimages.vanderbilt.edu/kirchoff/em2396,https://bioimages.vanderbilt.edu/tn/kirchoff/tem2396.jpg,https://bioimages.vanderbilt.edu/gq/kirchoff/gem2396.jpg,
kirchoff/em2414,kirchoff_em2414.jpg,Quercus rubra,northern red oak,Fagaceae,leaf,leaf,showing orientation on twig,010403,leaf / showing orientation on twig,leaf,ind-kirchoff/mason21,2010-10-13T14:20:30-04:00,Emily C. Mason,https://bioimages.vanderbilt.edu/kirchoff/em2414,https://bioimages.vanderbilt.edu/tn/kirchoff/tem2414.jpg,https://bioimages.vanderbilt.edu/gq/kirchoff/gem2414.jpg,
kirchoff/em2415,kirchoff_em2415.jpg,Quercus rubra,northern red oak,Fagaceae,leaf,leaf,showing orientation on twig,010403,leaf / showing orientation on twig,leaf,ind-kirchoff/mason21,2010-10-13T14:20:44-04:00,Emily C. Mason,https://bioimages.vanderbilt.edu/kirchoff/em2415,https://bioimages.vanderbilt.edu/tn/kirchoff/tem2415.jpg,https://bioimages.vanderbilt.edu/gq/kirchoff/gem2415.jpg,
baskauf/13145,baskauf_13145.jpg,Quercus rubra,northern red oak,Fagaceae,leaf,leaf,unspecified,010400,leaf / unspecified,leaf,vanderbilt/15-227,2002-06-20T13:59:41-05:00,Steven J. Baskauf,https://bioimages.vanderbilt.edu/baskauf/13145,https://bioimages.vanderbilt.edu/tn/baskauf/tquru--lflower-micro13145.jpg,https://bioimages.vanderbilt.edu/gq/baskauf/gquru--lflower-micro13145.jpg,unspecified view
baskauf/13151,baskauf_13151.jpg,Quercus rubra,northern red oak,Fagaceae,leaf,leaf,unspecified,010400,leaf / unspecified,leaf,vanderbilt/15-227,2002-06-20T14:03:30-05:00,Steven J. Baskauf,https://bioimages.vanderbilt.edu/baskauf/13151,https://bioimages.vanderbilt.edu/tn/baskauf/tquru--lflower-close13151.jpg,https://bioimages.vanderbilt.edu/gq/baskauf/gquru--lflower-close13151.jpg,unspecified view
baskauf/13132,baskauf_13132.jpg,Quercus rubra,northern red oak,Fagaceae,leaf,leaf,whole upper surface,010401,leaf / whole upper surface,leaf,vanderbilt/15-227,2002-06-20T13:34:00-05:00,Steven J. Baskauf,https://bioimages.vanderbilt.edu/baskauf/13132,https://bioimages.vanderbilt.edu/tn/baskauf/tquru--lfsun13132.jpg,https://bioimages.vanderbilt.edu/gq/baskauf/gquru--lfsun13132.jpg,
kirchoff/em2403,kirchoff_em2403.jpg,Quercus rubra,northern red oak,Fagaceae,leaf,leaf,whole upper surface,010401,leaf / whole upper surface,leaf,ind-kirchoff/mason17,2010-10-12T13:30:15-04:00,Emily C. Mason,https://bioimages.vanderbilt.edu/kirchoff/em2403,https://bioimages.vanderbilt.edu/tn/kirchoff/tem2403.jpg,https://bioimages.vanderbilt.edu/gq/kirchoff/gem2403.jpg,
kirchoff/em2404,kirchoff_em2404.jpg,Quercus rubra,northern red oak,Fagaceae,leaf,leaf,whole upper surface,010401,leaf / whole upper surface,leaf,ind-kirchoff/mason17,2010-10-12T13:30:31-04:00,Emily C. Mason,https://bioimages.vanderbilt.edu/kirchoff/em2404,https://bioimages.vanderbilt.edu/tn/kirchoff/tem2404.jpg,https://bioimages.vanderbilt.edu/gq/kirchoff/gem2404.jpg,
kirchoff/em2405,kirchoff_em2405.jpg,Quercus rubra,northern red oak,Fagaceae,leaf,leaf,whole upper surface,010401,leaf / whole upper surface,leaf,ind-kirchoff/mason17,2010-10-12T13:30:47-04:00,Emily C. Mason,https://bioimages.vanderbilt.edu/kirchoff/em2405,https://bioimages.vanderbilt.edu/tn/kirchoff/tem2405.jpg,https://bioimages.vanderbilt.edu/gq/kirchoff/gem2405.jpg,
kirchoff/em2406,kirchoff_em2406.jpg,Quercus rubra,northern red oak,Fagaceae,leaf,leaf,whole upper surface,010401,leaf / whole upper surface,leaf,ind-kirchoff/mason17,2010-10-12T13:30:58-04:00,Emily C. Mason,https://bioimages.vanderbilt.edu/kirchoff/em2406,https://bioimages.vanderbilt.edu/tn/kirchoff/tem2406.jpg,https://bioimages.vanderbilt.edu/gq/kirchoff/gem2406.jpg,
kirchoff/em2407,kirchoff_em2407.jpg,Quercus rubra,northern red oak,Fagaceae,leaf,leaf,whole upper surface,010401,leaf / whole upper surface,leaf,ind-kirchoff/mason17,2010-10-12T13:31:10-04:00,Emily C. Mason,https://bioimages.vanderbilt.edu/kirchoff/em2407,https://bioimages.vanderbilt.edu/tn/kirchoff/tem2407.jpg,https://bioimages.vanderbilt.edu/gq/kirchoff/gem2407.jpg,
kirchoff/em2420,kirchoff_em2420.jpg,Quercus rubra,northern red oak,Fagaceae,leaf,leaf,whole upper surface,010401,leaf / whole upper surface,leaf,ind-kirchoff/mason21,2010-10-13T14:23:06-04:00,Emily C. Mason,https://bioimages.vanderbilt.edu/kirchoff/em2420,https://bioimages.vanderbilt.edu/tn/kirchoff/tem2420.jpg,https://bioimages.vanderbilt.edu/gq/kirchoff/gem2420.jpg,
kirchoff/em2421,kirchoff_em2421.jpg,Quercus rubra,northern red oak,Fagaceae,leaf,leaf,whole upper surface,010401,leaf / whole upper surface,leaf,ind-kirchoff/mason21,2010-10-13T14:23:14-04:00,Emily C. Mason,https://bioimages.vanderbilt.edu/kirchoff/em2421,https://bioimages.vanderbilt.edu/tn/kirchoff/tem2421.jpg,https://bioimages.vanderbilt.edu/gq/kirchoff/gem2421.jpg,
kirchoff/em2422,kirchoff_em2422.jpg,Quercus rubra,northern red oak,Fagaceae,leaf,leaf,whole upper surface,010401,leaf / whole upper surface,leaf,ind-kirchoff/mason21,2010-10-13T14:23:24-04:00,Emily C. Mason,https://bioimages.vanderbilt.edu/kirchoff/em2422,https://bioimages.vanderbilt.edu/tn/kirchoff/tem2422.jpg,https://bioimages.vanderbilt.edu/gq/kirchoff/gem2422.jpg,
baskauf/18093,baskauf_18093.jpg,Quercus rubra,northern red oak,Fagaceae,flower,inflorescence,whole - female,010502,inflorescence / whole - female,flower,vanderbilt/15-227,2003-03-25T13:00:38-06:00,Steven J. Baskauf,https://bioimages.vanderbilt.edu/baskauf/18093,https://bioimages.vanderbilt.edu/tn/baskauf/tquru--flmale18093.jpg,https://bioimages.vanderbilt.edu/gq/baskauf/gquru--flmale18093.jpg,
baskauf/18096,baskauf_18096.jpg,Quercus rubra,northern red oak,Fagaceae,flower,inflorescence,whole - female,010502,inflorescence / whole - female,flower,vanderbilt/15-227,2003-03-25T13:01:06-06:00,Steven J. Baskauf,https://bioimages.vanderbilt.edu/baskauf/18096,https://bioimages.vanderbilt.edu/tn/baskauf/tquru--flfemale18096.jpg,https://bioimages.vanderbilt.edu/gq/baskauf/gquru--flfemale18096.jpg,
baskauf/10498,baskauf_10498.jpg,Quercus rubra,northern red oak,Fagaceae,flower,inflorescence,whole - unspecified,010501,inflorescence / whole - unspecified,flower,vanderbilt/15-227,2002-04-10T10:34:37-05:00,Steven J. Baskauf,https://bioimages.vanderbilt.edu/baskauf/10498,https://bioimages.vanderbilt.edu/tn/baskauf/tquru--flin-flower-10498.jpg,https://bioimages.vanderbilt.edu/gq/baskauf/gquru--flin-flower-10498.jpg,unspecified view
baskauf/18084,baskauf_18084.jpg,Quercus rubra,northern red oak,Fagaceae,flower,inflorescence,whole - unspecified,010501,inflorescence / whole - unspecified,flower,vanderbilt/15-227,2003-03-25T12:57:59-06:00,Steven J. Baskauf,https://bioimages.vanderbilt.edu/baskauf/18084,https://bioimages.vanderbilt.edu/tn/baskauf/tquru--flinflor18084.jpg,https://bioimages.vanderbilt.edu/gq/baskauf/gquru--flinflor18084.jpg,unspecified view
baskauf/15999,baskauf_15999.jpg,Quercus rubra,northern red oak,Fagaceae,fruit,fruit,lateral or general close-up,010602,fruit / lateral or general close-up,fruit,vanderbilt/15-227,2002-09-27T11:58:46-05:00,Steven J. Baskauf,https://bioimages.vanderbilt.edu/baskauf/15999,https://bioimages.vanderbilt.edu/tn/baskauf/tquru--fr15999.jpg,https://bioimages.vanderbilt.edu/gq/baskauf/gquru--fr15999.jpg,
baskauf/12424,baskauf_12424.jpg,Quercus velutina,black oak,Fagaceae,whole plant,whole tree (or vine),general,010101,whole tree (or vine) / general,whole-tree,vanderbilt/7-313,2002-06-14T10:35:37-05:00,Steven J. Baskauf,https://bioimages.vanderbilt.edu/baskauf/12424,https://bioimages.vanderbilt.edu/tn/baskauf/tquve--wplarge12424.jpg,https://bioimages.vanderbilt.edu/gq/baskauf/gquve--wplarge12424.jpg,
baskauf/90912,baskauf_90912.jpg,Quercus velutina,black oak,Fagaceae,whole plant,whole tree (or vine),general,010101,whole tree (or vine) / general,whole-tree,vanderbilt/7-313,2014-09-03T10:45:56-05:00,Steven J. Baskauf,https://bioimages.vanderbilt.edu/baskauf/90912,https://bioimages.vanderbilt.edu/tn/baskauf/t90912.jpg,https://bioimages.vanderbilt.edu/gq/baskauf/g90912.jpg,
baskauf/90913,baskauf_90913.jpg,Quercus velutina,black oak,Fagaceae,whole plant,whole tree (or vine),general,010101,whole tree (or vine) / general,whole-tree,vanderbilt/7-313,2014-09-03T10:46:31-05:00,Steven J. Baskauf,https://bioimages.vanderbilt.edu/baskauf/90913,https://bioimages.vanderbilt.edu/tn/baskauf/t90913.jpg,https://bioimages.vanderbilt.edu/gq/baskauf/g90913.jpg,
baskauf/90917,baskauf_90917.jpg,Quercus velutina,black oak,Fagaceae,whole plant,whole tree (or vine),general,010101,whole tree (or vine) / general,whole-tree,vanderbilt/7-313,2014-09-03T10:47:13-05:00,Steven J. Baskauf,https://bioimages.vanderbilt.edu/baskauf/90917,https://bioimages.vanderbilt.edu/tn/baskauf/t90917.jpg,https://bioimages.vanderbilt.edu/gq/baskauf/g90917.jpg,
baskauf/12433,baskauf_12433.jpg,Quercus velutina,black oak,Fagaceae,whole plant,whole tree (or vine),view up trunk,010103,whole tree (or vine) / view up trunk,whole-tree,vanderbilt/7-313,2002-06-14T10:39:30-05:00,Steven J. Baskauf,https://bioimages.vanderbilt.edu/baskauf/12433,https://bioimages.vanderbilt.edu/tn/baskauf/tquve--wplookup-large12433.jpg,https://bioimages.vanderbilt.edu/gq/baskauf/gquve--wplookup-large12433.jpg,
baskauf/89382,baskauf_89382.jpg,Quercus velutina,black oak,Fagaceae,whole plant,whole tree (or vine),winter,010102,whole tree (or vine) / winter,whole-tree,vanderbilt/7-313,2013-12-11T13:45:17-06:00,Steven J. Baskauf,https://bioimages.vanderbilt.edu/baskauf/89382,https://bioimages.vanderbilt.edu/tn/baskauf/t89382.jpg,https://bioimages.vanderbilt.edu/gq/baskauf/g89382.jpg,
baskauf/12429,baskauf_12429.jpg,Quercus velutina,black oak,Fagaceae,bark,bark,of a large tree,010201,bark / of a large tree,bark,vanderbilt/7-313,2002-06-14T10:38:18-05:00,Steven J. Baskauf,https://bioimages.vanderbilt.edu/baskauf/12429,https://bioimages.vanderbilt.edu/tn/baskauf/tquve--brlarge-tree12429.jpg,https://bioimages.vanderbilt.edu/gq/baskauf/gquve--brlarge-tree12429.jpg,
baskauf/13107,baskauf_13107.jpg,Quercus velutina,black oak,Fagaceae,twig,twig,close-up winter leaf scar/bud,010303,twig / close-up winter leaf scar/bud,twig,vanderbilt/7-313,2002-06-20T09:41:15-05:00,Steven J. Baskauf,https://bioimages.vanderbilt.edu/baskauf/13107,https://bioimages.vanderbilt.edu/tn/baskauf/tquve--twbud13107.jpg,https://bioimages.vanderbilt.edu/gq/baskauf/gquve--twbud13107.jpg,
baskauf/13096,baskauf_13096.jpg,Quercus velutina,black oak,Fagaceae,twig,twig,orientation of petioles,010301,twig / orientation of petioles,twig,vanderbilt/7-313,2002-06-20T09:22:48-05:00,Steven J. Baskauf,https://bioimages.vanderbilt.edu/baskauf/13096,https://bioimages.vanderbilt.edu/tn/baskauf/tquve--twbuds13096.jpg,https://bioimages.vanderbilt.edu/gq/baskauf/gquve--twbuds13096.jpg,
baskauf/13110,baskauf_13110.jpg,Quercus velutina,black oak,Fagaceae,twig,twig,orientation of petioles,010301,twig / orientation of petioles,twig,vanderbilt/7-313,2002-06-20T09:46:43-05:00,Steven J. Baskauf,https://bioimages.vanderbilt.edu/baskauf/13110,https://bioimages.vanderbilt.edu/tn/baskauf/tquve--tw13110.jpg,https://bioimages.vanderbilt.edu/gq/baskauf/gquve--tw13110.jpg,
baskauf/13194,baskauf_13194.jpg,Quercus velutina,black oak,Fagaceae,twig,twig,orientation of petioles,010301,twig / orientation of petioles,twig,vanderbilt/7-313,2002-06-25T14:31:41-05:00,Steven J. Baskauf,https://bioimages.vanderbilt.edu/baskauf/13194,https://bioimages.vanderbilt.edu/tn/baskauf/tquve--twbuds13194.jpg,https://bioimages.vanderbilt.edu/gq/baskauf/gquve--twbuds13194.jpg,
baskauf/13195,baskauf_13195.jpg,Quercus velutina,black oak,Fagaceae,twig,twig,orientation of petioles,010301,twig / orientation of petioles,twig,vanderbilt/7-313,2002-06-25T14:32:12-05:00,Steven J. Baskauf,https://bioimages.vanderbilt.edu/baskauf/13195,https://bioimages.vanderbilt.edu/tn/baskauf/tquve--twbuds13195.jpg,https://bioimages.vanderbilt.edu/gq/baskauf/gquve--twbuds13195.jpg,
baskauf/12316,baskauf_12316.jpg,Quercus velutina,black oak,Fagaceae,twig,twig,unspecified,010300,twig / unspecified,twig,vanderbilt/7-313,2002-06-25T14:44:18-05:00,Steven J. Baskauf,https://bioimages.vanderbilt.edu/baskauf/12316,https://bioimages.vanderbilt.edu/tn/baskauf/tquve--twbud-micro12316.jpg,https://bioimages.vanderbilt.edu/gq/baskauf/gquve--twbud-micro12316.jpg,unspecified view
baskauf/13095,baskauf_13095.jpg,Quercus velutina,black oak,Fagaceae,leaf,leaf,margin of upper + lower surface,010402,leaf / margin of upper + lower surface,leaf,vanderbilt/7-313,2002-06-20T09:21:57-05:00,Steven J. Baskauf,https://bioimages.vanderbilt.edu/baskauf/13095,https://bioimages.vanderbilt.edu/tn/baskauf/tquve--lfupper-lower13095.jpg,https://bioimages.vanderbilt.edu/gq/baskauf/gquve--lfupper-lower13095.jpg,
baskauf/13201,baskauf_13201.jpg,Quercus velutina,black oak,Fagaceae,leaf,leaf,margin of upper + lower surface,010402,leaf / margin of upper + lower surface,leaf,vanderbilt/7-313,2002-06-25T14:33:48-05:00,Steven J. Baskauf,https://bioimages.vanderbilt.edu/baskauf/13201,https://bioimages.vanderbilt.edu/tn/baskauf/tquve--lfupper-lower13201.jpg,https://bioimages.vanderbilt.edu/gq/baskauf/gquve--lfupper-lower13201.jpg,
baskauf/16021,baskauf_16021.jpg,Quercus velutina,black oak,Fagaceae,leaf,leaf,margin of upper + lower surface,010402,leaf / margin of upper + lower surface,leaf,vanderbilt/7-313,2002-09-27T16:02:33-05:00,Steven J. Baskauf,https://bioimages.vanderbilt.edu/baskauf/16021,https://bioimages.vanderbilt.edu/tn/baskauf/tquve--lfmargin-uplow16021.jpg,https://bioimages.vanderbilt.edu/gq/baskauf/gquve--lfmargin-uplow16021.jpg,
baskauf/12434,baskauf_12434.jpg,Quercus velutina,black oak,Fagaceae,leaf,leaf,showing orientation on twig,010403,leaf / showing orientation on twig,leaf,vanderbilt/7-313,2002-06-14T10:42:17-05:00,Steven J. Baskauf,https://bioimages.vanderbilt.edu/baskauf/12434,https://bioimages.vanderbilt.edu/tn/baskauf/tquve--lfseveral12434.jpg,https://bioimages.vanderbilt.edu/gq/baskauf/gquve--lfseveral12434.jpg,
baskauf/13075,baskauf_13075.jpg,Quercus velutina,black oak,Fagaceae,leaf,leaf,showing orientation on twig,010403,leaf / showing orientation on twig,leaf,vanderbilt/7-313,2002-06-20T08:48:30-05:00,Steven J. Baskauf,https://bioimages.vanderbilt.edu/baskauf/13075,https://bioimages.vanderbilt.edu/tn/baskauf/tquve--lfseveral13075.jpg,https://bioimages.vanderbilt.edu/gq/baskauf/gquve--lfseveral13075.jpg,
baskauf/13184,baskauf_13184.jpg,Quercus velutina,black oak,Fagaceae,leaf,leaf,showing orientation on twig,010403,leaf / showing orientation on twig,leaf,vanderbilt/7-313,2002-06-25T14:17:17-05:00,Steven J. Baskauf,https://bioimages.vanderbilt.edu/baskauf/13184,https://bioimages.vanderbilt.edu/tn/baskauf/tquve--lfseveral13184.jpg,https://bioimages.vanderbilt.edu/gq/baskauf/gquve--lfseveral13184.jpg,
baskauf/13000,baskauf_13000.jpg,Quercus velutina,black oak,Fagaceae,leaf,leaf,unspecified,010400,leaf / unspecified,leaf,vanderbilt/7-313,2002-06-20T09:34:18-05:00,Steven J. Baskauf,https://bioimages.vanderbilt.edu/baskauf/13000,https://bioimages.vanderbilt.edu/tn/baskauf/tquve--lflower-close13000.jpg,https://bioimages.vanderbilt.edu/gq/baskauf/gquve--lflower-close13000.jpg,unspecified view
baskauf/13104,baskauf_13104.jpg,Quercus velutina,black oak,Fagaceae,leaf,leaf,unspecified,010400,leaf / unspecified,leaf,vanderbilt/7-313,2002-06-20T09:37:19-05:00,Steven J. Baskauf,https://bioimages.vanderbilt.edu/baskauf/13104,https://bioimages.vanderbilt.edu/tn/baskauf/tquve--lflower-micro13104.jpg,https://bioimages.vanderbilt.edu/gq/baskauf/gquve--lflower-micro13104.jpg,unspecified view
baskauf/13139,baskauf_13139.jpg,Quercus velutina,black oak,Fagaceae,leaf,leaf,unspecified,010400,leaf / unspecified,leaf,vanderbilt/7-313,2002-06-20T13:50:51-05:00,Steven J. Baskauf,https://bioimages.vanderbilt.edu/baskauf/13139,https://bioimages.vanderbilt.edu/tn/baskauf/tquve--lfcompare-rubra13139.jpg,https://bioimages.vanderbilt.edu/gq/baskauf/gquve--lfcompare-rubra13139.jpg,unspecified view
baskauf/13142,baskauf_13142.jpg,Quercus velutina,black oak,Fagaceae,leaf,leaf,unspecified,010400,leaf / unspecified,leaf,vanderbilt/7-313,2002-06-20T13:52:15-05:00,Steven J. Baskauf,https://bioimages.vanderbilt.edu/baskauf/13142,https://bioimages.vanderbilt.edu/tn/baskauf/tquve--lfcompare-rubra13142.jpg,https://bioimages.vanderbilt.edu/gq/baskauf/gquve--lfcompare-rubra13142.jpg,unspecified view
baskauf/13202,baskauf_13202.jpg,Quercus velutina,black oak,Fagaceae,leaf,leaf,unspecified,010400,leaf / unspecified,leaf,vanderbilt/7-313,2002-06-25T14:37:38-05:00,Steven J. Baskauf,https://bioimages.vanderbilt.edu/baskauf/13202,https://bioimages.vanderbilt.edu/tn/baskauf/tquve--lflower-close13202.jpg,https://bioimages.vanderbilt.edu/gq/baskauf/gquve--lflower-close13202.jpg,unspecified view
baskauf/13209,baskauf_13209.jpg,Quercus velutina,black oak,Fagaceae,leaf,leaf,unspecified,010400,leaf / unspecified,leaf,vanderbilt/7-313,2002-06-25T14:41:30-05:00,Steven J. Baskauf,https://bioimages.vanderbilt.edu/baskauf/13209,https://bioimages.vanderbilt.edu/tn/baskauf/tquve--lflower-micro13209.jpg,https://bioimages.vanderbilt.edu/gq/baskauf/gquve--lflower-micro13209.jpg,unspecified view
baskauf/13089,baskauf_13089.jpg,Quercus velutina,black oak,Fagaceae,leaf,leaf,whole upper surface,010401,leaf / whole upper surface,leaf,vanderbilt/7-313,2002-06-20T09:18:35-05:00,Steven J. Baskauf,https://bioimages.vanderbilt.edu/baskauf/13089,https://bioimages.vanderbilt.edu/tn/baskauf/tquve--lfdeep-sinuses13089.jpg,https://bioimages.vanderbilt.edu/gq/baskauf/gquve--lfdeep-sinuses13089.jpg,
baskauf/13093,baskauf_13093.jpg,Quercus velutina,black oak,Fagaceae,leaf,leaf,whole upper surface,010401,leaf / whole upper surface,leaf,vanderbilt/7-313,2002-06-20T09:20:45-05:00,Steven J. Baskauf,https://bioimages.vanderbilt.edu/baskauf/13093,https://bioimages.vanderbilt.edu/tn/baskauf/tquve--lfupper-lower13093.jpg,https://bioimages.vanderbilt.edu/gq/baskauf/gquve--lfupper-lower13093.jpg,
baskauf/13183,baskauf_13183.jpg,Quercus velutina,black oak,Fagaceae,leaf,leaf,whole upper surface,010401,leaf / whole upper surface,leaf,vanderbilt/7-313,2002-06-25T14:11:51-05:00,Steven J. Baskauf,https://bioimages.vanderbilt.edu/baskauf/13183,https://bioimages.vanderbilt.edu/tn/baskauf/tquve--lf13183.jpg,https://bioimages.vanderbilt.edu/gq/baskauf/gquve--lf13183.jpg,
baskauf/19689,baskauf_19689.jpg,Quercus velutina,black oak,Fagaceae,flower,inflorescence,whole - female,010502,inflorescence / whole - female,flower,vanderbilt/7-313,2003-04-07T15:27:28-05:00,Steven J. Baskauf,https://bioimages.vanderbilt.edu/baskauf/19689,https://bioimages.vanderbilt.edu/tn/baskauf/tquve--flfemale19689.jpg,https://bioimages.vanderbilt.edu/gq/baskauf/gquve--flfemale19689.jpg,
baskauf/19643,baskauf_19643.jpg,Quercus velutina,black oak,Fagaceae,flower,inflorescence,whole - male,010503,inflorescence / whole - male,flower,vanderbilt/7-313,2003-04-07T12:07:15-05:00,Steven J. Baskauf,https://bioimages.vanderbilt.edu/baskauf/19643,https://bioimages.vanderbilt.edu/tn/baskauf/tquve--flmale19643.jpg,https://bioimages.vanderbilt.edu/gq/baskauf/gquve--flmale19643.jpg,
baskauf/19669,baskauf_19669.jpg,Quercus velutina,black oak,Fagaceae,flower,inflorescence,whole - unspecified,010501,inflorescence / whole - unspecified,flower,vanderbilt/7-313,2003-04-07T15:23:12-05:00,Steven J. Baskauf,https://bioimages.vanderbilt.edu/baskauf/19669,https://bioimages.vanderbilt.edu/tn/baskauf/tquve--fl19669.jpg,https://bioimages.vanderbilt.edu/gq/baskauf/gquve--fl19669.jpg,unspecified view
baskauf/16016,baskauf_16016.jpg,Quercus velutina,black oak,Fagaceae,fruit,fruit,lateral or general close-up,010602,fruit / lateral or general close-up,fruit,vanderbilt/7-313,2002-09-27T16:01:07-05:00,Steven J. Baskauf,https://bioimages.vanderbilt.edu/baskauf/16016,https://bioimages.vanderbilt.edu/tn/baskauf/tquve--fr16016.jpg,https://bioimages.vanderbilt.edu/gq/baskauf/gquve--fr16016.jpg,
baskauf/12804,baskauf_12804.jpg,Rhus aromatica,fragrant sumac,Anacardiaceae,whole plant,whole tree (or vine),general,010101,whole tree (or vine) / general,whole-tree,ind-baskauf/12804,2002-06-18T10:57:27-05:00,Steven J. Baskauf,https://bioimages.vanderbilt.edu/baskauf/12804,https://bioimages.vanderbilt.edu/tn/baskauf/trhar4-wpsmall12804.jpg,https://bioimages.vanderbilt.edu/gq/baskauf/grhar4-wpsmall12804.jpg,
baskauf/12928,baskauf_12928.jpg,Rhus aromatica,fragrant sumac,Anacardiaceae,whole plant,whole tree (or vine),general,010101,whole tree (or vine) / general,whole-tree,ind-baskauf/12928,2002-06-18T12:02:15-05:00,Steven J. Baskauf,https://bioimages.vanderbilt.edu/baskauf/12928,https://bioimages.vanderbilt.edu/tn/baskauf/trhar4-wpshrub12928.jpg,https://bioimages.vanderbilt.edu/gq/baskauf/grhar4-wpshrub12928.jpg,
baskauf/32255,baskauf_32255.jpg,Rhus aromatica,fragrant sumac,Anacardiaceae,whole plant,whole tree (or vine),winter,010102,whole tree (or vine) / winter,whole-tree,ind-baskauf/32253,2004-04-07T10:52:49-05:00,Steven J. Baskauf,https://bioimages.vanderbilt.edu/baskauf/32255,https://bioimages.vanderbilt.edu/tn/baskauf/trhar4-wpin-bloom32255.jpg,https://bioimages.vanderbilt.edu/gq/baskauf/grhar4-wpin-bloom32255.jpg,
baskauf/21914,baskauf_21914.jpg,Rhus aromatica,fragrant sumac,Anacardiaceae,bark,bark,of a small tree or small branch,010203,bark / of a small tree or small branch,bark,ind-baskauf/21893,2003-04-23T11:41:32-05:00,Steven J. Baskauf,https://bioimages.vanderbilt.edu/baskauf/21914,https://bioimages.vanderbilt.edu/tn/baskauf/trhar4-br21914.jpg,https://bioimages.vanderbilt.edu/gq/baskauf/grhar4-br21914.jpg,
baskauf/21906,baskauf_21906.jpg,Rhus aromatica,fragrant sumac,Anacardiaceae,twig,twig,winter overall,010302,twig / winter overall,twig,ind-baskauf/21893,2003-04-23T11:40:00-05:00,Steven J. Baskauf,https://bioimages.vanderbilt.edu/baskauf/21906,https://bioimages.vanderbilt.edu/tn/baskauf/trhar4-tw21906.jpg,https://bioimages.vanderbilt.edu/gq/baskauf/grhar4-tw21906.jpg,
baskauf/52662,baskauf_52662.jpg,Rhus aromatica,fragrant sumac,Anacardiaceae,leaf,leaf,margin of upper + lower surface,010402,leaf / margin of upper + lower surface,leaf,ind-baskauf/52661,2006-06-11T06:54:32-05:00,Steven J. Baskauf,https://bioimages.vanderbilt.edu/baskauf/52662,https://bioimages.vanderbilt.edu/tn/baskauf/trhar4-lfmargin-uplow52662.jpg,https://bioimages.vanderbilt.edu/gq/baskauf/grhar4-lfmargin-uplow52662.jpg,
baskauf/12703,baskauf_12703.jpg,Rhus aromatica,fragrant sumac,Anacardiaceae,leaf,leaf,whole upper surface,010401,leaf / whole upper surface,leaf,ind-baskauf/12698,2002-06-18T09:30:43-05:00,Steven J. Baskauf,https://bioimages.vanderbilt.edu/baskauf/12703,https://bioimages.vanderbilt.edu/tn/baskauf/trhar4-lf12703.jpg,https://bioimages.vanderbilt.edu/gq/baskauf/grhar4-lf12703.jpg,
baskauf/32173,baskauf_32173.jpg,Rhus aromatica,fragrant sumac,Anacardiaceae,flower,inflorescence,unspecified,010500,inflorescence / unspecified,flower,ind-baskauf/32172,2004-04-07T08:53:39-05:00,Steven J. Baskauf,https://bioimages.vanderbilt.edu/baskauf/32173,https://bioimages.vanderbilt.edu/tn/baskauf/trhar4-fldevel32173.jpg,https://bioimages.vanderbilt.edu/gq/baskauf/grhar4-fldevel32173.jpg,unspecified view
baskauf/32257,baskauf_32257.jpg,Rhus aromatica,fragrant sumac,Anacardiaceae,flower,inflorescence,whole - unspecified,010501,inflorescence / whole - unspecified,flower,ind-baskauf/32253,2004-04-07T10:53:13-05:00,Steven J. Baskauf,https://bioimages.vanderbilt.edu/baskauf/32257,https://bioimages.vanderbilt.edu/tn/baskauf/trhar4-fl32257.jpg,https://bioimages.vanderbilt.edu/gq/baskauf/grhar4-fl32257.jpg,unspecified view
baskauf/12700,baskauf_12700.jpg,Rhus aromatica,fragrant sumac,Anacardiaceae,fruit,fruit,as borne on the plant,010601,fruit / as borne on the plant,fruit,ind-baskauf/12698,2002-06-18T09:26:41-05:00,Steven J. Baskauf,https://bioimages.vanderbilt.edu/baskauf/12700,https://bioimages.vanderbilt.edu/tn/baskauf/trhar4-fr12700.jpg,https://bioimages.vanderbilt.edu/gq/baskauf/grhar4-fr12700.jpg,
baskauf/52663,baskauf_52663.jpg,Rhus aromatica,fragrant sumac,Anacardiaceae,fruit,fruit,as borne on the plant,010601,fruit / as borne on the plant,fruit,ind-baskauf/52661,2006-06-11T06:54:41-05:00,Steven J. Baskauf,https://bioimages.vanderbilt.edu/baskauf/52663,https://bioimages.vanderbilt.edu/tn/baskauf/trhar4-fr52663.jpg,https://bioimages.vanderbilt.edu/gq/baskauf/grhar4-fr52663.jpg,
hessd/e5353,hessd_e5353.jpg,Rhus aromatica,fragrant sumac,Anacardiaceae,fruit,fruit,as borne on the plant,010601,fruit / as borne on the plant,fruit,ind-hessd/e5353,1994-06-11,Darel Hess,https://bioimages.vanderbilt.edu/hessd/e5353,https://bioimages.vanderbilt.edu/tn/hessd/trhar4-fr940529a-19e5353.jpg,https://bioimages.vanderbilt.edu/gq/hessd/grhar4-fr940529a-19e5353.jpg,
baskauf/21894,baskauf_21894.jpg,Rhus aromatica,fragrant sumac,Anacardiaceae,fruit,fruit,immature,010604,fruit / immature,fruit,ind-baskauf/21893,2003-04-23T11:36:58-05:00,Steven J. Baskauf,https://bioimages.vanderbilt.edu/baskauf/21894,https://bioimages.vanderbilt.edu/tn/baskauf/trhar4-frdevel21894.jpg,https://bioimages.vanderbilt.edu/gq/baskauf/grhar4-frdevel21894.jpg,
baskauf/12698,baskauf_12698.jpg,Rhus aromatica,fragrant sumac,Anacardiaceae,fruit,fruit,lateral or general close-up,010602,fruit / lateral or general close-up,fruit,ind-baskauf/12698,2002-06-18T09:25:47-05:00,Steven J. Baskauf,https://bioimages.vanderbilt.edu/baskauf/12698,https://bioimages.vanderbilt.edu/tn/baskauf/trhar4-frcloseup12698.jpg,https://bioimages.vanderbilt.edu/gq/baskauf/grhar4-frcloseup12698.jpg,
baskauf/13534,baskauf_13534.jpg,Rhus copallinum,winged sumac,Anacardiaceae,whole plant,whole tree (or vine),general,010101,whole tree (or vine) / general,whole-tree,ind-baskauf/13534,2002-07-04T08:28:12-05:00,Steven J. Baskauf,https://bioimages.vanderbilt.edu/baskauf/13534,https://bioimages.vanderbilt.edu/tn/baskauf/trhcol2wpin-flower13534.jpg,https://bioimages.vanderbilt.edu/gq/baskauf/grhcol2wpin-flower13534.jpg,
baskauf/15444,baskauf_15444.jpg,Rhus copallinum,winged sumac,Anacardiaceae,whole plant,whole tree (or vine),general,010101,whole tree (or vine) / general,whole-tree,ind-baskauf/15444,2002-09-14T17:20:01-05:00,Steven J. Baskauf,https://bioimages.vanderbilt.edu/baskauf/15444,https://bioimages.vanderbilt.edu/tn/baskauf/trhcol2wp15444.jpg,https://bioimages.vanderbilt.edu/gq/baskauf/grhcol2wp15444.jpg,
baskauf/16684,baskauf_16684.jpg,Rhus copallinum,winged sumac,Anacardiaceae,whole plant,whole tree (or vine),general,010101,whole tree (or vine) / general,whole-tree,ind-baskauf/13534,2002-10-30T08:54:45-06:00,Steven J. Baskauf,https://bioimages.vanderbilt.edu/baskauf/16684,https://bioimages.vanderbilt.edu/tn/baskauf/trhcol2wpfall-color16684.jpg,https://bioimages.vanderbilt.edu/gq/baskauf/grhcol2wpfall-color16684.jpg,
baskauf/54517,baskauf_54517.jpg,Rhus copallinum,winged sumac,Anacardiaceae,whole plant,whole tree (or vine),general,010101,whole tree (or vine) / general,whole-tree,ind-baskauf/10419,2006-07-24T15:25:23-05:00,Steven J. Baskauf,https://bioimages.vanderbilt.edu/baskauf/54517,https://bioimages.vanderbilt.edu/tn/baskauf/trhcol2wpin-flower54517.jpg,https://bioimages.vanderbilt.edu/gq/baskauf/grhcol2wpin-flower54517.jpg,
baskauf/13540,baskauf_13540.jpg,Rhus copallinum,winged sumac,Anacardiaceae,bark,bark,of a medium tree or large branch,010202,bark / of a medium tree or large branch,bark,ind-baskauf/13534,2002-07-04T08:30:04-05:00,Steven J. Baskauf,https://bioimages.vanderbilt.edu/baskauf/13540,https://bioimages.vanderbilt.edu/tn/baskauf/trhcol2br13540.jpg,https://bioimages.vanderbilt.edu/gq/baskauf/grhcol2br13540.jpg,
baskauf/12585,baskauf_12585.jpg,Rhus copallinum,winged sumac,Anacardiaceae,twig,twig,orientation of petioles,010301,twig / orientation of petioles,twig,ind-baskauf/12580,2002-06-14T14:22:17-05:00,Steven J. Baskauf,https://bioimages.vanderbilt.edu/baskauf/12585,https://bioimages.vanderbilt.edu/tn/baskauf/trhcol2twpetiole12585.jpg,https://bioimages.vanderbilt.edu/gq/baskauf/grhcol2twpetiole12585.jpg,
baskauf/10942,baskauf_10942.jpg,Rhus copallinum,winged sumac,Anacardiaceae,twig,twig,winter overall,010302,twig / winter overall,twig,ind-baskauf/10938,2002-05-14T10:57:43-05:00,Steven J. Baskauf,https://bioimages.vanderbilt.edu/baskauf/10942,https://bioimages.vanderbilt.edu/tn/baskauf/trhcol2twclose10942.jpg,https://bioimages.vanderbilt.edu/gq/baskauf/grhcol2twclose10942.jpg,
baskauf/12583,baskauf_12583.jpg,Rhus copallinum,winged sumac,Anacardiaceae,leaf,leaf,margin of upper + lower surface,010402,leaf / margin of upper + lower surface,leaf,ind-baskauf/12580,2002-06-14T14:16:16-05:00,Steven J. Baskauf,https://bioimages.vanderbilt.edu/baskauf/12583,https://bioimages.vanderbilt.edu/tn/baskauf/trhcol2lfupper-lower12583.jpg,https://bioimages.vanderbilt.edu/gq/baskauf/grhcol2lfupper-lower12583.jpg,
baskauf/30099,baskauf_30099.jpg,Rhus copallinum,winged sumac,Anacardiaceae,leaf,leaf,margin of upper + lower surface,010402,leaf / margin of upper + lower surface,leaf,ind-baskauf/30092,2003-10-08T10:23:21-05:00,Steven J. Baskauf,https://bioimages.vanderbilt.edu/baskauf/30099,https://bioimages.vanderbilt.edu/tn/baskauf/trhcol2lfmargin-uplow30099.jpg,https://bioimages.vanderbilt.edu/gq/baskauf/grhcol2lfmargin-uplow30099.jpg,
baskauf/10938,baskauf_10938.jpg,Rhus copallinum,winged sumac,Anacardiaceae,leaf,leaf,showing orientation on twig,010403,leaf / showing orientation on twig,leaf,ind-baskauf/10938,2002-05-14T10:54:04-05:00,Steven J. Baskauf,https://bioimages.vanderbilt.edu/baskauf/10938,https://bioimages.vanderbilt.edu/tn/baskauf/trhcol2lfseveral10938.jpg,https://bioimages.vanderbilt.edu/gq/baskauf/grhcol2lfseveral10938.jpg,
baskauf/12580,baskauf_12580.jpg,Rhus copallinum,winged sumac,Anacardiaceae,leaf,leaf,showing orientation on twig,010403,leaf / showing orientation on twig,leaf,ind-baskauf/12580,2002-06-14T14:14:50-05:00,Steven J. Baskauf,https://bioimages.vanderbilt.edu/baskauf/12580,https://bioimages.vanderbilt.edu/tn/baskauf/trhcol2lfseveral12580.jpg,https://bioimages.vanderbilt.edu/gq/baskauf/grhcol2lfseveral12580.jpg,
baskauf/16724,baskauf_16724.jpg,Rhus copallinum,winged sumac,Anacardiaceae,leaf,leaf,showing orientation on twig,010403,leaf / showing orientation on twig,leaf,ind-baskauf/13534,2002-11-02T12:48:26-06:00,Steven J. Baskauf,https://bioimages.vanderbilt.edu/baskauf/16724,https://bioimages.vanderbilt.edu/tn/baskauf/trhcol2lffall16724.jpg,https://bioimages.vanderbilt.edu/gq/baskauf/grhcol2lffall16724.jpg,
baskauf/10939,baskauf_10939.jpg,Rhus copallinum,winged sumac,Anacardiaceae,leaf,leaf,whole upper surface,010401,leaf / whole upper surface,leaf,ind-baskauf/10938,2002-05-14T10:54:37-05:00,Steven J. Baskauf,https://bioimages.vanderbilt.edu/baskauf/10939,https://bioimages.vanderbilt.edu/tn/baskauf/trhcol2lf10939.jpg,https://bioimages.vanderbilt.edu/gq/baskauf/grhcol2lf10939.jpg,
baskauf/30096,baskauf_30096.jpg,Rhus copallinum,winged sumac,Anacardiaceae,leaf,leaf,whole upper surface,010401,leaf / whole upper surface,leaf,ind-baskauf/30092,2003-10-08T10:22:15-05:00,Steven J. Baskauf,https://bioimages.vanderbilt.edu/baskauf/30096,https://bioimages.vanderbilt.edu/tn/baskauf/trhcol2lf30096.jpg,https://bioimages.vanderbilt.edu/gq/baskauf/grhcol2lf30096.jpg,
baskauf/54528,baskauf_54528.jpg,Rhus copallinum,winged sumac,Anacardiaceae,flower,inflorescence,frontal view of flower,010505,inflorescence / frontal view of flower,flower,ind-baskauf/10419,2006-07-24T15:27:38-05:00,Steven J. Baskauf,https://bioimages.vanderbilt.edu/baskauf/54528,https://bioimages.vanderbilt.edu/tn/baskauf/trhcol2fl54528.jpg,https://bioimages.vanderbilt.edu/gq/baskauf/grhcol2fl54528.jpg,
baskauf/13535,baskauf_13535.jpg,Rhus copallinum,winged sumac,Anacardiaceae,flower,inflorescence,whole - unspecified,010501,inflorescence / whole - unspecified,flower,ind-baskauf/13534,2002-07-04T08:28:36-05:00,Steven J. Baskauf,https://bioimages.vanderbilt.edu/baskauf/13535,https://bioimages.vanderbilt.edu/tn/baskauf/trhcol2flinflor-close13535.jpg,https://bioimages.vanderbilt.edu/gq/baskauf/grhcol2flinflor-close13535.jpg,unspecified view
baskauf/13537,baskauf_13537.jpg,Rhus copallinum,winged sumac,Anacardiaceae,flower,inflorescence,whole - unspecified,010501,inflorescence / whole - unspecified,flower,ind-baskauf/13534,2002-07-04T08:28:57-05:00,Steven J. Baskauf,https://bioimages.vanderbilt.edu/baskauf/13537,https://bioimages.vanderbilt.edu/tn/baskauf/trhcol2flinflor13537.jpg,https://bioimages.vanderbilt.edu/gq/baskauf/grhcol2flinflor13537.jpg,unspecified view
baskauf/54519,baskauf_54519.jpg,Rhus copallinum,winged sumac,Anacardiaceae,flower,inflorescence,whole - unspecified,010501,inflorescence / whole - unspecified,flower,ind-baskauf/10419,2006-07-24T15:25:36-05:00,Steven J. Baskauf,https://bioimages.vanderbilt.edu/baskauf/54519,https://bioimages.vanderbilt.edu/tn/baskauf/trhcol2flinflor-distant54519.jpg,https://bioimages.vanderbilt.edu/gq/baskauf/grhcol2flinflor-distant54519.jpg,unspecified view
baskauf/54525,baskauf_54525.jpg,Rhus copallinum,winged sumac,Anacardiaceae,flower,inflorescence,whole - unspecified,010501,inflorescence / whole - unspecified,flower,ind-baskauf/10419,2006-07-24T15:26:41-05:00,Steven J. Baskauf,https://bioimages.vanderbilt.edu/baskauf/54525,https://bioimages.vanderbilt.edu/tn/baskauf/trhcol2flinflor54525.jpg,https://bioimages.vanderbilt.edu/gq/baskauf/grhcol2flinflor54525.jpg,unspecified view
baskauf/54532,baskauf_54532.jpg,Rhus copallinum,winged sumac,Anacardiaceae,flower,inflorescence,whole - unspecified,010501,inflorescence / whole - unspecified,flower,ind-baskauf/10419,2006-07-24T15:28:32-05:00,Steven J. Baskauf,https://bioimages.vanderbilt.edu/baskauf/54532,https://bioimages.vanderbilt.edu/tn/baskauf/trhcol2flinflor54532.jpg,https://bioimages.vanderbilt.edu/gq/baskauf/grhcol2flinflor54532.jpg,unspecified view
baskauf/10420,baskauf_10420.jpg,Rhus copallinum,winged sumac,Anacardiaceae,fruit,fruit,as borne on the plant,010601,fruit / as borne on the plant,fruit,ind-baskauf/10420,2002-03-29T08:53:39-06:00,Steven J. Baskauf,https://bioimages.vanderbilt.edu/baskauf/10420,https://bioimages.vanderbilt.edu/tn/baskauf/trhcol2frdistant10420.jpg,https://bioimages.vanderbilt.edu/gq/baskauf/grhcol2frdistant10420.jpg,
baskauf/15445,baskauf_15445.jpg,Rhus copallinum,winged sumac,Anacardiaceae,fruit,fruit,as borne on the plant,010601,fruit / as borne on the plant,fruit,ind-baskauf/15444,2002-09-14T17:20:16-05:00,Steven J. Baskauf,https://bioimages.vanderbilt.edu/baskauf/15445,https://bioimages.vanderbilt.edu/tn/baskauf/trhcol2fr15445.jpg,https://bioimages.vanderbilt.edu/gq/baskauf/grhcol2fr15445.jpg,
baskauf/10419,baskauf_10419.jpg,Rhus copallinum,winged sumac,Anacardiaceae,fruit,fruit,lateral or general close-up,010602,fruit / lateral or general close-up,fruit,ind-baskauf/10419,2002-03-29T08:47:10-06:00,Steven J. Baskauf,https://bioimages.vanderbilt.edu/baskauf/10419,https://bioimages.vanderbilt.edu/tn/baskauf/trhcol2fr10419.jpg,https://bioimages.vanderbilt.edu/gq/baskauf/grhcol2fr10419.jpg,
baskauf/15448,baskauf_15448.jpg,Rhus copallinum,winged sumac,Anacardiaceae,fruit,fruit,lateral or general close-up,010602,fruit / lateral or general close-up,fruit,ind-baskauf/15444,2002-09-14T17:20:57-05:00,Steven J. Baskauf,https://bioimages.vanderbilt.edu/baskauf/15448,https://bioimages.vanderbilt.edu/tn/baskauf/trhcol2frcloseup15448.jpg,https://bioimages.vanderbilt.edu/gq/baskauf/grhcol2frcloseup15448.jpg,
baskauf/12538,baskauf_12538.jpg,Rhus glabra,smooth sumac,Anacardiaceae,whole plant,whole tree (or vine),general,010101,whole tree (or vine) / general,whole-tree,ind-baskauf/10414,2002-06-14T13:55:10-05:00,Steven J. Baskauf,https://bioimages.vanderbilt.edu/baskauf/12538,https://bioimages.vanderbilt.edu/tn/baskauf/trhgl--flin-flower12538.jpg,https://bioimages.vanderbilt.edu/gq/baskauf/grhgl--flin-flower12538.jpg,
baskauf/15477,baskauf_15477.jpg,Rhus glabra,smooth sumac,Anacardiaceae,whole plant,whole tree (or vine),general,010101,whole tree (or vine) / general,whole-tree,ind-baskauf/15477,2002-09-15T14:18:29-05:00,Steven J. Baskauf,https://bioimages.vanderbilt.edu/baskauf/15477,https://bioimages.vanderbilt.edu/tn/baskauf/trhgl--wp15477.jpg,https://bioimages.vanderbilt.edu/gq/baskauf/grhgl--wp15477.jpg,
baskauf/17339,baskauf_17339.jpg,Rhus glabra,smooth sumac,Anacardiaceae,bark,bark,of a medium tree or large branch,010202,bark / of a medium tree or large branch,bark,ind-baskauf/10414,2003-03-03T10:27:15-06:00,Steven J. Baskauf,https://bioimages.vanderbilt.edu/baskauf/17339,https://bioimages.vanderbilt.edu/tn/baskauf/trhgl--br17339.jpg,https://bioimages.vanderbilt.edu/gq/baskauf/grhgl--br17339.jpg,
baskauf/10941,baskauf_10941.jpg,Rhus glabra,smooth sumac,Anacardiaceae,twig,twig,close-up winter leaf scar/bud,010303,twig / close-up winter leaf scar/bud,twig,ind-baskauf/10414,2002-05-14T10:56:26-05:00,Steven J. Baskauf,https://bioimages.vanderbilt.edu/baskauf/10941,https://bioimages.vanderbilt.edu/tn/baskauf/trhgl--tw10941.jpg,https://bioimages.vanderbilt.edu/gq/baskauf/grhgl--tw10941.jpg,
baskauf/10934,baskauf_10934.jpg,Rhus glabra,smooth sumac,Anacardiaceae,twig,twig,orientation of petioles,010301,twig / orientation of petioles,twig,ind-baskauf/10414,2002-05-14T10:48:31-05:00,Steven J. Baskauf,https://bioimages.vanderbilt.edu/baskauf/10934,https://bioimages.vanderbilt.edu/tn/baskauf/trhgl--tw10934.jpg,https://bioimages.vanderbilt.edu/gq/baskauf/grhgl--tw10934.jpg,
baskauf/12572,baskauf_12572.jpg,Rhus glabra,smooth sumac,Anacardiaceae,twig,twig,orientation of petioles,010301,twig / orientation of petioles,twig,ind-baskauf/10414,2002-06-14T14:12:04-05:00,Steven J. Baskauf,https://bioimages.vanderbilt.edu/baskauf/12572,https://bioimages.vanderbilt.edu/tn/baskauf/trhgl--twwaxy-petio12572.jpg,https://bioimages.vanderbilt.edu/gq/baskauf/grhgl--twwaxy-petio12572.jpg,
baskauf/10937,baskauf_10937.jpg,Rhus glabra,smooth sumac,Anacardiaceae,twig,twig,winter overall,010302,twig / winter overall,twig,ind-baskauf/10414,2002-05-14T10:52:14-05:00,Steven J. Baskauf,https://bioimages.vanderbilt.edu/baskauf/10937,https://bioimages.vanderbilt.edu/tn/baskauf/trhgl--twsap10937.jpg,https://bioimages.vanderbilt.edu/gq/baskauf/grhgl--twsap10937.jpg,
baskauf/12578,baskauf_12578.jpg,Rhus glabra,smooth sumac,Anacardiaceae,leaf,leaf,margin of upper + lower surface,010402,leaf / margin of upper + lower surface,leaf,ind-baskauf/10414,2002-06-14T14:13:04-05:00,Steven J. Baskauf,https://bioimages.vanderbilt.edu/baskauf/12578,https://bioimages.vanderbilt.edu/tn/baskauf/trhgl--lfupper-lower12578.jpg,https://bioimages.vanderbilt.edu/gq/baskauf/grhgl--lfupper-lower12578.jpg,
baskauf/29771,baskauf_29771.jpg,Rhus glabra,smooth sumac,Anacardiaceae,leaf,leaf,margin of upper + lower surface,010402,leaf / margin of upper + lower surface,leaf,ind-baskauf/10414,2003-10-02T17:45:08-05:00,Steven J. Baskauf,https://bioimages.vanderbilt.edu/baskauf/29771,https://bioimages.vanderbilt.edu/tn/baskauf/trhgl--lfmargin-uplow29771.jpg,https://bioimages.vanderbilt.edu/gq/baskauf/grhgl--lfmargin-uplow29771.jpg,
baskauf/10936,baskauf_10936.jpg,Rhus glabra,smooth sumac,Anacardiaceae,leaf,leaf,showing orientation on twig,010403,leaf / showing orientation on twig,leaf,ind-baskauf/10414,2002-05-14T10:51:37-05:00,Steven J. Baskauf,https://bioimages.vanderbilt.edu/baskauf/10936,https://bioimages.vanderbilt.edu/tn/baskauf/trhgl--lfseveral10936.jpg,https://bioimages.vanderbilt.edu/gq/baskauf/grhgl--lfseveral10936.jpg,
baskauf/10935,baskauf_10935.jpg,Rhus glabra,smooth sumac,Anacardiaceae,leaf,leaf,whole upper surface,010401,leaf / whole upper surface,leaf,ind-baskauf/10414,2002-05-14T10:49:45-05:00,Steven J. Baskauf,https://bioimages.vanderbilt.edu/baskauf/10935,https://bioimages.vanderbilt.edu/tn/baskauf/trhgl--lf10935.jpg,https://bioimages.vanderbilt.edu/gq/baskauf/grhgl--lf10935.jpg,
baskauf/29766,baskauf_29766.jpg,Rhus glabra,smooth sumac,Anacardiaceae,leaf,leaf,whole upper surface,010401,leaf / whole upper surface,leaf,ind-baskauf/10414,2003-10-02T17:43:17-05:00,Steven J. Baskauf,https://bioimages.vanderbilt.edu/baskauf/29766,https://bioimages.vanderbilt.edu/tn/baskauf/trhgl--lf29766.jpg,https://bioimages.vanderbilt.edu/gq/baskauf/grhgl--lf29766.jpg,
baskauf/12567,baskauf_12567.jpg,Rhus glabra,smooth sumac,Anacardiaceae,flower,inflorescence,frontal view of flower,010505,inflorescence / frontal view of flower,flower,ind-baskauf/10414,2002-06-14T14:09:04-05:00,Steven J. Baskauf,https://bioimages.vanderbilt.edu/baskauf/12567,https://bioimages.vanderbilt.edu/tn/baskauf/trhgl--flclose12567.jpg,https://bioimages.vanderbilt.edu/gq/baskauf/grhgl--flclose12567.jpg,
baskauf/12560,baskauf_12560.jpg,Rhus glabra,smooth sumac,Anacardiaceae,flower,inflorescence,whole - unspecified,010501,inflorescence / whole - unspecified,flower,ind-baskauf/10414,2002-06-14T14:06:27-05:00,Steven J. Baskauf,https://bioimages.vanderbilt.edu/baskauf/12560,https://bioimages.vanderbilt.edu/tn/baskauf/trhgl--flinflor12560.jpg,https://bioimages.vanderbilt.edu/gq/baskauf/grhgl--flinflor12560.jpg,unspecified view
baskauf/10414,baskauf_10414.jpg,Rhus glabra,smooth sumac,Anacardiaceae,fruit,fruit,as borne on the plant,010601,fruit / as borne on the plant,fruit,ind-baskauf/10414,2002-03-29T08:27:44-06:00,Steven J. Baskauf,https://bioimages.vanderbilt.edu/baskauf/10414,https://bioimages.vanderbilt.edu/tn/baskauf/trhgl--frdistant10414.jpg,https://bioimages.vanderbilt.edu/gq/baskauf/grhgl--frdistant10414.jpg,
baskauf/13515,baskauf_13515.jpg,Rhus glabra,smooth sumac,Anacardiaceae,fruit,fruit,as borne on the plant,020501,fruit / as borne on the plant,fruit,ind-baskauf/13515,2002-07-03T16:38:11-05:00,Steven J. Baskauf,https://bioimages.vanderbilt.edu/baskauf/13515,https://bioimages.vanderbilt.edu/tn/baskauf/trhgl--frearly-devel13515.jpg,https://bioimages.vanderbilt.edu/gq/baskauf/grhgl--frearly-devel13515.jpg,
baskauf/13516,baskauf_13516.jpg,Rhus glabra,smooth sumac,Anacardiaceae,fruit,fruit,as borne on the plant,020501,fruit / as borne on the plant,fruit,ind-baskauf/13515,2002-07-03T16:38:26-05:00,Steven J. Baskauf,https://bioimages.vanderbilt.edu/baskauf/13516,https://bioimages.vanderbilt.edu/tn/baskauf/trhgl--frlate-devel13516.jpg,https://bioimages.vanderbilt.edu/gq/baskauf/grhgl--frlate-devel13516.jpg,
baskauf/13518,baskauf_13518.jpg,Rhus glabra,smooth sumac,Anacardiaceae,fruit,fruit,immature,020504,fruit / immature,fruit,ind-baskauf/13515,2002-07-03T16:38:42-05:00,Steven J. Baskauf,https://bioimages.vanderbilt.edu/baskauf/13518,https://bioimages.vanderbilt.edu/tn/baskauf/trhgl--frdevel-close13518.jpg,https://bioimages.vanderbilt.edu/gq/baskauf/grhgl--frdevel-close13518.jpg,
baskauf/10415,baskauf_10415.jpg,Rhus glabra,smooth sumac,Anacardiaceae,fruit,fruit,lateral or general close-up,010602,fruit / lateral or general close-up,fruit,ind-baskauf/10414,2002-03-29T08:29:13-06:00,Steven J. Baskauf,https://bioimages.vanderbilt.edu/baskauf/10415,https://bioimages.vanderbilt.edu/tn/baskauf/trhgl--fr10415.jpg,https://bioimages.vanderbilt.edu/gq/baskauf/grhgl--fr10415.jpg,
baskauf/11509,baskauf_11509.jpg,Robinia pseudoacacia,black locust,Fabaceae,whole plant,whole tree (or vine),general,010101,whole tree (or vine) / general,whole-tree,ind-baskauf/11506,2002-05-30T11:54:48-04:00,Steven J. Baskauf,https://bioimages.vanderbilt.edu/baskauf/11509,https://bioimages.vanderbilt.edu/tn/baskauf/trops--wpsmall11509.jpg,https://bioimages.vanderbilt.edu/gq/baskauf/grops--wpsmall11509.jpg,
baskauf/21605,baskauf_21605.jpg,Robinia pseudoacacia,black locust,Fabaceae,whole plant,whole tree (or vine),general,010101,whole tree (or vine) / general,whole-tree,ind-baskauf/21607,2003-04-23T09:10:06-05:00,Steven J. Baskauf,https://bioimages.vanderbilt.edu/baskauf/21605,https://bioimages.vanderbilt.edu/tn/baskauf/trops--wpin-flower21605.jpg,https://bioimages.vanderbilt.edu/gq/baskauf/grops--wpin-flower21605.jpg,
baskauf/21618,baskauf_21618.jpg,Robinia pseudoacacia,black locust,Fabaceae,whole plant,whole tree (or vine),general,010101,whole tree (or vine) / general,whole-tree,ind-baskauf/21607,2003-04-23T09:23:51-05:00,Steven J. Baskauf,https://bioimages.vanderbilt.edu/baskauf/21618,https://bioimages.vanderbilt.edu/tn/baskauf/trops--wpin-flower21618.jpg,https://bioimages.vanderbilt.edu/gq/baskauf/grops--wpin-flower21618.jpg,
thomas/0486-01-02,thomas_0486-01-02.jpg,Robinia pseudoacacia,black locust,Fabaceae,whole plant,whole tree (or vine),general,010101,whole tree (or vine) / general,whole-tree,thomas/0486-01,2011-04-20T12:53:01-05:00,Ron Thomas,https://bioimages.vanderbilt.edu/thomas/0486-01-02,https://bioimages.vanderbilt.edu/tn/thomas/t0486-01-02.jpg,https://bioimages.vanderbilt.edu/gq/thomas/g0486-01-02.jpg,
baskauf/11457,baskauf_11457.jpg,Robinia pseudoacacia,black locust,Fabaceae,whole plant,whole tree (or vine),view up trunk,010103,whole tree (or vine) / view up trunk,whole-tree,ind-baskauf/11454,2002-05-30T10:44:31-04:00,Steven J. Baskauf,https://bioimages.vanderbilt.edu/baskauf/11457,https://bioimages.vanderbilt.edu/tn/baskauf/trops--wplookup-giant11457.jpg,https://bioimages.vanderbilt.edu/gq/baskauf/grops--wplookup-giant11457.jpg,
baskauf/11499,baskauf_11499.jpg,Robinia pseudoacacia,black locust,Fabaceae,whole plant,whole tree (or vine),view up trunk,010103,whole tree (or vine) / view up trunk,whole-tree,ind-baskauf/11498,2002-05-30T11:42:30-04:00,Steven J. Baskauf,https://bioimages.vanderbilt.edu/baskauf/11499,https://bioimages.vanderbilt.edu/tn/baskauf/trops--wplookup-large11499.jpg,https://bioimages.vanderbilt.edu/gq/baskauf/grops--wplookup-large11499.jpg,
baskauf/11504,baskauf_11504.jpg,Robinia pseudoacacia,black locust,Fabaceae,whole plant,whole tree (or vine),view up trunk,010103,whole tree (or vine) / view up trunk,whole-tree,ind-baskauf/11504,2002-05-30T11:44:51-04:00,Steven J. Baskauf,https://bioimages.vanderbilt.edu/baskauf/11504,https://bioimages.vanderbilt.edu/tn/baskauf/trops--wplarge-trunks11504.jpg,https://bioimages.vanderbilt.edu/gq/baskauf/grops--wplarge-trunks11504.jpg,
baskauf/11454,baskauf_11454.jpg,Robinia pseudoacacia,black locust,Fabaceae,bark,bark,of a large tree,010201,bark / of a large tree,bark,ind-baskauf/11454,2002-05-30T10:42:42-04:00,Steven J. Baskauf,https://bioimages.vanderbilt.edu/baskauf/11454,https://bioimages.vanderbilt.edu/tn/baskauf/trops--brgiant11454.jpg,https://bioimages.vanderbilt.edu/gq/baskauf/grops--brgiant11454.jpg,
baskauf/11458,baskauf_11458.jpg,Robinia pseudoacacia,black locust,Fabaceae,bark,bark,of a large tree,010201,bark / of a large tree,bark,ind-baskauf/11454,2002-05-30T10:45:18-04:00,Steven J. Baskauf,https://bioimages.vanderbilt.edu/baskauf/11458,https://bioimages.vanderbilt.edu/tn/baskauf/trops--brgiant11458.jpg,https://bioimages.vanderbilt.edu/gq/baskauf/grops--brgiant11458.jpg,
baskauf/11498,baskauf_11498.jpg,Robinia pseudoacacia,black locust,Fabaceae,bark,bark,of a large tree,010201,bark / of a large tree,bark,ind-baskauf/11498,2002-05-30T11:42:20-04:00,Steven J. Baskauf,https://bioimages.vanderbilt.edu/baskauf/11498,https://bioimages.vanderbilt.edu/tn/baskauf/trops--wplarge-trunk11498.jpg,https://bioimages.vanderbilt.edu/gq/baskauf/grops--wplarge-trunk11498.jpg,
baskauf/11505,baskauf_11505.jpg,Robinia pseudoacacia,black locust,Fabaceae,bark,bark,of a large tree,010201,bark / of a large tree,bark,ind-baskauf/11504,2002-05-30T11:45:13-04:00,Steven J. Baskauf,https://bioimages.vanderbilt.edu/baskauf/11505,https://bioimages.vanderbilt.edu/tn/baskauf/trops--brlarge11505.jpg,https://bioimages.vanderbilt.edu/gq/baskauf/grops--brlarge11505.jpg,
thomas/0486-01-06,thomas_0486-01-06.jpg,Robinia pseudoacacia,black locust,Fabaceae,bark,bark,of a small tree or small branch,010203,bark / of a small tree or small branch,bark,thomas/0486-01,2011-04-20T12:30:46-05:00,Ron Thomas,https://bioimages.vanderbilt.edu/thomas/0486-01-06,https://bioimages.vanderbilt.edu/tn/thomas/t0486-01-06.jpg,https://bioimages.vanderbilt.edu/gq/thomas/g0486-01-06.jpg,
baskauf/11632,baskauf_11632.jpg,Robinia pseudoacacia,black locust,Fabaceae,twig,twig,orientation of petioles,010301,twig / orientation of petioles,twig,ind-baskauf/11632,2002-06-01T12:23:08-04:00,Steven J. Baskauf,https://bioimages.vanderbilt.edu/baskauf/11632,https://bioimages.vanderbilt.edu/tn/baskauf/trops--twthorns11632.jpg,https://bioimages.vanderbilt.edu/gq/baskauf/grops--twthorns11632.jpg,
baskauf/11633,baskauf_11633.jpg,Robinia pseudoacacia,black locust,Fabaceae,twig,twig,orientation of petioles,010301,twig / orientation of petioles,twig,ind-baskauf/11632,2002-06-01T12:24:02-04:00,Steven J. Baskauf,https://bioimages.vanderbilt.edu/baskauf/11633,https://bioimages.vanderbilt.edu/tn/baskauf/trops--twthorn-close11633.jpg,https://bioimages.vanderbilt.edu/gq/baskauf/grops--twthorn-close11633.jpg,
baskauf/29725,baskauf_29725.jpg,Robinia pseudoacacia,black locust,Fabaceae,twig,twig,orientation of petioles,010301,twig / orientation of petioles,twig,ind-baskauf/29725,2003-10-01T10:27:37-05:00,Steven J. Baskauf,https://bioimages.vanderbilt.edu/baskauf/29725,https://bioimages.vanderbilt.edu/tn/baskauf/trops--tw29725.jpg,https://bioimages.vanderbilt.edu/gq/baskauf/grops--tw29725.jpg,
thomas/0486-01-07,thomas_0486-01-07.jpg,Robinia pseudoacacia,black locust,Fabaceae,twig,twig,orientation of petioles,010301,twig / orientation of petioles,twig,thomas/0486-01,2011-04-20T12:32:10-05:00,Ron Thomas,https://bioimages.vanderbilt.edu/thomas/0486-01-07,https://bioimages.vanderbilt.edu/tn/thomas/t0486-01-07.jpg,https://bioimages.vanderbilt.edu/gq/thomas/g0486-01-07.jpg,
thomas/0486-01-09,thomas_0486-01-09.jpg,Robinia pseudoacacia,black locust,Fabaceae,twig,twig,unspecified,010300,twig / unspecified,twig,thomas/0486-01,2011-04-20T12:34:02-05:00,Ron Thomas,https://bioimages.vanderbilt.edu/thomas/0486-01-09,https://bioimages.vanderbilt.edu/tn/thomas/t0486-01-09.jpg,https://bioimages.vanderbilt.edu/gq/thomas/g0486-01-09.jpg,unspecified view
baskauf/15573,baskauf_15573.jpg,Robinia pseudoacacia,black locust,Fabaceae,leaf,leaf,margin of upper + lower surface,010402,leaf / margin of upper + lower surface,leaf,ind-baskauf/15573,2002-09-16T08:42:53-05:00,Steven J. Baskauf,https://bioimages.vanderbilt.edu/baskauf/15573,https://bioimages.vanderbilt.edu/tn/baskauf/trops--lfmargin-uplow15573.jpg,https://bioimages.vanderbilt.edu/gq/baskauf/grops--lfmargin-uplow15573.jpg,
baskauf/11508,baskauf_11508.jpg,Robinia pseudoacacia,black locust,Fabaceae,leaf,leaf,showing orientation on twig,010403,leaf / showing orientation on twig,leaf,ind-baskauf/11506,2002-05-30T11:54:18-04:00,Steven J. Baskauf,https://bioimages.vanderbilt.edu/baskauf/11508,https://bioimages.vanderbilt.edu/tn/baskauf/trops--lfseveral11508.jpg,https://bioimages.vanderbilt.edu/gq/baskauf/grops--lfseveral11508.jpg,
baskauf/11506,baskauf_11506.jpg,Robinia pseudoacacia,black locust,Fabaceae,leaf,leaf,whole upper surface,010401,leaf / whole upper surface,leaf,ind-baskauf/11506,2002-05-30T11:53:41-04:00,Steven J. Baskauf,https://bioimages.vanderbilt.edu/baskauf/11506,https://bioimages.vanderbilt.edu/tn/baskauf/trops--lf11506.jpg,https://bioimages.vanderbilt.edu/gq/baskauf/grops--lf11506.jpg,
baskauf/29730,baskauf_29730.jpg,Robinia pseudoacacia,black locust,Fabaceae,leaf,leaf,whole upper surface,010401,leaf / whole upper surface,leaf,ind-baskauf/29725,2003-10-01T10:30:11-05:00,Steven J. Baskauf,https://bioimages.vanderbilt.edu/baskauf/29730,https://bioimages.vanderbilt.edu/tn/baskauf/trops--lf29730.jpg,https://bioimages.vanderbilt.edu/gq/baskauf/grops--lf29730.jpg,
thomas/0486-01-04,thomas_0486-01-04.jpg,Robinia pseudoacacia,black locust,Fabaceae,leaf,leaf,whole upper surface,010401,leaf / whole upper surface,leaf,thomas/0486-01,2011-04-20T12:25:40-05:00,Ron Thomas,https://bioimages.vanderbilt.edu/thomas/0486-01-04,https://bioimages.vanderbilt.edu/tn/thomas/t0486-01-04.jpg,https://bioimages.vanderbilt.edu/gq/thomas/g0486-01-04.jpg,
thomas/0486-01-11,thomas_0486-01-11.jpg,Robinia pseudoacacia,black locust,Fabaceae,flower,inflorescence,close-up of flower interior,010507,inflorescence / close-up of flower interior,flower,thomas/0486-01,2011-04-20T12:49:58-05:00,Ron Thomas,https://bioimages.vanderbilt.edu/thomas/0486-01-11,https://bioimages.vanderbilt.edu/tn/thomas/t0486-01-11.jpg,https://bioimages.vanderbilt.edu/gq/thomas/g0486-01-11.jpg,
baskauf/21611,baskauf_21611.jpg,Robinia pseudoacacia,black locust,Fabaceae,flower,inflorescence,frontal view of flower,010505,inflorescence / frontal view of flower,flower,ind-baskauf/21607,2003-04-23T09:20:15-05:00,Steven J. Baskauf,https://bioimages.vanderbilt.edu/baskauf/21611,https://bioimages.vanderbilt.edu/tn/baskauf/trops--fl21611.jpg,https://bioimages.vanderbilt.edu/gq/baskauf/grops--fl21611.jpg,
baskauf/22004,baskauf_22004.jpg,Robinia pseudoacacia,black locust,Fabaceae,flower,inflorescence,frontal view of flower,010505,inflorescence / frontal view of flower,flower,ind-baskauf/21999,2003-04-23T12:41:22-05:00,Steven J. Baskauf,https://bioimages.vanderbilt.edu/baskauf/22004,https://bioimages.vanderbilt.edu/tn/baskauf/trops--fl22004.jpg,https://bioimages.vanderbilt.edu/gq/baskauf/grops--fl22004.jpg,
baskauf/22014,baskauf_22014.jpg,Robinia pseudoacacia,black locust,Fabaceae,flower,inflorescence,lateral view of flower,010504,inflorescence / lateral view of flower,flower,ind-baskauf/21999,2003-04-23T12:43:21-05:00,Steven J. Baskauf,https://bioimages.vanderbilt.edu/baskauf/22014,https://bioimages.vanderbilt.edu/tn/baskauf/trops--flinflor-close22014.jpg,https://bioimages.vanderbilt.edu/gq/baskauf/grops--flinflor-close22014.jpg,
thomas/0486-01-01,thomas_0486-01-01.jpg,Robinia pseudoacacia,black locust,Fabaceae,flower,inflorescence,lateral view of flower,010504,inflorescence / lateral view of flower,flower,thomas/0486-01,2011-04-20T12:19:44-05:00,Ron Thomas,https://bioimages.vanderbilt.edu/thomas/0486-01-01,https://bioimages.vanderbilt.edu/tn/thomas/t0486-01-01.jpg,https://bioimages.vanderbilt.edu/gq/thomas/g0486-01-01.jpg,
thomas/0486-01-10,thomas_0486-01-10.jpg,Robinia pseudoacacia,black locust,Fabaceae,flower,inflorescence,ventral view of flower + perianth,010506,inflorescence / ventral view of flower + perianth,flower,thomas/0486-01,2011-04-20T12:43:14-05:00,Ron Thomas,https://bioimages.vanderbilt.edu/thomas/0486-01-10,https://bioimages.vanderbilt.edu/tn/thomas/t0486-01-10.jpg,https://bioimages.vanderbilt.edu/gq/thomas/g0486-01-10.jpg,
baskauf/21608,baskauf_21608.jpg,Robinia pseudoacacia,black locust,Fabaceae,flower,inflorescence,whole - unspecified,010501,inflorescence / whole - unspecified,flower,ind-baskauf/21607,2003-04-23T09:19:16-05:00,Steven J. Baskauf,https://bioimages.vanderbilt.edu/baskauf/21608,https://bioimages.vanderbilt.edu/tn/baskauf/trops--flinflor21608.jpg,https://bioimages.vanderbilt.edu/gq/baskauf/grops--flinflor21608.jpg,unspecified view
baskauf/21999,baskauf_21999.jpg,Robinia pseudoacacia,black locust,Fabaceae,flower,inflorescence,whole - unspecified,010501,inflorescence / whole - unspecified,flower,ind-baskauf/21999,2003-04-23T12:39:30-05:00,Steven J. Baskauf,https://bioimages.vanderbilt.edu/baskauf/21999,https://bioimages.vanderbilt.edu/tn/baskauf/trops--flinflor21999.jpg,https://bioimages.vanderbilt.edu/gq/baskauf/grops--flinflor21999.jpg,unspecified view
thomas/0486-01-03,thomas_0486-01-03.jpg,Robinia pseudoacacia,black locust,Fabaceae,flower,inflorescence,whole - unspecified,010501,inflorescence / whole - unspecified,flower,thomas/0486-01,2011-04-20T12:26:07-05:00,Ron Thomas,https://bioimages.vanderbilt.edu/thomas/0486-01-03,https://bioimages.vanderbilt.edu/tn/thomas/t0486-01-03.jpg,https://bioimages.vanderbilt.edu/gq/thomas/g0486-01-03.jpg,unspecified view
thomas/0486-01-05,thomas_0486-01-05.jpg,Robinia pseudoacacia,black locust,Fabaceae,flower,inflorescence,whole - unspecified,010501,inflorescence / whole - unspecified,flower,thomas/0486-01,2011-04-20T12:31:36-05:00,Ron Thomas,https://bioimages.vanderbilt.edu/thomas/0486-01-05,https://bioimages.vanderbilt.edu/tn/thomas/t0486-01-05.jpg,https://bioimages.vanderbilt.edu/gq/thomas/g0486-01-05.jpg,unspecified view
baskauf/15353,baskauf_15353.jpg,Robinia pseudoacacia,black locust,Fabaceae,fruit,fruit,as borne on the plant,010601,fruit / as borne on the plant,fruit,ind-baskauf/15353,2002-09-13T08:52:10-05:00,Steven J. Baskauf,https://bioimages.vanderbilt.edu/baskauf/15353,https://bioimages.vanderbilt.edu/tn/baskauf/trops--fr15353.jpg,https://bioimages.vanderbilt.edu/gq/baskauf/grops--fr15353.jpg,
thomas/0486-01-08,thomas_0486-01-08.jpg,Robinia pseudoacacia,black locust,Fabaceae,fruit,fruit,as borne on the plant,010601,fruit / as borne on the plant,fruit,thomas/0486-01,2011-04-20T12:56:51-05:00,Ron Thomas,https://bioimages.vanderbilt.edu/thomas/0486-01-08,https://bioimages.vanderbilt.edu/tn/thomas/t0486-01-08.jpg,https://bioimages.vanderbilt.edu/gq/thomas/g0486-01-08.jpg,
baskauf/15356,baskauf_15356.jpg,Robinia pseudoacacia,black locust,Fabaceae,fruit,fruit,lateral or general close-up,010602,fruit / lateral or general close-up,fruit,ind-baskauf/15353,2002-09-13T08:53:49-05:00,Steven J. Baskauf,https://bioimages.vanderbilt.edu/baskauf/15356,https://bioimages.vanderbilt.edu/tn/baskauf/trops--frcloseup15356.jpg,https://bioimages.vanderbilt.edu/gq/baskauf/grops--frcloseup15356.jpg,
baskauf/13574,baskauf_13574.jpg,Salix nigra,black willow,Salicaceae,whole plant,whole tree (or vine),general,010101,whole tree (or vine) / general,whole-tree,ind-baskauf/13574,2002-07-11T09:23:21-05:00,Steven J. Baskauf,https://bioimages.vanderbilt.edu/baskauf/13574,https://bioimages.vanderbilt.edu/tn/baskauf/tsani--wplarge13574.jpg,https://bioimages.vanderbilt.edu/gq/baskauf/gsani--wplarge13574.jpg,
baskauf/23002,baskauf_23002.jpg,Salix nigra,black willow,Salicaceae,whole plant,whole tree (or vine),general,010101,whole tree (or vine) / general,whole-tree,ind-baskauf/22997,2003-05-01T08:22:47-05:00,Steven J. Baskauf,https://bioimages.vanderbilt.edu/baskauf/23002,https://bioimages.vanderbilt.edu/tn/baskauf/tsani--wp23002.jpg,https://bioimages.vanderbilt.edu/gq/baskauf/gsani--wp23002.jpg,
baskauf/13594,baskauf_13594.jpg,Salix nigra,black willow,Salicaceae,whole plant,whole tree (or vine),view up trunk,010103,whole tree (or vine) / view up trunk,whole-tree,ind-baskauf/13574,2002-07-11T09:34:14-05:00,Steven J. Baskauf,https://bioimages.vanderbilt.edu/baskauf/13594,https://bioimages.vanderbilt.edu/tn/baskauf/tsani--wplookup13594.jpg,https://bioimages.vanderbilt.edu/gq/baskauf/gsani--wplookup13594.jpg,
baskauf/13585,baskauf_13585.jpg,Salix nigra,black willow,Salicaceae,bark,bark,of a large tree,010201,bark / of a large tree,bark,ind-baskauf/13574,2002-07-11T09:31:20-05:00,Steven J. Baskauf,https://bioimages.vanderbilt.edu/baskauf/13585,https://bioimages.vanderbilt.edu/tn/baskauf/tsani--brlarge13585.jpg,https://bioimages.vanderbilt.edu/gq/baskauf/gsani--brlarge13585.jpg,
baskauf/13589,baskauf_13589.jpg,Salix nigra,black willow,Salicaceae,bark,bark,of a medium tree or large branch,010202,bark / of a medium tree or large branch,bark,ind-baskauf/13574,2002-07-11T09:33:25-05:00,Steven J. Baskauf,https://bioimages.vanderbilt.edu/baskauf/13589,https://bioimages.vanderbilt.edu/tn/baskauf/tsani--brmedium13589.jpg,https://bioimages.vanderbilt.edu/gq/baskauf/gsani--brmedium13589.jpg,
baskauf/23020,baskauf_23020.jpg,Salix nigra,black willow,Salicaceae,bark,bark,of a medium tree or large branch,010202,bark / of a medium tree or large branch,bark,ind-baskauf/22997,2003-05-01T08:27:17-05:00,Steven J. Baskauf,https://bioimages.vanderbilt.edu/baskauf/23020,https://bioimages.vanderbilt.edu/tn/baskauf/tsani--br23020.jpg,https://bioimages.vanderbilt.edu/gq/baskauf/gsani--br23020.jpg,
baskauf/13588,baskauf_13588.jpg,Salix nigra,black willow,Salicaceae,bark,bark,of a small tree or small branch,010203,bark / of a small tree or small branch,bark,ind-baskauf/13574,2002-07-11T09:32:49-05:00,Steven J. Baskauf,https://bioimages.vanderbilt.edu/baskauf/13588,https://bioimages.vanderbilt.edu/tn/baskauf/tsani--brsmall13588.jpg,https://bioimages.vanderbilt.edu/gq/baskauf/gsani--brsmall13588.jpg,
baskauf/13576,baskauf_13576.jpg,Salix nigra,black willow,Salicaceae,twig,twig,orientation of petioles,010301,twig / orientation of petioles,twig,ind-baskauf/13574,2002-07-11T09:27:02-05:00,Steven J. Baskauf,https://bioimages.vanderbilt.edu/baskauf/13576,https://bioimages.vanderbilt.edu/tn/baskauf/tsani--lfstipules13576.jpg,https://bioimages.vanderbilt.edu/gq/baskauf/gsani--lfstipules13576.jpg,
baskauf/23013,baskauf_23013.jpg,Salix nigra,black willow,Salicaceae,twig,twig,orientation of petioles,010301,twig / orientation of petioles,twig,ind-baskauf/22997,2003-05-01T08:26:28-05:00,Steven J. Baskauf,https://bioimages.vanderbilt.edu/baskauf/23013,https://bioimages.vanderbilt.edu/tn/baskauf/tsani--tw23013.jpg,https://bioimages.vanderbilt.edu/gq/baskauf/gsani--tw23013.jpg,
baskauf/13580,baskauf_13580.jpg,Salix nigra,black willow,Salicaceae,leaf,leaf,showing orientation on twig,010403,leaf / showing orientation on twig,leaf,ind-baskauf/13574,2002-07-11T09:29:12-05:00,Steven J. Baskauf,https://bioimages.vanderbilt.edu/baskauf/13580,https://bioimages.vanderbilt.edu/tn/baskauf/tsani--lfseveral13580.jpg,https://bioimages.vanderbilt.edu/gq/baskauf/gsani--lfseveral13580.jpg,
baskauf/23004,baskauf_23004.jpg,Salix nigra,black willow,Salicaceae,leaf,leaf,showing orientation on twig,010403,leaf / showing orientation on twig,leaf,ind-baskauf/22997,2003-05-01T08:23:36-05:00,Steven J. Baskauf,https://bioimages.vanderbilt.edu/baskauf/23004,https://bioimages.vanderbilt.edu/tn/baskauf/tsani--lfseveral23004.jpg,https://bioimages.vanderbilt.edu/gq/baskauf/gsani--lfseveral23004.jpg,
baskauf/13583,baskauf_13583.jpg,Salix nigra,black willow,Salicaceae,leaf,leaf,whole upper surface,010401,leaf / whole upper surface,leaf,ind-baskauf/13574,2002-07-11T09:30:52-05:00,Steven J. Baskauf,https://bioimages.vanderbilt.edu/baskauf/13583,https://bioimages.vanderbilt.edu/tn/baskauf/tsani--lfuplow13583.jpg,https://bioimages.vanderbilt.edu/gq/baskauf/gsani--lfuplow13583.jpg,
baskauf/23007,baskauf_23007.jpg,Salix nigra,black willow,Salicaceae,leaf,leaf,whole upper surface,010401,leaf / whole upper surface,leaf,ind-baskauf/22997,2003-05-01T08:25:28-05:00,Steven J. Baskauf,https://bioimages.vanderbilt.edu/baskauf/23007,https://bioimages.vanderbilt.edu/tn/baskauf/tsani--lf23007.jpg,https://bioimages.vanderbilt.edu/gq/baskauf/gsani--lf23007.jpg,
baskauf/21454,baskauf_21454.jpg,Salix nigra,black willow,Salicaceae,flower,inflorescence,whole - male,010503,inflorescence / whole - male,flower,ind-baskauf/21454,2003-04-22T10:09:38-05:00,Steven J. Baskauf,https://bioimages.vanderbilt.edu/baskauf/21454,https://bioimages.vanderbilt.edu/tn/baskauf/tsani--flinflor21454.jpg,https://bioimages.vanderbilt.edu/gq/baskauf/gsani--flinflor21454.jpg,
baskauf/21457,baskauf_21457.jpg,Salix nigra,black willow,Salicaceae,flower,inflorescence,whole - male,010503,inflorescence / whole - male,flower,ind-baskauf/21454,2003-04-22T10:10:49-05:00,Steven J. Baskauf,https://bioimages.vanderbilt.edu/baskauf/21457,https://bioimages.vanderbilt.edu/tn/baskauf/tsani--fl21457.jpg,https://bioimages.vanderbilt.edu/gq/baskauf/gsani--fl21457.jpg,
baskauf/11078,baskauf_11078.jpg,Salix nigra,black willow,Salicaceae,flower,inflorescence,whole - unspecified,010501,inflorescence / whole - unspecified,flower,ind-baskauf/11078,2002-05-16T11:42:29-05:00,Steven J. Baskauf,https://bioimages.vanderbilt.edu/baskauf/11078,https://bioimages.vanderbilt.edu/tn/baskauf/tsani--flold-inflor11078.jpg,https://bioimages.vanderbilt.edu/gq/baskauf/gsani--flold-inflor11078.jpg,unspecified view
baskauf/23997,baskauf_23997.jpg,Salix nigra,black willow,Salicaceae,fruit,fruit,as borne on the plant,010601,fruit / as borne on the plant,fruit,ind-baskauf/23990,2003-05-12T08:43:25-05:00,Steven J. Baskauf,https://bioimages.vanderbilt.edu/baskauf/23997,https://bioimages.vanderbilt.edu/tn/baskauf/tsani--frmature23997.jpg,https://bioimages.vanderbilt.edu/gq/baskauf/gsani--frmature23997.jpg,
baskauf/21465,baskauf_21465.jpg,Salix nigra,black willow,Salicaceae,fruit,fruit,immature,010604,fruit / immature,fruit,ind-baskauf/21454,2003-04-22T10:12:00-05:00,Steven J. Baskauf,https://bioimages.vanderbilt.edu/baskauf/21465,https://bioimages.vanderbilt.edu/tn/baskauf/tsani--frdevel21465.jpg,https://bioimages.vanderbilt.edu/gq/baskauf/gsani--frdevel21465.jpg,
baskauf/24001,baskauf_24001.jpg,Salix nigra,black willow,Salicaceae,fruit,fruit,section or open,010603,fruit / section or open,fruit,ind-baskauf/23990,2003-05-12T08:43:58-05:00,Steven J. Baskauf,https://bioimages.vanderbilt.edu/baskauf/24001,https://bioimages.vanderbilt.edu/tn/baskauf/tsani--frmature-close24001.jpg,https://bioimages.vanderbilt.edu/gq/baskauf/gsani--frmature-close24001.jpg,
baskauf/12171,baskauf_12171.jpg,Sambucus nigra,American black elderberry,Caprifoliaceae,whole plant,whole tree (or vine),general,010101,whole tree (or vine) / general,whole-tree,ind-baskauf/12171,2002-06-09T14:26:26-05:00,Steven J. Baskauf,https://bioimages.vanderbilt.edu/baskauf/12171,https://bioimages.vanderbilt.edu/tn/baskauf/tsanic4wpbush12171.jpg,https://bioimages.vanderbilt.edu/gq/baskauf/gsanic4wpbush12171.jpg,
baskauf/25625,baskauf_25625.jpg,Sambucus nigra,American black elderberry,Caprifoliaceae,bark,bark,of a small tree or small branch,010203,bark / of a small tree or small branch,bark,ind-baskauf/25620,2003-05-24T14:52:15-05:00,Steven J. Baskauf,https://bioimages.vanderbilt.edu/baskauf/25625,https://bioimages.vanderbilt.edu/tn/baskauf/tsanic4br25625.jpg,https://bioimages.vanderbilt.edu/gq/baskauf/gsanic4br25625.jpg,
baskauf/26714,baskauf_26714.jpg,Sambucus nigra,American black elderberry,Caprifoliaceae,twig,twig,orientation of petioles,010301,twig / orientation of petioles,twig,ind-baskauf/26705,2003-06-05T06:40:35-05:00,Steven J. Baskauf,https://bioimages.vanderbilt.edu/baskauf/26714,https://bioimages.vanderbilt.edu/tn/baskauf/tsanic4tw26714.jpg,https://bioimages.vanderbilt.edu/gq/baskauf/gsanic4tw26714.jpg,
baskauf/12178,baskauf_12178.jpg,Sambucus nigra,American black elderberry,Caprifoliaceae,leaf,leaf,whole upper surface,010401,leaf / whole upper surface,leaf,ind-baskauf/12171,2002-06-09T14:29:25-05:00,Steven J. Baskauf,https://bioimages.vanderbilt.edu/baskauf/12178,https://bioimages.vanderbilt.edu/tn/baskauf/tsanic4lf12178.jpg,https://bioimages.vanderbilt.edu/gq/baskauf/gsanic4lf12178.jpg,
baskauf/12175,baskauf_12175.jpg,Sambucus nigra,American black elderberry,Caprifoliaceae,flower,inflorescence,frontal view of flower,010505,inflorescence / frontal view of flower,flower,ind-baskauf/12171,2002-06-09T14:28:43-05:00,Steven J. Baskauf,https://bioimages.vanderbilt.edu/baskauf/12175,https://bioimages.vanderbilt.edu/tn/baskauf/tsanic4flcloseup12175.jpg,https://bioimages.vanderbilt.edu/gq/baskauf/gsanic4flcloseup12175.jpg,
baskauf/26710,baskauf_26710.jpg,Sambucus nigra,American black elderberry,Caprifoliaceae,flower,inflorescence,frontal view of flower,010505,inflorescence / frontal view of flower,flower,ind-baskauf/26705,2003-06-05T06:40:03-05:00,Steven J. Baskauf,https://bioimages.vanderbilt.edu/baskauf/26710,https://bioimages.vanderbilt.edu/tn/baskauf/tsanic4fl26710.jpg,https://bioimages.vanderbilt.edu/gq/baskauf/gsanic4fl26710.jpg,
baskauf/12190,baskauf_12190.jpg,Sambucus nigra,American black elderberry,Caprifoliaceae,flower,inflorescence,whole - unspecified,010501,inflorescence / whole - unspecified,flower,ind-baskauf/12190,2002-06-09T14:40:04-05:00,Steven J. Baskauf,https://bioimages.vanderbilt.edu/baskauf/12190,https://bioimages.vanderbilt.edu/tn/baskauf/tsanic4flinflor-mature12190.jpg,https://bioimages.vanderbilt.edu/gq/baskauf/gsanic4flinflor-mature12190.jpg,unspecified view
baskauf/12192,baskauf_12192.jpg,Sambucus nigra,American black elderberry,Caprifoliaceae,flower,inflorescence,whole - unspecified,010501,inflorescence / whole - unspecified,flower,ind-baskauf/12190,2002-06-09T14:40:31-05:00,Steven J. Baskauf,https://bioimages.vanderbilt.edu/baskauf/12192,https://bioimages.vanderbilt.edu/tn/baskauf/tsanic4flinflor12192.jpg,https://bioimages.vanderbilt.edu/gq/baskauf/gsanic4flinflor12192.jpg,unspecified view
baskauf/26705,baskauf_26705.jpg,Sambucus nigra,American black elderberry,Caprifoliaceae,flower,inflorescence,whole - unspecified,010501,inflorescence / whole - unspecified,flower,ind-baskauf/26705,2003-06-05T06:39:11-05:00,Steven J. Baskauf,https://bioimages.vanderbilt.edu/baskauf/26705,https://bioimages.vanderbilt.edu/tn/baskauf/tsanic4flinflor-side26705.jpg,https://bioimages.vanderbilt.edu/gq/baskauf/gsanic4flinflor-side26705.jpg,unspecified view
baskauf/26707,baskauf_26707.jpg,Sambucus nigra,American black elderberry,Caprifoliaceae,flower,inflorescence,whole - unspecified,010501,inflorescence / whole - unspecified,flower,ind-baskauf/26705,2003-06-05T06:39:38-05:00,Steven J. Baskauf,https://bioimages.vanderbilt.edu/baskauf/26707,https://bioimages.vanderbilt.edu/tn/baskauf/tsanic4flinflor-top26707.jpg,https://bioimages.vanderbilt.edu/gq/baskauf/gsanic4flinflor-top26707.jpg,unspecified view
baskauf/15687,baskauf_15687.jpg,Sambucus nigra,American black elderberry,Caprifoliaceae,fruit,fruit,as borne on the plant,010601,fruit / as borne on the plant,fruit,ind-baskauf/15687,2002-09-21T10:22:42-05:00,Steven J. Baskauf,https://bioimages.vanderbilt.edu/baskauf/15687,https://bioimages.vanderbilt.edu/tn/baskauf/tsanic4frin-fruit15687.jpg,https://bioimages.vanderbilt.edu/gq/baskauf/gsanic4frin-fruit15687.jpg,
baskauf/15688,baskauf_15688.jpg,Sambucus nigra,American black elderberry,Caprifoliaceae,fruit,fruit,lateral or general close-up,010602,fruit / lateral or general close-up,fruit,ind-baskauf/15687,2002-09-21T10:23:06-05:00,Steven J. Baskauf,https://bioimages.vanderbilt.edu/baskauf/15688,https://bioimages.vanderbilt.edu/tn/baskauf/tsanic4frcloseup15688.jpg,https://bioimages.vanderbilt.edu/gq/baskauf/gsanic4frcloseup15688.jpg,
baskauf/11471,baskauf_11471.jpg,Sambucus racemosa,red elderberry,Caprifoliaceae,whole plant,whole tree (or vine),general,010101,whole tree (or vine) / general,whole-tree,ind-baskauf/11471,2002-05-30T10:57:58-04:00,Steven J. Baskauf,https://bioimages.vanderbilt.edu/baskauf/11471,https://bioimages.vanderbilt.edu/tn/baskauf/tsarar3wpin-fruit11471.jpg,https://bioimages.vanderbilt.edu/gq/baskauf/gsarar3wpin-fruit11471.jpg,
baskauf/26114,baskauf_26114.jpg,Sambucus racemosa,red elderberry,Caprifoliaceae,whole plant,whole tree (or vine),general,010101,whole tree (or vine) / general,whole-tree,ind-baskauf/26113,2003-05-29T12:05:26-04:00,Steven J. Baskauf,https://bioimages.vanderbilt.edu/baskauf/26114,https://bioimages.vanderbilt.edu/tn/baskauf/tsarar3wp26114.jpg,https://bioimages.vanderbilt.edu/gq/baskauf/gsarar3wp26114.jpg,
baskauf/26153,baskauf_26153.jpg,Sambucus racemosa,red elderberry,Caprifoliaceae,whole plant,whole tree (or vine),general,010101,whole tree (or vine) / general,whole-tree,ind-baskauf/26137,2003-05-29T12:30:25-04:00,Steven J. Baskauf,https://bioimages.vanderbilt.edu/baskauf/26153,https://bioimages.vanderbilt.edu/tn/baskauf/tsarar3wp26153.jpg,https://bioimages.vanderbilt.edu/gq/baskauf/gsarar3wp26153.jpg,
baskauf/26147,baskauf_26147.jpg,Sambucus racemosa,red elderberry,Caprifoliaceae,twig,twig,orientation of petioles,010301,twig / orientation of petioles,twig,ind-baskauf/26137,2003-05-29T12:27:56-04:00,Steven J. Baskauf,https://bioimages.vanderbilt.edu/baskauf/26147,https://bioimages.vanderbilt.edu/tn/baskauf/tsarar3tw26147.jpg,https://bioimages.vanderbilt.edu/gq/baskauf/gsarar3tw26147.jpg,
baskauf/26149,baskauf_26149.jpg,Sambucus racemosa,red elderberry,Caprifoliaceae,leaf,leaf,margin of upper + lower surface,010402,leaf / margin of upper + lower surface,leaf,ind-baskauf/26137,2003-05-29T12:28:48-04:00,Steven J. Baskauf,https://bioimages.vanderbilt.edu/baskauf/26149,https://bioimages.vanderbilt.edu/tn/baskauf/tsarar3lfmargin-uplow26149.jpg,https://bioimages.vanderbilt.edu/gq/baskauf/gsarar3lfmargin-uplow26149.jpg,
baskauf/11481,baskauf_11481.jpg,Sambucus racemosa,red elderberry,Caprifoliaceae,leaf,leaf,showing orientation on twig,010403,leaf / showing orientation on twig,leaf,ind-baskauf/11471,2002-05-30T11:08:18-04:00,Steven J. Baskauf,https://bioimages.vanderbilt.edu/baskauf/11481,https://bioimages.vanderbilt.edu/tn/baskauf/tsarar3lfseveral11481.jpg,https://bioimages.vanderbilt.edu/gq/baskauf/gsarar3lfseveral11481.jpg,
baskauf/11482,baskauf_11482.jpg,Sambucus racemosa,red elderberry,Caprifoliaceae,leaf,leaf,whole upper surface,010401,leaf / whole upper surface,leaf,ind-baskauf/11471,2002-05-30T11:08:40-04:00,Steven J. Baskauf,https://bioimages.vanderbilt.edu/baskauf/11482,https://bioimages.vanderbilt.edu/tn/baskauf/tsarar3lf11482.jpg,https://bioimages.vanderbilt.edu/gq/baskauf/gsarar3lf11482.jpg,
baskauf/26143,baskauf_26143.jpg,Sambucus racemosa,red elderberry,Caprifoliaceae,leaf,leaf,whole upper surface,010401,leaf / whole upper surface,leaf,ind-baskauf/26137,2003-05-29T12:26:25-04:00,Steven J. Baskauf,https://bioimages.vanderbilt.edu/baskauf/26143,https://bioimages.vanderbilt.edu/tn/baskauf/tsarar3lf26143.jpg,https://bioimages.vanderbilt.edu/gq/baskauf/gsarar3lf26143.jpg,
baskauf/28756,baskauf_28756.jpg,Sambucus racemosa,red elderberry,Caprifoliaceae,leaf,leaf,whole upper surface,010401,leaf / whole upper surface,leaf,ind-baskauf/28751,2003-07-25T11:48:16-04:00,Steven J. Baskauf,https://bioimages.vanderbilt.edu/baskauf/28756,https://bioimages.vanderbilt.edu/tn/baskauf/tsarar3lf28756.jpg,https://bioimages.vanderbilt.edu/gq/baskauf/gsarar3lf28756.jpg,
baskauf/26127,baskauf_26127.jpg,Sambucus racemosa,red elderberry,Caprifoliaceae,flower,inflorescence,frontal view of flower,010505,inflorescence / frontal view of flower,flower,ind-baskauf/26113,2003-05-29T12:08:20-04:00,Steven J. Baskauf,https://bioimages.vanderbilt.edu/baskauf/26127,https://bioimages.vanderbilt.edu/tn/baskauf/tsarar3fl26127.jpg,https://bioimages.vanderbilt.edu/gq/baskauf/gsarar3fl26127.jpg,
baskauf/49293,baskauf_49293.jpg,Sambucus racemosa,red elderberry,Caprifoliaceae,flower,inflorescence,frontal view of flower,010505,inflorescence / frontal view of flower,flower,ind-baskauf/49288,2006-06-18T09:01:06-04:00,Steven J. Baskauf,https://bioimages.vanderbilt.edu/baskauf/49293,https://bioimages.vanderbilt.edu/tn/baskauf/tsarar3fl49293.jpg,https://bioimages.vanderbilt.edu/gq/baskauf/gsarar3fl49293.jpg,
baskauf/26119,baskauf_26119.jpg,Sambucus racemosa,red elderberry,Caprifoliaceae,flower,inflorescence,whole - unspecified,010501,inflorescence / whole - unspecified,flower,ind-baskauf/26113,2003-05-29T12:06:54-04:00,Steven J. Baskauf,https://bioimages.vanderbilt.edu/baskauf/26119,https://bioimages.vanderbilt.edu/tn/baskauf/tsarar3flinflor26119.jpg,https://bioimages.vanderbilt.edu/gq/baskauf/gsarar3flinflor26119.jpg,unspecified view
baskauf/26141,baskauf_26141.jpg,Sambucus racemosa,red elderberry,Caprifoliaceae,flower,inflorescence,whole - unspecified,010501,inflorescence / whole - unspecified,flower,ind-baskauf/26137,2003-05-29T12:13:45-04:00,Steven J. Baskauf,https://bioimages.vanderbilt.edu/baskauf/26141,https://bioimages.vanderbilt.edu/tn/baskauf/tsarar3flbuds26141.jpg,https://bioimages.vanderbilt.edu/gq/baskauf/gsarar3flbuds26141.jpg,unspecified view
baskauf/26540,baskauf_26540.jpg,Sambucus racemosa,red elderberry,Caprifoliaceae,flower,inflorescence,whole - unspecified,010501,inflorescence / whole - unspecified,flower,ind-baskauf/26538,2003-05-31T15:45:11-04:00,Steven J. Baskauf,https://bioimages.vanderbilt.edu/baskauf/26540,https://bioimages.vanderbilt.edu/tn/baskauf/tsarar3flold-inflor26540.jpg,https://bioimages.vanderbilt.edu/gq/baskauf/gsarar3flold-inflor26540.jpg,unspecified view
baskauf/49290,baskauf_49290.jpg,Sambucus racemosa,red elderberry,Caprifoliaceae,flower,inflorescence,whole - unspecified,010501,inflorescence / whole - unspecified,flower,ind-baskauf/49288,2006-06-18T09:00:43-04:00,Steven J. Baskauf,https://bioimages.vanderbilt.edu/baskauf/49290,https://bioimages.vanderbilt.edu/tn/baskauf/tsarar3flinflor49290.jpg,https://bioimages.vanderbilt.edu/gq/baskauf/gsarar3flinflor49290.jpg,unspecified view
baskauf/11477,baskauf_11477.jpg,Sambucus racemosa,red elderberry,Caprifoliaceae,fruit,fruit,as borne on the plant,010601,fruit / as borne on the plant,fruit,ind-baskauf/11471,2002-05-30T11:06:39-04:00,Steven J. Baskauf,https://bioimages.vanderbilt.edu/baskauf/11477,https://bioimages.vanderbilt.edu/tn/baskauf/tsarar3frinfruct11477.jpg,https://bioimages.vanderbilt.edu/gq/baskauf/gsarar3frinfruct11477.jpg,
baskauf/28751,baskauf_28751.jpg,Sambucus racemosa,red elderberry,Caprifoliaceae,fruit,fruit,as borne on the plant,010601,fruit / as borne on the plant,fruit,ind-baskauf/28751,2003-07-25T11:46:08-04:00,Steven J. Baskauf,https://bioimages.vanderbilt.edu/baskauf/28751,https://bioimages.vanderbilt.edu/tn/baskauf/tsarar3frinfruct28751.jpg,https://bioimages.vanderbilt.edu/gq/baskauf/gsarar3frinfruct28751.jpg,
baskauf/11479,baskauf_11479.jpg,Sambucus racemosa,red elderberry,Caprifoliaceae,fruit,fruit,lateral or general close-up,010602,fruit / lateral or general close-up,fruit,ind-baskauf/11471,2002-05-30T11:07:19-04:00,Steven J. Baskauf,https://bioimages.vanderbilt.edu/baskauf/11479,https://bioimages.vanderbilt.edu/tn/baskauf/tsarar3fr11479.jpg,https://bioimages.vanderbilt.edu/gq/baskauf/gsarar3fr11479.jpg,
baskauf/28754,baskauf_28754.jpg,Sambucus racemosa,red elderberry,Caprifoliaceae,fruit,fruit,lateral or general close-up,010602,fruit / lateral or general close-up,fruit,ind-baskauf/28751,2003-07-25T11:46:39-04:00,Steven J. Baskauf,https://bioimages.vanderbilt.edu/baskauf/28754,https://bioimages.vanderbilt.edu/tn/baskauf/tsarar3fr28754.jpg,https://bioimages.vanderbilt.edu/gq/baskauf/gsarar3fr28754.jpg,
baskauf/11322,baskauf_11322.jpg,Sassafras albidum,sassafras,Lauraceae,whole plant,whole tree (or vine),general,010101,whole tree (or vine) / general,whole-tree,ind-baskauf/11322,2002-05-25T16:05:01-05:00,Steven J. Baskauf,https://bioimages.vanderbilt.edu/baskauf/11322,https://bioimages.vanderbilt.edu/tn/baskauf/tsaal5-wpsmall11322.jpg,https://bioimages.vanderbilt.edu/gq/baskauf/gsaal5-wpsmall11322.jpg,
baskauf/11722,baskauf_11722.jpg,Sassafras albidum,sassafras,Lauraceae,whole plant,whole tree (or vine),general,010101,whole tree (or vine) / general,whole-tree,ind-baskauf/11722,2002-06-02T10:44:32-04:00,Steven J. Baskauf,https://bioimages.vanderbilt.edu/baskauf/11722,https://bioimages.vanderbilt.edu/tn/baskauf/tsaal5-wpsmall11722.jpg,https://bioimages.vanderbilt.edu/gq/baskauf/gsaal5-wpsmall11722.jpg,
baskauf/51027,baskauf_51027.jpg,Sassafras albidum,sassafras,Lauraceae,whole plant,whole tree (or vine),general,010101,whole tree (or vine) / general,whole-tree,ind-baskauf/51010,2006-04-09T12:11:11-05:00,Steven J. Baskauf,https://bioimages.vanderbilt.edu/baskauf/51027,https://bioimages.vanderbilt.edu/tn/baskauf/tsaal5-wpin-flower51027.jpg,https://bioimages.vanderbilt.edu/gq/baskauf/gsaal5-wpin-flower51027.jpg,
baskauf/91056,baskauf_91056.jpg,Sassafras albidum,sassafras,Lauraceae,whole plant,whole tree (or vine),general,010101,whole tree (or vine) / general,whole-tree,vanderbilt/6-215,2014-09-11T08:03:04-05:00,Steven J. Baskauf,https://bioimages.vanderbilt.edu/baskauf/91056,https://bioimages.vanderbilt.edu/tn/baskauf/t91056.jpg,https://bioimages.vanderbilt.edu/gq/baskauf/g91056.jpg,
baskauf/16325,baskauf_16325.jpg,Sassafras albidum,sassafras,Lauraceae,whole plant,whole tree (or vine),view up trunk,010103,whole tree (or vine) / view up trunk,whole-tree,ind-baskauf/16321,2002-10-06T15:18:38-05:00,Steven J. Baskauf,https://bioimages.vanderbilt.edu/baskauf/16325,https://bioimages.vanderbilt.edu/tn/baskauf/tsaal5-wplookup-large16325.jpg,https://bioimages.vanderbilt.edu/gq/baskauf/gsaal5-wplookup-large16325.jpg,
baskauf/11341,baskauf_11341.jpg,Sassafras albidum,sassafras,Lauraceae,bark,bark,of a large tree,010201,bark / of a large tree,bark,ind-baskauf/11341,2002-05-25T16:17:14-05:00,Steven J. Baskauf,https://bioimages.vanderbilt.edu/baskauf/11341,https://bioimages.vanderbilt.edu/tn/baskauf/tsaal5-brlarge11341.jpg,https://bioimages.vanderbilt.edu/gq/baskauf/gsaal5-brlarge11341.jpg,
baskauf/16321,baskauf_16321.jpg,Sassafras albidum,sassafras,Lauraceae,bark,bark,of a large tree,010201,bark / of a large tree,bark,ind-baskauf/16321,2002-10-06T15:17:03-05:00,Steven J. Baskauf,https://bioimages.vanderbilt.edu/baskauf/16321,https://bioimages.vanderbilt.edu/tn/baskauf/tsaal5-brlarge16321.jpg,https://bioimages.vanderbilt.edu/gq/baskauf/gsaal5-brlarge16321.jpg,
baskauf/16324,baskauf_16324.jpg,Sassafras albidum,sassafras,Lauraceae,bark,bark,of a large tree,010201,bark / of a large tree,bark,ind-baskauf/16321,2002-10-06T15:18:19-05:00,Steven J. Baskauf,https://bioimages.vanderbilt.edu/baskauf/16324,https://bioimages.vanderbilt.edu/tn/baskauf/tsaal5-brlarge-close16324.jpg,https://bioimages.vanderbilt.edu/gq/baskauf/gsaal5-brlarge-close16324.jpg,
baskauf/15549,baskauf_15549.jpg,Sassafras albidum,sassafras,Lauraceae,bark,bark,of a medium tree or large branch,010202,bark / of a medium tree or large branch,bark,ind-baskauf/15549,2002-09-15T15:55:11-05:00,Steven J. Baskauf,https://bioimages.vanderbilt.edu/baskauf/15549,https://bioimages.vanderbilt.edu/tn/baskauf/tsaal5-brmedium15549.jpg,https://bioimages.vanderbilt.edu/gq/baskauf/gsaal5-brmedium15549.jpg,
baskauf/15424,baskauf_15424.jpg,Sassafras albidum,sassafras,Lauraceae,twig,twig,orientation of petioles,010301,twig / orientation of petioles,twig,ind-baskauf/15412,2002-09-14T16:32:10-05:00,Steven J. Baskauf,https://bioimages.vanderbilt.edu/baskauf/15424,https://bioimages.vanderbilt.edu/tn/baskauf/tsaal5-tw15424.jpg,https://bioimages.vanderbilt.edu/gq/baskauf/gsaal5-tw15424.jpg,
baskauf/15417,baskauf_15417.jpg,Sassafras albidum,sassafras,Lauraceae,leaf,leaf,margin of upper + lower surface,010402,leaf / margin of upper + lower surface,leaf,ind-baskauf/15412,2002-09-14T16:30:16-05:00,Steven J. Baskauf,https://bioimages.vanderbilt.edu/baskauf/15417,https://bioimages.vanderbilt.edu/tn/baskauf/tsaal5-lfmargin-uplow15417.jpg,https://bioimages.vanderbilt.edu/gq/baskauf/gsaal5-lfmargin-uplow15417.jpg,
baskauf/10890,baskauf_10890.jpg,Sassafras albidum,sassafras,Lauraceae,leaf,leaf,showing orientation on twig,010403,leaf / showing orientation on twig,leaf,ind-baskauf/10890,2002-05-10T16:52:08-05:00,Steven J. Baskauf,https://bioimages.vanderbilt.edu/baskauf/10890,https://bioimages.vanderbilt.edu/tn/baskauf/tsaal5-lf10890.jpg,https://bioimages.vanderbilt.edu/gq/baskauf/gsaal5-lf10890.jpg,
baskauf/15868,baskauf_15868.jpg,Sassafras albidum,sassafras,Lauraceae,leaf,leaf,showing orientation on twig,010403,leaf / showing orientation on twig,leaf,ind-baskauf/15867,2002-09-21T15:03:40-05:00,Steven J. Baskauf,https://bioimages.vanderbilt.edu/baskauf/15868,https://bioimages.vanderbilt.edu/tn/baskauf/tsaal5-lfvariation15868.jpg,https://bioimages.vanderbilt.edu/gq/baskauf/gsaal5-lfvariation15868.jpg,
baskauf/16722,baskauf_16722.jpg,Sassafras albidum,sassafras,Lauraceae,leaf,leaf,showing orientation on twig,010403,leaf / showing orientation on twig,leaf,ind-baskauf/16722,2002-11-02T11:17:15-06:00,Steven J. Baskauf,https://bioimages.vanderbilt.edu/baskauf/16722,https://bioimages.vanderbilt.edu/tn/baskauf/tsaal5-lffall16722.jpg,https://bioimages.vanderbilt.edu/gq/baskauf/gsaal5-lffall16722.jpg,
kirchoff/b5148,kirchoff_b5148.jpg,Sassafras albidum,sassafras,Lauraceae,leaf,leaf,showing orientation on twig,010403,leaf / showing orientation on twig,leaf,ind-kirchoff/b5147,2005-06-27T10:31:01-04:00,Bruce K. Kirchoff,https://bioimages.vanderbilt.edu/kirchoff/b5148,https://bioimages.vanderbilt.edu/tn/kirchoff/tsaal5-lfseveralb5148.jpg,https://bioimages.vanderbilt.edu/gq/kirchoff/gsaal5-lfseveralb5148.jpg,
kirchoff/b5149,kirchoff_b5149.jpg,Sassafras albidum,sassafras,Lauraceae,leaf,leaf,showing orientation on twig,010403,leaf / showing orientation on twig,leaf,ind-kirchoff/b5149,2005-06-27T10:42:19-04:00,Bruce K. Kirchoff,https://bioimages.vanderbilt.edu/kirchoff/b5149,https://bioimages.vanderbilt.edu/tn/kirchoff/tsaal5-lfseveralb5149.jpg,https://bioimages.vanderbilt.edu/gq/kirchoff/gsaal5-lfseveralb5149.jpg,
baskauf/15412,baskauf_15412.jpg,Sassafras albidum,sassafras,Lauraceae,leaf,leaf,whole upper surface,010401,leaf / whole upper surface,leaf,ind-baskauf/15412,2002-09-14T16:28:50-05:00,Steven J. Baskauf,https://bioimages.vanderbilt.edu/baskauf/15412,https://bioimages.vanderbilt.edu/tn/baskauf/tsaal5-lf15412.jpg,https://bioimages.vanderbilt.edu/gq/baskauf/gsaal5-lf15412.jpg,
baskauf/15867,baskauf_15867.jpg,Sassafras albidum,sassafras,Lauraceae,leaf,leaf,whole upper surface,010401,leaf / whole upper surface,leaf,ind-baskauf/15867,2002-09-21T15:03:30-05:00,Steven J. Baskauf,https://bioimages.vanderbilt.edu/baskauf/15867,https://bioimages.vanderbilt.edu/tn/baskauf/tsaal5-lfmitten15867.jpg,https://bioimages.vanderbilt.edu/gq/baskauf/gsaal5-lfmitten15867.jpg,
kirchoff/b5147,kirchoff_b5147.jpg,Sassafras albidum,sassafras,Lauraceae,leaf,leaf,whole upper surface,010401,leaf / whole upper surface,leaf,ind-kirchoff/b5147,2005-06-27T10:30:31-04:00,Bruce K. Kirchoff,https://bioimages.vanderbilt.edu/kirchoff/b5147,https://bioimages.vanderbilt.edu/tn/kirchoff/tsaal5-lfb5147.jpg,https://bioimages.vanderbilt.edu/gq/kirchoff/gsaal5-lfb5147.jpg,
baskauf/50977,baskauf_50977.jpg,Sassafras albidum,sassafras,Lauraceae,flower,inflorescence,frontal view of flower,010505,inflorescence / frontal view of flower,flower,vanderbilt/6-215,2006-04-06T06:56:55-05:00,Steven J. Baskauf,https://bioimages.vanderbilt.edu/baskauf/50977,https://bioimages.vanderbilt.edu/tn/baskauf/tsaal5-flfemale-front50977.jpg,https://bioimages.vanderbilt.edu/gq/baskauf/gsaal5-flfemale-front50977.jpg,
baskauf/51013,baskauf_51013.jpg,Sassafras albidum,sassafras,Lauraceae,flower,inflorescence,frontal view of flower,010505,inflorescence / frontal view of flower,flower,ind-baskauf/51010,2006-04-08T14:30:39-05:00,Steven J. Baskauf,https://bioimages.vanderbilt.edu/baskauf/51013,https://bioimages.vanderbilt.edu/tn/baskauf/tsaal5-flfemale-front51013.jpg,https://bioimages.vanderbilt.edu/gq/baskauf/gsaal5-flfemale-front51013.jpg,
baskauf/51014,baskauf_51014.jpg,Sassafras albidum,sassafras,Lauraceae,flower,inflorescence,frontal view of flower,010505,inflorescence / frontal view of flower,flower,ind-baskauf/51010,2006-04-08T14:30:48-05:00,Steven J. Baskauf,https://bioimages.vanderbilt.edu/baskauf/51014,https://bioimages.vanderbilt.edu/tn/baskauf/tsaal5-flfemale-side51014.jpg,https://bioimages.vanderbilt.edu/gq/baskauf/gsaal5-flfemale-side51014.jpg,
baskauf/19587,baskauf_19587.jpg,Sassafras albidum,sassafras,Lauraceae,flower,inflorescence,lateral view of flower,010504,inflorescence / lateral view of flower,flower,ind-baskauf/10890,2003-04-05T14:29:04-06:00,Steven J. Baskauf,https://bioimages.vanderbilt.edu/baskauf/19587,https://bioimages.vanderbilt.edu/tn/baskauf/tsaal5-flfemale19587.jpg,https://bioimages.vanderbilt.edu/gq/baskauf/gsaal5-flfemale19587.jpg,
baskauf/50974,baskauf_50974.jpg,Sassafras albidum,sassafras,Lauraceae,flower,inflorescence,lateral view of flower,010504,inflorescence / lateral view of flower,flower,vanderbilt/6-215,2006-04-06T06:56:38-05:00,Steven J. Baskauf,https://bioimages.vanderbilt.edu/baskauf/50974,https://bioimages.vanderbilt.edu/tn/baskauf/tsaal5-flfemale-side50974.jpg,https://bioimages.vanderbilt.edu/gq/baskauf/gsaal5-flfemale-side50974.jpg,
baskauf/50973,baskauf_50973.jpg,Sassafras albidum,sassafras,Lauraceae,flower,inflorescence,whole - female,010502,inflorescence / whole - female,flower,vanderbilt/6-215,2006-04-06T06:56:29-05:00,Steven J. Baskauf,https://bioimages.vanderbilt.edu/baskauf/50973,https://bioimages.vanderbilt.edu/tn/baskauf/tsaal5-flfemale50973.jpg,https://bioimages.vanderbilt.edu/gq/baskauf/gsaal5-flfemale50973.jpg,
baskauf/50978,baskauf_50978.jpg,Sassafras albidum,sassafras,Lauraceae,flower,inflorescence,whole - female,010502,inflorescence / whole - female,flower,vanderbilt/6-215,2006-04-06T06:57:09-05:00,Steven J. Baskauf,https://bioimages.vanderbilt.edu/baskauf/50978,https://bioimages.vanderbilt.edu/tn/baskauf/tsaal5-flfemale-inflor50978.jpg,https://bioimages.vanderbilt.edu/gq/baskauf/gsaal5-flfemale-inflor50978.jpg,
baskauf/10537,baskauf_10537.jpg,Sassafras albidum,sassafras,Lauraceae,flower,inflorescence,whole - male,010503,inflorescence / whole - male,flower,ind-baskauf/10537,2002-04-13T12:54:05-05:00,Steven J. Baskauf,https://bioimages.vanderbilt.edu/baskauf/10537,https://bioimages.vanderbilt.edu/tn/baskauf/tsaal5-fl10537.jpg,https://bioimages.vanderbilt.edu/gq/baskauf/gsaal5-fl10537.jpg,
baskauf/10539,baskauf_10539.jpg,Sassafras albidum,sassafras,Lauraceae,flower,inflorescence,whole - male,010503,inflorescence / whole - male,flower,ind-baskauf/10537,2002-04-13T12:57:18-05:00,Steven J. Baskauf,https://bioimages.vanderbilt.edu/baskauf/10539,https://bioimages.vanderbilt.edu/tn/baskauf/tsaal5-fl10539.jpg,https://bioimages.vanderbilt.edu/gq/baskauf/gsaal5-fl10539.jpg,
baskauf/13474,baskauf_13474.jpg,Sassafras albidum,sassafras,Lauraceae,fruit,fruit,immature,010604,fruit / immature,fruit,ind-baskauf/13474,2002-06-29T10:02:55-05:00,Steven J. Baskauf,https://bioimages.vanderbilt.edu/baskauf/13474,https://bioimages.vanderbilt.edu/tn/baskauf/tsaal5-frdevel13474.jpg,https://bioimages.vanderbilt.edu/gq/baskauf/gsaal5-frdevel13474.jpg,
baskauf/15112,baskauf_15112.jpg,Sassafras albidum,sassafras,Lauraceae,fruit,fruit,lateral or general close-up,010602,fruit / lateral or general close-up,fruit,ind-baskauf/15112,2002-09-07T16:39:08-04:00,Steven J. Baskauf,https://bioimages.vanderbilt.edu/baskauf/15112,https://bioimages.vanderbilt.edu/tn/baskauf/tsaal5-fr15112.jpg,https://bioimages.vanderbilt.edu/gq/baskauf/gsaal5-fr15112.jpg,
baskauf/15013,baskauf_15013.jpg,Sorbus americana,American mountain ash,Rosaceae,whole plant,whole tree (or vine),general,010101,whole tree (or vine) / general,whole-tree,ind-baskauf/15003,2002-09-07T09:33:05-04:00,Steven J. Baskauf,https://bioimages.vanderbilt.edu/baskauf/15013,https://bioimages.vanderbilt.edu/tn/baskauf/tsoam3-wp15013.jpg,https://bioimages.vanderbilt.edu/gq/baskauf/gsoam3-wp15013.jpg,
baskauf/15049,baskauf_15049.jpg,Sorbus americana,American mountain ash,Rosaceae,whole plant,whole tree (or vine),general,010101,whole tree (or vine) / general,whole-tree,ind-baskauf/15049,2002-09-07T10:44:36-04:00,Steven J. Baskauf,https://bioimages.vanderbilt.edu/baskauf/15049,https://bioimages.vanderbilt.edu/tn/baskauf/tsoam3-wp15049.jpg,https://bioimages.vanderbilt.edu/gq/baskauf/gsoam3-wp15049.jpg,
baskauf/49296,baskauf_49296.jpg,Sorbus americana,American mountain ash,Rosaceae,whole plant,whole tree (or vine),general,010101,whole tree (or vine) / general,whole-tree,ind-baskauf/49296,2006-06-18T09:56:39-04:00,Steven J. Baskauf,https://bioimages.vanderbilt.edu/baskauf/49296,https://bioimages.vanderbilt.edu/tn/baskauf/tsoam3-wpdevel-flowers49296.jpg,https://bioimages.vanderbilt.edu/gq/baskauf/gsoam3-wpdevel-flowers49296.jpg,
baskauf/49335,baskauf_49335.jpg,Sorbus americana,American mountain ash,Rosaceae,whole plant,whole tree (or vine),general,010101,whole tree (or vine) / general,whole-tree,ind-baskauf/49335,2006-06-18T10:48:58-04:00,Steven J. Baskauf,https://bioimages.vanderbilt.edu/baskauf/49335,https://bioimages.vanderbilt.edu/tn/baskauf/tsoam3-wpin-flower49335.jpg,https://bioimages.vanderbilt.edu/gq/baskauf/gsoam3-wpin-flower49335.jpg,
baskauf/15010,baskauf_15010.jpg,Sorbus americana,American mountain ash,Rosaceae,bark,bark,of a medium tree or large branch,010202,bark / of a medium tree or large branch,bark,ind-baskauf/15003,2002-09-07T09:31:55-04:00,Steven J. Baskauf,https://bioimages.vanderbilt.edu/baskauf/15010,https://bioimages.vanderbilt.edu/tn/baskauf/tsoam3-br15010.jpg,https://bioimages.vanderbilt.edu/gq/baskauf/gsoam3-br15010.jpg,
baskauf/15011,baskauf_15011.jpg,Sorbus americana,American mountain ash,Rosaceae,twig,twig,orientation of petioles,010301,twig / orientation of petioles,twig,ind-baskauf/15003,2002-09-07T09:32:09-04:00,Steven J. Baskauf,https://bioimages.vanderbilt.edu/baskauf/15011,https://bioimages.vanderbilt.edu/tn/baskauf/tsoam3-tw15011.jpg,https://bioimages.vanderbilt.edu/gq/baskauf/gsoam3-tw15011.jpg,
baskauf/15007,baskauf_15007.jpg,Sorbus americana,American mountain ash,Rosaceae,leaf,leaf,showing orientation on twig,010403,leaf / showing orientation on twig,leaf,ind-baskauf/15003,2002-09-07T09:31:24-04:00,Steven J. Baskauf,https://bioimages.vanderbilt.edu/baskauf/15007,https://bioimages.vanderbilt.edu/tn/baskauf/tsoam3-lfseveral15007.jpg,https://bioimages.vanderbilt.edu/gq/baskauf/gsoam3-lfseveral15007.jpg,
baskauf/15009,baskauf_15009.jpg,Sorbus americana,American mountain ash,Rosaceae,leaf,leaf,unspecified,010400,leaf / unspecified,leaf,ind-baskauf/15003,2002-09-07T09:31:43-04:00,Steven J. Baskauf,https://bioimages.vanderbilt.edu/baskauf/15009,https://bioimages.vanderbilt.edu/tn/baskauf/tsoam3-lfleaflet15009.jpg,https://bioimages.vanderbilt.edu/gq/baskauf/gsoam3-lfleaflet15009.jpg,unspecified view
baskauf/15006,baskauf_15006.jpg,Sorbus americana,American mountain ash,Rosaceae,leaf,leaf,whole upper surface,010401,leaf / whole upper surface,leaf,ind-baskauf/15003,2002-09-07T09:31:11-04:00,Steven J. Baskauf,https://bioimages.vanderbilt.edu/baskauf/15006,https://bioimages.vanderbilt.edu/tn/baskauf/tsoam3-lf15006.jpg,https://bioimages.vanderbilt.edu/gq/baskauf/gsoam3-lf15006.jpg,
baskauf/49330,baskauf_49330.jpg,Sorbus americana,American mountain ash,Rosaceae,flower,inflorescence,frontal view of flower,010505,inflorescence / frontal view of flower,flower,ind-baskauf/49326,2006-06-18T10:20:27-04:00,Steven J. Baskauf,https://bioimages.vanderbilt.edu/baskauf/49330,https://bioimages.vanderbilt.edu/tn/baskauf/tsoam3-fl49330.jpg,https://bioimages.vanderbilt.edu/gq/baskauf/gsoam3-fl49330.jpg,
baskauf/49332,baskauf_49332.jpg,Sorbus americana,American mountain ash,Rosaceae,flower,inflorescence,frontal view of flower,010505,inflorescence / frontal view of flower,flower,ind-baskauf/49326,2006-06-18T10:20:42-04:00,Steven J. Baskauf,https://bioimages.vanderbilt.edu/baskauf/49332,https://bioimages.vanderbilt.edu/tn/baskauf/tsoam3-fl49332.jpg,https://bioimages.vanderbilt.edu/gq/baskauf/gsoam3-fl49332.jpg,
baskauf/49341,baskauf_49341.jpg,Sorbus americana,American mountain ash,Rosaceae,flower,inflorescence,frontal view of flower,010505,inflorescence / frontal view of flower,flower,ind-baskauf/49335,2006-06-18T10:50:35-04:00,Steven J. Baskauf,https://bioimages.vanderbilt.edu/baskauf/49341,https://bioimages.vanderbilt.edu/tn/baskauf/tsoam3-fl49341.jpg,https://bioimages.vanderbilt.edu/gq/baskauf/gsoam3-fl49341.jpg,
baskauf/49334,baskauf_49334.jpg,Sorbus americana,American mountain ash,Rosaceae,flower,inflorescence,lateral view of flower,010504,inflorescence / lateral view of flower,flower,ind-baskauf/49326,2006-06-18T10:20:56-04:00,Steven J. Baskauf,https://bioimages.vanderbilt.edu/baskauf/49334,https://bioimages.vanderbilt.edu/tn/baskauf/tsoam3-flinflor49334.jpg,https://bioimages.vanderbilt.edu/gq/baskauf/gsoam3-flinflor49334.jpg,
baskauf/49344,baskauf_49344.jpg,Sorbus americana,American mountain ash,Rosaceae,flower,inflorescence,lateral view of flower,010504,inflorescence / lateral view of flower,flower,ind-baskauf/49335,2006-06-18T10:51:32-04:00,Steven J. Baskauf,https://bioimages.vanderbilt.edu/baskauf/49344,https://bioimages.vanderbilt.edu/tn/baskauf/tsoam3-fl49344.jpg,https://bioimages.vanderbilt.edu/gq/baskauf/gsoam3-fl49344.jpg,
baskauf/49300,baskauf_49300.jpg,Sorbus americana,American mountain ash,Rosaceae,flower,inflorescence,unspecified,010500,inflorescence / unspecified,flower,ind-baskauf/49296,2006-06-18T09:58:44-04:00,Steven J. Baskauf,https://bioimages.vanderbilt.edu/baskauf/49300,https://bioimages.vanderbilt.edu/tn/baskauf/tsoam3-fldevel49300.jpg,https://bioimages.vanderbilt.edu/gq/baskauf/gsoam3-fldevel49300.jpg,unspecified view
baskauf/49326,baskauf_49326.jpg,Sorbus americana,American mountain ash,Rosaceae,flower,inflorescence,whole - unspecified,010501,inflorescence / whole - unspecified,flower,ind-baskauf/49326,2006-06-18T10:19:56-04:00,Steven J. Baskauf,https://bioimages.vanderbilt.edu/baskauf/49326,https://bioimages.vanderbilt.edu/tn/baskauf/tsoam3-flinflor49326.jpg,https://bioimages.vanderbilt.edu/gq/baskauf/gsoam3-flinflor49326.jpg,unspecified view
baskauf/49339,baskauf_49339.jpg,Sorbus americana,American mountain ash,Rosaceae,flower,inflorescence,whole - unspecified,010501,inflorescence / whole - unspecified,flower,ind-baskauf/49335,2006-06-18T10:50:08-04:00,Steven J. Baskauf,https://bioimages.vanderbilt.edu/baskauf/49339,https://bioimages.vanderbilt.edu/tn/baskauf/tsoam3-flinflor49339.jpg,https://bioimages.vanderbilt.edu/gq/baskauf/gsoam3-flinflor49339.jpg,unspecified view
baskauf/15003,baskauf_15003.jpg,Sorbus americana,American mountain ash,Rosaceae,fruit,fruit,as borne on the plant,010601,fruit / as borne on the plant,fruit,ind-baskauf/15003,2002-09-07T09:30:23-04:00,Steven J. Baskauf,https://bioimages.vanderbilt.edu/baskauf/15003,https://bioimages.vanderbilt.edu/tn/baskauf/tsoam3-fr15003.jpg,https://bioimages.vanderbilt.edu/gq/baskauf/gsoam3-fr15003.jpg,
baskauf/15008,baskauf_15008.jpg,Sorbus americana,American mountain ash,Rosaceae,fruit,fruit,as borne on the plant,010601,fruit / as borne on the plant,fruit,ind-baskauf/15003,2002-09-07T09:31:29-04:00,Steven J. Baskauf,https://bioimages.vanderbilt.edu/baskauf/15008,https://bioimages.vanderbilt.edu/tn/baskauf/tsoam3-frcloseup15008.jpg,https://bioimages.vanderbilt.edu/gq/baskauf/gsoam3-frcloseup15008.jpg,
baskauf/11999,baskauf_11999.jpg,Staphylea trifolia,American bladdernut,Staphyleaceae,whole plant,whole tree (or vine),general,010101,whole tree (or vine) / general,whole-tree,ind-baskauf/11999,2002-06-08T12:11:21-05:00,Steven J. Baskauf,https://bioimages.vanderbilt.edu/baskauf/11999,https://bioimages.vanderbilt.edu/tn/baskauf/tsttr--wp11999.jpg,https://bioimages.vanderbilt.edu/gq/baskauf/gsttr--wp11999.jpg,
baskauf/20551,baskauf_20551.jpg,Staphylea trifolia,American bladdernut,Staphyleaceae,whole plant,whole tree (or vine),general,010101,whole tree (or vine) / general,whole-tree,ind-baskauf/20542,2003-04-13T16:57:20-05:00,Steven J. Baskauf,https://bioimages.vanderbilt.edu/baskauf/20551,https://bioimages.vanderbilt.edu/tn/baskauf/tsttr--wpin-flower20551.jpg,https://bioimages.vanderbilt.edu/gq/baskauf/gsttr--wpin-flower20551.jpg,
baskauf/20563,baskauf_20563.jpg,Staphylea trifolia,American bladdernut,Staphyleaceae,bark,bark,of a medium tree or large branch,010202,bark / of a medium tree or large branch,bark,ind-baskauf/20542,2003-04-13T16:59:19-05:00,Steven J. Baskauf,https://bioimages.vanderbilt.edu/baskauf/20563,https://bioimages.vanderbilt.edu/tn/baskauf/tsttr--brmedium20563.jpg,https://bioimages.vanderbilt.edu/gq/baskauf/gsttr--brmedium20563.jpg,
baskauf/20565,baskauf_20565.jpg,Staphylea trifolia,American bladdernut,Staphyleaceae,bark,bark,of a small tree or small branch,010203,bark / of a small tree or small branch,bark,ind-baskauf/20542,2003-04-13T17:00:00-05:00,Steven J. Baskauf,https://bioimages.vanderbilt.edu/baskauf/20565,https://bioimages.vanderbilt.edu/tn/baskauf/tsttr--brsmall20565.jpg,https://bioimages.vanderbilt.edu/gq/baskauf/gsttr--brsmall20565.jpg,
baskauf/20570,baskauf_20570.jpg,Staphylea trifolia,American bladdernut,Staphyleaceae,twig,twig,orientation of petioles,010301,twig / orientation of petioles,twig,ind-baskauf/20542,2003-04-13T17:00:37-05:00,Steven J. Baskauf,https://bioimages.vanderbilt.edu/baskauf/20570,https://bioimages.vanderbilt.edu/tn/baskauf/tsttr--tw20570.jpg,https://bioimages.vanderbilt.edu/gq/baskauf/gsttr--tw20570.jpg,
baskauf/12002,baskauf_12002.jpg,Staphylea trifolia,American bladdernut,Staphyleaceae,leaf,leaf,whole upper surface,010401,leaf / whole upper surface,leaf,ind-baskauf/11999,2002-06-08T12:12:55-05:00,Steven J. Baskauf,https://bioimages.vanderbilt.edu/baskauf/12002,https://bioimages.vanderbilt.edu/tn/baskauf/tsttr--lf12002.jpg,https://bioimages.vanderbilt.edu/gq/baskauf/gsttr--lf12002.jpg,
baskauf/20572,baskauf_20572.jpg,Staphylea trifolia,American bladdernut,Staphyleaceae,leaf,leaf,whole upper surface,010401,leaf / whole upper surface,leaf,ind-baskauf/20542,2003-04-13T17:01:10-05:00,Steven J. Baskauf,https://bioimages.vanderbilt.edu/baskauf/20572,https://bioimages.vanderbilt.edu/tn/baskauf/tsttr--lf20572.jpg,https://bioimages.vanderbilt.edu/gq/baskauf/gsttr--lf20572.jpg,
baskauf/20545,baskauf_20545.jpg,Staphylea trifolia,American bladdernut,Staphyleaceae,flower,inflorescence,whole - unspecified,010501,inflorescence / whole - unspecified,flower,ind-baskauf/20542,2003-04-13T16:56:03-05:00,Steven J. Baskauf,https://bioimages.vanderbilt.edu/baskauf/20545,https://bioimages.vanderbilt.edu/tn/baskauf/tsttr--fl20545.jpg,https://bioimages.vanderbilt.edu/gq/baskauf/gsttr--fl20545.jpg,unspecified view
baskauf/20553,baskauf_20553.jpg,Staphylea trifolia,American bladdernut,Staphyleaceae,flower,inflorescence,whole - unspecified,010501,inflorescence / whole - unspecified,flower,ind-baskauf/20542,2003-04-13T16:57:48-05:00,Steven J. Baskauf,https://bioimages.vanderbilt.edu/baskauf/20553,https://bioimages.vanderbilt.edu/tn/baskauf/tsttr--flmass20553.jpg,https://bioimages.vanderbilt.edu/gq/baskauf/gsttr--flmass20553.jpg,unspecified view
baskauf/12005,baskauf_12005.jpg,Staphylea trifolia,American bladdernut,Staphyleaceae,fruit,fruit,as borne on the plant,010601,fruit / as borne on the plant,fruit,ind-baskauf/11999,2002-06-08T12:14:00-05:00,Steven J. Baskauf,https://bioimages.vanderbilt.edu/baskauf/12005,https://bioimages.vanderbilt.edu/tn/baskauf/tsttr--fr12005.jpg,https://bioimages.vanderbilt.edu/gq/baskauf/gsttr--fr12005.jpg,
baskauf/12008,baskauf_12008.jpg,Staphylea trifolia,American bladdernut,Staphyleaceae,fruit,fruit,lateral or general close-up,010602,fruit / lateral or general close-up,fruit,ind-baskauf/11999,2002-06-08T12:15:25-05:00,Steven J. Baskauf,https://bioimages.vanderbilt.edu/baskauf/12008,https://bioimages.vanderbilt.edu/tn/baskauf/tsttr--frcloseup12008.jpg,https://bioimages.vanderbilt.edu/gq/baskauf/gsttr--frcloseup12008.jpg,
baskauf/43539,baskauf_43539.jpg,Thuja occidentalis,arborvitae,Cupressaceae,whole plant,whole tree,general,030101,whole tree / general,whole-tree,ind-baskauf/43537,2005-10-19T08:36:27-05:00,Steven J. Baskauf,https://bioimages.vanderbilt.edu/baskauf/43539,https://bioimages.vanderbilt.edu/tn/baskauf/tthoc2-wp43539.jpg,https://bioimages.vanderbilt.edu/gq/baskauf/gthoc2-wp43539.jpg,
baskauf/43553,baskauf_43553.jpg,Thuja occidentalis,arborvitae,Cupressaceae,whole plant,whole tree,view up trunk,030102,whole tree / view up trunk,whole-tree,ind-baskauf/43537,2005-10-19T08:41:43-05:00,Steven J. Baskauf,https://bioimages.vanderbilt.edu/baskauf/43553,https://bioimages.vanderbilt.edu/tn/baskauf/tthoc2-wplookup43553.jpg,https://bioimages.vanderbilt.edu/gq/baskauf/gthoc2-wplookup43553.jpg,
baskauf/43541,baskauf_43541.jpg,Thuja occidentalis,arborvitae,Cupressaceae,bark,bark,of a medium tree or large branch,030202,bark / of a medium tree or large branch,bark,ind-baskauf/43537,2005-10-19T08:37:27-05:00,Steven J. Baskauf,https://bioimages.vanderbilt.edu/baskauf/43541,https://bioimages.vanderbilt.edu/tn/baskauf/tthoc2-br43541.jpg,https://bioimages.vanderbilt.edu/gq/baskauf/gthoc2-br43541.jpg,
baskauf/43552,baskauf_43552.jpg,Thuja occidentalis,arborvitae,Cupressaceae,twig,twig,after fallen needles,030301,twig / after fallen needles,twig,ind-baskauf/43537,2005-10-19T08:39:38-05:00,Steven J. Baskauf,https://bioimages.vanderbilt.edu/baskauf/43552,https://bioimages.vanderbilt.edu/tn/baskauf/tthoc2-twlarge43552.jpg,https://bioimages.vanderbilt.edu/gq/baskauf/gthoc2-twlarge43552.jpg,
baskauf/43550,baskauf_43550.jpg,Thuja occidentalis,arborvitae,Cupressaceae,twig,twig,showing attachment of needles,030302,twig / showing attachment of needles,twig,ind-baskauf/43537,2005-10-19T08:39:22-05:00,Steven J. Baskauf,https://bioimages.vanderbilt.edu/baskauf/43550,https://bioimages.vanderbilt.edu/tn/baskauf/tthoc2-twsmall43550.jpg,https://bioimages.vanderbilt.edu/gq/baskauf/gthoc2-twsmall43550.jpg,
baskauf/43546,baskauf_43546.jpg,Thuja occidentalis,arborvitae,Cupressaceae,needle,leaf,entire needle,030401,leaf / entire needle,leaf,ind-baskauf/43537,2005-10-19T08:38:36-05:00,Steven J. Baskauf,https://bioimages.vanderbilt.edu/baskauf/43546,https://bioimages.vanderbilt.edu/tn/baskauf/tthoc2-lfclose43546.jpg,https://bioimages.vanderbilt.edu/gq/baskauf/gthoc2-lfclose43546.jpg,
baskauf/43548,baskauf_43548.jpg,Thuja occidentalis,arborvitae,Cupressaceae,needle,leaf,entire needle,030401,leaf / entire needle,leaf,ind-baskauf/43537,2005-10-19T08:39:03-05:00,Steven J. Baskauf,https://bioimages.vanderbilt.edu/baskauf/43548,https://bioimages.vanderbilt.edu/tn/baskauf/tthoc2-lfclose43548.jpg,https://bioimages.vanderbilt.edu/gq/baskauf/gthoc2-lfclose43548.jpg,
baskauf/43545,baskauf_43545.jpg,Thuja occidentalis,arborvitae,Cupressaceae,needle,leaf,showing orientation on twig,030402,leaf / showing orientation on twig,leaf,ind-baskauf/43537,2005-10-19T08:38:22-05:00,Steven J. Baskauf,https://bioimages.vanderbilt.edu/baskauf/43545,https://bioimages.vanderbilt.edu/tn/baskauf/tthoc2-lf43545.jpg,https://bioimages.vanderbilt.edu/gq/baskauf/gthoc2-lf43545.jpg,
baskauf/11469,baskauf_11469.jpg,Tilia americana,white basswood,Tiliaceae,whole plant,whole tree (or vine),general,010101,whole tree (or vine) / general,whole-tree,ind-baskauf/11469,2002-05-30T10:56:45-04:00,Steven J. Baskauf,https://bioimages.vanderbilt.edu/baskauf/11469,https://bioimages.vanderbilt.edu/tn/baskauf/ttiamh-wproot-sprouts11469.jpg,https://bioimages.vanderbilt.edu/gq/baskauf/gtiamh-wproot-sprouts11469.jpg,
baskauf/90902,baskauf_90902.jpg,Tilia americana,white basswood,Tiliaceae,whole plant,whole tree (or vine),general,010101,whole tree (or vine) / general,whole-tree,vanderbilt/6-89,2014-09-03T08:09:26-05:00,Steven J. Baskauf,https://bioimages.vanderbilt.edu/baskauf/90902,https://bioimages.vanderbilt.edu/tn/baskauf/t90902.jpg,https://bioimages.vanderbilt.edu/gq/baskauf/g90902.jpg,
baskauf/91146,baskauf_91146.jpg,Tilia americana,white basswood,Tiliaceae,whole plant,whole tree (or vine),general,010101,whole tree (or vine) / general,whole-tree,vanderbilt/12-173,2014-09-11T17:38:29-05:00,Steven J. Baskauf,https://bioimages.vanderbilt.edu/baskauf/91146,https://bioimages.vanderbilt.edu/tn/baskauf/t91146.jpg,https://bioimages.vanderbilt.edu/gq/baskauf/g91146.jpg,
baskauf/11666,baskauf_11666.jpg,Tilia americana,white basswood,Tiliaceae,whole plant,whole tree (or vine),unspecified,010100,whole tree (or vine) / unspecified,whole-tree,ind-baskauf/11666,2002-06-01T13:55:38-04:00,Steven J. Baskauf,https://bioimages.vanderbilt.edu/baskauf/11666,https://bioimages.vanderbilt.edu/tn/baskauf/ttiamh-wproot-sprouts11666.jpg,https://bioimages.vanderbilt.edu/gq/baskauf/gtiamh-wproot-sprouts11666.jpg,unspecified view
baskauf/11463,baskauf_11463.jpg,Tilia americana,white basswood,Tiliaceae,bark,bark,of a large tree,010201,bark / of a large tree,bark,ind-baskauf/11463,2002-05-30T10:51:59-04:00,Steven J. Baskauf,https://bioimages.vanderbilt.edu/baskauf/11463,https://bioimages.vanderbilt.edu/tn/baskauf/ttiamh-brlarge-tree11463.jpg,https://bioimages.vanderbilt.edu/gq/baskauf/gtiamh-brlarge-tree11463.jpg,
baskauf/16689,baskauf_16689.jpg,Tilia americana,white basswood,Tiliaceae,twig,twig,close-up winter terminal bud,010304,twig / close-up winter terminal bud,twig,ind-baskauf/16689,2002-10-31T09:35:01-06:00,Steven J. Baskauf,https://bioimages.vanderbilt.edu/baskauf/16689,https://bioimages.vanderbilt.edu/tn/baskauf/ttiamh-twwinter-bud16689.jpg,https://bioimages.vanderbilt.edu/gq/baskauf/gtiamh-twwinter-bud16689.jpg,
baskauf/11646,baskauf_11646.jpg,Tilia americana,white basswood,Tiliaceae,twig,twig,orientation of petioles,010301,twig / orientation of petioles,twig,ind-baskauf/11643,2002-06-01T12:40:06-04:00,Steven J. Baskauf,https://bioimages.vanderbilt.edu/baskauf/11646,https://bioimages.vanderbilt.edu/tn/baskauf/ttiamh-tw11646.jpg,https://bioimages.vanderbilt.edu/gq/baskauf/gtiamh-tw11646.jpg,
baskauf/11653,baskauf_11653.jpg,Tilia americana,white basswood,Tiliaceae,twig,twig,orientation of petioles,010301,twig / orientation of petioles,twig,ind-baskauf/11653,2002-06-01T13:32:22-04:00,Steven J. Baskauf,https://bioimages.vanderbilt.edu/baskauf/11653,https://bioimages.vanderbilt.edu/tn/baskauf/ttiamh-twbud11653.jpg,https://bioimages.vanderbilt.edu/gq/baskauf/gtiamh-twbud11653.jpg,
baskauf/11656,baskauf_11656.jpg,Tilia americana,white basswood,Tiliaceae,twig,twig,orientation of petioles,010301,twig / orientation of petioles,twig,ind-baskauf/11653,2002-06-01T13:36:36-04:00,Steven J. Baskauf,https://bioimages.vanderbilt.edu/baskauf/11656,https://bioimages.vanderbilt.edu/tn/baskauf/ttiamh-tw11656.jpg,https://bioimages.vanderbilt.edu/gq/baskauf/gtiamh-tw11656.jpg,
baskauf/16240,baskauf_16240.jpg,Tilia americana,white basswood,Tiliaceae,twig,twig,orientation of petioles,010301,twig / orientation of petioles,twig,vanderbilt/6-89,2002-10-02T09:56:14-05:00,Steven J. Baskauf,https://bioimages.vanderbilt.edu/baskauf/16240,https://bioimages.vanderbilt.edu/tn/baskauf/ttiamh-twbuds16240.jpg,https://bioimages.vanderbilt.edu/gq/baskauf/gtiamh-twbuds16240.jpg,
baskauf/15576,baskauf_15576.jpg,Tilia americana,white basswood,Tiliaceae,leaf,leaf,margin of upper + lower surface,010402,leaf / margin of upper + lower surface,leaf,vanderbilt/6-89,2002-09-16T08:46:57-05:00,Steven J. Baskauf,https://bioimages.vanderbilt.edu/baskauf/15576,https://bioimages.vanderbilt.edu/tn/baskauf/ttiamh-lfmargin-uplow15576.jpg,https://bioimages.vanderbilt.edu/gq/baskauf/gtiamh-lfmargin-uplow15576.jpg,
baskauf/11464,baskauf_11464.jpg,Tilia americana,white basswood,Tiliaceae,leaf,leaf,showing orientation on twig,010403,leaf / showing orientation on twig,leaf,ind-baskauf/11464,2002-05-30T10:53:20-04:00,Steven J. Baskauf,https://bioimages.vanderbilt.edu/baskauf/11464,https://bioimages.vanderbilt.edu/tn/baskauf/ttiamh-tw11464.jpg,https://bioimages.vanderbilt.edu/gq/baskauf/gtiamh-tw11464.jpg,
baskauf/11645,baskauf_11645.jpg,Tilia americana,white basswood,Tiliaceae,leaf,leaf,showing orientation on twig,010403,leaf / showing orientation on twig,leaf,ind-baskauf/11643,2002-06-01T12:38:52-04:00,Steven J. Baskauf,https://bioimages.vanderbilt.edu/baskauf/11645,https://bioimages.vanderbilt.edu/tn/baskauf/ttiamh-lfseveral11645.jpg,https://bioimages.vanderbilt.edu/gq/baskauf/gtiamh-lfseveral11645.jpg,
baskauf/11752,baskauf_11752.jpg,Tilia americana,white basswood,Tiliaceae,leaf,leaf,unspecified,010400,leaf / unspecified,leaf,vanderbilt/6-89,2002-06-04T10:27:05-05:00,Steven J. Baskauf,https://bioimages.vanderbilt.edu/baskauf/11752,https://bioimages.vanderbilt.edu/tn/baskauf/ttiamh-lflower-more11752.jpg,https://bioimages.vanderbilt.edu/gq/baskauf/gtiamh-lflower-more11752.jpg,unspecified view
baskauf/11753,baskauf_11753.jpg,Tilia americana,white basswood,Tiliaceae,leaf,leaf,unspecified,010400,leaf / unspecified,leaf,vanderbilt/6-89,2002-06-04T10:39:15-05:00,Steven J. Baskauf,https://bioimages.vanderbilt.edu/baskauf/11753,https://bioimages.vanderbilt.edu/tn/baskauf/ttiamh-lflower-hair11753.jpg,https://bioimages.vanderbilt.edu/gq/baskauf/gtiamh-lflower-hair11753.jpg,unspecified view
baskauf/11643,baskauf_11643.jpg,Tilia americana,white basswood,Tiliaceae,leaf,leaf,whole upper surface,010401,leaf / whole upper surface,leaf,ind-baskauf/11643,2002-06-01T12:37:02-04:00,Steven J. Baskauf,https://bioimages.vanderbilt.edu/baskauf/11643,https://bioimages.vanderbilt.edu/tn/baskauf/ttiamh-lf11643.jpg,https://bioimages.vanderbilt.edu/gq/baskauf/gtiamh-lf11643.jpg,
baskauf/11644,baskauf_11644.jpg,Tilia americana,white basswood,Tiliaceae,leaf,leaf,whole upper surface,010401,leaf / whole upper surface,leaf,ind-baskauf/11643,2002-06-01T12:37:52-04:00,Steven J. Baskauf,https://bioimages.vanderbilt.edu/baskauf/11644,https://bioimages.vanderbilt.edu/tn/baskauf/ttiamh-lflower-less11644.jpg,https://bioimages.vanderbilt.edu/gq/baskauf/gtiamh-lflower-less11644.jpg,
baskauf/11751,baskauf_11751.jpg,Tilia americana,white basswood,Tiliaceae,leaf,leaf,whole upper surface,010401,leaf / whole upper surface,leaf,vanderbilt/6-89,2002-06-04T10:26:39-05:00,Steven J. Baskauf,https://bioimages.vanderbilt.edu/baskauf/11751,https://bioimages.vanderbilt.edu/tn/baskauf/ttiamh-lf11751.jpg,https://bioimages.vanderbilt.edu/gq/baskauf/gtiamh-lf11751.jpg,
baskauf/11746,baskauf_11746.jpg,Tilia americana,white basswood,Tiliaceae,flower,inflorescence,frontal view of flower,010505,inflorescence / frontal view of flower,flower,vanderbilt/6-89,2002-06-04T10:22:31-05:00,Steven J. Baskauf,https://bioimages.vanderbilt.edu/baskauf/11746,https://bioimages.vanderbilt.edu/tn/baskauf/ttiamh-flclose11746.jpg,https://bioimages.vanderbilt.edu/gq/baskauf/gtiamh-flclose11746.jpg,
baskauf/10670,baskauf_10670.jpg,Tilia americana,white basswood,Tiliaceae,flower,inflorescence,whole - unspecified,010501,inflorescence / whole - unspecified,flower,vanderbilt/6-89,2002-04-22T10:20:08-05:00,Steven J. Baskauf,https://bioimages.vanderbilt.edu/baskauf/10670,https://bioimages.vanderbilt.edu/tn/baskauf/ttiamh-flearly10670.jpg,https://bioimages.vanderbilt.edu/gq/baskauf/gtiamh-flearly10670.jpg,unspecified view
baskauf/11733,baskauf_11733.jpg,Tilia americana,white basswood,Tiliaceae,flower,inflorescence,whole - unspecified,010501,inflorescence / whole - unspecified,flower,vanderbilt/6-89,2002-06-04T10:13:00-05:00,Steven J. Baskauf,https://bioimages.vanderbilt.edu/baskauf/11733,https://bioimages.vanderbilt.edu/tn/baskauf/ttiamh-fldistant11733.jpg,https://bioimages.vanderbilt.edu/gq/baskauf/gtiamh-fldistant11733.jpg,unspecified view
baskauf/11744,baskauf_11744.jpg,Tilia americana,white basswood,Tiliaceae,flower,inflorescence,whole - unspecified,010501,inflorescence / whole - unspecified,flower,vanderbilt/6-89,2002-06-04T10:21:05-05:00,Steven J. Baskauf,https://bioimages.vanderbilt.edu/baskauf/11744,https://bioimages.vanderbilt.edu/tn/baskauf/ttiamh-flinflor11744.jpg,https://bioimages.vanderbilt.edu/gq/baskauf/gtiamh-flinflor11744.jpg,unspecified view
baskauf/15581,baskauf_15581.jpg,Tilia americana,white basswood,Tiliaceae,fruit,fruit,as borne on the plant,010601,fruit / as borne on the plant,fruit,vanderbilt/6-89,2002-09-16T08:48:59-05:00,Steven J. Baskauf,https://bioimages.vanderbilt.edu/baskauf/15581,https://bioimages.vanderbilt.edu/tn/baskauf/ttiamh-fr15581.jpg,https://bioimages.vanderbilt.edu/gq/baskauf/gtiamh-fr15581.jpg,
baskauf/10220,baskauf_10220.jpg,Tilia americana,white basswood,Tiliaceae,fruit,fruit,lateral or general close-up,010602,fruit / lateral or general close-up,fruit,vanderbilt/6-89,2001-11-19T12:35:59-06:00,Steven J. Baskauf,https://bioimages.vanderbilt.edu/baskauf/10220,https://bioimages.vanderbilt.edu/tn/baskauf/ttiamh-frmature10220.jpg,https://bioimages.vanderbilt.edu/gq/baskauf/gtiamh-frmature10220.jpg,
baskauf/10833,baskauf_10833.jpg,Toxicodendron radicans,eastern poison ivy,Anacardiaceae,whole plant,whole tree (or vine),general,010101,whole tree (or vine) / general,whole-tree,ind-baskauf/10832,2002-05-07T08:09:36-05:00,Steven J. Baskauf,https://bioimages.vanderbilt.edu/baskauf/10833,https://bioimages.vanderbilt.edu/tn/baskauf/ttora2-wpin-flower10833.jpg,https://bioimages.vanderbilt.edu/gq/baskauf/gtora2-wpin-flower10833.jpg,
baskauf/10892,baskauf_10892.jpg,Toxicodendron radicans,eastern poison ivy,Anacardiaceae,whole plant,whole tree (or vine),general,010101,whole tree (or vine) / general,whole-tree,ind-baskauf/10892,2002-05-10T17:29:56-05:00,Steven J. Baskauf,https://bioimages.vanderbilt.edu/baskauf/10892,https://bioimages.vanderbilt.edu/tn/baskauf/ttora2-wpgrondcover10892.jpg,https://bioimages.vanderbilt.edu/gq/baskauf/gtora2-wpgrondcover10892.jpg,
baskauf/10893,baskauf_10893.jpg,Toxicodendron radicans,eastern poison ivy,Anacardiaceae,whole plant,whole tree (or vine),general,010101,whole tree (or vine) / general,whole-tree,ind-baskauf/10893,2002-05-10T17:30:29-05:00,Steven J. Baskauf,https://bioimages.vanderbilt.edu/baskauf/10893,https://bioimages.vanderbilt.edu/tn/baskauf/ttora2-wpclimbing10893.jpg,https://bioimages.vanderbilt.edu/gq/baskauf/gtora2-wpclimbing10893.jpg,
thomas/0506-01-06,thomas_0506-01-06.jpg,Toxicodendron radicans,eastern poison ivy,Anacardiaceae,whole plant,whole tree (or vine),general,010101,whole tree (or vine) / general,whole-tree,thomas/0506-01,2011-05-19T11:58:11-05:00,Ron Thomas,https://bioimages.vanderbilt.edu/thomas/0506-01-06,https://bioimages.vanderbilt.edu/tn/thomas/t0506-01-06.jpg,https://bioimages.vanderbilt.edu/gq/thomas/g0506-01-06.jpg,
baskauf/10834,baskauf_10834.jpg,Toxicodendron radicans,eastern poison ivy,Anacardiaceae,bark,bark,of a large tree,010201,bark / of a large tree,bark,ind-baskauf/10832,2002-05-07T08:09:47-05:00,Steven J. Baskauf,https://bioimages.vanderbilt.edu/baskauf/10834,https://bioimages.vanderbilt.edu/tn/baskauf/ttora2-br10834.jpg,https://bioimages.vanderbilt.edu/gq/baskauf/gtora2-br10834.jpg,
baskauf/17295,baskauf_17295.jpg,Toxicodendron radicans,eastern poison ivy,Anacardiaceae,bark,bark,of a small tree or small branch,010203,bark / of a small tree or small branch,bark,ind-baskauf/17295,2003-03-03T09:59:43-06:00,Steven J. Baskauf,https://bioimages.vanderbilt.edu/baskauf/17295,https://bioimages.vanderbilt.edu/tn/baskauf/ttora2-br17295.jpg,https://bioimages.vanderbilt.edu/gq/baskauf/gtora2-br17295.jpg,
baskauf/17306,baskauf_17306.jpg,Toxicodendron radicans,eastern poison ivy,Anacardiaceae,twig,twig,winter overall,010302,twig / winter overall,twig,ind-baskauf/17295,2003-03-03T10:04:33-06:00,Steven J. Baskauf,https://bioimages.vanderbilt.edu/baskauf/17306,https://bioimages.vanderbilt.edu/tn/baskauf/ttora2-tw17306.jpg,https://bioimages.vanderbilt.edu/gq/baskauf/gtora2-tw17306.jpg,
baskauf/16418,baskauf_16418.jpg,Toxicodendron radicans,eastern poison ivy,Anacardiaceae,leaf,leaf,showing orientation on twig,010403,leaf / showing orientation on twig,leaf,ind-baskauf/16418,2002-10-18T09:28:39-05:00,Steven J. Baskauf,https://bioimages.vanderbilt.edu/baskauf/16418,https://bioimages.vanderbilt.edu/tn/baskauf/ttora2-lffall-color16418.jpg,https://bioimages.vanderbilt.edu/gq/baskauf/gtora2-lffall-color16418.jpg,
thomas/0506-01-08,thomas_0506-01-08.jpg,Toxicodendron radicans,eastern poison ivy,Anacardiaceae,leaf,leaf,showing orientation on twig,010403,leaf / showing orientation on twig,leaf,thomas/0506-01,2011-05-19T12:05:12-05:00,Ron Thomas,https://bioimages.vanderbilt.edu/thomas/0506-01-08,https://bioimages.vanderbilt.edu/tn/thomas/t0506-01-08.jpg,https://bioimages.vanderbilt.edu/gq/thomas/g0506-01-08.jpg,
thomas/0506-01-05,thomas_0506-01-05.jpg,Toxicodendron radicans,eastern poison ivy,Anacardiaceae,leaf,leaf,unspecified,010400,leaf / unspecified,leaf,thomas/0506-01,2011-05-21T11:56:38-05:00,Ron Thomas,https://bioimages.vanderbilt.edu/thomas/0506-01-05,https://bioimages.vanderbilt.edu/tn/thomas/t0506-01-05.jpg,https://bioimages.vanderbilt.edu/gq/thomas/g0506-01-05.jpg,unspecified view
thomas/0506-01-09,thomas_0506-01-09.jpg,Toxicodendron radicans,eastern poison ivy,Anacardiaceae,leaf,leaf,unspecified,010400,leaf / unspecified,leaf,thomas/0506-01,2011-05-21T11:48:06-05:00,Ron Thomas,https://bioimages.vanderbilt.edu/thomas/0506-01-09,https://bioimages.vanderbilt.edu/tn/thomas/t0506-01-09.jpg,https://bioimages.vanderbilt.edu/gq/thomas/g0506-01-09.jpg,unspecified view
thomas/0506-01-10,thomas_0506-01-10.jpg,Toxicodendron radicans,eastern poison ivy,Anacardiaceae,leaf,leaf,unspecified,010400,leaf / unspecified,leaf,thomas/0506-01,2011-05-21T12:04:27-05:00,Ron Thomas,https://bioimages.vanderbilt.edu/thomas/0506-01-10,https://bioimages.vanderbilt.edu/tn/thomas/t0506-01-10.jpg,https://bioimages.vanderbilt.edu/gq/thomas/g0506-01-10.jpg,unspecified view
baskauf/20452,baskauf_20452.jpg,Toxicodendron radicans,eastern poison ivy,Anacardiaceae,leaf,leaf,whole upper surface,010401,leaf / whole upper surface,leaf,ind-baskauf/20451,2003-04-13T16:27:50-05:00,Steven J. Baskauf,https://bioimages.vanderbilt.edu/baskauf/20452,https://bioimages.vanderbilt.edu/tn/baskauf/ttora2-lfnew20452.jpg,https://bioimages.vanderbilt.edu/gq/baskauf/gtora2-lfnew20452.jpg,
baskauf/20454,baskauf_20454.jpg,Toxicodendron radicans,eastern poison ivy,Anacardiaceae,leaf,leaf,whole upper surface,010401,leaf / whole upper surface,leaf,ind-baskauf/20451,2003-04-13T16:29:57-05:00,Steven J. Baskauf,https://bioimages.vanderbilt.edu/baskauf/20454,https://bioimages.vanderbilt.edu/tn/baskauf/ttora2-lf20454.jpg,https://bioimages.vanderbilt.edu/gq/baskauf/gtora2-lf20454.jpg,
thomas/0301-02-02,thomas_0301-02-02.jpg,Toxicodendron radicans,eastern poison ivy,Anacardiaceae,leaf,leaf,whole upper surface,010401,leaf / whole upper surface,leaf,thomas/0301-02,2009-05-17T11:49:44-05:00,Ron Thomas,https://bioimages.vanderbilt.edu/thomas/0301-02-02,https://bioimages.vanderbilt.edu/tn/thomas/t0301-02-02.jpg,https://bioimages.vanderbilt.edu/gq/thomas/g0301-02-02.jpg,
thomas/0506-01-04,thomas_0506-01-04.jpg,Toxicodendron radicans,eastern poison ivy,Anacardiaceae,leaf,leaf,whole upper surface,010401,leaf / whole upper surface,leaf,thomas/0506-01,2011-05-21T11:45:54-05:00,Ron Thomas,https://bioimages.vanderbilt.edu/thomas/0506-01-04,https://bioimages.vanderbilt.edu/tn/thomas/t0506-01-04.jpg,https://bioimages.vanderbilt.edu/gq/thomas/g0506-01-04.jpg,
hessd/e5381,hessd_e5381.jpg,Toxicodendron radicans,eastern poison ivy,Anacardiaceae,flower,inflorescence,frontal view of flower,010505,inflorescence / frontal view of flower,flower,ind-hessd/e5381,2005-04-23T11:40:38-05:00,Darel Hess,https://bioimages.vanderbilt.edu/hessd/e5381,https://bioimages.vanderbilt.edu/tn/hessd/ttora2-fl0133e5381.jpg,https://bioimages.vanderbilt.edu/gq/hessd/gtora2-fl0133e5381.jpg,
thomas/0301-02-01,thomas_0301-02-01.jpg,Toxicodendron radicans,eastern poison ivy,Anacardiaceae,flower,inflorescence,frontal view of flower,010505,inflorescence / frontal view of flower,flower,thomas/0301-02,2009-05-17T11:48:20-05:00,Ron Thomas,https://bioimages.vanderbilt.edu/thomas/0301-02-01,https://bioimages.vanderbilt.edu/tn/thomas/t0301-02-01.jpg,https://bioimages.vanderbilt.edu/gq/thomas/g0301-02-01.jpg,
thomas/0506-01-03,thomas_0506-01-03.jpg,Toxicodendron radicans,eastern poison ivy,Anacardiaceae,flower,inflorescence,frontal view of flower,010505,inflorescence / frontal view of flower,flower,thomas/0506-01,2011-05-21T11:14:39-05:00,Ron Thomas,https://bioimages.vanderbilt.edu/thomas/0506-01-03,https://bioimages.vanderbilt.edu/tn/thomas/t0506-01-03.jpg,https://bioimages.vanderbilt.edu/gq/thomas/g0506-01-03.jpg,
thomas/0506-01-02,thomas_0506-01-02.jpg,Toxicodendron radicans,eastern poison ivy,Anacardiaceae,flower,inflorescence,lateral view of flower,010504,inflorescence / lateral view of flower,flower,thomas/0506-01,2011-05-21T11:05:52-05:00,Ron Thomas,https://bioimages.vanderbilt.edu/thomas/0506-01-02,https://bioimages.vanderbilt.edu/tn/thomas/t0506-01-02.jpg,https://bioimages.vanderbilt.edu/gq/thomas/g0506-01-02.jpg,
baskauf/10832,baskauf_10832.jpg,Toxicodendron radicans,eastern poison ivy,Anacardiaceae,flower,inflorescence,whole - unspecified,010501,inflorescence / whole - unspecified,flower,ind-baskauf/10832,2002-05-07T08:08:25-05:00,Steven J. Baskauf,https://bioimages.vanderbilt.edu/baskauf/10832,https://bioimages.vanderbilt.edu/tn/baskauf/ttora2-flinflor10832.jpg,https://bioimages.vanderbilt.edu/gq/baskauf/gtora2-flinflor10832.jpg,unspecified view
baskauf/34172,baskauf_34172.jpg,Toxicodendron radicans,eastern poison ivy,Anacardiaceae,flower,inflorescence,whole - unspecified,010501,inflorescence / whole - unspecified,flower,ind-baskauf/34170,2004-05-12T09:53:51-05:00,Steven J. Baskauf,https://bioimages.vanderbilt.edu/baskauf/34172,https://bioimages.vanderbilt.edu/tn/baskauf/ttora2-fl34172.jpg,https://bioimages.vanderbilt.edu/gq/baskauf/gtora2-fl34172.jpg,unspecified view
thomas/0301-02-03,thomas_0301-02-03.jpg,Toxicodendron radicans,eastern poison ivy,Anacardiaceae,flower,inflorescence,whole - unspecified,010501,inflorescence / whole - unspecified,flower,thomas/0301-02,2009-05-17T11:48:13-05:00,Ron Thomas,https://bioimages.vanderbilt.edu/thomas/0301-02-03,https://bioimages.vanderbilt.edu/tn/thomas/t0301-02-03.jpg,https://bioimages.vanderbilt.edu/gq/thomas/g0301-02-03.jpg,unspecified view
thomas/0506-01-01,thomas_0506-01-01.jpg,Toxicodendron radicans,eastern poison ivy,Anacardiaceae,flower,inflorescence,whole - unspecified,010501,inflorescence / whole - unspecified,flower,thomas/0506-01,2011-05-21T10:55:26-05:00,Ron Thomas,https://bioimages.vanderbilt.edu/thomas/0506-01-01,https://bioimages.vanderbilt.edu/tn/thomas/t0506-01-01.jpg,https://bioimages.vanderbilt.edu/gq/thomas/g0506-01-01.jpg,unspecified view
thomas/0506-01-07,thomas_0506-01-07.jpg,Toxicodendron radicans,eastern poison ivy,Anacardiaceae,flower,inflorescence,whole - unspecified,010501,inflorescence / whole - unspecified,flower,thomas/0506-01,2011-05-19T11:59:10-05:00,Ron Thomas,https://bioimages.vanderbilt.edu/thomas/0506-01-07,https://bioimages.vanderbilt.edu/tn/thomas/t0506-01-07.jpg,https://bioimages.vanderbilt.edu/gq/thomas/g0506-01-07.jpg,unspecified view
baskauf/15951,baskauf_15951.jpg,Toxicodendron radicans,eastern poison ivy,Anacardiaceae,fruit,fruit,as borne on the plant,010601,fruit / as borne on the plant,fruit,ind-baskauf/15948,2002-09-25T08:04:45-05:00,Steven J. Baskauf,https://bioimages.vanderbilt.edu/baskauf/15951,https://bioimages.vanderbilt.edu/tn/baskauf/ttora2-frdistant15951.jpg,https://bioimages.vanderbilt.edu/gq/baskauf/gtora2-frdistant15951.jpg,
baskauf/15948,baskauf_15948.jpg,Toxicodendron radicans,eastern poison ivy,Anacardiaceae,fruit,fruit,lateral or general close-up,010602,fruit / lateral or general close-up,fruit,ind-baskauf/15948,2002-09-25T08:03:40-05:00,Steven J. Baskauf,https://bioimages.vanderbilt.edu/baskauf/15948,https://bioimages.vanderbilt.edu/tn/baskauf/ttora2-frcloseup15948.jpg,https://bioimages.vanderbilt.edu/gq/baskauf/gtora2-frcloseup15948.jpg,
baskauf/11392,baskauf_11392.jpg,Tsuga canadensis,eastern hemlock,Pinaceae,whole plant,whole tree,general,030101,whole tree / general,whole-tree,ind-baskauf/11392,2002-05-28T15:38:47-04:00,Steven J. Baskauf,https://bioimages.vanderbilt.edu/baskauf/11392,https://bioimages.vanderbilt.edu/tn/baskauf/ttsca--wpby-stream11392.jpg,https://bioimages.vanderbilt.edu/gq/baskauf/gtsca--wpby-stream11392.jpg,
baskauf/11490,baskauf_11490.jpg,Tsuga canadensis,eastern hemlock,Pinaceae,whole plant,whole tree,general,030101,whole tree / general,whole-tree,ind-baskauf/11490,2002-05-30T11:25:11-04:00,Steven J. Baskauf,https://bioimages.vanderbilt.edu/baskauf/11490,https://bioimages.vanderbilt.edu/tn/baskauf/ttsca--wpsmall-forest11490.jpg,https://bioimages.vanderbilt.edu/gq/baskauf/gtsca--wpsmall-forest11490.jpg,
baskauf/11492,baskauf_11492.jpg,Tsuga canadensis,eastern hemlock,Pinaceae,whole plant,whole tree,general,030101,whole tree / general,whole-tree,ind-baskauf/11492,2002-05-30T11:27:56-04:00,Steven J. Baskauf,https://bioimages.vanderbilt.edu/baskauf/11492,https://bioimages.vanderbilt.edu/tn/baskauf/ttsca--wplarge-forest-11492.jpg,https://bioimages.vanderbilt.edu/gq/baskauf/gtsca--wplarge-forest-11492.jpg,
baskauf/91062,baskauf_91062.jpg,Tsuga canadensis,eastern hemlock,Pinaceae,whole plant,whole tree,general,030101,whole tree / general,whole-tree,vanderbilt/6-144,2014-09-11T08:06:49-05:00,Steven J. Baskauf,https://bioimages.vanderbilt.edu/baskauf/91062,https://bioimages.vanderbilt.edu/tn/baskauf/t91062.jpg,https://bioimages.vanderbilt.edu/gq/baskauf/g91062.jpg,
baskauf/11495,baskauf_11495.jpg,Tsuga canadensis,eastern hemlock,Pinaceae,whole plant,whole tree,view up trunk,030102,whole tree / view up trunk,whole-tree,ind-baskauf/11495,2002-05-30T11:35:49-04:00,Steven J. Baskauf,https://bioimages.vanderbilt.edu/baskauf/11495,https://bioimages.vanderbilt.edu/tn/baskauf/ttsca--wpstand-canopy11495.jpg,https://bioimages.vanderbilt.edu/gq/baskauf/gtsca--wpstand-canopy11495.jpg,
baskauf/11497,baskauf_11497.jpg,Tsuga canadensis,eastern hemlock,Pinaceae,whole plant,whole tree,view up trunk,030102,whole tree / view up trunk,whole-tree,ind-baskauf/11497,2002-05-30T11:36:58-04:00,Steven J. Baskauf,https://bioimages.vanderbilt.edu/baskauf/11497,https://bioimages.vanderbilt.edu/tn/baskauf/ttsca--wpstand-trunks11497.jpg,https://bioimages.vanderbilt.edu/gq/baskauf/gtsca--wpstand-trunks11497.jpg,
baskauf/11404,baskauf_11404.jpg,Tsuga canadensis,eastern hemlock,Pinaceae,bark,bark,of a large tree,030201,bark / of a large tree,bark,ind-baskauf/11404,2002-05-28T16:25:17-04:00,Steven J. Baskauf,https://bioimages.vanderbilt.edu/baskauf/11404,https://bioimages.vanderbilt.edu/tn/baskauf/ttsca--br11404.jpg,https://bioimages.vanderbilt.edu/gq/baskauf/gtsca--br11404.jpg,
baskauf/11493,baskauf_11493.jpg,Tsuga canadensis,eastern hemlock,Pinaceae,bark,bark,of a large tree,030201,bark / of a large tree,bark,ind-baskauf/11492,2002-05-30T11:28:48-04:00,Steven J. Baskauf,https://bioimages.vanderbilt.edu/baskauf/11493,https://bioimages.vanderbilt.edu/tn/baskauf/ttsca--br11493.jpg,https://bioimages.vanderbilt.edu/gq/baskauf/gtsca--br11493.jpg,
baskauf/15626,baskauf_15626.jpg,Tsuga canadensis,eastern hemlock,Pinaceae,twig,twig,showing attachment of needles,030302,twig / showing attachment of needles,twig,vanderbilt/6-117,2002-09-17T12:12:28-05:00,Steven J. Baskauf,https://bioimages.vanderbilt.edu/baskauf/15626,https://bioimages.vanderbilt.edu/tn/baskauf/ttsca--tw15626.jpg,https://bioimages.vanderbilt.edu/gq/baskauf/gtsca--tw15626.jpg,
baskauf/11394,baskauf_11394.jpg,Tsuga canadensis,eastern hemlock,Pinaceae,needle,leaf,showing orientation on twig,030402,leaf / showing orientation on twig,leaf,ind-baskauf/11392,2002-05-28T15:41:34-04:00,Steven J. Baskauf,https://bioimages.vanderbilt.edu/baskauf/11394,https://bioimages.vanderbilt.edu/tn/baskauf/ttsca--lf11394.jpg,https://bioimages.vanderbilt.edu/gq/baskauf/gtsca--lf11394.jpg,
baskauf/10805,baskauf_10805.jpg,Tsuga canadensis,eastern hemlock,Pinaceae,cone,cone,female - closed,030503,cone / female - closed,cone,vanderbilt/6-117,2002-04-30T13:10:09-05:00,Steven J. Baskauf,https://bioimages.vanderbilt.edu/baskauf/10805,https://bioimages.vanderbilt.edu/tn/baskauf/ttsca--cofemale-devel10805.jpg,https://bioimages.vanderbilt.edu/gq/baskauf/gtsca--cofemale-devel10805.jpg,
baskauf/10485,baskauf_10485.jpg,Tsuga canadensis,eastern hemlock,Pinaceae,cone,cone,female - mature open,030502,cone / female - mature open,cone,vanderbilt/6-139,2002-04-05T14:10:56-06:00,Steven J. Baskauf,https://bioimages.vanderbilt.edu/baskauf/10485,https://bioimages.vanderbilt.edu/tn/baskauf/ttsca--cofemale-mature10485.jpg,https://bioimages.vanderbilt.edu/gq/baskauf/gtsca--cofemale-mature10485.jpg,
baskauf/10515,baskauf_10515.jpg,Tsuga canadensis,eastern hemlock,Pinaceae,cone,cone,female - receptive,030504,cone / female - receptive,cone,vanderbilt/6-117,2002-04-12T09:15:03-05:00,Steven J. Baskauf,https://bioimages.vanderbilt.edu/baskauf/10515,https://bioimages.vanderbilt.edu/tn/baskauf/ttsca--coall10515.jpg,https://bioimages.vanderbilt.edu/gq/baskauf/gtsca--coall10515.jpg,
baskauf/10516,baskauf_10516.jpg,Tsuga canadensis,eastern hemlock,Pinaceae,cone,cone,female - receptive,030504,cone / female - receptive,cone,vanderbilt/6-117,2002-04-12T09:15:37-05:00,Steven J. Baskauf,https://bioimages.vanderbilt.edu/baskauf/10516,https://bioimages.vanderbilt.edu/tn/baskauf/ttsca--cofemale-devel10516.jpg,https://bioimages.vanderbilt.edu/gq/baskauf/gtsca--cofemale-devel10516.jpg,
baskauf/10536,baskauf_10536.jpg,Tsuga canadensis,eastern hemlock,Pinaceae,cone,cone,male,030501,cone / male,cone,vanderbilt/6-117,2002-04-12T09:46:30-05:00,Steven J. Baskauf,https://bioimages.vanderbilt.edu/baskauf/10536,https://bioimages.vanderbilt.edu/tn/baskauf/ttsca--comale10536.jpg,https://bioimages.vanderbilt.edu/gq/baskauf/gtsca--comale10536.jpg,
baskauf/12242,baskauf_12242.jpg,Ulmus americana,American elm,Ulmaceae,whole plant,whole tree (or vine),general,010101,whole tree (or vine) / general,whole-tree,vanderbilt/13-27,2002-06-11T15:01:49-05:00,Steven J. Baskauf,https://bioimages.vanderbilt.edu/baskauf/12242,https://bioimages.vanderbilt.edu/tn/baskauf/tulam--wplarge12242.jpg,https://bioimages.vanderbilt.edu/gq/baskauf/gulam--wplarge12242.jpg,
baskauf/90762,baskauf_90762.jpg,Ulmus americana,American elm,Ulmaceae,whole plant,whole tree (or vine),general,010101,whole tree (or vine) / general,whole-tree,vanderbilt/10-158,2014-08-27T10:17:51-05:00,Steven J. Baskauf,https://bioimages.vanderbilt.edu/baskauf/90762,https://bioimages.vanderbilt.edu/tn/baskauf/t90762.jpg,https://bioimages.vanderbilt.edu/gq/baskauf/g90762.jpg,
baskauf/90807,baskauf_90807.jpg,Ulmus americana,American elm,Ulmaceae,whole plant,whole tree (or vine),general,010101,whole tree (or vine) / general,whole-tree,vanderbilt/8-77,2014-08-27T10:44:46-05:00,Steven J. Baskauf,https://bioimages.vanderbilt.edu/baskauf/90807,https://bioimages.vanderbilt.edu/tn/baskauf/t90807.jpg,https://bioimages.vanderbilt.edu/gq/baskauf/g90807.jpg,
baskauf/90809,baskauf_90809.jpg,Ulmus americana,American elm,Ulmaceae,whole plant,whole tree (or vine),general,010101,whole tree (or vine) / general,whole-tree,vanderbilt/8-77,2014-08-27T10:45:01-05:00,Steven J. Baskauf,https://bioimages.vanderbilt.edu/baskauf/90809,https://bioimages.vanderbilt.edu/tn/baskauf/t90809.jpg,https://bioimages.vanderbilt.edu/gq/baskauf/g90809.jpg,
baskauf/90975,baskauf_90975.jpg,Ulmus americana,American elm,Ulmaceae,whole plant,whole tree (or vine),general,010101,whole tree (or vine) / general,whole-tree,vanderbilt/3-63,2014-09-03T16:40:41-05:00,Steven J. Baskauf,https://bioimages.vanderbilt.edu/baskauf/90975,https://bioimages.vanderbilt.edu/tn/baskauf/t90975.jpg,https://bioimages.vanderbilt.edu/gq/baskauf/g90975.jpg,
baskauf/91081,baskauf_91081.jpg,Ulmus americana,American elm,Ulmaceae,whole plant,whole tree (or vine),general,010101,whole tree (or vine) / general,whole-tree,vanderbilt/2-30,2014-09-11T08:18:51-05:00,Steven J. Baskauf,https://bioimages.vanderbilt.edu/baskauf/91081,https://bioimages.vanderbilt.edu/tn/baskauf/t91081.jpg,https://bioimages.vanderbilt.edu/gq/baskauf/g91081.jpg,
baskauf/91107,baskauf_91107.jpg,Ulmus americana,American elm,Ulmaceae,whole plant,whole tree (or vine),general,010101,whole tree (or vine) / general,whole-tree,vanderbilt/12-8,2014-09-11T17:02:37-05:00,Steven J. Baskauf,https://bioimages.vanderbilt.edu/baskauf/91107,https://bioimages.vanderbilt.edu/tn/baskauf/t91107.jpg,https://bioimages.vanderbilt.edu/gq/baskauf/g91107.jpg,
baskauf/91154,baskauf_91154.jpg,Ulmus americana,American elm,Ulmaceae,whole plant,whole tree (or vine),general,010101,whole tree (or vine) / general,whole-tree,vanderbilt/12-222,2014-09-11T17:42:49-05:00,Steven J. Baskauf,https://bioimages.vanderbilt.edu/baskauf/91154,https://bioimages.vanderbilt.edu/tn/baskauf/t91154.jpg,https://bioimages.vanderbilt.edu/gq/baskauf/g91154.jpg,
baskauf/90812,baskauf_90812.jpg,Ulmus americana,American elm,Ulmaceae,whole plant,whole tree (or vine),view up trunk,010103,whole tree (or vine) / view up trunk,whole-tree,vanderbilt/8-77,2014-08-27T10:45:37-05:00,Steven J. Baskauf,https://bioimages.vanderbilt.edu/baskauf/90812,https://bioimages.vanderbilt.edu/tn/baskauf/t90812.jpg,https://bioimages.vanderbilt.edu/gq/baskauf/g90812.jpg,
baskauf/90814,baskauf_90814.jpg,Ulmus americana,American elm,Ulmaceae,whole plant,whole tree (or vine),view up trunk,010103,whole tree (or vine) / view up trunk,whole-tree,vanderbilt/8-77,2014-08-27T10:46:01-05:00,Steven J. Baskauf,https://bioimages.vanderbilt.edu/baskauf/90814,https://bioimages.vanderbilt.edu/tn/baskauf/t90814.jpg,https://bioimages.vanderbilt.edu/gq/baskauf/g90814.jpg,
baskauf/10341,baskauf_10341.jpg,Ulmus americana,American elm,Ulmaceae,whole plant,whole tree (or vine),winter,010102,whole tree (or vine) / winter,whole-tree,ind-baskauf/10341,2002-02-25T12:50:45-06:00,Steven J. Baskauf,https://bioimages.vanderbilt.edu/baskauf/10341,https://bioimages.vanderbilt.edu/tn/baskauf/tulam--wpspring10341.jpg,https://bioimages.vanderbilt.edu/gq/baskauf/gulam--wpspring10341.jpg,
baskauf/89363,baskauf_89363.jpg,Ulmus americana,American elm,Ulmaceae,whole plant,whole tree (or vine),winter,010102,whole tree (or vine) / winter,whole-tree,vanderbilt/6-126,2013-12-11T13:33:07-06:00,Steven J. Baskauf,https://bioimages.vanderbilt.edu/baskauf/89363,https://bioimages.vanderbilt.edu/tn/baskauf/t89363.jpg,https://bioimages.vanderbilt.edu/gq/baskauf/g89363.jpg,
baskauf/89388,baskauf_89388.jpg,Ulmus americana,American elm,Ulmaceae,whole plant,whole tree (or vine),winter,010102,whole tree (or vine) / winter,whole-tree,vanderbilt/3-63,2013-12-11T13:48:10-06:00,Steven J. Baskauf,https://bioimages.vanderbilt.edu/baskauf/89388,https://bioimages.vanderbilt.edu/tn/baskauf/t89388.jpg,https://bioimages.vanderbilt.edu/gq/baskauf/g89388.jpg,
baskauf/12246,baskauf_12246.jpg,Ulmus americana,American elm,Ulmaceae,bark,bark,of a large tree,010201,bark / of a large tree,bark,vanderbilt/13-27,2002-06-11T15:03:52-05:00,Steven J. Baskauf,https://bioimages.vanderbilt.edu/baskauf/12246,https://bioimages.vanderbilt.edu/tn/baskauf/tulam--br12246.jpg,https://bioimages.vanderbilt.edu/gq/baskauf/gulam--br12246.jpg,
baskauf/11690,baskauf_11690.jpg,Ulmus americana,American elm,Ulmaceae,bark,bark,of a small tree or small branch,010203,bark / of a small tree or small branch,bark,ind-baskauf/11687,2002-06-02T07:07:01-04:00,Steven J. Baskauf,https://bioimages.vanderbilt.edu/baskauf/11690,https://bioimages.vanderbilt.edu/tn/baskauf/tulam--brsmall11690.jpg,https://bioimages.vanderbilt.edu/gq/baskauf/gulam--brsmall11690.jpg,
baskauf/16195,baskauf_16195.jpg,Ulmus americana,American elm,Ulmaceae,bark,bark,unspecified,010200,bark / unspecified,bark,ind-baskauf/16195,2002-10-01T14:44:18-05:00,Steven J. Baskauf,https://bioimages.vanderbilt.edu/baskauf/16195,https://bioimages.vanderbilt.edu/tn/baskauf/tulam--brstripe-chr16195.jpg,https://bioimages.vanderbilt.edu/gq/baskauf/gulam--brstripe-chr16195.jpg,unspecified view
baskauf/15241,baskauf_15241.jpg,Ulmus americana,American elm,Ulmaceae,twig,twig,orientation of petioles,010301,twig / orientation of petioles,twig,vanderbilt/7-175,2002-09-09T09:54:58-05:00,Steven J. Baskauf,https://bioimages.vanderbilt.edu/baskauf/15241,https://bioimages.vanderbilt.edu/tn/baskauf/tulam--tw15241.jpg,https://bioimages.vanderbilt.edu/gq/baskauf/gulam--tw15241.jpg,
baskauf/15652,baskauf_15652.jpg,Ulmus americana,American elm,Ulmaceae,twig,twig,orientation of petioles,010301,twig / orientation of petioles,twig,vanderbilt/7-175,2002-09-17T12:41:08-05:00,Steven J. Baskauf,https://bioimages.vanderbilt.edu/baskauf/15652,https://bioimages.vanderbilt.edu/tn/baskauf/tulam--tw15652.jpg,https://bioimages.vanderbilt.edu/gq/baskauf/gulam--tw15652.jpg,
baskauf/11689,baskauf_11689.jpg,Ulmus americana,American elm,Ulmaceae,leaf,leaf,margin of upper + lower surface,010402,leaf / margin of upper + lower surface,leaf,ind-baskauf/11687,2002-06-02T07:04:08-04:00,Steven J. Baskauf,https://bioimages.vanderbilt.edu/baskauf/11689,https://bioimages.vanderbilt.edu/tn/baskauf/tulam--lflower11689.jpg,https://bioimages.vanderbilt.edu/gq/baskauf/gulam--lflower11689.jpg,
baskauf/15230,baskauf_15230.jpg,Ulmus americana,American elm,Ulmaceae,leaf,leaf,margin of upper + lower surface,010402,leaf / margin of upper + lower surface,leaf,vanderbilt/7-175,2002-09-09T09:51:59-05:00,Steven J. Baskauf,https://bioimages.vanderbilt.edu/baskauf/15230,https://bioimages.vanderbilt.edu/tn/baskauf/tulam--lfmargin-uplow15230.jpg,https://bioimages.vanderbilt.edu/gq/baskauf/gulam--lfmargin-uplow15230.jpg,
baskauf/11687,baskauf_11687.jpg,Ulmus americana,American elm,Ulmaceae,leaf,leaf,showing orientation on twig,010403,leaf / showing orientation on twig,leaf,ind-baskauf/11687,2002-06-02T06:57:58-04:00,Steven J. Baskauf,https://bioimages.vanderbilt.edu/baskauf/11687,https://bioimages.vanderbilt.edu/tn/baskauf/tulam--lfseveral11687.jpg,https://bioimages.vanderbilt.edu/gq/baskauf/gulam--lfseveral11687.jpg,
baskauf/15227,baskauf_15227.jpg,Ulmus americana,American elm,Ulmaceae,leaf,leaf,showing orientation on twig,010403,leaf / showing orientation on twig,leaf,vanderbilt/7-175,2002-09-09T09:50:20-05:00,Steven J. Baskauf,https://bioimages.vanderbilt.edu/baskauf/15227,https://bioimages.vanderbilt.edu/tn/baskauf/tulam--lfseveral15227.jpg,https://bioimages.vanderbilt.edu/gq/baskauf/gulam--lfseveral15227.jpg,
baskauf/55139,baskauf_55139.jpg,Ulmus americana,American elm,Ulmaceae,leaf,leaf,showing orientation on twig,010403,leaf / showing orientation on twig,leaf,vanderbilt/7-175,2006-08-16T08:05:31-05:00,Steven J. Baskauf,https://bioimages.vanderbilt.edu/baskauf/55139,https://bioimages.vanderbilt.edu/tn/baskauf/tulam--twno-flower-buds-dist55139.jpg,https://bioimages.vanderbilt.edu/gq/baskauf/gulam--twno-flower-buds-dist55139.jpg,
baskauf/55141,baskauf_55141.jpg,Ulmus americana,American elm,Ulmaceae,leaf,leaf,showing orientation on twig,010403,leaf / showing orientation on twig,leaf,vanderbilt/7-175,2006-08-16T08:05:53-05:00,Steven J. Baskauf,https://bioimages.vanderbilt.edu/baskauf/55141,https://bioimages.vanderbilt.edu/tn/baskauf/tulam--twno-flower-buds55141.jpg,https://bioimages.vanderbilt.edu/gq/baskauf/gulam--twno-flower-buds55141.jpg,
baskauf/15235,baskauf_15235.jpg,Ulmus americana,American elm,Ulmaceae,leaf,leaf,unspecified,010400,leaf / unspecified,leaf,vanderbilt/7-175,2002-09-09T09:52:51-05:00,Steven J. Baskauf,https://bioimages.vanderbilt.edu/baskauf/15235,https://bioimages.vanderbilt.edu/tn/baskauf/tulam--lfoblique-base15235.jpg,https://bioimages.vanderbilt.edu/gq/baskauf/gulam--lfoblique-base15235.jpg,unspecified view
baskauf/11688,baskauf_11688.jpg,Ulmus americana,American elm,Ulmaceae,leaf,leaf,whole upper surface,010401,leaf / whole upper surface,leaf,ind-baskauf/11687,2002-06-02T07:02:29-04:00,Steven J. Baskauf,https://bioimages.vanderbilt.edu/baskauf/11688,https://bioimages.vanderbilt.edu/tn/baskauf/tulam--lf11688.jpg,https://bioimages.vanderbilt.edu/gq/baskauf/gulam--lf11688.jpg,
baskauf/15238,baskauf_15238.jpg,Ulmus americana,American elm,Ulmaceae,leaf,leaf,whole upper surface,010401,leaf / whole upper surface,leaf,vanderbilt/7-175,2002-09-09T09:54:27-05:00,Steven J. Baskauf,https://bioimages.vanderbilt.edu/baskauf/15238,https://bioimages.vanderbilt.edu/tn/baskauf/tulam--lf15238.jpg,https://bioimages.vanderbilt.edu/gq/baskauf/gulam--lf15238.jpg,
baskauf/10343,baskauf_10343.jpg,Ulmus americana,American elm,Ulmaceae,flower,inflorescence,whole - unspecified,010501,inflorescence / whole - unspecified,flower,ind-baskauf/10341,2002-02-25T12:53:25-06:00,Steven J. Baskauf,https://bioimages.vanderbilt.edu/baskauf/10343,https://bioimages.vanderbilt.edu/tn/baskauf/tulam--flin-flower10343.jpg,https://bioimages.vanderbilt.edu/gq/baskauf/gulam--flin-flower10343.jpg,unspecified view
baskauf/10344,baskauf_10344.jpg,Ulmus americana,American elm,Ulmaceae,flower,inflorescence,whole - unspecified,010501,inflorescence / whole - unspecified,flower,ind-baskauf/10341,2002-02-25T12:53:41-06:00,Steven J. Baskauf,https://bioimages.vanderbilt.edu/baskauf/10344,https://bioimages.vanderbilt.edu/tn/baskauf/tulam--flin-flower10344.jpg,https://bioimages.vanderbilt.edu/gq/baskauf/gulam--flin-flower10344.jpg,unspecified view
baskauf/17569,baskauf_17569.jpg,Ulmus americana,American elm,Ulmaceae,flower,inflorescence,whole - unspecified,010501,inflorescence / whole - unspecified,flower,ind-baskauf/17569,2003-03-10T09:48:15-06:00,Steven J. Baskauf,https://bioimages.vanderbilt.edu/baskauf/17569,https://bioimages.vanderbilt.edu/tn/baskauf/tulam--fl17569.jpg,https://bioimages.vanderbilt.edu/gq/baskauf/gulam--fl17569.jpg,unspecified view
baskauf/18004,baskauf_18004.jpg,Ulmus americana,American elm,Ulmaceae,fruit,fruit,immature,010604,fruit / immature,fruit,ind-baskauf/18004,2003-03-22T16:49:25-06:00,Steven J. Baskauf,https://bioimages.vanderbilt.edu/baskauf/18004,https://bioimages.vanderbilt.edu/tn/baskauf/tulam--frdevel18004.jpg,https://bioimages.vanderbilt.edu/gq/baskauf/gulam--frdevel18004.jpg,
baskauf/50606,baskauf_50606.jpg,Ulmus americana,American elm,Ulmaceae,fruit,fruit,immature,010604,fruit / immature,fruit,ind-baskauf/50603,2006-03-15T17:21:01-06:00,Steven J. Baskauf,https://bioimages.vanderbilt.edu/baskauf/50606,https://bioimages.vanderbilt.edu/tn/baskauf/tulam--frdevel50606.jpg,https://bioimages.vanderbilt.edu/gq/baskauf/gulam--frdevel50606.jpg,
baskauf/10380,baskauf_10380.jpg,Ulmus americana,American elm,Ulmaceae,fruit,fruit,lateral or general close-up,010602,fruit / lateral or general close-up,fruit,ind-baskauf/10380,2002-03-25T11:39:57-06:00,Steven J. Baskauf,https://bioimages.vanderbilt.edu/baskauf/10380,https://bioimages.vanderbilt.edu/tn/baskauf/tulam--frdevel10380.jpg,https://bioimages.vanderbilt.edu/gq/baskauf/gulam--frdevel10380.jpg,
baskauf/18483,baskauf_18483.jpg,Ulmus americana,American elm,Ulmaceae,fruit,fruit,lateral or general close-up,010602,fruit / lateral or general close-up,fruit,ind-baskauf/18483,2003-03-27T09:25:59-06:00,Steven J. Baskauf,https://bioimages.vanderbilt.edu/baskauf/18483,https://bioimages.vanderbilt.edu/tn/baskauf/tulam--frdevel18483.jpg,https://bioimages.vanderbilt.edu/gq/baskauf/gulam--frdevel18483.jpg,
baskauf/19631,baskauf_19631.jpg,Ulmus americana,American elm,Ulmaceae,fruit,fruit,lateral or general close-up,010602,fruit / lateral or general close-up,fruit,vanderbilt/6-126,2003-04-07T12:03:45-05:00,Steven J. Baskauf,https://bioimages.vanderbilt.edu/baskauf/19631,https://bioimages.vanderbilt.edu/tn/baskauf/tulam--frmature19631.jpg,https://bioimages.vanderbilt.edu/gq/baskauf/gulam--frmature19631.jpg,
baskauf/20950,baskauf_20950.jpg,Ulmus americana,American elm,Ulmaceae,fruit,fruit,unspecified,010600,fruit / unspecified,fruit,ind-baskauf/20950,2003-04-18T11:19:29-05:00,Steven J. Baskauf,https://bioimages.vanderbilt.edu/baskauf/20950,https://bioimages.vanderbilt.edu/tn/baskauf/tulam--frmass-on-grnd20950.jpg,https://bioimages.vanderbilt.edu/gq/baskauf/gulam--frmass-on-grnd20950.jpg,unspecified view
baskauf/10991,baskauf_10991.jpg,Ulmus rubra,slippery elm,Ulmaceae,whole plant,whole tree (or vine),general,010101,whole tree (or vine) / general,whole-tree,ind-baskauf/10991,2002-05-15T18:35:48-05:00,Steven J. Baskauf,https://bioimages.vanderbilt.edu/baskauf/10991,https://bioimages.vanderbilt.edu/tn/baskauf/tulru--wplarge10991.jpg,https://bioimages.vanderbilt.edu/gq/baskauf/gulru--wplarge10991.jpg,
baskauf/11320,baskauf_11320.jpg,Ulmus rubra,slippery elm,Ulmaceae,whole plant,whole tree (or vine),general,010101,whole tree (or vine) / general,whole-tree,ind-baskauf/11320,2002-05-25T16:04:28-05:00,Steven J. Baskauf,https://bioimages.vanderbilt.edu/baskauf/11320,https://bioimages.vanderbilt.edu/tn/baskauf/tulru--wpsmall11320.jpg,https://bioimages.vanderbilt.edu/gq/baskauf/gulru--wpsmall11320.jpg,
baskauf/11336,baskauf_11336.jpg,Ulmus rubra,slippery elm,Ulmaceae,bark,bark,of a large tree,010201,bark / of a large tree,bark,ind-baskauf/10991,2002-05-25T16:14:48-05:00,Steven J. Baskauf,https://bioimages.vanderbilt.edu/baskauf/11336,https://bioimages.vanderbilt.edu/tn/baskauf/tulru--brlarge11336.jpg,https://bioimages.vanderbilt.edu/gq/baskauf/gulru--brlarge11336.jpg,
baskauf/16201,baskauf_16201.jpg,Ulmus rubra,slippery elm,Ulmaceae,bark,bark,unspecified,010200,bark / unspecified,bark,ind-baskauf/10991,2002-10-01T14:49:06-05:00,Steven J. Baskauf,https://bioimages.vanderbilt.edu/baskauf/16201,https://bioimages.vanderbilt.edu/tn/baskauf/tulru--brnostripe-chr16201.jpg,https://bioimages.vanderbilt.edu/gq/baskauf/gulru--brnostripe-chr16201.jpg,unspecified view
baskauf/15180,baskauf_15180.jpg,Ulmus rubra,slippery elm,Ulmaceae,twig,twig,orientation of petioles,010301,twig / orientation of petioles,twig,ind-baskauf/15172,2002-09-09T08:14:53-05:00,Steven J. Baskauf,https://bioimages.vanderbilt.edu/baskauf/15180,https://bioimages.vanderbilt.edu/tn/baskauf/tulru--tw15180.jpg,https://bioimages.vanderbilt.edu/gq/baskauf/gulru--tw15180.jpg,
baskauf/15912,baskauf_15912.jpg,Ulmus rubra,slippery elm,Ulmaceae,twig,twig,orientation of petioles,010301,twig / orientation of petioles,twig,ind-baskauf/15912,2002-09-23T17:33:32-05:00,Steven J. Baskauf,https://bioimages.vanderbilt.edu/baskauf/15912,https://bioimages.vanderbilt.edu/tn/baskauf/tulru--tw15912.jpg,https://bioimages.vanderbilt.edu/gq/baskauf/gulru--tw15912.jpg,
baskauf/15175,baskauf_15175.jpg,Ulmus rubra,slippery elm,Ulmaceae,leaf,leaf,margin of upper + lower surface,010402,leaf / margin of upper + lower surface,leaf,ind-baskauf/15172,2002-09-09T08:13:47-05:00,Steven J. Baskauf,https://bioimages.vanderbilt.edu/baskauf/15175,https://bioimages.vanderbilt.edu/tn/baskauf/tulru--lfmargin-uplow15175.jpg,https://bioimages.vanderbilt.edu/gq/baskauf/gulru--lfmargin-uplow15175.jpg,
baskauf/11037,baskauf_11037.jpg,Ulmus rubra,slippery elm,Ulmaceae,leaf,leaf,showing orientation on twig,010403,leaf / showing orientation on twig,leaf,ind-baskauf/11037,2002-05-16T10:34:59-05:00,Steven J. Baskauf,https://bioimages.vanderbilt.edu/baskauf/11037,https://bioimages.vanderbilt.edu/tn/baskauf/tulru--lfseveral11037.jpg,https://bioimages.vanderbilt.edu/gq/baskauf/gulru--lfseveral11037.jpg,
baskauf/15176,baskauf_15176.jpg,Ulmus rubra,slippery elm,Ulmaceae,leaf,leaf,showing orientation on twig,010403,leaf / showing orientation on twig,leaf,ind-baskauf/15172,2002-09-09T08:14:04-05:00,Steven J. Baskauf,https://bioimages.vanderbilt.edu/baskauf/15176,https://bioimages.vanderbilt.edu/tn/baskauf/tulru--lfseveral15176.jpg,https://bioimages.vanderbilt.edu/gq/baskauf/gulru--lfseveral15176.jpg,
baskauf/15172,baskauf_15172.jpg,Ulmus rubra,slippery elm,Ulmaceae,leaf,leaf,unspecified,010400,leaf / unspecified,leaf,ind-baskauf/15172,2002-09-09T08:12:19-05:00,Steven J. Baskauf,https://bioimages.vanderbilt.edu/baskauf/15172,https://bioimages.vanderbilt.edu/tn/baskauf/tulru--lfoblique-base15172.jpg,https://bioimages.vanderbilt.edu/gq/baskauf/gulru--lfoblique-base15172.jpg,unspecified view
baskauf/11038,baskauf_11038.jpg,Ulmus rubra,slippery elm,Ulmaceae,leaf,leaf,whole upper surface,010401,leaf / whole upper surface,leaf,ind-baskauf/11037,2002-05-16T10:35:07-05:00,Steven J. Baskauf,https://bioimages.vanderbilt.edu/baskauf/11038,https://bioimages.vanderbilt.edu/tn/baskauf/tulru--lf11038.jpg,https://bioimages.vanderbilt.edu/gq/baskauf/gulru--lf11038.jpg,
baskauf/17959,baskauf_17959.jpg,Ulmus rubra,slippery elm,Ulmaceae,flower,inflorescence,whole - unspecified,010501,inflorescence / whole - unspecified,flower,ind-baskauf/17959,2003-03-22T12:16:26-06:00,Steven J. Baskauf,https://bioimages.vanderbilt.edu/baskauf/17959,https://bioimages.vanderbilt.edu/tn/baskauf/tulru--fl17959.jpg,https://bioimages.vanderbilt.edu/gq/baskauf/gulru--fl17959.jpg,unspecified view
baskauf/19579,baskauf_19579.jpg,Ulmus rubra,slippery elm,Ulmaceae,fruit,fruit,as borne on the plant,010601,fruit / as borne on the plant,fruit,ind-baskauf/10991,2003-04-05T14:27:27-06:00,Steven J. Baskauf,https://bioimages.vanderbilt.edu/baskauf/19579,https://bioimages.vanderbilt.edu/tn/baskauf/tulru--frmass19579.jpg,https://bioimages.vanderbilt.edu/gq/baskauf/gulru--frmass19579.jpg,
baskauf/19835,baskauf_19835.jpg,Ulmus rubra,slippery elm,Ulmaceae,fruit,fruit,lateral or general close-up,010602,fruit / lateral or general close-up,fruit,ind-baskauf/10991,2003-04-10T17:32:58-05:00,Steven J. Baskauf,https://bioimages.vanderbilt.edu/baskauf/19835,https://bioimages.vanderbilt.edu/tn/baskauf/tulru--frmature19835.jpg,https://bioimages.vanderbilt.edu/gq/baskauf/gulru--frmature19835.jpg,
baskauf/19886,baskauf_19886.jpg,Ulmus rubra,slippery elm,Ulmaceae,fruit,fruit,lateral or general close-up,010602,fruit / lateral or general close-up,fruit,ind-baskauf/10991,2003-04-11T08:04:03-05:00,Steven J. Baskauf,https://bioimages.vanderbilt.edu/baskauf/19886,https://bioimages.vanderbilt.edu/tn/baskauf/tulru--frmature-dry19886.jpg,https://bioimages.vanderbilt.edu/gq/baskauf/gulru--frmature-dry19886.jpg,
baskauf/26495,baskauf_26495.jpg,Viburnum lantanoides,hobblebush,Caprifoliaceae,whole plant,whole tree (or vine),general,010101,whole tree (or vine) / general,whole-tree,ind-baskauf/26489,2003-05-31T14:59:01-04:00,Steven J. Baskauf,https://bioimages.vanderbilt.edu/baskauf/26495,https://bioimages.vanderbilt.edu/tn/baskauf/tvila11wp26495.jpg,https://bioimages.vanderbilt.edu/gq/baskauf/gvila11wp26495.jpg,
baskauf/26511,baskauf_26511.jpg,Viburnum lantanoides,hobblebush,Caprifoliaceae,bark,bark,of a small tree or small branch,010203,bark / of a small tree or small branch,bark,ind-baskauf/26489,2003-05-31T15:03:48-04:00,Steven J. Baskauf,https://bioimages.vanderbilt.edu/baskauf/26511,https://bioimages.vanderbilt.edu/tn/baskauf/tvila11br26511.jpg,https://bioimages.vanderbilt.edu/gq/baskauf/gvila11br26511.jpg,
baskauf/26508,baskauf_26508.jpg,Viburnum lantanoides,hobblebush,Caprifoliaceae,twig,twig,close-up winter leaf scar/bud,010303,twig / close-up winter leaf scar/bud,twig,ind-baskauf/26489,2003-05-31T15:02:17-04:00,Steven J. Baskauf,https://bioimages.vanderbilt.edu/baskauf/26508,https://bioimages.vanderbilt.edu/tn/baskauf/tvila11tw26508.jpg,https://bioimages.vanderbilt.edu/gq/baskauf/gvila11tw26508.jpg,
baskauf/26308,baskauf_26308.jpg,Viburnum lantanoides,hobblebush,Caprifoliaceae,twig,twig,orientation of petioles,010301,twig / orientation of petioles,twig,ind-baskauf/26298,2003-05-30T13:39:09-04:00,Steven J. Baskauf,https://bioimages.vanderbilt.edu/baskauf/26308,https://bioimages.vanderbilt.edu/tn/baskauf/tvila11tw26308.jpg,https://bioimages.vanderbilt.edu/gq/baskauf/gvila11tw26308.jpg,
baskauf/26510,baskauf_26510.jpg,Viburnum lantanoides,hobblebush,Caprifoliaceae,leaf,leaf,margin of upper + lower surface,010402,leaf / margin of upper + lower surface,leaf,ind-baskauf/26489,2003-05-31T15:03:33-04:00,Steven J. Baskauf,https://bioimages.vanderbilt.edu/baskauf/26510,https://bioimages.vanderbilt.edu/tn/baskauf/tvila11lfmargin-uplow26510.jpg,https://bioimages.vanderbilt.edu/gq/baskauf/gvila11lfmargin-uplow26510.jpg,
baskauf/15050,baskauf_15050.jpg,Viburnum lantanoides,hobblebush,Caprifoliaceae,leaf,leaf,showing orientation on twig,010403,leaf / showing orientation on twig,leaf,ind-baskauf/15050,2002-09-07T11:09:19-04:00,Steven J. Baskauf,https://bioimages.vanderbilt.edu/baskauf/15050,https://bioimages.vanderbilt.edu/tn/baskauf/tvila11lfseveral15050.jpg,https://bioimages.vanderbilt.edu/gq/baskauf/gvila11lfseveral15050.jpg,
baskauf/15051,baskauf_15051.jpg,Viburnum lantanoides,hobblebush,Caprifoliaceae,leaf,leaf,showing orientation on twig,010403,leaf / showing orientation on twig,leaf,ind-baskauf/15050,2002-09-07T11:09:27-04:00,Steven J. Baskauf,https://bioimages.vanderbilt.edu/baskauf/15051,https://bioimages.vanderbilt.edu/tn/baskauf/tvila11lfseveral15051.jpg,https://bioimages.vanderbilt.edu/gq/baskauf/gvila11lfseveral15051.jpg,
baskauf/26311,baskauf_26311.jpg,Viburnum lantanoides,hobblebush,Caprifoliaceae,leaf,leaf,showing orientation on twig,010403,leaf / showing orientation on twig,leaf,ind-baskauf/26298,2003-05-30T13:39:57-04:00,Steven J. Baskauf,https://bioimages.vanderbilt.edu/baskauf/26311,https://bioimages.vanderbilt.edu/tn/baskauf/tvila11lfseveral26311.jpg,https://bioimages.vanderbilt.edu/gq/baskauf/gvila11lfseveral26311.jpg,
baskauf/26502,baskauf_26502.jpg,Viburnum lantanoides,hobblebush,Caprifoliaceae,leaf,leaf,whole upper surface,010401,leaf / whole upper surface,leaf,ind-baskauf/26489,2003-05-31T15:01:03-04:00,Steven J. Baskauf,https://bioimages.vanderbilt.edu/baskauf/26502,https://bioimages.vanderbilt.edu/tn/baskauf/tvila11lf26502.jpg,https://bioimages.vanderbilt.edu/gq/baskauf/gvila11lf26502.jpg,
baskauf/26493,baskauf_26493.jpg,Viburnum lantanoides,hobblebush,Caprifoliaceae,flower,inflorescence,frontal view of flower,010505,inflorescence / frontal view of flower,flower,ind-baskauf/26489,2003-05-31T14:52:35-04:00,Steven J. Baskauf,https://bioimages.vanderbilt.edu/baskauf/26493,https://bioimages.vanderbilt.edu/tn/baskauf/tvila11flsterile26493.jpg,https://bioimages.vanderbilt.edu/gq/baskauf/gvila11flsterile26493.jpg,
baskauf/26492,baskauf_26492.jpg,Viburnum lantanoides,hobblebush,Caprifoliaceae,flower,inflorescence,whole - unspecified,010501,inflorescence / whole - unspecified,flower,ind-baskauf/26489,2003-05-31T14:51:11-04:00,Steven J. Baskauf,https://bioimages.vanderbilt.edu/baskauf/26492,https://bioimages.vanderbilt.edu/tn/baskauf/tvila11flinflor26492.jpg,https://bioimages.vanderbilt.edu/gq/baskauf/gvila11flinflor26492.jpg,unspecified view
baskauf/26496,baskauf_26496.jpg,Viburnum lantanoides,hobblebush,Caprifoliaceae,flower,inflorescence,whole - unspecified,010501,inflorescence / whole - unspecified,flower,ind-baskauf/26489,2003-05-31T14:59:20-04:00,Steven J. Baskauf,https://bioimages.vanderbilt.edu/baskauf/26496,https://bioimages.vanderbilt.edu/tn/baskauf/tvila11flold-inflor26496.jpg,https://bioimages.vanderbilt.edu/gq/baskauf/gvila11flold-inflor26496.jpg,unspecified view
baskauf/26321,baskauf_26321.jpg,Viburnum lantanoides,hobblebush,Caprifoliaceae,fruit,fruit,as borne on the plant,010601,fruit / as borne on the plant,fruit,ind-baskauf/26298,2003-05-30T13:46:30-04:00,Steven J. Baskauf,https://bioimages.vanderbilt.edu/baskauf/26321,https://bioimages.vanderbilt.edu/tn/baskauf/tvila11frdevel-infruct26321.jpg,https://bioimages.vanderbilt.edu/gq/baskauf/gvila11frdevel-infruct26321.jpg,
baskauf/26325,baskauf_26325.jpg,Viburnum lantanoides,hobblebush,Caprifoliaceae,fruit,fruit,immature,010604,fruit / immature,fruit,ind-baskauf/26298,2003-05-30T13:47:21-04:00,Steven J. Baskauf,https://bioimages.vanderbilt.edu/baskauf/26325,https://bioimages.vanderbilt.edu/tn/baskauf/tvila11frdevel26325.jpg,https://bioimages.vanderbilt.edu/gq/baskauf/gvila11frdevel26325.jpg,
baskauf/35272,baskauf_35272.jpg,Viburnum opulus,American cranberrybush,Caprifoliaceae,whole plant,whole tree (or vine),general,010101,whole tree (or vine) / general,whole-tree,ind-baskauf/30777,2004-06-06T13:46:27-04:00,Steven J. Baskauf,https://bioimages.vanderbilt.edu/baskauf/35272,https://bioimages.vanderbilt.edu/tn/baskauf/tviopa2wp35272.jpg,https://bioimages.vanderbilt.edu/gq/baskauf/gviopa2wp35272.jpg,
baskauf/30778,baskauf_30778.jpg,Viburnum opulus,American cranberrybush,Caprifoliaceae,whole plant,whole tree (or vine),winter,010102,whole tree (or vine) / winter,whole-tree,ind-baskauf/30777,2004-01-02T14:41:49-05:00,Steven J. Baskauf,https://bioimages.vanderbilt.edu/baskauf/30778,https://bioimages.vanderbilt.edu/tn/baskauf/tviopa2wpwinter30778.jpg,https://bioimages.vanderbilt.edu/gq/baskauf/gviopa2wpwinter30778.jpg,
baskauf/30786,baskauf_30786.jpg,Viburnum opulus,American cranberrybush,Caprifoliaceae,bark,bark,of a small tree or small branch,010203,bark / of a small tree or small branch,bark,ind-baskauf/30777,2004-01-02T14:44:01-05:00,Steven J. Baskauf,https://bioimages.vanderbilt.edu/baskauf/30786,https://bioimages.vanderbilt.edu/tn/baskauf/tviopa2br30786.jpg,https://bioimages.vanderbilt.edu/gq/baskauf/gviopa2br30786.jpg,
baskauf/30784,baskauf_30784.jpg,Viburnum opulus,American cranberrybush,Caprifoliaceae,twig,twig,orientation of petioles,010301,twig / orientation of petioles,twig,ind-baskauf/30777,2004-01-02T14:43:22-05:00,Steven J. Baskauf,https://bioimages.vanderbilt.edu/baskauf/30784,https://bioimages.vanderbilt.edu/tn/baskauf/tviopa2tw30784.jpg,https://bioimages.vanderbilt.edu/gq/baskauf/gviopa2tw30784.jpg,
baskauf/35283,baskauf_35283.jpg,Viburnum opulus,American cranberrybush,Caprifoliaceae,leaf,leaf,margin of upper + lower surface,010402,leaf / margin of upper + lower surface,leaf,ind-baskauf/30777,2004-06-06T13:48:29-04:00,Steven J. Baskauf,https://bioimages.vanderbilt.edu/baskauf/35283,https://bioimages.vanderbilt.edu/tn/baskauf/tviopa2lfmargin-uplow35283.jpg,https://bioimages.vanderbilt.edu/gq/baskauf/gviopa2lfmargin-uplow35283.jpg,
baskauf/35278,baskauf_35278.jpg,Viburnum opulus,American cranberrybush,Caprifoliaceae,leaf,leaf,showing orientation on twig,010403,leaf / showing orientation on twig,leaf,ind-baskauf/30777,2004-06-06T13:47:45-04:00,Steven J. Baskauf,https://bioimages.vanderbilt.edu/baskauf/35278,https://bioimages.vanderbilt.edu/tn/baskauf/tviopa2lf35278.jpg,https://bioimages.vanderbilt.edu/gq/baskauf/gviopa2lf35278.jpg,
baskauf/35282,baskauf_35282.jpg,Viburnum opulus,American cranberrybush,Caprifoliaceae,leaf,leaf,whole upper surface,010401,leaf / whole upper surface,leaf,ind-baskauf/30777,2004-06-06T13:48:19-04:00,Steven J. Baskauf,https://bioimages.vanderbilt.edu/baskauf/35282,https://bioimages.vanderbilt.edu/tn/baskauf/tviopa2lf35282.jpg,https://bioimages.vanderbilt.edu/gq/baskauf/gviopa2lf35282.jpg,
baskauf/39822,baskauf_39822.jpg,Viburnum opulus,American cranberrybush,Caprifoliaceae,flower,inflorescence,frontal view of flower,010505,inflorescence / frontal view of flower,flower,ind-baskauf/30777,2005-05-27T09:59:29-04:00,Steven J. Baskauf,https://bioimages.vanderbilt.edu/baskauf/39822,https://bioimages.vanderbilt.edu/tn/baskauf/tviopa2flclose39822.jpg,https://bioimages.vanderbilt.edu/gq/baskauf/gviopa2flclose39822.jpg,
baskauf/39818,baskauf_39818.jpg,Viburnum opulus,American cranberrybush,Caprifoliaceae,flower,inflorescence,lateral view of flower,010504,inflorescence / lateral view of flower,flower,ind-baskauf/30777,2005-05-27T09:58:39-04:00,Steven J. Baskauf,https://bioimages.vanderbilt.edu/baskauf/39818,https://bioimages.vanderbilt.edu/tn/baskauf/tviopa2flinflor-side39818.jpg,https://bioimages.vanderbilt.edu/gq/baskauf/gviopa2flinflor-side39818.jpg,
baskauf/39814,baskauf_39814.jpg,Viburnum opulus,American cranberrybush,Caprifoliaceae,flower,inflorescence,whole - unspecified,010501,inflorescence / whole - unspecified,flower,ind-baskauf/30777,2005-05-27T09:57:51-04:00,Steven J. Baskauf,https://bioimages.vanderbilt.edu/baskauf/39814,https://bioimages.vanderbilt.edu/tn/baskauf/tviopa2flinflor-top39814.jpg,https://bioimages.vanderbilt.edu/gq/baskauf/gviopa2flinflor-top39814.jpg,unspecified view
baskauf/30779,baskauf_30779.jpg,Viburnum opulus,American cranberrybush,Caprifoliaceae,fruit,fruit,as borne on the plant,010601,fruit / as borne on the plant,fruit,ind-baskauf/30777,2004-01-02T14:42:18-05:00,Steven J. Baskauf,https://bioimages.vanderbilt.edu/baskauf/30779,https://bioimages.vanderbilt.edu/tn/baskauf/tviopa2frinfruct30779.jpg,https://bioimages.vanderbilt.edu/gq/baskauf/gviopa2frinfruct30779.jpg,
baskauf/35284,baskauf_35284.jpg,Viburnum opulus,American cranberrybush,Caprifoliaceae,fruit,fruit,immature,010604,fruit / immature,fruit,ind-baskauf/30777,2004-06-06T13:48:39-04:00,Steven J. Baskauf,https://bioimages.vanderbilt.edu/baskauf/35284,https://bioimages.vanderbilt.edu/tn/baskauf/tviopa2frdevel35284.jpg,https://bioimages.vanderbilt.edu/gq/baskauf/gviopa2frdevel35284.jpg,
baskauf/30783,baskauf_30783.jpg,Viburnum opulus,American cranberrybush,Caprifoliaceae,fruit,fruit,lateral or general close-up,010602,fruit / lateral or general close-up,fruit,ind-baskauf/30777,2004-01-02T14:42:59-05:00,Steven J. Baskauf,https://bioimages.vanderbilt.edu/baskauf/30783,https://bioimages.vanderbilt.edu/tn/baskauf/tviopa2fr30783.jpg,https://bioimages.vanderbilt.edu/gq/baskauf/gviopa2fr30783.jpg,
baskauf/11726,baskauf_11726.jpg,Yucca filamentosa,Adam's needle,Agavaceae,whole plant,whole tree (or vine),general,010101,whole tree (or vine) / general,whole-tree,ind-baskauf/11726,2002-06-03T15:50:48-05:00,Steven J. Baskauf,https://bioimages.vanderbilt.edu/baskauf/11726,https://bioimages.vanderbilt.edu/tn/baskauf/tyufl2-wpin-flower11726.jpg,https://bioimages.vanderbilt.edu/gq/baskauf/gyufl2-wpin-flower11726.jpg,
baskauf/35163,baskauf_35163.jpg,Yucca filamentosa,Adam's needle,Agavaceae,whole plant,whole plant,in flower - general view,020102,whole plant / in flower - general view,whole-tree,ind-baskauf/35163,2004-06-04T15:11:38-05:00,Steven J. Baskauf,https://bioimages.vanderbilt.edu/baskauf/35163,https://bioimages.vanderbilt.edu/tn/baskauf/tyufl2-wp35163.jpg,https://bioimages.vanderbilt.edu/gq/baskauf/gyufl2-wp35163.jpg,
baskauf/27139,baskauf_27139.jpg,Yucca filamentosa,Adam's needle,Agavaceae,bark,bark,of a small tree or small branch,010203,bark / of a small tree or small branch,bark,ind-baskauf/27131,2003-06-12T09:46:14-05:00,Steven J. Baskauf,https://bioimages.vanderbilt.edu/baskauf/27139,https://bioimages.vanderbilt.edu/tn/baskauf/tyufl2-br27139.jpg,https://bioimages.vanderbilt.edu/gq/baskauf/gyufl2-br27139.jpg,
baskauf/27143,baskauf_27143.jpg,Yucca filamentosa,Adam's needle,Agavaceae,twig,twig,orientation of petioles,010301,twig / orientation of petioles,twig,ind-baskauf/27131,2003-06-12T09:47:18-05:00,Steven J. Baskauf,https://bioimages.vanderbilt.edu/baskauf/27143,https://bioimages.vanderbilt.edu/tn/baskauf/tyufl2-tw27143.jpg,https://bioimages.vanderbilt.edu/gq/baskauf/gyufl2-tw27143.jpg,
baskauf/35181,baskauf_35181.jpg,Yucca filamentosa,Adam's needle,Agavaceae,stem,stem,showing leaf bases,020201,stem / showing leaf bases,twig,ind-baskauf/35163,2004-06-04T15:14:09-05:00,Steven J. Baskauf,https://bioimages.vanderbilt.edu/baskauf/35181,https://bioimages.vanderbilt.edu/tn/baskauf/tyufl2-tw35181.jpg,https://bioimages.vanderbilt.edu/gq/baskauf/gyufl2-tw35181.jpg,
baskauf/35184,baskauf_35184.jpg,Yucca filamentosa,Adam's needle,Agavaceae,leaf,leaf,basal or on lower stem,020301,leaf / basal or on lower stem,leaf,ind-baskauf/35163,2004-06-04T15:14:30-05:00,Steven J. Baskauf,https://bioimages.vanderbilt.edu/baskauf/35184,https://bioimages.vanderbilt.edu/tn/baskauf/tyufl2-lf35184.jpg,https://bioimages.vanderbilt.edu/gq/baskauf/gyufl2-lf35184.jpg,
baskauf/11732,baskauf_11732.jpg,Yucca filamentosa,Adam's needle,Agavaceae,leaf,leaf,showing orientation on twig,010403,leaf / showing orientation on twig,leaf,ind-baskauf/11726,2002-06-03T15:54:17-05:00,Steven J. Baskauf,https://bioimages.vanderbilt.edu/baskauf/11732,https://bioimages.vanderbilt.edu/tn/baskauf/tyufl2-lfseveral11732.jpg,https://bioimages.vanderbilt.edu/gq/baskauf/gyufl2-lfseveral11732.jpg,
baskauf/11731,baskauf_11731.jpg,Yucca filamentosa,Adam's needle,Agavaceae,leaf,leaf,whole upper surface,010401,leaf / whole upper surface,leaf,ind-baskauf/11726,2002-06-03T15:53:59-05:00,Steven J. Baskauf,https://bioimages.vanderbilt.edu/baskauf/11731,https://bioimages.vanderbilt.edu/tn/baskauf/tyufl2-lf11731.jpg,https://bioimages.vanderbilt.edu/gq/baskauf/gyufl2-lf11731.jpg,
baskauf/11729,baskauf_11729.jpg,Yucca filamentosa,Adam's needle,Agavaceae,flower,inflorescence,frontal view of flower,010505,inflorescence / frontal view of flower,flower,ind-baskauf/11726,2002-06-03T15:53:20-05:00,Steven J. Baskauf,https://bioimages.vanderbilt.edu/baskauf/11729,https://bioimages.vanderbilt.edu/tn/baskauf/tyufl2-flcloseup11729.jpg,https://bioimages.vanderbilt.edu/gq/baskauf/gyufl2-flcloseup11729.jpg,
baskauf/35180,baskauf_35180.jpg,Yucca filamentosa,Adam's needle,Agavaceae,flower,inflorescence,frontal view of flower,020405,inflorescence / frontal view of flower,flower,ind-baskauf/35163,2004-06-04T15:14:00-05:00,Steven J. Baskauf,https://bioimages.vanderbilt.edu/baskauf/35180,https://bioimages.vanderbilt.edu/tn/baskauf/tyufl2-flfront35180.jpg,https://bioimages.vanderbilt.edu/gq/baskauf/gyufl2-flfront35180.jpg,
baskauf/11727,baskauf_11727.jpg,Yucca filamentosa,Adam's needle,Agavaceae,flower,inflorescence,lateral view of flower,010504,inflorescence / lateral view of flower,flower,ind-baskauf/11726,2002-06-03T15:51:44-05:00,Steven J. Baskauf,https://bioimages.vanderbilt.edu/baskauf/11727,https://bioimages.vanderbilt.edu/tn/baskauf/tyufl2-fl11727.jpg,https://bioimages.vanderbilt.edu/gq/baskauf/gyufl2-fl11727.jpg,
baskauf/35177,baskauf_35177.jpg,Yucca filamentosa,Adam's needle,Agavaceae,flower,inflorescence,lateral view of flower,020404,inflorescence / lateral view of flower,flower,ind-baskauf/35163,2004-06-04T15:13:20-05:00,Steven J. Baskauf,https://bioimages.vanderbilt.edu/baskauf/35177,https://bioimages.vanderbilt.edu/tn/baskauf/tyufl2-flside35177.jpg,https://bioimages.vanderbilt.edu/gq/baskauf/gyufl2-flside35177.jpg,
baskauf/11730,baskauf_11730.jpg,Yucca filamentosa,Adam's needle,Agavaceae,flower,inflorescence,whole - unspecified,010501,inflorescence / whole - unspecified,flower,ind-baskauf/11726,2002-06-03T15:53:36-05:00,Steven J. Baskauf,https://bioimages.vanderbilt.edu/baskauf/11730,https://bioimages.vanderbilt.edu/tn/baskauf/tyufl2-flinflor-close11730.jpg,https://bioimages.vanderbilt.edu/gq/baskauf/gyufl2-flinflor-close11730.jpg,unspecified view
baskauf/35167,baskauf_35167.jpg,Yucca filamentosa,Adam's needle,Agavaceae,flower,inflorescence,whole - unspecified,020401,inflorescence / whole - unspecified,flower,ind-baskauf/35163,2004-06-04T15:12:06-05:00,Steven J. Baskauf,https://bioimages.vanderbilt.edu/baskauf/35167,https://bioimages.vanderbilt.edu/tn/baskauf/tyufl2-flinflor35167.jpg,https://bioimages.vanderbilt.edu/gq/baskauf/gyufl2-flinflor35167.jpg,unspecified view
baskauf/27132,baskauf_27132.jpg,Yucca filamentosa,Adam's needle,Agavaceae,fruit,fruit,lateral or general close-up,010602,fruit / lateral or general close-up,fruit,ind-baskauf/27131,2003-06-12T09:44:19-05:00,Steven J. Baskauf,https://bioimages.vanderbilt.edu/baskauf/27132,https://bioimages.vanderbilt.edu/tn/baskauf/tyufl2-fr27132.jpg,https://bioimages.vanderbilt.edu/gq/baskauf/gyufl2-fr27132.jpg,
baskauf/27137,baskauf_27137.jpg,Yucca filamentosa,Adam's needle,Agavaceae,fruit,fruit,lateral or general close-up,010602,fruit / lateral or general close-up,fruit,ind-baskauf/27131,2003-06-12T09:45:34-05:00,Steven J. Baskauf,https://bioimages.vanderbilt.edu/baskauf/27137,https://bioimages.vanderbilt.edu/tn/baskauf/tyufl2-fr27137.jpg,https://bioimages.vanderbilt.edu/gq/baskauf/gyufl2-fr27137.jpg,
baskauf/35713,baskauf_35713.jpg,Zanthoxylum americanum,common pricklyash,Rutaceae,whole plant,whole tree (or vine),general,010101,whole tree (or vine) / general,whole-tree,ind-baskauf/35706,2004-06-18T15:29:38-04:00,Steven J. Baskauf,https://bioimages.vanderbilt.edu/baskauf/35713,https://bioimages.vanderbilt.edu/tn/baskauf/tzaam--wp35713.jpg,https://bioimages.vanderbilt.edu/gq/baskauf/gzaam--wp35713.jpg,
baskauf/54556,baskauf_54556.jpg,Zanthoxylum americanum,common pricklyash,Rutaceae,whole plant,whole tree (or vine),general,010101,whole tree (or vine) / general,whole-tree,ind-baskauf/54533,2006-07-28T13:44:21-04:00,Steven J. Baskauf,https://bioimages.vanderbilt.edu/baskauf/54556,https://bioimages.vanderbilt.edu/tn/baskauf/tzaam--wpin-fruit54556.jpg,https://bioimages.vanderbilt.edu/gq/baskauf/gzaam--wpin-fruit54556.jpg,
baskauf/35731,baskauf_35731.jpg,Zanthoxylum americanum,common pricklyash,Rutaceae,bark,bark,of a small tree or small branch,010203,bark / of a small tree or small branch,bark,ind-baskauf/35706,2004-06-18T15:34:58-04:00,Steven J. Baskauf,https://bioimages.vanderbilt.edu/baskauf/35731,https://bioimages.vanderbilt.edu/tn/baskauf/tzaam--br35731.jpg,https://bioimages.vanderbilt.edu/gq/baskauf/gzaam--br35731.jpg,
baskauf/35729,baskauf_35729.jpg,Zanthoxylum americanum,common pricklyash,Rutaceae,twig,twig,orientation of petioles,010301,twig / orientation of petioles,twig,ind-baskauf/35706,2004-06-18T15:33:53-04:00,Steven J. Baskauf,https://bioimages.vanderbilt.edu/baskauf/35729,https://bioimages.vanderbilt.edu/tn/baskauf/tzaam--tw35729.jpg,https://bioimages.vanderbilt.edu/gq/baskauf/gzaam--tw35729.jpg,
baskauf/51816,baskauf_51816.jpg,Zanthoxylum americanum,common pricklyash,Rutaceae,twig,twig,orientation of petioles,010301,twig / orientation of petioles,twig,ind-baskauf/51813,2006-05-07T11:21:40-04:00,Steven J. Baskauf,https://bioimages.vanderbilt.edu/baskauf/51816,https://bioimages.vanderbilt.edu/tn/baskauf/tzaam--twwith-flowers51816.jpg,https://bioimages.vanderbilt.edu/gq/baskauf/gzaam--twwith-flowers51816.jpg,
baskauf/54534,baskauf_54534.jpg,Zanthoxylum americanum,common pricklyash,Rutaceae,twig,twig,orientation of petioles,010301,twig / orientation of petioles,twig,ind-baskauf/54533,2006-07-28T12:56:56-04:00,Steven J. Baskauf,https://bioimages.vanderbilt.edu/baskauf/54534,https://bioimages.vanderbilt.edu/tn/baskauf/tzaam--tw54534.jpg,https://bioimages.vanderbilt.edu/gq/baskauf/gzaam--tw54534.jpg,
baskauf/35725,baskauf_35725.jpg,Zanthoxylum americanum,common pricklyash,Rutaceae,leaf,leaf,margin of upper + lower surface,010402,leaf / margin of upper + lower surface,leaf,ind-baskauf/35706,2004-06-18T15:32:29-04:00,Steven J. Baskauf,https://bioimages.vanderbilt.edu/baskauf/35725,https://bioimages.vanderbilt.edu/tn/baskauf/tzaam--lfmargin-uplow35725.jpg,https://bioimages.vanderbilt.edu/gq/baskauf/gzaam--lfmargin-uplow35725.jpg,
baskauf/35716,baskauf_35716.jpg,Zanthoxylum americanum,common pricklyash,Rutaceae,leaf,leaf,showing orientation on twig,010403,leaf / showing orientation on twig,leaf,ind-baskauf/35706,2004-06-18T15:30:36-04:00,Steven J. Baskauf,https://bioimages.vanderbilt.edu/baskauf/35716,https://bioimages.vanderbilt.edu/tn/baskauf/tzaam--lfseveral35716.jpg,https://bioimages.vanderbilt.edu/gq/baskauf/gzaam--lfseveral35716.jpg,
baskauf/35726,baskauf_35726.jpg,Zanthoxylum americanum,common pricklyash,Rutaceae,leaf,leaf,unspecified,010400,leaf / unspecified,leaf,ind-baskauf/35706,2004-06-18T15:32:51-04:00,Steven J. Baskauf,https://bioimages.vanderbilt.edu/baskauf/35726,https://bioimages.vanderbilt.edu/tn/baskauf/tzaam--lfpetiole-upper35726.jpg,https://bioimages.vanderbilt.edu/gq/baskauf/gzaam--lfpetiole-upper35726.jpg,unspecified view
baskauf/35728,baskauf_35728.jpg,Zanthoxylum americanum,common pricklyash,Rutaceae,leaf,leaf,unspecified,010400,leaf / unspecified,leaf,ind-baskauf/35706,2004-06-18T15:33:18-04:00,Steven J. Baskauf,https://bioimages.vanderbilt.edu/baskauf/35728,https://bioimages.vanderbilt.edu/tn/baskauf/tzaam--lfpetiole-lower35728.jpg,https://bioimages.vanderbilt.edu/gq/baskauf/gzaam--lfpetiole-lower35728.jpg,unspecified view
baskauf/35720,baskauf_35720.jpg,Zanthoxylum americanum,common pricklyash,Rutaceae,leaf,leaf,whole upper surface,010401,leaf / whole upper surface,leaf,ind-baskauf/35706,2004-06-18T15:31:29-04:00,Steven J. Baskauf,https://bioimages.vanderbilt.edu/baskauf/35720,https://bioimages.vanderbilt.edu/tn/baskauf/tzaam--lf35720.jpg,https://bioimages.vanderbilt.edu/gq/baskauf/gzaam--lf35720.jpg,
baskauf/51813,baskauf_51813.jpg,Zanthoxylum americanum,common pricklyash,Rutaceae,flower,inflorescence,frontal view of flower,010505,inflorescence / frontal view of flower,flower,ind-baskauf/51813,2006-05-07T11:21:04-04:00,Steven J. Baskauf,https://bioimages.vanderbilt.edu/baskauf/51813,https://bioimages.vanderbilt.edu/tn/baskauf/tzaam--flfemale-front51813.jpg,https://bioimages.vanderbilt.edu/gq/baskauf/gzaam--flfemale-front51813.jpg,
baskauf/51815,baskauf_51815.jpg,Zanthoxylum americanum,common pricklyash,Rutaceae,flower,inflorescence,lateral view of flower,010504,inflorescence / lateral view of flower,flower,ind-baskauf/51813,2006-05-07T11:21:24-04:00,Steven J. Baskauf,https://bioimages.vanderbilt.edu/baskauf/51815,https://bioimages.vanderbilt.edu/tn/baskauf/tzaam--flfemale-side51815.jpg,https://bioimages.vanderbilt.edu/gq/baskauf/gzaam--flfemale-side51815.jpg,
baskauf/51814,baskauf_51814.jpg,Zanthoxylum americanum,common pricklyash,Rutaceae,flower,inflorescence,whole - female,010502,inflorescence / whole - female,flower,ind-baskauf/51813,2006-05-07T11:21:16-04:00,Steven J. Baskauf,https://bioimages.vanderbilt.edu/baskauf/51814,https://bioimages.vanderbilt.edu/tn/baskauf/tzaam--flfemale-inflor51814.jpg,https://bioimages.vanderbilt.edu/gq/baskauf/gzaam--flfemale-inflor51814.jpg,
baskauf/54535,baskauf_54535.jpg,Zanthoxylum americanum,common pricklyash,Rutaceae,fruit,fruit,lateral or general close-up,010602,fruit / lateral or general close-up,fruit,ind-baskauf/54533,2006-07-28T12:57:04-04:00,Steven J. Baskauf,https://bioimages.vanderbilt.edu/baskauf/54535,https://bioimages.vanderbilt.edu/tn/baskauf/tzaam--fr54535.jpg,https://bioimages.vanderbilt.edu/gq/baskauf/gzaam--fr54535.jpg,
baskauf/54536,baskauf_54536.jpg,Zanthoxylum americanum,common pricklyash,Rutaceae,fruit,fruit,lateral or general close-up,010602,fruit / lateral or general close-up,fruit,ind-baskauf/54533,2006-07-28T12:57:12-04:00,Steven J. Baskauf,https://bioimages.vanderbilt.edu/baskauf/54536,https://bioimages.vanderbilt.edu/tn/baskauf/tzaam--fr54536.jpg,https://bioimages.vanderbilt.edu/gq/baskauf/gzaam--fr54536.jpg,
baskauf/54538,baskauf_54538.jpg,Zanthoxylum americanum,common pricklyash,Rutaceae,fruit,fruit,lateral or general close-up,010602,fruit / lateral or general close-up,fruit,ind-baskauf/54533,2006-07-28T12:57:27-04:00,Steven J. Baskauf,https://bioimages.vanderbilt.edu/baskauf/54538,https://bioimages.vanderbilt.edu/tn/baskauf/tzaam--fr54538.jpg,https://bioimages.vanderbilt.edu/gq/baskauf/gzaam--fr54538.jpg,
